step,iter,train/loss,val/loss,lr,mfu,token_embedding_act_abs_mean,attn_act_abs_mean,mlp_act_abs_mean,lm_head_act_abs_mean
0,0,4.174321174621582,4.174361228942871,0.0002,-100.0
1,1,4.174407958984375,4.174322128295898,0.0002,-100.0,0.016020245384424925,6.120538080267579e-05,0.000317672946039238,0.0011680824973154813
2,2,4.174215316772461,4.174217700958252,0.0002,-100.0,0.016018055379390717,6.090201702591003e-05,0.0003175907559125335,0.001168207876617089
3,3,4.174289226531982,4.174306869506836,0.0002,-100.0,0.016036144457757473,6.29501579396674e-05,0.0003178651113557862,0.0011703208147082478
4,4,4.174056529998779,4.1740827560424805,0.0002,-100.0,0.016037204302847385,7.963685652612185e-05,0.00032027880388341146,0.001171434938441962
5,5,4.173847675323486,4.173829555511475,0.0002,-100.0,0.016029886435717344,0.00011779308078985196,0.0003284843032815843,0.001175458513898775
6,6,4.173753261566162,4.173674583435059,0.0002,0.7666584491640893,0.0160141009837389,0.00017637569635553518,0.0003463973998805159,0.0011838310165330768
7,7,4.173414707183838,4.17350959777832,0.0002,0.7742770828490748,0.016032489016652107,0.0002507799945306033,0.0003780859333346598,0.001199720340082422
8,8,4.17322301864624,4.173224449157715,0.0002,0.7810626453236195,0.016048624645918608,0.000337128974024381,0.00042633293651306303,0.0012250042636878788
9,9,4.172988414764404,4.172964096069336,0.0002,0.7879119761049775,0.016070003621280193,0.00043395499687903794,0.0004927206673528417,0.0012594797881320119
10,10,4.172641754150391,4.172661781311035,0.0002,0.7944356713892771,0.01605685008689761,0.0005390086153056473,0.000576505697608809,0.001306081103393808
11,11,4.172413349151611,4.172249794006348,0.0002,0.799886643149472,0.01608257321640849,0.0006505027686216636,0.0006744523670931812,0.0013675793015863746
12,12,4.172126293182373,4.1722259521484375,0.0002,0.8052968555519312,0.01610729517415166,0.0007673738818994025,0.0007840827893232927,0.0014485813735518605
13,13,4.171690940856934,4.171792030334473,0.0002,0.809403220973091,0.01610531657934189,0.0008876813189999666,0.0009012092250486603,0.00154596206266433
14,14,4.171391487121582,4.171597480773926,0.0002,0.8102390612180809,0.01613326696678996,0.001009322008030722,0.0010221139309578575,0.0016620883834548295
15,15,4.171041011810303,4.171058654785156,0.0002,0.8101757197041325,0.016169543378055096,0.0011315004776406568,0.0011449615376477595,0.0018000826239585876
16,16,4.170726776123047,4.170897483825684,0.0002,0.8101550932665031,0.016198989469558,0.0012532541550172027,0.0012681178486673161,0.0019588223367463797
17,17,4.17030143737793,4.170807838439941,0.0002,0.8102516365429602,0.01623965334147215,0.0013740506910835393,0.0013907842403568793,0.00213584559969604
18,18,4.17033576965332,4.170407295227051,0.0002,0.8103999424720537,0.016289918683469296,0.0014930404722690582,0.0015121461510716472,0.0023279942106455564
19,19,4.169692039489746,4.169717788696289,0.0002,0.8109076092291942,0.01632957858964801,0.001610554685612442,0.0016319905334967189,0.0025382129242643714
20,20,4.169192790985107,4.169341087341309,0.0002,0.8110179811466056,0.016363216564059258,0.0017255401944566984,0.0017496954824309796,0.002749765233602375
21,21,4.169034957885742,4.169008255004883,0.0002,0.8110494229777379,0.01639820821583271,0.0018381632035016082,0.0018650812671694439,0.0029768369277007878
22,22,4.168671607971191,4.168810844421387,0.0002,0.8114957738882019,0.016456673853099346,0.0019471971645543817,0.00197730569561827,0.0032118578092195094
23,23,4.168078422546387,4.168763160705566,0.0002,0.8121005462277283,0.01653554430231452,0.0020533998031169176,0.002086765154672321,0.0034573162556625903
24,24,4.167672634124756,4.167812347412109,0.0002,0.8126440728190902,0.016596053261309862,0.0021571762990788557,0.0021942445455351844,0.0037073431303724647
25,25,4.167819976806641,4.1678242683410645,0.0002,0.8125501993746438,0.01666277553886175,0.0022586300619877875,0.002298781037097797,0.0039480788400396705
26,26,4.1672515869140625,4.167064666748047,0.0002,0.9753431933883134,0.016695042606443167,0.0023569357945234515,0.002400414836301934,0.004192157182842493
27,27,4.166997909545898,4.166783332824707,0.0002,0.9596967800726247,0.016766964457929134,0.0024537484132451937,0.0025006725918501616,0.004456051276065409
28,28,4.1664838790893555,4.166879177093506,0.0002,0.9130016770630711,0.016845219302922487,0.0025479629621258937,0.0025985130050685257,0.0047117703361436725
29,29,4.166172504425049,4.167586803436279,0.0002,1.0663725961342803,0.01689335936680436,0.0026408222402096726,0.0026945977879222482,0.004969981964677572
30,30,4.166569709777832,4.166351795196533,0.0002,1.2063866561795125,0.01700938818976283,0.00273203421238577,0.002789600817777682,0.005222190986387432
31,31,4.165576934814453,4.165829658508301,0.0002,1.169690995612367,0.01710562687367201,0.002822326605382841,0.0028831893505412154,0.005484374822117388
32,32,4.1654953956604,4.166046619415283,0.0002,1.1376199570423176,0.01716360915452242,0.0029103319975547493,0.002974477902171202,0.0057310451520606875
33,33,4.165428638458252,4.165446758270264,0.0002,1.3010629553789197,0.01725902408361435,0.002997492818394676,0.0030650655171484686,0.005990807432681322
34,34,4.164788722991943,4.164698600769043,0.0002,1.255791781620409,0.017343641724437475,0.003082134287978988,0.003152806806610897,0.006233287043869495
35,35,4.163987636566162,4.165337562561035,0.0002,1.215603095313721,0.01739766262471676,0.0031661349421483465,0.003240443991671782,0.006501644384115934
36,36,4.16380500793457,4.1642069816589355,0.0002,1.3724000742372993,0.01751729194074869,0.0032490441444679163,0.003325779711303767,0.006745919352397323
37,37,4.164628028869629,4.164821147918701,0.0002,1.3202230604380873,0.01758466102182865,0.0033295315006398596,0.00340971170226112,0.006991545669734478
38,38,4.163904666900635,4.163536071777344,0.0002,1.4650329461178693,0.017633501440286636,0.003409763921808917,0.003492598800221458,0.007240691687911749
39,39,4.163447856903076,4.164645195007324,0.0002,1.4037527912140346,0.01773532247170806,0.0034892733019660227,0.0035755492208409123,0.00750826031435281
40,40,4.16264533996582,4.163026332855225,0.0002,1.5410881608293787,0.017868120223283768,0.0035680310684256256,0.003656787557702046,0.007756735081784427
41,41,4.162897109985352,4.163675308227539,0.0002,1.4717241547271043,0.017993515357375145,0.0036447962120291777,0.0037372110382420942,0.008004359668120742
42,42,4.1618828773498535,4.16240119934082,0.0002,1.6015040446199127,0.018057445995509624,0.003722392109921202,0.0038175074514583685,0.008260284783318639
43,43,4.161909103393555,4.163106441497803,0.0002,1.5264063392122496,0.018158506602048874,0.003797534875047859,0.0038950587331783026,0.008495549205690622
44,44,4.161294460296631,4.162227630615234,0.0002,1.6506948613906545,0.018269283697009087,0.0038736403294024058,0.003974357729020994,0.008758047595620155
45,45,4.161762237548828,4.162555694580078,0.0002,1.5698538364362826,0.018344028387218714,0.0039479436600231566,0.004051110445288941,0.008999254554510117
46,46,4.161066055297852,4.1617350578308105,0.0002,1.6895256195904675,0.018465417437255383,0.004021222877781838,0.004127058258745819,0.009237866615876555
47,47,4.160151958465576,4.161082744598389,0.0002,1.5976577436543449,0.018513126764446497,0.004094352698302828,0.004203007076284848,0.00948186474852264
48,48,4.16077184677124,4.16030216217041,0.0002,1.5224953955397325,0.018632931169122458,0.004166501967119984,0.004277639105566777,0.009718217188492417
49,49,4.161210060119629,4.161652565002441,0.0002,1.4550444785561572,0.01875285804271698,0.004237904053297825,0.00435094433487393,0.009952297899872065
50,50,4.15970516204834,4.160956382751465,0.0002,1.5875147494285768,0.018833669368177652,0.004310043601435609,0.0044269318314036354,0.010218830779194832
51,51,4.160059928894043,4.1596174240112305,0.0002,1.7058225576572377,0.018967739306390285,0.004380692436825484,0.004498749258345924,0.0104453694075346
52,52,4.159428596496582,4.160496234893799,0.0002,1.6200516387509405,0.018977765925228596,0.0044483972451416776,0.004569890210404992,0.010674797231331468
53,53,4.1590657234191895,4.159407615661621,0.0002,1.734779568697326,0.019161395728588104,0.004519727852311917,0.004642568586859852,0.01091817021369934
54,54,4.158938884735107,4.159273147583008,0.0002,1.6461317686961012,0.019288129173219204,0.004588623138261028,0.004713705347967334,0.011150984792038798
55,55,4.158222198486328,4.159377098083496,0.0002,1.567056687868728,0.019383909180760384,0.0046574218140449375,0.004785484590684064,0.011391796404495835
56,56,4.15816593170166,4.160702705383301,0.0002,1.6874025794387841,0.019568147137761116,0.004726306928205304,0.004857121864915825,0.011633292771875858
57,57,4.159185409545898,4.158756732940674,0.0002,1.7970140418018203,0.01959518063813448,0.004793404717929661,0.004927047513774596,0.011864720145240426
58,58,4.157864570617676,4.157614707946777,0.0002,1.701882744707879,0.019704559817910194,0.004861140652792528,0.004996944786398672,0.012095813639461994
59,59,4.157173156738281,4.157167434692383,0.0002,1.6164339130357905,0.019849130883812904,0.004926958281430416,0.005065718505647965,0.012320434208959341
60,60,4.1573638916015625,4.158957481384277,0.0002,1.5396910690819934,0.01995601924136281,0.0049949412496061996,0.005135160958161578,0.012551688123494387
61,61,4.157272815704346,4.157174110412598,0.0002,1.662527720851161,0.02007572026923299,0.005061952033429407,0.005204929897445254,0.012786579551175237
62,62,4.156642913818359,4.1571125984191895,0.0002,1.772162002271029,0.020136910490691662,0.005128616729052737,0.0052731283503817394,0.013015607837587595
63,63,4.156030654907227,4.1573262214660645,0.0002,1.6797857858617031,0.020296814385801554,0.005196418904233724,0.005342716031009331,0.013248538365587592
64,64,4.156895637512207,4.155811309814453,0.0002,1.7885347977382404,0.02038270514458418,0.005261264130240306,0.0054106449242681265,0.013470100704580545
65,65,4.154999256134033,4.1575775146484375,0.0002,1.663983309623706,0.02053384715691209,0.005328694489435293,0.005481584128574468,0.013709483668208122
66,66,4.156377792358398,4.157014846801758,0.0002,1.7753244509666488,0.02061354322358966,0.005394973326474428,0.00554906991601456,0.013926855055615306
67,67,4.155922889709473,4.156137466430664,0.0002,1.8761014155307139,0.020759600214660168,0.0054618027788819745,0.005619239178486168,0.014157421421259642
68,68,4.155083179473877,4.156191825866699,0.0002,1.964540330672274,0.02082208776846528,0.005529768211999908,0.005689130834070966,0.014386267634108663
69,69,4.15450382232666,4.155167579650879,0.0002,2.0437580064994534,0.02095184614881873,0.005598345655016601,0.0057580289139878005,0.014611087972298265
70,70,4.154705047607422,4.1557464599609375,0.0002,1.9152562978459038,0.021102242171764374,0.005665755859808996,0.005828508612466976,0.014841399155557156
71,71,4.153863906860352,4.155050277709961,0.0002,2.0006962033165014,0.021247009746730328,0.005733102167141624,0.005898283125134185,0.015067495172843337
72,72,4.154040336608887,4.155598163604736,0.0002,1.8860822055812563,0.021374631207436323,0.005798615457024425,0.005965896853012964,0.01528161414898932
73,73,4.154223442077637,4.153957366943359,0.0002,1.9762964423707154,0.02154113771393895,0.005867997111636214,0.00603564758785069,0.01550631714053452
74,74,4.153522491455078,4.15589714050293,0.0002,1.8633533280318804,0.02156041841953993,0.005934653643635102,0.0061068318609613925,0.01574095943942666
75,75,4.1531219482421875,4.153009414672852,0.0002,1.9549405258941241,0.021765219047665596,0.005999267799779773,0.006172234294353984,0.015939543023705482
76,76,4.153840065002441,4.155480861663818,0.0002,1.84438329660579,0.021914648357778788,0.006067210124456324,0.006242693852982484,0.01616654684767127
77,77,4.155750274658203,4.153707504272461,0.0002,1.9364240339328875,0.02190230879932642,0.00613304776197765,0.006309771357337013,0.01637784531340003
78,78,4.153519630432129,4.153317451477051,0.0002,2.0190532040149614,0.02210438810288906,0.006199107869178988,0.006378438425599597,0.01659854082390666
79,79,4.155519485473633,4.154188632965088,0.0002,2.093202416711308,0.022240458521991968,0.006267485543503426,0.006448147003538907,0.016825097147375345
80,80,4.152727127075195,4.152426719665527,0.0002,2.163607032110209,0.022381394170224667,0.006331319455057383,0.006515131637570448,0.017040043603628874
81,81,4.152982234954834,4.155735492706299,0.0002,2.0326031930470783,0.02252475218847394,0.006399851234164089,0.006584844304597937,0.017265591770410538
82,82,4.153936862945557,4.153535842895508,0.0002,2.107863965359824,0.022665912751108408,0.006467770755989477,0.006653808988630772,0.01748656714335084
83,83,4.151229381561279,4.151330471038818,0.0002,2.1755607568597006,0.02275681309401989,0.006534022584673949,0.006722460282617249,0.017703413031995296
84,84,4.150519847869873,4.152605056762695,0.0002,2.0346330358123375,0.02285571815446019,0.00660140989930369,0.006790528685087338,0.017916902899742126
85,85,4.149956703186035,4.152344226837158,0.0002,2.1094702360263478,0.02301596337929368,0.006669121459708549,0.006861627611215226,0.018142574932426214
86,86,4.150160789489746,4.150352478027344,0.0002,2.1760223020537626,0.023109533824026585,0.00674025209445972,0.00693330068315845,0.01837018970400095
87,87,4.152154922485352,4.150669574737549,0.0002,2.035083973799946,0.023296811152249575,0.006807916477555409,0.007002697078860365,0.018584767822176218
88,88,4.153352737426758,4.153416633605957,0.0002,2.108305368199901,0.023491266649216413,0.006877448744489811,0.0070729705184930936,0.018801874946802855
89,89,4.151544570922852,4.149818420410156,0.0002,2.1754473289400593,0.02362710703164339,0.00694158066471573,0.007139935201848857,0.019008605275303125
90,90,4.149447917938232,4.153160572052002,0.0002,2.0425948987982054,0.02377962600439787,0.00701221011695452,0.0072118705429602414,0.019233302678912878
91,91,4.153568267822266,4.149919509887695,0.0002,2.1148650241412956,0.02389591746032238,0.007082405994879082,0.007282226622919552,0.019453444052487612
92,92,4.148080348968506,4.150121688842773,0.0002,2.1793224735996275,0.023996603209525347,0.0071497094904771075,0.00735178854665719,0.0196696687489748
93,93,4.149885654449463,4.14999532699585,0.0002,2.2420097605906637,0.024138353765010834,0.007217632097308524,0.007422416107147001,0.019886442460119724
94,94,4.149347305297852,4.150152206420898,0.0002,2.293775721244268,0.024263964500278234,0.007285597515874542,0.007491570751881227,0.020095751620829105
95,95,4.148050785064697,4.148903846740723,0.0002,2.3443548702524364,0.024409897159785032,0.007352955130045302,0.007561040940345265,0.020308086648583412
96,96,4.149044990539551,4.149019241333008,0.0002,2.19479093211855,0.02454601414501667,0.007429459728882648,0.00763642875244841,0.02053975872695446
97,97,4.1467366218566895,4.150365829467773,0.0002,2.252238790516165,0.024717686232179403,0.00749527124571614,0.007704291187110357,0.02074437588453293
98,98,4.147980213165283,4.1498847007751465,0.0002,2.308085637252269,0.024902264587581158,0.007569272362161428,0.0077795127290301025,0.020973642822355032
99,99,4.149240016937256,4.14926815032959,0.0002,2.3546146650561464,0.025011584628373384,0.007635528570972383,0.007848404260585085,0.021181528456509113
100,100,4.149577617645264,4.148244380950928,0.0002,2.397543900572438,0.025091254618018866,0.00770876464957837,0.007922456730739214,0.021404947619885206
101,101,4.146267414093018,4.149209976196289,0.0002,2.24306111477552,0.025314428843557835,0.007778745566611178,0.007993287392309867,0.021617682185024023
102,102,4.147103309631348,4.147742748260498,0.0002,2.2984438771093316,0.02533613471314311,0.007848623339668848,0.008065274043474346,0.021833014208823442
103,103,4.14522647857666,4.147282600402832,0.0002,2.1537872555503887,0.025535177439451218,0.007922242570202798,0.008140081685269251,0.02205538284033537
104,104,4.145305633544922,4.147770404815674,0.0002,2.0231012451243267,0.025705212261527777,0.007994272513315082,0.008212498622015119,0.022269991226494312
105,105,4.14570426940918,4.145718097686768,0.0002,2.102458094614537,0.02590143959969282,0.008064963214565068,0.008282768161734566,0.022477611899375916
106,106,4.145936965942383,4.146369934082031,0.0002,1.9766343167173541,0.02605991018936038,0.008139321755152196,0.008359688305063173,0.02270397311076522
107,107,4.145148277282715,4.146804332733154,0.0002,2.0596945861358846,0.026194548700004816,0.008208079467294738,0.008430125773884356,0.022910860367119312
108,108,4.145402908325195,4.148393154144287,0.0002,2.133058041638473,0.026258205994963646,0.008281089918455109,0.008501622214680538,0.02311920141801238
109,109,4.146263122558594,4.14625358581543,0.0002,2.19730446346172,0.02639530273154378,0.008354003337444738,0.00857732241274789,0.023339546751230955
110,110,4.145041465759277,4.146514415740967,0.0002,2.258934586220112,0.0266104806214571,0.008426858170423657,0.00865136380889453,0.023555897176265717
111,111,4.146087646484375,4.145226955413818,0.0002,2.314077793427209,0.026833868119865656,0.008499414834659547,0.008724531042389572,0.023769964464008808
112,112,4.144779682159424,4.146484851837158,0.0002,2.16011050712887,0.026855341158807278,0.008574218925787136,0.008798957336694002,0.023987216409295797
113,113,4.143771171569824,4.14693546295166,0.0002,2.222210845223298,0.027109237853437662,0.00865066031110473,0.00887357204919681,0.024203649256378412
114,114,4.146222114562988,4.143366813659668,0.0002,2.276514979691433,0.02725648321211338,0.008722691738512367,0.008949901355663314,0.024422883987426758
115,115,4.1435465812683105,4.14232063293457,0.0002,2.1254216829471204,0.02734996099025011,0.008797771646641195,0.009024777711601928,0.024638838600367308
116,116,4.144204139709473,4.1436309814453125,0.0002,1.967340647475991,0.02748533571138978,0.008871049154549837,0.009099158982280642,0.024852674920111895
117,117,4.142979145050049,4.143829345703125,0.0002,2.050374181945549,0.027731883339583874,0.008945943147409707,0.009175349521683529,0.025071402546018362
118,118,4.141953468322754,4.144977569580078,0.0002,2.1232970455222384,0.02785992994904518,0.009024745610076934,0.009253677650121972,0.025294887833297253
119,119,4.142725944519043,4.14183235168457,0.0002,2.1871906537618284,0.027928108349442482,0.009095605637412518,0.009326871833764017,0.025503430981189013
120,120,4.141847610473633,4.144388198852539,0.0002,2.052464147405621,0.02812412939965725,0.009177629195619375,0.009406650555320084,0.025727566797286272
121,121,4.14262580871582,4.142757415771484,0.0002,2.1234750455469924,0.02827167697250843,0.009252889576600865,0.009482077555730939,0.0259418748319149
122,122,4.142885208129883,4.143759250640869,0.0002,2.1911620112917656,0.028435182757675648,0.009328578162239864,0.009558923309668899,0.026160900946706533
123,123,4.141711711883545,4.142602920532227,0.0002,2.251607692123729,0.028603576589375734,0.009405858087120578,0.009634677058784291,0.026376347057521343
124,124,4.1411943435668945,4.14339017868042,0.0002,2.30405452091361,0.028714680578559637,0.009484250855166465,0.009715538093587384,0.026603469159454107
125,125,4.140537261962891,4.143652439117432,0.0002,2.355692842610126,0.028809799812734127,0.009560707403579727,0.009790646116016433,0.02681649662554264
126,126,4.141604423522949,4.140846252441406,0.0002,2.40203476645496,0.02914761146530509,0.009639031486585736,0.00987107484252192,0.027039108332246542
127,127,4.142388343811035,4.142086029052734,0.0002,2.2468396155667025,0.029194731265306473,0.009712497150758281,0.009947863960405812,0.027255007065832615
128,128,4.142184257507324,4.140928268432617,0.0002,2.2993904714298603,0.029330807272344828,0.009792711236514151,0.010025272727943957,0.02747076516970992
129,129,4.140655994415283,4.144558429718018,0.0002,2.3490503804406875,0.02958391234278679,0.009876034368062392,0.01010666144429706,0.027694149874150753
130,130,4.139331817626953,4.139944076538086,0.0002,2.3909654183473896,0.029790643136948347,0.009954285516869277,0.010185297403950244,0.027910847682505846
131,131,4.141008377075195,4.140562534332275,0.0002,2.237289246957208,0.02994585456326604,0.010028659511590376,0.010264465701766312,0.02812987333163619
132,132,4.14241361618042,4.141513824462891,0.0002,2.292033478723127,0.03001218196004629,0.01011342933634296,0.010345735820010304,0.028352029621601105
133,133,4.137425422668457,4.139187812805176,0.0002,2.3399523158288074,0.030209637712687254,0.01019226509379223,0.01042463246267289,0.028569852467626333
134,134,4.139741897583008,4.145013809204102,0.0002,2.1824791627850204,0.030327931977808475,0.010271413659211248,0.010505336802452803,0.02879102574661374
135,135,4.138804912567139,4.137238025665283,0.0002,2.2406872432693894,0.030598148237913847,0.010353653051424772,0.010586311167571694,0.029014666099101305
136,136,4.137683868408203,4.137698173522949,0.0002,2.0933107303320897,0.030703348107635975,0.01043121109250933,0.010661873500794172,0.02922674920409918
137,137,4.137883186340332,4.142626762390137,0.0002,2.164596928014082,0.030886591877788305,0.010512836364796385,0.010745294479420409,0.02945205569267273
138,138,4.137469291687012,4.137641906738281,0.0002,2.22446257339128,0.03102036565542221,0.010596827254630625,0.010827073245309293,0.029676157981157303
139,139,4.13981819152832,4.1412129402160645,0.0002,2.2826245325893475,0.031181889586150646,0.010675964498659596,0.010908169206231833,0.029897493310272694
140,140,4.140471935272217,4.139203071594238,0.0002,2.333501113429971,0.03139969799667597,0.010758629447082058,0.0109905484423507,0.03012055903673172
141,141,4.136995315551758,4.137752056121826,0.0002,2.37777521600228,0.03156827390193939,0.010841808252735063,0.011071982415160164,0.030341563280671835
142,142,4.137762546539307,4.139671325683594,0.0002,2.422231391263992,0.031688328832387924,0.010922135232249275,0.01115312278852798,0.030560974031686783
143,143,4.135562896728516,4.1371870040893555,0.0002,2.4601317926422945,0.03194720856845379,0.011010820395313203,0.011239838670007885,0.0307902037166059
144,144,4.13644552230835,4.136539459228516,0.0002,2.2988878939360284,0.03202446922659874,0.011093481269199401,0.011321739671984687,0.031009542755782604
145,145,4.138761043548584,4.134631633758545,0.0002,2.154099553984325,0.032204101793468,0.011172216589329764,0.011402895499486476,0.031225915998220444
146,146,4.13370943069458,4.136378288269043,0.0002,2.023357887315936,0.03242551349103451,0.011262191634159535,0.011492139281472191,0.03145535755902529
147,147,4.134895324707031,4.1379852294921875,0.0002,2.1006120661521543,0.03259426821023226,0.01134501927299425,0.011574658186873421,0.03167286328971386
148,148,4.135143280029297,4.140084266662598,0.0002,2.1678508689003775,0.03275457490235567,0.011433646432124078,0.011661438446026295,0.031897940672934055
149,149,4.139370918273926,4.132485866546631,0.0002,2.2275206802871104,0.032991521060466766,0.011515385296661407,0.01174615224590525,0.03211796283721924
150,150,4.138191223144531,4.136795997619629,0.0002,2.072961474420245,0.032949699088931084,0.01160373623133637,0.011830461531644687,0.03233647905290127
151,151,4.134479999542236,4.1383056640625,0.0002,2.1476633743808335,0.03329094871878624,0.011690107174217701,0.011915254435734823,0.03255764115601778
152,152,4.1356353759765625,4.135290622711182,0.0002,2.210770728455081,0.033399442210793495,0.011776996485423297,0.012000362301478162,0.0327781867235899
153,153,4.133336067199707,4.1362199783325195,0.0002,2.270244165494066,0.03352631628513336,0.01185972720850259,0.012083123699994758,0.0329951923340559
154,154,4.134164810180664,4.140564441680908,0.0002,2.323581463822844,0.033847526647150517,0.011947711260290816,0.012170458125183359,0.033218647353351116
155,155,4.134564399719238,4.13476037979126,0.0002,2.3681745203723237,0.0339403385296464,0.012031646649120376,0.012254349829163402,0.03343865368515253
156,156,4.131860733032227,4.137562274932861,0.0002,2.406826855916019,0.03403065074235201,0.012117859383579344,0.012340715300524607,0.033662994392216206
157,157,4.132930278778076,4.132718563079834,0.0002,2.442226088697953,0.03433681093156338,0.01219571812544018,0.012420483079040423,0.033875346183776855
158,158,4.133206367492676,4.134279251098633,0.0002,2.479015173600154,0.03423793241381645,0.012289280683035031,0.012507823936175555,0.03409990668296814
159,159,4.132373809814453,4.134184837341309,0.0002,2.511488928752903,0.034596484154462814,0.012377086881315336,0.01259944069897756,0.034330385737121105
160,160,4.134730339050293,4.136153221130371,0.0002,2.5403981775393745,0.034778764471411705,0.012465364241506904,0.01268344433628954,0.03454937133938074
161,161,4.130053997039795,4.132896423339844,0.0002,2.56261567266737,0.03492521308362484,0.012555619905469939,0.012772739341016859,0.03477627690881491
162,162,4.131762981414795,4.131712436676025,0.0002,2.582133991122849,0.0351046621799469,0.01264261463074945,0.012861309602158144,0.035000444389879704
163,163,4.130405426025391,4.132270336151123,0.0002,2.4070157436164616,0.03524212911725044,0.012732273695291951,0.012947785464348271,0.035224124789237976
164,164,4.133332252502441,4.133532524108887,0.0002,2.443394416522121,0.03555854503065348,0.01281831567757763,0.013034882547799498,0.03544595278799534
165,165,4.129116058349609,4.134418487548828,0.0002,2.4783251006634197,0.035597302950918674,0.0129133565351367,0.013125504454365,0.03567312192171812
166,166,4.130224227905273,4.132458209991455,0.0002,2.5079109076727684,0.03581961430609226,0.013003551575820893,0.013213835831265897,0.035894629545509815
167,167,4.133005142211914,4.132445812225342,0.0002,2.5375628972643716,0.03612805996090174,0.01308647872065194,0.013301609666086733,0.03611558023840189
168,168,4.1305646896362305,4.130191802978516,0.0002,2.566414031242761,0.036221508868038654,0.013178622466512024,0.013390596810495481,0.03633903991430998
169,169,4.1300835609436035,4.132126808166504,0.0002,2.3948540333987163,0.03628986608237028,0.013268426613649353,0.013480818917741999,0.03656281437724829
170,170,4.128217697143555,4.130329132080078,0.0002,2.435208245583025,0.03654015902429819,0.013358217634959146,0.013567719899583608,0.03678400628268719
171,171,4.128228187561035,4.131992816925049,0.0002,2.46942024120625,0.03672642819583416,0.013450834259856492,0.013660050637554377,0.03701035398989916
172,172,4.131278991699219,4.131803512573242,0.0002,2.5049869541959313,0.03695824835449457,0.013538617553422228,0.013749346311669797,0.037233758717775345
173,173,4.130064964294434,4.131034851074219,0.0002,2.5357521470448416,0.03701086528599262,0.013632833113661036,0.013840785424690694,0.03746070899069309
174,174,4.12938928604126,4.130519866943359,0.0002,2.5608251877673682,0.03732462413609028,0.013724283140618354,0.01392934241448529,0.03768391814082861
175,175,4.130243301391602,4.128261089324951,0.0002,2.5848087019958235,0.03739512711763382,0.013807972776703537,0.014013787877047434,0.03790184669196606
176,176,4.125161170959473,4.129602432250977,0.0002,2.410721293174785,0.03752398956567049,0.013904918945627287,0.014112288161413744,0.038136146031320095
177,177,4.129073619842529,4.1312336921691895,0.0002,2.4491941971627083,0.03777739126235247,0.01400099802413024,0.014202105754520744,0.03836219571530819
178,178,4.125444412231445,4.1297736167907715,0.0002,2.4821684465374716,0.03790393006056547,0.014091413642745465,0.014294676977442577,0.038590045645833015
179,179,4.125699520111084,4.127143859863281,0.0002,2.5100236609321094,0.038165162317454815,0.014181904232827947,0.014385289658093825,0.03881613630801439
180,180,4.130285739898682,4.134486675262451,0.0002,2.343834182482211,0.03834070358425379,0.014277803740696982,0.014478389784926549,0.03904491011053324
181,181,4.128757476806641,4.128375053405762,0.0002,2.386236701439114,0.03850627597421408,0.014368769334396347,0.014569450489943847,0.039270213805139065
182,182,4.125511169433594,4.128520965576172,0.0002,2.4287848502200466,0.038697728887200356,0.014456879143835977,0.014658919535577297,0.03949236124753952
183,183,4.127396583557129,4.126920700073242,0.0002,2.4661991823684803,0.03882159944623709,0.014550217048963532,0.014750869624549523,0.03971713129431009
184,184,4.127299785614014,4.127297878265381,0.0002,2.3046491221875325,0.039080833084881306,0.014645240153186023,0.014845348225208,0.03994369134306908
185,185,4.126614570617676,4.124465465545654,0.0002,2.3555311259849985,0.03925552871078253,0.014735966862645,0.014935533137759194,0.040166362188756466
186,186,4.1246185302734375,4.126769065856934,0.0002,2.2050987651721763,0.03930624760687351,0.014835425943601876,0.015028623573016375,0.040392459370195866
187,187,4.124317646026611,4.126071453094482,0.0002,2.2652695549799895,0.03959428705275059,0.014925380470231175,0.01512249480583705,0.04061902780085802
188,188,4.127622604370117,4.126061916351318,0.0002,2.319156292414417,0.03966480027884245,0.01501293937326409,0.01521114626666531,0.04083866532891989
189,189,4.1257219314575195,4.127763271331787,0.0002,2.3656659009758196,0.03986939415335655,0.015111161163076758,0.015303636435419321,0.0410627406090498
190,190,4.126619338989258,4.125161170959473,0.0002,2.4070396054924985,0.03997681476175785,0.015204057475784793,0.01539938646601513,0.04129128344357014
191,191,4.124307632446289,4.125770568847656,0.0002,2.4479125646707787,0.04035804886370897,0.015301291248761117,0.015494167804718018,0.04151955619454384
192,192,4.124022483825684,4.128208160400391,0.0002,2.485115926725116,0.04061564337462187,0.01539659229456447,0.015588348440360278,0.04174596257507801
193,193,4.120387077331543,4.128518104553223,0.0002,2.515146611577646,0.040719758719205856,0.015490165766095743,0.01568232598947361,0.04197133518755436
194,194,4.124871253967285,4.124787330627441,0.0002,2.5438773495051965,0.04080911539494991,0.015586488327244297,0.015777308319229633,0.04219782445579767
195,195,4.126607894897461,4.122287750244141,0.0002,2.568480898004625,0.0411555515602231,0.015682939992984757,0.0158722463529557,0.04242222663015127
196,196,4.125087261199951,4.124271869659424,0.0002,2.3968218260160814,0.0412394842132926,0.015783542185090482,0.01597189181484282,0.04265093524008989
197,197,4.125068187713623,4.128787994384766,0.0002,2.4371944032080406,0.0414248239248991,0.015875260898610577,0.016065074683865532,0.042873891070485115
198,198,4.124822616577148,4.120210647583008,0.0002,2.473059312882273,0.04144796822220087,0.0159711507440079,0.016159178223460913,0.04309987369924784
199,199,4.124004364013672,4.123384475708008,0.0002,2.310653203740861,0.04190319124609232,0.016076160391094163,0.016261307697277516,0.043334927409887314
200,200,4.120948791503906,4.12705659866333,0.0002,2.3586742913432643,0.04190847184509039,0.016168953443411738,0.016355343686882406,0.04356154799461365
201,201,4.121668815612793,4.125505447387695,0.0002,2.3997602700169876,0.04225414805114269,0.0162630119593814,0.016449030314106494,0.04378841631114483
202,202,4.124589443206787,4.120765686035156,0.0002,2.4321781803007023,0.04245624039322138,0.01636058179428801,0.01654502662131563,0.044017394073307514
203,203,4.120230197906494,4.127389907836914,0.0002,2.464263378811726,0.04242646135389805,0.01646390522364527,0.016647543583530933,0.04425255116075277
204,204,4.123891830444336,4.121016502380371,0.0002,2.496932405143635,0.04259914252907038,0.016559382085688412,0.016742729814723134,0.04447958339005709
205,205,4.123027324676514,4.124059200286865,0.0002,2.52792775741962,0.04290988761931658,0.016660417953971773,0.01684116420801729,0.0447093416005373
206,206,4.122448921203613,4.121514797210693,0.0002,2.552576529875504,0.04315673001110554,0.01675425801659003,0.01693674345733598,0.04493586905300617
207,207,4.125837326049805,4.124340057373047,0.0002,2.5735948385344214,0.04330628830939531,0.01685534999705851,0.017038385034538805,0.045168581418693066
208,208,4.122817039489746,4.124300956726074,0.0002,2.5921049057163112,0.04342827945947647,0.016959633328951895,0.017139028874225914,0.04539959691464901
209,209,4.115118503570557,4.1202287673950195,0.0002,2.608869014321679,0.0436489088460803,0.017050344264134765,0.017232738435268402,0.04562325403094292
210,210,4.118459701538086,4.122214317321777,0.0002,2.624337085459984,0.043643330223858356,0.017154926958028227,0.01733053266070783,0.045849951915442944
211,211,4.119977951049805,4.117392063140869,0.0002,2.6377138735060255,0.04399730730801821,0.017256294551771134,0.017433882865589112,0.046083493158221245
212,212,4.123847484588623,4.120830059051514,0.0002,2.4425008949684064,0.0441416734829545,0.017354743264149874,0.017528698430396616,0.04630768485367298
213,213,4.1185302734375,4.11873722076416,0.0002,2.47539617199967,0.044410500675439835,0.01745656318962574,0.017629783716984093,0.046538518741726875
214,214,4.119314670562744,4.121453285217285,0.0002,2.5031356077950733,0.044450826942920685,0.017551757104229182,0.01772772934054956,0.04676686879247427
215,215,4.117054462432861,4.119588851928711,0.0002,2.528997115981786,0.04472837317734957,0.017648963606916368,0.01782443415140733,0.04699447564780712
216,216,4.119362831115723,4.120002269744873,0.0002,2.550384554649574,0.044805084355175495,0.017747519712429494,0.017925374559126794,0.047225515358150005
217,217,4.118595600128174,4.117706298828125,0.0002,2.571186119837569,0.045070779509842396,0.017844977031927556,0.018020492687355727,0.04745195992290974
218,218,4.1204729080200195,4.118793487548828,0.0002,2.587541757398116,0.04523480869829655,0.017947023210581392,0.018120896944310516,0.047682504169642925
219,219,4.1194376945495605,4.117637634277344,0.0002,2.603574129140176,0.04570316523313522,0.01804630790138617,0.01822059537516907,0.047914172522723675
220,220,4.113509654998779,4.118808746337891,0.0002,2.6162906066648595,0.04576767887920141,0.018146857270039618,0.018318799033295363,0.048145100474357605
221,221,4.115082740783691,4.1203999519348145,0.0002,2.6308070191413324,0.045844108797609806,0.018247019266709685,0.01841936126584187,0.04837825056165457
222,222,4.116291522979736,4.123086929321289,0.0002,2.6435390005699735,0.045972440391778946,0.01835133839631453,0.018521765421610326,0.04861310590058565
223,223,4.118320465087891,4.116522789001465,0.0002,2.655002157461246,0.04624937940388918,0.018447950074914843,0.0186192897381261,0.048843990080058575
224,224,4.113701820373535,4.117471694946289,0.0002,2.473445250599746,0.046449363231658936,0.018547070096246898,0.018717829952947795,0.04907609149813652
225,225,4.114002704620361,4.116147994995117,0.0002,2.5057075471804495,0.04666387476027012,0.018648847239091992,0.01881775096990168,0.049308428540825844
226,226,4.119229316711426,4.119690418243408,0.0002,2.339828579749173,0.04672903101891279,0.018743357504718006,0.01891567971324548,0.04953958187252283
227,227,4.119105339050293,4.114638328552246,0.0002,2.3822193562970844,0.046958841383457184,0.0188431388232857,0.01901447935961187,0.049769796431064606
228,228,4.112691879272461,4.117908954620361,0.0002,2.2205771095837368,0.04713713005185127,0.018941395508591086,0.019111595931462944,0.049996886402368546
229,229,4.114182472229004,4.118093967437744,0.0002,2.277387675962171,0.04736265633255243,0.019046703993808478,0.01921423862222582,0.05022935476154089
230,230,4.114487648010254,4.119412422180176,0.0002,2.3260818387537916,0.04762666579335928,0.019139622105285525,0.019309031660668552,0.05045459419488907
231,231,4.114562034606934,4.115997314453125,0.0002,2.371728525057482,0.047594549134373665,0.01924253610195592,0.01941104797879234,0.05068554729223251
232,232,4.113171100616455,4.115121841430664,0.0002,2.4106715562139236,0.04801647178828716,0.019345215579960495,0.019511889317072928,0.05091708432883024
233,233,4.113178730010986,4.115462779998779,0.0002,2.4453132515553366,0.048098997212946415,0.01943889242829755,0.019607973168604076,0.05114503297954798
234,234,4.114954948425293,4.1186347007751465,0.0002,2.4767828001137824,0.04845879692584276,0.019542922789696604,0.019710615801159292,0.051378319039940834
235,235,4.1144256591796875,4.111765384674072,0.0002,2.504977352681636,0.04856698215007782,0.019645378459244967,0.019810418307315558,0.05161035340279341
236,236,4.108777046203613,4.115354537963867,0.0002,2.331104427572619,0.04857045039534569,0.01974676101235673,0.01990990579361096,0.05184223968535662
237,237,4.113370895385742,4.116123676300049,0.0002,2.376402510686551,0.048920984379947186,0.019851350283715874,0.020012225955724716,0.05207632016390562
238,238,4.113101959228516,4.116387367248535,0.0002,2.417160759293042,0.04907782096415758,0.01993788027903065,0.020105223695281893,0.0523043479770422
239,239,4.115564346313477,4.116543292999268,0.0002,2.4514335139605956,0.04905030783265829,0.020046622666995972,0.02021004381822422,0.052540307864546776
240,240,4.1152544021606445,4.115384578704834,0.0002,2.4821783100476136,0.04939272254705429,0.020148510637227446,0.02030989871127531,0.05277262907475233
241,241,4.108933448791504,4.116539001464844,0.0002,2.5100445884731672,0.049494306556880474,0.02024399145739153,0.02040902036242187,0.05300442222505808
242,242,4.110174179077148,4.1156005859375,0.0002,2.534978609481625,0.05003123823553324,0.02034609578549862,0.02050934889120981,0.05323763005435467
243,243,4.113309383392334,4.118589401245117,0.0002,2.5573349867294475,0.04994919337332249,0.020444158173631877,0.020606851554475725,0.05346964951604605
244,244,4.111073017120361,4.1150994300842285,0.0002,2.5800434397974397,0.05016416031867266,0.020547357329633087,0.02070856705540791,0.05370561219751835
245,245,4.113941192626953,4.114914894104004,0.0002,2.5998018530658937,0.05045090336352587,0.020645461976528168,0.020802941115107387,0.053937869146466255
246,246,4.107944488525391,4.113693714141846,0.0002,2.6158926313705844,0.05057343561202288,0.02073967276373878,0.020904566626995802,0.05417403765022755
247,247,4.109837055206299,4.110949993133545,0.0002,2.630423635122364,0.05071261338889599,0.020845634629949927,0.021004858484957367,0.05441025458276272
248,248,4.106156349182129,4.112044811248779,0.0002,2.452204602674994,0.05088752415031195,0.02094247320201248,0.02110527700278908,0.054647522047162056
249,249,4.116892337799072,4.109831809997559,0.0002,2.4837348484481026,0.05118242744356394,0.021050541603472084,0.021205736615229398,0.05488356947898865
250,250,4.106813430786133,4.113846302032471,0.0002,2.31229551990264,0.05126812495291233,0.021144840109627694,0.02130402805050835,0.05511917732656002
251,251,4.108952045440674,4.110570907592773,0.0002,2.357990715066783,0.051514044404029846,0.0212500779889524,0.021405768464319408,0.05535617843270302
252,252,4.113375663757324,4.1121110916137695,0.0002,2.4029640578026994,0.05157775245606899,0.021343748085200787,0.02150099811842665,0.05559029430150986
253,253,4.112059116363525,4.111525535583496,0.0002,2.4386389672340423,0.0517710167914629,0.021441090037114918,0.02160366578027606,0.05582886468619108
254,254,4.11658239364624,4.118340492248535,0.0002,2.4760912719222237,0.052084410563111305,0.02154923928901553,0.021704445010982454,0.056066389195621014
255,255,4.11075496673584,4.114721775054932,0.0002,2.5061362723017635,0.0522184194996953,0.021651001181453466,0.02180627267807722,0.05630449764430523
256,256,4.104522228240967,4.109381675720215,0.0002,2.535912606501577,0.05239857826381922,0.021752949338406324,0.021907899412326515,0.05654247663915157
257,257,4.107221603393555,4.119436264038086,0.0002,2.358401779323461,0.05257341172546148,0.02184956887504086,0.022006213024724275,0.05677822604775429
258,258,4.106966972351074,4.111742973327637,0.0002,2.399172572135187,0.052867455407977104,0.0219496157951653,0.02210723701864481,0.05701640993356705
259,259,4.109094619750977,4.1118669509887695,0.0002,2.435369007022719,0.053067656233906746,0.02205445582512766,0.02220885769929737,0.057254085317254066
260,260,4.109177589416504,4.113252639770508,0.0002,2.4730698453127866,0.053358317352831364,0.02215227432316169,0.022309801541268826,0.057491992600262165
261,261,4.104099273681641,4.108599662780762,0.0002,2.504081176877733,0.05327622685581446,0.022251337009947747,0.02240648417500779,0.05772721581161022
262,262,4.109365463256836,4.105849266052246,0.0002,2.3300103437700987,0.05366848036646843,0.022352200525347143,0.022508310270495713,0.05796539504081011
263,263,4.105172634124756,4.10504150390625,0.0002,2.1733044041095564,0.053616615012288094,0.02245481201680377,0.022611413500271738,0.0582050709053874
264,264,4.103672981262207,4.103753089904785,0.0002,2.0408182927881957,0.05404085014015436,0.022557439806405455,0.022710236546117812,0.05844214931130409
265,265,4.105935096740723,4.111231803894043,0.0002,1.9130768471998016,0.05414028372615576,0.02265997207723558,0.022813751827925444,0.05868301074951887
266,266,4.105878829956055,4.114377498626709,0.0002,1.99857271863119,0.05432261526584625,0.022755840211175382,0.02290936524514109,0.05891915783286095
267,267,4.105307579040527,4.108348369598389,0.0002,2.074881745940132,0.05449518747627735,0.022860362369101495,0.023013716854620725,0.05915965884923935
268,268,4.115589141845703,4.108354568481445,0.0002,2.143224843470235,0.054678154177963734,0.022958513407502323,0.023112027789466083,0.05939734634011984
269,269,4.102428436279297,4.104337692260742,0.0002,2.205041256277955,0.05494581535458565,0.023057828366290778,0.023211937048472464,0.059635977260768414
270,270,4.104729652404785,4.103816986083984,0.0002,2.2627741966481074,0.05500915180891752,0.023161789402365685,0.02331360016250983,0.059875293634831905
271,271,4.099687576293945,4.101236343383789,0.0002,2.3143993259202826,0.0553777189925313,0.023256885004229844,0.023410792637150735,0.06011348497122526
272,272,4.104561805725098,4.1040191650390625,0.0002,2.1676536549060903,0.05535191856324673,0.02335945819504559,0.023511507490184158,0.06035345606505871
273,273,4.105774402618408,4.1043171882629395,0.0002,2.229058610021415,0.055654107592999935,0.023455496120732278,0.02360847726231441,0.06058999616652727
274,274,4.101984024047852,4.10761022567749,0.0002,2.2822872623558674,0.05586482025682926,0.023551135847810656,0.02370809408603236,0.06082826480269432
275,275,4.107523441314697,4.106550693511963,0.0002,2.330027662065055,0.05609812214970589,0.023657192185055465,0.023806516313925385,0.061065252870321274
276,276,4.101048469543457,4.101994514465332,0.0002,2.377264651002384,0.056090875528752804,0.023754277324769646,0.02390697435475886,0.06130329333245754
277,277,4.104910850524902,4.10455322265625,0.0002,2.415800983453476,0.05656035430729389,0.02385615842649713,0.024008396605495363,0.06154174264520407
278,278,4.103797912597656,4.107383728027344,0.0002,2.4503400561772573,0.05658557824790478,0.023957086552400142,0.024107032571919262,0.06177936866879463
279,279,4.106627464294434,4.105769634246826,0.0002,2.485296570372302,0.05665747728198767,0.024054986948613077,0.024206634203437716,0.062018463388085365
280,280,4.102356910705566,4.1044769287109375,0.0002,2.5135077122265828,0.057127405889332294,0.024158422311302274,0.02430819475557655,0.06225941702723503
281,281,4.100479602813721,4.100885391235352,0.0002,2.5434356114491767,0.05713754612952471,0.024259040714241564,0.02440845425007865,0.06249984726309776
282,282,4.102199554443359,4.105010986328125,0.0002,2.3738385118623118,0.057329678907990456,0.02436022402253002,0.024508421425707638,0.06273870915174484
283,283,4.106377601623535,4.1074934005737305,0.0002,2.4152681792935216,0.05756541155278683,0.024456777377054095,0.024609157640952617,0.06297778338193893
284,284,4.107680320739746,4.102865219116211,0.0002,2.4466171168395565,0.057654053904116154,0.024561883066780865,0.02471304644132033,0.06321839988231659
285,285,4.10230827331543,4.1011481285095215,0.0002,2.4069803034152635,0.057819425128400326,0.024656695662997663,0.024809952767100185,0.0634545385837555
286,286,4.099558353424072,4.102542877197266,0.0002,2.447699744312553,0.05812219902873039,0.024761098786257207,0.02491209958679974,0.06369326077401638
287,287,4.104241371154785,4.104277610778809,0.0002,2.4805019272489948,0.058238010853528976,0.024861055426299572,0.02501244831364602,0.06393188238143921
288,288,4.096804618835449,4.099828720092773,0.0002,2.5105431144381396,0.05859685968607664,0.02496417093789205,0.025113269046414644,0.0641710665076971
289,289,4.097764492034912,4.099640846252441,0.0002,2.325405376024457,0.058696895837783813,0.02506622945657,0.025214530527591705,0.06441093608736992
290,290,4.099287033081055,4.097469329833984,0.0002,2.177753991157317,0.058752323500812054,0.02516963321249932,0.025314935657661408,0.06465189345180988
291,291,4.098032474517822,4.104897499084473,0.0002,2.0362365581159643,0.05937887076288462,0.025258571607992053,0.02541152440244332,0.06489061750471592
292,292,4.104121208190918,4.098930358886719,0.0002,2.1120209752705734,0.059306470677256584,0.025364834174979478,0.025514662731438875,0.06513280794024467
293,293,4.096095085144043,4.1023149490356445,0.0002,2.1792006686965704,0.05943444650620222,0.025460143107920885,0.025612680532503873,0.06537334620952606
294,294,4.09992790222168,4.105695724487305,0.0002,2.2411100878176824,0.05953711550682783,0.025560553127434105,0.025710116256959736,0.06561371684074402
295,295,4.098992347717285,4.102259635925293,0.0002,2.2938621156946946,0.05982139427214861,0.025662183586973697,0.025811777857597917,0.06585548259317875
296,296,4.095554351806641,4.094480514526367,0.0002,2.3448579559470017,0.059856753796339035,0.025765756086912006,0.025913333927746862,0.06609782390296459
297,297,4.091407775878906,4.098384380340576,0.0002,2.1954089545165627,0.060183160938322544,0.02586486266227439,0.02601184241939336,0.06633921712636948
298,298,4.095623970031738,4.09819221496582,0.0002,2.2565136278526814,0.060511739924550056,0.025959744350984693,0.026108940655831248,0.06658040545880795
299,299,4.098855495452881,4.103052616119385,0.0002,2.30777158201904,0.06076418608427048,0.026061513228341937,0.026210556214209646,0.066824771463871
300,300,4.100746154785156,4.102999210357666,0.0002,2.35522036335884,0.060788530856370926,0.026157177228014916,0.026307045423891395,0.06706753000617027
301,301,4.095695495605469,4.103518486022949,0.0002,2.3960324450995105,0.060936979949474335,0.026251346745993942,0.026405067124869674,0.06731033325195312
302,302,4.097348213195801,4.100953102111816,0.0002,2.437010258098018,0.06094084307551384,0.026358364732004702,0.026506202470045537,0.06755349412560463
303,303,4.096285820007324,4.093170642852783,0.0002,2.4693232451469025,0.06138376612216234,0.02645203360589221,0.026600899233017117,0.06779203750193119
304,304,4.099377632141113,4.097420692443848,0.0002,2.307071163138605,0.06154763512313366,0.026551657763775438,0.02670110738836229,0.06803429313004017
305,305,4.092974662780762,4.097649574279785,0.0002,2.3543354338142604,0.06166759226471186,0.02664864982943982,0.02679668413475156,0.06827455386519432
306,306,4.098620414733887,4.095049858093262,0.0002,2.3994761590055322,0.061973036266863346,0.02674088632920757,0.026891004294157028,0.06851447746157646
307,307,4.092020034790039,4.1045002937316895,0.0002,2.4359812444357387,0.061999496072530746,0.0268428607378155,0.02698831830639392,0.06875667348504066
308,308,4.096315383911133,4.097146511077881,0.0002,2.4746809450002383,0.062242706306278706,0.026937350688967854,0.027086017711553723,0.06899891793727875
309,309,4.096123218536377,4.0922393798828125,0.0002,2.5059347801674123,0.06252395547926426,0.027035850973334163,0.027182038174942136,0.0692420694977045
310,310,4.0967559814453125,4.091089248657227,0.0002,2.3402227911387907,0.06254037283360958,0.02712794119725004,0.027276006003376096,0.06948395445942879
311,311,4.095019340515137,4.094310283660889,0.0002,2.191545858751711,0.06287533231079578,0.02722597128013149,0.027371837757527828,0.06972744129598141
312,312,4.093384742736816,4.100122928619385,0.0002,2.255344643283286,0.06317698769271374,0.027319525135681033,0.027466772065963596,0.06996944919228554
313,313,4.096745491027832,4.092635631561279,0.0002,2.3123453022395126,0.06330368109047413,0.02741758298361674,0.02756212727399543,0.07021214812994003
314,314,4.089529037475586,4.088427543640137,0.0002,2.362098632963483,0.06345456093549728,0.027505618636496365,0.027653855562675744,0.07045462168753147
315,315,4.09333610534668,4.100092887878418,0.0002,2.2111605829457015,0.06363815441727638,0.027604127186350524,0.027750217530410737,0.07069950364530087
316,316,4.08995246887207,4.091485500335693,0.0002,2.271577008432263,0.0637737326323986,0.027699451020453125,0.027846640441566706,0.07094498910009861
317,317,4.093753814697266,4.094712257385254,0.0002,2.325572947105552,0.06405981630086899,0.027792535431217402,0.02793946716701612,0.07118926756083965
318,318,4.087377548217773,4.1026458740234375,0.0002,2.379228183759162,0.06430843286216259,0.027883649279829115,0.028031958325300366,0.07143343985080719
319,319,4.088282585144043,4.09173583984375,0.0002,2.4237670784911587,0.06425455957651138,0.027974678901955485,0.028123322234023362,0.071677191182971
320,320,4.096261978149414,4.094846725463867,0.0002,2.463716833696608,0.06457523629069328,0.02806836465606466,0.0282181833172217,0.0719219520688057
321,321,4.0914835929870605,4.09523344039917,0.0002,2.5012325355151703,0.06504943035542965,0.028159988345578313,0.02830965368775651,0.0721649844199419
322,322,4.091087818145752,4.0956621170043945,0.0002,2.533471264266427,0.06504959426820278,0.028261342726182193,0.02840642601950094,0.07240942493081093
323,323,4.094182014465332,4.093489646911621,0.0002,2.5647187100170266,0.06498713791370392,0.028350260865408927,0.02849728672299534,0.07265169359743595
324,324,4.089245796203613,4.099765300750732,0.0002,2.590046149048718,0.06521535851061344,0.028442926181014627,0.02858701877994463,0.0728938989341259
325,325,4.093743324279785,4.094290733337402,0.0002,2.6142932582719687,0.06522921845316887,0.02852610475383699,0.028675151523202658,0.07313492707908154
326,326,4.092500686645508,4.09383487701416,0.0002,2.6356160680565606,0.06552417390048504,0.028624367783777416,0.028770531644113362,0.07337905280292034
327,327,4.094921112060547,4.088910102844238,0.0002,2.6554827287507003,0.06551549397408962,0.028714576386846602,0.028862926468718797,0.07362210191786289
328,328,4.096131801605225,4.092573165893555,0.0002,2.671682413895388,0.0659780241549015,0.028800212021451443,0.02894882153486833,0.07386243529617786
329,329,4.093561172485352,4.082653045654297,0.0002,2.6862381726569438,0.06619934551417828,0.028893808368593454,0.029041320958640426,0.07410497777163982
330,330,4.091232776641846,4.093395709991455,0.0002,2.4946649800977108,0.0664344634860754,0.0289793970878236,0.02912895451299846,0.07434685342013836
331,331,4.084587574005127,4.087541580200195,0.0002,2.5274562235900935,0.06648657657206059,0.02907467179466039,0.02922056260285899,0.07459095679223537
332,332,4.084144592285156,4.089743614196777,0.0002,2.5566595093031643,0.06671891547739506,0.029159475932829082,0.029306862445082515,0.07483356446027756
333,333,4.087446212768555,4.095944404602051,0.0002,2.5831505687600376,0.06691819429397583,0.029250140709336847,0.029396383499260992,0.07507885061204433
334,334,4.088114261627197,4.087836265563965,0.0002,2.608784302427624,0.06713362783193588,0.029337047890294343,0.02948369417572394,0.07532295398414135
335,335,4.089116096496582,4.089608192443848,0.0002,2.629461141878703,0.06726053170859814,0.029427953530102968,0.02957289369078353,0.07556960731744766
336,336,4.085092067718506,4.088742256164551,0.0002,2.652982102179312,0.06721984222531319,0.029505749815143645,0.029658309824299067,0.07581574469804764
337,337,4.088342189788818,4.089550018310547,0.0002,2.6712380664875632,0.06781868822872639,0.029602178372442722,0.029749008594080806,0.07606401666998863
338,338,4.101272106170654,4.0962982177734375,0.0002,2.6861214513322906,0.06780816055834293,0.029687793634366244,0.02983730414416641,0.07631097361445427
339,339,4.089160442352295,4.086044788360596,0.0002,2.7016273885787987,0.06805295869708061,0.0297736226930283,0.02992240764433518,0.07655651867389679
340,340,4.0882439613342285,4.094106674194336,0.0002,2.712998272710094,0.06845108978450298,0.029863870004191995,0.030010787246283144,0.07680307887494564
341,341,4.084902763366699,4.0858964920043945,0.0002,2.726011579339535,0.06843883357942104,0.029945886228233576,0.03009660542011261,0.07704865746200085
342,342,4.081479549407959,4.085343360900879,0.0002,2.7375099414070307,0.06848380528390408,0.03003602277021855,0.03018442529719323,0.07729520834982395
343,343,4.0802717208862305,4.087908744812012,0.0002,2.7462734200822174,0.06875630840659142,0.03011598373996094,0.03026722779031843,0.0775391012430191
344,344,4.097115516662598,4.090282917022705,0.0002,2.752998682715993,0.06875944323837757,0.03020603337790817,0.030354788119439036,0.07778488285839558
345,345,4.083645820617676,4.088338851928711,0.0002,2.76161979549868,0.06930984370410442,0.030296712939161807,0.03044285747455433,0.07803036086261272
346,346,4.085051536560059,4.086862564086914,0.0002,2.766870734169924,0.06953498907387257,0.030386511120013893,0.030530415941029787,0.07827525027096272
347,347,4.086601257324219,4.09036111831665,0.0002,2.7757911164673663,0.06951748952269554,0.030464198207482696,0.030613384791649878,0.07851905561983585
348,348,4.0819597244262695,4.08743953704834,0.0002,2.7829603237586458,0.06970429793000221,0.030559523263946176,0.030703094904311,0.07876630499958992
349,349,4.082517623901367,4.089084625244141,0.0002,2.7869334841536277,0.07008086144924164,0.03063636040315032,0.03078585711773485,0.07901087403297424
350,350,4.084393501281738,4.089231491088867,0.0002,2.7940047822436593,0.06997634470462799,0.03072351316222921,0.030873757088556886,0.079259367659688
351,351,4.08192253112793,4.084944725036621,0.0002,2.7972714321433,0.0703378226608038,0.03080947103444487,0.030957871000282466,0.07950650900602341
352,352,4.082536697387695,4.08767032623291,0.0002,2.799357295994263,0.0707386564463377,0.030896839569322765,0.03104575490579009,0.07975613325834274
353,353,4.085248947143555,4.086362838745117,0.0002,2.8025361309902177,0.07095744647085667,0.03097915480611846,0.03113170777214691,0.08000539802014828
354,354,4.088064193725586,4.088910102844238,0.0002,2.800810299447079,0.07091149874031544,0.031071116332896054,0.03122048993827775,0.08025738410651684
355,355,4.08809232711792,4.089289665222168,0.0002,2.8015934916626204,0.07083706371486187,0.031157023215200752,0.03130718891043216,0.08050870522856712
356,356,4.075296401977539,4.078782081604004,0.0002,2.805609087251824,0.07124709151685238,0.031246767728589475,0.031393714947625995,0.08076145127415657
357,357,4.086795806884766,4.08414363861084,0.0002,2.592333330764098,0.07121350802481174,0.031329610967077315,0.031479619327001274,0.08101402595639229
358,358,4.080357551574707,4.087152481079102,0.0002,2.6103469672128736,0.07160747982561588,0.03140948305372149,0.03156336466781795,0.0812661275267601
359,359,4.075417518615723,4.090672969818115,0.0002,2.6252288644506634,0.07179121673107147,0.03149779525119811,0.03165053122211248,0.08151991106569767
360,360,4.086872100830078,4.086607933044434,0.0002,2.6386740093299776,0.07187557406723499,0.031585387769155204,0.03173577890265733,0.08177199773490429
361,361,4.081106185913086,4.0843915939331055,0.0002,2.6549019560002907,0.07236437685787678,0.031662889465224,0.03181820153258741,0.08202306553721428
362,362,4.078583240509033,4.0868353843688965,0.0002,2.6660018379973502,0.0724341869354248,0.03175313730025664,0.031905958079732955,0.08227499015629292
363,363,4.08264684677124,4.083992958068848,0.0002,2.679412457136011,0.0726010873913765,0.03184056730242446,0.03198936762055382,0.08252482116222382
364,364,4.074151992797852,4.081604480743408,0.0002,2.688095379464661,0.07293963804841042,0.03192218241747469,0.03207376168575138,0.08277513645589352
365,365,4.082487106323242,4.083660125732422,0.0002,2.6947578104505814,0.07287416234612465,0.032012266165111214,0.03216026583686471,0.08302649110555649
366,366,4.081363201141357,4.0934343338012695,0.0002,2.7046261586932845,0.0731274988502264,0.03208341769641265,0.03224048519041389,0.08327575214207172
367,367,4.079013824462891,4.081509113311768,0.0002,2.7118498070596693,0.07332027330994606,0.03218137042131275,0.03233168099541217,0.08353078924119473
368,368,4.074952125549316,4.084897994995117,0.0002,2.7217173858028505,0.07364111393690109,0.03225988621124998,0.032410858548246324,0.08378168940544128
369,369,4.083636283874512,4.082024097442627,0.0002,2.729161458532984,0.07351875118911266,0.03234388679265976,0.03249723534099758,0.08403691276907921
370,370,4.084350109100342,4.079008102416992,0.0002,2.7369395675050767,0.07367775030434132,0.032430656952783465,0.03258191701024771,0.0842909999191761
371,371,4.073737144470215,4.083421230316162,0.0002,2.7395731438553566,0.07391990907490253,0.03251414163969457,0.032666307291947305,0.08454550057649612
372,372,4.081993103027344,4.082737445831299,0.0002,2.74554664380652,0.07419156469404697,0.0325891338288784,0.0327477214159444,0.08479820564389229
373,373,4.072766304016113,4.08351993560791,0.0002,2.7474117307560713,0.07441095821559429,0.032680540811270475,0.03283366095274687,0.08505156636238098
374,374,4.079800605773926,4.084821701049805,0.0002,2.7487809625050357,0.07483227178454399,0.03276228194590658,0.03291543945670128,0.08530307002365589
375,375,4.081686973571777,4.072791576385498,0.0002,2.753743607327694,0.07506809197366238,0.03284016763791442,0.03299446264281869,0.0855542067438364
376,376,4.07569694519043,4.073738098144531,0.0002,2.554984437676797,0.07505805790424347,0.032929232344031334,0.03308146551717073,0.08580743335187435
377,377,4.075758934020996,4.081252098083496,0.0002,2.5765496903108542,0.07518003694713116,0.03300816204864532,0.03316281293518841,0.08605799078941345
378,378,4.08200740814209,4.083322048187256,0.0002,2.6001517875291773,0.07516277022659779,0.033084641327150166,0.033241359516978264,0.08630765229463577
379,379,4.082160472869873,4.0777506828308105,0.0002,2.6190563118354984,0.07571561820805073,0.03316951740998775,0.03332343010697514,0.08655830472707748
380,380,4.074533462524414,4.090762138366699,0.0002,2.636216939197623,0.07573498412966728,0.033251641667447984,0.033406161703169346,0.08680882677435875
381,381,4.081973075866699,4.076070785522461,0.0002,2.6511341774453268,0.07586482726037502,0.03333676408510655,0.03348787606228143,0.08705807290971279
382,382,4.07647705078125,4.085293769836426,0.0002,2.6622122735323805,0.0760134644806385,0.03341818496119231,0.03357210720423609,0.08731001801788807
383,383,4.082401752471924,4.077716827392578,0.0002,2.6716420035701303,0.0762990154325962,0.03350060014054179,0.03365166613366455,0.08755913749337196
384,384,4.080307960510254,4.085196495056152,0.0002,2.6806671242828357,0.07656859047710896,0.03357613296248019,0.0337331973714754,0.08781111985445023
385,385,4.07200288772583,4.073752403259277,0.0002,2.6925267211509682,0.076728081330657,0.03365861938800663,0.03381273045670241,0.08806166425347328
386,386,4.067392349243164,4.075375556945801,0.0002,2.6996114597180023,0.07672468200325966,0.03374252037610859,0.03389581281226128,0.08831561543047428
387,387,4.081418037414551,4.0800933837890625,0.0002,2.7057026562566864,0.07724103517830372,0.03382849390618503,0.03398073359858245,0.08856936171650887
388,388,4.067651748657227,4.074374198913574,0.0002,2.7151307979767925,0.07736087404191494,0.03389621467795223,0.03405658947303891,0.08882004581391811
389,389,4.074261665344238,4.075449466705322,0.0002,2.7245238972688934,0.0776850301772356,0.033987442846409976,0.03414156811777502,0.08907467871904373
390,390,4.071051597595215,4.072260856628418,0.0002,2.733133149866894,0.0774201788008213,0.034067286062054336,0.03422352997586131,0.0893289316445589
391,391,4.078773021697998,4.074806213378906,0.0002,2.5443860358826136,0.07809801958501339,0.03414496057666838,0.03430503618437797,0.08958278223872185
392,392,4.081599235534668,4.07593297958374,0.0002,2.5691514366336365,0.07800619304180145,0.034230349701829255,0.034385772654786706,0.08983731269836426
393,393,4.072073459625244,4.070892333984375,0.0002,2.588515545836551,0.07838740572333336,0.03430795297026634,0.03446444100700319,0.0900909285992384
394,394,4.066916465759277,4.073492050170898,0.0002,2.4149225339062013,0.07853786833584309,0.03438281756825745,0.0345440338132903,0.0903447326272726
395,395,4.066132545471191,4.072990894317627,0.0002,2.4500324537604246,0.0786841381341219,0.03447118296753615,0.03462692117318511,0.09059985168278217
396,396,4.06887149810791,4.073522567749023,0.0002,2.480966593862862,0.07862517051398754,0.034552619443275034,0.03470705926883966,0.09085354954004288
397,397,4.0740203857421875,4.06613302230835,0.0002,2.5089945847312274,0.07864459045231342,0.034623021027073264,0.0347842302871868,0.09110677242279053
398,398,4.06943941116333,4.076198101043701,0.0002,2.3424889971084126,0.07899649813771248,0.03470143536105752,0.03486416023224592,0.09136081859469414
399,399,4.07025146484375,4.073246002197266,0.0002,2.3848587664125436,0.07914888672530651,0.03478767478372902,0.0349455822724849,0.09161638282239437
400,400,4.063302993774414,4.066983699798584,0.0002,2.4224569992016045,0.07959607243537903,0.03487238904926926,0.035024631884880364,0.0918724276125431
401,401,4.069082260131836,4.077059745788574,0.0002,2.460084685214101,0.07975000143051147,0.03494131925981492,0.03510152851231396,0.09212838485836983
402,402,4.069058418273926,4.070652484893799,0.0002,2.4906981850977945,0.079893933609128,0.0350208975141868,0.035182186868041754,0.09238442778587341
403,403,4.070953369140625,4.070150852203369,0.0002,2.517778223897122,0.08024843223392963,0.035105062648653984,0.0352627276442945,0.09264366514980793
404,404,4.076180458068848,4.073650360107422,0.0002,2.541819645310442,0.08028770424425602,0.03518210933543742,0.03534203104209155,0.09290321916341782
405,405,4.065735816955566,4.084526062011719,0.0002,2.566752078903996,0.08041642606258392,0.03526065533515066,0.0354195210384205,0.09316178224980831
406,406,4.07094144821167,4.078367233276367,0.0002,2.5874233068857126,0.08049819990992546,0.03533491084817797,0.035496526514180005,0.09341922402381897
407,407,4.068358421325684,4.064080238342285,0.0002,2.6048702972668596,0.08086808770895004,0.03541353309992701,0.03557697241194546,0.09367652609944344
408,408,4.067425727844238,4.086002349853516,0.0002,2.428785431048705,0.08091509155929089,0.035499456454999745,0.035659240442328155,0.09393527545034885
409,409,4.075149059295654,4.066585540771484,0.0002,2.4623771658204396,0.08121954090893269,0.035576380556449294,0.0357342081842944,0.09419172443449497
410,410,4.066616535186768,4.063595771789551,0.0002,2.492027596721473,0.0813725683838129,0.035651317914016545,0.035810502246022224,0.09444878995418549
411,411,4.067171096801758,4.064861297607422,0.0002,2.3281281192594068,0.08178195543587208,0.035732212010771036,0.03589046455454081,0.09470873884856701
412,412,4.078615188598633,4.069150924682617,0.0002,2.371894389805092,0.08188152499496937,0.03579747455660254,0.03596259234473109,0.09496634267270565
413,413,4.058631896972656,4.071040153503418,0.0002,2.416929488901106,0.08182132430374622,0.03588222688995302,0.036042798892594874,0.09522484615445137
414,414,4.06864070892334,4.066293716430664,0.0002,2.4535325910872334,0.08201348222792149,0.03595300379674882,0.03611823811661452,0.0954817570745945
415,415,4.066777229309082,4.075020790100098,0.0002,2.4846133606778764,0.08228947408497334,0.036032122443430126,0.036195815657265484,0.09573967196047306
416,416,4.070835113525391,4.065517425537109,0.0002,2.512067524365464,0.08261340670287609,0.03610747039783746,0.03626985289156437,0.09599651955068111
417,417,4.065174102783203,4.071196556091309,0.0002,2.541017023310322,0.0828230082988739,0.03618148888926953,0.03634676756337285,0.096253776922822
418,418,4.0741682052612305,4.069996356964111,0.0002,2.563559287330175,0.08273438364267349,0.036261598812416196,0.036423840560019016,0.0965108871459961
419,419,4.059955596923828,4.07200813293457,0.0002,2.5865553390408853,0.08306673727929592,0.03633480006828904,0.0364986005006358,0.09676964022219181
420,420,4.061581611633301,4.073215007781982,0.0002,2.605179922182858,0.08335011824965477,0.03641500498633832,0.036576966173015535,0.09702993929386139
421,421,4.067337989807129,4.067453384399414,0.0002,2.6203959121200007,0.0833889301866293,0.036483974545262754,0.036649042391218245,0.09728876687586308
422,422,4.0742340087890625,4.073129653930664,0.0002,2.637897984725957,0.08357647061347961,0.036553541547618806,0.03672202944289893,0.0975493285804987
423,423,4.069756984710693,4.069210052490234,0.0002,2.6512910930388345,0.0836686622351408,0.03663688385859132,0.036800663569010794,0.09781073220074177
424,424,4.065770149230957,4.065896511077881,0.0002,2.6674679484352093,0.08382051065564156,0.03670976683497429,0.03687301301397383,0.09807039611041546
425,425,4.064404487609863,4.061060905456543,0.0002,2.678291096220179,0.08426761440932751,0.03678070625755936,0.03694576025009155,0.09832949936389923
426,426,4.05681037902832,4.0655975341796875,0.0002,2.481813837889066,0.08446544036269188,0.03684884309768677,0.0370146882487461,0.09858676046133041
427,427,4.068906784057617,4.068687438964844,0.0002,2.515808918303864,0.08472206816077232,0.03692724206484854,0.037092294660396874,0.09884604066610336
428,428,4.066646099090576,4.080371856689453,0.0002,2.5410425956053606,0.08469151891767979,0.03698988910764456,0.037160737439990044,0.09910199418663979
429,429,4.059072494506836,4.061308860778809,0.0002,2.5630257321255163,0.0849994607269764,0.037073054583743215,0.03723811043892056,0.09936145693063736
430,430,4.060390472412109,4.064730167388916,0.0002,2.582834659487666,0.08516620844602585,0.03715152991935611,0.03731487528420985,0.09962170943617821
431,431,4.068462371826172,4.067541122436523,0.0002,2.6038302873645485,0.08515380322933197,0.037217782461084425,0.037384004215709865,0.09987953491508961
432,432,4.060015678405762,4.067860126495361,0.0002,2.620473447053841,0.08559795096516609,0.037287534098140895,0.03745364339556545,0.10013686865568161
433,433,4.0647430419921875,4.066352367401123,0.0002,2.634408364415307,0.0859425850212574,0.037365289754234254,0.037530720815993845,0.10039676539599895
434,434,4.060922622680664,4.0695295333862305,0.0002,2.650983965635275,0.08571672439575195,0.03743875666987151,0.03760381741449237,0.10065626539289951
435,435,4.060406684875488,4.073568344116211,0.0002,2.6626296702674774,0.08614599518477917,0.037497886340133846,0.03767295880243182,0.10091464221477509
436,436,4.0609660148620605,4.063765048980713,0.0002,2.676114054549553,0.08638167753815651,0.037581137963570654,0.03775012108962983,0.10117631033062935
437,437,4.050990104675293,4.064645767211914,0.0002,2.685152115478612,0.08683151565492153,0.03764766501262784,0.037817230564542115,0.10143533535301685
438,438,4.061832427978516,4.069350242614746,0.0002,2.6989736781045015,0.08638799004256725,0.037723139161244035,0.03788983088452369,0.10169573314487934
439,439,4.073617935180664,4.065280914306641,0.0002,2.7078161062505544,0.08669239282608032,0.03779562166891992,0.03796135901939124,0.10195599310100079
440,440,4.06043815612793,4.074207782745361,0.0002,2.7131766807352005,0.08690527081489563,0.03786389471497387,0.03803259844426066,0.10221453569829464
441,441,4.0656232833862305,4.062848091125488,0.0002,2.722066037427347,0.08715963549911976,0.03792662487830967,0.03809825668577105,0.10247025266289711
442,442,4.060903549194336,4.06484317779541,0.0002,2.726179284710315,0.08730522356927395,0.038007968687452376,0.0381759685697034,0.10272924602031708
443,443,4.064704895019531,4.072968482971191,0.0002,2.7337130953214417,0.08757039718329906,0.038071827962994576,0.03824398631695658,0.10298584774136543
444,444,4.059808254241943,4.0634870529174805,0.0002,2.7367670282407963,0.08769638650119305,0.0381429671542719,0.0383153238799423,0.10324371978640556
445,445,4.057119369506836,4.062195777893066,0.0002,2.743150721702652,0.08828884921967983,0.03821526374667883,0.03838599403388798,0.10350159555673599
446,446,4.058643341064453,4.063281059265137,0.0002,2.7452905478091574,0.08810201846063137,0.03828438848722726,0.038457484100945294,0.1037597618997097
447,447,4.055752754211426,4.061744689941406,0.0002,2.752053809938895,0.08809906058013439,0.038364303298294544,0.03853295976296067,0.10401996038854122
448,448,4.066099643707275,4.056150436401367,0.0002,2.7566250281733975,0.08863349258899689,0.03843787917867303,0.038604965666309,0.10427974537014961
449,449,4.052545070648193,4.066756248474121,0.0002,2.566155089737526,0.08864133059978485,0.03850280016195029,0.03867546946275979,0.10453951358795166
450,450,4.05909538269043,4.0581464767456055,0.0002,2.587112845514327,0.08880900777876377,0.038580055348575115,0.03874917759094387,0.1048007532954216
451,451,4.049737930297852,4.057876110076904,0.0002,2.6095052192257175,0.08913673087954521,0.0386537597514689,0.03882179479114711,0.10506307706236839
452,452,4.0584940910339355,4.063736915588379,0.0002,2.6293565742124057,0.08899504691362381,0.0387298803543672,0.03889645112212747,0.10532652027904987
453,453,4.059938907623291,4.060309410095215,0.0002,2.64572916069947,0.0894173439592123,0.038791513768956065,0.03896552009973675,0.10558929480612278
454,454,4.062709808349609,4.056042671203613,0.0002,2.6605710502122237,0.08953702636063099,0.03885761718265712,0.03903378883842379,0.10585024021565914
455,455,4.051568031311035,4.053544521331787,0.0002,2.4794694367691497,0.08992964029312134,0.038941495353356004,0.03911279235035181,0.10611364431679249
456,456,4.047578811645508,4.0541534423828125,0.0002,2.316002646290095,0.08993838168680668,0.039016314898617566,0.039185581263154745,0.10637631267309189
457,457,4.050853252410889,4.062164306640625,0.0002,2.361397688789925,0.09018650650978088,0.03908089408650994,0.039256014162674546,0.10663944855332375
458,458,4.055870056152344,4.055034637451172,0.0002,2.401223762020576,0.09061156958341599,0.03914655314292759,0.039327070815488696,0.10690349340438843
459,459,4.047694683074951,4.055547714233398,0.0002,2.4413467849038333,0.09068482927978039,0.03922893211711198,0.039402166730724275,0.10716832615435123
460,460,4.050345420837402,4.066246509552002,0.0002,2.477985653721207,0.09045945107936859,0.03930280648637563,0.03947451105341315,0.10743406787514687
461,461,4.0648088455200195,4.059208869934082,0.0002,2.508847620111255,0.09081804938614368,0.03937521867919713,0.03954847727436572,0.10770228877663612
462,462,4.060704231262207,4.054348945617676,0.0002,2.536074246907445,0.09113706089556217,0.03944254596717656,0.039618394104763865,0.10796946287155151
463,463,4.048322677612305,4.0627288818359375,0.0002,2.5582521736673245,0.09133863262832165,0.03951216221321374,0.03968949825502932,0.10823725536465645
464,464,4.054340839385986,4.060157775878906,0.0002,2.5820753600101165,0.09154028445482254,0.039583921898156404,0.03976017131935805,0.10850513726472855
465,465,4.054413795471191,4.0607709884643555,0.0002,2.6045462257119842,0.0919958595186472,0.03965997602790594,0.03983468015212566,0.10877346247434616
466,466,4.051850318908691,4.048592567443848,0.0002,2.621318687957297,0.09198189713060856,0.03973058913834393,0.039904694771394134,0.10904043167829514
467,467,4.043009281158447,4.049530029296875,0.0002,2.443530559273211,0.09213202632963657,0.03979821992106736,0.03997480310499668,0.10930872149765491
468,468,4.045657157897949,4.046885967254639,0.0002,2.4764565153468894,0.0924101173877716,0.03986701276153326,0.04004421888384968,0.10957768186926842
469,469,4.055069923400879,4.067326068878174,0.0002,2.3132149727481446,0.0922191496938467,0.03994231636170298,0.04011629591695964,0.10984661802649498
470,470,4.05351448059082,4.051870346069336,0.0002,2.358235276418288,0.09249430522322655,0.040007224306464195,0.04018734220881015,0.11011341586709023
471,471,4.057919025421143,4.0533952713012695,0.0002,2.3984903806300335,0.09278470277786255,0.04007635870948434,0.04025586904026568,0.11038080044090748
472,472,4.038208961486816,4.054933547973633,0.0002,2.4346148470802165,0.09333344548940659,0.040155453025363386,0.040329676354303956,0.11064974404871464
473,473,4.05678129196167,4.049892902374268,0.0002,2.4706545986756687,0.09327463246881962,0.040222091251052916,0.040397476055659354,0.11091584339737892
474,474,4.0713701248168945,4.050755977630615,0.0002,2.500730089503848,0.09335248917341232,0.04028427612502128,0.04046689590904862,0.11118133179843426
475,475,4.058836460113525,4.055777072906494,0.0002,2.5267236625032568,0.09345674701035023,0.0403642199235037,0.04053871729411185,0.11144830845296383
476,476,4.052783012390137,4.0445966720581055,0.0002,2.549999625895003,0.09378258138895035,0.04042451980058104,0.04060702852439135,0.11171470396220684
477,477,4.040338039398193,4.0524139404296875,0.0002,2.379352606638494,0.09412075951695442,0.04050425696186721,0.04067923536058515,0.1119807567447424
478,478,4.046689033508301,4.056454181671143,0.0002,2.4224483359465108,0.09431319311261177,0.04056927585043013,0.040748893399722874,0.11224691197276115
479,479,4.045172214508057,4.049488067626953,0.0002,2.456942099751009,0.09460966475307941,0.040638677310198545,0.04082103120163083,0.11251428723335266
480,480,4.042370796203613,4.048559188842773,0.0002,2.491500061891089,0.0946437455713749,0.04071590828243643,0.040892160730436444,0.11278235353529453
481,481,4.042832851409912,4.053497314453125,0.0002,2.518868680605859,0.09462090954184532,0.04078239691443741,0.04096194345038384,0.11304948665201664
482,482,4.045929908752441,4.054149627685547,0.0002,2.547766691007654,0.09520747512578964,0.04085286264307797,0.041033952380530536,0.11331994645297527
483,483,4.0462327003479,4.052692413330078,0.0002,2.57171641793169,0.09517404995858669,0.04091922112274915,0.041104125091806054,0.11358713544905186
484,484,4.0485076904296875,4.049136161804199,0.0002,2.5939809038141437,0.095060208812356,0.04099527979269624,0.041175521444529295,0.11385350860655308
485,485,4.052859306335449,4.045825481414795,0.0002,2.612892223093459,0.09548504464328289,0.041060949908569455,0.04124407051131129,0.11411949247121811
486,486,4.048763275146484,4.051061630249023,0.0002,2.6268014797327477,0.09540753625333309,0.041133324382826686,0.04131615231744945,0.11438547261059284
487,487,4.0497283935546875,4.048183441162109,0.0002,2.640162721854633,0.09553390182554722,0.04120290977880359,0.04138552525546402,0.114651745185256
488,488,4.050965309143066,4.044414043426514,0.0002,2.6506944464543816,0.0960480347275734,0.041275764699094,0.04145728121511638,0.11491911485791206
489,489,4.051019668579102,4.051180362701416,0.0002,2.4701870915339526,0.09663047455251217,0.041342400247231126,0.04152754310052842,0.11518448404967785
490,490,4.044079780578613,4.043817520141602,0.0002,2.5004098280894262,0.09631562046706676,0.04141255025751889,0.04159456945490092,0.11545052751898766
491,491,4.043272018432617,4.044666290283203,0.0002,2.3198060694536937,0.09671315737068653,0.04148284357506782,0.04166369093582034,0.11571437865495682
492,492,4.058846473693848,4.0457000732421875,0.0002,2.3656769600795187,0.09636107832193375,0.041555834002792835,0.04173758381512016,0.11597946658730507
493,493,4.055820465087891,4.0549116134643555,0.0002,2.4051605113014087,0.09687736257910728,0.04162501182872802,0.04180793825071305,0.1162444669753313
494,494,4.042328834533691,4.053312301635742,0.0002,2.4408502278037325,0.09699277952313423,0.04169020231347531,0.041876848437823355,0.1165095865726471
495,495,4.046257019042969,4.056794166564941,0.0002,2.4727693634062393,0.09722479991614819,0.041761540225706995,0.041947265272028744,0.1167761143296957
496,496,4.047808647155762,4.048285484313965,0.0002,2.5053140350373777,0.09730051830410957,0.04182524769566953,0.04201393947005272,0.11704165488481522
497,497,4.042109489440918,4.0656633377075195,0.0002,2.531381505860543,0.09791292995214462,0.041900174459442496,0.042085772030986845,0.11731041967868805
498,498,4.055302619934082,4.053563594818115,0.0002,2.558161781099312,0.09782585129141808,0.04196581931319088,0.04215191735420376,0.11757692508399487
499,499,4.040858268737793,4.056387901306152,0.0002,2.5790819989311937,0.09792520850896835,0.0420336255338043,0.04221899504773319,0.11784381419420242
500,500,4.051248073577881,4.047262668609619,0.0002,2.602270643052211,0.09802944958209991,0.042100732563994825,0.04228695179335773,0.11811051145195961
501,501,4.048658847808838,4.050108909606934,0.0002,2.6213708856150686,0.09847498685121536,0.042172091314569116,0.04235481924843043,0.11837723106145859
502,502,4.039100646972656,4.057585716247559,0.0002,2.635812879525188,0.09879318438470364,0.04223339643795043,0.042419733945280313,0.11864340119063854
503,503,4.040032386779785,4.048273086547852,0.0002,2.6522356331426744,0.09893951751291752,0.04229450749699026,0.04248542140703648,0.11891020461916924
504,504,4.042455673217773,4.041226387023926,0.0002,2.663549378794463,0.09880995191633701,0.042363841203041375,0.042551037622615695,0.11917618103325367
505,505,4.0459065437316895,4.043278694152832,0.0002,2.482274701735787,0.09923605434596539,0.04242369229905307,0.042615996208041906,0.11944166198372841
506,506,4.051738739013672,4.041763782501221,0.0002,2.512619620921926,0.09922830946743488,0.04249886819161475,0.0426839942811057,0.11970840208232403
507,507,4.045112609863281,4.041655540466309,0.0002,2.5372687818570836,0.09948659874498844,0.04256527218967676,0.0427507875720039,0.11997496336698532
508,508,4.029699325561523,4.049922466278076,0.0002,2.5599759323707416,0.09958886541426182,0.04263161262497306,0.042816195520572364,0.12024136446416378
509,509,4.036500930786133,4.045900344848633,0.0002,2.580321237666129,0.10013685934245586,0.04269318375736475,0.04288208996877074,0.12050954066216946
510,510,4.044107437133789,4.044535160064697,0.0002,2.603820458481824,0.09984615631401539,0.0427673029480502,0.042952145799063146,0.12078111618757248
511,511,4.050408363342285,4.036890983581543,0.0002,2.622336872334661,0.10041544772684574,0.042815306689590216,0.04300895752385259,0.12105008214712143
512,512,4.038074016571045,4.044369220733643,0.0002,2.4448787662803513,0.10025667771697044,0.0428955361712724,0.04308039275929332,0.12132190726697445
513,513,4.0479936599731445,4.039887428283691,0.0002,2.4774998297713036,0.10032792389392853,0.04294794786255807,0.043141605448909104,0.1215909942984581
514,514,4.053025245666504,4.040330410003662,0.0002,2.5099647712959303,0.10102789103984833,0.043019433855079114,0.04320784646552056,0.12186095863580704
515,515,4.039125919342041,4.047191619873047,0.0002,2.5385357927973984,0.10106963478028774,0.04307577479630709,0.043268364388495684,0.1221296526491642
516,516,4.0450897216796875,4.038642883300781,0.0002,2.562107167659829,0.10097545757889748,0.04314299637917429,0.043335465947166085,0.12240056321024895
517,517,4.036410331726074,4.050716400146484,0.0002,2.5823151040259695,0.10143685527145863,0.04321225720923394,0.04339944839011878,0.12267135828733444
518,518,4.029530048370361,4.065013885498047,0.0002,2.60679321910108,0.10150471515953541,0.04327712825033814,0.04346296435687691,0.12294259667396545
519,519,4.0413665771484375,4.063601493835449,0.0002,2.6264010685098547,0.10189241357147694,0.04333900730125606,0.0435296039795503,0.12321574054658413
520,520,4.03881311416626,4.043430328369141,0.0002,2.645192092834805,0.10231178812682629,0.04339024890214205,0.043587017455138266,0.12348639965057373
521,521,4.037248611450195,4.054309844970703,0.0002,2.658468911777213,0.10200786963105202,0.04346265038475394,0.043655021814629436,0.1237589567899704
522,522,4.040945529937744,4.049585342407227,0.0002,2.672799707387483,0.1023360937833786,0.043518104241229594,0.04371774906758219,0.12402916699647903
523,523,4.044777870178223,4.031960487365723,0.0002,2.688310946899943,0.10254403203725815,0.04358806286472827,0.04378182685468346,0.12430039048194885
524,524,4.040377616882324,4.038021087646484,0.0002,2.4847904729264743,0.10300881415605545,0.04365521518047899,0.04384896333795041,0.12457282468676567
525,525,4.034427642822266,4.033170223236084,0.0002,2.512636763812433,0.10265636444091797,0.04372436518315226,0.043914997251704335,0.12484611943364143
526,526,4.028071403503418,4.034600257873535,0.0002,2.541226210140751,0.1031191349029541,0.043777054524980485,0.0439737387932837,0.1251170113682747
527,527,4.037300109863281,4.037969589233398,0.0002,2.5641308805832352,0.10358498431742191,0.04384000401478261,0.044038551044650376,0.12539008632302284
528,528,4.0360002517700195,4.0371551513671875,0.0002,2.590556136560502,0.10297979041934013,0.04391278594266623,0.04410582408308983,0.12566261366009712
529,529,4.030423164367676,4.052531719207764,0.0002,2.609812159120615,0.10347233340144157,0.043970210710540414,0.044165970757603645,0.12593334168195724
530,530,4.028039932250977,4.045079231262207,0.0002,2.6291271479991027,0.10379634611308575,0.04403096786700189,0.044228584272786975,0.12620271369814873
531,531,4.029596328735352,4.039102077484131,0.0002,2.6427792233145277,0.10372371599078178,0.04409880703315139,0.04429289884865284,0.12647220864892006
532,532,4.030613899230957,4.044929504394531,0.0002,2.6589647300919053,0.10391692258417606,0.044164221035316586,0.044356890372000635,0.12674076110124588
533,533,4.0410566329956055,4.04439115524292,0.0002,2.6741787299246105,0.10432910732924938,0.044225493096746504,0.04442342685069889,0.1270112618803978
534,534,4.036326885223389,4.035097122192383,0.0002,2.6889991334097183,0.10469372011721134,0.044289488811045885,0.044483937323093414,0.12728286907076836
535,535,4.037766933441162,4.04317569732666,0.0002,2.7024909996007476,0.10500522330403328,0.04435072443448007,0.04454767634160817,0.1275554932653904
536,536,4.039764404296875,4.038881778717041,0.0002,2.7121276700987247,0.1047255378216505,0.044408416957594454,0.044605600414797664,0.12782695144414902
537,537,4.028912544250488,4.045371055603027,0.0002,2.723068480728042,0.10539170727133751,0.04447289579547942,0.04466913070064038,0.12809940055012703
538,538,4.044557571411133,4.032347679138184,0.0002,2.7293106011365085,0.10543391481041908,0.044536619912832975,0.04473526938818395,0.12837237119674683
539,539,4.032066822052002,4.033924579620361,0.0002,2.7342132859935866,0.10556476563215256,0.044602047302760184,0.04479678347706795,0.12864354997873306
540,540,4.028201103210449,4.038290977478027,0.0002,2.736815825432436,0.10547440685331821,0.04465887451078743,0.04485814517829567,0.12891415134072304
541,541,4.026434898376465,4.037920951843262,0.0002,2.7392293081250867,0.10628705658018589,0.044728905078954995,0.044923029956407845,0.12918556109070778
542,542,4.035590648651123,4.029435634613037,0.0002,2.7455540340381397,0.10582650825381279,0.044789667590521276,0.044984298292547464,0.12945744022727013
543,543,4.027747631072998,4.0502519607543945,0.0002,2.5557920858842564,0.10610822774469852,0.04484179138671607,0.04504248755984008,0.12972932308912277
544,544,4.023337364196777,4.049408912658691,0.0002,2.5806774369773544,0.10636704973876476,0.04490393016021699,0.045106373028829694,0.13000357151031494
545,545,4.026918888092041,4.029691219329834,0.0002,2.600374668345052,0.10652628913521767,0.04495877062436193,0.04516399244312197,0.1302758790552616
546,546,4.03572940826416,4.035073757171631,0.0002,2.623090486222308,0.10687111131846905,0.04503093822859228,0.045228925184346735,0.13055019080638885
547,547,4.03908634185791,4.038137435913086,0.0002,2.6392835761370836,0.1069134995341301,0.045091275591403246,0.04529101902153343,0.13082465156912804
548,548,4.025581359863281,4.031899452209473,0.0002,2.6556175507972224,0.10694548673927784,0.04515092761721462,0.04535281320568174,0.13110002502799034
549,549,4.0233612060546875,4.022693634033203,0.0002,2.666061049007388,0.10732599161565304,0.04521071945782751,0.04541369387879968,0.1313752681016922
550,550,4.039902210235596,4.029911518096924,0.0002,2.484170346147009,0.10731861740350723,0.045267827925272286,0.04547096067108214,0.131649449467659
551,551,4.029465675354004,4.036867618560791,0.0002,2.513323254160799,0.10771216824650764,0.04533030919265002,0.04553301143459976,0.13192562386393547
552,552,4.034437656402588,4.026527404785156,0.0002,2.541611235106782,0.10793548636138439,0.04539180954452604,0.045593226444907486,0.13220196962356567
553,553,4.025006294250488,4.043084144592285,0.0002,2.5651507843375514,0.10777637735009193,0.04545069392770529,0.04565233422908932,0.13247910887002945
554,554,4.0269598960876465,4.032534599304199,0.0002,2.5910378013265944,0.10815655253827572,0.04550245392601937,0.04570640274323523,0.13275467604398727
555,555,4.0364556312561035,4.034094333648682,0.0002,2.6126758461335697,0.10830787383019924,0.04556213307660073,0.04576420225203037,0.13303030654788017
556,556,4.033061981201172,4.02656888961792,0.0002,2.632913407073873,0.1082725003361702,0.04562479199375957,0.045824807486496866,0.133305624127388
557,557,4.03459358215332,4.017213821411133,0.0002,2.6473238475164615,0.10878362134099007,0.045684055192396045,0.04588522587437183,0.1335802786052227
558,558,4.023811340332031,4.0323405265808105,0.0002,2.4551451221794416,0.10890080034732819,0.04573503276333213,0.0459401864791289,0.13385505229234695
559,559,4.025384902954102,4.03259801864624,0.0002,2.4900250913679747,0.10924443043768406,0.04579753475263715,0.04599764721933752,0.1341310851275921
560,560,4.031986236572266,4.028249263763428,0.0002,2.518198863526378,0.10938971862196922,0.04584370006341487,0.04605198232457042,0.13440696150064468
561,561,4.017236232757568,4.033064365386963,0.0002,2.5465724605708973,0.1098160594701767,0.04590576887130737,0.046110580558888614,0.1346849389374256
562,562,4.021407604217529,4.032199859619141,0.0002,2.5686967473328246,0.10994704440236092,0.045967047568410635,0.046170711517333984,0.13496427237987518
563,563,4.0266642570495605,4.029560089111328,0.0002,2.5938960022208235,0.1099474374204874,0.04601900605484843,0.046225528116337955,0.13524439930915833
564,564,4.015070915222168,4.022539138793945,0.0002,2.6129282972547516,0.11017129383981228,0.046069908305071294,0.046280862181447446,0.13552232459187508
565,565,4.028379440307617,4.025386810302734,0.0002,2.6319328015447256,0.11044391989707947,0.046135983313433826,0.04634336242452264,0.13580337166786194
566,566,4.019303321838379,4.030796051025391,0.0002,2.6453197033350877,0.11054514348506927,0.04619978298433125,0.04640260350424796,0.1360839270055294
567,567,4.019630432128906,4.020205020904541,0.0002,2.6608672950587775,0.1105702631175518,0.046253122156485915,0.046460325829684734,0.13636549934744835
568,568,4.028985977172852,4.021636009216309,0.0002,2.6713585485600584,0.11074984259903431,0.04631751531269401,0.04652210732456297,0.13664913550019264
569,569,4.022065162658691,4.016996383666992,0.0002,2.685244602781179,0.11079728975892067,0.046364981099031866,0.0465776736382395,0.13693095743656158
570,570,4.033237457275391,4.027444839477539,0.0002,2.5019107249416157,0.11132200621068478,0.04642379435244948,0.04663513309787959,0.1372126117348671
571,571,4.029644012451172,4.042244911193848,0.0002,2.5284340357421353,0.11133386939764023,0.04648999765049666,0.04669758852105588,0.137494508177042
572,572,4.015825271606445,4.032105922698975,0.0002,2.5516659775797796,0.11122890561819077,0.04655012162402272,0.04675601969938725,0.13777339085936546
573,573,4.0151472091674805,4.0305495262146,0.0002,2.5765439945008235,0.11166909337043762,0.0466023936169222,0.046813383931294084,0.13805163279175758
574,574,4.021066665649414,4.0308427810668945,0.0002,2.5954752744927427,0.11185385845601559,0.046671536983922124,0.0468750677537173,0.13833027705550194
575,575,4.0103278160095215,4.028749465942383,0.0002,2.611993233599623,0.11166987754404545,0.046721106162294745,0.046934309299103916,0.13860813900828362
576,576,4.028048515319824,4.017995834350586,0.0002,2.6309219621352797,0.11249820701777935,0.04678774031344801,0.04699529381468892,0.13888650387525558
577,577,4.0133771896362305,4.0348429679870605,0.0002,2.6443253139989706,0.1128756683319807,0.04683553671929985,0.04705079807899892,0.1391633115708828
578,578,4.024483680725098,4.032995223999023,0.0002,2.659700886427345,0.11264064349234104,0.0469009653897956,0.04710962495300919,0.13944191485643387
579,579,4.025303840637207,4.018345832824707,0.0002,2.6692256729932438,0.1126361470669508,0.04695604939479381,0.04717073985375464,0.13972144201397896
580,580,4.020637035369873,4.030940055847168,0.0002,2.674035324567687,0.11327049694955349,0.04701620142441243,0.04722807428333908,0.13999975472688675
581,581,4.018560409545898,4.02032470703125,0.0002,2.682743292685619,0.11314514838159084,0.04707766626961529,0.04729065077845007,0.14027893170714378
582,582,4.023038864135742,4.018514156341553,0.0002,2.6909403399019864,0.11311512067914009,0.0471321705263108,0.04734662745613605,0.14055638015270233
583,583,4.023811340332031,4.021665573120117,0.0002,2.702091704997103,0.11327776312828064,0.04718515428248793,0.04740598483476788,0.14083166047930717
584,584,4.020526885986328,4.038629531860352,0.0002,2.713391097039128,0.11363304033875465,0.04725546156987548,0.047467040829360485,0.14110780879855156
585,585,4.018608570098877,4.031580448150635,0.0002,2.721840962524581,0.11411537230014801,0.04731096979230642,0.04752393823582679,0.14138368144631386
586,586,4.024343013763428,4.032033443450928,0.0002,2.7281166484256456,0.11401502601802349,0.04737056978046894,0.04758257663343102,0.14166168123483658
587,587,4.015443325042725,4.018584728240967,0.0002,2.733485313956298,0.11450361646711826,0.047422146424651146,0.04763760988134891,0.14193937927484512
588,588,4.020855903625488,4.020086765289307,0.0002,2.7362351347077936,0.11416071280837059,0.04748290032148361,0.04769860929809511,0.1422186903655529
589,589,4.022275924682617,4.027408123016357,0.0002,2.7388053278652866,0.11447608098387718,0.04753370746038854,0.04775419761426747,0.14249750971794128
590,590,4.014029502868652,4.016578674316406,0.0002,2.7453170164787757,0.11485671252012253,0.047596955322660506,0.04781272425316274,0.1427776888012886
591,591,4.0274457931518555,4.017436504364014,0.0002,2.5561796844802833,0.11488757655024529,0.04765827488154173,0.047871933318674564,0.14305775985121727
592,592,4.015159606933594,4.031580924987793,0.0002,2.578430968472717,0.11488949507474899,0.04771687451284379,0.04793011082801968,0.14333993941545486
593,593,4.00972843170166,4.0097761154174805,0.0002,2.6008614938285257,0.11548621580004692,0.04777419718448073,0.047988780424930155,0.1436220146715641
594,594,4.007421493530273,4.019608974456787,0.0002,2.419747127306955,0.11564313247799873,0.04783049935940653,0.04804587026592344,0.14390544965863228
595,595,4.015204429626465,4.029816627502441,0.0002,2.454799706032819,0.1157821286469698,0.047881206846795976,0.048101309686899185,0.1441873461008072
596,596,4.010612964630127,4.0149688720703125,0.0002,2.491615269644875,0.11622454226016998,0.04794409195892513,0.048159757163375616,0.14447129517793655
597,597,4.029055118560791,4.017882823944092,0.0002,2.5207909868449,0.11628168635070324,0.04799916211050004,0.0482173184864223,0.1447550728917122
598,598,4.015305519104004,4.029966831207275,0.0002,2.5451140693684082,0.1164440419524908,0.04805552458856255,0.04827319155447185,0.1450367495417595
599,599,4.031428337097168,4.024369239807129,0.0002,2.5708006594728023,0.11636595986783504,0.048111135605722666,0.0483333672164008,0.1453191228210926
600,600,4.013541221618652,4.0236310958862305,0.0002,2.5902150428023085,0.11663025431334972,0.04817688814364374,0.048391930875368416,0.14560282602906227
601,601,4.020078182220459,4.017724514007568,0.0002,2.61061507704574,0.11686895415186882,0.04822730494197458,0.048448656452819705,0.14588559418916702
602,602,4.014448165893555,4.01632022857666,0.0002,2.630322584443142,0.11680031381547451,0.048285066382959485,0.0485035969177261,0.14616846293210983
603,603,4.003022193908691,4.012597560882568,0.0002,2.644146752450012,0.11751246266067028,0.048345196759328246,0.04856384580489248,0.14645350724458694
604,604,4.009056091308594,4.020993232727051,0.0002,2.6622603166645855,0.11727166548371315,0.04839902650564909,0.04861943784635514,0.146736279129982
605,605,4.020094871520996,4.019548416137695,0.0002,2.674579907961102,0.11785832047462463,0.04845631879288703,0.048676184262149036,0.147019874304533
606,606,4.01959753036499,4.0270843505859375,0.0002,2.68353398129188,0.11801864579319954,0.04851776279974729,0.048735626274719834,0.14730344340205193
607,607,4.013241767883301,4.019339084625244,0.0002,2.6950235753609797,0.11793394014239311,0.04856839752756059,0.048787590116262436,0.1475866176187992
608,608,4.011536121368408,4.012401580810547,0.0002,2.702167384162775,0.11796958930790424,0.04862117941956967,0.04884562676306814,0.14787059649825096
609,609,4.014379501342773,4.022866725921631,0.0002,2.712092232686781,0.11862451210618019,0.04868304845876992,0.04890480893664062,0.1481551118195057
610,610,4.010532855987549,4.010669708251953,0.0002,2.7202675207814067,0.11856730468571186,0.04874238814227283,0.04896154860034585,0.14843888953328133
611,611,4.026824474334717,4.017032623291016,0.0002,2.72596693707965,0.11851640418171883,0.04878805915359408,0.049013668787665665,0.14872153475880623
612,612,4.011871814727783,4.017899513244629,0.0002,2.735444890853663,0.1188531406223774,0.04884714388754219,0.04906919214408845,0.14900513365864754
613,613,4.0087080001831055,4.009274959564209,0.0002,2.7406267977930985,0.11928743682801723,0.048900283640250564,0.049124724231660366,0.14928865432739258
614,614,4.029008865356445,4.008849620819092,0.0002,2.551831228629761,0.11929250694811344,0.048960439511574805,0.04918325843755156,0.14957161247730255
615,615,4.014138221740723,4.016580581665039,0.0002,2.381560879831547,0.11925326474010944,0.04901289672125131,0.04923820309340954,0.1498536467552185
616,616,4.005812644958496,4.013938903808594,0.0002,2.4198201504386323,0.11975082196295261,0.04907063604332507,0.04929332179017365,0.1501375138759613
617,617,4.014338493347168,4.009125709533691,0.0002,2.4543358810990537,0.12004571221768856,0.04912192944902927,0.0493471558438614,0.1504204347729683
618,618,4.0126214027404785,4.022452354431152,0.0002,2.491358272533547,0.12003552354872227,0.049182378337718546,0.04940513055771589,0.150705698877573
619,619,4.01044225692749,4.0034098625183105,0.0002,2.5208550778449386,0.12042761035263538,0.04923965607304126,0.04946289642248303,0.1509883999824524
620,620,4.006133556365967,4.023133277893066,0.0002,2.3455007728163717,0.1204836331307888,0.04928645258769393,0.04951637936756015,0.1512717716395855
621,621,4.004284858703613,4.008823394775391,0.0002,2.3892935072681305,0.1210286132991314,0.04933835857082158,0.049569528084248304,0.15155576542019844
622,622,3.9997055530548096,4.01357364654541,0.0002,2.4276962206424795,0.12094800360500813,0.049396330025047064,0.049623468541540205,0.15183722972869873
623,623,4.016305923461914,4.012022495269775,0.0002,2.4632137446438955,0.1210310086607933,0.04944951308425516,0.04967809491790831,0.15211796760559082
624,624,4.001760482788086,4.015231609344482,0.0002,2.4950115410007063,0.12126064114272594,0.04950209497474134,0.049731647479347885,0.15239707380533218
625,625,4.00418758392334,4.001487731933594,0.0002,2.525822401667806,0.12159374915063381,0.04956201324239373,0.0497902788920328,0.1526777371764183
626,626,4.003795623779297,4.004321575164795,0.0002,2.3430465551067816,0.12162353843450546,0.04962421371601522,0.04984790156595409,0.1529598869383335
627,627,4.010677814483643,4.004059314727783,0.0002,2.385403466822843,0.12165848910808563,0.0496717473724857,0.04989961546380073,0.1532401740550995
628,628,4.011361598968506,4.006381034851074,0.0002,2.4231270146519024,0.12180601805448532,0.04973334074020386,0.049955996801145375,0.15352287888526917
629,629,4.021941661834717,4.010381698608398,0.0002,2.4610281091274713,0.12225736677646637,0.049781277193687856,0.050011790939606726,0.15380487591028214
630,630,4.019493103027344,4.007107734680176,0.0002,2.4913779995454837,0.12191437929868698,0.049835709389299154,0.05006778275128454,0.15408822149038315
631,631,4.003793239593506,4.0047607421875,0.0002,2.5183210224491237,0.12217028066515923,0.049891579314135015,0.05011861037928611,0.15437227115035057
632,632,4.005588531494141,4.005158424377441,0.0002,2.5422731784918216,0.1228888500481844,0.04994649067521095,0.05017690500244498,0.15465682372450829
633,633,3.9976954460144043,4.002032279968262,0.0002,2.5628693120390262,0.12257093004882336,0.04999896034132689,0.05023057828657329,0.15494100004434586
634,634,4.013494491577148,4.005791664123535,0.0002,2.5836449739161247,0.12317590788006783,0.0500458856113255,0.0502807735465467,0.15522582083940506
635,635,4.015691757202148,4.003328323364258,0.0002,2.601203635888058,0.12287050485610962,0.050104565219953656,0.05033721902873367,0.15550898388028145
636,636,4.006792068481445,4.01143741607666,0.0002,2.6170753872783665,0.12329307198524475,0.05016097973566502,0.0503922791685909,0.15579093247652054
637,637,3.993818759918213,4.014745235443115,0.0002,2.634689548395624,0.1230178065598011,0.05020945705473423,0.05044293007813394,0.15607164055109024
638,638,3.9902021884918213,4.011833190917969,0.0002,2.6484277965160348,0.1235205065459013,0.05026117851957679,0.05049774260260165,0.15635348111391068
639,639,4.009701728820801,4.0131683349609375,0.0002,2.6629190524572417,0.1236554142087698,0.05032047035638243,0.05055443861056119,0.15663574635982513
640,640,4.0102009773254395,4.006402015686035,0.0002,2.6739304722386796,0.12391331233084202,0.050376925501041114,0.050608625868335366,0.15691711753606796
641,641,3.9967403411865234,4.021387100219727,0.0002,2.6825547228551443,0.12427141889929771,0.05042209348175675,0.05065997748170048,0.15719812363386154
642,642,3.995093584060669,4.017589569091797,0.0002,2.694001617018063,0.12448554113507271,0.05047770170494914,0.05070997087750584,0.15747972577810287
643,643,3.9969253540039062,3.998835563659668,0.0002,2.701589043196612,0.1249807421118021,0.0505333305336535,0.05076618993189186,0.1577635109424591
644,644,4.003835678100586,3.9995903968811035,0.0002,2.5156706339518795,0.12470824271440506,0.05058342474512756,0.05081878916826099,0.15804461389780045
645,645,4.010540962219238,4.001990795135498,0.0002,2.5423250597650595,0.12497865036129951,0.05063717206940055,0.05087125056888908,0.15832724049687386
646,646,4.0014214515686035,3.9994118213653564,0.0002,2.5692893732388735,0.12485584802925587,0.05068531131837517,0.05092192837037146,0.15861020237207413
647,647,3.999495506286621,3.9930689334869385,0.0002,2.5919874851255034,0.1254654973745346,0.05074094620067626,0.050973901990801096,0.15889554098248482
648,648,3.9932422637939453,4.003627300262451,0.0002,2.4176431029125376,0.12481006048619747,0.05077911645639688,0.051023950916714966,0.15917902067303658
649,649,3.9977264404296875,4.011266708374023,0.0002,2.4529016720072976,0.12537093460559845,0.05084299680311233,0.05107674398459494,0.15946241468191147
650,650,3.999810218811035,4.015907287597656,0.0002,2.4870139675068663,0.12629809230566025,0.050887553370557725,0.05112559103872627,0.1597466878592968
651,651,4.0085039138793945,4.005402565002441,0.0002,2.5153553055664615,0.12625207751989365,0.050935284001752734,0.05117379000876099,0.16003075242042542
652,652,3.999124526977539,3.993828058242798,0.0002,2.5438283241224653,0.12626656144857407,0.05098973959684372,0.05122911662328988,0.16031496599316597
653,653,4.0043840408325195,4.010422706604004,0.0002,2.572689143951789,0.1262497641146183,0.05103530455380678,0.05127759312745184,0.16060079261660576
654,654,3.9981942176818848,4.011969566345215,0.0002,2.593856609761889,0.12695467472076416,0.05109333759173751,0.0513290383387357,0.16088610142469406
655,655,4.000114440917969,4.009909629821777,0.0002,2.6147005454077195,0.12648466974496841,0.051138012669980526,0.051377903670072556,0.16117272526025772
656,656,3.9909043312072754,4.00502872467041,0.0002,2.629586561129558,0.12665192782878876,0.05118850490543991,0.05143110570497811,0.16145770996809006
657,657,3.997443675994873,4.007593154907227,0.0002,2.6462246139697325,0.12705498933792114,0.05123044643551111,0.051474684034474194,0.16174107789993286
658,658,4.00783634185791,4.013470649719238,0.0002,2.658701159878313,0.12751385942101479,0.05128565616905689,0.051528247189708054,0.1620277799665928
659,659,3.989859104156494,4.000347137451172,0.0002,2.673308040473237,0.12788168713450432,0.05133745272178203,0.05158113676588982,0.16231203451752663
660,660,4.008553504943848,4.008756637573242,0.0002,2.6883632852331205,0.12739088758826256,0.05138440756127238,0.05163095227908343,0.1625964343547821
661,661,3.992730140686035,3.9969282150268555,0.0002,2.7022733469618294,0.12798460200428963,0.0514415375655517,0.051681675598956645,0.16288038343191147
662,662,3.9842562675476074,4.028554916381836,0.0002,2.709055656283208,0.12803548201918602,0.05148731451481581,0.05173210788052529,0.16316454112529755
663,663,3.989936590194702,4.006106376647949,0.0002,2.718286037834278,0.12770839408040047,0.051539018051698804,0.05177911010105163,0.16344718262553215
664,664,4.006713390350342,3.9961743354797363,0.0002,2.722817895169214,0.1283804140985012,0.051591747091151774,0.051834363606758416,0.16373351588845253
665,665,4.001353740692139,3.991743564605713,0.0002,2.7306630296865597,0.1289144791662693,0.0516354403225705,0.051879337057471275,0.1640194095671177
666,666,4.002866268157959,4.000403881072998,0.0002,2.5428007673184063,0.1287342719733715,0.051689271815121174,0.05193266738206148,0.16430767253041267
667,667,3.987873077392578,3.994509696960449,0.0002,2.5661637382747093,0.1290527917444706,0.05172672658227384,0.051977434544824064,0.16459384560585022
668,668,4.000555992126465,4.002451419830322,0.0002,2.589790505928681,0.12891441211104393,0.051785669405944645,0.05203151726163924,0.16488100960850716
669,669,3.9934778213500977,3.9984560012817383,0.0002,2.607289423654046,0.12930415198206902,0.05183258047327399,0.05208141263574362,0.16516826301813126
670,670,4.002531051635742,3.993436813354492,0.0002,2.6266062231663145,0.12953244522213936,0.05188475106842816,0.05213120055850595,0.16545345261693
671,671,3.990899085998535,3.993734836578369,0.0002,2.640484008956851,0.13005460798740387,0.05193615483585745,0.052182953571900725,0.16573930531740189
672,672,4.002066612243652,4.001991271972656,0.0002,2.657940753614826,0.1301635205745697,0.05198092956561595,0.05223059351556003,0.16602443158626556
673,673,3.99558424949646,3.9981040954589844,0.0002,2.6737292959115564,0.12987202405929565,0.05203805130440742,0.052283882279880345,0.16631027311086655
674,674,4.003059387207031,3.998137950897217,0.0002,2.684917602389677,0.12939675897359848,0.05207265925128013,0.05232499714475125,0.16659365221858025
675,675,3.9838435649871826,3.9889488220214844,0.0002,2.692625030923034,0.13017317280173302,0.05213684507180005,0.05238076625391841,0.16687874495983124
676,676,3.9871633052825928,4.010066986083984,0.0002,2.5085441405230107,0.13010526448488235,0.05218849657103419,0.05243237968534231,0.1671656370162964
677,677,3.991386890411377,3.9980101585388184,0.0002,2.5350427959702806,0.13115989789366722,0.0522310403175652,0.05247764370869845,0.16745053231716156
678,678,3.9864118099212646,3.9884843826293945,0.0002,2.5576653583630007,0.13113154470920563,0.0522761857137084,0.05252848123200238,0.16773595660924911
679,679,3.9891247749328613,3.999732494354248,0.0002,2.387314998223733,0.1311849281191826,0.052330416394397616,0.05257790279574692,0.16802408918738365
680,680,4.009337902069092,4.014117240905762,0.0002,2.4283555975517537,0.13080793246626854,0.05237333907280117,0.05262369615957141,0.16831091046333313
681,681,4.00346565246582,3.9889917373657227,0.0002,2.4653022623260474,0.13092144951224327,0.05242207972332835,0.052674749516882,0.16860130056738853
682,682,3.9791836738586426,3.993882179260254,0.0002,2.495445705221553,0.1314101256430149,0.052472312352620065,0.05272288341075182,0.1688903532922268
683,683,3.983450412750244,4.000094890594482,0.0002,2.5219710028822666,0.13200851529836655,0.05252257676329464,0.0527723798295483,0.16917767003178596
684,684,3.984715700149536,3.9940428733825684,0.0002,2.5492201313442604,0.13201937824487686,0.05256568128243089,0.05282246205024421,0.16946695744991302
685,685,3.9788894653320312,3.9911727905273438,0.0002,2.571244911494346,0.13196896761655807,0.052619338617660105,0.05286814214196056,0.1697538122534752
686,686,3.984891653060913,4.003787994384766,0.0002,2.5903568934690946,0.13261212036013603,0.05266462790314108,0.05291564657818526,0.17004377022385597
687,687,4.003206253051758,3.9878101348876953,0.0002,2.6114097862735703,0.13277973234653473,0.052708654664456844,0.05296150839421898,0.17033211886882782
688,688,4.008277893066406,3.991861343383789,0.0002,2.4352929237418786,0.13239514827728271,0.05275496654212475,0.053012075019069016,0.17062228918075562
689,689,3.9816157817840576,4.019172191619873,0.0002,2.471086452599373,0.13269471377134323,0.052803308120928705,0.053059217520058155,0.1709134466946125
690,690,3.977438449859619,3.989779472351074,0.0002,2.502489979538878,0.13323916867375374,0.052848950028419495,0.05310333531815559,0.17120469734072685
691,691,3.9759864807128906,4.013879776000977,0.0002,2.5305114322917706,0.13351404294371605,0.05289456178434193,0.05315141100436449,0.1714952476322651
692,692,3.978522539138794,3.9957258701324463,0.0002,2.5537494160588126,0.13304784893989563,0.05294432572554797,0.053199115907773376,0.17178773134946823
693,693,3.97865891456604,3.989858388900757,0.0002,2.5818408487906237,0.13297586888074875,0.0529796052724123,0.053245776682160795,0.1720789186656475
694,694,3.9913060665130615,3.9989495277404785,0.0002,2.6011779912176363,0.13391931727528572,0.05302850145380944,0.05329012405127287,0.17236829921603203
695,695,3.981506824493408,3.9901344776153564,0.0002,2.617218818154914,0.13399971276521683,0.05308279593009502,0.0533395002130419,0.1726585105061531
696,696,3.9852962493896484,3.994846820831299,0.0002,2.6374949837420356,0.13447852432727814,0.05312084895558655,0.053383618127554655,0.17294666543602943
697,697,3.979238271713257,3.98746919631958,0.0002,2.652950610148883,0.13386787846684456,0.05318298516795039,0.05343708221334964,0.17323796823620796
698,698,3.987187623977661,4.011594772338867,0.0002,2.4603239380194406,0.13429691642522812,0.05321160634048283,0.05347765306942165,0.1735244207084179
699,699,3.9814374446868896,4.005616188049316,0.0002,2.4939230888409853,0.13415778800845146,0.05326981365215033,0.05352768930606544,0.17381403967738152
700,700,3.9878454208374023,3.9842145442962646,0.0002,2.524812305651654,0.1356201097369194,0.05330565001349896,0.053570871939882636,0.1741029918193817
701,701,3.987175464630127,3.9827542304992676,0.0002,2.3578357423291,0.13497640565037727,0.05335594352800399,0.05361813271883875,0.17439064756035805
702,702,4.003345012664795,3.986021041870117,0.0002,2.2071651101418186,0.1353433057665825,0.053403399186208844,0.053664798266254365,0.17467842623591423
703,703,3.985968828201294,3.9862112998962402,0.0002,2.2635972776223583,0.13543575629591942,0.05344739893916994,0.05370997020509094,0.17496495693922043
704,704,3.9937736988067627,3.979037046432495,0.0002,2.316854484919903,0.13570905104279518,0.05349599674809724,0.053757325280457735,0.17525078728795052
705,705,3.9889039993286133,3.9825780391693115,0.0002,2.169633293048822,0.13585379347205162,0.053544052643701434,0.05380824604071677,0.17553814500570297
706,706,3.9839389324188232,4.006595611572266,0.0002,2.229199578966851,0.13566254079341888,0.053592872340232134,0.05385470704641193,0.17582524567842484
707,707,3.980227470397949,3.9915804862976074,0.0002,2.2826455709544358,0.13674486055970192,0.05363567324820906,0.053899267106316984,0.17611266672611237
708,708,3.9959664344787598,3.985032558441162,0.0002,2.3303183993374716,0.1363537535071373,0.053678607917390764,0.053944523562677205,0.17639903351664543
709,709,3.9822301864624023,3.980844020843506,0.0002,2.3732217561536566,0.13641250133514404,0.05373617401346564,0.05399603955447674,0.17668788507580757
710,710,3.98458194732666,3.9978041648864746,0.0002,2.4117778825308482,0.1361735574901104,0.05378666240721941,0.05404389020986855,0.17697708681225777
711,711,3.9803545475006104,3.982957124710083,0.0002,2.446661199346287,0.1366904117166996,0.05382464383728802,0.05408821301534772,0.1772683933377266
712,712,3.9855096340179443,3.993835687637329,0.0002,2.4780025225416216,0.13695018738508224,0.05387326120398939,0.05413323221728206,0.17756107077002525
713,713,3.9875669479370117,3.992250680923462,0.0002,2.5061932904638025,0.13720904290676117,0.05391372158192098,0.0541795693570748,0.17785551771521568
714,714,3.9755911827087402,3.987992525100708,0.0002,2.535302192392655,0.13708757609128952,0.05396049900446087,0.05422742059454322,0.1781495250761509
715,715,3.9967880249023438,4.0055646896362305,0.0002,2.558628399604574,0.13722321763634682,0.05401663400698453,0.05427792447153479,0.17844538390636444
716,716,3.98530912399292,3.9902944564819336,0.0002,2.5818788380549953,0.1374134123325348,0.05405759089626372,0.054324828437529504,0.17873938009142876
717,717,3.988860607147217,3.9786415100097656,0.0002,2.6009975950196713,0.1378476768732071,0.05410722177475691,0.05437207350041717,0.17903662100434303
718,718,3.9749228954315186,3.982581853866577,0.0002,2.4256872606948257,0.1379271112382412,0.054149409057572484,0.054418643238022923,0.1793350800871849
719,719,3.9713902473449707,3.98671293258667,0.0002,2.460231889556657,0.1382070779800415,0.05419819348026067,0.05446769716218114,0.17963120713829994
720,720,3.982396364212036,4.001591682434082,0.0002,2.4904572384648467,0.13807737827301025,0.05424498056527227,0.05451265862211585,0.17992686480283737
721,721,3.9953432083129883,3.9909937381744385,0.0002,2.5226606222637447,0.1383150927722454,0.05429779412224889,0.054563181824050844,0.18022224307060242
722,722,3.9921281337738037,3.9737424850463867,0.0002,2.5519384363138298,0.13807490840554237,0.0543359040748328,0.05461042269598693,0.18051646277308464
723,723,3.983719825744629,3.9768548011779785,0.0002,2.3813754961317852,0.13827503100037575,0.05438559502363205,0.05465586273930967,0.18081063777208328
724,724,3.9945731163024902,3.9922242164611816,0.0002,2.4201064919248436,0.13911795616149902,0.05443139118142426,0.05470267275813967,0.18110328912734985
725,725,3.99169921875,3.9810049533843994,0.0002,2.4540080599286984,0.1390991024672985,0.05447921378072351,0.05475172330625355,0.18139733374118805
726,726,3.986273765563965,3.993175506591797,0.0002,2.4890944269854907,0.13943461701273918,0.05452238395810127,0.0547957515809685,0.18169068172574043
727,727,3.972350597381592,3.9745755195617676,0.0002,2.516500445747225,0.13972026482224464,0.054574294365011156,0.05484575661830604,0.18198610469698906
728,728,3.9717140197753906,3.9632277488708496,0.0002,2.5409312240306905,0.1393614336848259,0.054620359442196786,0.05489140097051859,0.18228066340088844
729,729,3.9804916381835938,4.001617908477783,0.0002,2.371617814870136,0.13985979929566383,0.05466877995058894,0.05494180880486965,0.18257945775985718
730,730,3.9798474311828613,3.990017890930176,0.0002,2.411699688592104,0.1402585543692112,0.054715431993827224,0.05498695292044431,0.18287867680191994
731,731,3.9803552627563477,3.974076747894287,0.0002,2.446719040802612,0.14067019894719124,0.054770644404925406,0.055038973805494606,0.18318017944693565
732,732,3.983811855316162,4.009347915649414,0.0002,2.4813733221678245,0.14052364230155945,0.054812696180306375,0.05508457438554615,0.18348249793052673
733,733,3.9726016521453857,3.974600315093994,0.0002,2.5102897567824924,0.1406882368028164,0.05485236120875925,0.05512902233749628,0.18378208950161934
734,734,3.974781036376953,4.020362377166748,0.0002,2.5405110256654826,0.14168669283390045,0.05490461247973144,0.05517977464478463,0.1840813122689724
735,735,3.9660604000091553,3.985079050064087,0.0002,2.5654176486667293,0.14088647440075874,0.05495956481900066,0.055232419865205884,0.18438177183270454
736,736,3.9748940467834473,3.9904043674468994,0.0002,2.587774343501076,0.1410483419895172,0.055004978203214705,0.055280331638641655,0.18468192592263222
737,737,3.97047758102417,3.976625442504883,0.0002,2.607360879677626,0.14156246930360794,0.05505207378882915,0.055326657835394144,0.18498312681913376
738,738,3.970541000366211,3.978254795074463,0.0002,2.6262237478636767,0.14195948839187622,0.0550895647611469,0.05537249590270221,0.18528416752815247
739,739,3.9947385787963867,3.9735586643218994,0.0002,2.64068603424273,0.14155928045511246,0.055138117051683366,0.05542055482510477,0.18558135256171227
740,740,3.9640231132507324,3.9712753295898438,0.0002,2.655175321074752,0.14170169830322266,0.05519412225112319,0.05546826880890876,0.18587904050946236
741,741,3.981567859649658,3.9829182624816895,0.0002,2.667722494835137,0.141672782599926,0.055235560168512166,0.055512492544949055,0.18617691844701767
742,742,3.9798355102539062,3.982124090194702,0.0002,2.6832893109874756,0.14233031496405602,0.055284441565163434,0.055563663598150015,0.18647542968392372
743,743,3.9769208431243896,3.9827089309692383,0.0002,2.693697942433808,0.14208905398845673,0.05532941094134003,0.05560686008539051,0.18677271530032158
744,744,3.9670276641845703,3.9726576805114746,0.0002,2.70400015803593,0.14200254902243614,0.05537864763755351,0.05565623356960714,0.18706948682665825
745,745,3.977250099182129,3.976215362548828,0.0002,2.710584421995045,0.142387967556715,0.05542529735248536,0.0557062323205173,0.1873692013323307
746,746,3.9615893363952637,3.9754347801208496,0.0002,2.71539224936504,0.14314844086766243,0.05546537693589926,0.05574980401434004,0.18766429647803307
747,747,3.991969585418701,3.9824252128601074,0.0002,2.7197171063975176,0.14360382035374641,0.055514401057735085,0.055795079679228365,0.1879630610346794
748,748,3.9651577472686768,3.9642550945281982,0.0002,2.7277640873720044,0.14376790821552277,0.05556936259381473,0.05584728519897908,0.18826237693428993
749,749,3.962070941925049,3.96451997756958,0.0002,2.7318275809478507,0.14357801154255867,0.05560571979731321,0.05588811507914215,0.18856089934706688
750,750,3.9711883068084717,3.9816763401031494,0.0002,2.7386838016749357,0.14426932111382484,0.0556493797339499,0.0559318132000044,0.18885932862758636
751,751,3.9921746253967285,3.980492353439331,0.0002,2.7476250235614423,0.14381339773535728,0.055700168712064624,0.05598351045046002,0.1891581416130066
752,752,3.9664368629455566,3.9704275131225586,0.0002,2.7517240922371897,0.1437293030321598,0.05574292689561844,0.05602534953504801,0.1894555501639843
753,753,3.966038465499878,3.973586082458496,0.0002,2.7568783800702685,0.14469657838344574,0.05579377117101103,0.05607360682915896,0.189754880964756
754,754,3.975499153137207,3.9744155406951904,0.0002,2.7575795471453333,0.14465636014938354,0.05583703680895269,0.056120498455129564,0.19005414471030235
755,755,3.966456890106201,3.977994918823242,0.0002,2.7613149691865457,0.14498965069651604,0.055882079876028,0.05616704921703786,0.19035374000668526
756,756,3.9759809970855713,3.9757721424102783,0.0002,2.7623763178826914,0.14481066167354584,0.05592660594265908,0.05620983149856329,0.19065450504422188
757,757,3.963698148727417,3.9904556274414062,0.0002,2.7621318958849934,0.1457166187465191,0.055970290559343994,0.056256171432323754,0.19095533341169357
758,758,3.9741125106811523,3.970994472503662,0.0002,2.7662250744387067,0.1452631652355194,0.056019888957962394,0.05630138609558344,0.1912560649216175
759,759,3.968916416168213,3.9874467849731445,0.0002,2.765718450657026,0.14510155841708183,0.056062667863443494,0.05634992592968047,0.19155575707554817
760,760,3.9658775329589844,3.985382080078125,0.0002,2.7713574066042135,0.1458243429660797,0.05610607727430761,0.05639195174444467,0.1918548010289669
761,761,3.9593210220336914,3.969998359680176,0.0002,2.773134660224515,0.14597227424383163,0.05613800615537912,0.056433090823702514,0.19215559214353561
762,762,3.966966152191162,3.972046375274658,0.0002,2.775865808881085,0.1456165499985218,0.05619421985466033,0.05648346757516265,0.19245663285255432
763,763,3.952521324157715,3.985107421875,0.0002,2.774763788458854,0.1460825577378273,0.05624245654325932,0.0565321046160534,0.19275671616196632
764,764,3.9813504219055176,3.9553117752075195,0.0002,2.7769245737059363,0.14661534875631332,0.05628483882173896,0.05657587351743132,0.19305577129125595
765,765,3.9612903594970703,3.987525463104248,0.0002,2.5697034222973527,0.14687924459576607,0.05632821470499039,0.05662104079965502,0.19335326552391052
766,766,3.9645915031433105,3.9801766872406006,0.0002,2.5895707793112765,0.14696070551872253,0.05637011118233204,0.056664940901100636,0.1936531476676464
767,767,3.956221580505371,3.977029323577881,0.0002,2.6117162239119147,0.14671634882688522,0.05641682434361428,0.056709263822995126,0.19395047798752785
768,768,3.9815914630889893,3.9703235626220703,0.0002,2.631297755054641,0.14741170406341553,0.05646857456304133,0.05676015582866967,0.19424910098314285
769,769,3.9810171127319336,3.9756665229797363,0.0002,2.6480773962358843,0.14756102114915848,0.05651350517291576,0.0568037461489439,0.19454846903681755
770,770,3.9700403213500977,3.966881513595581,0.0002,2.663460883241946,0.14770762994885445,0.05655512504745275,0.056848985608667135,0.19484364613890648
771,771,3.9480252265930176,3.9757320880889893,0.0002,2.6734840381662175,0.14736571162939072,0.05660695570986718,0.056898511829786,0.1951407492160797
772,772,3.976985454559326,3.98370361328125,0.0002,2.686470237891743,0.14797361567616463,0.05665828241035342,0.056949193705804646,0.19543828815221786
773,773,3.9704642295837402,3.979039192199707,0.0002,2.699949332764408,0.14805233851075172,0.05669140873942524,0.056990675162523985,0.1957346647977829
774,774,3.9599454402923584,3.9825758934020996,0.0002,2.7083205974431523,0.14816340059041977,0.056736885802820325,0.05703364417422563,0.19603321701288223
775,775,3.960719585418701,3.9677810668945312,0.0002,2.7143581848808713,0.1485954225063324,0.0567865566117689,0.0570822071749717,0.1963294893503189
776,776,3.966157913208008,3.978356122970581,0.0002,2.7188280187053615,0.14873645827174187,0.056831674417480826,0.057126151164993644,0.19662711396813393
777,777,3.971210241317749,3.9593372344970703,0.0002,2.72511664960155,0.14900321513414383,0.05687285214662552,0.057166134123690426,0.1969241313636303
778,778,3.9661102294921875,3.9740066528320312,0.0002,2.730777529577804,0.14918877929449081,0.05691275675781071,0.05721345776692033,0.19722161814570427
779,779,3.956366539001465,3.9774045944213867,0.0002,2.7339318628274176,0.14894280582666397,0.056955768377520144,0.057256913743913174,0.1975194662809372
780,780,3.95485258102417,3.965832233428955,0.0002,2.7407536010464333,0.14930396899580956,0.05700261238962412,0.057301688473671675,0.19781585410237312
781,781,3.956397294998169,3.9933505058288574,0.0002,2.746609055278489,0.14930164441466331,0.05704274133313447,0.05734362534713,0.19811296090483665
782,782,3.961473226547241,3.9771347045898438,0.0002,2.752925797868575,0.14979637786746025,0.05708994471933693,0.05738758388906717,0.19840839132666588
783,783,3.95175838470459,3.974957227706909,0.0002,2.756604365833582,0.149250790476799,0.05713448906317353,0.05743300274480134,0.19870278984308243
784,784,3.9706828594207764,3.9676287174224854,0.0002,2.7590864487263427,0.14960461482405663,0.057172183762304485,0.057474901201203465,0.19899865612387657
785,785,3.9671268463134766,3.974334478378296,0.0002,2.7591644449058226,0.14990350976586342,0.05721595685463399,0.05752073845360428,0.19929491728544235
786,786,3.9570302963256836,3.960627555847168,0.0002,2.7613771773228173,0.15020828694105148,0.0572585022309795,0.05756383470725268,0.199592012912035
787,787,3.9469923973083496,3.9542770385742188,0.0002,2.76337086017064,0.1505274884402752,0.057300647837109864,0.057606341084465384,0.19988830760121346
788,788,3.9577019214630127,3.989130735397339,0.0002,2.5714588789327006,0.15087668597698212,0.05734341684728861,0.057650025468319654,0.20018362253904343
789,789,3.9525976181030273,3.963900089263916,0.0002,2.5909558574099325,0.1504535861313343,0.05739539477508515,0.0576973365386948,0.20047876238822937
790,790,3.957792043685913,3.9695205688476562,0.0002,2.607793279725045,0.1507020890712738,0.057440597214736044,0.05774301860947162,0.20077574253082275
791,791,3.975621223449707,3.9717631340026855,0.0002,2.6266432486514764,0.15108362957835197,0.05747759202495217,0.05778297863435,0.20107148587703705
792,792,3.947732925415039,3.9631052017211914,0.0002,2.6411198744820745,0.15076077356934547,0.05752842384390533,0.05782991601154208,0.201369971036911
793,793,3.9706733226776123,3.9589271545410156,0.0002,2.657542560028161,0.15133611112833023,0.05756183934863657,0.0578711349517107,0.2016669511795044
794,794,3.954908847808838,3.971315860748291,0.0002,2.6719377870123866,0.15194372087717056,0.05760010704398155,0.057913769385777414,0.20196351781487465
795,795,3.9438042640686035,3.9509379863739014,0.0002,2.6812406551975334,0.1513206623494625,0.057655065320432186,0.057961002457886934,0.20226170867681503
796,796,3.965601921081543,3.970722198486328,0.0002,2.498127719869373,0.15232614800333977,0.05769878521095961,0.05800493049900979,0.20255900546908379
797,797,3.9436538219451904,3.96359920501709,0.0002,2.525348857708332,0.1517256163060665,0.0577390935504809,0.0580480364151299,0.20285648852586746
798,798,3.971219062805176,3.9711740016937256,0.0002,2.550786469497647,0.15234702825546265,0.05777970387134701,0.05808931705541909,0.20315265655517578
799,799,3.9785048961639404,3.9586095809936523,0.0002,2.5742779811780614,0.15296469628810883,0.057825960451737046,0.05813485849648714,0.20345327630639076
800,800,3.955721616744995,3.9578771591186523,0.0002,2.5948149068123274,0.15207688137888908,0.057870316435582936,0.05817891820333898,0.2037515640258789
801,801,3.9737918376922607,3.958003044128418,0.0002,2.611340859261058,0.1529819630086422,0.05790386162698269,0.05822069081477821,0.20405087620019913
802,802,3.9598333835601807,3.9612276554107666,0.0002,2.6265090669357165,0.15297209098935127,0.05795903760008514,0.05826756847091019,0.20435302704572678
803,803,3.9418888092041016,3.966096878051758,0.0002,2.639559363490367,0.15295609831809998,0.05799401749391109,0.05830606981180608,0.20465445145964622
804,804,3.94761323928833,3.961141586303711,0.0002,2.6551349829842987,0.15256333723664284,0.05804018583148718,0.05835297820158303,0.20495625585317612
805,805,3.956965923309326,3.941086769104004,0.0002,2.6668209565828658,0.15382474660873413,0.05808666883967817,0.058398763881996274,0.20525884628295898
806,806,3.9475197792053223,3.9503374099731445,0.0002,2.4853765133276546,0.15416477993130684,0.05812672188039869,0.05843954568263143,0.20556053891777992
807,807,3.9408035278320312,3.9544200897216797,0.0002,2.513599475893958,0.15384671092033386,0.058165647089481354,0.05848479294218123,0.20586364716291428
808,808,3.9422712326049805,3.9615211486816406,0.0002,2.5446507940408156,0.15417471528053284,0.05821745714638382,0.05853378784377128,0.20616692304611206
809,809,3.969809055328369,3.9518394470214844,0.0002,2.568662214876144,0.154028732329607,0.05826375575270504,0.058575344970449805,0.20647121593356133
810,810,3.94313383102417,3.95898175239563,0.0002,2.592520827150825,0.1541110761463642,0.05830982292536646,0.05862397840246558,0.20677755028009415
811,811,3.948594331741333,3.9711663722991943,0.0002,2.6097170519792305,0.15439995378255844,0.058343761367723346,0.058665003860369325,0.2070818617939949
812,812,3.952521324157715,3.9618215560913086,0.0002,2.628748261488327,0.15474044531583786,0.058393721701577306,0.05871104577090591,0.20738762989640236
813,813,3.963242292404175,3.9500529766082764,0.0002,2.6423898622843973,0.15453224256634712,0.05844067351426929,0.058757209102623165,0.20769410207867622
814,814,3.947030782699585,3.9503142833709717,0.0002,2.660219805677239,0.15510912239551544,0.05847609613556415,0.05879876122344285,0.2080008089542389
815,815,3.9631199836730957,3.958869218826294,0.0002,2.675342375803391,0.1549726203083992,0.05851339572109282,0.05883909505791962,0.20830564200878143
816,816,3.9483675956726074,3.95377779006958,0.0002,2.6863504157480933,0.15558838099241257,0.05856431380379945,0.058887607883661985,0.20861419662833214
817,817,3.9716687202453613,3.9757494926452637,0.0002,2.693523684049265,0.15558984130620956,0.058611676562577486,0.05893421615473926,0.20892047137022018
818,818,3.9594955444335938,3.959908962249756,0.0002,2.700249947497913,0.1556663066148758,0.058655510540120304,0.05898046970833093,0.20922723785042763
819,819,3.973817825317383,3.9486186504364014,0.0002,2.7103778198914643,0.15572313964366913,0.05870131403207779,0.05902335362043232,0.2095331810414791
820,820,3.945741653442383,3.959941864013672,0.0002,2.715727945030621,0.15596629679203033,0.05875377275515348,0.05907456169370562,0.2098410353064537
821,821,3.9580166339874268,3.9543538093566895,0.0002,2.720399301091419,0.1564726158976555,0.058794262004084885,0.05911725864280015,0.21014944836497307
822,822,3.941190481185913,3.943124771118164,0.0002,2.7282079911518338,0.15626085922122002,0.05882919696159661,0.059157718205824494,0.21045703068375587
823,823,3.9532272815704346,3.938778877258301,0.0002,2.7320553601692548,0.15711994841694832,0.05888553033582866,0.05920798995066434,0.21076950430870056
824,824,3.95280122756958,3.945333957672119,0.0002,2.5436920840093573,0.15709912031888962,0.058916142326779664,0.05924812238663435,0.21107836067676544
825,825,3.984631299972534,3.955545425415039,0.0002,2.5657953507104065,0.15738948062062263,0.05897705117240548,0.0593008465366438,0.21138646081089973
826,826,3.9488472938537598,3.9493281841278076,0.0002,2.591535405032874,0.15746179223060608,0.0590129861375317,0.05934218189213425,0.21169229969382286
827,827,3.956083297729492,3.96075439453125,0.0002,2.6111060273576934,0.1567363329231739,0.05906324496027082,0.05938940215855837,0.21199996396899223
828,828,3.9402518272399902,3.9610586166381836,0.0002,2.630832438177564,0.15751474723219872,0.059103394160047174,0.059429306420497596,0.21230746433138847
829,829,3.950319528579712,3.97137451171875,0.0002,2.6472358347121605,0.15789909288287163,0.059151864727027714,0.05947681376710534,0.21261444315314293
830,830,3.9487056732177734,3.95330810546875,0.0002,2.6595031473179676,0.15794136002659798,0.05919579660985619,0.059522804338485,0.21292094886302948
831,831,3.9366049766540527,3.943376064300537,0.0002,2.6696906337733273,0.1577572599053383,0.059236991102807224,0.05956686346326023,0.21322694793343544
832,832,3.936983585357666,3.953706741333008,0.0002,2.682147597727235,0.15805934369564056,0.05928882607258856,0.05961720400955528,0.21353522315621376
833,833,3.965894937515259,3.957819700241089,0.0002,2.6914031538852425,0.1586744748055935,0.05932421167381108,0.05965736403595656,0.2138442099094391
834,834,3.930401086807251,3.96699857711792,0.0002,2.7043409168063874,0.15833142027258873,0.0593619275605306,0.05970046005677432,0.21415316313505173
835,835,3.944395065307617,3.9667439460754395,0.0002,2.7124212271261365,0.15967344120144844,0.0594146428629756,0.05974763841368258,0.2144624963402748
836,836,3.9591665267944336,3.9507486820220947,0.0002,2.7212947503337617,0.1585339568555355,0.05946075345855206,0.05979347345419228,0.21477029100060463
837,837,3.937969207763672,3.951145648956299,0.0002,2.72577074754186,0.1593713015317917,0.05949711543507874,0.05983302986714989,0.21507761254906654
838,838,3.9486114978790283,3.955019474029541,0.0002,2.733383771047203,0.15945949405431747,0.05954453721642494,0.05987685709260404,0.21538624167442322
839,839,3.930607318878174,3.934144973754883,0.0002,2.736550831616611,0.15962108969688416,0.05958570109214634,0.059920795960351825,0.21568969637155533
840,840,3.9430506229400635,3.9615869522094727,0.0002,2.537548831450364,0.15928178280591965,0.059638019069097936,0.05996921949554235,0.2159944847226143
841,841,3.9461512565612793,3.9642958641052246,0.0002,2.5623641069355068,0.1601293459534645,0.0596772680291906,0.06001238105818629,0.21629926562309265
842,842,3.948751926422119,3.9725193977355957,0.0002,2.582672699379287,0.16022945567965508,0.05971563910134137,0.06005453655961901,0.21660516411066055
843,843,3.9619364738464355,3.941155433654785,0.0002,2.600523504699477,0.16012147068977356,0.05975648364983499,0.06009514257311821,0.21691102907061577
844,844,3.9376330375671387,3.9408833980560303,0.0002,2.616601283887161,0.1601829193532467,0.05980322777759284,0.060142734088003635,0.21721825003623962
845,845,3.9412341117858887,3.939394950866699,0.0002,2.6327327471334625,0.16083908081054688,0.05984845105558634,0.060187198338098824,0.21752626076340675
846,846,3.9427437782287598,3.9508767127990723,0.0002,2.6480374387599848,0.16117235645651817,0.059892653953284025,0.06022870307788253,0.21783360093832016
847,847,3.9415340423583984,3.95072078704834,0.0002,2.6591918750155683,0.16029568016529083,0.05993804649915546,0.06027521286159754,0.21814483404159546
848,848,3.9429068565368652,3.960573673248291,0.0002,2.6692669921247254,0.16168872267007828,0.05997243942692876,0.06031322572380304,0.218452587723732
849,849,3.9383678436279297,3.9463677406311035,0.0002,2.6785241322296267,0.1609363816678524,0.060014653601683676,0.06035633885767311,0.21876156702637672
850,850,3.9357380867004395,3.9675827026367188,0.0002,2.69044044319356,0.16158975660800934,0.060061820899136364,0.060400027548894286,0.2190699614584446
851,851,3.93825626373291,3.9405977725982666,0.0002,2.6979523944275305,0.16216165572404861,0.06009884225204587,0.06044269690755755,0.2193768247961998
852,852,3.947537899017334,3.9466185569763184,0.0002,2.7084499721552158,0.16154290363192558,0.060141439316794276,0.06048694904893637,0.21968580782413483
853,853,3.930600643157959,3.9442496299743652,0.0002,2.7202789936584963,0.16230151802301407,0.06018315686378628,0.06052400346379727,0.21999362483620644
854,854,3.9421026706695557,3.9375040531158447,0.0002,2.7291482005517405,0.16112550348043442,0.06021771882660687,0.06056703417561948,0.22030170261859894
855,855,3.922764539718628,3.941298723220825,0.0002,2.7348515076863134,0.1618351861834526,0.06025962333660573,0.060607940540649,0.22061201557517052
856,856,3.939894437789917,3.940084934234619,0.0002,2.741421116711249,0.16252072528004646,0.06030635070055723,0.060651465435512364,0.2209232747554779
857,857,3.938650131225586,3.966616630554199,0.0002,2.7438207106230537,0.16244015097618103,0.06034562084823847,0.06068743905052543,0.22123537585139275
858,858,3.925723075866699,3.9355266094207764,0.0002,2.7489230345174644,0.1629139743745327,0.06038700544741005,0.06073409994132817,0.22154894843697548
859,859,3.945866346359253,3.9374594688415527,0.0002,2.7512600251534463,0.16380101442337036,0.06043135444633663,0.06077652529347688,0.22186125069856644
860,860,3.954925537109375,3.9396378993988037,0.0002,2.7587001272867178,0.16342061385512352,0.06047073123045266,0.06081812421325594,0.22217663004994392
861,861,3.954066276550293,3.944920301437378,0.0002,2.7613891200764042,0.16307943314313889,0.060504285618662834,0.06085319886915386,0.2224891595542431
862,862,3.9339847564697266,3.9496326446533203,0.0002,2.764462055689266,0.1634729541838169,0.06054998526815325,0.060901805642060935,0.22280555590987206
863,863,3.939462184906006,3.930431365966797,0.0002,2.764221617752804,0.16330526024103165,0.060594428330659866,0.06093950197100639,0.22312260791659355
864,864,3.9267523288726807,3.9486470222473145,0.0002,2.571353141084116,0.16344443708658218,0.06062926666345447,0.06098181672859937,0.2234390825033188
865,865,3.9384870529174805,3.938953399658203,0.0002,2.5917335195316458,0.16413095965981483,0.060671252897009254,0.06102337909396738,0.22375745698809624
866,866,3.9206650257110596,3.9453277587890625,0.0002,2.6090293468554924,0.16478964686393738,0.06070564943365753,0.061056122183799744,0.224073376506567
867,867,3.943809986114502,3.9420337677001953,0.0002,2.624114147990087,0.16422869637608528,0.06075051275547594,0.06110271019861102,0.22438958659768105
868,868,3.947753667831421,3.9412784576416016,0.0002,2.6436859227107057,0.16387657076120377,0.06078920734580606,0.06113968091085553,0.22470375522971153
869,869,3.942135810852051,3.94498348236084,0.0002,2.660192891074553,0.164609394967556,0.060825384920462966,0.06118062813766301,0.22501837089657784
870,870,3.9298462867736816,3.930800199508667,0.0002,2.672739299245377,0.16466840729117393,0.06086733494885266,0.06122022413183004,0.22533124685287476
871,871,3.9218859672546387,3.9552347660064697,0.0002,2.6850823043806202,0.16616081073880196,0.060901626595295966,0.061257179477252066,0.22564522176980972
872,872,3.925962448120117,3.933260917663574,0.0002,2.6934073671526315,0.16582782566547394,0.060942260548472404,0.06129335332661867,0.22595808655023575
873,873,3.9420275688171387,3.927658796310425,0.0002,2.6999766593044083,0.16581401973962784,0.060986968921497464,0.06133902934379876,0.22627485170960426
874,874,3.943427562713623,3.9436450004577637,0.0002,2.51270197465284,0.16521547734737396,0.06102289038244635,0.061376661411486566,0.22659366577863693
875,875,3.9562954902648926,3.929687023162842,0.0002,2.538088943985369,0.1662994772195816,0.06104712781962007,0.06140600296203047,0.226910799741745
876,876,3.9399242401123047,3.9429826736450195,0.0002,2.560240418811589,0.16603614762425423,0.06109337881207466,0.06144807918462902,0.22723188623785973
877,877,3.9296324253082275,3.9429473876953125,0.0002,2.5802052075272877,0.1660759150981903,0.06112537230364978,0.06148540449794382,0.227549459785223
878,878,3.9182991981506348,3.939260721206665,0.0002,2.6016679590469867,0.16678280383348465,0.061162936384789646,0.06152310234028846,0.22786685824394226
879,879,3.9659805297851562,3.958888292312622,0.0002,2.6187238295219974,0.1670379377901554,0.06120772915892303,0.061564355506561697,0.22818460315465927
880,880,3.971714973449707,3.959254503250122,0.0002,2.637542304146752,0.16733393445611,0.06123782170470804,0.061602146131917834,0.22850070148706436
881,881,3.91554594039917,3.9444544315338135,0.0002,2.655892457826935,0.16746676713228226,0.061284532537683845,0.0616418847348541,0.22881821915507317
882,882,3.932887315750122,3.9310545921325684,0.0002,2.669268767062444,0.16649874672293663,0.06131816713605076,0.061681533115915954,0.2291349694132805
883,883,3.9340744018554688,3.9398021697998047,0.0002,2.6819116357184223,0.16653874516487122,0.06135656242258847,0.061718079494312406,0.22945112362504005
884,884,3.92899751663208,3.9280195236206055,0.0002,2.6907963056563924,0.16701225563883781,0.06140317441895604,0.06176373257767409,0.22977054864168167
885,885,3.935723304748535,3.929454803466797,0.0002,2.701635100915577,0.1675361916422844,0.061435736133717,0.06179764028638601,0.23008785769343376
886,886,3.932389736175537,3.9416282176971436,0.0002,2.7081430595276768,0.1685299575328827,0.06146950204856694,0.06183808285277337,0.23040777444839478
887,887,3.923920154571533,3.9382174015045166,0.0002,2.713324153014452,0.16845687106251717,0.06150788452941924,0.06187473493628204,0.23072586581110954
888,888,3.931906223297119,3.9542689323425293,0.0002,2.721956344474429,0.1680537685751915,0.06154114310629666,0.061907990952022374,0.23104151710867882
889,889,3.918444871902466,3.941087245941162,0.0002,2.7261694797690517,0.16823700070381165,0.06158185261301696,0.06195282260887325,0.2313585989177227
890,890,3.9310007095336914,3.941256523132324,0.0002,2.734727759617784,0.16855933517217636,0.06162068562116474,0.06198758527170867,0.23167050257325172
891,891,3.9385828971862793,3.9340035915374756,0.0002,2.7410293328273028,0.16854240000247955,0.06166427338030189,0.06203027185983956,0.23198352381587029
892,892,3.9320755004882812,3.9286015033721924,0.0002,2.7433208945264567,0.1690603718161583,0.06169945851434022,0.06206828448921442,0.23229505121707916
893,893,3.9239649772644043,3.9264063835144043,0.0002,2.748714786769867,0.1684560813009739,0.061743989237584174,0.062110864790156484,0.23260848969221115
894,894,3.9333913326263428,3.931934356689453,0.0002,2.557019023016501,0.16959534585475922,0.06177921884227544,0.062149406294338405,0.23292264714837074
895,895,3.9276809692382812,3.9495155811309814,0.0002,2.5781206768662193,0.16919014230370522,0.06181600282434374,0.062187499715946615,0.23323672264814377
896,896,3.946880340576172,3.9348807334899902,0.0002,2.5963521896882957,0.1693938821554184,0.06185337342321873,0.06222538556903601,0.23355156183242798
897,897,3.929262161254883,3.924692392349243,0.0002,2.612809844724684,0.16958924010396004,0.061884431866928935,0.06225887930486351,0.23386625200510025
898,898,3.94490122795105,3.940882682800293,0.0002,2.4357680293910318,0.16921905800700188,0.061932288808748126,0.06230264308396727,0.2341841608285904
899,899,3.916372299194336,3.9342880249023438,0.0002,2.466861699791637,0.17114153876900673,0.061961999628692865,0.062333804671652615,0.23450040817260742
900,900,3.9551470279693604,3.9336814880371094,0.0002,2.497229296643924,0.1709374524652958,0.06198904034681618,0.06236704031471163,0.23481592535972595
901,901,3.9194495677948,3.923522472381592,0.0002,2.5237110381135417,0.17067136615514755,0.062041776604019105,0.06241150188725442,0.23513088002800941
902,902,3.9154181480407715,3.9280459880828857,0.0002,2.3567596755083513,0.1711847074329853,0.06206800416111946,0.062444121344015,0.2354441098868847
903,903,3.92500638961792,3.9263341426849365,0.0002,2.3984622093023003,0.17113543301820755,0.062108166865073144,0.06248207681346685,0.2357574850320816
904,904,3.918246269226074,3.947129726409912,0.0002,2.438693295496499,0.17112835869193077,0.06214014650322497,0.06252088362816721,0.23606907203793526
905,905,3.9356937408447266,3.955284357070923,0.0002,2.4773292617455938,0.17142373695969582,0.062184876878745854,0.06255822023376822,0.2363797090947628
906,906,3.9305827617645264,3.92533540725708,0.0002,2.508391978447471,0.17160453274846077,0.062225437723100185,0.06259596440941095,0.23668882623314857
907,907,3.9158811569213867,3.9138503074645996,0.0002,2.5339725319329274,0.17229870334267616,0.06225079298019409,0.06262922286987305,0.23699777945876122
908,908,3.9408297538757324,3.956131935119629,0.0002,2.3654195043652035,0.17238536104559898,0.06229320133570582,0.06267459213268012,0.2373090796172619
909,909,3.9253437519073486,3.9283862113952637,0.0002,2.4054951231644353,0.17196418717503548,0.06233293260447681,0.062710149330087,0.23762034252285957
910,910,3.92230224609375,3.9299726486206055,0.0002,2.445187623541139,0.172565296292305,0.06236170476768166,0.06274434749502689,0.23793308809399605
911,911,3.934199810028076,3.9368536472320557,0.0002,2.480272311850574,0.172070425003767,0.06239891762379557,0.06277890736237168,0.2382449507713318
912,912,3.937227249145508,3.9590914249420166,0.0002,2.5095649852007216,0.17221178859472275,0.06244701368268579,0.06282391725108027,0.23855851590633392
913,913,3.9135289192199707,3.920091152191162,0.0002,2.540080605625706,0.17263027280569077,0.0624786508269608,0.06285936280619353,0.23887089267373085
914,914,3.912220001220703,3.9308595657348633,0.0002,2.5658682712381693,0.1728825345635414,0.06251607986632735,0.06289753154851496,0.23918665945529938
915,915,3.9225714206695557,3.9118103981018066,0.0002,2.5852374351874903,0.1733282282948494,0.06254787661600858,0.06292977056000382,0.23950309306383133
916,916,3.9225542545318604,3.9154446125030518,0.0002,2.4115129343599175,0.17285201326012611,0.06258027954027057,0.06296446092892438,0.23981785029172897
917,917,3.9189157485961914,3.931236982345581,0.0002,2.4474385778599284,0.1727680079638958,0.06262449431233108,0.06300675915554166,0.2401331216096878
918,918,3.9441957473754883,3.9348275661468506,0.0002,2.4784287022293636,0.1732611060142517,0.06264769798144698,0.06303640699479729,0.24044804275035858
919,919,3.9011178016662598,3.9625742435455322,0.0002,2.5103399322923714,0.17323166504502296,0.06268948398064822,0.06307340273633599,0.24076155573129654
920,920,3.9162211418151855,3.924374580383301,0.0002,2.536300143415849,0.17449835315346718,0.06272282463032752,0.06310805422253907,0.2410743348300457
921,921,3.9113852977752686,3.939533233642578,0.0002,2.5627609663399773,0.17518111318349838,0.06275001738686115,0.06314232316799462,0.24138470366597176
922,922,3.9092345237731934,3.9122982025146484,0.0002,2.588325274829976,0.17468177154660225,0.06279728841036558,0.06318464060314,0.2416946142911911
923,923,3.8970465660095215,3.937743902206421,0.0002,2.6082336600226146,0.1739834062755108,0.06282879156060517,0.06322077417280525,0.24200456589460373
924,924,3.9344687461853027,3.950751781463623,0.0002,2.628265446059957,0.1746688187122345,0.06286900583654642,0.06325865699909627,0.24231477081775665
925,925,3.922842025756836,3.915602445602417,0.0002,2.6424209758488035,0.17539719119668007,0.06290155253373086,0.06329347449354827,0.24262699857354164
926,926,3.900808095932007,3.9282240867614746,0.0002,2.65844121053777,0.17544960603117943,0.06294403586070985,0.06333182659000158,0.24294166639447212
927,927,3.9076995849609375,3.9347927570343018,0.0002,2.6723174481403578,0.17540091648697853,0.06297222268767655,0.06336423137690872,0.24325475841760635
928,928,3.9044148921966553,3.9085311889648438,0.0002,2.6823481407082737,0.1745123267173767,0.06301160517614335,0.06340078182984143,0.2435673139989376
929,929,3.9206244945526123,3.8963840007781982,0.0002,2.499240848023894,0.1743728257715702,0.06305313610937446,0.06344335502944887,0.2438812404870987
930,930,3.9232044219970703,3.913545846939087,0.0002,2.3343094083303364,0.17585595324635506,0.06307778635527939,0.0634711489547044,0.24419232085347176
931,931,3.9288883209228516,3.9290075302124023,0.0002,2.377801010231745,0.1756836362183094,0.06311035272665322,0.06350535759702325,0.24450458213686943
932,932,3.9133424758911133,3.911243200302124,0.0002,2.416079823585432,0.17652668058872223,0.06316147779580206,0.06355465145315975,0.24482019245624542
933,933,3.91401743888855,3.9292187690734863,0.0002,2.4504048492829953,0.17641794681549072,0.0631956389406696,0.06358619581442326,0.2451336719095707
934,934,3.909562587738037,3.924774169921875,0.0002,2.485046492335669,0.17599020525813103,0.06322455639019608,0.06362072576303035,0.24544782936573029
935,935,3.918623447418213,3.9297711849212646,0.0002,2.513654094317147,0.17689086124300957,0.06326064560562372,0.06365902198012918,0.24576463922858238
936,936,3.9079222679138184,3.9185681343078613,0.0002,2.542637973083692,0.1764923818409443,0.06330073671415448,0.0636963713914156,0.24607912451028824
937,937,3.9145760536193848,3.9382402896881104,0.0002,2.5708611193282627,0.17754936590790749,0.06334219919517636,0.06373613409232348,0.24639443308115005
938,938,3.8973488807678223,3.9281625747680664,0.0002,2.592774122179656,0.177220206707716,0.0633670468814671,0.06376872933469713,0.24670711904764175
939,939,3.9404029846191406,3.9288716316223145,0.0002,2.613664242727168,0.17646510154008865,0.06340705882757902,0.06380486348643899,0.24701926112174988
940,940,3.9022998809814453,3.9272100925445557,0.0002,2.628522227892735,0.1772395223379135,0.06344969291239977,0.06384680245537311,0.2473325952887535
941,941,3.9168801307678223,3.9330451488494873,0.0002,2.6416511724457075,0.17731085419654846,0.06348704162519425,0.0638830199604854,0.24764488637447357
942,942,3.920958995819092,3.8953123092651367,0.0002,2.6534683172679867,0.17764297872781754,0.0635194294154644,0.06392066366970539,0.24796120077371597
943,943,3.904977798461914,3.908621311187744,0.0002,2.4733805505819455,0.1782548502087593,0.06355941283982247,0.06395930785220116,0.24827918410301208
944,944,3.9078924655914307,3.9391775131225586,0.0002,2.5029110409299875,0.17789331451058388,0.06359589716885239,0.0639937500236556,0.2485964186489582
945,945,3.923548698425293,3.927579879760742,0.0002,2.5341011657965753,0.17849286273121834,0.06362849182914943,0.06403111445251852,0.24891604855656624
946,946,3.908903121948242,3.9223380088806152,0.0002,2.561912873638976,0.177732665091753,0.06367438088636845,0.06407194212079048,0.24923627078533173
947,947,3.901742935180664,3.931403636932373,0.0002,2.5838007399493983,0.178096454590559,0.06369838514365256,0.06410537450574338,0.24955644458532333
948,948,3.9084205627441406,3.9090423583984375,0.0002,2.602277092405643,0.17895065248012543,0.06373400322627276,0.06413438846357167,0.2498755194246769
949,949,3.882667303085327,3.906449794769287,0.0002,2.617830362015644,0.17904721200466156,0.06376298703253269,0.06417294463608414,0.25019652396440506
950,950,3.9006428718566895,3.923110246658325,0.0002,2.6323243845251048,0.17854252457618713,0.06380937597714365,0.0642140640411526,0.25051621347665787
951,951,3.916138172149658,3.916059970855713,0.0002,2.648657198008604,0.1785598322749138,0.06385352450888604,0.06425541150383651,0.25083428621292114
952,952,3.9166195392608643,3.922356605529785,0.0002,2.6608209757522787,0.17947301641106606,0.06388732721097767,0.06429183820728213,0.25115370005369186
953,953,3.92587947845459,3.9431185722351074,0.0002,2.6743681750759865,0.17915065214037895,0.0639334989245981,0.06433517450932413,0.25147393345832825
954,954,3.9401283264160156,3.9511451721191406,0.0002,2.683813124862961,0.18067661300301552,0.06396526144817472,0.06436927476897836,0.2517955079674721
955,955,3.907346487045288,3.91393780708313,0.0002,2.6962563570835716,0.1795426830649376,0.06399041623808444,0.06439977302215993,0.2521138861775398
956,956,3.907986640930176,3.894685745239258,0.0002,2.7089480196227465,0.1796606034040451,0.064024614286609,0.06443752651102841,0.2524323984980583
957,957,3.916146755218506,3.903752326965332,0.0002,2.5077310483208572,0.18033526092767715,0.06406325928401202,0.06447068613488227,0.25275010615587234
958,958,3.9006733894348145,3.9173855781555176,0.0002,2.5339786168922136,0.18065771460533142,0.06410124059766531,0.06451278610620648,0.2530684098601341
959,959,3.8980162143707275,3.9146013259887695,0.0002,2.5566407649213385,0.18091630563139915,0.0641403557965532,0.06455072457902133,0.2533833608031273
960,960,3.922459602355957,3.9488863945007324,0.0002,2.5829233113678147,0.1799779124557972,0.06416633923072368,0.06457903911359608,0.2536976933479309
961,961,3.9398293495178223,3.9251537322998047,0.0002,2.6058641720194955,0.18102389201521873,0.06421876046806574,0.06462491629645228,0.2540178820490837
962,962,3.916874408721924,3.9039859771728516,0.0002,2.6235827114742856,0.18058036640286446,0.06425102043431252,0.06466501927934587,0.2543374076485634
963,963,3.929561138153076,3.942216396331787,0.0002,2.6372515935812997,0.18090995401144028,0.06428426504135132,0.0646963807521388,0.25465862452983856
964,964,3.9140872955322266,3.892606735229492,0.0002,2.6496719073661286,0.18101965636014938,0.06432458269409835,0.06473002932034433,0.2549786791205406
965,965,3.8936607837677,3.908541202545166,0.0002,2.4690739238962176,0.18177948519587517,0.06435705767944455,0.06477233197074383,0.2552964761853218
966,966,3.905789375305176,3.9246859550476074,0.0002,2.4989315491260324,0.1818130575120449,0.06438989960588515,0.06480012938845903,0.25561247020959854
967,967,3.8964004516601562,3.902297258377075,0.0002,2.527103100081289,0.18243126198649406,0.06443372648209333,0.06484860391356051,0.25592978298664093
968,968,3.901049852371216,3.9444291591644287,0.0002,2.5528403135727333,0.1820944957435131,0.0644700248958543,0.06488333269953728,0.25624601542949677
969,969,3.9004554748535156,3.900883913040161,0.0002,2.5773542587914475,0.18244453519582748,0.06450530316215008,0.06491849198937416,0.25656286627054214
970,970,3.9024229049682617,3.9464516639709473,0.0002,2.596640609302639,0.182516947388649,0.06454686704091728,0.06495642440859228,0.25688111782073975
971,971,3.9051694869995117,3.9009222984313965,0.0002,2.6130376534408986,0.18191497027873993,0.0645783479558304,0.06499258615076542,0.2572016641497612
972,972,3.9193882942199707,3.901843547821045,0.0002,2.631029798535229,0.18275386467576027,0.06460796424653381,0.06502226600423455,0.2575206458568573
973,973,3.908224582672119,3.9138858318328857,0.0002,2.6450456923262506,0.18336062505841255,0.06464941787999123,0.06506500369869173,0.257842980325222
974,974,3.9066624641418457,3.9293930530548096,0.0002,2.6628034449917592,0.18340304866433144,0.06468330149073154,0.06509770802222192,0.2581624910235405
975,975,3.9047207832336426,3.889461040496826,0.0002,2.675345557840168,0.18439163640141487,0.06471830792725086,0.06513658887706697,0.2584835886955261
976,976,3.9032344818115234,3.8915820121765137,0.0002,2.4926488134049207,0.18307390436530113,0.06475156848318875,0.06517297215759754,0.2588035464286804
977,977,3.9089548587799072,3.923661708831787,0.0002,2.5199806071564215,0.18380043283104897,0.06478854303713888,0.06520832655951381,0.2591243386268616
978,978,3.904644250869751,3.921722412109375,0.0002,2.5439571456177785,0.18348026648163795,0.06482811761088669,0.0652479623677209,0.2594454735517502
979,979,3.898148536682129,3.88283371925354,0.0002,2.565809968919856,0.18375246226787567,0.06486428144853562,0.06528339546639472,0.25976502150297165
980,980,3.912001848220825,3.929351806640625,0.0002,2.394413400599859,0.18398049473762512,0.06490625871811062,0.06532355467788875,0.2600885331630707
981,981,3.8983070850372314,3.940822124481201,0.0002,2.432068860650253,0.18460596352815628,0.06493899319320917,0.06536272866651416,0.2604116275906563
982,982,3.8931798934936523,3.920980453491211,0.0002,2.464831100530002,0.18494697660207748,0.06497548473998904,0.06539690820500255,0.26073353737592697
983,983,3.889972686767578,3.9041433334350586,0.0002,2.494573496570463,0.1846395917236805,0.06501330016180873,0.0654362547211349,0.2610585540533066
984,984,3.8808648586273193,3.921302318572998,0.0002,2.5254643054681254,0.18544209748506546,0.06504408258479089,0.06547043402679265,0.2613793909549713
985,985,3.891021251678467,3.9506211280822754,0.0002,2.555435789272347,0.18495991080999374,0.06508603342808783,0.06550995307043195,0.2617039903998375
986,986,3.890847682952881,3.901660442352295,0.0002,2.5784367181531804,0.18535790592432022,0.06512069527525455,0.06554819690063596,0.26202792674303055
987,987,3.91914439201355,3.9029898643493652,0.0002,2.597141347108238,0.1862783469259739,0.06516797514632344,0.06559152528643608,0.2623538002371788
988,988,3.9040207862854004,3.886935234069824,0.0002,2.6178917720789374,0.185437873005867,0.06520638556685299,0.06562578910961747,0.2626783549785614
989,989,3.890089750289917,3.9233665466308594,0.0002,2.636343478784988,0.18571852147579193,0.06523219461087137,0.06566182291135192,0.26300331205129623
990,990,3.90612530708313,3.9039387702941895,0.0002,2.649089352602518,0.18553197756409645,0.06527226499747485,0.06570118200033903,0.2633293345570564
991,991,3.9152634143829346,3.8953819274902344,0.0002,2.6599165850353095,0.1857592910528183,0.06532172055449337,0.06574732949957252,0.26365526020526886
992,992,3.8930037021636963,3.91111159324646,0.0002,2.6699378444139588,0.18649984151124954,0.06535535072907805,0.06578259193338454,0.2639823704957962
993,993,3.88777494430542,3.904135227203369,0.0002,2.6834685530529914,0.1872565969824791,0.06538067129440606,0.06581191206350923,0.26430918276309967
994,994,3.8738677501678467,3.8940176963806152,0.0002,2.6962730650034565,0.18694765865802765,0.06543027609586716,0.06585962418466806,0.2646343410015106
995,995,3.911498785018921,3.891146183013916,0.0002,2.7062806747811843,0.18714815005660057,0.06546016014181077,0.06589263677597046,0.26495837420225143
996,996,3.8953912258148193,3.8973333835601807,0.0002,2.7122910738395083,0.18705380335450172,0.06549956218805164,0.06593377189710736,0.2652824968099594
997,997,3.9014124870300293,3.9072771072387695,0.0002,2.716934799034789,0.18763292208313942,0.06554251536726952,0.06596759846433997,0.2656039372086525
998,998,3.898935317993164,3.8977060317993164,0.0002,2.7231893861872747,0.18745780736207962,0.06558268703520298,0.06601316761225462,0.26592519879341125
999,999,3.8828868865966797,3.8957977294921875,0.0002,2.7291687249864776,0.18814649060368538,0.06561602430883795,0.06604714249260724,0.26624492555856705
1000,1000,3.9024033546447754,3.8901686668395996,0.0002,2.736073460459592,0.18778417631983757,0.06565271713770926,0.06608228874392807,0.26656537503004074
1001,1001,3.9007434844970703,3.9147520065307617,0.0002,2.739528707494634,0.18779003992676735,0.06569717975798994,0.0661294877063483,0.26688578724861145
1002,1002,3.8783044815063477,3.8888370990753174,0.0002,2.7417147338999137,0.18799806013703346,0.06573258282151073,0.06616428145207465,0.26720547676086426
1003,1003,3.86812424659729,3.900125503540039,0.0002,2.743530996330066,0.18860580027103424,0.06577129452489316,0.06620492925867438,0.2675263360142708
1004,1004,3.883688449859619,3.8719072341918945,0.0002,2.748424484146247,0.18845774233341217,0.06582039629574865,0.0662534364964813,0.267849899828434
1005,1005,3.8863632678985596,3.9075963497161865,0.0002,2.5505065801843143,0.18868717923760414,0.0658505669562146,0.06628529517911375,0.26817378401756287
1006,1006,3.8699986934661865,3.895806312561035,0.0002,2.573577316499614,0.1882256418466568,0.06588918075431138,0.06632578419521451,0.26849984377622604
1007,1007,3.9126713275909424,3.9129815101623535,0.0002,2.598430385862543,0.18831733986735344,0.06592673377599567,0.06636517611332238,0.2688259780406952
1008,1008,3.915585517883301,3.929982900619507,0.0002,2.6172902965204594,0.18810726702213287,0.06597061292268336,0.0664079524576664,0.2691534757614136
1009,1009,3.877959728240967,3.8871302604675293,0.0002,2.6314537903506263,0.1894913911819458,0.06600168580189347,0.06644119275733829,0.26948074996471405
1010,1010,3.9051544666290283,3.9037389755249023,0.0002,2.6482718915313845,0.18915459513664246,0.06603685603477061,0.06647781888023019,0.2698083519935608
1011,1011,3.870880603790283,3.9250664710998535,0.0002,2.6602724882435584,0.18936382979154587,0.06607776158489287,0.06651530414819717,0.2701352760195732
1012,1012,3.879448890686035,3.8884239196777344,0.0002,2.6743834424757007,0.18966712802648544,0.06611452088691294,0.06655349000357091,0.2704619765281677
1013,1013,3.9094085693359375,3.8910341262817383,0.0002,2.6871205285030686,0.19046629965305328,0.06615584227256477,0.06659282208420336,0.27078816294670105
1014,1014,3.8824045658111572,3.888554573059082,0.0002,2.700013887339935,0.18965352326631546,0.06618358846753836,0.0666208432521671,0.27111247181892395
1015,1015,3.890726089477539,3.9039077758789062,0.0002,2.708186155720928,0.1901053488254547,0.06623015599325299,0.0666688522323966,0.271439753472805
1016,1016,3.8972225189208984,3.8929500579833984,0.0002,2.7156346520242223,0.19002141058444977,0.06625987705774605,0.06669947830960155,0.27176418900489807
1017,1017,3.9005367755889893,3.904245615005493,0.0002,2.7232348612456803,0.19043706730008125,0.06630170019343495,0.06674247537739575,0.2720912769436836
1018,1018,3.8706445693969727,3.9177627563476562,0.0002,2.7284270676770537,0.19032244756817818,0.06632896326482296,0.06677787122316658,0.27241847664117813
1019,1019,3.8839645385742188,3.907999038696289,0.0002,2.736067010993663,0.1904459148645401,0.06636846298351884,0.06681502307765186,0.27274610102176666
1020,1020,3.8816111087799072,3.8977341651916504,0.0002,2.743663948441362,0.19156068190932274,0.06641410221345723,0.06685037794522941,0.27307458221912384
1021,1021,3.902602195739746,3.8888800144195557,0.0002,2.747185673072706,0.19185952469706535,0.06646076869219542,0.06689638015814126,0.2734048143029213
1022,1022,3.8803558349609375,3.922323703765869,0.0002,2.7527079896793794,0.192660640925169,0.06648019840940833,0.06692726234905422,0.2737320363521576
1023,1023,3.8997843265533447,3.8881051540374756,0.0002,2.7557699809812113,0.1918700896203518,0.06651413114741445,0.06696207937784493,0.2740585654973984
1024,1024,3.918328285217285,3.880056381225586,0.0002,2.760033723956252,0.19193435087800026,0.06655199942179024,0.06699938699603081,0.27438677102327347
1025,1025,3.866983652114868,3.8880786895751953,0.0002,2.760970530637544,0.19177286326885223,0.06658952450379729,0.0670346615370363,0.2747116759419441
1026,1026,3.894479513168335,3.8917882442474365,0.0002,2.7649237283368135,0.19216212257742882,0.06662927544675767,0.06707561877556145,0.2750357314944267
1027,1027,3.888650417327881,3.899529457092285,0.0002,2.76429324990629,0.19274761900305748,0.06666311831213534,0.06710758339613676,0.2753589302301407
1028,1028,3.8830642700195312,3.894763231277466,0.0002,2.7637936499961286,0.19250890985131264,0.06669023493304849,0.06714465958066285,0.2756814807653427
1029,1029,3.894080638885498,3.8872194290161133,0.0002,2.7628306402560763,0.19184322655200958,0.06674221064895391,0.06718890555202961,0.27600980550050735
1030,1030,3.8745667934417725,3.8952343463897705,0.0002,2.763556117357746,0.19338645040988922,0.06676810723729432,0.0672171541955322,0.27633775025606155
1031,1031,3.893146276473999,3.8950090408325195,0.0002,2.7669197396975256,0.19340724498033524,0.06680467841215432,0.06725149461999536,0.27666516602039337
1032,1032,3.8982510566711426,3.9463083744049072,0.0002,2.7714473167868214,0.1929021067917347,0.06684370408765972,0.06729402556084096,0.2769928425550461
1033,1033,3.896934747695923,3.936784029006958,0.0002,2.772566358232254,0.19284649565815926,0.06687685684300959,0.06733017251826823,0.2773178145289421
1034,1034,3.912703275680542,3.8994812965393066,0.0002,2.7734767065859462,0.19316242635250092,0.06692036497406662,0.06736839679069817,0.2776467427611351
1035,1035,3.8934521675109863,3.883352518081665,0.0002,2.772141953809532,0.19339479506015778,0.06696393946185708,0.06740837870165706,0.277974896132946
1036,1036,3.875272274017334,3.897613763809204,0.0002,2.77115655453982,0.19377916306257248,0.06698386464267969,0.06743672932498157,0.27830449491739273
1037,1037,3.896359920501709,3.8831653594970703,0.0002,2.7697519351878825,0.1937289610505104,0.06703122006729245,0.06748225633054972,0.2786366641521454
1038,1038,3.892603874206543,3.8826723098754883,0.0002,2.768467020346719,0.19383251667022705,0.06706471764482558,0.06751767615787685,0.2789698764681816
1039,1039,3.884343147277832,3.9332528114318848,0.0002,2.767809639381766,0.19482587277889252,0.06709989672526717,0.067551972810179,0.27930355072021484
1040,1040,3.8851120471954346,3.9001386165618896,0.0002,2.7690233862800855,0.1944698728621006,0.06714006955735385,0.06759309559129179,0.2796360105276108
1041,1041,3.883312225341797,3.910770893096924,0.0002,2.7695559579894424,0.19549735635519028,0.0671733992639929,0.0676277840975672,0.2799684852361679
1042,1042,3.895366668701172,3.8955068588256836,0.0002,2.7688675476341507,0.19459005445241928,0.06721075042150915,0.06766596576198936,0.2803010419011116
1043,1043,3.908513069152832,3.8829376697540283,0.0002,2.765368001407341,0.1949218586087227,0.06724984990432858,0.06770146498456597,0.28063368052244186
1044,1044,3.875938653945923,3.88763165473938,0.0002,2.765038065406231,0.19506293907761574,0.0672833975404501,0.067741030594334,0.2809646278619766
1045,1045,3.8719043731689453,3.8904669284820557,0.0002,2.7646139862171424,0.19622423872351646,0.06732226046733558,0.06778032192960382,0.2812972888350487
1046,1046,3.8935747146606445,3.8773386478424072,0.0002,2.763923728602804,0.1955733671784401,0.0673559985589236,0.0678090425208211,0.2816278263926506
1047,1047,3.876704216003418,3.8792994022369385,0.0002,2.763458892215965,0.19545206800103188,0.06739780330099165,0.06785660120658576,0.28196583688259125
1048,1048,3.892670154571533,3.8909010887145996,0.0002,2.7628633775264575,0.19479715824127197,0.06743512442335486,0.0678911090362817,0.28230129927396774
1049,1049,3.898439407348633,3.8930649757385254,0.0002,2.7604388097561183,0.1951894834637642,0.06746255955658853,0.06792216515168548,0.28263647854328156
1050,1050,3.8859901428222656,3.8859052658081055,0.0002,2.7591196301657304,0.197104312479496,0.0675008911639452,0.06796138058416545,0.2829694077372551
1051,1051,3.882810115814209,3.874331474304199,0.0002,2.756094125271438,0.19694798812270164,0.06753484345972538,0.06799464975483716,0.2832997962832451
1052,1052,3.8847601413726807,3.867919921875,0.0002,2.752311417631149,0.1972297914326191,0.06757703959010541,0.0680378619581461,0.283627949655056
1053,1053,3.8656044006347656,3.920030117034912,0.0002,2.560655840892407,0.19573065266013145,0.0676134203094989,0.06807539076544344,0.28395602852106094
1054,1054,3.888092041015625,3.8759124279022217,0.0002,2.5815017779641973,0.19774898886680603,0.06763978907838464,0.06810863758437335,0.2842824384570122
1055,1055,3.8780770301818848,3.890578269958496,0.0002,2.6026587228065368,0.19706526026129723,0.06768530094996095,0.06814658641815186,0.2846076786518097
1056,1056,3.871692657470703,3.8694653511047363,0.0002,2.6195757573113565,0.1975463256239891,0.06771700456738472,0.06818421324715018,0.2849331870675087
1057,1057,3.8626015186309814,3.9202616214752197,0.0002,2.6398255485361504,0.19751756638288498,0.0677569299004972,0.06822050735354424,0.28525789827108383
1058,1058,3.8897745609283447,3.893817901611328,0.0002,2.654742571374366,0.19826174899935722,0.06778751569800079,0.0682520552072674,0.28558308631181717
1059,1059,3.8859596252441406,3.881016254425049,0.0002,2.665142240681477,0.1971128061413765,0.06782864988781512,0.06829167157411575,0.2859056144952774
1060,1060,3.8906497955322266,3.871706485748291,0.0002,2.674972012742013,0.1990649364888668,0.06786827463656664,0.0683314660564065,0.28623463213443756
1061,1061,3.8639464378356934,3.8863494396209717,0.0002,2.687572414294395,0.19724180176854134,0.06790855899453163,0.06837057298980653,0.2865614518523216
1062,1062,3.8950438499450684,3.898453712463379,0.0002,2.695207471860752,0.19708245992660522,0.06794207450002432,0.06840771390125155,0.2868882939219475
1063,1063,3.883894920349121,3.9059839248657227,0.0002,2.7054745747314377,0.1987030766904354,0.06797730620019138,0.06844386248849332,0.2872186079621315
1064,1064,3.8789584636688232,3.8683204650878906,0.0002,2.711365539291053,0.19822582602500916,0.06801100564189255,0.06847295840270817,0.2875472903251648
1065,1065,3.884799003601074,3.903153896331787,0.0002,2.716438042542011,0.19920464232563972,0.0680449039209634,0.06851044157519937,0.2878802418708801
1066,1066,3.8680057525634766,3.931704521179199,0.0002,2.72473631585964,0.19894331693649292,0.06808064435608685,0.06854888470843434,0.2882144898176193
1067,1067,3.8963019847869873,3.908716917037964,0.0002,2.728858259761328,0.19934752583503723,0.0681197214871645,0.06858512619510293,0.28854725509881973
1068,1068,3.8682773113250732,3.8902106285095215,0.0002,2.7324668830619814,0.1990681104362011,0.06815178110264242,0.06861978257074952,0.2888786792755127
1069,1069,3.8703949451446533,3.910109519958496,0.0002,2.7409179600109588,0.1987486556172371,0.068194720428437,0.06866007065400481,0.28921162337064743
1070,1070,3.849339008331299,3.8752188682556152,0.0002,2.7455849454086168,0.19913141056895256,0.06823091045953333,0.06869895989075303,0.28954721987247467
1071,1071,3.878011703491211,3.880352735519409,0.0002,2.7509606440798273,0.20007771253585815,0.06826049089431763,0.06872915383428335,0.28988227248191833
1072,1072,3.865490436553955,3.9061403274536133,0.0002,2.752256878667641,0.1994066759943962,0.06829625205136836,0.068764328956604,0.2902178093791008
1073,1073,3.850327730178833,3.861467123031616,0.0002,2.7533894564739234,0.20058171078562737,0.06833421578630805,0.06880584196187556,0.29055751860141754
1074,1074,3.8726463317871094,3.9044361114501953,0.0002,2.5591159713144878,0.2006485052406788,0.06836937484331429,0.06883769016712904,0.2908981516957283
1075,1075,3.8802804946899414,3.9050135612487793,0.0002,2.5799154558826887,0.2015734650194645,0.06839887774549425,0.06887032021768391,0.2912357747554779
1076,1076,3.8815903663635254,3.883114814758301,0.0002,2.602309351893645,0.2007163241505623,0.06844016606919467,0.06891265511512756,0.29157666116952896
1077,1077,3.858170509338379,3.9004366397857666,0.0002,2.6185333149810512,0.20160795748233795,0.06847299332730472,0.06894487678073347,0.291915200650692
1078,1078,3.876132011413574,3.8968682289123535,0.0002,2.6362766924360765,0.20171178132295609,0.06850530719384551,0.06898020254448056,0.2922555282711983
1079,1079,3.8817572593688965,3.898069143295288,0.0002,2.6497248567022806,0.20241978392004967,0.06854657619260252,0.06901531061157584,0.2925958037376404
1080,1080,3.8718628883361816,3.8668770790100098,0.0002,2.6650068008966086,0.2008833959698677,0.06857906910590827,0.06904897908680141,0.29293204843997955
1081,1081,3.8772058486938477,3.8909912109375,0.0002,2.6812019619590757,0.20197012647986412,0.06860947189852595,0.06908310297876596,0.29327011853456497
1082,1082,3.852170467376709,3.8778460025787354,0.0002,2.6918371966018326,0.20126041769981384,0.0686456710100174,0.06911974679678679,0.29360613971948624
1083,1083,3.862598419189453,3.862499713897705,0.0002,2.6987375863719647,0.2023739330470562,0.06868282426148653,0.06915783695876598,0.29394159466028214
1084,1084,3.881206512451172,3.9082744121551514,0.0002,2.708435819864264,0.20204634591937065,0.06871828343719244,0.06919268821366131,0.2942771762609482
1085,1085,3.8667309284210205,3.8857972621917725,0.0002,2.71451257622741,0.20257139205932617,0.0687523721717298,0.06922719604335725,0.2946123033761978
1086,1086,3.84203839302063,3.878073215484619,0.0002,2.71911147056256,0.20267682150006294,0.06877743522636592,0.06925905030220747,0.2949512302875519
1087,1087,3.856635808944702,3.8925509452819824,0.0002,2.723217621346637,0.20269019901752472,0.06882261112332344,0.06929467804729939,0.2952902540564537
1088,1088,3.8715691566467285,3.868537664413452,0.0002,2.730796267340462,0.20305544510483742,0.0688571457285434,0.06933365180157125,0.2956288605928421
1089,1089,3.892941951751709,3.8787834644317627,0.0002,2.734193510263936,0.20375240594148636,0.06888798787258565,0.06936508766375482,0.29596810042858124
1090,1090,3.8812150955200195,3.885598659515381,0.0002,2.740861613845381,0.20323672890663147,0.06893066829070449,0.0694074418861419,0.2963043227791786
1091,1091,3.8724255561828613,3.874664783477783,0.0002,2.743344640066938,0.20306887477636337,0.06896496890112758,0.06944026704877615,0.29664045572280884
1092,1092,3.8461437225341797,3.888897180557251,0.0002,2.751143158965355,0.20381619408726692,0.06899720197543502,0.06947129545733333,0.2969788610935211
1093,1093,3.8492231369018555,3.8924145698547363,0.0002,2.7548177831333116,0.2037229873239994,0.06903829984366894,0.06951328041031957,0.29731763154268265
1094,1094,3.8688039779663086,3.907447099685669,0.0002,2.7554069684312608,0.2036719098687172,0.06907096481882036,0.06954686692915857,0.29765913635492325
1095,1095,3.8562116622924805,3.879552125930786,0.0002,2.7595236676414605,0.20486752316355705,0.06910995952785015,0.06958732078783214,0.298000805079937
1096,1096,3.8648314476013184,3.8677642345428467,0.0002,2.7607685639783797,0.20359545201063156,0.0691445970442146,0.06962103629484773,0.2983409985899925
1097,1097,3.876857042312622,3.9228909015655518,0.0002,2.760603924776881,0.20374729484319687,0.06917073437944055,0.06965387030504644,0.2986815869808197
1098,1098,3.8421688079833984,3.8686232566833496,0.0002,2.763999862854306,0.20367155224084854,0.06922051659785211,0.0696968303527683,0.29902251064777374
1099,1099,3.881155014038086,3.878133773803711,0.0002,2.7647827833543484,0.20403262972831726,0.06925211986526847,0.06973307952284813,0.29936492443084717
1100,1100,3.846220016479492,3.857482671737671,0.0002,2.7641598369327616,0.2045070268213749,0.06928110052831471,0.06976640201173723,0.2997063547372818
1101,1101,3.8639421463012695,3.897706985473633,0.0002,2.5714534565964104,0.20562437921762466,0.06931412010453641,0.06979785487055779,0.3000480681657791
1102,1102,3.8991801738739014,3.865358352661133,0.0002,2.593748727888725,0.2045503668487072,0.06935602053999901,0.06983674713410437,0.3003891035914421
1103,1103,3.861537456512451,3.8958444595336914,0.0002,2.6138021268889653,0.20464766770601273,0.06938944035209715,0.06987373996526003,0.3007286787033081
1104,1104,3.847856283187866,3.883991241455078,0.0002,2.629502161467374,0.2052151970565319,0.06943693058565259,0.06991665391251445,0.3010682463645935
1105,1105,3.862029552459717,3.8610777854919434,0.0002,2.646796215599469,0.20631138607859612,0.06946155172772706,0.06994521780870855,0.3014078065752983
1106,1106,3.8455142974853516,3.879096031188965,0.0002,2.6629116713230596,0.20528365299105644,0.06950676068663597,0.06998740159906447,0.30174919962882996
1107,1107,3.8660409450531006,3.8813023567199707,0.0002,2.677952630856456,0.20597630739212036,0.06953755021095276,0.07001834758557379,0.30208808928728104
1108,1108,3.8802785873413086,3.863018035888672,0.0002,2.689846241582174,0.20628619939088821,0.06957759940996766,0.07006163289770484,0.30242735892534256
1109,1109,3.8696041107177734,3.8532629013061523,0.0002,2.697113445854263,0.20583272725343704,0.06961576826870441,0.07009734748862684,0.30276481807231903
1110,1110,3.8497586250305176,3.874135971069336,0.0002,2.5122513969284257,0.20574015006422997,0.06965378276072443,0.07013582088984549,0.30310164391994476
1111,1111,3.8627376556396484,3.8753533363342285,0.0002,2.537524002939868,0.20713047310709953,0.06968585145659745,0.0701724486425519,0.30344028770923615
1112,1112,3.8626601696014404,3.835604190826416,0.0002,2.559858998726573,0.20800969749689102,0.06972385919652879,0.0702085227239877,0.3037787601351738
1113,1113,3.8715500831604004,3.870912551879883,0.0002,2.389192490430939,0.20673948153853416,0.069753561867401,0.0702402163296938,0.3041149899363518
1114,1114,3.8630123138427734,3.865935802459717,0.0002,2.426929308100299,0.2076445110142231,0.06979202292859554,0.07027840102091432,0.3044526129961014
1115,1115,3.873006820678711,3.8860154151916504,0.0002,2.4662218525361403,0.20739056169986725,0.06983690848574042,0.0703217291738838,0.30478812754154205
1116,1116,3.855276584625244,3.8775649070739746,0.0002,2.498314897681698,0.20891113206744194,0.06987149198539555,0.0703596833627671,0.3051220178604126
1117,1117,3.8683388233184814,3.878823757171631,0.0002,2.526470343699478,0.20776493847370148,0.06991474167443812,0.0703964049462229,0.3054559528827667
1118,1118,3.8453259468078613,3.8831262588500977,0.0002,2.552346630890752,0.20841555669903755,0.06994218146428466,0.07042380375787616,0.3057871535420418
1119,1119,3.840301513671875,3.868337392807007,0.0002,2.573013243698633,0.20794988423585892,0.06997944437898695,0.07046698033809662,0.30611923336982727
1120,1120,3.876249313354492,3.8475427627563477,0.0002,2.595569544723222,0.20904827490448952,0.07001752126961946,0.07050487329252064,0.3064514473080635
1121,1121,3.859736680984497,3.8939077854156494,0.0002,2.613086216934697,0.20734788104891777,0.07005578954704106,0.0705441425088793,0.3067835345864296
1122,1122,3.863523006439209,3.8823020458221436,0.0002,2.6310544470048454,0.2085886299610138,0.07009177724830806,0.07057544612325728,0.30711519718170166
1123,1123,3.857534408569336,3.8532114028930664,0.0002,2.6450016658941573,0.20849011093378067,0.07012063427828252,0.07060668896883726,0.3074479475617409
1124,1124,3.8398056030273438,3.87921142578125,0.0002,2.6620168960714903,0.20987602695822716,0.07016015914268792,0.07064403942786157,0.30778123438358307
1125,1125,3.8602802753448486,3.877300262451172,0.0002,2.675329917306656,0.20954664796590805,0.07020492432639003,0.07069340045563877,0.3081168159842491
1126,1126,3.8397774696350098,3.8452649116516113,0.0002,2.687518408822208,0.2103542909026146,0.07024224894121289,0.07072583329863846,0.30845095962285995
1127,1127,3.8474788665771484,3.8709330558776855,0.0002,2.6958876491313712,0.20944062992930412,0.07025589444674551,0.07074979273602366,0.30878225713968277
1128,1128,3.868910789489746,3.8690662384033203,0.0002,2.7063017989252534,0.2097441889345646,0.07030749623663723,0.07079753093421459,0.3091157525777817
1129,1129,3.864231586456299,3.9001240730285645,0.0002,2.71212102500994,0.21084794029593468,0.07034297729842365,0.07083158358000219,0.30944639444351196
1130,1130,3.8543777465820312,3.855980396270752,0.0002,2.716429980984074,0.2095496468245983,0.07037042896263301,0.07086351048201323,0.309778593480587
1131,1131,3.839102268218994,3.855572462081909,0.0002,2.725183724335036,0.2097386047244072,0.0704066539183259,0.07089831330813468,0.31010884791612625
1132,1132,3.854936122894287,3.846693992614746,0.0002,2.729339021029642,0.21110687032341957,0.07043126923963428,0.07092865090817213,0.3104403391480446
1133,1133,3.8473429679870605,3.8618905544281006,0.0002,2.7387487675983206,0.21021388471126556,0.07047413801774383,0.07096530916169286,0.31077130883932114
1134,1134,3.8832955360412598,3.877486228942871,0.0002,2.7458606169908597,0.21181677281856537,0.07051046984270215,0.07100222003646195,0.31110338866710663
1135,1135,3.8416080474853516,3.889103412628174,0.0002,2.749653004741081,0.2114568129181862,0.07054278953000903,0.07103510107845068,0.31143397092819214
1136,1136,3.8592777252197266,3.8675074577331543,0.0002,2.755176008080765,0.21083641797304153,0.07057707710191607,0.07106881006620824,0.3117676377296448
1137,1137,3.8932077884674072,3.864384412765503,0.0002,2.759467636396467,0.211731169372797,0.07061076699756086,0.07110614469274879,0.31210216134786606
1138,1138,3.8516902923583984,3.857173442840576,0.0002,2.7607115096812866,0.2102462202310562,0.07063819887116551,0.07113573048263788,0.3124365657567978
1139,1139,3.840892791748047,3.8451788425445557,0.0002,2.760763913113309,0.2122088186442852,0.07067622663453221,0.07117325626313686,0.3127765357494354
1140,1140,3.845195770263672,3.851628303527832,0.0002,2.767052941925657,0.21095220372080803,0.07072020717896521,0.07121241488493979,0.3131193667650223
1141,1141,3.837383270263672,3.873347043991089,0.0002,2.7685925027799216,0.212568499147892,0.07075103092938662,0.07124496204778552,0.3134607523679733
1142,1142,3.865203619003296,3.863292694091797,0.0002,2.7680926158932744,0.2122410051524639,0.07078158389776945,0.07127345842309296,0.31380411237478256
1143,1143,3.848356246948242,3.844146728515625,0.0002,2.7702511463887047,0.21184349060058594,0.07081933529116213,0.07130813621915877,0.3141474649310112
1144,1144,3.836136817932129,3.86765456199646,0.0002,2.770748366032428,0.21142765134572983,0.07085003145039082,0.0713426813017577,0.31449057161808014
1145,1145,3.8421449661254883,3.8727011680603027,0.0002,2.7740781813155926,0.21292368322610855,0.07088131853379309,0.07137516420334578,0.3148352727293968
1146,1146,3.8336949348449707,3.8603744506835938,0.0002,2.7769123758771803,0.21220989152789116,0.07091375021263957,0.07140927389264107,0.315177857875824
1147,1147,3.863269329071045,3.8470616340637207,0.0002,2.782286173702655,0.21257242560386658,0.07094794418662786,0.07144222874194384,0.3155203312635422
1148,1148,3.8935840129852295,3.8291616439819336,0.0002,2.782500622407215,0.21131835505366325,0.07098841364495456,0.07148368726484478,0.31586282700300217
1149,1149,3.8738059997558594,3.894946336746216,0.0002,2.5901462270121502,0.21296848729252815,0.07101653097197413,0.07151336991228163,0.31620504707098007
1150,1150,3.864503860473633,3.869093418121338,0.0002,2.6121137913727646,0.21277064457535744,0.07105202949605882,0.07154683442786336,0.31655029207468033
1151,1151,3.8488430976867676,3.8423542976379395,0.0002,2.6299574779100685,0.21375223249197006,0.07109039230272174,0.07158452761359513,0.316891647875309
1152,1152,3.833083152770996,3.8660969734191895,0.0002,2.6430272166752165,0.2139464057981968,0.071107606170699,0.07160884281620383,0.3172323480248451
1153,1153,3.8589119911193848,3.861102819442749,0.0002,2.6547560286720984,0.21322846040129662,0.07116459868848324,0.07165666506625712,0.3175767958164215
1154,1154,3.8405094146728516,3.884697437286377,0.0002,2.6651040434214806,0.21385689824819565,0.07119297259487212,0.07169151189737022,0.31792081892490387
1155,1155,3.8560791015625,3.889704704284668,0.0002,2.6745956076742594,0.21422234550118446,0.07123056636191905,0.0717234502080828,0.3182665705680847
1156,1156,3.859459161758423,3.8334262371063232,0.0002,2.687315990244227,0.2136341966688633,0.07125966134481132,0.07175633008591831,0.3186100646853447
1157,1157,3.858642101287842,3.8234620094299316,0.0002,2.6985546308452313,0.21432773396372795,0.07130117691121995,0.07179629034362733,0.3189542219042778
1158,1158,3.825368642807007,3.8597631454467773,0.0002,2.5141044390420126,0.21383367478847504,0.0713310819119215,0.07182574574835598,0.31929680705070496
1159,1159,3.879939556121826,3.866406202316284,0.0002,2.5414494259764764,0.21524204313755035,0.0713580793235451,0.07186195603571832,0.3196352794766426
1160,1160,3.8419759273529053,3.8453972339630127,0.0002,2.565552676722966,0.21440497413277626,0.07139419112354517,0.0718950901646167,0.3199753984808922
1161,1161,3.8424668312072754,3.8594672679901123,0.0002,2.5851406901627567,0.21578967571258545,0.07143358304165304,0.07192959845997393,0.32031428068876266
1162,1162,3.8416991233825684,3.8481285572052,0.0002,2.606690399436743,0.21564994007349014,0.07145794713869691,0.071958321146667,0.3206509128212929
1163,1163,3.8371989727020264,3.8807311058044434,0.0002,2.626463309452418,0.21600985527038574,0.0714973493013531,0.07200048165395856,0.3209904208779335
1164,1164,3.866567611694336,3.8427343368530273,0.0002,2.640454345106971,0.2154473140835762,0.07153247622773051,0.07203496200963855,0.32132741063833237
1165,1165,3.873650550842285,3.905221939086914,0.0002,2.6559887666956197,0.21608950197696686,0.07157210330478847,0.07206950010731816,0.32166602462530136
1166,1166,3.822636127471924,3.85703444480896,0.0002,2.667580526950524,0.2148643061518669,0.07159843831323087,0.07210322096943855,0.32200532406568527
1167,1167,3.8328895568847656,3.8624000549316406,0.0002,2.6828902603324307,0.21597925573587418,0.07164090708829463,0.07213726150803268,0.32234349846839905
1168,1168,3.847465991973877,3.8344104290008545,0.0002,2.6934382183057397,0.21576685830950737,0.071658069267869,0.07216194667853415,0.3226805329322815
1169,1169,3.8382296562194824,3.8504066467285156,0.0002,2.7040240845381995,0.21547315269708633,0.07170929992571473,0.07220574119128287,0.32302138209342957
1170,1170,3.8446855545043945,3.842844009399414,0.0002,2.710220550411283,0.21610448509454727,0.07173180370591581,0.0722328054253012,0.32336190342903137
1171,1171,3.8250370025634766,3.8668196201324463,0.0002,2.7193581310713846,0.21627745777368546,0.0717612886801362,0.07226808462291956,0.32370398938655853
1172,1172,3.8642702102661133,3.8417885303497314,0.0002,2.7278461827703584,0.2174258753657341,0.07179969549179077,0.07230325788259506,0.3240453004837036
1173,1173,3.8260037899017334,3.857348680496216,0.0002,2.7338426850178843,0.21780099347233772,0.07183615700341761,0.0723368029575795,0.3243890404701233
1174,1174,3.8489456176757812,3.8823251724243164,0.0002,2.741028159314135,0.21775004267692566,0.07186525780707598,0.07236715266481042,0.32473113387823105
1175,1175,3.820528030395508,3.8661553859710693,0.0002,2.745147945161076,0.21696392446756363,0.07190869865007699,0.07240932388231158,0.32507412135601044
1176,1176,3.849867820739746,3.8498005867004395,0.0002,2.7467873922594332,0.21855338662862778,0.07193928444758058,0.07243931386619806,0.32541923969984055
1177,1177,3.851408004760742,3.8297598361968994,0.0002,2.751514481866297,0.21697329729795456,0.07198073784820735,0.07247930346056819,0.32576417922973633
1178,1178,3.8470945358276367,3.8699774742126465,0.0002,2.753595641740245,0.218218095600605,0.07200196385383606,0.07250448828563094,0.3261072710156441
1179,1179,3.852994918823242,3.8441572189331055,0.0002,2.7583190220906553,0.21853509545326233,0.07203609822317958,0.07253852183930576,0.32645218819379807
1180,1180,3.8319404125213623,3.881431818008423,0.0002,2.7592510365577962,0.21840224787592888,0.07207307894714177,0.07257634471170604,0.32679420709609985
1181,1181,3.8406646251678467,3.8509531021118164,0.0002,2.7643206028157294,0.2183673158288002,0.07210494135506451,0.07260568416677415,0.32713618129491806
1182,1182,3.836923837661743,3.8710060119628906,0.0002,2.7655448861887626,0.21827767044305801,0.07213451433926821,0.07264160248450935,0.32747768610715866
1183,1183,3.8158786296844482,3.8409616947174072,0.0002,2.7690598127155455,0.21878836303949356,0.07216956722550094,0.07267460622824728,0.32781974971294403
1184,1184,3.836808204650879,3.8262414932250977,0.0002,2.7744711296915234,0.2197292596101761,0.07221170887351036,0.07271391502581537,0.32816221565008163
1185,1185,3.8427159786224365,3.8304738998413086,0.0002,2.7741693832504755,0.219507846981287,0.0722381854429841,0.07274395017884672,0.3285033777356148
1186,1186,3.835587501525879,3.853222370147705,0.0002,2.77742292073855,0.21900543943047523,0.07227253471501172,0.07277881284244359,0.32884638756513596
1187,1187,3.8326222896575928,3.8477694988250732,0.0002,2.7818765493676554,0.21857032552361488,0.072314384393394,0.07282058731652796,0.3291914463043213
1188,1188,3.8281283378601074,3.8230695724487305,0.0002,2.7826085974901287,0.22117894142866135,0.07233642297796905,0.07284240517765284,0.32953668385744095
1189,1189,3.851041793823242,3.8472561836242676,0.0002,2.5791089537380585,0.22069495171308517,0.07236885372549295,0.07287138258107007,0.3298812359571457
1190,1190,3.8250415325164795,3.8358092308044434,0.0002,2.6008723166210364,0.2204086184501648,0.07240980071946979,0.07291240082122386,0.3302243500947952
1191,1191,3.852884531021118,3.864149808883667,0.0002,2.621272258008595,0.21992456167936325,0.07242828398011625,0.07293367548845708,0.33056429773569107
1192,1192,3.823295831680298,3.8301281929016113,0.0002,2.638203455649369,0.21965665742754936,0.07246637647040188,0.07297568069770932,0.3309038355946541
1193,1193,3.8496179580688477,3.8545682430267334,0.0002,2.650397122943119,0.22060170397162437,0.07249913061968982,0.07300934381783009,0.3312428668141365
1194,1194,3.8115296363830566,3.857069492340088,0.0002,2.6615840134061535,0.22068402543663979,0.07253415370360017,0.0730395142454654,0.33158040046691895
1195,1195,3.836085081100464,3.8570363521575928,0.0002,2.6754431766988707,0.2211722768843174,0.07255687331780791,0.07306803925894201,0.33191998302936554
1196,1196,3.8216447830200195,3.8265509605407715,0.0002,2.68434057615343,0.22113200277090073,0.07259448687545955,0.07309977686963975,0.33225928992033005
1197,1197,3.8242928981781006,3.8611092567443848,0.0002,2.695171039603981,0.22175487130880356,0.07261901651509106,0.07312756404280663,0.33259667456150055
1198,1198,3.8530640602111816,3.818909168243408,0.0002,2.702609548363026,0.22101357206702232,0.07266270066611469,0.0731668930966407,0.33293482661247253
1199,1199,3.818178176879883,3.838862419128418,0.0002,2.5172303931803843,0.22172274440526962,0.07269060565158725,0.07319846353493631,0.33327657729387283
1200,1200,3.8293066024780273,3.86397123336792,0.0002,2.5418206205922176,0.22113148495554924,0.07271260628476739,0.07322422368451953,0.3336171805858612
1201,1201,3.8391294479370117,3.8311288356781006,0.0002,2.5699489835657197,0.2215529941022396,0.0727495988830924,0.07325701881200075,0.33395951241254807
1202,1202,3.8435263633728027,3.827270984649658,0.0002,2.5917731904657635,0.22245364263653755,0.07277413317933679,0.07328660995699465,0.33430296927690506
1203,1203,3.8256397247314453,3.835031270980835,0.0002,2.6128333690500805,0.2213141992688179,0.07281736261211336,0.07332516182214022,0.3346483111381531
1204,1204,3.819545030593872,3.8780713081359863,0.0002,2.62804008630746,0.22312743961811066,0.07284501707181334,0.07334983884356916,0.33499421924352646
1205,1205,3.840406894683838,3.8386545181274414,0.0002,2.6412084875347714,0.22262360528111458,0.07286902843043208,0.07337868073955178,0.3353411853313446
1206,1206,3.8247337341308594,3.8257040977478027,0.0002,2.6563667326069433,0.22328563407063484,0.07290374883450568,0.07340892334468663,0.3356889933347702
1207,1207,3.8266448974609375,3.86220383644104,0.0002,2.667905236423865,0.22204360738396645,0.07293440611101687,0.07344245351850986,0.3360365480184555
1208,1208,3.8415236473083496,3.823929786682129,0.0002,2.68038483857499,0.2217935100197792,0.07296936889179051,0.07348076556809247,0.33638694137334824
1209,1209,3.8390345573425293,3.83188533782959,0.0002,2.689808924902511,0.2227036915719509,0.07298510055989027,0.07349781482480466,0.3367344066500664
1210,1210,3.8096730709075928,3.873383045196533,0.0002,2.702203393857952,0.2233474925160408,0.07302151783369482,0.07353553432039917,0.33708542585372925
1211,1211,3.8279967308044434,3.8445982933044434,0.0002,2.710622382334786,0.2232065685093403,0.0730653686914593,0.07357386965304613,0.33743003755807877
1212,1212,3.813506841659546,3.812849998474121,0.0002,2.7165477319816627,0.22306203469634056,0.07309833285398781,0.07360533229075372,0.3377745896577835
1213,1213,3.8310422897338867,3.856731653213501,0.0002,2.5301609053904643,0.2236245535314083,0.07312413910403848,0.07363617001101375,0.33811650425195694
1214,1214,3.798243999481201,3.8217873573303223,0.0002,2.55357554864238,0.2229810580611229,0.07315245922654867,0.07366839237511158,0.3384597599506378
1215,1215,3.8279690742492676,3.8445863723754883,0.0002,2.57437881211168,0.22362083196640015,0.07319796551018953,0.07370247598737478,0.33880163729190826
1216,1216,3.8353092670440674,3.8532874584198,0.0002,2.5969945634228315,0.2239021249115467,0.07322120759636164,0.07372932671569288,0.3391466438770294
1217,1217,3.8329830169677734,3.8270702362060547,0.0002,2.613851102633875,0.22458172217011452,0.07324443268589675,0.07375392294488847,0.3394935727119446
1218,1218,3.8438680171966553,3.842791795730591,0.0002,2.6287298868818314,0.22368694096803665,0.07327817217446864,0.07378787361085415,0.3398420438170433
1219,1219,3.8720860481262207,3.825512409210205,0.0002,2.648239508677622,0.22448986023664474,0.07329881959594786,0.07380922976881266,0.34019289165735245
1220,1220,3.804579019546509,3.8068065643310547,0.0002,2.663987563476978,0.22622794657945633,0.073322843760252,0.07383257732726634,0.3405415117740631
1221,1221,3.8157482147216797,3.8196640014648438,0.0002,2.4822283587816916,0.22622710838913918,0.07335998700000346,0.07386868679895997,0.34088892489671707
1222,1222,3.8178257942199707,3.8375296592712402,0.0002,2.510722107305328,0.2252928577363491,0.07338850130327046,0.0738991186954081,0.3412357568740845
1223,1223,3.83207631111145,3.8221678733825684,0.0002,2.538927869364929,0.22652653232216835,0.07342324522323906,0.0739277140237391,0.3415834829211235
1224,1224,3.8102564811706543,3.812537670135498,0.0002,2.5623715684543256,0.22600293532013893,0.07344002113677561,0.07395275519229472,0.34193048626184464
1225,1225,3.829075336456299,3.818502902984619,0.0002,2.585592987108722,0.22697016224265099,0.07347098528407514,0.0739807051140815,0.3422762453556061
1226,1226,3.824540853500366,3.879366159439087,0.0002,2.6045150704298226,0.22723408043384552,0.07349688350223005,0.07400877820327878,0.34262170642614365
1227,1227,3.819986343383789,3.8406147956848145,0.0002,2.6242559183956993,0.2265939973294735,0.07351708668284118,0.07403363310731947,0.3429664596915245
1228,1228,3.8068597316741943,3.848968505859375,0.0002,2.643031692034199,0.22559497877955437,0.07355948956683278,0.07406780356541276,0.3433114141225815
1229,1229,3.8113603591918945,3.8269243240356445,0.0002,2.658153427946604,0.22614537924528122,0.07357921684160829,0.07409222726710141,0.3436587378382683
1230,1230,3.825016975402832,3.8298628330230713,0.0002,2.668921565568853,0.22711365669965744,0.07361191278323531,0.07412562891840935,0.34400393813848495
1231,1231,3.802786350250244,3.8397367000579834,0.0002,2.681511558609126,0.22600147500634193,0.07363130408339202,0.07414553756825626,0.3443470671772957
1232,1232,3.8242087364196777,3.8210787773132324,0.0002,2.6904185826341447,0.227364931255579,0.07367740944027901,0.07418784266337752,0.34468962997198105
1233,1233,3.8215298652648926,3.8381154537200928,0.0002,2.701405559221348,0.22632911801338196,0.07370525528676808,0.07421711413189769,0.3450310602784157
1234,1234,3.8278236389160156,3.858142375946045,0.0002,2.708097195022804,0.22709272801876068,0.07373206270858645,0.07424532668665051,0.3453735336661339
1235,1235,3.814779043197632,3.8380818367004395,0.0002,2.719505144898066,0.22750386595726013,0.07376124896109104,0.0742733960505575,0.34571728110313416
1236,1236,3.8310978412628174,3.8243236541748047,0.0002,2.7279875374994114,0.22705170512199402,0.07378779514692724,0.07430092385038733,0.3460617810487747
1237,1237,3.828350067138672,3.8278322219848633,0.0002,2.7341040142538393,0.2281261682510376,0.07381392503157258,0.07432606327347457,0.34640807658433914
1238,1238,3.828967571258545,3.838327169418335,0.0002,2.74034201653798,0.22881169989705086,0.07384665939025581,0.07435882487334311,0.3467574119567871
1239,1239,3.853546142578125,3.8429453372955322,0.0002,2.7434399343373492,0.22738594189286232,0.07387988502159715,0.07439175457693636,0.34711088985204697
1240,1240,3.8206565380096436,3.824165105819702,0.0002,2.750313218636408,0.22784510627388954,0.07388765993528068,0.07440451392903924,0.34746330976486206
1241,1241,3.815610885620117,3.830047607421875,0.0002,2.7559897414142935,0.22812707349658012,0.07392873568460345,0.07444154401309788,0.3478177636861801
1242,1242,3.8014297485351562,3.8399829864501953,0.0002,2.759585808401736,0.22844263538718224,0.07395122852176428,0.0744629823602736,0.3481706827878952
1243,1243,3.8081884384155273,3.825420379638672,0.0002,2.7599767118021465,0.22813859209418297,0.07397767738439143,0.07449828088283539,0.3485255464911461
1244,1244,3.8168222904205322,3.84281325340271,0.0002,2.763480276925406,0.22871710360050201,0.0740024852566421,0.07452083192765713,0.3488796725869179
1245,1245,3.8454861640930176,3.830629825592041,0.0002,2.7641970489641245,0.23023921623826027,0.07402873691171408,0.07454405655153096,0.3492336720228195
1246,1246,3.8557052612304688,3.8762617111206055,0.0002,2.7678569061249108,0.23018605634570122,0.07406665198504925,0.07457816763781011,0.3495842218399048
1247,1247,3.8294763565063477,3.83369517326355,0.0002,2.767610722769437,0.2304411679506302,0.07408523675985634,0.07459889189340174,0.34993069618940353
1248,1248,3.846609592437744,3.8310155868530273,0.0002,2.7712000683434073,0.22992820665240288,0.07412187336012721,0.07463176804594696,0.3502780422568321
1249,1249,3.8261525630950928,3.8482022285461426,0.0002,2.7755806512076613,0.22904671356081963,0.07415623147971928,0.07466652733273804,0.35062815248966217
1250,1250,3.8047776222229004,3.8189644813537598,0.0002,2.7777485677829508,0.22993603721261024,0.07417389331385493,0.0746884101536125,0.3509804233908653
1251,1251,3.801811695098877,3.9226231575012207,0.0002,2.776069871868932,0.22895673662424088,0.07420724909752607,0.0747236495371908,0.35133036226034164
1252,1252,3.8021931648254395,3.8344030380249023,0.0002,2.7746456276750555,0.23138826712965965,0.07423699088394642,0.07475232053548098,0.35168152302503586
1253,1253,3.8145132064819336,3.8419041633605957,0.0002,2.7776704994945884,0.2318035587668419,0.07425921666435897,0.07477514399215579,0.35203002393245697
1254,1254,3.8212432861328125,3.8465375900268555,0.0002,2.779229634990603,0.23157579451799393,0.07428434700705111,0.07480493071489036,0.35238027572631836
1255,1255,3.852247953414917,3.841920852661133,0.0002,2.7817780148006417,0.2314719371497631,0.07432439643889666,0.07484040362760425,0.3527311608195305
1256,1256,3.787461042404175,3.82820200920105,0.0002,2.7809842439445327,0.23136736452579498,0.07434880686923862,0.07486499659717083,0.3530794829130173
1257,1257,3.8229830265045166,3.838639259338379,0.0002,2.7842839414810676,0.23030802980065346,0.07438240828923881,0.07489516027271748,0.3534283861517906
1258,1258,3.805784225463867,3.810990571975708,0.0002,2.7854331565386348,0.23107215762138367,0.0744092317763716,0.07492320658639073,0.35378052294254303
1259,1259,3.816042423248291,3.819122076034546,0.0002,2.7866180718600044,0.23203209787607193,0.07443146104924381,0.0749500566162169,0.3541335090994835
1260,1260,3.7925238609313965,3.8234262466430664,0.0002,2.7848766030235756,0.23219765722751617,0.07445984333753586,0.07497649663127959,0.3544863685965538
1261,1261,3.810269832611084,3.8149092197418213,0.0002,2.7824500477897414,0.23268218338489532,0.07449239562265575,0.0750113450922072,0.35483722388744354
1262,1262,3.797837257385254,3.820472478866577,0.0002,2.780339556347361,0.23176543414592743,0.07452717470005155,0.07504219724796712,0.35518865287303925
1263,1263,3.826193332672119,3.809962034225464,0.0002,2.781486077851919,0.2316616140305996,0.07455149525776505,0.0750645671505481,0.35554055124521255
1264,1264,3.8206329345703125,3.838674545288086,0.0002,2.7804717972777735,0.2326832227408886,0.07458666688762605,0.0750980933662504,0.35589291900396347
1265,1265,3.831328868865967,3.8111982345581055,0.0002,2.7783959327616086,0.2315683364868164,0.07461116905324161,0.07512562093324959,0.3562445864081383
1266,1266,3.8099846839904785,3.8132195472717285,0.0002,2.7760315805097977,0.23208068683743477,0.07463918090797961,0.07515749940648675,0.35659753531217575
1267,1267,3.803468942642212,3.8247456550598145,0.0002,2.7748459774015872,0.23256408795714378,0.07466554269194603,0.07518673897720873,0.3569512441754341
1268,1268,3.790123462677002,3.8290085792541504,0.0002,2.7731707828911043,0.23324506357312202,0.07469297177158296,0.07520823227241635,0.35730383545160294
1269,1269,3.808765172958374,3.8462677001953125,0.0002,2.7762086411545646,0.23335910215973854,0.07472910452634096,0.07524515967816114,0.35765793919563293
1270,1270,3.794464349746704,3.84852933883667,0.0002,2.774974586222346,0.2340298853814602,0.07475233380682766,0.07527161529287696,0.3580074831843376
1271,1271,3.817995071411133,3.810227870941162,0.0002,2.773401381228112,0.23360684886574745,0.07477439055219293,0.07529597170650959,0.35835854709148407
1272,1272,3.808568239212036,3.8459372520446777,0.0002,2.771989873877916,0.23302460461854935,0.0748169762082398,0.07533301529474556,0.3587097078561783
1273,1273,3.8194432258605957,3.82411527633667,0.0002,2.7749268336695145,0.2327185533940792,0.07485075294971466,0.0753675636369735,0.3590611442923546
1274,1274,3.8285720348358154,3.80930233001709,0.0002,2.7740726168390055,0.2343715950846672,0.0748736709356308,0.0753896445967257,0.35941263288259506
1275,1275,3.796647548675537,3.8469629287719727,0.0002,2.7777349454778633,0.23415414988994598,0.07490726793184876,0.07541828555986285,0.359761506319046
1276,1276,3.819422721862793,3.816007614135742,0.0002,2.779274180006593,0.23515868559479713,0.07492413511499763,0.07544597680680454,0.36011261492967606
1277,1277,3.8232336044311523,3.8129453659057617,0.0002,2.7779335409735944,0.2347566783428192,0.0749550019390881,0.07547577819786966,0.36045870184898376
1278,1278,3.837796449661255,3.8054416179656982,0.0002,2.7760316163456493,0.23531494289636612,0.07499964162707329,0.07551754848100245,0.3608100414276123
1279,1279,3.818976879119873,3.8408069610595703,0.0002,2.5742955969319152,0.23501859232783318,0.07501739356666803,0.07553797634318471,0.36115653812885284
1280,1280,3.804962635040283,3.7936320304870605,0.0002,2.593843701003189,0.23580052703619003,0.07505440851673484,0.07557077892124653,0.3615102842450142
1281,1281,3.840718984603882,3.814265251159668,0.0002,2.4109566737137724,0.2355424165725708,0.07507600798271596,0.07559528155252337,0.3618650287389755
1282,1282,3.783865451812744,3.7982749938964844,0.0002,2.451128305744551,0.23517544567584991,0.07510248082689941,0.07562506850808859,0.3622177764773369
1283,1283,3.8010315895080566,3.8039891719818115,0.0002,2.4834525980923297,0.2347312867641449,0.07513922266662121,0.07566407835111022,0.36257512122392654
1284,1284,3.8035025596618652,3.789172649383545,0.0002,2.5148097047315296,0.23608717694878578,0.07517800782807171,0.07569617265835404,0.36293426156044006
1285,1285,3.809842109680176,3.8011550903320312,0.0002,2.3353101906696967,0.23612766340374947,0.07520210603252053,0.07572418334893882,0.36329491436481476
1286,1286,3.8362889289855957,3.817901611328125,0.0002,2.3784000402023753,0.23525964468717575,0.07523166364990175,0.07575477566570044,0.3636561185121536
1287,1287,3.8124523162841797,3.8108458518981934,0.0002,2.416749357251856,0.23596515133976936,0.07525176042690873,0.07577280513942242,0.3640102297067642
1288,1288,3.8123865127563477,3.8300247192382812,0.0002,2.451007429582776,0.23612192273139954,0.07529736310243607,0.07581855054013431,0.3643648326396942
1289,1289,3.8185460567474365,3.811549186706543,0.0002,2.481922889462261,0.23791081830859184,0.07533227442763746,0.07584935356862843,0.3647165223956108
1290,1290,3.8188023567199707,3.8118033409118652,0.0002,2.5128091722570214,0.23562976345419884,0.0753521709702909,0.07587093347683549,0.365066722035408
1291,1291,3.7811279296875,3.8277323246002197,0.0002,2.5387619677671203,0.23620488122105598,0.07538166758604348,0.07590674120001495,0.36542052030563354
1292,1292,3.7942051887512207,3.812127113342285,0.0002,2.561060839956628,0.23800567165017128,0.07541842432692647,0.07593938149511814,0.3657718524336815
1293,1293,3.794113874435425,3.830552577972412,0.0002,2.5806461270566903,0.23667118698358536,0.07544916472397745,0.07596976542845368,0.36612318456172943
1294,1294,3.7857675552368164,3.8022518157958984,0.0002,2.5986163334141343,0.2373012825846672,0.07547589554451406,0.07599796541035175,0.36647623032331467
1295,1295,3.8137094974517822,3.809494972229004,0.0002,2.614841000594593,0.23730823397636414,0.07550552929751575,0.0760269605088979,0.36683109402656555
1296,1296,3.8091721534729004,3.7996840476989746,0.0002,2.6293807685733417,0.23868506774306297,0.07552780187688768,0.07605013996362686,0.36718688160181046
1297,1297,3.8322231769561768,3.8024115562438965,0.0002,2.646113577369426,0.23656361177563667,0.07556468551047146,0.07608905388042331,0.3675410747528076
1298,1298,3.814357042312622,3.818497657775879,0.0002,2.6581142901033075,0.23737777024507523,0.0755965153221041,0.0761142959818244,0.3678964376449585
1299,1299,3.8122825622558594,3.798430919647217,0.0002,2.67206258577528,0.2379763014614582,0.07561432663351297,0.0761381380725652,0.36825330555438995
1300,1300,3.803398370742798,3.8120005130767822,0.0002,2.6817876878226397,0.23845288902521133,0.07563779433257878,0.07615803927183151,0.3686085641384125
1301,1301,3.8054423332214355,3.8120903968811035,0.0002,2.694094961335026,0.2384319119155407,0.07567900000140071,0.0761974360793829,0.3689630404114723
1302,1302,3.8329787254333496,3.825026273727417,0.0002,2.7069913082769648,0.23921537771821022,0.07569243269972503,0.0762192967813462,0.3693107068538666
1303,1303,3.7920424938201904,3.8313755989074707,0.0002,2.715148160140117,0.23865265399217606,0.0757290970068425,0.07625111611559987,0.3696594759821892
1304,1304,3.8078479766845703,3.801788330078125,0.0002,2.722878810800725,0.23820144310593605,0.07575160753913224,0.07627698010765016,0.37000976502895355
1305,1305,3.7762298583984375,3.8080825805664062,0.0002,2.727761690015907,0.2386084981262684,0.07579302880913019,0.07631385023705661,0.37035954743623734
1306,1306,3.8304598331451416,3.807645320892334,0.0002,2.7313020798528798,0.24019525945186615,0.07580719352699816,0.07633160171099007,0.3707074597477913
1307,1307,3.8129963874816895,3.8279318809509277,0.0002,2.73415522866773,0.23847081139683723,0.07583823567256331,0.07636394491419196,0.37105605006217957
1308,1308,3.795292377471924,3.813138008117676,0.0002,2.7402151195359035,0.23854707181453705,0.07587145268917084,0.0763950056862086,0.3714054301381111
1309,1309,3.8065567016601562,3.8699445724487305,0.0002,2.7429509187830723,0.23951175808906555,0.07590139633975923,0.07642653863877058,0.37175600230693817
1310,1310,3.8127784729003906,3.828810214996338,0.0002,2.7449010742805595,0.2400171011686325,0.07593044126406312,0.07645557844080031,0.37210673093795776
1311,1311,3.8231122493743896,3.8112807273864746,0.0002,2.750428531485836,0.24065029621124268,0.07595870736986399,0.07647944008931518,0.3724542707204819
1312,1312,3.7850918769836426,3.823106288909912,0.0002,2.751991150578727,0.23967283964157104,0.0759790949523449,0.07650581724010408,0.37280527502298355
1313,1313,3.800893783569336,3.7974510192871094,0.0002,2.7529583346929156,0.24047359451651573,0.0760120467748493,0.07653770595788956,0.37315989285707474
1314,1314,3.7863101959228516,3.829824209213257,0.0002,2.7584643781328833,0.24125640839338303,0.07603505183942616,0.07656401884742081,0.3735147640109062
1315,1315,3.8000614643096924,3.7923378944396973,0.0002,2.7623709157534053,0.24189309030771255,0.07606532867066562,0.07658594893291593,0.3738686144351959
1316,1316,3.7810609340667725,3.8073625564575195,0.0002,2.7646694110683123,0.24141204357147217,0.07609258545562625,0.07661473331972957,0.37422142177820206
1317,1317,3.8144760131835938,3.8094589710235596,0.0002,2.7664506633056183,0.24192026257514954,0.07611574232578278,0.07663966249674559,0.37457264959812164
1318,1318,3.8037023544311523,3.8595833778381348,0.0002,2.765882037858793,0.24014218151569366,0.07615209836512804,0.07667657197453082,0.3749268874526024
1319,1319,3.82197904586792,3.8194937705993652,0.0002,2.765259676182557,0.24221603199839592,0.07617615745402873,0.0766961076296866,0.37528280913829803
1320,1320,3.8061280250549316,3.820859909057617,0.0002,2.7682428048575476,0.24263068661093712,0.07619350007735193,0.07672111177816987,0.3756376951932907
1321,1321,3.77541446685791,3.816446304321289,0.0002,2.7682143719581824,0.24155055359005928,0.0762399835512042,0.07676023407839239,0.37599270045757294
1322,1322,3.7948808670043945,3.794613838195801,0.0002,2.7675614263307495,0.24031925201416016,0.0762647888623178,0.07678501470945776,0.3763440176844597
1323,1323,3.799870729446411,3.8149542808532715,0.0002,2.7701011941360947,0.24096136912703514,0.07628869218751788,0.07681050826795399,0.37669966369867325
1324,1324,3.7672691345214844,3.815124034881592,0.0002,2.770384452996341,0.2425396479666233,0.07631577434949577,0.07683915714733303,0.37705644220113754
1325,1325,3.81295108795166,3.800015926361084,0.0002,2.77338611367186,0.24270540848374367,0.07634815480560064,0.07687188754789531,0.37741369754076004
1326,1326,3.7908971309661865,3.7738230228424072,0.0002,2.7726507752063174,0.24431657046079636,0.07635264820419252,0.07687958772294223,0.37776708602905273
1327,1327,3.7612547874450684,3.8026652336120605,0.0002,2.580345027648728,0.242667805403471,0.07640291401185095,0.07692956528626382,0.37812352925539017
1328,1328,3.784250259399414,3.7988758087158203,0.0002,2.599659171929865,0.24112587422132492,0.0764247530605644,0.0769522248301655,0.37847722321748734
1329,1329,3.7888524532318115,3.8099403381347656,0.0002,2.617680190522828,0.24274000525474548,0.07645420590415597,0.07697861851193011,0.3788357228040695
1330,1330,3.762397289276123,3.7940659523010254,0.0002,2.63222324350487,0.24359649047255516,0.0764855092857033,0.07701091631315649,0.3791951835155487
1331,1331,3.793682336807251,3.824429988861084,0.0002,2.6491707083057032,0.2440953105688095,0.0765048146713525,0.07703614281490445,0.3795539364218712
1332,1332,3.8086116313934326,3.7951173782348633,0.0002,2.6607063388058925,0.24420877546072006,0.07653842773288488,0.07706583547405899,0.37991563975811005
1333,1333,3.8034090995788574,3.7776906490325928,0.0002,2.674502336124227,0.24362706020474434,0.0765685688238591,0.0770950315054506,0.38027623295783997
1334,1334,3.761218309402466,3.796781063079834,0.0002,2.6836949688823064,0.2425566278398037,0.07658951007761061,0.07711471617221832,0.3806367740035057
1335,1335,3.7661080360412598,3.790518283843994,0.0002,2.6954952611453966,0.2432280108332634,0.07662474131211638,0.07715486502274871,0.3809991851449013
1336,1336,3.75683856010437,3.8186163902282715,0.0002,2.702243639624007,0.24433479458093643,0.0766575790476054,0.07718171086162329,0.3813604563474655
1337,1337,3.7830018997192383,3.8050694465637207,0.0002,2.713196776133694,0.24531372636556625,0.07668524235486984,0.07720872387290001,0.3817227855324745
1338,1338,3.7895092964172363,3.8149118423461914,0.0002,2.721606454148712,0.2433151863515377,0.07670603971928358,0.07723202044144273,0.3820883631706238
1339,1339,3.8380789756774902,3.797262191772461,0.0002,2.7247030803074956,0.24319519847631454,0.07673272117972374,0.07726080063730478,0.38245391845703125
1340,1340,3.777773857116699,3.8010823726654053,0.0002,2.724011695125632,0.24525856971740723,0.07676329114474356,0.07729180180467665,0.3828166425228119
1341,1341,3.7566585540771484,3.7767372131347656,0.0002,2.728331512334177,0.2438701167702675,0.07678931881673634,0.07731886114925146,0.3831779807806015
1342,1342,3.798854351043701,3.785848379135132,0.0002,2.7380266005603344,0.24538229033350945,0.07682350068353117,0.07735244557261467,0.3835412412881851
1343,1343,3.771639108657837,3.806422472000122,0.0002,2.742354229243697,0.24398323148488998,0.07685308391228318,0.07737718825228512,0.3839026615023613
1344,1344,3.7917895317077637,3.7930471897125244,0.0002,2.7446220462441158,0.2451571188867092,0.07688026293180883,0.07740949280560017,0.384268619120121
1345,1345,3.790816068649292,3.7798707485198975,0.0002,2.7496947667064466,0.24611733108758926,0.07690459256991744,0.07743212254717946,0.3846316263079643
1346,1346,3.803344249725342,3.8009371757507324,0.0002,2.7546178161515034,0.24538201093673706,0.07694049901328981,0.07746285060420632,0.38499295711517334
1347,1347,3.787696361541748,3.7600088119506836,0.0002,2.7568301081272972,0.2444530911743641,0.076956229750067,0.07748019974678755,0.38535138219594955
1348,1348,3.789564847946167,3.7713699340820312,0.0002,2.56658855260382,0.24712806567549706,0.07698954781517386,0.07751635229215026,0.3857133910059929
1349,1349,3.813434600830078,3.8022384643554688,0.0002,2.588814741853813,0.24580570682883263,0.07701364532113075,0.07754555460996926,0.3860749751329422
1350,1350,3.8024959564208984,3.8206377029418945,0.0002,2.606356313645233,0.2446552850306034,0.0770494791213423,0.07757327798753977,0.3864360824227333
1351,1351,3.770815849304199,3.8168106079101562,0.0002,2.62199335278578,0.24711931496858597,0.07707096496596932,0.07759864418767393,0.3867984414100647
1352,1352,3.7946414947509766,3.8000686168670654,0.0002,2.6390562967450397,0.2468370646238327,0.07709372276440263,0.0776265247259289,0.3871605098247528
1353,1353,3.7768232822418213,3.8068041801452637,0.0002,2.6552708241274083,0.246510099619627,0.07712455000728369,0.07765254564583302,0.3875237703323364
1354,1354,3.8019907474517822,3.796452760696411,0.0002,2.6672096314520384,0.24794529750943184,0.07715128711424768,0.07768043922260404,0.3878811150789261
1355,1355,3.8038415908813477,3.8131532669067383,0.0002,2.6830708400415313,0.2463868409395218,0.07719224505126476,0.07772181881591678,0.3882383182644844
1356,1356,3.77793550491333,3.796720027923584,0.0002,2.6946033715615587,0.24747354164719582,0.07722342037595809,0.07775131007656455,0.3885953053832054
1357,1357,3.776294708251953,3.7974791526794434,0.0002,2.7041566942626174,0.24670099094510078,0.07725223316811025,0.0777773957233876,0.38895367085933685
1358,1358,3.7949609756469727,3.824563503265381,0.0002,2.7101706603419715,0.24749865010380745,0.07727861334569752,0.0778015460819006,0.3893123269081116
1359,1359,3.792739152908325,3.797431468963623,0.0002,2.718891947486962,0.24639931693673134,0.07730489573441446,0.07783325132913888,0.38967256247997284
1360,1360,3.7652769088745117,3.8056070804595947,0.0002,2.723933011096137,0.2488204389810562,0.07733253436163068,0.0778631588909775,0.3900322839617729
1361,1361,3.760948419570923,3.797788143157959,0.0002,2.7318347855612704,0.24747184664011002,0.07734757079742849,0.07787761371582747,0.3903888538479805
1362,1362,3.796976089477539,3.7932379245758057,0.0002,2.741750895833872,0.2489108256995678,0.07738106930628419,0.07791573950089514,0.39074812084436417
1363,1363,3.779852867126465,3.804304361343384,0.0002,2.7460857486846852,0.24902109429240227,0.07740784762427211,0.0779373727273196,0.3911055773496628
1364,1364,3.781278610229492,3.7904348373413086,0.0002,2.751055906464212,0.2492031343281269,0.07743871514685452,0.07797018089331686,0.39146237075328827
1365,1365,3.75799822807312,3.7790074348449707,0.0002,2.7525414929755074,0.24810994416475296,0.07746911188587546,0.07800177554599941,0.3918175548315048
1366,1366,3.807215690612793,3.7959794998168945,0.0002,2.7534635089076085,0.25011663511395454,0.07750108954496682,0.07802733848802745,0.3921714499592781
1367,1367,3.765244483947754,3.7907252311706543,0.0002,2.7588306654701458,0.24900057539343834,0.07752343453466892,0.07805270282551646,0.3925243616104126
1368,1368,3.7687950134277344,3.791004180908203,0.0002,2.7637041512136187,0.2504206746816635,0.0775525497738272,0.07808446162380278,0.39288026094436646
1369,1369,3.810380458831787,3.818629264831543,0.0002,2.768694305196821,0.24857769161462784,0.07757527893409133,0.07810375629924238,0.3932333216071129
1370,1370,3.771095037460327,3.8102798461914062,0.0002,2.771397990203814,0.2511887773871422,0.07760790060274303,0.07813327014446259,0.3935878202319145
1371,1371,3.8292088508605957,3.7815394401550293,0.0002,2.774506976742758,0.2508147060871124,0.07763164630159736,0.07815922400914133,0.39394159615039825
1372,1372,3.8020734786987305,3.802276611328125,0.0002,2.7733882021182428,0.24876175075769424,0.07766186934895813,0.07819191413000226,0.3942945823073387
1373,1373,3.7841053009033203,3.7828710079193115,0.0002,2.7723352174475697,0.24962596222758293,0.07770087942481041,0.07823017821647227,0.39465465396642685
1374,1374,3.782092571258545,3.8120880126953125,0.0002,2.7710292321762546,0.24938050284981728,0.07771822321228683,0.07824293663725257,0.39501266926527023
1375,1375,3.777209758758545,3.8305835723876953,0.0002,2.773983323321918,0.25137845799326897,0.07774811028502882,0.07827831665053964,0.39537424594163895
1376,1376,3.792541027069092,3.777228593826294,0.0002,2.773050874520342,0.2500818260014057,0.077770333038643,0.0783016576897353,0.39573465287685394
1377,1377,3.764409303665161,3.7781505584716797,0.0002,2.776114280599882,0.24998041987419128,0.0777924400754273,0.07832374796271324,0.3960956558585167
1378,1378,3.7990713119506836,3.8712916374206543,0.0002,2.774894053555732,0.2504729852080345,0.07781566306948662,0.07834743265993893,0.39645445346832275
1379,1379,3.7885313034057617,3.7885921001434326,0.0002,2.7796165939172743,0.24960998445749283,0.07784586632624269,0.07837851624935865,0.39681345224380493
1380,1380,3.7587318420410156,3.8094096183776855,0.0002,2.780266367436203,0.2508450299501419,0.0778644469100982,0.07840208662673831,0.3971700891852379
1381,1381,3.787228584289551,3.7879157066345215,0.0002,2.7824727134067078,0.25117021054029465,0.0779035973828286,0.07843202911317348,0.39752598106861115
1382,1382,3.7529242038726807,3.7820849418640137,0.0002,2.780782536909027,0.25094740837812424,0.07792697194963694,0.07845680532045662,0.39788010716438293
1383,1383,3.7864279747009277,3.8107433319091797,0.0002,2.7787215810584573,0.251124732196331,0.07795644621364772,0.07848500227555633,0.398237906396389
1384,1384,3.8190808296203613,3.823577880859375,0.0002,2.7811399817551337,0.2514338195323944,0.07798918569460511,0.07851547049358487,0.398592509329319
1385,1385,3.7827773094177246,3.770824432373047,0.0002,2.784761391731434,0.2514021545648575,0.07800574484281242,0.07853659358806908,0.39895113557577133
1386,1386,3.731598138809204,3.7695813179016113,0.0002,2.787929422565192,0.25096894800662994,0.07803086307831109,0.07856340007856488,0.39930856972932816
1387,1387,3.764946699142456,3.783449172973633,0.0002,2.7914411779180326,0.2508261799812317,0.07805946189910173,0.07859244477003813,0.3996698632836342
1388,1388,3.7868218421936035,3.7654643058776855,0.0002,2.7892383415491397,0.25085507705807686,0.07809383445419371,0.07861816743388772,0.40002942830324173
1389,1389,3.7936697006225586,3.82033371925354,0.0002,2.7904989639394695,0.2530018836259842,0.0781047937925905,0.07864257018081844,0.40039263665676117
1390,1390,3.786571979522705,3.7738938331604004,0.0002,2.7880864341453178,0.252597838640213,0.07813745667226613,0.07866607513278723,0.4007526785135269
1391,1391,3.742518424987793,3.781052827835083,0.0002,2.7890577651126796,0.2527868300676346,0.07817372027784586,0.07869720761664212,0.40111324936151505
1392,1392,3.795522451400757,3.7800991535186768,0.0002,2.7921614662102723,0.2534051723778248,0.07820245693437755,0.07873047702014446,0.4014786258339882
1393,1393,3.7613162994384766,3.7728095054626465,0.0002,2.7907125125073304,0.25274839252233505,0.07822569576092064,0.07875414472073317,0.4018414244055748
1394,1394,3.7718379497528076,3.8373141288757324,0.0002,2.789569342912112,0.25483497232198715,0.0782462649513036,0.07877716096118093,0.40220440179109573
1395,1395,3.792781352996826,3.829157590866089,0.0002,2.7908476487752254,0.2539312541484833,0.07826348673552275,0.0787972656544298,0.40256115049123764
1396,1396,3.753838539123535,3.7760162353515625,0.0002,2.7925942296575674,0.2527681812644005,0.0783056968357414,0.0788354561664164,0.40292347967624664
1397,1397,3.7889201641082764,3.7508726119995117,0.0002,2.7958423966889474,0.25406528264284134,0.07832169067114592,0.07885278086178005,0.4032844454050064
1398,1398,3.758798122406006,3.830653190612793,0.0002,2.596073649509255,0.2535250410437584,0.07834822800941765,0.07888182951137424,0.40364982932806015
1399,1399,3.761108636856079,3.8563175201416016,0.0002,2.6150275206276055,0.2543319761753082,0.07837916002608836,0.07891132682561874,0.4040139243006706
1400,1400,3.7754569053649902,3.753063678741455,0.0002,2.631667288040964,0.2552107572555542,0.07839441555552185,0.0789284324273467,0.40437736362218857
1401,1401,3.766495704650879,3.804518461227417,0.0002,2.644534283158388,0.2539776861667633,0.07842645444907248,0.07895948342047632,0.404741570353508
1402,1402,3.765138626098633,3.7862443923950195,0.0002,2.6560882979725124,0.2548331171274185,0.07844805484637618,0.07898241537623107,0.40510450303554535
1403,1403,3.8002450466156006,3.7716057300567627,0.0002,2.6705973696456544,0.2543499320745468,0.07846661726944149,0.07900699297897518,0.40546322613954544
1404,1404,3.7491302490234375,3.785768985748291,0.0002,2.67992114808147,0.2549644708633423,0.07850732235237956,0.0790341254323721,0.4058239534497261
1405,1405,3.7509148120880127,3.839688539505005,0.0002,2.6880186204977408,0.25528833270072937,0.07853097631596029,0.07906162110157311,0.40618105232715607
1406,1406,3.760148763656616,3.790459156036377,0.0002,2.695194641668509,0.2550054043531418,0.07855137996375561,0.0790852450300008,0.4065375551581383
1407,1407,3.762279510498047,3.7933902740478516,0.0002,2.7056837266143083,0.2567644491791725,0.07858522585593164,0.07911610254086554,0.4068993926048279
1408,1408,3.777355432510376,3.7694060802459717,0.0002,2.71476150966681,0.25588902831077576,0.07861378858797252,0.07914464361965656,0.40725892037153244
1409,1409,3.767955780029297,3.7853856086730957,0.0002,2.720858623450683,0.2562118023633957,0.07862983155064285,0.07916099880822003,0.40761857479810715
1410,1410,3.7735960483551025,3.7917377948760986,0.0002,2.7312344742135273,0.25566818565130234,0.07866229256615043,0.07919481839053333,0.40798234939575195
1411,1411,3.7549729347229004,3.775984764099121,0.0002,2.7369334841397595,0.25426071882247925,0.07868276163935661,0.07921964139677584,0.40834779292345047
1412,1412,3.770879030227661,3.7771828174591064,0.0002,2.7432351626458553,0.2565954029560089,0.0786977419629693,0.07923571253195405,0.4087158069014549
1413,1413,3.7358949184417725,3.7852296829223633,0.0002,2.7453500684140284,0.25776417553424835,0.07872410723939538,0.07926080608740449,0.40908072888851166
1414,1414,3.775528907775879,3.7823338508605957,0.0002,2.7468378345561333,0.25587862730026245,0.07875021733343601,0.07929011108353734,0.40944694727659225
1415,1415,3.782733917236328,3.772462844848633,0.0002,2.752187394292076,0.2555643245577812,0.07878992496989667,0.0793219693005085,0.4098094701766968
1416,1416,3.7950892448425293,3.76617169380188,0.0002,2.7568150238167535,0.25867320597171783,0.07881350885145366,0.07934470032341778,0.41017580032348633
1417,1417,3.7472610473632812,3.786557912826538,0.0002,2.758434636010948,0.2559315338730812,0.07882474921643734,0.07936425367370248,0.41054005175828934
1418,1418,3.7946367263793945,3.7739126682281494,0.0002,2.7647630590036334,0.25638480484485626,0.07885792455635965,0.07938854955136776,0.41090257465839386
1419,1419,3.7369861602783203,3.7720189094543457,0.0002,2.767229939429079,0.2585494816303253,0.07887878199107945,0.0794118579942733,0.41126660257577896
1420,1420,3.789506435394287,3.840287923812866,0.0002,2.7665286234236666,0.2568468749523163,0.07890809886157513,0.07943908870220184,0.4116246849298477
1421,1421,3.7627205848693848,3.7651729583740234,0.0002,2.765988357414827,0.25795768946409225,0.0789406078401953,0.07947220699861646,0.41198787093162537
1422,1422,3.773397445678711,3.783937454223633,0.0002,2.765230635931422,0.25936664640903473,0.07895544357597828,0.07949597551487386,0.41235261410474777
1423,1423,3.76071834564209,3.783953905105591,0.0002,2.7688469033469563,0.2582571730017662,0.07898558722808957,0.07951929466798902,0.4127136096358299
1424,1424,3.801673650741577,3.7609200477600098,0.0002,2.7684467734781384,0.2569958195090294,0.07899844320490956,0.07953676371835172,0.41307684034109116
1425,1425,3.744889259338379,3.784292221069336,0.0002,2.771867815287437,0.2582841217517853,0.07903441390953958,0.07956757675856352,0.4134400114417076
1426,1426,3.80332088470459,3.7956998348236084,0.0002,2.7709504132007767,0.2582324296236038,0.07906445418484509,0.07959775649942458,0.4138065278530121
1427,1427,3.7498717308044434,3.7839009761810303,0.0002,2.773683732413023,0.25877412408590317,0.07907620444893837,0.07961286068893969,0.41417430341243744
1428,1428,3.761441469192505,3.787134885787964,0.0002,2.773112307955392,0.2600649446249008,0.0791025971993804,0.07964194240048528,0.41454217582941055
1429,1429,3.733808994293213,3.743600845336914,0.0002,2.777918044016887,0.25962695479393005,0.07912087603472173,0.0796545825432986,0.41490547358989716
1430,1430,3.772106170654297,3.774104118347168,0.0002,2.585147550419673,0.25923433154821396,0.07915453216992319,0.07969534513540566,0.41527223587036133
1431,1431,3.7546768188476562,3.822176933288574,0.0002,2.603820119332666,0.2593211382627487,0.0791755246464163,0.07971023302525282,0.4156429246068001
1432,1432,3.750948905944824,3.8163344860076904,0.0002,2.6197579584251027,0.2593258395791054,0.07919968571513891,0.07973554753698409,0.41601116210222244
1433,1433,3.747501850128174,3.78648042678833,0.0002,2.6334702564499888,0.25859491527080536,0.07922930642962456,0.07976140989921987,0.41637809574604034
1434,1434,3.789059638977051,3.7688426971435547,0.0002,2.646342157098,0.2605137601494789,0.07924627512693405,0.07977824471890926,0.416745662689209
1435,1435,3.7467164993286133,3.789191722869873,0.0002,2.6621012927868937,0.25974323600530624,0.07927540177479386,0.07981208898127079,0.4171154648065567
1436,1436,3.761845588684082,3.7887191772460938,0.0002,2.6755114698702673,0.2599523141980171,0.0792941004037857,0.07983110356144607,0.41748476028442383
1437,1437,3.7525477409362793,3.8014163970947266,0.0002,2.685341035913241,0.2591412663459778,0.07931404560804367,0.07984671113081276,0.41784948110580444
1438,1438,3.7595086097717285,3.799191474914551,0.0002,2.6994465014257822,0.25983135402202606,0.07934561930596828,0.07988039078190923,0.41821855306625366
1439,1439,3.7662854194641113,3.7851696014404297,0.0002,2.7079025789395095,0.2607099339365959,0.07936528185382485,0.07990546897053719,0.4185822606086731
1440,1440,3.736424446105957,3.7763214111328125,0.0002,2.7154295238061725,0.26050300151109695,0.07938865758478642,0.07992526306770742,0.4189511463046074
1441,1441,3.763709783554077,3.77336049079895,0.0002,2.725837764668147,0.26124729961156845,0.07941573485732079,0.0799478767439723,0.4193258285522461
1442,1442,3.747523784637451,3.7659263610839844,0.0002,2.7301985767148755,0.26014653593301773,0.07943304814398289,0.07997456891462207,0.41969408094882965
1443,1443,3.7697360515594482,3.766568183898926,0.0002,2.7332233947718914,0.2610613778233528,0.07944960752502084,0.07999092899262905,0.4200642332434654
1444,1444,3.7198326587677,3.7429070472717285,0.0002,2.739916365993438,0.26166532933712006,0.07948451023548841,0.08002141793258488,0.4204285740852356
1445,1445,3.7904281616210938,3.76607084274292,0.0002,2.546961958256475,0.2620484456419945,0.07951067318208516,0.08004794968292117,0.4207990765571594
1446,1446,3.7381129264831543,3.7635512351989746,0.0002,2.570028519679026,0.26193463057279587,0.07954208925366402,0.08007375104352832,0.42116688191890717
1447,1447,3.7599079608917236,3.751046657562256,0.0002,2.591825779307918,0.2616378664970398,0.07955727586522698,0.08009404456242919,0.42152710258960724
1448,1448,3.7430343627929688,3.757154703140259,0.0002,2.604448667728586,0.263726569712162,0.07958337618038058,0.08012137887999415,0.42189136892557144
1449,1449,3.8285350799560547,3.729780435562134,0.0002,2.6206686685960263,0.262009359896183,0.07959599373862147,0.08013330330140889,0.42225510627031326
1450,1450,3.75331974029541,3.777279853820801,0.0002,2.4425288079804783,0.26234230399131775,0.07962685450911522,0.08016418269835413,0.42262060940265656
1451,1451,3.751290798187256,3.761913537979126,0.0002,2.4763217420300307,0.262588307261467,0.07965931808575988,0.08019235078245401,0.4229850694537163
1452,1452,3.750016927719116,3.7836952209472656,0.0002,2.504756149776821,0.2641991525888443,0.07967388862743974,0.08020759746432304,0.4233443886041641
1453,1453,3.760194778442383,3.768916606903076,0.0002,2.534095390536225,0.26257529854774475,0.07969913771376014,0.08023901842534542,0.42370588332414627
1454,1454,3.741270065307617,3.770318031311035,0.0002,2.557205575379073,0.2603297829627991,0.07972890441305935,0.08026114664971828,0.42406560480594635
1455,1455,3.7638754844665527,3.756276845932007,0.0002,2.577413648613781,0.26310232281684875,0.07975028618238866,0.08028895896859467,0.4244265854358673
1456,1456,3.752139091491699,3.7691168785095215,0.0002,2.5998059750910163,0.2633991539478302,0.07976764556951821,0.08030783152207732,0.42478466033935547
1457,1457,3.783234119415283,3.8059451580047607,0.0002,2.620566069712404,0.262463703751564,0.07979454123415053,0.08033517678268254,0.42514537274837494
1458,1458,3.779618501663208,3.7781858444213867,0.0002,2.6352271477096636,0.2624025195837021,0.07982861110940576,0.0803652957547456,0.425510510802269
1459,1459,3.7372162342071533,3.7330565452575684,0.0002,2.6478312749284454,0.2620665207505226,0.07985573750920594,0.08039379282854497,0.42587918043136597
1460,1460,3.728835105895996,3.7664318084716797,0.0002,2.6652211784179385,0.26433608680963516,0.07987419771961868,0.08041274501010776,0.42624880373477936
1461,1461,3.7772021293640137,3.7533416748046875,0.0002,2.677221267161019,0.26309719681739807,0.07989034987986088,0.08042721031233668,0.42661476135253906
1462,1462,3.739351272583008,3.7917301654815674,0.0002,2.6891756471491344,0.2639379948377609,0.0799209950491786,0.08046141406521201,0.42698466032743454
1463,1463,3.7379889488220215,3.77656888961792,0.0002,2.6972633149433376,0.26389750838279724,0.07994882576167583,0.08048439165577292,0.42735327035188675
1464,1464,3.732603073120117,3.7991042137145996,0.0002,2.7074790610208344,0.2629331424832344,0.07997212186455727,0.08051042212173343,0.4277246817946434
1465,1465,3.7565627098083496,3.7338781356811523,0.0002,2.7132267029959705,0.2627651318907738,0.0799975786358118,0.08053653268143535,0.4280957877635956
1466,1466,3.751661777496338,3.7369577884674072,0.0002,2.7220873609260234,0.26303936541080475,0.08001812407746911,0.08055814006365836,0.42846517264842987
1467,1467,3.7894392013549805,3.789062976837158,0.0002,2.7312471588514775,0.26380325108766556,0.08004422741942108,0.0805803183466196,0.4288393035531044
1468,1468,3.752671718597412,3.7897491455078125,0.0002,2.7377584831473327,0.26623740047216415,0.08005812368355691,0.08060255134478211,0.42921505868434906
1469,1469,3.7793495655059814,3.7452476024627686,0.0002,2.7441761182297566,0.264195017516613,0.08007712895050645,0.08062531263567507,0.42958567291498184
1470,1470,3.7739415168762207,3.783168315887451,0.0002,2.746781385792795,0.2662948817014694,0.08011306938715279,0.0806538441684097,0.42995791137218475
1471,1471,3.741305112838745,3.7733817100524902,0.0002,2.7514170976045924,0.2662350758910179,0.08013750473037362,0.08067936892621219,0.4303223788738251
1472,1472,3.74475359916687,3.8031344413757324,0.0002,2.7534527733657175,0.2651055157184601,0.08017252129502594,0.08070644829422235,0.4306867644190788
1473,1473,3.7082109451293945,3.784146785736084,0.0002,2.759456687468072,0.2662600949406624,0.08018828206695616,0.08072620630264282,0.43105555325746536
1474,1474,3.7517848014831543,3.7756214141845703,0.0002,2.7651825539661945,0.2655126303434372,0.08021752908825874,0.08075774880126119,0.4314236342906952
1475,1475,3.758974552154541,3.7819955348968506,0.0002,2.7673806454910537,0.26744500547647476,0.08023379324004054,0.08077396173030138,0.43179120123386383
1476,1476,3.723416566848755,3.752802848815918,0.0002,2.7704281807606463,0.26552166044712067,0.08026659837923944,0.0808076208923012,0.43215811252593994
1477,1477,3.735236644744873,3.78289794921875,0.0002,2.7703464878361084,0.26707474142313004,0.08029052382335067,0.08082891232334077,0.4325261041522026
1478,1478,3.7561793327331543,3.765697956085205,0.0002,2.769368562772466,0.2681536376476288,0.08031706279143691,0.08085488411597908,0.4328966587781906
1479,1479,3.7722673416137695,3.7767958641052246,0.0002,2.772596982911198,0.26595332473516464,0.08033892302773893,0.08087908220477402,0.4332678094506264
1480,1480,3.711308002471924,3.752354145050049,0.0002,2.7716362864520594,0.2680785432457924,0.0803544030059129,0.08089750702492893,0.4336373284459114
1481,1481,3.783081531524658,3.725062131881714,0.0002,2.7746526011442474,0.2644575163722038,0.08038632641546428,0.08092891750857234,0.4340059459209442
1482,1482,3.75626802444458,3.8080549240112305,0.0002,2.582506314104764,0.26734495162963867,0.0804008801933378,0.08094999869354069,0.4343772381544113
1483,1483,3.749627113342285,3.7706522941589355,0.0002,2.6007039902377755,0.26739567518234253,0.08043101243674755,0.08097618632018566,0.4347502514719963
1484,1484,3.732588768005371,3.7283434867858887,0.0002,2.6168119489966246,0.26704753190279007,0.08046060963533819,0.08100566081702709,0.43512289226055145
1485,1485,3.7346739768981934,3.755734443664551,0.0002,2.635122400672954,0.26758963614702225,0.08047771803103387,0.08101733704097569,0.43549103289842606
1486,1486,3.7347517013549805,3.7321908473968506,0.0002,2.6522059286020565,0.2668863832950592,0.08049721410498023,0.08104272303171456,0.43585939705371857
1487,1487,3.740464448928833,3.745513677597046,0.0002,2.6636040047568232,0.26661282032728195,0.08052595239132643,0.08106693485751748,0.43622753769159317
1488,1488,3.728026866912842,3.7473034858703613,0.0002,2.677419034556079,0.2698894441127777,0.08055468113161623,0.08109623845666647,0.436597041785717
1489,1489,3.7377777099609375,3.757625102996826,0.0002,2.6922122543850264,0.2683679610490799,0.08057442377321422,0.08111797785386443,0.43696169555187225
1490,1490,3.726417064666748,3.7806639671325684,0.0002,2.700807023585155,0.26849178969860077,0.08060064585879445,0.08114382950589061,0.4373276010155678
1491,1491,3.736210584640503,3.753519296646118,0.0002,2.707876103727824,0.26802313327789307,0.08063192013651133,0.0811743251979351,0.43769583851099014
1492,1492,3.732595920562744,3.768165349960327,0.0002,2.716738021075916,0.2701517567038536,0.08063916559331119,0.0811860435642302,0.43806323409080505
1493,1493,3.717289447784424,3.7591800689697266,0.0002,2.7262144501074856,0.2691195458173752,0.08067259169183671,0.08121375693008304,0.43843308091163635
1494,1494,3.7797062397003174,3.718097448348999,0.0002,2.730164391500654,0.2678997814655304,0.08069414203055203,0.08124231058172882,0.4388052821159363
1495,1495,3.747899293899536,3.779761791229248,0.0002,2.542432831302923,0.2703791484236717,0.08072131732478738,0.08126686443574727,0.4391765370965004
1496,1496,3.728140354156494,3.759791374206543,0.0002,2.5667340559806995,0.26968179643154144,0.08074528235010803,0.08128700731322169,0.43954405933618546
1497,1497,3.721869945526123,3.7271995544433594,0.0002,2.5882476543342605,0.26957107335329056,0.08076562266796827,0.08131146733649075,0.4399145618081093
1498,1498,3.727381467819214,3.790860176086426,0.0002,2.605674717331141,0.26743243634700775,0.08079790114425123,0.08133933111093938,0.4402848705649376
1499,1499,3.741079330444336,3.764528274536133,0.0002,2.621030404961573,0.27026043087244034,0.08081500162370503,0.08136053406633437,0.4406548738479614
1500,1500,3.782090663909912,3.7800936698913574,0.0002,2.6382972920658188,0.26980752497911453,0.08084654435515404,0.08139000018127263,0.441024549305439
1501,1501,3.737323522567749,3.778587818145752,0.0002,2.6512281767583064,0.27077387273311615,0.08086249325424433,0.0814078061375767,0.4413948282599449
1502,1502,3.7560620307922363,3.7607486248016357,0.0002,2.666353015808038,0.2714960351586342,0.08088701590895653,0.08143256604671478,0.4417640268802643
1503,1503,3.750295639038086,3.7821266651153564,0.0002,2.676294597778667,0.26924946159124374,0.08092142688110471,0.08146445313468575,0.4421350434422493
1504,1504,3.757340908050537,3.709500789642334,0.0002,2.6889873172662044,0.27096035331487656,0.08095024945214391,0.08149270829744637,0.44250883162021637
1505,1505,3.7821221351623535,3.73439359664917,0.0002,2.5051335912898707,0.27148599922657013,0.08095497125759721,0.08150541340000927,0.44287770986557007
1506,1506,3.735236406326294,3.7331624031066895,0.0002,2.533636129856243,0.2713085636496544,0.08097953116521239,0.08152648969553411,0.44324953854084015
1507,1507,3.782106876373291,3.7409043312072754,0.0002,2.556674698078617,0.270533986389637,0.0810154196806252,0.08156008296646178,0.443621002137661
1508,1508,3.741163969039917,3.718099594116211,0.0002,2.5794703538808683,0.27041444927453995,0.08103642356581986,0.08158370642922819,0.44399262964725494
1509,1509,3.7296547889709473,3.7562661170959473,0.0002,2.598970398483669,0.27119188010692596,0.081060720840469,0.08161285379901528,0.4443648010492325
1510,1510,3.771972417831421,3.766961097717285,0.0002,2.614568233843936,0.2728652060031891,0.0810820241458714,0.08162466972135007,0.4447341114282608
1511,1511,3.704901695251465,3.7728331089019775,0.0002,2.6300637158250613,0.2708093896508217,0.0811102301813662,0.08165668789297342,0.4451083838939667
1512,1512,3.734325885772705,3.7288618087768555,0.0002,2.6465215322619753,0.27206848561763763,0.08112730109132826,0.08167512947693467,0.44547709822654724
1513,1513,3.7180964946746826,3.760854721069336,0.0002,2.6618001933724766,0.2725166901946068,0.08115983149036765,0.08170765801332891,0.4458488002419472
1514,1514,3.756418228149414,3.7686474323272705,0.0002,2.673370733921674,0.27089443802833557,0.08117992547340691,0.08172771520912647,0.4462173953652382
1515,1515,3.7612502574920654,3.7726922035217285,0.0002,2.6861154775557847,0.27247197180986404,0.08120915153995156,0.08175710565410554,0.446592815220356
1516,1516,3.721930980682373,3.7496674060821533,0.0002,2.696226976043385,0.2735513225197792,0.08122077584266663,0.08176923589780927,0.44696522504091263
1517,1517,3.749453544616699,3.7397451400756836,0.0002,2.707027013000529,0.27310551702976227,0.08124722121283412,0.0817965583410114,0.44733700156211853
1518,1518,3.7429885864257812,3.7146496772766113,0.0002,2.714770720830483,0.2723289057612419,0.08127675158903003,0.081821323139593,0.4477025493979454
1519,1519,3.8253042697906494,3.7833251953125,0.0002,2.722949920726159,0.2737923189997673,0.08128899428993464,0.08184130280278623,0.44806795567274094
1520,1520,3.7550747394561768,3.738445997238159,0.0002,2.7305643453402513,0.27417000383138657,0.08131520170718431,0.08186687785200775,0.4484326243400574
1521,1521,3.7187459468841553,3.7367615699768066,0.0002,2.735200824935714,0.2729644402861595,0.08134585386142135,0.08189188688993454,0.4487932547926903
1522,1522,3.7172658443450928,3.8018436431884766,0.0002,2.743951080390962,0.27492621541023254,0.08136516367085278,0.08191305259242654,0.44915467500686646
1523,1523,3.693182945251465,3.7711050510406494,0.0002,2.7484343097508663,0.27364061027765274,0.08139091031625867,0.08193659083917737,0.4495156407356262
1524,1524,3.7059249877929688,3.750119686126709,0.0002,2.7496530792031724,0.27416814863681793,0.08140274439938366,0.08195755793713033,0.449878565967083
1525,1525,3.706763744354248,3.739243268966675,0.0002,2.7549422011474105,0.27417685091495514,0.08144532633014023,0.0819872454740107,0.4502434581518173
1526,1526,3.723769426345825,3.713512659072876,0.0002,2.7558018559197253,0.27453358471393585,0.08146017347462475,0.08200562675483525,0.4506053403019905
1527,1527,3.7173781394958496,3.7734951972961426,0.0002,2.7562400631793436,0.2746271714568138,0.08148953202180564,0.0820372502785176,0.45096854865550995
1528,1528,3.7217164039611816,3.7854504585266113,0.0002,2.7598682483183885,0.27345355600118637,0.08150867721997201,0.08206223510205746,0.4513314962387085
1529,1529,3.7216012477874756,3.721679210662842,0.0002,2.7609925709941163,0.2743503078818321,0.08154168352484703,0.08208597055636346,0.45170122385025024
1530,1530,3.7231836318969727,3.7180399894714355,0.0002,2.764394550198179,0.27494749426841736,0.08154740137979388,0.08210003119893372,0.45207199454307556
1531,1531,3.712413787841797,3.7388739585876465,0.0002,2.7652186374732683,0.27596229314804077,0.08156557218171656,0.08212306909263134,0.45244262367486954
1532,1532,3.7637481689453125,3.7542741298675537,0.0002,2.7710667777410505,0.27416957914829254,0.08161097671836615,0.08215998718515038,0.45281388610601425
1533,1533,3.7579259872436523,3.7249908447265625,0.0002,2.772621747813222,0.2753691300749779,0.08162823878228664,0.08217177935875952,0.4531885236501694
1534,1534,3.755361557006836,3.752751350402832,0.0002,2.775595941919963,0.2767267972230911,0.08164109545759857,0.0821930340025574,0.4535578265786171
1535,1535,3.7290902137756348,3.7460882663726807,0.0002,2.7787917670904547,0.2760029211640358,0.08166655129753053,0.08221653732471168,0.45392394810914993
1536,1536,3.705528736114502,3.7824018001556396,0.0002,2.7771940374377926,0.27582842111587524,0.08170019648969173,0.0822446858510375,0.4542900323867798
1537,1537,3.751315116882324,3.7216691970825195,0.0002,2.779516994002953,0.27693136036396027,0.08172232657670975,0.08227361342869699,0.45465780049562454
1538,1538,3.7883925437927246,3.7429327964782715,0.0002,2.7834662226492157,0.27554013580083847,0.08174917055293918,0.08229576121084392,0.4550267606973648
1539,1539,3.74238920211792,3.729764938354492,0.0002,2.784655648570343,0.2748580425977707,0.08176400791853666,0.08231384586542845,0.45539408177137375
1540,1540,3.7928762435913086,3.760395050048828,0.0002,2.7824814050564752,0.2773754894733429,0.08178882673382759,0.08234164072200656,0.4557655230164528
1541,1541,3.726231575012207,3.757629871368408,0.0002,2.780414911228192,0.2781171277165413,0.08180364407598972,0.08235553675331175,0.4561331868171692
1542,1542,3.7317557334899902,3.7496414184570312,0.0002,2.7817478348552718,0.27437129616737366,0.08184293727390468,0.08239180408418179,0.4564993679523468
1543,1543,3.7175533771514893,3.7925772666931152,0.0002,2.7805694612834904,0.2772715240716934,0.08186125149950385,0.08240939141251147,0.456864096224308
1544,1544,3.6983482837677,3.7677903175354004,0.0002,2.7830290910355524,0.27682311832904816,0.08188279089517891,0.08243357366882265,0.4572316110134125
1545,1545,3.757596015930176,3.782620429992676,0.0002,2.7808048137855716,0.274480901658535,0.08191419742070138,0.08246303931809962,0.45759984105825424
1546,1546,3.737215995788574,3.7533130645751953,0.0002,2.782567324605302,0.278311051428318,0.08193280175328255,0.08248470583930612,0.4579729661345482
1547,1547,3.7547154426574707,3.750476837158203,0.0002,2.780530615049422,0.2738412320613861,0.08195928297936916,0.08251017797738314,0.45834339410066605
1548,1548,3.732992172241211,3.6824159622192383,0.0002,2.7842688742574486,0.27762240916490555,0.08197791525162756,0.08253144938498735,0.45871874690055847
1549,1549,3.7249274253845215,3.7285382747650146,0.0002,2.58108353079037,0.27752190083265305,0.08201119001023471,0.08256027242168784,0.4590960144996643
1550,1550,3.718698024749756,3.729905605316162,0.0002,2.604560074606389,0.27668820321559906,0.08202161965891719,0.08257383946329355,0.4594716727733612
1551,1551,3.736265182495117,3.72959041595459,0.0002,2.6227110373823885,0.27924884855747223,0.08203821606002748,0.0825959574431181,0.45985201746225357
1552,1552,3.736497402191162,3.7068018913269043,0.0002,2.636901422968467,0.27818575501441956,0.08206365234218538,0.08262028149329126,0.46022573858499527
1553,1553,3.730508804321289,3.730039119720459,0.0002,2.653234480300196,0.27847401797771454,0.08208962460048497,0.08264418644830585,0.46060289442539215
1554,1554,3.733487844467163,3.795877695083618,0.0002,2.6645286015059284,0.27892597764730453,0.08210345753468573,0.0826604450121522,0.4609801173210144
1555,1555,3.7376365661621094,3.7297818660736084,0.0002,2.6737179622058296,0.27761612832546234,0.08213310898281634,0.08268999913707376,0.4613571837544441
1556,1556,3.708841323852539,3.7306699752807617,0.0002,2.682503695920092,0.2785840108990669,0.0821548958774656,0.08270845701918006,0.46173443645238876
1557,1557,3.703505277633667,3.843496322631836,0.0002,2.69374445757995,0.2794658914208412,0.08218142227269709,0.08273413078859448,0.462114542722702
1558,1558,3.71835994720459,3.7038393020629883,0.0002,2.70132672701026,0.2776607275009155,0.0822022263891995,0.08275246270932257,0.4624907746911049
1559,1559,3.7011072635650635,3.7514071464538574,0.0002,2.7070351685673115,0.27863912284374237,0.08222339581698179,0.08277543867006898,0.46287187188863754
1560,1560,3.683276891708374,3.7652831077575684,0.0002,2.7160407649657397,0.2765996530652046,0.08225526520982385,0.08280449430458248,0.46324992924928665
1561,1561,3.7369093894958496,3.749177932739258,0.0002,2.7216251167384957,0.2778637185692787,0.08227491611614823,0.08282488468103111,0.46362652629613876
1562,1562,3.701144218444824,3.81148099899292,0.0002,2.7316299141970193,0.27899813652038574,0.08229235140606761,0.08284564409404993,0.4640055224299431
1563,1563,3.710780620574951,3.718153476715088,0.0002,2.7371709884454014,0.2799513563513756,0.08231085166335106,0.082865578122437,0.46438533812761307
1564,1564,3.7079272270202637,3.7914228439331055,0.0002,2.7397880076774155,0.27891457825899124,0.08233319316059351,0.08288777433335781,0.46476494520902634
1565,1565,3.7708752155303955,3.7483227252960205,0.0002,2.7453284095536508,0.2825145274400711,0.0823614823166281,0.08290896913968027,0.46514640748500824
1566,1566,3.6933953762054443,3.8005857467651367,0.0002,2.74766521578032,0.2795557975769043,0.0823905875440687,0.08293973980471492,0.4655243009328842
1567,1567,3.6927318572998047,3.7735252380371094,0.0002,2.7487857477072715,0.27894797921180725,0.0824079520534724,0.08295790501870215,0.4659035950899124
1568,1568,3.712456703186035,3.712721347808838,0.0002,2.749828143797218,0.28012505918741226,0.08241070015355945,0.08297493890859187,0.4662832170724869
1569,1569,3.718234062194824,3.72880220413208,0.0002,2.7507280070968627,0.28106189519166946,0.08244648785330355,0.08300728676840663,0.46666334569454193
1570,1570,3.718791961669922,3.719078540802002,0.0002,2.7515772714949467,0.28072112798690796,0.08246892178431153,0.08302603708580136,0.4670433923602104
1571,1571,3.7426247596740723,3.7262229919433594,0.0002,2.75242917735024,0.2801205962896347,0.08249413105659187,0.08305131969973445,0.4674248918890953
1572,1572,3.726041793823242,3.7559170722961426,0.0002,2.753170711157328,0.28098776936531067,0.08250743499957025,0.08306594076566398,0.46780381351709366
1573,1573,3.723550319671631,3.730011224746704,0.0002,2.7539180312128035,0.2815956175327301,0.08252802840434015,0.08308464451692998,0.46818673610687256
1574,1574,3.6890859603881836,3.735893726348877,0.0002,2.7570573547371384,0.28167132288217545,0.08255130937322974,0.08310987264849246,0.4685636907815933
1575,1575,3.7181167602539062,3.7707066535949707,0.0002,2.7592386288423922,0.2822432741522789,0.08257162803784013,0.08312267251312733,0.4689416289329529
1576,1576,3.7111356258392334,3.7134273052215576,0.0002,2.7636448514540604,0.28166966885328293,0.08260170626454055,0.08315530768595636,0.46932007372379303
1577,1577,3.7035319805145264,3.7481985092163086,0.0002,2.7636924304355426,0.2813125550746918,0.08263087272644043,0.08318254048936069,0.4696984067559242
1578,1578,3.697162628173828,3.694362163543701,0.0002,2.767291173844614,0.28187885135412216,0.0826434032060206,0.0831948877312243,0.47007789462804794
1579,1579,3.711850166320801,3.7217161655426025,0.0002,2.767210422820045,0.2828473672270775,0.08265548967756331,0.08321387064643204,0.470461368560791
1580,1580,3.7285497188568115,3.7538185119628906,0.0002,2.7726257956900464,0.2816747650504112,0.0826781177893281,0.0832371802534908,0.47084303200244904
1581,1581,3.695647716522217,3.795624256134033,0.0002,2.773772856058597,0.2830718383193016,0.08270695572718978,0.08326377905905247,0.47122829407453537
1582,1582,3.734706163406372,3.776088237762451,0.0002,2.776250944486633,0.2812315821647644,0.08271663007326424,0.08327291766181588,0.47160782665014267
1583,1583,3.693673610687256,3.7255895137786865,0.0002,2.775740308694345,0.28356659412384033,0.08274530479684472,0.08330234093591571,0.4719874933362007
1584,1584,3.7170944213867188,3.7103731632232666,0.0002,2.777677619910718,0.28298912942409515,0.08275998407043517,0.08331751474179327,0.4723663926124573
1585,1585,3.7088561058044434,3.742959499359131,0.0002,2.7769757609892154,0.2850143164396286,0.08278762130066752,0.08333805087022483,0.4727412238717079
1586,1586,3.705550193786621,3.7650747299194336,0.0002,2.779510038897958,0.2829653173685074,0.08279301482252777,0.08335972623899579,0.47311413288116455
1587,1587,3.728285789489746,3.791097402572632,0.0002,2.778080956916023,0.2835245728492737,0.08280284772627056,0.08336607948876917,0.4734836220741272
1588,1588,3.732644557952881,3.699111223220825,0.0002,2.7824184294430916,0.2804930657148361,0.08284474210813642,0.0834031137637794,0.4738485813140869
1589,1589,3.746396780014038,3.755232095718384,0.0002,2.782261297421522,0.2861315682530403,0.08286400628276169,0.08342120726592839,0.4742174744606018
1590,1590,3.704620838165283,3.7151968479156494,0.0002,2.7806956347857543,0.28389228135347366,0.0828841277398169,0.08344241254962981,0.4745834097266197
1591,1591,3.6970272064208984,3.7146575450897217,0.0002,2.7828590540213036,0.2837078869342804,0.08289759303443134,0.08345766924321651,0.47494853287935257
1592,1592,3.719208240509033,3.7335267066955566,0.0002,2.7811753218640165,0.28327927738428116,0.08292641583830118,0.08348744246177375,0.4753187298774719
1593,1593,3.694364547729492,3.721074104309082,0.0002,2.7830133843280693,0.28412124514579773,0.08293918520212173,0.08349640318192542,0.47568585723638535
1594,1594,3.705125093460083,3.718634843826294,0.0002,2.7811999025528484,0.28306136280298233,0.08296492556110024,0.08352223294787109,0.4760564938187599
1595,1595,3.7238054275512695,3.7083678245544434,0.0002,2.7789757178702295,0.2848667502403259,0.08298927289433777,0.08354551927186549,0.4764336869120598
1596,1596,3.679546594619751,3.732220411300659,0.0002,2.7810224764108287,0.2848229855298996,0.08299572672694921,0.0835586809553206,0.47680917382240295
1597,1597,3.740530490875244,3.711826801300049,0.0002,2.7796500205496946,0.2854919210076332,0.08301999303512275,0.08357899868860841,0.477184996008873
1598,1598,3.711045265197754,3.690507411956787,0.0002,2.782917073505194,0.28485964983701706,0.08303780644200742,0.0835973247885704,0.4775635227560997
1599,1599,3.717012882232666,3.775831460952759,0.0002,2.7840166089990266,0.2861027121543884,0.08305770019069314,0.08362101088277996,0.4779432639479637
1600,1600,3.689760684967041,3.754408836364746,0.0002,2.6961390588757976,0.2847926765680313,0.08309208741411567,0.08365277200937271,0.47832977026700974
1601,1601,3.7573251724243164,3.7208070755004883,0.0002,2.7025315011938,0.28424256294965744,0.08310757228173316,0.08366423612460494,0.4787129759788513
1602,1602,3.744904041290283,3.7645955085754395,0.0002,2.7123691883401326,0.2866887152194977,0.08312598196789622,0.08368305629119277,0.4790996313095093
1603,1603,3.7228050231933594,3.7833311557769775,0.0002,2.7176146325545205,0.2838853523135185,0.08313988475129008,0.08370348997414112,0.47948329895734787
1604,1604,3.7407190799713135,3.749913454055786,0.0002,2.7260398825027625,0.2882303521037102,0.08314788178540766,0.08371111494489014,0.4798674136400223
1605,1605,3.734433889389038,3.7287986278533936,0.0002,2.7361030223764926,0.2836729809641838,0.08317783987149596,0.08374435501173139,0.4802533760666847
1606,1606,3.7055976390838623,3.735499382019043,0.0002,2.741212416680916,0.2863350883126259,0.08320615906268358,0.0837657293304801,0.48064109683036804
1607,1607,3.7091422080993652,3.789544105529785,0.0002,2.7431095678644155,0.28631169348955154,0.08322484814561903,0.08378250803798437,0.4810260534286499
1608,1608,3.7299437522888184,3.7659096717834473,0.0002,2.7490575565504134,0.28736841678619385,0.0832330146804452,0.08379094628617167,0.4814090356230736
1609,1609,3.704571485519409,3.695207357406616,0.0002,2.7506429538232595,0.28562159836292267,0.08326353318989277,0.08382682176306844,0.4817954823374748
1610,1610,3.705634593963623,3.7213821411132812,0.0002,2.755123691746336,0.28947126865386963,0.08329274342395365,0.08384860958904028,0.4821859374642372
1611,1611,3.7342681884765625,3.7375898361206055,0.0002,2.76083314699376,0.2855284959077835,0.08329432900063694,0.08385573630221188,0.48256678134202957
1612,1612,3.7163379192352295,3.7182891368865967,0.0002,2.761405899006838,0.2903331592679024,0.08330496866255999,0.083871842129156,0.482946440577507
1613,1613,3.7059221267700195,3.7330615520477295,0.0002,2.767295363421462,0.28734181821346283,0.08334335731342435,0.08390581491403282,0.48332326859235764
1614,1614,3.6743717193603516,3.7028636932373047,0.0002,2.769377111103772,0.28701548278331757,0.08334706677123904,0.08391869836486876,0.4837024211883545
1615,1615,3.681597948074341,3.7421374320983887,0.0002,2.768480790088555,0.28844624757766724,0.08338109264150262,0.08394190925173461,0.48408059030771255
1616,1616,3.7330408096313477,3.700474977493286,0.0002,2.7724153232379893,0.28618329763412476,0.08339970535598695,0.08395932987332344,0.48445577919483185
1617,1617,3.6977035999298096,3.7271103858947754,0.0002,2.775246588282004,0.2884764075279236,0.08341066143475473,0.08397442335262895,0.48482757806777954
1618,1618,3.699845314025879,3.721254825592041,0.0002,2.780025481606378,0.2870084419846535,0.08341938373632729,0.08399021369405091,0.48519857227802277
1619,1619,3.7192978858947754,3.742577075958252,0.0002,2.780995199771246,0.2898170128464699,0.08345081796869636,0.08401672216132283,0.4855753630399704
1620,1620,3.7304587364196777,3.7890541553497314,0.0002,2.781228470063891,0.2895357757806778,0.08346991101279855,0.08403017790988088,0.4859468564391136
1621,1621,3.7275614738464355,3.727492332458496,0.0002,2.7806833174278434,0.2881355956196785,0.08348457585088909,0.08405041438527405,0.48631490767002106
1622,1622,3.678863525390625,3.6974802017211914,0.0002,2.7794427715503716,0.28864239901304245,0.08351137675344944,0.08407460153102875,0.48668554425239563
1623,1623,3.719818115234375,3.6913962364196777,0.0002,2.781600607777414,0.2893296927213669,0.08353233686648309,0.08409268991090357,0.4870615005493164
1624,1624,3.7049989700317383,3.6961421966552734,0.0002,2.7800482186159536,0.2893196567893028,0.083541369298473,0.0841072287876159,0.4874382019042969
1625,1625,3.7258055210113525,3.7448596954345703,0.0002,2.7814716685434715,0.29002492129802704,0.08356130821630359,0.08412745338864625,0.4878184646368027
1626,1626,3.7549233436584473,3.720738410949707,0.0002,2.7805206604054233,0.2898860052227974,0.0835924728307873,0.08415201283060014,0.48819637298583984
1627,1627,3.6875505447387695,3.740964412689209,0.0002,2.7835938332616195,0.28959372639656067,0.08360425080172718,0.0841667247004807,0.48857586830854416
1628,1628,3.73734712600708,3.707826614379883,0.0002,2.784490003905077,0.290472574532032,0.08362116967327893,0.08418752253055573,0.4889583960175514
1629,1629,3.6907758712768555,3.702437162399292,0.0002,2.7845297649595198,0.2904556095600128,0.08363667549565434,0.08420191844925284,0.4893350452184677
1630,1630,3.6857008934020996,3.74794864654541,0.0002,2.78471053688895,0.2887955531477928,0.08366520516574383,0.08422871585935354,0.4897160679101944
1631,1631,3.705432891845703,3.7136778831481934,0.0002,2.782261161137551,0.29090017825365067,0.08366929576732218,0.08423903258517385,0.4900909960269928
1632,1632,3.697298526763916,3.676715850830078,0.0002,2.7801388755302243,0.2886497899889946,0.08370385505259037,0.08427130314521492,0.4904734864830971
1633,1633,3.6964619159698486,3.7260496616363525,0.0002,2.5862032135041035,0.2897011339664459,0.08372657769359648,0.08429052191786468,0.49085546284914017
1634,1634,3.6503336429595947,3.7492165565490723,0.0002,2.606397528081059,0.290911503136158,0.08373836916871369,0.08430716069415212,0.49124249815940857
1635,1635,3.664536952972412,3.7162957191467285,0.0002,2.622985964720671,0.28881701081991196,0.0837607835419476,0.08432384952902794,0.49162907153367996
1636,1636,3.648320436477661,3.7092294692993164,0.0002,2.6408323391544237,0.2931934893131256,0.08377289259806275,0.08434200729243457,0.4920189827680588
1637,1637,3.6914734840393066,3.7192068099975586,0.0002,2.653063469329701,0.28987107425928116,0.0837982352823019,0.08436368848197162,0.4924067556858063
1638,1638,3.6897265911102295,3.741879940032959,0.0002,2.6638116554945737,0.29121120274066925,0.08380348957143724,0.08438102738000453,0.4927920401096344
1639,1639,3.688835620880127,3.682750940322876,0.0002,2.6774232632933996,0.2915239632129669,0.08383763721212745,0.08440402382984757,0.4931807294487953
1640,1640,3.763613700866699,3.7066359519958496,0.0002,2.6889779685820057,0.2920345589518547,0.08386212633922696,0.08442958304658532,0.4935698136687279
1641,1641,3.731614828109741,3.6666150093078613,0.0002,2.697547167996277,0.2926674634218216,0.08387208404019475,0.08444501482881606,0.49396197497844696
1642,1642,3.7062554359436035,3.709317207336426,0.0002,2.5131439750628144,0.29035521298646927,0.08388641220517457,0.08446156489662826,0.494352824985981
1643,1643,3.713947296142578,3.766572952270508,0.0002,2.5401501203507024,0.2915453612804413,0.08391298353672028,0.08448644634336233,0.4947447255253792
1644,1644,3.668893337249756,3.725503921508789,0.0002,2.564500192552097,0.29202109575271606,0.08393350918777287,0.08450595964677632,0.49513327330350876
1645,1645,3.6918952465057373,3.7258214950561523,0.0002,2.5840609012521187,0.2939260005950928,0.0839530483353883,0.08452396001666784,0.495522104203701
1646,1646,3.706021308898926,3.7423055171966553,0.0002,2.6057174620733172,0.2926720008254051,0.08397875376977026,0.0845476787071675,0.4959116503596306
1647,1647,3.6725144386291504,3.6984338760375977,0.0002,2.621652252427885,0.29065268486738205,0.08399318368174136,0.0845673787407577,0.496303454041481
1648,1648,3.7456741333007812,3.7577881813049316,0.0002,2.639598162113997,0.2920967563986778,0.08401433494873345,0.08458619122393429,0.49669479578733444
1649,1649,3.7047479152679443,3.7302887439727783,0.0002,2.6523153157330124,0.2917391061782837,0.08403464406728745,0.08460742351599038,0.49708519130945206
1650,1650,3.7091026306152344,3.7197258472442627,0.0002,2.669024694426697,0.29371991753578186,0.08405323652550578,0.08462364063598216,0.4974791035056114
1651,1651,3.6914315223693848,3.7248353958129883,0.0002,2.683158890813136,0.2915702983736992,0.08407426625490189,0.08464799472130835,0.49787336587905884
1652,1652,3.63787579536438,3.7683324813842773,0.0002,2.692740000698586,0.29239675402641296,0.084106361027807,0.08467533392831683,0.498265765607357
1653,1653,3.7114686965942383,3.711334228515625,0.0002,2.699916505048393,0.2913622707128525,0.0841241164598614,0.08469652710482478,0.4986589699983597
1654,1654,3.7148213386535645,3.7283201217651367,0.0002,2.706099923509773,0.2926982641220093,0.08414318785071373,0.08471777406521142,0.4990553483366966
1655,1655,3.7014520168304443,3.7243690490722656,0.0002,2.7149496291445083,0.2957673668861389,0.08415918797254562,0.08473329385742545,0.49945348501205444
1656,1656,3.6926865577697754,3.7093358039855957,0.0002,2.7205602953321124,0.2933180406689644,0.08417998417280614,0.08474834193475544,0.49985048174858093
1657,1657,3.684014081954956,3.678277015686035,0.0002,2.7244536899050793,0.29266197979450226,0.08419910492375493,0.08477188996039331,0.5002485513687134
1658,1658,3.680187225341797,3.725152015686035,0.0002,2.7279522727870322,0.29454410821199417,0.08423079224303365,0.08479863125830889,0.5006441026926041
1659,1659,3.679530382156372,3.696260690689087,0.0002,2.730976289311361,0.29485777020454407,0.08423457364551723,0.0848140565212816,0.501036062836647
1660,1660,3.6940369606018066,3.7914884090423584,0.0002,2.733825895566872,0.29323628544807434,0.08426991337910295,0.08484047674573958,0.5014306604862213
1661,1661,3.741760730743408,3.699340343475342,0.0002,2.7363938245891517,0.2948826029896736,0.08428927487693727,0.08486046269536018,0.5018249601125717
1662,1662,3.6806392669677734,3.706505298614502,0.0002,2.7388199286863912,0.29303421825170517,0.08430585847236216,0.08488265704363585,0.5022196024656296
1663,1663,3.7375664710998535,3.7102153301239014,0.0002,2.745091931031364,0.29442258924245834,0.08432277874089777,0.08490279014222324,0.5026106238365173
1664,1664,3.6805062294006348,3.7541351318359375,0.0002,2.747027750222916,0.2951565086841583,0.08435809682123363,0.08493183925747871,0.503005638718605
1665,1665,3.673004627227783,3.724252223968506,0.0002,2.752429343914929,0.2951837331056595,0.08437416283413768,0.08494621934369206,0.5033999979496002
1666,1666,3.6607229709625244,3.704749584197998,0.0002,2.7540692786990397,0.29713302105665207,0.08438543626107275,0.08496777317486703,0.5037968754768372
1667,1667,3.732992172241211,3.691211700439453,0.0002,2.7595379114640535,0.29228850454092026,0.08442492387257516,0.08499288838356733,0.5041920989751816
1668,1668,3.661433458328247,3.7207818031311035,0.0002,2.762490406142576,0.29644372314214706,0.08443820429965854,0.08501317445188761,0.5045873522758484
1669,1669,3.686443328857422,3.715012550354004,0.0002,2.7651621867486873,0.29695218801498413,0.08445288077928126,0.0850332563277334,0.5049846917390823
1670,1670,3.713109016418457,3.68575382232666,0.0002,2.7670188485284744,0.29676977545022964,0.08447312749922276,0.08504720381461084,0.5053774118423462
1671,1671,3.6720151901245117,3.720017910003662,0.0002,2.76662254912361,0.29568614065647125,0.08451250777579844,0.08508081012405455,0.5057716518640518
1672,1672,3.677889347076416,3.679164409637451,0.0002,2.765697554686092,0.2978937029838562,0.0845119699370116,0.08509277738630772,0.5061675161123276
1673,1673,3.6878745555877686,3.742278814315796,0.0002,2.765111156017621,0.2957792207598686,0.08452756167389452,0.08511078590527177,0.5065595805644989
1674,1674,3.674241542816162,3.668736219406128,0.0002,2.7646217183533546,0.2958526834845543,0.08455611509270966,0.08513321913778782,0.506950855255127
1675,1675,3.6638219356536865,3.73956561088562,0.0002,2.7639897251150494,0.29793810099363327,0.08457743772305548,0.0851525142788887,0.5073381513357162
1676,1676,3.7214527130126953,3.747921943664551,0.0002,2.7676759521515253,0.29691124707460403,0.08460847497917712,0.08518228493630886,0.5077211707830429
1677,1677,3.6915175914764404,3.6988234519958496,0.0002,2.7673511724421713,0.2982153967022896,0.08461756398901343,0.08519763755612075,0.50810506939888
1678,1678,3.7128305435180664,3.697885751724243,0.0002,2.7664790433796873,0.29647667706012726,0.08463409217074513,0.08521399507299066,0.5084857195615768
1679,1679,3.694985866546631,3.682596445083618,0.0002,2.765672253299796,0.29757949709892273,0.08467199164442718,0.08524603256955743,0.508869931101799
1680,1680,3.6771092414855957,3.684103488922119,0.0002,2.762792277932702,0.2981266975402832,0.0846753076184541,0.08525137207470834,0.509250596165657
1681,1681,3.7177581787109375,3.69193696975708,0.0002,2.764826912946655,0.2983678728342056,0.08468372304923832,0.08526398846879601,0.5096262097358704
1682,1682,3.702096700668335,3.733154058456421,0.0002,2.7644612011077947,0.2981785163283348,0.08471564226783812,0.08529432606883347,0.5100016444921494
1683,1683,3.7230615615844727,3.6997454166412354,0.0002,2.763781849854933,0.297317773103714,0.08474164339713752,0.08531853603199124,0.5103747099637985
1684,1684,3.662299633026123,3.7026095390319824,0.0002,2.7634483405979426,0.2997422441840172,0.08475511451251805,0.0853323801420629,0.5107478946447372
1685,1685,3.6991379261016846,3.707864284515381,0.0002,2.767199981748556,0.29774870723485947,0.08476354065351188,0.08534506359137595,0.511121079325676
1686,1686,3.6654951572418213,3.645847797393799,0.0002,2.7670865554982065,0.2987448424100876,0.08478366490453482,0.08536293171346188,0.511494979262352
1687,1687,3.7323789596557617,3.7486090660095215,0.0002,2.571239196173077,0.299309566617012,0.0848207667004317,0.0853939971420914,0.5118695795536041
1688,1688,3.6903767585754395,3.702723264694214,0.0002,2.593168103763873,0.2998083829879761,0.08482803963124752,0.08540692459791899,0.5122395306825638
1689,1689,3.672227382659912,3.714414358139038,0.0002,2.6101009280981144,0.29842300713062286,0.08484061318449676,0.08542255801148713,0.5126144737005234
1690,1690,3.6894185543060303,3.7251577377319336,0.0002,2.6294740170267894,0.29984038323163986,0.08487747027538717,0.08545698993839324,0.5129937082529068
1691,1691,3.6772408485412598,3.663963794708252,0.0002,2.6425811484219532,0.30000637471675873,0.0848889285698533,0.08547146222554147,0.5133680552244186
1692,1692,3.7271056175231934,3.7086305618286133,0.0002,2.6544115252279656,0.30005667358636856,0.0849033824633807,0.08548913802951574,0.5137471258640289
1693,1693,3.683931827545166,3.7685837745666504,0.0002,2.6690476798295975,0.299031138420105,0.08493544161319733,0.08551052561961114,0.5141314566135406
1694,1694,3.683079719543457,3.7022500038146973,0.0002,2.67869011339726,0.2991691827774048,0.08494552480988204,0.08552398649044335,0.5145162642002106
1695,1695,3.6665291786193848,3.7240960597991943,0.0002,2.690760926909829,0.2998426556587219,0.08495851140469313,0.08553946507163346,0.5149013847112656
1696,1696,3.677741050720215,3.705547332763672,0.0002,2.698346401445586,0.299143023788929,0.08498811908066273,0.08556948136538267,0.5152876824140549
1697,1697,3.659761428833008,3.6902832984924316,0.0002,2.7110113217668084,0.29757191240787506,0.08500906499102712,0.08559005917049944,0.5156736820936203
1698,1698,3.686772584915161,3.7252588272094727,0.0002,2.7184981950570073,0.29956595599651337,0.08502231119200587,0.0856058185454458,0.516068622469902
1699,1699,3.6969175338745117,3.7165746688842773,0.0002,2.726811395654129,0.29928886890411377,0.08503322536125779,0.08562396466732025,0.5164641439914703
1700,1700,3.658106803894043,3.736738681793213,0.0002,2.730618112746302,0.3017108142375946,0.08506032219156623,0.08564234781078994,0.516855850815773
1701,1701,3.6684036254882812,3.7899951934814453,0.0002,2.7376730751624474,0.2998306304216385,0.08506310055963695,0.08565280865877867,0.5172405391931534
1702,1702,3.6955361366271973,3.6869730949401855,0.0002,2.74023330074699,0.30047114938497543,0.08508708653971553,0.08567253011278808,0.5176317989826202
1703,1703,3.6642086505889893,3.694477081298828,0.0002,2.7462929151967264,0.3007233217358589,0.08510578726418316,0.08569201035425067,0.5180182754993439
1704,1704,3.6721861362457275,3.6624045372009277,0.0002,2.7480185962475265,0.29936688393354416,0.08513765293173492,0.08571884990669787,0.5184037387371063
1705,1705,3.6725943088531494,3.729212760925293,0.0002,2.749660650518653,0.30242981761693954,0.08514868840575218,0.0857294020242989,0.5187869220972061
1706,1706,3.6805529594421387,3.6521530151367188,0.0002,2.7567417893313686,0.3032383322715759,0.08516695583239198,0.08574898866936564,0.5191697180271149
1707,1707,3.6644392013549805,3.7029857635498047,0.0002,2.759594276942059,0.3024594113230705,0.08519361051730812,0.08577807666733861,0.5195551961660385
1708,1708,3.7015724182128906,3.687419891357422,0.0002,2.760223827293057,0.30281176418066025,0.08520836313255131,0.08578979060985148,0.5199343413114548
1709,1709,3.658980131149292,3.664055585861206,0.0002,2.760142113200158,0.30367515981197357,0.08523137751035392,0.0858120252378285,0.5203207731246948
1710,1710,3.7048985958099365,3.682644844055176,0.0002,2.764342826381899,0.3002023696899414,0.08523990190587938,0.08582970802672207,0.5207055062055588
1711,1711,3.6799445152282715,3.709127902984619,0.0002,2.7672257581324864,0.30301549285650253,0.0852493210695684,0.08583637094125152,0.5210902243852615
1712,1712,3.654895067214966,3.681028366088867,0.0002,2.7679104383231405,0.30370810627937317,0.08527478948235512,0.08585905679501593,0.5214758217334747
1713,1713,3.6462528705596924,3.751089572906494,0.0002,2.7709038692040657,0.3019476905465126,0.08529402269050479,0.08588151051662862,0.521861806511879
1714,1714,3.676185131072998,3.704623222351074,0.0002,2.7705939140280518,0.30215494334697723,0.08531134203076363,0.08589783753268421,0.5222455114126205
1715,1715,3.662184238433838,3.72654128074646,0.0002,2.7748620990343627,0.3043307140469551,0.0853269686922431,0.0859074245672673,0.5226292461156845
1716,1716,3.676651954650879,3.6804800033569336,0.0002,2.777020920860615,0.30419936031103134,0.08533652732148767,0.08592984592542052,0.5230178833007812
1717,1717,3.674650192260742,3.7147834300994873,0.0002,2.778990838620056,0.3016412928700447,0.0853479877114296,0.0859429039992392,0.52340267598629
1718,1718,3.702535629272461,3.7106149196624756,0.0002,2.7780716238201455,0.305108979344368,0.08537263865582645,0.08595973416231573,0.5237915813922882
1719,1719,3.661686420440674,3.726217269897461,0.0002,2.776336520486516,0.3008742779493332,0.08539958181791008,0.0859859543852508,0.5241815894842148
1720,1720,3.7002172470092773,3.719372272491455,0.0002,2.7779102341294273,0.30220937728881836,0.0853987738955766,0.08599135535769165,0.524566188454628
1721,1721,3.63403582572937,3.7118401527404785,0.0002,2.7772590574761273,0.3040131703019142,0.08541707042604685,0.08600925095379353,0.5249549001455307
1722,1722,3.685425043106079,3.7005436420440674,0.0002,2.780417783802325,0.3054942339658737,0.0854308542329818,0.08602820173837245,0.5253385305404663
1723,1723,3.6437411308288574,3.68477725982666,0.0002,2.7847620542292995,0.30596697330474854,0.08545523509383202,0.08604798186570406,0.5257239490747452
1724,1724,3.7124953269958496,3.655583381652832,0.0002,2.784560751412979,0.3059890419244766,0.08547240449115634,0.08606504718773067,0.5261051505804062
1725,1725,3.7276902198791504,3.675199031829834,0.0002,2.785644093809799,0.3051384538412094,0.08549220277927816,0.08607952389866114,0.5264883190393448
1726,1726,3.7112066745758057,3.7154653072357178,0.0002,2.784573240191697,0.3049677163362503,0.08551465859636664,0.08609910262748599,0.5268727540969849
1727,1727,3.6704931259155273,3.6824357509613037,0.0002,2.7817625052240427,0.3039649650454521,0.08550794678740203,0.08611016673967242,0.5272565633058548
1728,1728,3.7029600143432617,3.655388832092285,0.0002,2.783482158768462,0.30525147169828415,0.08553427970036864,0.08612516452558339,0.5276392996311188
1729,1729,3.669368028640747,3.679910659790039,0.0002,2.7819969795503963,0.3054617866873741,0.08554815012030303,0.08614332345314324,0.528022050857544
1730,1730,3.662198543548584,3.7160604000091553,0.0002,2.783218820119019,0.306182861328125,0.08557357406243682,0.08616466191597283,0.5283998548984528
1731,1731,3.655379295349121,3.6647486686706543,0.0002,2.782226791298793,0.3051994815468788,0.08558272966183722,0.0861763684079051,0.528780922293663
1732,1732,3.7106728553771973,3.718975067138672,0.0002,2.786539235453469,0.30483224987983704,0.08559819334186614,0.08618912077508867,0.5291644781827927
1733,1733,3.680054187774658,3.7159087657928467,0.0002,2.7860411752329997,0.3052845001220703,0.08562157629057765,0.08621209231205285,0.529545247554779
1734,1734,3.6509933471679688,3.7108378410339355,0.0002,2.78741067716233,0.30483002960681915,0.08563262852840126,0.08622683002613485,0.5299275368452072
1735,1735,3.655341386795044,3.7018113136291504,0.0002,2.7852750816875718,0.30506911873817444,0.08565475582145154,0.08624353283084929,0.5303114950656891
1736,1736,3.683241367340088,3.7142128944396973,0.0002,2.78310693691016,0.3070126324892044,0.08566717407666147,0.08626140817068517,0.5306995660066605
1737,1737,3.6627683639526367,3.6777849197387695,0.0002,2.784955878920374,0.30617550015449524,0.08569156005978584,0.0862774106208235,0.5310875624418259
1738,1738,3.6843771934509277,3.7237539291381836,0.0002,2.7829053033230253,0.306268535554409,0.0856885698158294,0.08628266234882176,0.5314758569002151
1739,1739,3.7056872844696045,3.6979305744171143,0.0002,2.7862372826215487,0.30473601073026657,0.08571713138371706,0.08630907558836043,0.5318660289049149
1740,1740,3.6774754524230957,3.7137248516082764,0.0002,2.789191613654612,0.30601515620946884,0.08573371032252908,0.08632345590740442,0.5322520285844803
1741,1741,3.691577434539795,3.740795612335205,0.0002,2.7878789426345856,0.3060445711016655,0.08574865129776299,0.08633514470420778,0.5326391905546188
1742,1742,3.708360433578491,3.6657118797302246,0.0002,2.7855734114195276,0.30563297867774963,0.08576701069250703,0.0863604114856571,0.5330271422863007
1743,1743,3.672093391418457,3.6498231887817383,0.0002,2.7833183638783394,0.3060857281088829,0.08576645865105093,0.08636398753151298,0.533409520983696
1744,1744,3.6869845390319824,3.695542812347412,0.0002,2.78458211285684,0.3074893429875374,0.08579940279014409,0.0863909344188869,0.5337967127561569
1745,1745,3.6766903400421143,3.6650352478027344,0.0002,2.7832891410864034,0.3075394779443741,0.08580588828772306,0.08639971492812037,0.5341769605875015
1746,1746,3.70180606842041,3.6524436473846436,0.0002,2.780790405574793,0.30722301453351974,0.08583020907826722,0.08642682060599327,0.5345672965049744
1747,1747,3.6672439575195312,3.6816108226776123,0.0002,2.782778525393585,0.30739033222198486,0.08583110524341464,0.08643378410488367,0.5349531024694443
1748,1748,3.681133508682251,3.685359001159668,0.0002,2.78372036419662,0.30701134353876114,0.08585300692357123,0.086445945315063,0.5353410243988037
1749,1749,3.6795763969421387,3.6537232398986816,0.0002,2.783055651102301,0.30826853960752487,0.0858613911550492,0.08645922830328345,0.5357268899679184
1750,1750,3.67518949508667,3.672273874282837,0.0002,2.7809536606363325,0.3081476464867592,0.08588515152223408,0.08648679498583078,0.5361175537109375
1751,1751,3.6737780570983887,3.683300495147705,0.0002,2.7842894257486352,0.30572036653757095,0.08590856986120343,0.0865044288802892,0.5365078747272491
1752,1752,3.636951446533203,3.637247085571289,0.0002,2.785210220385048,0.30697932094335556,0.08591385139152408,0.08650832111015916,0.5368970036506653
1753,1753,3.6366019248962402,3.7270350456237793,0.0002,2.591554018285745,0.30901219695806503,0.0859285332262516,0.08652806980535388,0.5372898429632187
1754,1754,3.7144107818603516,3.6987996101379395,0.0002,2.608908449734791,0.30948392301797867,0.08594003808684647,0.08654175628907979,0.5376761704683304
1755,1755,3.6639037132263184,3.686314105987549,0.0002,2.624209118592898,0.3074282184243202,0.08595879934728146,0.08655537385493517,0.5380639880895615
1756,1756,3.630171298980713,3.6918625831604004,0.0002,2.641914002915605,0.3091522678732872,0.08599792723543942,0.08658651635050774,0.5384482890367508
1757,1757,3.6498637199401855,3.713012218475342,0.0002,2.6541127056686475,0.3069683611392975,0.08599019004032016,0.08659540978260338,0.5388281345367432
1758,1758,3.669231414794922,3.685115337371826,0.0002,2.668954736087104,0.30936288833618164,0.08600523602217436,0.08661283436231315,0.5392182320356369
1759,1759,3.6669392585754395,3.7253684997558594,0.0002,2.678335224124861,0.3073100596666336,0.08603949099779129,0.08663791627623141,0.5396078377962112
1760,1760,3.641054153442383,3.684016704559326,0.0002,2.692591216717118,0.30934079736471176,0.0860462945420295,0.08663998055271804,0.5399998724460602
1761,1761,3.6475954055786133,3.675309658050537,0.0002,2.7042189950704967,0.3100825101137161,0.08606311935000122,0.08666466176509857,0.5403887629508972
1762,1762,3.695321559906006,3.7273669242858887,0.0002,2.7163253350230216,0.3097097799181938,0.08608098584227264,0.08667613193392754,0.5407772660255432
1763,1763,3.677554130554199,3.722476005554199,0.0002,2.721645106886238,0.31003617495298386,0.08609137614257634,0.08669664361514151,0.5411667674779892
1764,1764,3.7004265785217285,3.6662940979003906,0.0002,2.7255866181086374,0.3110615387558937,0.08611771650612354,0.08671658067032695,0.5415563136339188
1765,1765,3.6803979873657227,3.6712892055511475,0.0002,2.7332090279234986,0.3100631311535835,0.08613345236517489,0.08673382038250566,0.5419481247663498
1766,1766,3.6795763969421387,3.643571376800537,0.0002,2.7424140700569386,0.3108590319752693,0.0861544725485146,0.08675189851783216,0.5423436760902405
1767,1767,3.677241325378418,3.668654441833496,0.0002,2.7470845392335916,0.3100448399782181,0.0861606583930552,0.08676384668797255,0.5427419096231461
1768,1768,3.688218116760254,3.6727356910705566,0.0002,2.748683865366605,0.3101676106452942,0.08618522272445261,0.08678358932957053,0.5431379675865173
1769,1769,3.637593984603882,3.6600358486175537,0.0002,2.749726601857295,0.30969513207674026,0.08620028826408088,0.0868008672259748,0.5435338765382767
1770,1770,3.638580799102783,3.6800448894500732,0.0002,2.7530655778877287,0.3137884885072708,0.0862106285057962,0.0868199011310935,0.5439318716526031
1771,1771,3.6473560333251953,3.730158805847168,0.0002,2.7557181913971758,0.31293950229883194,0.08624676335602999,0.08684404334053397,0.544329047203064
1772,1772,3.6330649852752686,3.67635440826416,0.0002,2.759844241015558,0.31032898277044296,0.0862459687050432,0.08685281220823526,0.5447240173816681
1773,1773,3.6602044105529785,3.6761553287506104,0.0002,2.7607129383797524,0.31092067807912827,0.0862610056065023,0.08686764654703438,0.5451170951128006
1774,1774,3.638307571411133,3.712735176086426,0.0002,2.7604871333070706,0.3127332627773285,0.08629909041337669,0.08689260645769536,0.5455151349306107
1775,1775,3.6606216430664062,3.6965041160583496,0.0002,2.7606003344602024,0.30965129286050797,0.08630772307515144,0.0869082952849567,0.5459098368883133
1776,1776,3.6715612411499023,3.667327404022217,0.0002,2.760494103063605,0.31258588284254074,0.08632063772529364,0.08692651288583875,0.5462988913059235
1777,1777,3.702338218688965,3.6679704189300537,0.0002,2.76442732548138,0.31209708750247955,0.08634368772618473,0.08694676379673183,0.5466885417699814
1778,1778,3.6471598148345947,3.746971607208252,0.0002,2.765058219617039,0.31457336992025375,0.08636073209345341,0.08696776954457164,0.5470834970474243
1779,1779,3.6648025512695312,3.7574687004089355,0.0002,2.767838217883077,0.3115455061197281,0.08637437899596989,0.08698326419107616,0.5474780201911926
1780,1780,3.653337240219116,3.655160903930664,0.0002,2.7676818636583342,0.3127598911523819,0.08639098214916885,0.0869989029597491,0.5478708893060684
1781,1781,3.7119150161743164,3.6712076663970947,0.0002,2.773353604097304,0.3114817664027214,0.08641471480950713,0.08701756782829762,0.5482636094093323
1782,1782,3.6803441047668457,3.728531837463379,0.0002,2.7748585802150045,0.3125283718109131,0.08643349492922425,0.08703868603333831,0.5486551374197006
1783,1783,3.682002305984497,3.7235822677612305,0.0002,2.7733112020492787,0.3109382763504982,0.0864586466923356,0.0870583241339773,0.5490501075983047
1784,1784,3.715118408203125,3.619670867919922,0.0002,2.7720138057658708,0.3119165301322937,0.08645669906400144,0.08706513931974769,0.549443319439888
1785,1785,3.6368699073791504,3.6627211570739746,0.0002,2.575790893421135,0.3128725290298462,0.08647429384291172,0.08708523376844823,0.5498371124267578
1786,1786,3.6264231204986572,3.673635959625244,0.0002,2.5982823466229887,0.3114863187074661,0.08649992826394737,0.08710516127757728,0.55023093521595
1787,1787,3.6957950592041016,3.7072019577026367,0.0002,2.6163988479169813,0.31423112750053406,0.08651021774858236,0.087122697615996,0.5506234169006348
1788,1788,3.6599302291870117,3.6624393463134766,0.0002,2.6313259519685177,0.3122004270553589,0.08652601204812527,0.08713937737047672,0.551019549369812
1789,1789,3.6381101608276367,3.6681389808654785,0.0002,2.647779953768724,0.31491825729608536,0.08655024040490389,0.08716081874445081,0.5514140427112579
1790,1790,3.620706796646118,3.6539382934570312,0.0002,2.659764774133587,0.31165052205324173,0.08657294069416821,0.08717720443382859,0.5518066585063934
1791,1791,3.6620826721191406,3.689443588256836,0.0002,2.6699052761760336,0.3133424445986748,0.08657041797414422,0.08718622522428632,0.5521999448537827
1792,1792,3.65743350982666,3.65463924407959,0.0002,2.68255416050243,0.31393198668956757,0.0865927787963301,0.08720622025430202,0.5525922626256943
1793,1793,3.6745972633361816,3.6757006645202637,0.0002,2.6915401901610556,0.31126101315021515,0.0866212307009846,0.08723205793648958,0.5529815852642059
1794,1794,3.6197946071624756,3.6997413635253906,0.0002,2.7022922095543724,0.3127909377217293,0.08663439797237515,0.08724068244919181,0.5533721596002579
1795,1795,3.6500775814056396,3.7307958602905273,0.0002,2.70883901613243,0.31383590400218964,0.08664868748746812,0.08726116665638983,0.5537625402212143
1796,1796,3.7260961532592773,3.7010183334350586,0.0002,2.7201327231485797,0.315062552690506,0.08665167400613427,0.08727517514489591,0.5541541278362274
1797,1797,3.652771234512329,3.7047410011291504,0.0002,2.7266026388695805,0.3113632947206497,0.08668938814662397,0.08729698578827083,0.5545439720153809
1798,1798,3.6717264652252197,3.6505789756774902,0.0002,2.730106481793168,0.31486503034830093,0.08670488651841879,0.08731277287006378,0.5549340546131134
1799,1799,3.6866226196289062,3.7255067825317383,0.0002,2.7329960154285953,0.3147616982460022,0.08673644857481122,0.08734274934977293,0.555329442024231
1800,1800,3.6549649238586426,3.68872332572937,0.0002,2.7392886285458666,0.31555604189634323,0.08673978131264448,0.08735442510806024,0.555724173784256
1801,1801,3.622730255126953,3.6868462562561035,0.0002,2.7422161921424637,0.31503649801015854,0.08675511321052909,0.08736691740341485,0.556119978427887
1802,1802,3.645148515701294,3.668757915496826,0.0002,2.748041442013617,0.3154851868748665,0.08677539275959134,0.08738742675632238,0.5565118938684464
1803,1803,3.6383986473083496,3.645559072494507,0.0002,2.7497943926552453,0.3163679763674736,0.0868013659492135,0.08740494539961219,0.5569044500589371
1804,1804,3.629837989807129,3.6494498252868652,0.0002,2.754293735015187,0.31491170823574066,0.08681618701666594,0.08742812229320407,0.5572923123836517
1805,1805,3.696931838989258,3.6719207763671875,0.0002,2.755807847654891,0.3166786655783653,0.0868288076017052,0.08743637823499739,0.5576840490102768
1806,1806,3.700360059738159,3.6777713298797607,0.0002,2.7622399697408264,0.31550177931785583,0.08684171037748456,0.08745980518870056,0.558078721165657
1807,1807,3.715668201446533,3.6643359661102295,0.0002,2.763038852152757,0.31539884209632874,0.08686036197468638,0.0874789992813021,0.5584733188152313
1808,1808,3.658320426940918,3.7329351902008057,0.0002,2.7644578095307764,0.3162524104118347,0.08685700688511133,0.08748168498277664,0.5588676780462265
1809,1809,3.6287989616394043,3.6377720832824707,0.0002,2.763668446587734,0.31424500048160553,0.08688802598044276,0.08750360482372344,0.5592622607946396
1810,1810,3.604179859161377,3.6852264404296875,0.0002,2.7632597820605427,0.31659911572933197,0.0868915633764118,0.08751614368520677,0.5596543699502945
1811,1811,3.647998809814453,3.6900110244750977,0.0002,2.7629576718926967,0.31394772231578827,0.08692558156326413,0.08754616160877049,0.5600449442863464
1812,1812,3.6863789558410645,3.6521267890930176,0.0002,2.7655961445566737,0.31495101004838943,0.08694731164723635,0.08756046066991985,0.5604345053434372
1813,1813,3.6724722385406494,3.6405484676361084,0.0002,2.7671846093585155,0.31470102816820145,0.08696324634365737,0.08757668174803257,0.5608248859643936
1814,1814,3.6378533840179443,3.6585237979888916,0.0002,2.766719073725875,0.3166636899113655,0.0869661858305335,0.08758947579190135,0.5612125545740128
1815,1815,3.678281784057617,3.6342477798461914,0.0002,2.7694305558346186,0.31806154549121857,0.08699439116753638,0.08761316887103021,0.5616066157817841
1816,1816,3.615797281265259,3.6562395095825195,0.0002,2.7691050694869093,0.31656697392463684,0.08701562252826989,0.08762815408408642,0.5620029121637344
1817,1817,3.6580252647399902,3.645521402359009,0.0002,2.768472718322513,0.3187047019600868,0.08702007541432977,0.08763888129033148,0.5623944103717804
1818,1818,3.640869140625,3.6289007663726807,0.0002,2.7717884665930845,0.3185705989599228,0.08704113215208054,0.08765773824416101,0.5627831220626831
1819,1819,3.6253485679626465,3.6343612670898438,0.0002,2.7710282730658995,0.3176342323422432,0.08705118903890252,0.08767281798645854,0.5631704032421112
1820,1820,3.625443935394287,3.6562254428863525,0.0002,2.7752598476085035,0.3181387856602669,0.08707817853428423,0.08769719651900232,0.5635654330253601
1821,1821,3.619962215423584,3.6649975776672363,0.0002,2.7782821102097883,0.3179311156272888,0.0870807480532676,0.08770731673575938,0.5639555156230927
1822,1822,3.6586825847625732,3.662384033203125,0.0002,2.778043775742585,0.31781765818595886,0.08709421916864812,0.08771433727815747,0.5643437206745148
1823,1823,3.6450562477111816,3.6949985027313232,0.0002,2.7782685466001227,0.3196854218840599,0.08711047726683319,0.0877321851439774,0.5647340416908264
1824,1824,3.6026458740234375,3.603727340698242,0.0002,2.776665004731924,0.3194095641374588,0.08712589554488659,0.0877466332167387,0.5651257932186127
1825,1825,3.6666274070739746,3.6408281326293945,0.0002,2.5842587185744175,0.318535253405571,0.08712988975457847,0.08775900560431182,0.5655139088630676
1826,1826,3.692852735519409,3.651746988296509,0.0002,2.602629795500647,0.3180207386612892,0.08715611835941672,0.08777554053813219,0.565905973315239
1827,1827,3.6326894760131836,3.638439655303955,0.0002,2.6245604475143693,0.3184361606836319,0.08716906933113933,0.08779050456359982,0.5662926733493805
1828,1828,3.6491284370422363,3.632594108581543,0.0002,2.642978829509188,0.3192390277981758,0.08718821802176535,0.08780558407306671,0.5666801631450653
1829,1829,3.629969358444214,3.670811414718628,0.0002,2.6572611437527227,0.3201310783624649,0.08721227175556123,0.08782958122901618,0.5670723915100098
1830,1830,3.6546287536621094,3.6884777545928955,0.0002,2.66749868230709,0.32064149528741837,0.08722693216986954,0.0878466994035989,0.5674650967121124
1831,1831,3.664733409881592,3.7266829013824463,0.0002,2.6806075651646957,0.3199736699461937,0.08723354362882674,0.0878543914295733,0.5678573399782181
1832,1832,3.66072416305542,3.6657423973083496,0.0002,2.693003454512305,0.31774768978357315,0.08725378569215536,0.08787513105198741,0.5682519525289536
1833,1833,3.6514463424682617,3.6825332641601562,0.0002,2.700929089255181,0.319537915289402,0.08726712502539158,0.0878863197285682,0.5686498135328293
1834,1834,3.676866292953491,3.664821147918701,0.0002,2.712847944090966,0.32096826285123825,0.08728689863346517,0.08790434151887894,0.5690529495477676
1835,1835,3.6713318824768066,3.6858482360839844,0.0002,2.7194623686101207,0.32171884924173355,0.0872932537458837,0.08791676722466946,0.5694517493247986
1836,1836,3.6561331748962402,3.6267592906951904,0.0002,2.726878207184722,0.32085133343935013,0.08731248741969466,0.08792865881696343,0.5698453187942505
1837,1837,3.6078736782073975,3.6763055324554443,0.0002,2.7324074254836477,0.31760603189468384,0.08732138364575803,0.0879433408845216,0.5702361464500427
1838,1838,3.681245803833008,3.6717581748962402,0.0002,2.7347990758396565,0.3204798921942711,0.08733716257847846,0.08796549262478948,0.5706316083669662
1839,1839,3.6365554332733154,3.6285080909729004,0.0002,2.741635700486626,0.32117198407649994,0.08736726688221097,0.08798781037330627,0.5710305273532867
1840,1840,3.641690492630005,3.6760342121124268,0.0002,2.7442723828660527,0.32122182101011276,0.08737299428321421,0.08799573220312595,0.571417048573494
1841,1841,3.603600025177002,3.6388983726501465,0.0002,2.7499934995325575,0.32083046436309814,0.08739498350769281,0.08801600290462375,0.5718105584383011
1842,1842,3.653871536254883,3.751009464263916,0.0002,2.7516337160611384,0.321815088391304,0.0873981409240514,0.08802113309502602,0.5722007006406784
1843,1843,3.6230361461639404,3.6962881088256836,0.0002,2.7585495663924706,0.3203158676624298,0.08742808597162366,0.08804949675686657,0.5725968927145004
1844,1844,3.6553943157196045,3.7281715869903564,0.0002,2.761378581159252,0.32064227759838104,0.08742806175723672,0.08805547817610204,0.5729897767305374
1845,1845,3.6379332542419434,3.7311410903930664,0.0002,2.763745091220619,0.32191091030836105,0.08744376548565924,0.08807592769153416,0.5733831375837326
1846,1846,3.6797523498535156,3.653815507888794,0.0002,2.7654219528621296,0.32222285121679306,0.08745453925803304,0.08808295777998865,0.5737752169370651
1847,1847,3.647188425064087,3.696106195449829,0.0002,2.764900340476089,0.3210245966911316,0.08748182910494506,0.08810731559060514,0.5741694271564484
1848,1848,3.6388187408447266,3.6476640701293945,0.0002,2.7678744944479003,0.32191184908151627,0.08749076095409691,0.0881207815837115,0.5745640695095062
1849,1849,3.658505439758301,3.6748554706573486,0.0002,2.7682070224166786,0.32382287085056305,0.08750522369518876,0.08813332836143672,0.5749590545892715
1850,1850,3.6664719581604004,3.663771390914917,0.0002,2.767424424715042,0.32169365882873535,0.08751960680820048,0.08815416670404375,0.5753544121980667
1851,1851,3.5907607078552246,3.653395891189575,0.0002,2.7711386281076167,0.32335077226161957,0.08752977568656206,0.08816546387970448,0.5757498443126678
1852,1852,3.670867919921875,3.6252574920654297,0.0002,2.7703709566441406,0.3229109048843384,0.08755161263979971,0.08818210544995964,0.5761482566595078
1853,1853,3.658295154571533,3.686208724975586,0.0002,2.773758856039579,0.3210427910089493,0.08757041022181511,0.08820108650252223,0.5765457451343536
1854,1854,3.6391847133636475,3.6543922424316406,0.0002,2.7722218974921207,0.3212292343378067,0.0875972795765847,0.08822365663945675,0.5769423693418503
1855,1855,3.658005714416504,3.6592373847961426,0.0002,2.7712186340359186,0.3219573050737381,0.08759563299827278,0.08822887460701168,0.577339231967926
1856,1856,3.595977783203125,3.6771020889282227,0.0002,2.776277812594482,0.3228911831974983,0.08760908874683082,0.08823884162120521,0.5777416080236435
1857,1857,3.659782886505127,3.622741222381592,0.0002,2.7770173430178504,0.3243279755115509,0.08762733615003526,0.0882559351157397,0.5781414955854416
1858,1858,3.6640655994415283,3.6633896827697754,0.0002,2.7754841002844506,0.3244240880012512,0.08764788438566029,0.08827564003877342,0.5785423219203949
1859,1859,3.652470588684082,3.7124154567718506,0.0002,2.774153519946083,0.3239544928073883,0.08765843440778553,0.08828644454479218,0.5789397209882736
1860,1860,3.6271960735321045,3.6509761810302734,0.0002,2.7762899404754613,0.3239893466234207,0.08767485967837274,0.08830278762616217,0.5793386697769165
1861,1861,3.609996795654297,3.62113094329834,0.0002,2.77554491749332,0.3210870996117592,0.0876882488373667,0.0883223854470998,0.579735279083252
1862,1862,3.677211284637451,3.6455883979797363,0.0002,2.7782696932527893,0.3245552107691765,0.08770585875026882,0.0883346137125045,0.5801316201686859
1863,1863,3.597562313079834,3.6509616374969482,0.0002,2.7768119671759766,0.32473500072956085,0.08771520084701478,0.08834702568128705,0.5805258601903915
1864,1864,3.632206916809082,3.6709649562835693,0.0002,2.7791911667443143,0.3238464370369911,0.08773908438161016,0.08837099163793027,0.5809171348810196
1865,1865,3.5962038040161133,3.693014144897461,0.0002,2.777770894600801,0.323732927441597,0.08775668684393167,0.08838386996649206,0.5813089907169342
1866,1866,3.7107346057891846,3.6387345790863037,0.0002,2.7822847578821217,0.3279259502887726,0.08775629941374063,0.08838934707455337,0.5817021131515503
1867,1867,3.6224074363708496,3.63071346282959,0.0002,2.782384618611475,0.32562481611967087,0.08778584445826709,0.08841346204280853,0.5820964723825455
1868,1868,3.6544981002807617,3.609165668487549,0.0002,2.7806768710531915,0.32490605115890503,0.08780638570897281,0.0884377274196595,0.5824888050556183
1869,1869,3.6706321239471436,3.6101202964782715,0.0002,2.778512648035284,0.3251621127128601,0.08781550452113152,0.08844861178658903,0.5828841328620911
1870,1870,3.6009457111358643,3.6730332374572754,0.0002,2.780223265192896,0.3252851366996765,0.08783188392408192,0.08846498467028141,0.5832844227552414
1871,1871,3.673170804977417,3.6425986289978027,0.0002,2.779167576476655,0.3261754438281059,0.0878393838647753,0.08847207156941295,0.5836849063634872
1872,1872,3.6370770931243896,3.62155818939209,0.0002,2.7773502666305836,0.3258074149489403,0.08786042081192136,0.08849109802395105,0.5840819329023361
1873,1873,3.646038770675659,3.6653902530670166,0.0002,2.7754290166986695,0.3284277990460396,0.08784926915541291,0.08848987682722509,0.5844762921333313
1874,1874,3.668182373046875,3.6960666179656982,0.0002,2.773526151830703,0.3249504417181015,0.08788563450798392,0.08851773082278669,0.5848711878061295
1875,1875,3.661357879638672,3.6173510551452637,0.0002,2.7723058581273476,0.326513446867466,0.08788644033484161,0.08852804638445377,0.5852612555027008
1876,1876,3.607203483581543,3.663543939590454,0.0002,2.7712086897184176,0.32602912932634354,0.08791508316062391,0.08854735200293362,0.5856574326753616
1877,1877,3.6721410751342773,3.638077735900879,0.0002,2.7734656009531915,0.3275047466158867,0.08792428858578205,0.08856066665612161,0.5860495865345001
1878,1878,3.681680679321289,3.647156238555908,0.0002,2.773298634858617,0.32722093164920807,0.08792957663536072,0.08856446598656476,0.586443617939949
1879,1879,3.604649543762207,3.6719255447387695,0.0002,2.77599647916082,0.3295396491885185,0.08794724196195602,0.08858478791080415,0.5868447124958038
1880,1880,3.692721366882324,3.6428780555725098,0.0002,2.7748923793219573,0.32606907933950424,0.08795064757578075,0.0885919202119112,0.5872379094362259
1881,1881,3.608879566192627,3.643378257751465,0.0002,2.7731447730784238,0.3278474137187004,0.08798508928157389,0.08861464774236083,0.5876285284757614
1882,1882,3.673539638519287,3.668570041656494,0.0002,2.7719998835501825,0.32641952484846115,0.0879908655770123,0.0886243348941207,0.5880212634801865
1883,1883,3.6398284435272217,3.6809518337249756,0.0002,2.774915541115403,0.3269779309630394,0.08800253155641258,0.08864235831424594,0.5884122550487518
1884,1884,3.624495506286621,3.6429014205932617,0.0002,2.778934827583733,0.32590974122285843,0.08802197454497218,0.08865450182929635,0.5888042002916336
1885,1885,3.5958492755889893,3.642637014389038,0.0002,2.7798693891703428,0.3276369199156761,0.08802629122510552,0.08866289933212101,0.5891997665166855
1886,1886,3.591576337814331,3.6417133808135986,0.0002,2.778904226643644,0.3252669796347618,0.08803945500403643,0.08868055394850671,0.589592382311821
1887,1887,3.638603925704956,3.620445728302002,0.0002,2.777136262533628,0.3252346143126488,0.08805470122024417,0.08868983527645469,0.5899817049503326
1888,1888,3.6574838161468506,3.732408046722412,0.0002,2.7754289844858477,0.32772818952798843,0.0880619187373668,0.08870533527806401,0.5903723537921906
1889,1889,3.6024961471557617,3.650045394897461,0.0002,2.773800491597614,0.3288990259170532,0.0880741341970861,0.08871763711795211,0.5907596796751022
1890,1890,3.603996753692627,3.6321024894714355,0.0002,2.7762938283705103,0.32981231808662415,0.08809591899625957,0.08873140066862106,0.591146320104599
1891,1891,3.6455295085906982,3.616407632827759,0.0002,2.779218349269915,0.32769825309515,0.08811394521035254,0.08875152189284563,0.5915342718362808
1892,1892,3.613511085510254,3.665811777114868,0.0002,2.777986687770143,0.3277308940887451,0.08811744907870889,0.08875493402592838,0.591920331120491
1893,1893,3.6654887199401855,3.632723808288574,0.0002,2.7807747341990248,0.3292079344391823,0.08813516888767481,0.08877656213007867,0.5923098623752594
1894,1894,3.660550594329834,3.642820358276367,0.0002,2.7850775790941236,0.327525332570076,0.08815272827632725,0.08879223326221108,0.5927019715309143
1895,1895,3.616899251937866,3.626126527786255,0.0002,2.783178592501512,0.3273899406194687,0.08815657743252814,0.08879969408735633,0.593095451593399
1896,1896,3.6102190017700195,3.6230406761169434,0.0002,2.7824639006793714,0.3273594304919243,0.08818290289491415,0.08881856314837933,0.5934921950101852
1897,1897,3.6296274662017822,3.64675235748291,0.0002,2.780735036531458,0.3267338201403618,0.08819390553981066,0.08883641916327178,0.5938874930143356
1898,1898,3.6497344970703125,3.6568968296051025,0.0002,2.7809431136017597,0.3279663994908333,0.08820959087461233,0.0888471135403961,0.5942874848842621
1899,1899,3.6492223739624023,3.585326910018921,0.0002,2.7809312902383017,0.3287458196282387,0.088204232044518,0.088858648436144,0.5946913212537766
1900,1900,3.608029365539551,3.6362857818603516,0.0002,2.584170286895185,0.32970915734767914,0.08823646907694638,0.08887490537017584,0.5950908809900284
1901,1901,3.66341495513916,3.6301417350769043,0.0002,2.6043368017489916,0.3297349512577057,0.08824106166139245,0.08888691919855773,0.5954889506101608
1902,1902,3.6048355102539062,3.6635327339172363,0.0002,2.6198941417504353,0.32936830073595047,0.0882605763617903,0.08890662528574467,0.595889538526535
1903,1903,3.5956368446350098,3.6461782455444336,0.0002,2.634060065287949,0.32591724395751953,0.08826453075744212,0.08891083416529,0.5962920039892197
1904,1904,3.6915197372436523,3.6060004234313965,0.0002,2.6506896561756164,0.3273160830140114,0.08829301269724965,0.08893612842075527,0.596697062253952
1905,1905,3.6233129501342773,3.665518283843994,0.0002,2.6621063497457693,0.32983512431383133,0.08829179080203176,0.0889396839775145,0.5970986932516098
1906,1906,3.587113380432129,3.631561517715454,0.0002,2.676021510953189,0.328780397772789,0.08829996269196272,0.08895055763423443,0.5975009053945541
1907,1907,3.6329994201660156,3.603187322616577,0.0002,2.685019333815343,0.3279479295015335,0.08833197434432805,0.08897383511066437,0.5979033708572388
1908,1908,3.631469249725342,3.673415184020996,0.0002,2.6988026265419056,0.3315264508128166,0.08834544592536986,0.08898673090152442,0.59830641746521
1909,1909,3.6457676887512207,3.6181018352508545,0.0002,2.7076096841361985,0.3295207917690277,0.08835911937057972,0.08900025999173522,0.5987079441547394
1910,1910,3.654038906097412,3.612293243408203,0.0002,2.7172703200485424,0.3289780765771866,0.08836814621463418,0.08901462401263416,0.5991073250770569
1911,1911,3.613306999206543,3.688337802886963,0.0002,2.7260836168649414,0.329582154750824,0.0883751455694437,0.08902892866171896,0.5995052307844162
1912,1912,3.6406078338623047,3.625730514526367,0.0002,2.7298862211683357,0.33221402019262314,0.08838962786830962,0.08904085913673043,0.5998989343643188
1913,1913,3.5860447883605957,3.6193222999572754,0.0002,2.7389162214925347,0.3303331509232521,0.0884082147385925,0.08905204408802092,0.6002918928861618
1914,1914,3.624131202697754,3.679241895675659,0.0002,2.746212327179047,0.3293013945221901,0.08841641154140234,0.0890708607621491,0.6006827354431152
1915,1915,3.6577887535095215,3.6582911014556885,0.0002,2.749946155630146,0.3317972272634506,0.08843117067590356,0.08908802107907832,0.6010781973600388
1916,1916,3.6323344707489014,3.607851266860962,0.0002,2.754634792330572,0.33236104995012283,0.08844345668330789,0.08909298526123166,0.6014669090509415
1917,1917,3.6772842407226562,3.610283851623535,0.0002,2.7564448000053208,0.3284534439444542,0.08846795605495572,0.0891129239462316,0.6018581688404083
1918,1918,3.6194047927856445,3.6375012397766113,0.0002,2.760808869117439,0.3313985615968704,0.08847320335917175,0.08913008542731404,0.6022493541240692
1919,1919,3.6189136505126953,3.6263914108276367,0.0002,2.761428059157557,0.3300337716937065,0.08848953689448535,0.08914075256325305,0.6026352792978287
1920,1920,3.6174535751342773,3.637974262237549,0.0002,2.7677584341750836,0.33305226266384125,0.08850552281364799,0.08915963908657432,0.6030298620462418
1921,1921,3.636630058288574,3.650052070617676,0.0002,2.7694401439846414,0.33299118280410767,0.08851550868712366,0.08916770247742534,0.6034246236085892
1922,1922,3.6975302696228027,3.629391670227051,0.0002,2.7685879079891,0.33056187629699707,0.08853163314051926,0.08918155659921467,0.603820189833641
1923,1923,3.5974819660186768,3.6666181087493896,0.0002,2.7716531740208397,0.33239807933568954,0.08855229523032904,0.08920133719220757,0.6042167991399765
1924,1924,3.6842617988586426,3.6249027252197266,0.0002,2.770919688703792,0.3323061913251877,0.08856217097491026,0.0892180330120027,0.6046151667833328
1925,1925,3.6179935932159424,3.6878623962402344,0.0002,2.77359531905057,0.331241212785244,0.08856770629063249,0.08922201441600919,0.6050122082233429
1926,1926,3.6072492599487305,3.598606586456299,0.0002,2.77299089659119,0.32983435690402985,0.08858823589980602,0.0892402846366167,0.6054137498140335
1927,1927,3.692404270172119,3.708405017852783,0.0002,2.771762770543351,0.33239027857780457,0.08860580250620842,0.08925525052472949,0.6058104485273361
1928,1928,3.6787843704223633,3.627150058746338,0.0002,2.773984468138801,0.3341452181339264,0.08859981643036008,0.08925873995758593,0.6062080562114716
1929,1929,3.603868007659912,3.7039830684661865,0.0002,2.7739313516233115,0.3351791948080063,0.0886161345988512,0.08927238755859435,0.6066055148839951
1930,1930,3.631589889526367,3.690049648284912,0.0002,2.77869179410017,0.33223505318164825,0.08863179129548371,0.08928513736464083,0.606998398900032
1931,1931,3.662224769592285,3.6359357833862305,0.0002,2.7794954238692386,0.33276335150003433,0.08865022007375956,0.08930275915190578,0.6073920726776123
1932,1932,3.647061347961426,3.608536720275879,0.0002,2.7797907365291445,0.3321263939142227,0.08865853562019765,0.08931672922335565,0.6077858358621597
1933,1933,3.632211446762085,3.6683011054992676,0.0002,2.779175789126763,0.3348497599363327,0.08868608623743057,0.08933475869707763,0.6081804633140564
1934,1934,3.6187925338745117,3.6034188270568848,0.0002,2.7822483407806065,0.33130860328674316,0.08867113618180156,0.08933464391157031,0.6085686236619949
1935,1935,3.630443811416626,3.6410818099975586,0.0002,2.783785481206717,0.3369676023721695,0.0886729285120964,0.08933554729446769,0.6089585721492767
1936,1936,3.619426727294922,3.6144800186157227,0.0002,2.7831275585348663,0.3358481451869011,0.08870583726093173,0.08935809950344265,0.6093488931655884
1937,1937,3.60316801071167,3.640895366668701,0.0002,2.7869866892751594,0.33095914870500565,0.08872007788158953,0.08937406074255705,0.6097370386123657
1938,1938,3.637782573699951,3.6187081336975098,0.0002,2.7869675267555922,0.33433232456445694,0.08871448086574674,0.08937688474543393,0.6101207137107849
1939,1939,3.5840115547180176,3.644094467163086,0.0002,2.7885974711368307,0.33604834973812103,0.08873649616725743,0.08939721900969744,0.6105065196752548
1940,1940,3.5985970497131348,3.7509913444519043,0.0002,2.786072939626176,0.3336257115006447,0.0887523852288723,0.08941170223988593,0.6108934581279755
1941,1941,3.611607074737549,3.6647610664367676,0.0002,2.7835486595611365,0.3351617008447647,0.08874156046658754,0.08941156626679003,0.6112791448831558
1942,1942,3.6796727180480957,3.644625663757324,0.0002,2.784578304968327,0.33476341515779495,0.08877529064193368,0.08942744298838079,0.6116705387830734
1943,1943,3.6242551803588867,3.647245168685913,0.0002,2.7832294145904815,0.33233290165662766,0.08878004038706422,0.08944232552312315,0.6120570003986359
1944,1944,3.65496826171875,3.61816668510437,0.0002,2.784943197673958,0.33503755927085876,0.0887953476049006,0.08945664414204657,0.6124428510665894
1945,1945,3.625476837158203,3.6227898597717285,0.0002,2.782946623610847,0.33451104909181595,0.08880404103547335,0.08946270239539444,0.6128284782171249
1946,1946,3.6196885108947754,3.6081314086914062,0.0002,2.787227246866692,0.33675242960453033,0.08880953281186521,0.08947456139139831,0.6132214218378067
1947,1947,3.6439759731292725,3.6680455207824707,0.0002,2.78717509902102,0.3355121612548828,0.08882868965156376,0.08948779269121587,0.6136143356561661
1948,1948,3.6866772174835205,3.6554856300354004,0.0002,2.788471772863962,0.33542682230472565,0.08884253888390958,0.08949963469058275,0.6140094250440598
1949,1949,3.615696907043457,3.700485944747925,0.0002,2.7862014791289984,0.33610954135656357,0.08882978465408087,0.08950070408172905,0.6144018918275833
1950,1950,3.61799955368042,3.6845951080322266,0.0002,2.7834246327104406,0.33638523519039154,0.08885271032340825,0.0895154052414,0.6147999465465546
1951,1951,3.582401752471924,3.62160587310791,0.0002,2.7808981329732885,0.335547111928463,0.08886588783934712,0.08952973457053304,0.6151953339576721
1952,1952,3.65078067779541,3.6300477981567383,0.0002,2.7826355547588912,0.33527009934186935,0.08887177589349449,0.08953953976742923,0.615585207939148
1953,1953,3.56870698928833,3.6595566272735596,0.0002,2.781383849107479,0.3362627699971199,0.0888920531142503,0.08955350355245173,0.6159785091876984
1954,1954,3.618673801422119,3.565704584121704,0.0002,2.783133486504431,0.3347528949379921,0.08888671756722033,0.0895532132126391,0.6163652241230011
1955,1955,3.592836856842041,3.5975828170776367,0.0002,2.5886543095233407,0.33787187933921814,0.08890535612590611,0.08957231370732188,0.6167562752962112
1956,1956,3.6443116664886475,3.626683235168457,0.0002,2.6084181636074693,0.3344273045659065,0.08891678578220308,0.089577108155936,0.6171429306268692
1957,1957,3.6370768547058105,3.6225504875183105,0.0002,2.623504978019337,0.3360059782862663,0.0889411075040698,0.08960053464397788,0.6175325065851212
1958,1958,3.66937255859375,3.629633903503418,0.0002,2.637167398099584,0.339168056845665,0.08893384854309261,0.08960053068585694,0.6179271340370178
1959,1959,3.601353168487549,3.6307101249694824,0.0002,2.6540566113736106,0.3365844413638115,0.08893571118824184,0.08960948116146028,0.6183195412158966
1960,1960,3.6507716178894043,3.5788519382476807,0.0002,2.668953930512683,0.3384465426206589,0.08895789040252566,0.08962479885667562,0.618712916970253
1961,1961,3.6030168533325195,3.609184980392456,0.0002,2.678544196649129,0.3381316065788269,0.08896319405175745,0.08962893509306014,0.6191061735153198
1962,1962,3.578160524368286,3.6693477630615234,0.0002,2.692955534276894,0.338107168674469,0.08897471334785223,0.08964374545030296,0.6195010840892792
1963,1963,3.601456642150879,3.615365982055664,0.0002,2.702555086631569,0.33778297901153564,0.08898362866602838,0.08965355739928782,0.6198939383029938
1964,1964,3.6052236557006836,3.617830991744995,0.0002,2.712041305378378,0.33559533953666687,0.08899668673984706,0.08966576773673296,0.620286151766777
1965,1965,3.615449905395508,3.6023731231689453,0.0002,2.7175295489897477,0.3355378583073616,0.08899857220239937,0.08967018430121243,0.6206805855035782
1966,1966,3.5631892681121826,3.614461898803711,0.0002,2.7219417970777258,0.336047425866127,0.08901929762214422,0.08968622656539083,0.6210829466581345
1967,1967,3.6518607139587402,3.666572093963623,0.0002,2.7296356396776527,0.33789239078760147,0.08901513274759054,0.08968588663265109,0.6214827001094818
1968,1968,3.616118907928467,3.6263468265533447,0.0002,2.733262153306976,0.33964110910892487,0.08904553577303886,0.08970372169278562,0.6218801587820053
1969,1969,3.5985589027404785,3.6315340995788574,0.0002,2.7401068553341497,0.338399700820446,0.08905035117641091,0.08971356740221381,0.622277170419693
1970,1970,3.658942937850952,3.59792423248291,0.0002,2.742626884103599,0.33968255668878555,0.08904068684205413,0.08971416926942766,0.6226724237203598
1971,1971,3.621450424194336,3.631978988647461,0.0002,2.7503793887527053,0.33827436715364456,0.0890607328619808,0.0897329137660563,0.6230688393115997
1972,1972,3.5768704414367676,3.6308023929595947,0.0002,2.754369656324282,0.33856210857629776,0.08904811111278832,0.08973566209897399,0.6234562695026398
1973,1973,3.604024887084961,3.6148605346679688,0.0002,2.758558616071712,0.3376813009381294,0.08909182529896498,0.08975639403797686,0.6238492131233215
1974,1974,3.6025257110595703,3.63124418258667,0.0002,2.7597112955918184,0.3394922614097595,0.08908820943906903,0.0897611235268414,0.6242405474185944
1975,1975,3.5881028175354004,3.6067283153533936,0.0002,2.759673174088743,0.3377864211797714,0.0890971424523741,0.08977341745048761,0.6246322393417358
1976,1976,3.6242692470550537,3.6748318672180176,0.0002,2.7595677510830265,0.3390495479106903,0.08910684892907739,0.08978415350429714,0.6250240951776505
1977,1977,3.567984104156494,3.6495327949523926,0.0002,2.7639207320646113,0.34035516530275345,0.0891245799139142,0.08979381644167006,0.6254168599843979
1978,1978,3.649667739868164,3.6025102138519287,0.0002,2.7638419255880216,0.33763813227415085,0.089135623537004,0.08980533853173256,0.6258089244365692
1979,1979,3.6573097705841064,3.630917549133301,0.0002,2.767668143341526,0.33941324800252914,0.0891467034816742,0.08982170838862658,0.6262028515338898
1980,1980,3.657477855682373,3.6027398109436035,0.0002,2.767390284412994,0.3398220166563988,0.08916284842416644,0.08983348845504224,0.6266007572412491
1981,1981,3.5830917358398438,3.6173486709594727,0.0002,2.7730888896769335,0.33873172849416733,0.08916482795029879,0.08984154253266752,0.6269984692335129
1982,1982,3.612689256668091,3.5933470726013184,0.0002,2.7765172944671432,0.3394658863544464,0.08917744387872517,0.08985276147723198,0.6273987591266632
1983,1983,3.595226287841797,3.6570394039154053,0.0002,2.7774848079546333,0.3422899544239044,0.08918208256363869,0.08985591679811478,0.6277924180030823
1984,1984,3.6325817108154297,3.599731683731079,0.0002,2.7794162066023254,0.34092533588409424,0.08920416352339089,0.0898764431476593,0.6281926929950714
1985,1985,3.6043879985809326,3.582686424255371,0.0002,2.777434955166849,0.34147755056619644,0.08920684247277677,0.08988469932228327,0.6285879611968994
1986,1986,3.629387855529785,3.625105142593384,0.0002,2.7752769064834353,0.3427918329834938,0.08922811644151807,0.0898972034920007,0.6289795935153961
1987,1987,3.606977701187134,3.6561288833618164,0.0002,2.774149200934865,0.3425586670637131,0.0892314703669399,0.08990728808566928,0.6293728351593018
1988,1988,3.6522269248962402,3.665905475616455,0.0002,2.7760470099178947,0.34071412682533264,0.08924701157957315,0.08991725044324994,0.6297670751810074
1989,1989,3.610492706298828,3.627425193786621,0.0002,2.776393707161588,0.3397441431879997,0.08925399370491505,0.08993213716894388,0.6301606297492981
1990,1990,3.5984947681427,3.6135311126708984,0.0002,2.774617324627162,0.3418859913945198,0.08927574357949197,0.0899466339033097,0.6305534243583679
1991,1991,3.5772905349731445,3.725386381149292,0.0002,2.7728163788254925,0.3393136113882065,0.08928253338672221,0.08995737903751433,0.63094861805439
1992,1992,3.6263980865478516,3.6510491371154785,0.0002,2.771399916707847,0.3406791090965271,0.08929100073873997,0.08996516838669777,0.631345584988594
1993,1993,3.586684226989746,3.6075634956359863,0.0002,2.770500785217377,0.3412981852889061,0.0893024755641818,0.0899771077092737,0.6317461133003235
1994,1994,3.569453239440918,3.625394821166992,0.0002,2.769460339700427,0.34395450353622437,0.08931117784231901,0.0899893066380173,0.6321519911289215
1995,1995,3.6186182498931885,3.6163814067840576,0.0002,2.7684560687701283,0.34193509817123413,0.08930969052016735,0.0899970568716526,0.632556289434433
1996,1996,3.6673455238342285,3.611813545227051,0.0002,2.7675095496343243,0.3433861881494522,0.08933328511193395,0.09001268818974495,0.6329610496759415
1997,1997,3.648655891418457,3.6353273391723633,0.0002,2.766344041504163,0.3433852195739746,0.08934289356693625,0.09002164634875953,0.6333658844232559
1998,1998,3.6145849227905273,3.634014844894409,0.0002,2.766913526948212,0.34507906436920166,0.0893521870020777,0.09003365994431078,0.6337731778621674
1999,1999,3.5837275981903076,3.579256534576416,0.0002,2.7644250073022363,0.3421732410788536,0.08936340291984379,0.0900449831970036,0.63417848944664
2000,2000,3.6068973541259766,3.560354709625244,0.0002,2.7608678943918243,0.34217193722724915,0.0893676143605262,0.09005140443332493,0.6345821619033813
2001,2001,3.7051429748535156,3.6674444675445557,0.0002,2.566183075962026,0.3425719514489174,0.08939367835409939,0.0900651216506958,0.6349866688251495
2002,2002,3.5685982704162598,3.615182876586914,0.0002,2.584533761170293,0.3413277268409729,0.08937670383602381,0.09007121832109988,0.6353905349969864
2003,2003,3.6108322143554688,3.59633207321167,0.0002,2.601157003772657,0.34358008950948715,0.08939893520437181,0.09008118556812406,0.6357907801866531
2004,2004,3.549647092819214,3.6232354640960693,0.0002,2.616916323713929,0.33949819952249527,0.08941779448650777,0.09009645250625908,0.6361948400735855
2005,2005,3.669339895248413,3.6098287105560303,0.0002,2.631458970990907,0.33980265259742737,0.08942125434987247,0.09011102747172117,0.6365984380245209
2006,2006,3.601963520050049,3.5675415992736816,0.0002,2.64170350518139,0.34100084006786346,0.0894304309040308,0.09011576231569052,0.6370010524988174
2007,2007,3.558544397354126,3.6623318195343018,0.0002,2.652771914738395,0.34185852855443954,0.08944531343877316,0.09012444573454559,0.6374062746763229
2008,2008,3.5873444080352783,3.65950345993042,0.0002,2.6634102230199304,0.34641794860363007,0.08945598104037344,0.09013775829225779,0.6378149092197418
2009,2009,3.711103677749634,3.5929160118103027,0.0002,2.6696114548018945,0.343347892165184,0.08945762738585472,0.09014764032326639,0.63822041451931
2010,2010,3.5458571910858154,3.5806326866149902,0.0002,2.6786730823052127,0.3430081903934479,0.08946618367917836,0.09015600895509124,0.6386252790689468
2011,2011,3.615385055541992,3.6230006217956543,0.0002,2.686736593471692,0.3457857593894005,0.08949267654679716,0.0901752426289022,0.6390377134084702
2012,2012,3.570234537124634,3.602067708969116,0.0002,2.6942380030907422,0.3441704362630844,0.08949406142346561,0.0901750426273793,0.6394434869289398
2013,2013,3.609208106994629,3.6245806217193604,0.0002,2.700851212154037,0.34338634461164474,0.08951363852247596,0.09019533009268343,0.6398498713970184
2014,2014,3.5635695457458496,3.6162571907043457,0.0002,2.710215686876003,0.34334227442741394,0.08952010096982121,0.09020098089240491,0.6402546763420105
2015,2015,3.572859287261963,3.579115152359009,0.0002,2.7163030583073904,0.34658941626548767,0.08952653524465859,0.09021095023490489,0.640666052699089
2016,2016,3.6027469635009766,3.6317334175109863,0.0002,2.7206977155782486,0.34558170288801193,0.08953831437975168,0.0902193714864552,0.6410701423883438
2017,2017,3.6242284774780273,3.579909324645996,0.0002,2.727891344167791,0.3465360403060913,0.08953939354978502,0.09022466163150966,0.6414720267057419
2018,2018,3.5675995349884033,3.6132123470306396,0.0002,2.732215564682326,0.34310369938611984,0.08954212442040443,0.09023524587973952,0.6418736726045609
2019,2019,3.5712618827819824,3.6191225051879883,0.0002,2.7353610558777075,0.34233058989048004,0.089567924849689,0.09025368373841047,0.6422769874334335
2020,2020,3.591015100479126,3.6505138874053955,0.0002,2.742811676442308,0.34729430079460144,0.08955763466656208,0.09024712280370295,0.6426746249198914
2021,2021,3.586474895477295,3.6326637268066406,0.0002,2.748044096712534,0.3451117277145386,0.08957251021638513,0.09027137723751366,0.6430735886096954
2022,2022,3.61484432220459,3.6512725353240967,0.0002,2.753930544618235,0.34611957520246506,0.08960064384154975,0.09028064156882465,0.64347343146801
2023,2023,3.6657474040985107,3.5678508281707764,0.0002,2.754688443528807,0.345154270529747,0.08958661579526961,0.0902842003852129,0.6438784152269363
2024,2024,3.5606141090393066,3.6043992042541504,0.0002,2.7553365786317316,0.3446094021201134,0.08960518636740744,0.09029411897063255,0.6442843824625015
2025,2025,3.5759410858154297,3.6600027084350586,0.0002,2.759769780648383,0.3463781923055649,0.08961404650472105,0.09030517539940774,0.6446880996227264
2026,2026,3.568042039871216,3.5734479427337646,0.0002,2.7604290692554394,0.3470133990049362,0.08961269957944751,0.09031203156337142,0.6450912207365036
2027,2027,3.6243410110473633,3.5540659427642822,0.0002,2.7634916029962744,0.3453315421938896,0.08963355119340122,0.09032419859431684,0.6454917788505554
2028,2028,3.6099660396575928,3.593686580657959,0.0002,2.5724050601418527,0.34547196328639984,0.08963808813132346,0.0903316296171397,0.6458890289068222
2029,2029,3.6374964714050293,3.691394090652466,0.0002,2.5926724984042955,0.34550691395998,0.08963882410898805,0.09033468598499894,0.6462868303060532
2030,2030,3.6183671951293945,3.686671257019043,0.0002,2.609831589265804,0.3468865603208542,0.0896532079204917,0.09034552471712232,0.6466843634843826
2031,2031,3.604116916656494,3.6015052795410156,0.0002,2.627348339271643,0.34629539400339127,0.08966324664652348,0.09035686473362148,0.6470815539360046
2032,2032,3.591470241546631,3.6428298950195312,0.0002,2.642586002904627,0.3475396856665611,0.08966901688836515,0.09036237094551325,0.6474801748991013
2033,2033,3.6061601638793945,3.614511489868164,0.0002,2.6544115120444793,0.3485511913895607,0.08965399768203497,0.09036008408293128,0.6478762328624725
2034,2034,3.6489923000335693,3.5902740955352783,0.0002,2.669239466962269,0.3477311134338379,0.08967905212193727,0.09037124807946384,0.6482717543840408
2035,2035,3.61702299118042,3.610748767852783,0.0002,2.678523480921533,0.3479222133755684,0.08968564542010427,0.09037880739197135,0.6486662477254868
2036,2036,3.6154584884643555,3.6339612007141113,0.0002,2.691011384134127,0.3461473658680916,0.08970236941240728,0.09039984620176256,0.6490608155727386
2037,2037,3.6043052673339844,3.600266456604004,0.0002,2.698600419147934,0.34532373398542404,0.08969348599202931,0.09039105474948883,0.6494496464729309
2038,2038,3.5966122150421143,3.6339006423950195,0.0002,2.7108093068544217,0.34656422585248947,0.08971146866679192,0.09040953405201435,0.6498439460992813
2039,2039,3.6399497985839844,3.643343448638916,0.0002,2.7208399848061764,0.34763211011886597,0.08970770263113081,0.09040808118879795,0.6502359509468079
2040,2040,3.635552406311035,3.5727882385253906,0.0002,2.7271299805613194,0.3477747365832329,0.08972412114962935,0.09041657927446067,0.6506333500146866
2041,2041,3.558180332183838,3.627579927444458,0.0002,2.733848621048717,0.349534347653389,0.08972120424732566,0.09042176627554,0.6510254591703415
2042,2042,3.5413036346435547,3.568716526031494,0.0002,2.737564973479736,0.34907063096761703,0.08972948230803013,0.09043378243222833,0.651418998837471
2043,2043,3.6480793952941895,3.6420679092407227,0.0002,2.7440392014420576,0.3474245145916939,0.08975497540086508,0.09044953738339245,0.6518144756555557
2044,2044,3.5471599102020264,3.604618787765503,0.0002,2.746171491131533,0.34828080981969833,0.08975381567142904,0.0904464132618159,0.6522037088871002
2045,2045,3.619619131088257,3.6058497428894043,0.0002,2.7541124138090947,0.3461287096142769,0.08976658177562058,0.0904602287337184,0.6525975167751312
2046,2046,3.5665435791015625,3.5776820182800293,0.0002,2.7569226616365525,0.3488883525133133,0.08976594312116504,0.09046420035883784,0.6529945284128189
2047,2047,3.5802810192108154,3.602320671081543,0.0002,2.760922642321488,0.34965037554502487,0.08977896464057267,0.09047843585722148,0.6533915400505066
2048,2048,3.5574660301208496,3.5789237022399902,0.0002,2.7620375810493125,0.3485443517565727,0.08977411850355566,0.09048007288947701,0.6537868678569794
2049,2049,3.5552735328674316,3.5949463844299316,0.0002,2.7658502606058804,0.3484218716621399,0.08977671014145017,0.09048185311257839,0.6541812717914581
2050,2050,3.5995373725891113,3.5991291999816895,0.0002,2.7659257016516765,0.3481234610080719,0.08980086864903569,0.09050058014690876,0.6545846164226532
2051,2051,3.5604281425476074,3.596564292907715,0.0002,2.768572994423236,0.3462771028280258,0.08979831170290709,0.09050107980147004,0.6549803912639618
2052,2052,3.600163221359253,3.6429872512817383,0.0002,2.7689471983750704,0.3499798849225044,0.08981478121131659,0.09050978790037334,0.6553764492273331
2053,2053,3.5479860305786133,3.5985827445983887,0.0002,2.774603665385008,0.3533238247036934,0.08979348139837384,0.09050278854556382,0.6557672470808029
2054,2054,3.6063432693481445,3.6859772205352783,0.0002,2.775379252158785,0.34922368824481964,0.08983844588510692,0.09053521021269262,0.6561655551195145
2055,2055,3.600682497024536,3.674572706222534,0.0002,2.774234723927385,0.3485523611307144,0.08981905202381313,0.09052768675610423,0.6565569341182709
2056,2056,3.546193838119507,3.6028590202331543,0.0002,2.777203472934665,0.34963981807231903,0.0898397546261549,0.09053703327663243,0.6569496840238571
2057,2057,3.5432517528533936,3.67600154876709,0.0002,2.7797398132915063,0.3502250388264656,0.08982060267589986,0.09053699066862464,0.6573377698659897
2058,2058,3.5761942863464355,3.5845131874084473,0.0002,2.778313033512978,0.34855861961841583,0.08982611051760614,0.0905353887937963,0.6577235162258148
2059,2059,3.514197826385498,3.5976390838623047,0.0002,2.780431692537408,0.34945066273212433,0.08984920242801309,0.09055327507667243,0.6581117063760757
2060,2060,3.644049644470215,3.673790216445923,0.0002,2.7789676057552932,0.3514276146888733,0.08986032218672335,0.09056244976818562,0.6584984809160233
2061,2061,3.595458507537842,3.646460771560669,0.0002,2.783458040113322,0.3503575101494789,0.08985185180790722,0.09056073590181768,0.6588817834854126
2062,2062,3.608920097351074,3.6148810386657715,0.0002,2.7839045275321666,0.3497271239757538,0.0898509444668889,0.09056181530468166,0.659274622797966
2063,2063,3.5891335010528564,3.682725667953491,0.0002,2.785017556748679,0.34918593615293503,0.08987183962017298,0.09057704405859113,0.6596710085868835
2064,2064,3.584444284439087,3.6059608459472656,0.0002,2.7836181192380556,0.35234352946281433,0.08987267781049013,0.09057806106284261,0.6600681841373444
2065,2065,3.5730929374694824,3.6151363849639893,0.0002,2.785187121650949,0.35058774054050446,0.08988887164741755,0.09058702876791358,0.6604687869548798
2066,2066,3.525038242340088,3.599278450012207,0.0002,2.787082102418281,0.34815581887960434,0.08988876477815211,0.09059474430978298,0.6608677953481674
2067,2067,3.6058545112609863,3.5539445877075195,0.0002,2.785195069517293,0.3539433553814888,0.0898998798802495,0.09060144191607833,0.6612709313631058
2068,2068,3.5600485801696777,3.6084303855895996,0.0002,2.587355513177215,0.3501235321164131,0.08989587589167058,0.09060816653072834,0.66168013215065
2069,2069,3.5440421104431152,3.6295149326324463,0.0002,2.605084746825439,0.35114986449480057,0.08988760621286929,0.09060281421989202,0.6620913445949554
2070,2070,3.5998387336730957,3.660688877105713,0.0002,2.623729865908327,0.35171519219875336,0.08988673007115722,0.09060674603097141,0.6625016778707504
2071,2071,3.6090989112854004,3.5514378547668457,0.0002,2.6430614879874867,0.3523271754384041,0.08992110472172499,0.09062915202230215,0.6629115492105484
2072,2072,3.593473196029663,3.570369005203247,0.0002,2.46447089731829,0.3524569571018219,0.08991559781134129,0.09062726516276598,0.6633135229349136
2073,2073,3.5229196548461914,3.6289703845977783,0.0002,2.495243160230996,0.35344239324331284,0.08992214454337955,0.09063660143874586,0.6637233793735504
2074,2074,3.5847785472869873,3.553650379180908,0.0002,2.5218818548507373,0.3532216176390648,0.0899201026186347,0.0906379574444145,0.6641281247138977
2075,2075,3.5611042976379395,3.671229362487793,0.0002,2.549604212162922,0.3514799624681473,0.08993386453948915,0.09064275049604475,0.6645301431417465
2076,2076,3.5663652420043945,3.6376328468322754,0.0002,2.5714847948075192,0.3524661362171173,0.08994145761243999,0.09064884926192462,0.6649344265460968
2077,2077,3.550086498260498,3.5457077026367188,0.0002,2.5963892361712584,0.35305822640657425,0.08993918006308377,0.09065219666808844,0.6653383821249008
2078,2078,3.6019208431243896,3.6470160484313965,0.0002,2.4142777874288193,0.35237839818000793,0.08995490032248199,0.09066233597695827,0.6657389998435974
2079,2079,3.598111391067505,3.585576295852661,0.0002,2.4496216321486948,0.35273921489715576,0.08993858355097473,0.09065949148498476,0.6661332994699478
2080,2080,3.575916290283203,3.5992932319641113,0.0002,2.4845711378506943,0.3524182215332985,0.08996086264960468,0.09067639079876244,0.6665321737527847
2081,2081,3.658104419708252,3.6394264698028564,0.0002,2.5127172969672684,0.35623840242624283,0.08995272498577833,0.0906672312412411,0.6669227182865143
2082,2082,3.588028907775879,3.5641984939575195,0.0002,2.537762126109105,0.35484544932842255,0.0899611187633127,0.09068134310655296,0.6673206835985184
2083,2083,3.6165730953216553,3.6276021003723145,0.0002,2.5659279662809853,0.3545854315161705,0.08995400322601199,0.09067454258911312,0.6677118688821793
2084,2084,3.6009511947631836,3.6621270179748535,0.0002,2.592008039915893,0.35486090183258057,0.08994513656944036,0.09067645180039108,0.6681006997823715
2085,2085,3.684778928756714,3.608776569366455,0.0002,2.6099404592520137,0.35274796932935715,0.08996571856550872,0.09068413218483329,0.6684891730546951
2086,2086,3.6091909408569336,3.55877685546875,0.0002,2.628262506374019,0.3532940447330475,0.08997694333083928,0.090685821371153,0.6688760668039322
2087,2087,3.538257122039795,3.544257164001465,0.0002,2.6426412497774514,0.35552313178777695,0.08996598143130541,0.09069217392243445,0.6692619323730469
2088,2088,3.571674108505249,3.6838765144348145,0.0002,2.462718922265788,0.35313861072063446,0.08998047420755029,0.09069343795999885,0.6696436107158661
2089,2089,3.5983800888061523,3.5973122119903564,0.0002,2.4936266240399534,0.3502846285700798,0.08997408696450293,0.09069808013737202,0.6700307577848434
2090,2090,3.5721652507781982,3.578310489654541,0.0002,2.5245093607212734,0.35392116010189056,0.08999456977471709,0.09070932515896857,0.6704166531562805
2091,2091,3.5507102012634277,3.6090643405914307,0.0002,2.548634208753594,0.3521159216761589,0.09000775683671236,0.09071764652617276,0.6708127856254578
2092,2092,3.565791606903076,3.6029422283172607,0.0002,2.573550762260128,0.3548697307705879,0.09000223409384489,0.09071248024702072,0.6712051630020142
2093,2093,3.629204511642456,3.657771110534668,0.0002,2.599242296407677,0.35474709421396255,0.09001046442426741,0.09072527731768787,0.6716029047966003
2094,2094,3.5704185962677,3.6663942337036133,0.0002,2.617978598529078,0.3555860370397568,0.0900014559738338,0.09072765498422086,0.671999454498291
2095,2095,3.6364264488220215,3.62672758102417,0.0002,2.636689397803443,0.3542076125741005,0.09002099302597344,0.09073671768419445,0.6723985373973846
2096,2096,3.5959930419921875,3.5784354209899902,0.0002,2.649317265386132,0.35539091378450394,0.09002734813839197,0.09074339782819152,0.6727998703718185
2097,2097,3.5241270065307617,3.5998575687408447,0.0002,2.6643816925670896,0.3545255735516548,0.09003723203204572,0.09075425332412124,0.6732047498226166
2098,2098,3.5819826126098633,3.593440294265747,0.0002,2.674681019976483,0.35568487644195557,0.09003784321248531,0.09075615694746375,0.6736064106225967
2099,2099,3.590071201324463,3.669736623764038,0.0002,2.6897170666923564,0.3566383868455887,0.09004298225045204,0.09076752001419663,0.6740131676197052
2100,2100,3.567340135574341,3.6800594329833984,0.0002,2.699016923691504,0.35424963384866714,0.09005098487250507,0.09077074145898223,0.6744238585233688
2101,2101,3.597243547439575,3.5943427085876465,0.0002,2.70761736985936,0.3555281534790993,0.09005741379223764,0.090777333592996,0.6748313754796982
2102,2102,3.6107985973358154,3.5724234580993652,0.0002,2.715189536603516,0.35554227232933044,0.09005639073438942,0.09078092384152114,0.6752324998378754
2103,2103,3.581756353378296,3.5927700996398926,0.0002,2.7197294973200266,0.35537151992321014,0.0900662299245596,0.09078740258701146,0.6756301373243332
2104,2104,3.623396635055542,3.598362922668457,0.0002,2.728128430569216,0.3564297556877136,0.0900655307341367,0.09079311764799058,0.6760279536247253
2105,2105,3.5744237899780273,3.582144260406494,0.0002,2.73579032275824,0.35516307502985,0.09007192985154688,0.09079848905093968,0.6764236092567444
2106,2106,3.5442185401916504,3.5972023010253906,0.0002,2.7386892588006484,0.35471588373184204,0.09009469882585108,0.09081932669505477,0.6768224835395813
2107,2107,3.6170525550842285,3.6105360984802246,0.0002,2.746973910559773,0.3575759157538414,0.0900913504883647,0.09081757301464677,0.6772191673517227
2108,2108,3.6292881965637207,3.6504526138305664,0.0002,2.751107916154692,0.3559199646115303,0.09010554035194218,0.09082681429572403,0.6776160448789597
2109,2109,3.538588523864746,3.576846122741699,0.0002,2.7563373758439704,0.355548694729805,0.09009229997172952,0.09082279191352427,0.6780177801847458
2110,2110,3.5851306915283203,3.5838310718536377,0.0002,2.756699037699116,0.35675840079784393,0.0901114132720977,0.0908328122459352,0.6784254014492035
2111,2111,3.659666061401367,3.578416347503662,0.0002,2.7569719913809663,0.3573868051171303,0.09010196174494922,0.09083170467056334,0.6788232028484344
2112,2112,3.571537733078003,3.6286368370056152,0.0002,2.7576242764834538,0.356170229613781,0.09011478093452752,0.09083759505301714,0.6792219430208206
2113,2113,3.6066040992736816,3.6843559741973877,0.0002,2.761931263980767,0.35646892338991165,0.09012139914557338,0.09084738953970373,0.6796239018440247
2114,2114,3.605870008468628,3.606924057006836,0.0002,2.762083231316316,0.3563365563750267,0.0900973523966968,0.09083139523863792,0.6800169795751572
2115,2115,3.5362744331359863,3.6461517810821533,0.0002,2.761931631904653,0.35677603632211685,0.0901223688852042,0.09084845660254359,0.6804139018058777
2116,2116,3.5970458984375,3.6194281578063965,0.0002,2.765005231644133,0.3565869405865669,0.09011397906579077,0.09084345237351954,0.6808019578456879
2117,2117,3.5568714141845703,3.597184181213379,0.0002,2.7656401395828976,0.35997945815324783,0.09011325286701322,0.0908524610567838,0.6811925023794174
2118,2118,3.549201011657715,3.5481104850769043,0.0002,2.7652522908542596,0.35499339550733566,0.09012446179986,0.09085930557921529,0.681583821773529
2119,2119,3.684741497039795,3.6093616485595703,0.0002,2.768692795084924,0.35813310742378235,0.09012314677238464,0.09085609042085707,0.6819762289524078
2120,2120,3.591417074203491,3.5812487602233887,0.0002,2.7746135764193904,0.359490729868412,0.09012560360133648,0.09085131483152509,0.6823633313179016
2121,2121,3.5359158515930176,3.6242218017578125,0.0002,2.77607192183669,0.3587994799017906,0.09012306178919971,0.09085723455063999,0.6827489584684372
2122,2122,3.5711727142333984,3.5706539154052734,0.0002,2.7784732787656714,0.3604357987642288,0.09012990910559893,0.09085538377985358,0.6831323355436325
2123,2123,3.5939486026763916,3.6422057151794434,0.0002,2.7770566846800664,0.3563767969608307,0.09014689223840833,0.09087406168691814,0.6835170537233353
2124,2124,3.647573947906494,3.5470755100250244,0.0002,2.7753540796966196,0.35624993592500687,0.09015433909371495,0.09088111901655793,0.6839015781879425
2125,2125,3.6692070960998535,3.5955052375793457,0.0002,2.7780098983566077,0.3592848405241966,0.09015205828472972,0.09088491462171078,0.6842916756868362
2126,2126,3.574002504348755,3.563145399093628,0.0002,2.7765627834080027,0.35501788556575775,0.09015791025012732,0.09088382590562105,0.6846830546855927
2127,2127,3.565549850463867,3.5657131671905518,0.0002,2.77977979793395,0.3597652390599251,0.09015322150662541,0.09087909990921617,0.6850776374340057
2128,2128,3.605536460876465,3.597001075744629,0.0002,2.7778563512383982,0.36047905683517456,0.0901444514747709,0.09088353370316327,0.6854775547981262
2129,2129,3.590928554534912,3.5938942432403564,0.0002,2.7818163922569825,0.3569384962320328,0.09015070693567395,0.09088273486122489,0.6858742833137512
2130,2130,3.579181432723999,3.603388786315918,0.0002,2.782435981830552,0.35792381316423416,0.09014162956736982,0.09088303917087615,0.6862752288579941
2131,2131,3.572018623352051,3.585906982421875,0.0002,2.7806033496373854,0.36057469993829727,0.09015379077754915,0.0908929449506104,0.6866730153560638
2132,2132,3.5491199493408203,3.589503765106201,0.0002,2.7827331129331756,0.3585756868124008,0.09015920711681247,0.09089704137295485,0.6870706677436829
2133,2133,3.568263530731201,3.5966882705688477,0.0002,2.780683114431672,0.3584144711494446,0.0901705410797149,0.0909065690357238,0.6874722987413406
2134,2134,3.567192554473877,3.6619668006896973,0.0002,2.7786945303400388,0.3604641407728195,0.09017047379165888,0.09090409288182855,0.6878751814365387
2135,2135,3.528927803039551,3.6257739067077637,0.0002,2.7810761205601704,0.3579418510198593,0.0901668535079807,0.09089166740886867,0.6882753521203995
2136,2136,3.594742774963379,3.5522751808166504,0.0002,2.779090967058502,0.3585757091641426,0.09016032190993428,0.09090415202081203,0.6886812001466751
2137,2137,3.554495334625244,3.6843461990356445,0.0002,2.780711180078226,0.3599278926849365,0.09017767128534615,0.09091547084972262,0.6890848577022552
2138,2138,3.603203773498535,3.6076207160949707,0.0002,2.7798395339674005,0.35897431522607803,0.09017439698800445,0.09091719263233244,0.6894854307174683
2139,2139,3.606607675552368,3.5677738189697266,0.0002,2.7829115460294154,0.36188042908906937,0.09018568531610072,0.09092707512900233,0.6898900866508484
2140,2140,3.6144678592681885,3.54537296295166,0.0002,2.7846774057897625,0.358082577586174,0.09017274226062,0.09091437514871359,0.6902888715267181
2141,2141,3.6277120113372803,3.627716541290283,0.0002,2.7858614409814666,0.36044708639383316,0.09018260869197547,0.09092119592241943,0.6906928867101669
2142,2142,3.5404257774353027,3.6815638542175293,0.0002,2.7841735933142675,0.35927680134773254,0.09018161077983677,0.09092550491914153,0.691087007522583
2143,2143,3.5602970123291016,3.5568246841430664,0.0002,2.7818775967000846,0.3606046363711357,0.09018027503043413,0.09092533239163458,0.6914766430854797
2144,2144,3.528212070465088,3.5362067222595215,0.0002,2.784126135128461,0.35847342014312744,0.09019462415017188,0.09093412896618247,0.691872239112854
2145,2145,3.5558879375457764,3.5779032707214355,0.0002,2.5831582384298586,0.36039457470178604,0.09018541080877185,0.09093350218608975,0.6922655552625656
2146,2146,3.521503448486328,3.5612151622772217,0.0002,2.6042437552610256,0.3609415367245674,0.09019910427741706,0.090940274996683,0.6926624774932861
2147,2147,3.573007583618164,3.549015998840332,0.0002,2.6235026319983636,0.3607901930809021,0.09020659700036049,0.09094482427462935,0.6930544972419739
2148,2148,3.5636792182922363,3.550846576690674,0.0002,2.6381598070443024,0.36319953203201294,0.09018287528306246,0.09093296760693192,0.6934479176998138
2149,2149,3.613805055618286,3.591951847076416,0.0002,2.654703281739767,0.36132562160491943,0.09020043187774718,0.09094328340142965,0.6938425153493881
2150,2150,3.601470470428467,3.5979413986206055,0.0002,2.665750479485814,0.35863764584064484,0.09019849100150168,0.0909449215978384,0.6942369341850281
2151,2151,3.594386100769043,3.5664117336273193,0.0002,2.681688757193373,0.3598021939396858,0.09018544759601355,0.09093950130045414,0.694629356265068
2152,2152,3.542955160140991,3.569875717163086,0.0002,2.6942028124577617,0.3605736494064331,0.09020515461452305,0.09095724555663764,0.6950237452983856
2153,2153,3.551362991333008,3.641356945037842,0.0002,2.703178802941633,0.3613279312849045,0.09020942845381796,0.0909494620282203,0.6954116523265839
2154,2154,3.572437047958374,3.617793560028076,0.0002,2.7135427212972796,0.3606742024421692,0.09019792475737631,0.09095248603262007,0.6957975625991821
2155,2155,3.5664877891540527,3.531644344329834,0.0002,2.7222781588715614,0.36103443801403046,0.09021114837378263,0.0909641447942704,0.6961878538131714
2156,2156,3.5461955070495605,3.632950782775879,0.0002,2.535250523057065,0.3635084629058838,0.09021653141826391,0.09096509218215942,0.6965784728527069
2157,2157,3.5187466144561768,3.6758832931518555,0.0002,2.5597035212977826,0.3611569255590439,0.09021264198236167,0.09096656972542405,0.696976438164711
2158,2158,3.5469226837158203,3.553750991821289,0.0002,2.5880683793247905,0.3629438877105713,0.09021096583455801,0.09096186142414808,0.6973701417446136
2159,2159,3.604768753051758,3.5978431701660156,0.0002,2.60621605165167,0.36261583119630814,0.0902099332306534,0.09096933831460774,0.697767823934555
2160,2160,3.5310404300689697,3.6072516441345215,0.0002,2.625790186687521,0.3610698953270912,0.09021410276181996,0.090968101285398,0.6981632262468338
2161,2161,3.5622005462646484,3.634284019470215,0.0002,2.6397891510259277,0.3638722524046898,0.09022808377631009,0.09097761334851384,0.6985655575990677
2162,2162,3.615217924118042,3.5878734588623047,0.0002,2.6584038852668237,0.36488039046525955,0.09022219176404178,0.09097387501969934,0.6989616602659225
2163,2163,3.5644500255584717,3.5729494094848633,0.0002,2.6705326626150145,0.3649255484342575,0.09023894090205431,0.09098149510100484,0.6993609964847565
2164,2164,3.5208044052124023,3.63222074508667,0.0002,2.6800705735112293,0.36506375670433044,0.09022256196476519,0.09097919217310846,0.6997628957033157
2165,2165,3.542867660522461,3.7063822746276855,0.0002,2.6919087595197375,0.362190805375576,0.09022691426798701,0.09098150627687573,0.70016148686409
2166,2166,3.530163526535034,3.601337194442749,0.0002,2.702204523920117,0.361208476126194,0.0902372042182833,0.09098860621452332,0.7005632370710373
2167,2167,3.538139820098877,3.6259257793426514,0.0002,2.7095064058106995,0.363797627389431,0.09024155675433576,0.09099125908687711,0.7009611576795578
2168,2168,3.5866596698760986,3.5916881561279297,0.0002,2.718866650653608,0.3652731031179428,0.09023367799818516,0.09098880086094141,0.7013633549213409
2169,2169,3.5277233123779297,3.5658044815063477,0.0002,2.7297964851850707,0.36331501603126526,0.09023667103610933,0.09099399647675455,0.701767772436142
2170,2170,3.518665075302124,3.551276206970215,0.0002,2.7356929384334627,0.36465293169021606,0.09023513528518379,0.09099718346260488,0.7021712809801102
2171,2171,3.6374616622924805,3.6011061668395996,0.0002,2.741516009379514,0.3605213984847069,0.09025458060204983,0.09100973955355585,0.7025765776634216
2172,2172,3.5495193004608154,3.568531036376953,0.0002,2.7445627759361937,0.3630310073494911,0.0902494085021317,0.09100367361679673,0.7029777765274048
2173,2173,3.5610337257385254,3.5833611488342285,0.0002,2.7506106338115357,0.365494966506958,0.09024470532312989,0.09100558375939727,0.7033796608448029
2174,2174,3.5502889156341553,3.582676887512207,0.0002,2.7518661292689455,0.36283228546380997,0.09024042054079473,0.09100345754995942,0.7037771493196487
2175,2175,3.573601007461548,3.5945167541503906,0.0002,2.7564459905985177,0.3637174442410469,0.09025222156196833,0.09101505042053759,0.7041685432195663
2176,2176,3.5955381393432617,3.626647472381592,0.0002,2.7624558228866922,0.362069807946682,0.09025988122448325,0.09102065488696098,0.7045560777187347
2177,2177,3.5157065391540527,3.584501028060913,0.0002,2.7660250963351083,0.3602166995406151,0.09026363445445895,0.09102730173617601,0.7049520015716553
2178,2178,3.5936617851257324,3.512251377105713,0.0002,2.7655823088935363,0.36290915310382843,0.09027553675696254,0.09103372320532799,0.7053510695695877
2179,2179,3.62606143951416,3.5456528663635254,0.0002,2.570061306866564,0.3648570626974106,0.09025752847082913,0.09102625655941665,0.7057517170906067
2180,2180,3.5759634971618652,3.5969724655151367,0.0002,2.5903629222153763,0.3643304109573364,0.09028306161053479,0.09103524382226169,0.7061549127101898
2181,2181,3.5773487091064453,3.5320451259613037,0.0002,2.6114129570672096,0.3642036244273186,0.09027387434616685,0.091032222378999,0.7065580189228058
2182,2182,3.499929904937744,3.5782299041748047,0.0002,2.626910127896931,0.36331581324338913,0.09026212501339614,0.09103622986003757,0.7069590091705322
2183,2183,3.584084987640381,3.58870005607605,0.0002,2.6403207542438567,0.36577943712472916,0.09027956915087998,0.09104150626808405,0.7073613852262497
2184,2184,3.5637876987457275,3.5880017280578613,0.0002,2.6556496325532892,0.3640102371573448,0.09028473543003201,0.0910482092294842,0.7077647000551224
2185,2185,3.5982794761657715,3.5434112548828125,0.0002,2.667218996509007,0.3646894618868828,0.09027586318552494,0.09104936942458153,0.7081662267446518
2186,2186,3.5350167751312256,3.6154661178588867,0.0002,2.6797257529937357,0.36670684069395065,0.09029025956988335,0.09104801202192903,0.7085715532302856
2187,2187,3.5532641410827637,3.5115160942077637,0.0002,2.6890432405423526,0.3656567111611366,0.09027239307761192,0.09103882755152881,0.7089680582284927
2188,2188,3.58607816696167,3.59791898727417,0.0002,2.5054372834146292,0.36790671944618225,0.09028173657134175,0.09105518716387451,0.7093712091445923
2189,2189,3.5538792610168457,3.591008424758911,0.0002,2.5333098795961293,0.36858487129211426,0.09028453100472689,0.09104787860997021,0.7097685635089874
2190,2190,3.605348587036133,3.5848288536071777,0.0002,2.558408586293318,0.36659009754657745,0.09028353681787848,0.09104919992387295,0.7101637870073318
2191,2191,3.5412466526031494,3.580272912979126,0.0002,2.578775688319477,0.3640983775258064,0.09028913592919707,0.09105275850743055,0.7105635851621628
2192,2192,3.4933061599731445,3.5194637775421143,0.0002,2.601207875577417,0.36654024571180344,0.09027792979031801,0.09104508860036731,0.7109522521495819
2193,2193,3.5699329376220703,3.548970937728882,0.0002,2.6215606926108888,0.3665381819009781,0.09028351865708828,0.09105215012095869,0.711347371339798
2194,2194,3.5900611877441406,3.5154123306274414,0.0002,2.6420120470546262,0.3643087148666382,0.09027836308814585,0.09105117013677955,0.7117347419261932
2195,2195,3.510450601577759,3.5777831077575684,0.0002,2.6566165400478616,0.367679201066494,0.09027887135744095,0.09104750724509358,0.7121220976114273
2196,2196,3.5088000297546387,3.6427202224731445,0.0002,2.6671453034893755,0.3682309240102768,0.09028070699423552,0.09105399902909994,0.7125132977962494
2197,2197,3.5290114879608154,3.5612776279449463,0.0002,2.680902116449537,0.36478035151958466,0.09027381148189306,0.0910497463773936,0.7128986418247223
2198,2198,3.5034103393554688,3.5903539657592773,0.0002,2.692230076817205,0.3657839670777321,0.09028853755444288,0.09105643909424543,0.7132899016141891
2199,2199,3.5428709983825684,3.550159215927124,0.0002,2.7002253172192328,0.3656391128897667,0.09028709726408124,0.09105251589789987,0.7136799991130829
2200,2200,3.5289058685302734,3.5445194244384766,0.0002,2.710692220084348,0.3662019819021225,0.09028006927110255,0.09104989375919104,0.714070737361908
2201,2201,3.565779447555542,3.5850563049316406,0.0002,2.721987272249989,0.3697826415300369,0.09029437066055834,0.09106145496480167,0.7144706696271896
2202,2202,3.4904139041900635,3.548400640487671,0.0002,2.728755218571986,0.3679119944572449,0.09027460683137178,0.09104922413825989,0.7148629277944565
2203,2203,3.569279193878174,3.5247809886932373,0.0002,2.7359446023579763,0.3683805391192436,0.09027740987949073,0.09105134173296392,0.7152627855539322
2204,2204,3.569347858428955,3.5865678787231445,0.0002,2.7388797573450896,0.37055452913045883,0.09027932374738157,0.09105036989785731,0.7156624048948288
2205,2205,3.5435802936553955,3.627457618713379,0.0002,2.7450161082654208,0.369069866836071,0.09027117840014398,0.09104831772856414,0.7160600423812866
2206,2206,3.6008224487304688,3.5832276344299316,0.0002,2.747310345025268,0.3649538904428482,0.0902547943405807,0.0910432948730886,0.7164649069309235
2207,2207,3.5507328510284424,3.558643341064453,0.0002,2.75288116152878,0.37080684304237366,0.0902757493313402,0.09104749304242432,0.7168720662593842
2208,2208,3.619408130645752,3.5985488891601562,0.0002,2.760197025364508,0.366803877055645,0.09026833693496883,0.0910459803417325,0.7172735631465912
2209,2209,3.604734420776367,3.5369532108306885,0.0002,2.7627608663713823,0.36908628046512604,0.09025577129796147,0.09103902312926948,0.7176755368709564
2210,2210,3.565207004547119,3.553516387939453,0.0002,2.7661050860963075,0.36688095331192017,0.09025694010779262,0.09103894559666514,0.7180821299552917
2211,2211,3.560614824295044,3.5809264183044434,0.0002,2.766479959946487,0.3710402250289917,0.09025379223749042,0.0910388482734561,0.7184831649065018
2212,2212,3.5697078704833984,3.5603530406951904,0.0002,2.7703609813472174,0.36869366466999054,0.0902593748178333,0.09103594231419265,0.7188876122236252
2213,2213,3.51708984375,3.5146477222442627,0.0002,2.7758003578225936,0.3667643591761589,0.09024634188972414,0.09103215229697526,0.7192904651165009
2214,2214,3.5327398777008057,3.574500560760498,0.0002,2.7768139051126535,0.36912956088781357,0.09025004878640175,0.09102758835069835,0.7196894437074661
2215,2215,3.6042027473449707,3.568052291870117,0.0002,2.778856247054439,0.3701017424464226,0.0902430925052613,0.09102980932220817,0.7200950086116791
2216,2216,3.597928524017334,3.5611379146575928,0.0002,2.7780475592849974,0.37209583818912506,0.0902408272959292,0.09102675598114729,0.7205028086900711
2217,2217,3.517613649368286,3.541602611541748,0.0002,2.7762852886540816,0.3678472936153412,0.09024239564314485,0.0910258877556771,0.7209110707044601
2218,2218,3.505084991455078,3.5864310264587402,0.0002,2.7789111896532295,0.3710044100880623,0.09023216716013849,0.09101379034109414,0.7213140428066254
2219,2219,3.4885311126708984,3.4909775257110596,0.0002,2.7815423016655854,0.37000124156475067,0.09022880322299898,0.09101750794798136,0.7217216938734055
2220,2220,3.5306878089904785,3.5553383827209473,0.0002,2.588421332051052,0.36913464218378067,0.09022243088111281,0.09100413788110018,0.7221221029758453
2221,2221,3.492910385131836,3.6431996822357178,0.0002,2.608730552563924,0.3723107650876045,0.09022374521009624,0.09101310442201793,0.722524419426918
2222,2222,3.537141799926758,3.5510599613189697,0.0002,2.626367439741732,0.36952686309814453,0.09023568267002702,0.09102240647189319,0.7229319959878922
2223,2223,3.5751516819000244,3.5802793502807617,0.0002,2.6420623725859147,0.37161728739738464,0.0902265238109976,0.09100866201333702,0.7233344614505768
2224,2224,3.5551602840423584,3.6177806854248047,0.0002,2.653933671691632,0.3698919489979744,0.09022378269582987,0.09100775374099612,0.7237441390752792
2225,2225,3.5451834201812744,3.555180072784424,0.0002,2.6685601231266842,0.3688134625554085,0.09022508398629725,0.09101023199036717,0.7241513133049011
2226,2226,3.594125270843506,3.5753591060638428,0.0002,2.6782974871192144,0.37018799781799316,0.0902204776648432,0.09100417466834188,0.7245601564645767
2227,2227,3.569849729537964,3.4889283180236816,0.0002,2.68641825698626,0.36923208832740784,0.09022596827708185,0.09100985061377287,0.7249763309955597
2228,2228,3.524191379547119,3.6183815002441406,0.0002,2.5024529636401676,0.3734080493450165,0.0902144918218255,0.09100216184742749,0.7253900170326233
2229,2229,3.5055365562438965,3.576382637023926,0.0002,2.530324614620374,0.36915938556194305,0.09021081659011543,0.09100060374476016,0.7257994562387466
2230,2230,3.5474729537963867,3.5383048057556152,0.0002,2.553486956198009,0.37163064628839493,0.09021396050229669,0.09099958254955709,0.726213663816452
2231,2231,3.5702037811279297,3.5687203407287598,0.0002,2.5780758327472233,0.3707460016012192,0.09021028270944953,0.09099601302295923,0.7266242057085037
2232,2232,3.5681848526000977,3.541194438934326,0.0002,2.597232682188607,0.37196721136569977,0.09020976326428354,0.09099710383452475,0.727040246129036
2233,2233,3.5428593158721924,3.654118537902832,0.0002,2.620031917164739,0.3687584921717644,0.09021108457818627,0.09099765587598085,0.7274568378925323
2234,2234,3.648378849029541,3.6756978034973145,0.0002,2.636498538212434,0.37161633372306824,0.09020220139063895,0.09099482442252338,0.7278761714696884
2235,2235,3.556554079055786,3.565368175506592,0.0002,2.648679956515307,0.37092075496912,0.09018647903576493,0.09098075050860643,0.7282890677452087
2236,2236,3.5103750228881836,3.5345780849456787,0.0002,2.6637348914751366,0.37199998646974564,0.09018212254159153,0.09098186669871211,0.7287001758813858
2237,2237,3.479130744934082,3.528367757797241,0.0002,2.6741132092063613,0.36766698956489563,0.09019041759893298,0.09098332328721881,0.7291074097156525
2238,2238,3.557016372680664,3.552825689315796,0.0002,2.687008256427938,0.3736571818590164,0.09017985197715461,0.09097462077625096,0.7295034229755402
2239,2239,3.5400192737579346,3.549759864807129,0.0002,2.698252887504258,0.37250877916812897,0.09018148155882955,0.09098026342689991,0.7299042493104935
2240,2240,3.4977922439575195,3.62833833694458,0.0002,2.7054537871795796,0.37065035104751587,0.09018120751716197,0.09097902639769018,0.730299323797226
2241,2241,3.4900870323181152,3.5548133850097656,0.0002,2.7174963188841703,0.3697274625301361,0.09019086649641395,0.09098453586921096,0.7306972146034241
2242,2242,3.533311367034912,3.5671000480651855,0.0002,2.723924792913985,0.369295597076416,0.09018099261447787,0.09097022167406976,0.7310887277126312
2243,2243,3.547929048538208,3.538651943206787,0.0002,2.7319742635819355,0.3733721449971199,0.09016163018532097,0.09097509551793337,0.7314935922622681
2244,2244,3.583988666534424,3.5489017963409424,0.0002,2.7350692557534537,0.3707887977361679,0.09018416982144117,0.09097468899562955,0.7318940311670303
2245,2245,3.569462537765503,3.5611648559570312,0.0002,2.737486583806109,0.37091629952192307,0.0901611503213644,0.09096830990165472,0.7322977781295776
2246,2246,3.5772898197174072,3.5371594429016113,0.0002,2.7397015783551373,0.3692009523510933,0.09016601485200226,0.09096382977440953,0.7327049523591995
2247,2247,3.5323424339294434,3.556701183319092,0.0002,2.741783763030108,0.3734093979001045,0.09017339488491416,0.09096769732423127,0.7331124991178513
2248,2248,3.5068557262420654,3.568319797515869,0.0002,2.743940602330125,0.3714675083756447,0.09016488352790475,0.09096592012792826,0.7335184514522552
2249,2249,3.5769755840301514,3.611093044281006,0.0002,2.7493580218390603,0.37417086213827133,0.09014782519079745,0.09095359593629837,0.7339217811822891
2250,2250,3.5122904777526855,3.5238847732543945,0.0002,2.754363170862685,0.3727608472108841,0.09015393955633044,0.09096570825204253,0.7343344837427139
2251,2251,3.4943604469299316,3.5390048027038574,0.0002,2.7557127909815406,0.37252426892518997,0.0901564066298306,0.09096080902963877,0.7347391247749329
2252,2252,3.5201919078826904,3.588277816772461,0.0002,2.7612383558975226,0.370183102786541,0.09015443176031113,0.09095816081389785,0.7351458370685577
2253,2253,3.567347526550293,3.57220458984375,0.0002,2.7650734944318445,0.37413521856069565,0.09013126813806593,0.09094786993227899,0.7355546355247498
2254,2254,3.5881361961364746,3.598769426345825,0.0002,2.7650594954737473,0.37422773987054825,0.09015945438295603,0.09096019365824759,0.7359667867422104
2255,2255,3.5325372219085693,3.598660945892334,0.0002,2.7686342354635727,0.37252188473939896,0.09015378076583147,0.09095268999226391,0.7363745272159576
2256,2256,3.595458984375,3.5321669578552246,0.0002,2.7722025886908472,0.3722883239388466,0.09013835643418133,0.09094127221032977,0.7367799580097198
2257,2257,3.5073909759521484,3.5131759643554688,0.0002,2.7716042982268663,0.37525518238544464,0.09014603937976062,0.09095555986277759,0.7371954768896103
2258,2258,3.5325684547424316,3.569007158279419,0.0002,2.77378351151524,0.3746715188026428,0.09014196903444827,0.09094697865657508,0.7375992238521576
2259,2259,3.522095203399658,3.598266124725342,0.0002,2.773615676768406,0.3774224668741226,0.09013093216344714,0.09092758782207966,0.7380016893148422
2260,2260,3.6311957836151123,3.5629096031188965,0.0002,2.7784145523102843,0.3761388957500458,0.09012459241785109,0.09093770361505449,0.738409236073494
2261,2261,3.544222831726074,3.5635244846343994,0.0002,2.7794682028616204,0.37287382036447525,0.09012310137040913,0.09093357040546834,0.738812729716301
2262,2262,3.533154010772705,3.5731382369995117,0.0002,2.7775726298053005,0.3745880648493767,0.09012924483977258,0.09093305212445557,0.739215299487114
2263,2263,3.546513080596924,3.600034236907959,0.0002,2.775742903298212,0.37787865847349167,0.0901238729711622,0.0909366577398032,0.7396195232868195
2264,2264,3.6191000938415527,3.546175479888916,0.0002,2.776344494467213,0.37725793570280075,0.090125527465716,0.09092461923137307,0.7400239109992981
2265,2265,3.543250560760498,3.524707317352295,0.0002,2.7769459983327693,0.3717411383986473,0.09011927689425647,0.09093054779805243,0.7404347062110901
2266,2266,3.6226136684417725,3.5438461303710938,0.0002,2.7753607075826316,0.3747672215104103,0.09009787323884666,0.0909129346255213,0.740840345621109
2267,2267,3.4976863861083984,3.6291637420654297,0.0002,2.7772933150217805,0.37710418552160263,0.09009477240033448,0.09090907056815922,0.7412495911121368
2268,2268,3.5379061698913574,3.5280089378356934,0.0002,2.7767181821345956,0.3752322345972061,0.09008837980218232,0.09090157574974,0.7416503429412842
2269,2269,3.541994571685791,3.5653014183044434,0.0002,2.7790639285544687,0.3739175647497177,0.09009799221530557,0.09091361053287983,0.7420520335435867
2270,2270,3.5952024459838867,3.548536777496338,0.0002,2.777717928463437,0.3730648383498192,0.09008660027757287,0.09090815088711679,0.7424528300762177
2271,2271,3.522780418395996,3.523935317993164,0.0002,2.781853916953204,0.37439531087875366,0.09008687688037753,0.0909023741260171,0.74285489320755
2272,2272,3.6073591709136963,3.6369500160217285,0.0002,2.7828120390928692,0.3751014247536659,0.09006589348427951,0.09088551136665046,0.7432558685541153
2273,2273,3.478926658630371,3.607501983642578,0.0002,2.784112938212715,0.3792014569044113,0.09007504465989769,0.09089028602465987,0.743654653429985
2274,2274,3.516857147216797,3.5485620498657227,0.0002,2.7860904758500813,0.3716261684894562,0.09007930685766041,0.09089432563632727,0.7440474033355713
2275,2275,3.5116820335388184,3.553616523742676,0.0002,2.7846367309305085,0.3770008459687233,0.09007818344980478,0.0908922569360584,0.7444498687982559
2276,2276,3.556483268737793,3.5882017612457275,0.0002,2.782112632079208,0.37461815029382706,0.09005590761080384,0.09087688708677888,0.7448506951332092
2277,2277,3.5272762775421143,3.5031356811523438,0.0002,2.7784244501774484,0.37819477170705795,0.09005009778775275,0.09087102324701846,0.745249330997467
2278,2278,3.5172500610351562,3.4883599281311035,0.0002,2.7728299175764635,0.37870698422193527,0.09005219023674726,0.09087353339418769,0.7456423193216324
2279,2279,3.5947179794311523,3.5336313247680664,0.0002,2.5722882000301652,0.37598618119955063,0.09004597645252943,0.0908634562510997,0.7460383176803589
2280,2280,3.50612211227417,3.563314914703369,0.0002,2.594679686389212,0.37541843950748444,0.09005480213090777,0.09087019111029804,0.7464303225278854
2281,2281,3.530010223388672,3.5846331119537354,0.0002,2.615824461303454,0.3798959255218506,0.09004475409165025,0.09086213470436633,0.7468200027942657
2282,2282,3.516047477722168,3.602139472961426,0.0002,2.6339758695045448,0.3720378652215004,0.09002838027663529,0.09085315116681159,0.7472036778926849
2283,2283,3.509922742843628,3.4985480308532715,0.0002,2.6479026086262714,0.375184066593647,0.0900406981818378,0.09086603415198624,0.7475990355014801
2284,2284,3.5928494930267334,3.6059341430664062,0.0002,2.6639346255260996,0.3764427751302719,0.09002781170420349,0.0908436719328165,0.7479829490184784
2285,2285,3.5124306678771973,3.5177502632141113,0.0002,2.677455084156765,0.3783339336514473,0.09002067428082228,0.09083855641074479,0.74837926030159
2286,2286,3.5561017990112305,3.532926082611084,0.0002,2.6896696763745003,0.3754763975739479,0.09001704794354737,0.09084355225786567,0.7487702369689941
2287,2287,3.5205283164978027,3.571732521057129,0.0002,2.697715661478158,0.37969041615724564,0.0900108371861279,0.09083012212067842,0.7491599917411804
2288,2288,3.5420966148376465,3.544188976287842,0.0002,2.7082064276041895,0.3761392906308174,0.0900007898453623,0.09082978637889028,0.7495575845241547
2289,2289,3.5020790100097656,3.5487279891967773,0.0002,2.7139604695099746,0.3759273663163185,0.08999288105405867,0.09081883146427572,0.7499497532844543
2290,2290,3.45988130569458,3.506007194519043,0.0002,2.7229690744453845,0.3755418509244919,0.0899847918190062,0.09081237227655947,0.7503427565097809
2291,2291,3.558077335357666,3.550985336303711,0.0002,2.73342660082192,0.37569936364889145,0.0899806385859847,0.09080720343627036,0.7507358193397522
2292,2292,3.5278849601745605,3.519674301147461,0.0002,2.7385136353965294,0.3797118365764618,0.08998620952479541,0.09081047330982983,0.7511292845010757
2293,2293,3.5404834747314453,3.569587469100952,0.0002,2.744142176130554,0.3777889385819435,0.08997829514555633,0.09080245671793818,0.7515226304531097
2294,2294,3.457254409790039,3.495232105255127,0.0002,2.746727676838649,0.3792068809270859,0.08998109679669142,0.09080618503503501,0.7519205808639526
2295,2295,3.5968034267425537,3.615635871887207,0.0002,2.7522190574096417,0.37858880311250687,0.08997294236905873,0.09079653746448457,0.7523213624954224
2296,2296,3.5641965866088867,3.588010311126709,0.0002,2.758766789366725,0.3787972554564476,0.089963567443192,0.09079137910157442,0.752722442150116
2297,2297,3.5658669471740723,3.5635147094726562,0.0002,2.763566247547324,0.3774590417742729,0.08995477319695055,0.09078635321930051,0.7531286031007767
2298,2298,3.5974066257476807,3.5828192234039307,0.0002,2.766080135636052,0.37955987453460693,0.08993701031431556,0.09076582198031247,0.753528043627739
2299,2299,3.581928253173828,3.507863998413086,0.0002,2.7703726305743657,0.37683553993701935,0.08994585555046797,0.09077332983724773,0.7539329826831818
2300,2300,3.5488386154174805,3.545997142791748,0.0002,2.7700475497395023,0.37951675802469254,0.08994388207793236,0.09077520715072751,0.7543376982212067
2301,2301,3.548340082168579,3.703373908996582,0.0002,2.7723308571993277,0.3785370662808418,0.08992551243864,0.09075666824355721,0.7547406852245331
2302,2302,3.5342824459075928,3.605921506881714,0.0002,2.7724408906567772,0.3806164264678955,0.08991686883382499,0.09075204096734524,0.7551473677158356
2303,2303,3.5340263843536377,3.5304198265075684,0.0002,2.777325208296917,0.37786664068698883,0.08992706332355738,0.0907508300151676,0.7555533945560455
2304,2304,3.576338291168213,3.5419394969940186,0.0002,2.7775818446518095,0.38003068417310715,0.08991689677350223,0.09074936155229807,0.7559589743614197
2305,2305,3.5521633625030518,3.54244327545166,0.0002,2.776863085561878,0.3790280297398567,0.08989501860924065,0.09072647290304303,0.7563553154468536
2306,2306,3.5326762199401855,3.5820255279541016,0.0002,2.779593860480685,0.3773747831583023,0.08988384390249848,0.09072320070117712,0.7567556351423264
2307,2307,3.5419845581054688,3.512454032897949,0.0002,2.781192986500132,0.3773817867040634,0.08988776104524732,0.09071856481023133,0.7571481615304947
2308,2308,3.5668962001800537,3.537003755569458,0.0002,2.780181524288004,0.38085485249757767,0.08984949463047087,0.09070095769129694,0.7575351148843765
2309,2309,3.5104176998138428,3.4750635623931885,0.0002,2.7820480164060197,0.37879474461078644,0.08988782833330333,0.09071919624693692,0.7579277157783508
2310,2310,3.5391781330108643,3.54313325881958,0.0002,2.5894266601378684,0.37875762581825256,0.08987155091017485,0.09071434172801673,0.7583169043064117
2311,2311,3.5489115715026855,3.501819133758545,0.0002,2.6090976584253585,0.381913959980011,0.0898539749905467,0.0906973541714251,0.7587074935436249
2312,2312,3.5146536827087402,3.598308563232422,0.0002,2.6243245978110923,0.3766220584511757,0.08986145653761923,0.09070007735863328,0.7591117769479752
2313,2313,3.5213489532470703,3.611227512359619,0.0002,2.642060798983839,0.3795550987124443,0.08984610228799284,0.0906801933888346,0.759512647986412
2314,2314,3.4869225025177,3.5752575397491455,0.0002,2.6583249317671696,0.3816954642534256,0.08983354386873543,0.09066670830361545,0.759909063577652
2315,2315,3.528716802597046,3.547028064727783,0.0002,2.6691419049744667,0.38050323724746704,0.08984071668237448,0.09067481430247426,0.7603151649236679
2316,2316,3.562872886657715,3.562453031539917,0.0002,2.6833881709961664,0.3798312842845917,0.08981950068846345,0.09065415104851127,0.7607052624225616
2317,2317,3.5035290718078613,3.570113182067871,0.0002,2.6948428297068294,0.3825801610946655,0.08979464718140662,0.09063575346954167,0.7610934525728226
2318,2318,3.496274948120117,3.5786566734313965,0.0002,2.7058468505499382,0.38153553009033203,0.08980609616264701,0.09065067931078374,0.7614886909723282
2319,2319,3.48187255859375,3.523858070373535,0.0002,2.7156058055664847,0.3812628611922264,0.08979607070796192,0.09064042242243886,0.7618718892335892
2320,2320,3.4667611122131348,3.5344786643981934,0.0002,2.7207001916456792,0.378995880484581,0.08978008758276701,0.09062862978316844,0.7622613161802292
2321,2321,3.585740804672241,3.751143217086792,0.0002,2.730695671497242,0.38256338238716125,0.08979240502230823,0.09063432645052671,0.7626621276140213
2322,2322,3.5314669609069824,3.5496666431427,0.0002,2.7386741225789346,0.37892741709947586,0.08978203451260924,0.09061745926737785,0.7630479484796524
2323,2323,3.5479843616485596,3.550753593444824,0.0002,2.743500728495891,0.38230495154857635,0.08976066601462662,0.09060337860137224,0.763438805937767
2324,2324,3.617342948913574,3.5847110748291016,0.0002,2.7492809632918718,0.38041407614946365,0.08976830705069005,0.09060655580833554,0.763833537697792
2325,2325,3.474400520324707,3.5024971961975098,0.0002,2.7508396248809683,0.37961021065711975,0.08977158344350755,0.09061091858893633,0.7642263919115067
2326,2326,3.506213665008545,3.597870111465454,0.0002,2.755794641214742,0.3826312869787216,0.0897480882704258,0.09059292706660926,0.7646196335554123
2327,2327,3.475714921951294,3.5338003635406494,0.0002,2.761533653430771,0.3836919069290161,0.08973449119366705,0.09058052324689925,0.7650117576122284
2328,2328,3.503492832183838,3.507673501968384,0.0002,2.765498189558087,0.3832041993737221,0.08972769905813038,0.09057319862768054,0.7654019147157669
2329,2329,3.533559799194336,3.5462393760681152,0.0002,2.769350762318274,0.3807479366660118,0.08972566644661129,0.09057509014382958,0.7657976299524307
2330,2330,3.527834415435791,3.561868190765381,0.0002,2.769034355101419,0.3810688331723213,0.08972624060697854,0.09057852230034769,0.7661946713924408
2331,2331,3.5922179222106934,3.5652551651000977,0.0002,2.767958911160147,0.37941085547208786,0.08970832847990096,0.09055404341779649,0.7665878981351852
2332,2332,3.59257435798645,3.6085166931152344,0.0002,2.770552019025427,0.383291520178318,0.08971654786728323,0.09056147024966776,0.7669980376958847
2333,2333,3.5823426246643066,3.5498530864715576,0.0002,2.7705549970088157,0.3811861202120781,0.08969234768301249,0.0905498187057674,0.7674031555652618
2334,2334,3.5294177532196045,3.558877944946289,0.0002,2.7739041491943417,0.3843119218945503,0.08966493885964155,0.0905168114695698,0.7678064554929733
2335,2335,3.5112571716308594,3.5199825763702393,0.0002,2.7778560995561263,0.3819219246506691,0.0896947798319161,0.0905383387580514,0.7682230621576309
2336,2336,3.5291788578033447,3.539271354675293,0.0002,2.780139904746173,0.38188523799180984,0.0896728946827352,0.09052739688195288,0.7686251401901245
2337,2337,3.642740249633789,3.5696935653686523,0.0002,2.7823476103302087,0.38059359043836594,0.08967481064610183,0.09053173405118287,0.7690322995185852
2338,2338,3.498569965362549,3.490856409072876,0.0002,2.7847074856628273,0.38417497277259827,0.08966624550521374,0.09051557187922299,0.7694384157657623
2339,2339,3.4943859577178955,3.515446186065674,0.0002,2.7827575599943426,0.3844531401991844,0.08966555004008114,0.09051592764444649,0.7698479443788528
2340,2340,3.512619733810425,3.558444023132324,0.0002,2.7843991036457525,0.3816607594490051,0.08966464130207896,0.09050889895297587,0.7702497839927673
2341,2341,3.479008913040161,3.5470008850097656,0.0002,2.788859639939311,0.3817879632115364,0.08964561275206506,0.09049682784825563,0.7706541121006012
2342,2342,3.5305776596069336,3.4854736328125,0.0002,2.7889045610193666,0.3833027333021164,0.08965577045455575,0.09050252288579941,0.7710606157779694
2343,2343,3.4951324462890625,3.552522659301758,0.0002,2.7902448302277256,0.38295480608940125,0.08964775083586574,0.0905022555962205,0.7714665532112122
2344,2344,3.518080711364746,3.543450355529785,0.0002,2.787690625081558,0.3856680691242218,0.08964307582937181,0.09049295377917588,0.7718727588653564
2345,2345,3.512186288833618,3.6283340454101562,0.0002,2.7889842135198126,0.3859715461730957,0.08964041993021965,0.09048617538064718,0.772278904914856
2346,2346,3.515272855758667,3.4548332691192627,0.0002,2.786503347110601,0.38342417776584625,0.08963711909018457,0.09048995049670339,0.7726877927780151
2347,2347,3.5277013778686523,3.5349340438842773,0.0002,2.5888229047498537,0.3849967420101166,0.08962009195238352,0.0904727946035564,0.7730943709611893
2348,2348,3.5365138053894043,3.547685146331787,0.0002,2.6079730958299825,0.3856123238801956,0.08962392574176192,0.09048047591932118,0.7735050022602081
2349,2349,3.5422701835632324,3.5843913555145264,0.0002,2.627294815506077,0.38584907352924347,0.08961515291593969,0.09046777221374214,0.7739122658967972
2350,2350,3.4691684246063232,3.5512096881866455,0.0002,2.6412951257354185,0.38834913074970245,0.08958542044274509,0.09044933528639376,0.7743143290281296
2351,2351,3.5137481689453125,3.6429808139801025,0.0002,2.659409614367983,0.3861934617161751,0.08958151424303651,0.09044694644398987,0.7747166901826859
2352,2352,3.491152286529541,3.483811140060425,0.0002,2.672101285495931,0.3878871276974678,0.08958719414658844,0.09043002920225263,0.7751093059778214
2353,2353,3.4978513717651367,3.5384552478790283,0.0002,2.684377797298691,0.38636644929647446,0.08957584062591195,0.09043178102001548,0.7755017280578613
2354,2354,3.54595947265625,3.530552864074707,0.0002,2.693036817679202,0.38690291345119476,0.08956547686830163,0.09041771781630814,0.775882214307785
2355,2355,3.496709108352661,3.520707607269287,0.0002,2.703289401428181,0.3865840807557106,0.0895678298547864,0.0904232352040708,0.7762668132781982
2356,2356,3.5035831928253174,3.4854159355163574,0.0002,2.7101433680708364,0.3844440430402756,0.08955062855966389,0.09040790772996843,0.7766442000865936
2357,2357,3.5276622772216797,3.5304818153381348,0.0002,2.7151507092012483,0.38416966795921326,0.08955608704127371,0.09041261300444603,0.7770375609397888
2358,2358,3.531116008758545,3.5720577239990234,0.0002,2.7241985926909256,0.3818504363298416,0.08953818422742188,0.09039471484720707,0.7774202972650528
2359,2359,3.485276460647583,3.5231916904449463,0.0002,2.733839658427569,0.3860599845647812,0.08951144455932081,0.09037278057076037,0.7778087854385376
2360,2360,3.5412757396698,3.570085287094116,0.0002,2.739408944378261,0.38693656027317047,0.08950839890167117,0.0903757291380316,0.7782082408666611
2361,2361,3.4893581867218018,3.583235025405884,0.0002,2.7457371560626727,0.3880424126982689,0.08947926852852106,0.09034277847968042,0.7785882651805878
2362,2362,3.5515036582946777,3.5661792755126953,0.0002,2.7477205352993956,0.3842818960547447,0.08947482611984015,0.0903384555131197,0.7789718210697174
2363,2363,3.5430169105529785,3.406813144683838,0.0002,2.7536178253491537,0.3871147334575653,0.08947948459535837,0.09034143993631005,0.7793601751327515
2364,2364,3.410588502883911,3.5170459747314453,0.0002,2.5635091530174905,0.3852660283446312,0.08945755450986326,0.09032237972132862,0.779737800359726
2365,2365,3.5687708854675293,3.5169425010681152,0.0002,2.5858924502107934,0.3875102400779724,0.08944330527447164,0.09030959196388721,0.780117467045784
2366,2366,3.589289665222168,3.4872984886169434,0.0002,2.605776361651354,0.3857383504509926,0.08944486011750996,0.09030139888636768,0.7805035412311554
2367,2367,3.526909351348877,3.573998212814331,0.0002,2.621281739383797,0.38897790014743805,0.08942658267915249,0.09029030823148787,0.7808844596147537
2368,2368,3.5220108032226562,3.5031161308288574,0.0002,2.6382287789344683,0.38682565093040466,0.08941147127188742,0.09026970248669386,0.7812730818986893
2369,2369,3.4552299976348877,3.5832877159118652,0.0002,2.651636299777563,0.3838264122605324,0.08939999574795365,0.09026886406354606,0.7816615849733353
2370,2370,3.452910900115967,3.5009713172912598,0.0002,2.666696623116821,0.38392920792102814,0.08939436753280461,0.09025778411887586,0.7820450663566589
2371,2371,3.4633209705352783,3.4813756942749023,0.0002,2.6764203577896177,0.3807152956724167,0.08938895585015416,0.09024990699253976,0.7824361026287079
2372,2372,3.5410513877868652,3.5285377502441406,0.0002,2.684883248215033,0.38551025092601776,0.08937825169414282,0.09023939096368849,0.7828377932310104
2373,2373,3.5659327507019043,3.484002113342285,0.0002,2.695731201966624,0.3874743729829788,0.08935250877402723,0.09022280853241682,0.783236563205719
2374,2374,3.559699058532715,3.506298780441284,0.0002,2.703424938856574,0.3884074538946152,0.08934942819178104,0.09020806569606066,0.7836366891860962
2375,2375,3.479851722717285,3.5246007442474365,0.0002,2.7151079264252997,0.3848157078027725,0.0893481676466763,0.09020977606996894,0.7840433865785599
2376,2376,3.494452714920044,3.5363354682922363,0.0002,2.7224475283565504,0.3862331658601761,0.08933845604769886,0.09019752335734665,0.7844433337450027
2377,2377,3.4653751850128174,3.556734323501587,0.0002,2.726514944898635,0.38931722939014435,0.08930908073671162,0.09016579180024564,0.7848371863365173
2378,2378,3.544771432876587,3.605482578277588,0.0002,2.7342093497036895,0.3882559463381767,0.08930828864686191,0.09017203166149557,0.7852361351251602
2379,2379,3.4756765365600586,3.610758066177368,0.0002,2.7365103770511348,0.38644105195999146,0.08930341736413538,0.09017376485280693,0.7856279909610748
2380,2380,3.5111052989959717,3.555654287338257,0.0002,2.7382953203964324,0.3890352174639702,0.089281823951751,0.090153997996822,0.7860116213560104
2381,2381,3.4703369140625,3.5731005668640137,0.0002,2.7412021842986016,0.384952187538147,0.08928473386913538,0.09015179960988462,0.7864072769880295
2382,2382,3.440350294113159,3.615407943725586,0.0002,2.747644920278544,0.3912375941872597,0.0892591814044863,0.09013246954418719,0.7867952436208725
2383,2383,3.4379758834838867,3.4903182983398438,0.0002,2.752367068603043,0.38758937269449234,0.08927763323299587,0.09014805522747338,0.7871986925601959
2384,2384,3.5004806518554688,3.594560146331787,0.0002,2.7544624258439003,0.3900791183114052,0.08925453550182283,0.09012214513495564,0.7875879853963852
2385,2385,3.512026309967041,3.556766986846924,0.0002,2.7610348057005423,0.38740137964487076,0.0892289625480771,0.09010548470541835,0.7879856526851654
2386,2386,3.4431471824645996,3.5908641815185547,0.0002,2.764081558838219,0.39069273322820663,0.08922254457138479,0.09009331068955362,0.7883839309215546
2387,2387,3.5386786460876465,3.545844793319702,0.0002,2.7638144920704133,0.38570303469896317,0.08922188682481647,0.09009349020197988,0.7887846976518631
2388,2388,3.494028329849243,3.4963691234588623,0.0002,2.7668287735419685,0.3892971873283386,0.08922334969975054,0.09009843599051237,0.7891821414232254
2389,2389,3.563969612121582,3.5213990211486816,0.0002,2.7657957614809114,0.3851309195160866,0.08918787003494799,0.09006195538677275,0.7895657271146774
2390,2390,3.5433030128479004,3.607811450958252,0.0002,2.7632160051588115,0.3893483504652977,0.08919177460484207,0.09005757956765592,0.7899646759033203
2391,2391,3.5141496658325195,3.493130683898926,0.0002,2.763134168046148,0.38549644500017166,0.08917628228664398,0.09004963003098965,0.7903625220060349
2392,2392,3.558441638946533,3.4774889945983887,0.0002,2.7653764110004935,0.38532184064388275,0.0891785433050245,0.0900429745670408,0.7907549887895584
2393,2393,3.570272445678711,3.548373222351074,0.0002,2.767976684088611,0.38760165870189667,0.08916619536466897,0.09004208794794977,0.7911569029092789
2394,2394,3.5474019050598145,3.561075210571289,0.0002,2.7688819052471025,0.3866058886051178,0.08914583479054272,0.09001716412603855,0.7915487140417099
2395,2395,3.490953207015991,3.4984209537506104,0.0002,2.767939855462296,0.388541579246521,0.08912872918881476,0.08999998541548848,0.7919382452964783
2396,2396,3.5117101669311523,3.526012897491455,0.0002,2.7712107755592554,0.387203611433506,0.08914632024243474,0.09001292171888053,0.7923401296138763
2397,2397,3.5137150287628174,3.6374664306640625,0.0002,2.774574609552085,0.3880549520254135,0.08911774912849069,0.08999400539323688,0.7927246540784836
2398,2398,3.522355079650879,3.584068536758423,0.0002,2.77394273158564,0.38923977315425873,0.08910037647001445,0.08997811283916235,0.7931085526943207
2399,2399,3.542435646057129,3.476256847381592,0.0002,2.778967748676167,0.3923884630203247,0.0890943706035614,0.0899653525557369,0.7934972792863846
2400,2400,3.4787983894348145,3.5737228393554688,0.0002,2.7796221726799986,0.3844863921403885,0.08909243415109813,0.08996693207882345,0.7938786745071411
2401,2401,3.527574062347412,3.4911532402038574,0.0002,2.7819832641116,0.38737763464450836,0.08907455927692354,0.08994704415090382,0.7942567616701126
2402,2402,3.510148763656616,3.488753080368042,0.0002,2.780221163049047,0.3895229697227478,0.08906001853756607,0.08993851160630584,0.7946378290653229
2403,2403,3.4921624660491943,3.5028491020202637,0.0002,2.7820161531899124,0.3875110149383545,0.08903415314853191,0.08990856050513685,0.795007511973381
2404,2404,3.4338836669921875,3.4903202056884766,0.0002,2.78040791417612,0.3898080810904503,0.08904776745475829,0.08991557941772044,0.7953894585371017
2405,2405,3.543006420135498,3.579585552215576,0.0002,2.784912572409526,0.390975683927536,0.08902151742950082,0.0898980600759387,0.7957578897476196
2406,2406,3.461897850036621,3.5026936531066895,0.0002,2.787169937155067,0.3888091966509819,0.08902636519633234,0.08990419073961675,0.7961556315422058
2407,2407,3.527193069458008,3.58894681930542,0.0002,2.786978494980258,0.38908424228429794,0.08898685500025749,0.08987098559737206,0.7965277284383774
2408,2408,3.5223796367645264,3.5502641201019287,0.0002,2.78794253792433,0.3886158987879753,0.08898493694141507,0.08986626262776554,0.7969232946634293
2409,2409,3.455427646636963,3.521376609802246,0.0002,2.7861491052730782,0.39162206649780273,0.08898145146667957,0.08985299477353692,0.7973179668188095
2410,2410,3.4934239387512207,3.6305830478668213,0.0002,2.788090361095819,0.3886982500553131,0.0889789373613894,0.08985319244675338,0.7977285385131836
2411,2411,3.51377534866333,3.507267475128174,0.0002,2.7915001391237246,0.38920797407627106,0.0889477136079222,0.08983011962845922,0.7981244176626205
2412,2412,3.500349521636963,3.58286452293396,0.0002,2.7913626661629563,0.3863868862390518,0.08893182361498475,0.08981347642838955,0.7985333651304245
2413,2413,3.502277374267578,3.5278372764587402,0.0002,2.788287504615184,0.3888358101248741,0.08893048763275146,0.08980428450740874,0.7989366203546524
2414,2414,3.635199546813965,3.5396270751953125,0.0002,2.7896003410939487,0.38921304792165756,0.08891340508125722,0.08979805139824748,0.7993491291999817
2415,2415,3.5357577800750732,3.524639129638672,0.0002,2.7870018658386573,0.38821280747652054,0.08891535247676075,0.08979011978954077,0.7997583150863647
2416,2416,3.5143675804138184,3.5352749824523926,0.0002,2.7883361495542642,0.38825881481170654,0.08889510692097247,0.0897656639572233,0.800160676240921
2417,2417,3.6065287590026855,3.466553211212158,0.0002,2.7860926121959264,0.3928125873208046,0.0888724341057241,0.08975209528580308,0.8005651831626892
2418,2418,3.4707369804382324,3.5109951496124268,0.0002,2.7868959123174855,0.3900015652179718,0.08886533346958458,0.08974970784038305,0.8009683042764664
2419,2419,3.438387870788574,3.509049892425537,0.0002,2.785361623751172,0.3891286700963974,0.08886236604303122,0.08974076015874743,0.80136439204216
2420,2420,3.529322624206543,3.5504863262176514,0.0002,2.788814365280772,0.3892868459224701,0.0888664978556335,0.08974743634462357,0.80177441239357
2421,2421,3.5196611881256104,3.5797762870788574,0.0002,2.788985755960799,0.39101602882146835,0.0888361856341362,0.08970877970568836,0.8021628111600876
2422,2422,3.5231316089630127,3.597198486328125,0.0002,2.789625474776456,0.3893231824040413,0.08884418057277799,0.08972761104814708,0.8025829941034317
2423,2423,3.5176329612731934,3.621279716491699,0.0002,2.787818229964246,0.3928466737270355,0.08882267493754625,0.08969328226521611,0.8029725253582001
2424,2424,3.5734503269195557,3.4459056854248047,0.0002,2.789086657730845,0.3887756019830704,0.08881300315260887,0.08969888230785728,0.803381085395813
2425,2425,3.5335006713867188,3.595932960510254,0.0002,2.7864561477420557,0.3899243324995041,0.08880534954369068,0.08968448685482144,0.8037826120853424
2426,2426,3.5061357021331787,3.493335247039795,0.0002,2.7880886713973143,0.3910449519753456,0.08879888663068414,0.08968308451585472,0.8041868358850479
2427,2427,3.5401759147644043,3.6451773643493652,0.0002,2.785784143052674,0.39174676686525345,0.08879027422517538,0.08967122016474605,0.8045916855335236
2428,2428,3.4598264694213867,3.5825300216674805,0.0002,2.7883707301186313,0.38828588277101517,0.08877559518441558,0.08965622074902058,0.8049918711185455
2429,2429,3.473977565765381,3.5698790550231934,0.0002,2.789216909370209,0.3887767419219017,0.08876442746259272,0.0896430192515254,0.8053947985172272
2430,2430,3.430576801300049,3.6786997318267822,0.0002,2.7864998895671977,0.39060375839471817,0.08875744510442019,0.08964421902783215,0.8058075606822968
2431,2431,3.487332820892334,3.4980547428131104,0.0002,2.7839953737534375,0.3905201852321625,0.08872685465030372,0.08961756993085146,0.8062057644128799
2432,2432,3.504213333129883,3.5702619552612305,0.0002,2.7856010048201547,0.39188745617866516,0.08873401512391865,0.08961816434748471,0.8066101372241974
2433,2433,3.547830581665039,3.4917261600494385,0.0002,2.783394779225195,0.39106837660074234,0.0887320430483669,0.08961003180593252,0.8070093840360641
2434,2434,3.474064826965332,3.546250104904175,0.0002,2.785278125985964,0.3922351375222206,0.08871586201712489,0.08959639142267406,0.8074017763137817
2435,2435,3.472198486328125,3.5686087608337402,0.0002,2.7871753084472197,0.3915032669901848,0.08870606496930122,0.08959225472062826,0.8078029155731201
2436,2436,3.489924907684326,3.560244083404541,0.0002,2.7905987692136014,0.3930652439594269,0.08870443422347307,0.08959325077012181,0.808205246925354
2437,2437,3.467001438140869,3.4985275268554688,0.0002,2.7947191385724155,0.3917984068393707,0.08867272362112999,0.08957196795381606,0.8086013346910477
2438,2438,3.520944595336914,3.590916872024536,0.0002,2.7922348125955296,0.3904206156730652,0.08868177072145045,0.08956293086521327,0.809007078409195
2439,2439,3.517143726348877,3.522944450378418,0.0002,2.792665355192607,0.3973093330860138,0.08867038204334676,0.0895491389092058,0.8094030320644379
2440,2440,3.577491521835327,3.492506504058838,0.0002,2.7906314277339237,0.39463119208812714,0.0886452968697995,0.08951875264756382,0.8097860366106033
2441,2441,3.5425031185150146,3.4905834197998047,0.0002,2.7914912155718916,0.38943254947662354,0.08864148613065481,0.08952340856194496,0.8101730048656464
2442,2442,3.5890562534332275,3.474795341491699,0.0002,2.788972861178294,0.3921136260032654,0.08864898490719497,0.08953385823406279,0.8105682283639908
2443,2443,3.523829936981201,3.540436267852783,0.0002,2.7912871696384167,0.3913934528827667,0.08861916163004935,0.08951017819344997,0.8109506815671921
2444,2444,3.5250918865203857,3.525743007659912,0.0002,2.7917091019728995,0.3895869180560112,0.0886223460547626,0.08950582589022815,0.8113444000482559
2445,2445,3.4820735454559326,3.5359692573547363,0.0002,2.791752280414541,0.39791199564933777,0.08859098399989307,0.08948003221303225,0.8117285966873169
2446,2446,3.5596907138824463,3.502100706100464,0.0002,2.7902588835232196,0.3945578560233116,0.08857070910744369,0.08946130727417767,0.8121219128370285
2447,2447,3.496119976043701,3.5201361179351807,0.0002,2.7906612669600106,0.38974909484386444,0.08856614818796515,0.08945408905856311,0.8125100433826447
2448,2448,3.5290639400482178,3.4923739433288574,0.0002,2.788844319377355,0.3935677334666252,0.08856432023458183,0.08945519267581403,0.8129054456949234
2449,2449,3.5168981552124023,3.504664421081543,0.0002,2.7907289025415953,0.3915294259786606,0.08854731475003064,0.08942246111109853,0.8132751137018204
2450,2450,3.4770326614379883,3.619389057159424,0.0002,2.793367464704754,0.3921050727367401,0.08852677140384912,0.08941473602317274,0.8136616200208664
2451,2451,3.508793354034424,3.5611326694488525,0.0002,2.7932123156265183,0.3947618529200554,0.08850796869955957,0.08939253282733262,0.8140353113412857
2452,2452,3.5683460235595703,3.5137648582458496,0.0002,2.794095851843888,0.39275410771369934,0.08851913409307599,0.08941795374266803,0.8144309967756271
2453,2453,3.557590961456299,3.4737606048583984,0.0002,2.791160939021789,0.3970199450850487,0.08849175157956779,0.08938181004486978,0.8148009777069092
2454,2454,3.573741912841797,3.5044426918029785,0.0002,2.792119897347577,0.39470405876636505,0.08847532607614994,0.08936272631399333,0.8151803910732269
2455,2455,3.4204883575439453,3.5202791690826416,0.0002,2.7894111475376078,0.39418797194957733,0.08847241196781397,0.08935215813107789,0.8155650049448013
2456,2456,3.523315191268921,3.4849953651428223,0.0002,2.792746096761918,0.39695123583078384,0.0884614153765142,0.0893531374167651,0.8159558922052383
2457,2457,3.5369741916656494,3.5959062576293945,0.0002,2.7924437534112325,0.39592384546995163,0.08843939448706806,0.08932785480283201,0.8163400441408157
2458,2458,3.4457101821899414,3.549530029296875,0.0002,2.793357885655646,0.39266187697649,0.08842722233384848,0.0893213227391243,0.8167352676391602
2459,2459,3.5062029361724854,3.4936275482177734,0.0002,2.794547721235566,0.395624078810215,0.08840495208278298,0.08930392656475306,0.8171308636665344
2460,2460,3.4522600173950195,3.5250134468078613,0.0002,2.7915335678638313,0.3938632309436798,0.08838253817521036,0.08928316994570196,0.81751649081707
2461,2461,3.420279026031494,3.4801058769226074,0.0002,2.7925206700473866,0.39609548449516296,0.08838122244924307,0.08927135542035103,0.81790591776371
2462,2462,3.5391998291015625,3.495649576187134,0.0002,2.795841593361568,0.3943997174501419,0.08837379165925086,0.08926823106594384,0.8182979971170425
2463,2463,3.5200562477111816,3.6529622077941895,0.0002,2.794223268294873,0.39512232691049576,0.08834915491752326,0.08924258500337601,0.8186753541231155
2464,2464,3.4402756690979004,3.4565834999084473,0.0002,2.79195072396657,0.3931048959493637,0.0883502415381372,0.08924944908358157,0.8190699517726898
2465,2465,3.5191831588745117,3.5188307762145996,0.0002,2.788760904859801,0.3937365412712097,0.08832437265664339,0.08921356196515262,0.8194447606801987
2466,2466,3.446401357650757,3.5972044467926025,0.0002,2.785897732256002,0.3923870325088501,0.0883145104162395,0.08921720599755645,0.8198424577713013
2467,2467,3.653693199157715,3.6075868606567383,0.0002,2.787321015830825,0.3959408700466156,0.08830569102428854,0.08919671247713268,0.8202283829450607
2468,2468,3.5035290718078613,3.576754331588745,0.0002,2.7850712772961432,0.3941819667816162,0.08828268991783261,0.08917386690154672,0.8206118494272232
2469,2469,3.4832520484924316,3.536775827407837,0.0002,2.7868479334836502,0.39589986205101013,0.08827432082034647,0.08916579000651836,0.8210045695304871
2470,2470,3.4969265460968018,3.4714956283569336,0.0002,2.7845016483700453,0.39948785305023193,0.0882533045951277,0.0891478902194649,0.8213878273963928
2471,2471,3.5177001953125,3.5044631958007812,0.0002,2.7855033243069256,0.3932524025440216,0.08824515552259982,0.08913727477192879,0.8217785805463791
2472,2472,3.449768304824829,3.4683728218078613,0.0002,2.783691589275382,0.39122088998556137,0.08822106732986867,0.08911747601814568,0.8221617639064789
2473,2473,3.4502363204956055,3.5163817405700684,0.0002,2.7876042205874825,0.3963770493865013,0.08820876129902899,0.08910390385426581,0.8225473314523697
2474,2474,3.4921112060546875,3.4635019302368164,0.0002,2.7880041126522377,0.3943193703889847,0.08820734079927206,0.08909211354330182,0.8229373842477798
2475,2475,3.480982780456543,3.5061140060424805,0.0002,2.7885781161369128,0.3960158973932266,0.0881733347196132,0.08907706383615732,0.8233283013105392
2476,2476,3.4768853187561035,3.554990291595459,0.0002,2.7868502162536846,0.39437705278396606,0.08815592410974205,0.08905217819847167,0.8237174153327942
2477,2477,3.5190911293029785,3.537257671356201,0.0002,2.78456078761633,0.3928389847278595,0.08815897791646421,0.0890499739907682,0.8241191357374191
2478,2478,3.4877564907073975,3.5403430461883545,0.0002,2.7851978339547405,0.3938446044921875,0.08813922828994691,0.08902559359557927,0.8245031237602234
2479,2479,3.633946180343628,3.490354061126709,0.0002,2.783651303833821,0.3958393335342407,0.08811439713463187,0.08901382517069578,0.824894443154335
2480,2480,3.4717507362365723,3.4882054328918457,0.0002,2.7813582324988237,0.3936148062348366,0.08810866973362863,0.08900122880004346,0.8252823054790497
2481,2481,3.5407538414001465,3.580305337905884,0.0002,2.7831937754743694,0.3980907201766968,0.0880863917991519,0.08897927356883883,0.825664296746254
2482,2482,3.483283519744873,3.524169921875,0.0002,2.7812875601995453,0.39701471477746964,0.08807997847907245,0.08897928078658879,0.8260607868432999
2483,2483,3.5052809715270996,3.4960381984710693,0.0002,2.7833929156092694,0.39483729749917984,0.08805865701287985,0.08894954062998295,0.8264334350824356
2484,2484,3.501004219055176,3.4512622356414795,0.0002,2.783402003573362,0.39644956588745117,0.08804944553412497,0.08894510217942297,0.8268287479877472
2485,2485,3.516345977783203,3.568143129348755,0.0002,2.78584328223599,0.3960990384221077,0.08802098617888987,0.08890667837113142,0.8271965384483337
2486,2486,3.5498366355895996,3.5273170471191406,0.0002,2.7855572314303214,0.394509419798851,0.08800890180282295,0.08890294120647013,0.8275802433490753
2487,2487,3.484734535217285,3.5717220306396484,0.0002,2.7830954779034975,0.40087561309337616,0.08799805166199803,0.08888766216114163,0.827957883477211
2488,2488,3.494330406188965,3.444488763809204,0.0002,2.7849545910670037,0.39828548580408096,0.0879702209495008,0.08886714885011315,0.828336700797081
2489,2489,3.4502573013305664,3.5257675647735596,0.0002,2.782906341078796,0.39772260189056396,0.0879644954111427,0.08885771501809359,0.8287215083837509
2490,2490,3.4953770637512207,3.5245256423950195,0.0002,2.784770830263882,0.39550067484378815,0.08793930080719292,0.08883491600863636,0.829103410243988
2491,2491,3.5087711811065674,3.539907455444336,0.0002,2.782689340225508,0.39820075780153275,0.08791125286370516,0.08880274533294141,0.8294770121574402
2492,2492,3.5160350799560547,3.5252208709716797,0.0002,2.7866048815814244,0.3987277001142502,0.08788412809371948,0.08877671440131962,0.82984459400177
2493,2493,3.4778895378112793,3.5792834758758545,0.0002,2.786803729091879,0.3972832262516022,0.08788438816554844,0.08877963083796203,0.8302318751811981
2494,2494,3.5966949462890625,3.4389820098876953,0.0002,2.786309247849017,0.3969419002532959,0.08785469434224069,0.08875687303952873,0.8305999487638474
2495,2495,3.4127776622772217,3.47446608543396,0.0002,2.7861592817988,0.3960530459880829,0.08784352778457105,0.08874530554749072,0.8309862613677979
2496,2496,3.4449005126953125,3.514896869659424,0.0002,2.783757893552442,0.39775893092155457,0.08780715265311301,0.08869974059052765,0.8313493132591248
2497,2497,3.5525383949279785,3.591973066329956,0.0002,2.7845491390023533,0.3977111950516701,0.08779144589789212,0.08869645744562149,0.8317560404539108
2498,2498,3.4770548343658447,3.656076192855835,0.0002,2.783372132066864,0.398559145629406,0.08775799511931837,0.08866132702678442,0.8321312814950943
2499,2499,3.5670084953308105,3.452207565307617,0.0002,2.780984342966356,0.39595677703619003,0.0877458774484694,0.08864409127272666,0.8325330764055252
2500,2500,3.4665088653564453,3.465878486633301,0.0002,2.7828707948024096,0.3968438282608986,0.08771785255521536,0.0886143809184432,0.8329137116670609
2501,2501,3.4855451583862305,3.53377103805542,0.0002,2.7810715719797545,0.39501629024744034,0.0877009800169617,0.088600710965693,0.8333010971546173
2502,2502,3.5277774333953857,3.47379207611084,0.0002,2.7845424740769973,0.39772528409957886,0.08769280230626464,0.08857788937166333,0.8336867690086365
2503,2503,3.5151915550231934,3.4876155853271484,0.0002,2.787642356979905,0.3969944566488266,0.08765398780815303,0.08854285534471273,0.8340538442134857
2504,2504,3.4551925659179688,3.5475399494171143,0.0002,2.7906123885920815,0.39638596773147583,0.0876343660056591,0.0885427943430841,0.8344414532184601
2505,2505,3.4594388008117676,3.5062108039855957,0.0002,2.789064628450575,0.3964134082198143,0.08763710432685912,0.08853393769823015,0.834827646613121
2506,2506,3.4532418251037598,3.482222318649292,0.0002,2.7904509827759556,0.40033870935440063,0.08760425727814436,0.08849279978312552,0.8351995199918747
2507,2507,3.4483249187469482,3.5158958435058594,0.0002,2.7879025313847454,0.40132441371679306,0.08757754531688988,0.08847822318784893,0.8355964869260788
2508,2508,3.4755735397338867,3.514596700668335,0.0002,2.791073755214579,0.3975817486643791,0.08753979159519076,0.08845791313797235,0.8359856158494949
2509,2509,3.477969169616699,3.4570462703704834,0.0002,2.791004657744436,0.39728178083896637,0.08754146588034928,0.08843961567617953,0.8363738059997559
2510,2510,3.496185779571533,3.5099148750305176,0.0002,2.792131531242734,0.4003871977329254,0.08751760120503604,0.08842456620186567,0.8367733955383301
2511,2511,3.4177536964416504,3.5079774856567383,0.0002,2.7892821324702055,0.402075432240963,0.08749375841580331,0.08839574991725385,0.8371609598398209
2512,2512,3.4955148696899414,3.547196865081787,0.0002,2.790613993620332,0.39983557164669037,0.08746990491636097,0.08837340190075338,0.8375557661056519
2513,2513,3.4616565704345703,3.510272979736328,0.0002,2.7879130553766625,0.4001194015145302,0.08744296547956765,0.0883450957480818,0.8379410654306412
