step,iter,train/loss,val/loss,lr,mfu,token_embedding_act_abs_mean,attn_act_abs_mean,mlp_act_abs_mean,lm_head_act_abs_mean
0,0,4.223413467407227,4.20481014251709,2e-07,-100.0
1,1,4.206185817718506,4.21190071105957,2e-07,-100.0,0.015868463087826967,0.06238923183991574,0.08928383444435894,0.26220013946294785
2,2,4.215567588806152,4.186685085296631,2e-07,-100.0,0.015874391421675682,0.06320017913822085,0.08902397681958973,0.2649831101298332
3,3,4.210927486419678,4.199760913848877,2e-07,-100.0,0.015881878789514303,0.062488618728821166,0.08921565930359066,0.26289084553718567
4,4,4.206975936889648,4.215311527252197,2e-07,-100.0,0.015867923386394978,0.06275274802464992,0.08904294425155967,0.26294469833374023
5,5,4.215163230895996,4.204358100891113,2e-07,-100.0,0.0158786466345191,0.0634069067746168,0.08915043575689197,0.25877559930086136
6,6,4.230318069458008,4.204337120056152,2e-07,3.164142275728496,0.01587075926363468,0.06396875450445805,0.08917394652962685,0.26487043499946594
7,7,4.238113880157471,4.218024730682373,2e-07,3.16257668804358,0.015859308652579784,0.06325989532342646,0.08917330659460276,0.2621404156088829
8,8,4.203624725341797,4.2176408767700195,2e-07,3.1614281087585523,0.015862455125898123,0.06323057856934611,0.08904462470673025,0.26379693299531937
9,9,4.190770626068115,4.204820156097412,2e-07,3.1604493866197543,0.015879816375672817,0.06317242630757391,0.08913568698335439,0.2604239284992218
10,10,4.2199931144714355,4.199011325836182,2e-07,3.160515812447695,0.015896125696599483,0.06330949965922628,0.08900371636264026,0.2604108974337578
11,11,4.196542263031006,4.198281764984131,2e-07,3.1604786008063352,0.01588801247999072,0.06268751955940388,0.0890462005045265,0.25985389947891235
12,12,4.22066593170166,4.201249122619629,2e-07,3.1599724847771897,0.015883018262684345,0.06362654946860857,0.08897537551820278,0.26251304149627686
13,13,4.207268238067627,4.207470417022705,2e-07,3.15988836366256,0.01588852610439062,0.06318364749313332,0.08920473675243556,0.26132796704769135
14,14,4.217607021331787,4.197276592254639,2e-07,3.16107237235271,0.015876969322562218,0.06285147184098605,0.08917456027120352,0.2613135129213333
15,15,4.218918323516846,4.200333595275879,2e-07,3.1595694158026646,0.015872522722929716,0.06346083336393349,0.08921902196016163,0.2607851102948189
16,16,4.178651332855225,4.191990375518799,2e-07,3.159272421240219,0.015867335256189108,0.06299901778402273,0.0890372556168586,0.2607864513993263
17,17,4.1741557121276855,4.181628227233887,2e-07,3.1596377601259023,0.01588079845532775,0.06373120658099651,0.08906074054539204,0.25823836773633957
18,18,4.196399211883545,4.194660663604736,2e-07,2.932419080017171,0.015864286571741104,0.06358878803439438,0.08914739545434713,0.2634669542312622
19,19,4.220845699310303,4.17782735824585,2e-07,2.9546337215858482,0.0158623275347054,0.063464623017353,0.08923728694207966,0.2623096853494644
20,20,4.212802410125732,4.168567180633545,2e-07,2.7488418045208425,0.015876353718340397,0.06375507288612425,0.08924851554911584,0.26008181273937225
21,21,4.200137615203857,4.176056385040283,2e-07,2.554698822585815,0.01588933588936925,0.06394359876867384,0.08911969675682485,0.2622031196951866
22,22,4.189343452453613,4.18646240234375,2e-07,2.614246645040693,0.015865766908973455,0.06307448550069239,0.08905365224927664,0.2582041546702385
23,23,4.185274124145508,4.157331466674805,2e-07,2.66721071403431,0.015863473527133465,0.06397596839815378,0.08941684837918729,0.2621404826641083
24,24,4.175788402557373,4.193321704864502,2e-07,2.4810071520460806,0.015881302766501904,0.06318406290665735,0.08920778322499245,0.26069584488868713
25,25,4.182511329650879,4.177610874176025,2e-07,2.54885402236441,0.01588158030062914,0.06367012247210369,0.08904535498004407,0.2585434466600418
26,26,4.188466548919678,4.16358757019043,2e-07,2.609721759147152,0.015865845140069723,0.06192736445518676,0.08915733522735536,0.25972824916243553
27,27,4.168615341186523,4.147642612457275,2e-07,2.6650198605270563,0.015862874686717987,0.06284159557253588,0.08925816020928323,0.2603136971592903
28,28,4.155470371246338,4.153584957122803,2e-07,2.479697448555941,0.01587287848815322,0.06403904437320307,0.08930958737619221,0.26123832166194916
29,29,4.1564860343933105,4.166399955749512,2e-07,2.548218278062759,0.015887149143964052,0.06384412664920092,0.08904182945843786,0.25942250341176987
30,30,4.163890838623047,4.154027462005615,2e-07,2.608989762895996,0.015875663608312607,0.06338670184777584,0.0890149031765759,0.2559422254562378
31,31,4.160781383514404,4.1689558029174805,2e-07,2.6637134722245808,0.01588520174846053,0.06345052890537772,0.08920193137601018,0.25740521401166916
32,32,4.142697334289551,4.171903610229492,2e-07,2.713671406066048,0.015875886660069227,0.06384329608408734,0.08924458897672594,0.259611539542675
33,33,4.149311065673828,4.154685974121094,2e-07,2.7566929989571296,0.01588649209588766,0.06282340815232601,0.0892577952472493,0.25974762439727783
34,34,4.1437201499938965,4.139659881591797,2e-07,2.795778254920162,0.015870450995862484,0.0638378770527197,0.08927705080714077,0.2608382850885391
35,35,4.152015686035156,4.155313491821289,2e-07,2.5684477844979683,0.015890695620328188,0.06305598765902687,0.08924576512072235,0.2617555111646652
36,36,4.162826061248779,4.154889106750488,2e-07,2.6266578294455667,0.015876832883805037,0.06394949696550611,0.08918186195660383,0.2575482055544853
37,37,4.139561653137207,4.140821933746338,2e-07,2.6784966977056484,0.015874044504016638,0.06411178248526994,0.08916087017860264,0.25796589255332947
38,38,4.14011287689209,4.155338287353516,2e-07,2.725324647764731,0.01589176431298256,0.0643400240369374,0.08931145747192204,0.2626441866159439
39,39,4.160234451293945,4.158339500427246,2e-07,2.7661174807319124,0.015873332042247057,0.06388858493301086,0.08925574214663357,0.25541285425424576
40,40,4.154138088226318,4.121304988861084,2e-07,2.803069163027276,0.015887137036770582,0.06376508486573584,0.08900249435100704,0.2605659067630768
41,41,4.1298508644104,4.141811847686768,2e-07,2.6122930413461325,0.015884847845882177,0.0644136102637276,0.08920263045001775,0.25971781462430954
42,42,4.130926609039307,4.125772476196289,2e-07,2.666089293224849,0.01588093815371394,0.06405987570178695,0.0892893138807267,0.25982221961021423
43,43,4.131667137145996,4.14334774017334,2e-07,2.714403883533689,0.015873305033892393,0.06413664646970574,0.08930082304868847,0.2608933001756668
44,44,4.140701770782471,4.131878852844238,2e-07,2.7560531367851393,0.015871582552790642,0.06257798471779097,0.08937635505571961,0.2568769231438637
45,45,4.123956680297852,4.110180377960205,2e-07,2.7960167818126225,0.015881911385804415,0.06332422228297219,0.08912745187990367,0.25781092047691345
46,46,4.1218366622924805,4.121300220489502,2e-07,2.6061980838315746,0.015867901034653187,0.06357062191818841,0.08915240201167762,0.2599891647696495
47,47,4.128593921661377,4.121187210083008,2e-07,2.6604397493347562,0.015882830135524273,0.06330859336594585,0.08930068474728614,0.2617771327495575
48,48,4.112149238586426,4.103564262390137,2e-07,2.708869126514586,0.0158790098503232,0.06309740488359239,0.08931228215806186,0.2588038742542267
49,49,4.103804111480713,4.111568927764893,2e-07,2.5277410820849484,0.01588282361626625,0.06275128963170573,0.08914346760138869,0.2576119676232338
50,50,4.123682022094727,4.094971179962158,2e-07,2.5902625671031703,0.015886500477790833,0.06335549475625157,0.08932397712487727,0.25575675815343857
51,51,4.100180149078369,4.126082897186279,2e-07,2.412228101683253,0.01587256882339716,0.06353689800016582,0.08942424482665956,0.2577023059129715
52,52,4.100055694580078,4.109530925750732,2e-07,2.48595805957317,0.01588420756161213,0.06322187840123661,0.08941556932404637,0.25907251983880997
53,53,4.140100479125977,4.087766647338867,2e-07,2.5518206697225305,0.015871373005211353,0.06393407372524962,0.08938697003759444,0.26273220032453537
54,54,4.11779260635376,4.117708206176758,2e-07,2.3776703745092544,0.015882806852459908,0.06365916942013428,0.08920808334369212,0.2564534619450569
55,55,4.096402168273926,4.080135345458984,2e-07,2.4549303206227737,0.015866816509515047,0.0627019022940658,0.08925961633212864,0.26139431446790695
56,56,4.088566780090332,4.110206604003906,2e-07,2.290323536265838,0.015881425701081753,0.06233598824474029,0.08935406536329538,0.25705499947071075
57,57,4.092798233032227,4.099106788635254,2e-07,2.3763060324316068,0.01587350945919752,0.06323686958057806,0.08921005402226001,0.26029371470212936
58,58,4.114492893218994,4.100955963134766,2e-07,2.452858139838971,0.015860301442444324,0.06323042078292929,0.08932928624562919,0.2582012936472893
59,59,4.102428436279297,4.090012550354004,2e-07,2.5223197564270388,0.01585799315944314,0.0643883865850512,0.08931333979126066,0.2559470906853676
60,60,4.0892229080200195,4.088057994842529,2e-07,2.5851161919128325,0.015876725781708956,0.06302403171139304,0.08916173153556883,0.25497496128082275
61,61,4.07813835144043,4.110708236694336,2e-07,2.639584268792465,0.015885630156844854,0.06342508063244168,0.08921260957140476,0.26208312064409256
62,62,4.07406759262085,4.066734313964844,2e-07,2.688719008690942,0.015887117944657803,0.06349580017558765,0.08932765747886151,0.2569771260023117
63,63,4.0709309577941895,4.077615737915039,2e-07,2.492319984325464,0.015879949554800987,0.06288187045720406,0.08923806238453835,0.25554729998111725
64,64,4.068368434906006,4.074077129364014,2e-07,2.557702232998005,0.015871083829551935,0.06347589984943625,0.08913303329609334,0.2563100680708885
65,65,4.067784309387207,4.077438831329346,2e-07,2.616612478339697,0.0158755318261683,0.06280957955459598,0.08926495688501745,0.2593172714114189
66,66,4.0685834884643555,4.082048416137695,2e-07,2.6691531111935114,0.015865624882280827,0.06368475726048928,0.08920807542745024,0.2593315951526165
67,67,4.088443756103516,4.064958572387695,2e-07,2.715650677247513,0.015883699990808964,0.06312949654238764,0.08938719413708895,0.2578629404306412
68,68,4.080565929412842,4.062610626220703,2e-07,2.5331871785842375,0.01587661076337099,0.06336541447672062,0.08926476014312357,0.25958923250436783
69,69,4.059091567993164,4.082647323608398,2e-07,2.3697851609500606,0.01587382610887289,0.06321756778925192,0.08935988589655608,0.2579112648963928
70,70,4.061857223510742,4.074212074279785,2e-07,2.448664511283532,0.0158792226575315,0.06344100499700289,0.08927390782628208,0.2602125182747841
71,71,4.082420349121094,4.068641662597656,2e-07,2.517758002038908,0.015864566899836063,0.06323945833719335,0.0893135427031666,0.25891295820474625
72,72,4.066030979156494,4.071285724639893,2e-07,2.5807631240601476,0.015870725270360708,0.06352250261988956,0.08939701702911407,0.2592276260256767
73,73,4.0645952224731445,4.051070690155029,2e-07,2.6368631328120493,0.015866936184465885,0.06326648514368571,0.08932786271907389,0.25842107832431793
74,74,4.045267581939697,4.0658087730407715,2e-07,2.4631635867720316,0.015877054072916508,0.06268055895634461,0.08926614129450172,0.25668834149837494
75,75,4.054328918457031,4.07290506362915,2e-07,2.530647028633225,0.015878721605986357,0.06238505963119678,0.08935179247055203,0.25754304975271225
76,76,4.060385704040527,4.083916187286377,2e-07,2.593083972569448,0.01587886782363057,0.0630659393791575,0.0891399085521698,0.25735192745923996
77,77,4.05205774307251,4.079850673675537,2e-07,2.6479845566077604,0.015865867026150227,0.06308418915432412,0.08915635908488184,0.25595031306147575
78,78,4.059453964233398,4.045045375823975,2e-07,2.697286478044059,0.015881299506872892,0.06357025192119181,0.08922685298603028,0.25511297583580017
79,79,4.070871353149414,4.043069839477539,2e-07,2.5171538765896635,0.015874499920755625,0.06333783657464664,0.08941111818421632,0.2583821937441826
80,80,4.068218231201172,4.066421985626221,2e-07,2.3553300173039706,0.015868439339101315,0.06391772042843513,0.08933282969519496,0.2592370808124542
81,81,4.034188747406006,4.0552167892456055,2e-07,2.4346656199111383,0.01586713409051299,0.061781754266121425,0.08908169402275234,0.25244115665555
82,82,4.040001392364502,4.044610977172852,2e-07,2.5062324656245965,0.01587158115580678,0.06469235886470415,0.0892969366395846,0.2602759450674057
83,83,4.030178070068359,4.043451309204102,2e-07,2.5678957854268236,0.015879005659371614,0.06355659681139514,0.08946057606954128,0.25710104405879974
84,84,4.0411858558654785,4.018833160400391,2e-07,2.625541866089651,0.01587703125551343,0.06277711344591808,0.08922121929936111,0.2566877156496048
85,85,4.031529903411865,4.045017242431641,2e-07,2.4528763601949666,0.015882109757512808,0.06328712432878092,0.08934495970606804,0.2602313309907913
86,86,4.018845558166504,4.058533191680908,2e-07,2.5214955036897706,0.01586392056196928,0.06375103432219476,0.08937194047030061,0.253353551030159
87,87,4.017873287200928,4.030802249908447,2e-07,2.583990815521201,0.015868517104536295,0.06348756716761272,0.08935598819516599,0.2572283372282982
88,88,4.020343780517578,4.028473854064941,2e-07,2.6392195292933414,0.01586379949003458,0.06362051836913452,0.08921356173232198,0.2551330402493477
89,89,4.014347553253174,4.01377534866333,2e-07,2.689675646881373,0.015882225707173347,0.06380523496773094,0.08933357009664178,0.25706398487091064
90,90,4.036777973175049,4.0062127113342285,2e-07,2.510301357306519,0.01588343922048807,0.06394627051486168,0.08935001329518855,0.2557806223630905
91,91,4.045302391052246,4.025365352630615,2e-07,2.32912522296712,0.01587483799085021,0.06349801218311768,0.08933629095554352,0.25544925406575203
92,92,4.006913661956787,3.9973185062408447,2e-07,2.4110791658386947,0.015873501542955637,0.06327264067658689,0.08925880119204521,0.2529183588922024
93,93,4.024886608123779,4.008603096008301,2e-07,2.25414425396794,0.015865364111959934,0.06302129475807305,0.08917716052383184,0.2567647844552994
94,94,4.023243427276611,4.006468772888184,2e-07,2.343753243282063,0.015875416807830334,0.06220760376891121,0.08945100812707096,0.25588423013687134
95,95,3.997755765914917,4.014153480529785,2e-07,2.4231479767106925,0.01587194064632058,0.06386341206962243,0.08940281206741929,0.25631485134363174
96,96,3.9947338104248047,4.00386905670166,2e-07,2.495780953079408,0.015867964830249548,0.06318600375379901,0.0893650131765753,0.25901030749082565
97,97,4.0120320320129395,4.007853031158447,2e-07,2.560187614923764,0.015866161324083805,0.06458610590198077,0.08931291429325938,0.2588111311197281
98,98,4.017244815826416,4.033828258514404,2e-07,2.6183529840044524,0.015874486416578293,0.06397349751205184,0.08926992688793689,0.25805559009313583
99,99,3.9863693714141846,4.01271390914917,2e-07,2.6714240867254766,0.015889229718595743,0.0630632656684611,0.08949026092886925,0.25926488637924194
100,100,4.0099053382873535,3.993637800216675,2e-07,2.7191952116606646,0.015880977734923363,0.06374485103879124,0.08945724973455071,0.25797583162784576
101,101,3.994271993637085,3.982811450958252,2e-07,2.528291408682008,0.015870161820203066,0.06392756960121915,0.08931656565982848,0.26044097542762756
102,102,3.95892071723938,3.997213840484619,2e-07,2.3563601400884737,0.01587172830477357,0.06335137577843852,0.08939558628480881,0.2535023093223572
103,103,4.007248401641846,4.005723476409912,2e-07,2.4364170424393543,0.015878028701990843,0.062178455424145795,0.0894065861357376,0.2583189979195595
104,104,3.975226640701294,3.996537923812866,2e-07,2.505537485332057,0.015890134498476982,0.0645920105453115,0.08943328249733895,0.2553711384534836
105,105,3.9871084690093994,3.9706873893737793,2e-07,2.5694663357225505,0.0158613626845181,0.06257034538430162,0.08914660359732807,0.25850802659988403
106,106,3.9632816314697266,3.9882102012634277,2e-07,2.4015016924565296,0.015873391646891832,0.06361096003092825,0.08930603775661439,0.2560742124915123
107,107,3.996293067932129,4.0067033767700195,2e-07,2.4759970974611387,0.015869639813899994,0.06369581850594841,0.0893924911506474,0.25553787127137184
108,108,3.940467596054077,3.964357614517212,2e-07,2.5420655130111838,0.015884196385741234,0.06375541811576113,0.08933353098109365,0.2593979164958
109,109,3.9726221561431885,4.013826370239258,2e-07,2.358164025811079,0.01588081382215023,0.06389867566758767,0.08940209622960538,0.2544909343123436
110,110,3.9615423679351807,3.9886372089385986,2e-07,2.4379273258550485,0.01588285993784666,0.06446220618090592,0.0892735569505021,0.25592996180057526
111,111,3.948958396911621,3.9957613945007324,2e-07,2.5081611907556396,0.015869552735239267,0.06319309260288719,0.08932052832096815,0.2564392387866974
112,112,3.961404323577881,3.9697208404541016,2e-07,2.5723228122064477,0.01586864236742258,0.06451076046505477,0.08945182233583182,0.259780153632164
113,113,3.962395668029785,3.965550184249878,2e-07,2.629207229409207,0.015874009113758802,0.06351777093368582,0.08931676088832319,0.25859468430280685
114,114,3.9706783294677734,3.966684341430664,2e-07,2.680315231726898,0.015882511157542467,0.06420508144947235,0.08941657445393503,0.26114584505558014
115,115,3.9794158935546875,3.97263503074646,2e-07,2.7265921320625526,0.015874206088483334,0.06317473371746019,0.08951641619205475,0.2616006210446358
116,116,3.939901828765869,3.971221923828125,2e-07,2.768828621854137,0.015868577174842358,0.06301084170991089,0.08931383001618087,0.2597737982869148
117,117,3.961196184158325,3.955904722213745,2e-07,2.805738478081025,0.015898171346634626,0.06294374438584782,0.08915635873563588,0.2552523724734783
118,118,3.969552993774414,3.970466136932373,2e-07,2.615110880346122,0.015891509596258402,0.06332362469402142,0.08934335282538086,0.2577289715409279
119,119,3.9710023403167725,3.974198818206787,2e-07,2.6683700249368036,0.015886212699115276,0.06377925773267634,0.08932154020294547,0.25885406881570816
120,120,3.975752830505371,3.9841220378875732,2e-07,2.7156433340585737,0.015872569289058447,0.06352323383907788,0.08924336370546371,0.2589760422706604
121,121,3.942617177963257,3.9486758708953857,2e-07,2.757499649333326,0.015864697750657797,0.06372911148355342,0.08942143153399229,0.2600565105676651
122,122,3.952728271484375,3.9425711631774902,2e-07,2.5556109074688442,0.01586596854031086,0.06337955844355747,0.08960025117266923,0.2603652998805046
123,123,3.949420690536499,3.954390287399292,2e-07,2.3897890455748025,0.01587028196081519,0.06431734758371022,0.08954024768900126,0.2602821886539459
124,124,3.949056386947632,3.9610137939453125,2e-07,2.465310523797189,0.015887015499174595,0.06306358160509262,0.08919100509956479,0.2555855065584183
125,125,3.9458694458007812,3.9506194591522217,2e-07,2.533473472619665,0.015854650177061558,0.06400204825331457,0.08933604857884347,0.25559287145733833
126,126,3.946124315261841,3.9547247886657715,2e-07,2.593421064243686,0.0158864283002913,0.06328272400423884,0.08927696687169373,0.25904010981321335
127,127,3.9536845684051514,3.9754459857940674,2e-07,2.647856804807301,0.01588349509984255,0.06322893081232905,0.08936514216475189,0.2539397105574608
128,128,3.951897621154785,3.9454987049102783,2e-07,2.6962242311914495,0.01587355975061655,0.063786830753088,0.0893127330346033,0.2597450241446495
129,129,3.9334278106689453,3.9151458740234375,2e-07,2.7403746982320856,0.01587557140737772,0.0640757285291329,0.08926487970165908,0.26110030710697174
130,130,3.936986207962036,3.969060182571411,2e-07,2.5561874543459444,0.015875553246587515,0.06334468840213958,0.08933954627718776,0.25752490758895874
131,131,3.9197347164154053,3.9183666706085205,2e-07,2.6159987788162047,0.015868590213358402,0.06319697971048299,0.0893386376556009,0.25582265481352806
132,132,3.91206431388855,3.9426515102386475,2e-07,2.668367350468504,0.015870329923927784,0.06439601944293827,0.08951220975723118,0.25898467004299164
133,133,3.913421392440796,3.9601082801818848,2e-07,2.715957741638376,0.015864300075918436,0.0638854619464837,0.08949277061037719,0.25959376990795135
134,134,3.9188404083251953,3.939476251602173,2e-07,2.758359488292499,0.01586782280355692,0.06438343724585138,0.08936944860033691,0.2616829499602318
135,135,3.8927602767944336,3.9297008514404297,2e-07,2.797168401663656,0.015877631027251482,0.06342334202781785,0.08935171295888722,0.2582559920847416
136,136,3.9171881675720215,3.9206271171569824,2e-07,2.831692499498107,0.015884417109191418,0.06347521138377488,0.0893460784573108,0.25814338773489
137,137,3.9152376651763916,3.8994948863983154,2e-07,2.8621920824804024,0.015858905855566263,0.06236813262512442,0.08943171857390553,0.2585660442709923
138,138,3.8999955654144287,3.9291298389434814,2e-07,2.665608024835658,0.015871954150497913,0.06396986552863382,0.08947299001738429,0.25740619748830795
139,139,3.928234577178955,3.905280828475952,2e-07,2.7131284417953725,0.01590500259771943,0.06378791591851041,0.08945336274337023,0.2576525956392288
140,140,3.948413610458374,3.9229016304016113,2e-07,2.7553344831043898,0.015886324923485518,0.06364713427319657,0.08933891577180475,0.25990862399339676
141,141,3.9103927612304688,3.895057201385498,2e-07,2.794839439233099,0.015867406502366066,0.06346258801931981,0.08951481233816594,0.2633730322122574
142,142,3.8874917030334473,3.9083948135375977,2e-07,2.60507109879314,0.01586517132818699,0.06336353281221818,0.08944501425139606,0.26266297698020935
143,143,3.90740704536438,3.935643434524536,2e-07,2.659607390246058,0.015860084909945726,0.06449993317073677,0.08934344432782382,0.2586379796266556
144,144,3.8880412578582764,3.9196224212646484,2e-07,2.7084746163124813,0.015881499741226435,0.06303259170090314,0.08936684904620051,0.2577982470393181
145,145,3.9149692058563232,3.906857490539551,2e-07,2.7510831332528256,0.015884902328252792,0.06339979768381454,0.0892458523157984,0.2594679817557335
146,146,3.891206979751587,3.9202001094818115,2e-07,2.7910739116513987,0.01587167475372553,0.0638928342377767,0.08960687287617475,0.2608240246772766
147,147,3.9308626651763916,3.910278797149658,2e-07,2.8262777861255883,0.01588468300178647,0.06280821637483314,0.08924184506759048,0.260968454182148
148,148,3.918071985244751,3.8930983543395996,2e-07,2.858063624111293,0.015873081982135773,0.06369457654363941,0.08930600062012672,0.2550642490386963
149,149,3.9151878356933594,3.9067773818969727,2e-07,2.653228912501917,0.015876022167503834,0.06340373038256075,0.08936406474094838,0.2621130496263504
150,150,3.8595337867736816,3.917316436767578,2e-07,2.6987703135176533,0.015875807963311672,0.06382826980552636,0.08950210956390947,0.2602590173482895
151,151,3.8815603256225586,3.9136462211608887,2e-07,2.7440273689498063,0.01588060613721609,0.0640591615519952,0.08935332740657032,0.2576600983738899
152,152,3.8979265689849854,3.8701624870300293,2e-07,2.7833437153014424,0.015872946474701166,0.06365525278670248,0.08933884743601084,0.26104627549648285
153,153,3.9064810276031494,3.889533519744873,2e-07,2.5804574739885147,0.01589376851916313,0.06334014279127587,0.08942143560852855,0.2605006620287895
154,154,3.896315574645996,3.864438533782959,2e-07,2.636519199707167,0.015875400975346565,0.06341909653565381,0.08947877772152424,0.2618265450000763
155,155,3.906146287918091,3.8983047008514404,2e-07,2.462081192472283,0.015884609892964363,0.06445584568427876,0.0894373799674213,0.2608604282140732
156,156,3.882178544998169,3.9123737812042236,2e-07,2.5308094329601976,0.0158886956050992,0.06376211254973896,0.08944993594195694,0.26345427334308624
157,157,3.895348072052002,3.888326644897461,2e-07,2.5912551519181903,0.015889784786850214,0.06397668209683616,0.08952552976552397,0.2626272588968277
158,158,3.851426839828491,3.8807015419006348,2e-07,2.6464870941992826,0.015864084474742413,0.06391141121275723,0.08937979838810861,0.25805144757032394
159,159,3.934279441833496,3.904078960418701,2e-07,2.6965038977340847,0.015868138987571,0.06275833061954472,0.08936295716557652,0.2620316222310066
160,160,3.890846014022827,3.877153158187866,2e-07,2.741027699345475,0.01587833696976304,0.06418609668617137,0.08952090633101761,0.26259367913007736
161,161,3.8341786861419678,3.8852126598358154,2e-07,2.7800244416999265,0.015871787443757057,0.06406923980102874,0.08932706480845809,0.26031166315078735
162,162,3.8781816959381104,3.8806796073913574,2e-07,2.816737368303136,0.01585889933630824,0.06417632719967514,0.08943883748725057,0.26039930433034897
163,163,3.8496031761169434,3.870950698852539,2e-07,2.8487147744640477,0.015867536421865225,0.06367327994666994,0.0894164404598996,0.2608652077615261
164,164,3.8480608463287354,3.9367642402648926,2e-07,2.878211416072603,0.015869181603193283,0.06394896557321772,0.08946211717557162,0.26418954133987427
165,165,3.8997642993927,3.8538248538970947,2e-07,2.9052852642807854,0.015863248147070408,0.0644632499315776,0.0894624013453722,0.26290952414274216
166,166,3.880048990249634,3.855442762374878,2e-07,2.70438663021182,0.01587279001250863,0.06441444990923628,0.0894371634349227,0.2602665349841118
167,167,3.857130765914917,3.8644871711730957,2e-07,2.748076730293284,0.01586543908342719,0.06439109686471056,0.08946552535053343,0.2596694603562355
168,168,3.866147994995117,3.852383613586426,2e-07,2.7869117097922746,0.015860024373978376,0.06398911053838674,0.08951350254938006,0.26248007267713547
169,169,3.8321235179901123,3.8908143043518066,2e-07,2.597895117003458,0.0158723802305758,0.06478151131886989,0.08953824231866747,0.26285896450281143
170,170,3.8414645195007324,3.8688950538635254,2e-07,2.6530112931937246,0.01586606679484248,0.06278727308381349,0.08936954208184034,0.2677997946739197
171,171,3.8587849140167236,3.8977580070495605,2e-07,2.7014165060811925,0.015859516337513924,0.06472394749289379,0.0894684410886839,0.26292160898447037
172,172,3.8539111614227295,3.8668808937072754,2e-07,2.7458620523360846,0.015899830497801304,0.06414772548305336,0.08932679006829858,0.2626485303044319
173,173,3.8663852214813232,3.840876817703247,2e-07,2.7850048407622356,0.01588681573048234,0.06374553770001512,0.08942976710386574,0.26134444773197174
174,174,3.8609697818756104,3.8652191162109375,2e-07,2.595940587008527,0.015886346343904734,0.06398123309190851,0.08942141034640372,0.26220035552978516
175,175,3.8400964736938477,3.8169729709625244,2e-07,2.6506258229366453,0.015863188076764345,0.06446335965301841,0.08948795578908175,0.26381877809762955
176,176,3.844679117202759,3.8265345096588135,2e-07,2.4756742314950655,0.015873918775469065,0.06402568123303354,0.08942861168179661,0.2628539353609085
177,177,3.8265480995178223,3.847555637359619,2e-07,2.541658217420203,0.015878568403422832,0.06444832441047765,0.08945621410384774,0.26336389034986496
178,178,3.8487884998321533,3.8530542850494385,2e-07,2.6000710233628275,0.015870582312345505,0.06393552191730123,0.08954813040327281,0.2696560472249985
179,179,3.8358700275421143,3.8363444805145264,2e-07,2.6522544231655987,0.01588335493579507,0.06426967709558085,0.0894195674918592,0.2666197344660759
180,180,3.843679428100586,3.8459885120391846,2e-07,2.7003917057459867,0.015875492244958878,0.0642096416268032,0.08954126050230116,0.26766176521778107
181,181,3.853153944015503,3.8495826721191406,2e-07,2.741068160006633,0.01588558917865157,0.06331202911678702,0.08936422609258443,0.2672369033098221
182,182,3.844322919845581,3.8433916568756104,2e-07,2.780389764579257,0.01587209291756153,0.06348370446357876,0.08933088683988899,0.26503412425518036
183,183,3.835578680038452,3.84415602684021,2e-07,2.8159311912976785,0.015890311915427446,0.06359824715764262,0.08943244104739279,0.2665202170610428
184,184,3.8230886459350586,3.8341989517211914,2e-07,2.848190290376707,0.015881120692938566,0.06422861429746263,0.08951885905116796,0.2640995383262634
185,185,3.8576948642730713,3.822263479232788,2e-07,2.8757139509476826,0.01586039923131466,0.06388317310484126,0.08941574988421053,0.26882699877023697
186,186,3.8196752071380615,3.8098108768463135,2e-07,2.901866594227836,0.015867314767092466,0.06414939608657733,0.08948686555959284,0.2690751180052757
187,187,3.8564045429229736,3.8358571529388428,2e-07,2.695524425429152,0.01587615441530943,0.06353697068698239,0.08960890059825033,0.2657336965203285
188,188,3.87870717048645,3.8634862899780273,2e-07,2.738344847074705,0.015860066283494234,0.06503444000554737,0.08955706050619483,0.2687031552195549
189,189,3.8100898265838623,3.8220484256744385,2e-07,2.775561037038093,0.015861169900745153,0.06412522550090216,0.08951115945819765,0.268208883702755
190,190,3.8213210105895996,3.8270318508148193,2e-07,2.810092424968893,0.01587071968242526,0.06401626978185959,0.08947806351352483,0.269593246281147
191,191,3.8239338397979736,3.838460683822632,2e-07,2.8405742720231766,0.015877793077379465,0.06405149666534271,0.08944177243392915,0.2654741108417511
192,192,3.8373517990112305,3.783940076828003,2e-07,2.8682160313105505,0.015870713628828526,0.06490818166639656,0.08957651013042778,0.2698332443833351
193,193,3.8177170753479004,3.8489530086517334,2e-07,2.6698922260204454,0.01589551055803895,0.06375400634715334,0.08946604002267122,0.26698773354291916
194,194,3.8283591270446777,3.8315796852111816,2e-07,2.717578486673014,0.015855788253247738,0.06463786745734978,0.08955666224937886,0.2701253592967987
195,195,3.804884195327759,3.813062906265259,2e-07,2.7588024476856146,0.015874489210546017,0.0643075092084473,0.08944035798776895,0.2657397538423538
196,196,3.8268444538116455,3.8126072883605957,2e-07,2.797143966114542,0.015869198366999626,0.06473286972322967,0.08962592983152717,0.26268313080072403
197,197,3.8227853775024414,3.7940783500671387,2e-07,2.8307739327925225,0.015881399158388376,0.063935153229977,0.08954642235767096,0.269666463136673
198,198,3.8192267417907715,3.838721752166748,2e-07,2.8619943054881816,0.015880789142102003,0.064813405420864,0.08963117375969887,0.27155862003564835
199,199,3.78572678565979,3.8174941539764404,2e-07,2.8899619672889743,0.015873224940150976,0.06429034810571466,0.08956367173232138,0.2711930200457573
200,200,3.83158016204834,3.8423855304718018,2e-07,2.9143920714880447,0.01587212597951293,0.06401415306027047,0.08943403291050345,0.2698449343442917
201,201,3.8527328968048096,3.8192379474639893,2e-07,2.93660683758692,0.015869025606662035,0.06376246202853508,0.08951774146407843,0.2744525894522667
202,202,3.822010040283203,3.809645414352417,2e-07,2.956714795402767,0.0158909410238266,0.06432360397593584,0.08948402595706284,0.26644498854875565
203,203,3.8015384674072266,3.815089702606201,2e-07,2.9745113084115187,0.015875482000410557,0.06412719398213085,0.08957581361755729,0.27219388633966446
204,204,3.816995143890381,3.817943572998047,2e-07,2.9912024258230576,0.015866263769567013,0.06403738008521032,0.0896181226707995,0.2681139409542084
205,205,3.806903600692749,3.8202736377716064,2e-07,3.0053524157714087,0.015877447556704283,0.0639889326703269,0.08952470729127526,0.26889485865831375
206,206,3.8629510402679443,3.841937780380249,2e-07,3.0182406489730735,0.01587817119434476,0.06478163605788723,0.08951326471287757,0.27167894691228867
207,207,3.8111987113952637,3.822481393814087,2e-07,3.0302581756660656,0.015869711991399527,0.06417134750518017,0.08947325043845922,0.2693661078810692
208,208,3.804776668548584,3.7921953201293945,2e-07,3.040898360506933,0.015889702830463648,0.06442110243369825,0.08948649326339364,0.271313801407814
209,209,3.7877163887023926,3.7878451347351074,2e-07,3.0503648833638044,0.015877312514930964,0.06418756836501416,0.08952738589141518,0.2714492604136467
210,210,3.786127805709839,3.8017992973327637,2e-07,3.05822216184521,0.015876535791903734,0.0641079313645605,0.08938248886261135,0.27085157483816147
211,211,3.7789790630340576,3.775261878967285,2e-07,3.0658354319254353,0.015868425369262695,0.06465000880416483,0.08939748874399811,0.2745194062590599
212,212,3.7984414100646973,3.7957136631011963,2e-07,2.8490809263308456,0.015871749725192785,0.0643264255777467,0.08950544649269432,0.2677112966775894
213,213,3.804405450820923,3.8084723949432373,2e-07,2.878108673076271,0.01587340096011758,0.06468556218896993,0.08944839506875724,0.2693280503153801
214,214,3.7568342685699463,3.793398380279541,2e-07,2.90443579542782,0.015884023625403643,0.0645477893849602,0.08957586786709726,0.27060792595148087
215,215,3.8186421394348145,3.8329098224639893,2e-07,2.927919549380526,0.015880882274359465,0.06407912218128331,0.08951450430322438,0.27312828600406647
216,216,3.761228561401367,3.779015064239502,2e-07,2.949131497482412,0.015866133384406567,0.06372431336785667,0.08940046490170062,0.26725805550813675
217,217,3.7626731395721436,3.7703049182891846,2e-07,2.9686362304023195,0.015886000357568264,0.06356189025973435,0.08934071962721646,0.26896143704652786
218,218,3.7966980934143066,3.803107500076294,2e-07,2.7611363510299958,0.015880838967859745,0.06517121655633673,0.08957455004565418,0.27298568934202194
219,219,3.7804152965545654,3.7842023372650146,2e-07,2.7995003357313744,0.015868685208261013,0.06441979884402826,0.08956843963824213,0.27487462759017944
220,220,3.786738395690918,3.827139377593994,2e-07,2.8336187511305644,0.01586715504527092,0.06506252399412915,0.08969825459644198,0.2769086956977844
221,221,3.7720844745635986,3.819284677505493,2e-07,2.8645205427417766,0.015871578827500343,0.06425946290255524,0.08957513247150928,0.27661654353141785
222,222,3.788172960281372,3.774824619293213,2e-07,2.891461585361451,0.01587508711963892,0.0648534040665254,0.0894614061107859,0.2754402756690979
223,223,3.76596999168396,3.792339563369751,2e-07,2.9164051604928654,0.01586126908659935,0.06439848194713704,0.08952743315603584,0.2770620584487915
224,224,3.780819892883301,3.754761219024658,2e-07,2.938579318487382,0.01588104199618101,0.06445244410133455,0.08965476253069937,0.2776542231440544
225,225,3.777400493621826,3.7519755363464355,2e-07,2.721024500680588,0.01587266242131591,0.06485769239952788,0.08959969168063253,0.27634360641241074
226,226,3.7630727291107178,3.7822394371032715,2e-07,2.537873698412338,0.015873615629971027,0.06457781714561861,0.08963168261107057,0.276577353477478
227,227,3.765110492706299,3.7790536880493164,2e-07,2.5982640695938075,0.015887451358139515,0.06427285837708041,0.0894979378208518,0.2765090838074684
228,228,3.7802517414093018,3.790512800216675,2e-07,2.652886122191539,0.015881167724728584,0.06470346449350473,0.08952822792343795,0.27886929363012314
229,229,3.7822728157043457,3.816823959350586,2e-07,2.702051658909186,0.01587969483807683,0.06435034330934286,0.08966178260743618,0.27868224680423737
230,230,3.7210211753845215,3.769132137298584,2e-07,2.7453957807837854,0.015895209275186062,0.06412386863667052,0.08963313512504101,0.27763696759939194
231,231,3.7425906658172607,3.7574312686920166,2e-07,2.784694960652306,0.015874098986387253,0.06465918045432772,0.08967322763055563,0.27713312953710556
232,232,3.77313232421875,3.7822346687316895,2e-07,2.819636928800515,0.015859794802963734,0.06487226119497791,0.0896389588015154,0.27920230478048325
233,233,3.751980781555176,3.772176742553711,2e-07,2.8514921597962144,0.015898491255939007,0.06423912680475041,0.08957556099630892,0.2731470689177513
234,234,3.7783334255218506,3.8027920722961426,2e-07,2.880441901748055,0.015885517932474613,0.06491810709121637,0.08952426712494344,0.2800755947828293
235,235,3.72381329536438,3.7593767642974854,2e-07,2.906611663484695,0.015886914916336536,0.06453831572434865,0.08955479727592319,0.2802736610174179
236,236,3.77508544921875,3.7952520847320557,2e-07,2.9295464603339325,0.01588217495009303,0.06415708681743126,0.08976083504967391,0.28043707460165024
237,237,3.7509372234344482,3.808493137359619,2e-07,2.949836638644933,0.015886116307228804,0.06455398735124618,0.08964200876653194,0.27907659113407135
238,238,3.752981424331665,3.7292895317077637,2e-07,2.9684425723282235,0.015892195515334606,0.0647117514454294,0.08953112398739904,0.2778083086013794
239,239,3.7578063011169434,3.7250478267669678,2e-07,2.7610823784968557,0.015871204435825348,0.06481842724315356,0.08955366781447083,0.2758931741118431
240,240,3.817288875579834,3.7589786052703857,2e-07,2.560356044553639,0.01586410915479064,0.06471546122338623,0.0894715100293979,0.2787202447652817
241,241,3.7435967922210693,3.733421564102173,2e-07,2.6187667661910803,0.015884384512901306,0.06486675003543496,0.08947820030152798,0.2805735319852829
242,242,3.7605273723602295,3.775667190551758,2e-07,2.6711175339487068,0.01588251907378435,0.06507371707994025,0.08967983454931527,0.27616824954748154
243,243,3.751079559326172,3.7550456523895264,2e-07,2.718542448637764,0.015873288735747337,0.06529153903829865,0.08966532722115517,0.27966807037591934
244,244,3.7929022312164307,3.7851593494415283,2e-07,2.7613195376394506,0.01587817072868347,0.06524121723487042,0.08955847064498812,0.2793644964694977
245,245,3.77264142036438,3.7786104679107666,2e-07,2.7989668471288836,0.015876967925578356,0.06424536590930074,0.08967547188512981,0.2826947346329689
246,246,3.733962297439575,3.7154526710510254,2e-07,2.832845176911543,0.01586756343021989,0.0639977964310674,0.0894111292436719,0.27983295917510986
247,247,3.7555410861968994,3.738884210586548,2e-07,2.6391213274483523,0.01587826758623123,0.0648878786014393,0.08956185961142182,0.27904488146305084
248,248,3.7735161781311035,3.774116277694702,2e-07,2.689025993648906,0.015888935420662165,0.06498804126749747,0.0895061221672222,0.28240570425987244
249,249,3.7447776794433594,3.7945213317871094,2e-07,2.7339260277623616,0.015867638401687145,0.0649362812837353,0.08950392028782517,0.28209857642650604
250,250,3.7791295051574707,3.743922710418701,2e-07,2.774467137850668,0.015872003510594368,0.06526851988746785,0.08958594803698361,0.28466153144836426
251,251,3.7465457916259766,3.7495954036712646,2e-07,2.811289773484475,0.015887211076915264,0.06391671272285748,0.08955014811363071,0.28342771530151367
252,252,3.753364324569702,3.7463793754577637,2e-07,2.8441051418585066,0.015882299281656742,0.06515295777353458,0.08957134850788862,0.2866377532482147
253,253,3.711254596710205,3.7495501041412354,2e-07,2.873377613994239,0.015881069470196962,0.06542559778608847,0.08968381374143064,0.28412340581417084
254,254,3.782266855239868,3.778486490249634,2e-07,2.9000941133728984,0.01587363053113222,0.06420099792012479,0.08961448387708515,0.28216349333524704
255,255,3.759981632232666,3.762397050857544,2e-07,2.9238193590697223,0.01586240343749523,0.06516119709704071,0.08967271726578474,0.28462018072605133
256,256,3.7560300827026367,3.760499954223633,2e-07,2.945671259111698,0.0158858485519886,0.06438057761988603,0.08953615161590278,0.28308600187301636
257,257,3.7101354598999023,3.751490831375122,2e-07,2.963988042302211,0.015879421029239893,0.06493484690145124,0.08952952304389328,0.28527020663022995
258,258,3.721920967102051,3.7566659450531006,2e-07,2.981691034347501,0.01587022701278329,0.06479273637523875,0.08956385334022343,0.28578588366508484
259,259,3.7276127338409424,3.754093885421753,2e-07,2.9967745184323267,0.015853174030780792,0.06525621569016948,0.08952369331382215,0.2851182073354721
260,260,3.764312744140625,3.7323102951049805,2e-07,3.0085079245594026,0.015868125949054956,0.06447187550656963,0.08963987464085221,0.2870858535170555
261,261,3.739583969116211,3.7430801391601562,2e-07,3.0182547579524077,0.015884813386946917,0.064961724638124,0.08954895415809005,0.28441622853279114
262,262,3.7305209636688232,3.724902868270874,2e-07,3.0282466069544314,0.015887273009866476,0.06479452195344493,0.08957847265992314,0.2841119095683098
263,263,3.7609360218048096,3.749969959259033,2e-07,3.038777608744539,0.01588075328618288,0.06490908784326166,0.08961097977589816,0.2893091067671776
264,264,3.726576089859009,3.709380865097046,2e-07,3.0485432079194226,0.015879519283771515,0.06516129487135913,0.08942124736495316,0.28694481402635574
265,265,3.7554376125335693,3.743328094482422,2e-07,2.814161292058789,0.01588790537789464,0.0652004190342268,0.08970149722881615,0.28623639792203903
266,266,3.756425380706787,3.710092306137085,2e-07,2.846870377424281,0.015892524737864733,0.06515520991524681,0.08964746014680713,0.2858211249113083
267,267,3.7135770320892334,3.766707420349121,2e-07,2.872989259549408,0.015894807875156403,0.06532482933835126,0.08958918461576104,0.29053590446710587
268,268,3.7373604774475098,3.765531539916992,2e-07,2.899874464167532,0.015877824276685715,0.06483896695135627,0.08951923355925828,0.29332923889160156
269,269,3.7205944061279297,3.713218927383423,2e-07,2.923608224604645,0.01587559888139367,0.0651160380220972,0.08955335128121078,0.2929595485329628
270,270,3.7641923427581787,3.740321397781372,2e-07,2.944167928751351,0.015874033328145742,0.06485684579820372,0.08960673434194177,0.2889929711818695
271,271,3.72512149810791,3.6801629066467285,2e-07,2.9636968993675064,0.01588731398805976,0.06497245472564828,0.08959320501890033,0.2887374982237816
272,272,3.7092719078063965,3.7454426288604736,2e-07,2.7475100197688698,0.01585976080968976,0.0647504672233481,0.08959457231685519,0.2906058803200722
273,273,3.717043161392212,3.7123141288757324,2e-07,2.7876825374233074,0.01587864989414811,0.06500397765194066,0.08949040260631591,0.2945539429783821
274,274,3.7210280895233154,3.7402446269989014,2e-07,2.822896204604041,0.01587282633408904,0.06512430436850991,0.08968912356067449,0.29030170291662216
275,275,3.767951726913452,3.7113518714904785,2e-07,2.8552108648288623,0.015873398631811142,0.06530447796103545,0.0896917583886534,0.2913728132843971
276,276,3.7458879947662354,3.7146122455596924,2e-07,2.883945631700717,0.015883271116763353,0.06553144249483012,0.08965872786939144,0.292840838432312
277,277,3.6998159885406494,3.7354798316955566,2e-07,2.9097955576777834,0.01587856188416481,0.06498913947143592,0.08960573119111359,0.2950878217816353
278,278,3.7133898735046387,3.7240030765533447,2e-07,2.9332431281267275,0.015868657268583775,0.06542086397530511,0.08958707575220615,0.2959594428539276
279,279,3.716210126876831,3.7483842372894287,2e-07,2.9548665893538395,0.015879082027822733,0.06563211278989911,0.08982177346479148,0.29427753388881683
280,280,3.720679998397827,3.727074384689331,2e-07,2.9734427039592504,0.015880787279456854,0.0658715380996,0.08976917969994247,0.292254738509655
281,281,3.728616714477539,3.7420215606689453,2e-07,2.9898019445685335,0.015877465717494488,0.06435318946023472,0.08963111508637667,0.29504431784152985
282,282,3.6924712657928467,3.7388901710510254,2e-07,3.005657557047413,0.01587245799601078,0.06504626150126569,0.08953331981319934,0.2980617806315422
283,283,3.7432022094726562,3.7133870124816895,2e-07,3.0199696757496635,0.01588381314650178,0.0652268594421912,0.08963958267122507,0.29732659459114075
284,284,3.684494972229004,3.73486590385437,2e-07,3.0329347512588423,0.015894365031272173,0.06491142728191335,0.08966136281378567,0.29526466876268387
285,285,3.7001566886901855,3.740003824234009,2e-07,3.043985940661944,0.015888287220150232,0.06519073068920989,0.08978113566990942,0.2947378307580948
286,286,3.7224555015563965,3.7124972343444824,2e-07,3.053375815885834,0.01588431093841791,0.06582803602213971,0.08978012495208532,0.29316700249910355
287,287,3.68044114112854,3.7154462337493896,2e-07,3.0633238178903817,0.015887022018432617,0.06539812953269575,0.08976824837736785,0.29624639451503754
288,288,3.7019519805908203,3.7422659397125244,2e-07,3.0708117766133225,0.015873068943619728,0.06570540723623708,0.08978399017360061,0.2950654551386833
289,289,3.7162294387817383,3.6881399154663086,2e-07,3.0778267185907,0.015872784424573183,0.06495782799902372,0.08961150865070522,0.29389528185129166
290,290,3.7227163314819336,3.709686279296875,2e-07,3.0840635518509165,0.015870919451117516,0.06543148498167284,0.08976142038591206,0.30009768158197403
291,291,3.6817054748535156,3.7048633098602295,2e-07,3.0891725473885225,0.015872848220169544,0.06540520628914237,0.08965823776088655,0.29615747928619385
292,292,3.723994731903076,3.721862316131592,2e-07,3.094427354290226,0.015870305709540844,0.06544726432184689,0.0895848631625995,0.3001612350344658
293,293,3.6980998516082764,3.6893422603607178,2e-07,3.0991651996519827,0.015891873743385077,0.06527844636002555,0.08970747410785407,0.29815711826086044
294,294,3.7197036743164062,3.6713762283325195,2e-07,3.104331347838136,0.01586633874103427,0.0649079996655928,0.0896417781477794,0.29547104239463806
295,295,3.6952197551727295,3.7512738704681396,2e-07,2.883320408236184,0.015876995399594307,0.0659761982242344,0.08974852634128183,0.300363689661026
296,296,3.6932687759399414,3.7490007877349854,2e-07,2.9087159452606843,0.01587191829457879,0.06552938380627893,0.08971210301388055,0.30144504457712173
297,297,3.749783515930176,3.7360177040100098,2e-07,2.932248724578589,0.01587907364591956,0.06561463430989534,0.08977598464116454,0.29856662452220917
298,298,3.6706018447875977,3.689866781234741,2e-07,2.953039101973705,0.01587999053299427,0.06666241565835662,0.08973413740750402,0.30132678896188736
299,299,3.6943628787994385,3.7590229511260986,2e-07,2.9716986784582766,0.01587586896494031,0.06568271719152108,0.08974660711828619,0.3002156764268875
300,300,3.673055648803711,3.7181525230407715,2e-07,2.988440551186123,0.015879244077950716,0.06570577918319032,0.08955992932897061,0.30036552995443344
301,301,3.6605114936828613,3.6890695095062256,2e-07,3.004182981144861,0.01587294228374958,0.0656653101905249,0.08967519586440176,0.3024846389889717
302,302,3.6690165996551514,3.7334837913513184,2e-07,3.0178707369181437,0.015872536692768335,0.0656948822143022,0.08978169993497431,0.30496012419462204
303,303,3.707258701324463,3.6848342418670654,2e-07,3.030096785489395,0.015881121158599854,0.06593448139028624,0.08968572237063199,0.30393076688051224
304,304,3.708828926086426,3.6902718544006348,2e-07,3.04136498078659,0.015879588667303324,0.06562939028663095,0.08970193634741008,0.30745135992765427
305,305,3.676534652709961,3.7009775638580322,2e-07,3.0513955750575414,0.01588220940902829,0.06550796143710613,0.08964150852989405,0.3051016628742218
306,306,3.6972851753234863,3.708944082260132,2e-07,3.059987842873166,0.01587247522547841,0.0660885181860067,0.08979025867301971,0.30632413923740387
307,307,3.7209625244140625,3.685417890548706,2e-07,3.0685648672647865,0.015870872419327497,0.06528659767354839,0.08972249377984554,0.30304619669914246
308,308,3.711794137954712,3.7205259799957275,2e-07,3.0757470357832624,0.015877782367169857,0.06555565424787346,0.08974147471599281,0.3020639270544052
309,309,3.697589874267578,3.753330945968628,2e-07,3.081708185679175,0.01589309750124812,0.06548230185580906,0.08976197813171893,0.30309585481882095
310,310,3.670069456100464,3.6790945529937744,2e-07,3.087361249269764,0.01587799098342657,0.06631173750793096,0.08975266292691231,0.3085578829050064
311,311,3.693115234375,3.7033121585845947,2e-07,3.093352605827881,0.015869288705289364,0.06581214352627285,0.08989151928108186,0.3083278387784958
312,312,3.714365243911743,3.706390857696533,2e-07,3.09814539863507,0.0158845535479486,0.06589156429981813,0.08983320149127394,0.3066568672657013
313,313,3.6884875297546387,3.6750805377960205,2e-07,3.103329293771713,0.015888316091150045,0.06621954723959789,0.08980362094007432,0.310218870639801
314,314,3.673546314239502,3.6895437240600586,2e-07,3.1073161567352345,0.015877749305218458,0.0659713459899649,0.08966965542640537,0.30694958567619324
315,315,3.681469440460205,3.6907460689544678,2e-07,3.1116472176093533,0.01587314298376441,0.06592897619702853,0.0897898671682924,0.30944955348968506
316,316,3.7092957496643066,3.687224864959717,2e-07,3.1145261163220472,0.015873576048761606,0.06622026825789362,0.08985534554813057,0.30694758147001266
317,317,3.64172625541687,3.759382486343384,2e-07,3.1166949330718148,0.015880106016993523,0.06556466114125215,0.08980392687954009,0.30472711473703384
318,318,3.7134170532226562,3.674598455429077,2e-07,3.119256434982719,0.015873707830905914,0.06581212658784352,0.08978630334604532,0.3066997826099396
319,319,3.665529251098633,3.7011423110961914,2e-07,3.121570309049208,0.01588283060118556,0.06660218213801272,0.08979483845178038,0.3088974803686142
320,320,3.7141811847686768,3.6573188304901123,2e-07,3.123266913289922,0.01587024936452508,0.06539274501847103,0.08972982550039887,0.31389474123716354
321,321,3.6694273948669434,3.6575818061828613,2e-07,2.8931916923114405,0.01588979223743081,0.06605571758700535,0.08987833047285676,0.3104257732629776
322,322,3.6676743030548096,3.746601104736328,2e-07,2.9193355143226616,0.015859137754887342,0.06582983426051214,0.08979063166771084,0.3154856786131859
323,323,3.7116219997406006,3.6603336334228516,2e-07,2.9419884479677454,0.015877237543463707,0.06589486123993993,0.08980539860203862,0.3106189891695976
324,324,3.7323832511901855,3.685276985168457,2e-07,2.9621356890867516,0.015875402372330427,0.06601302724448033,0.08987187151797116,0.31031252443790436
325,325,3.66227388381958,3.725245952606201,2e-07,2.9799834748930385,0.015872436109930277,0.06594235866214149,0.08988400385715067,0.3108728155493736
326,326,3.6407577991485596,3.7244443893432617,2e-07,2.996983562403885,0.01588551001623273,0.06597491263528354,0.08972903073299676,0.31258706003427505
327,327,3.6797232627868652,3.649179458618164,2e-07,3.0108493436956927,0.01588208694010973,0.06570443158852868,0.08984245103783906,0.3120250701904297
328,328,3.6805014610290527,3.674767017364502,2e-07,2.7990029439642248,0.015875243116170168,0.06615793096716516,0.08982805465348065,0.31155212223529816
329,329,3.6712591648101807,3.713000774383545,2e-07,2.83298179176448,0.015866898465901613,0.06670788693008944,0.0897574033588171,0.3166075125336647
330,330,3.7188472747802734,3.675180196762085,2e-07,2.862518946304957,0.015877599827945232,0.06616588255565148,0.08982326451223344,0.3135347291827202
331,331,3.6795530319213867,3.6908552646636963,2e-07,2.889617770661443,0.01587476721033454,0.06617487303446978,0.0897753284079954,0.31527404487133026
332,332,3.6804542541503906,3.7196624279022217,2e-07,2.9149857343389773,0.01588306436315179,0.06600914691807702,0.08982904744334519,0.3199552670121193
333,333,3.68850040435791,3.677107334136963,2e-07,2.9361318588978373,0.01588023779913783,0.0662659291701857,0.08973023598082364,0.31854426115751266
334,334,3.6620700359344482,3.6785128116607666,2e-07,2.955800199389053,0.015873964875936508,0.06616343563655391,0.08985686709638685,0.3175107538700104
335,335,3.684955358505249,3.658834218978882,2e-07,2.973294311237187,0.015878379344940186,0.06585545070993248,0.0897909973282367,0.31804710626602173
336,336,3.6713876724243164,3.693437099456787,2e-07,2.989307831060684,0.01588039379566908,0.06565281815710478,0.08985886839218438,0.3155858963727951
337,337,3.6506080627441406,3.662947177886963,2e-07,3.0033405406383116,0.015867954585701227,0.06595106350141577,0.08977063791826367,0.3178443983197212
338,338,3.6404383182525635,3.683645248413086,2e-07,3.0163840435716254,0.015874410048127174,0.0665280467364937,0.08991637686267495,0.3167613595724106
339,339,3.6649913787841797,3.693046808242798,2e-07,3.02827937159005,0.015874804463237524,0.06658473488641903,0.08984010084532201,0.3177589774131775
340,340,3.6856706142425537,3.6364474296569824,2e-07,3.0383381599596615,0.01586900744587183,0.0664450904878322,0.08967568026855588,0.3198196440935135
341,341,3.68003249168396,3.7213351726531982,2e-07,2.8182071995827678,0.015883487183600664,0.06565695896279067,0.08972293068654835,0.32060085237026215
342,342,3.634611129760742,3.654554843902588,2e-07,2.850654408350447,0.015857593156397343,0.06620491610374302,0.08966686541680247,0.3196329325437546
343,343,3.637197494506836,3.6957204341888428,2e-07,2.8777892837253494,0.015891652088612318,0.06632811523741111,0.08989612979348749,0.31758909672498703
344,344,3.6691794395446777,3.642080783843994,2e-07,2.903695464792984,0.015866240952163935,0.06588045180251356,0.08980437181890011,0.32068637758493423
345,345,3.678630828857422,3.6571497917175293,2e-07,2.9264381223969003,0.015869379974901676,0.06582010452984832,0.0899008116684854,0.32156505435705185
346,346,3.6671717166900635,3.732167959213257,2e-07,2.9471330241541573,0.015893495175987482,0.0658751567825675,0.08977963752113283,0.3196948245167732
347,347,3.6576924324035645,3.6499717235565186,2e-07,2.9655784712052795,0.015882825944572687,0.0660019163187826,0.08977446891367435,0.3243635594844818
348,348,3.6517252922058105,3.639101505279541,2e-07,2.9824426858080884,0.01586306793615222,0.06668419018387794,0.08985661249607801,0.324304923415184
349,349,3.6573259830474854,3.6368958950042725,2e-07,2.996460436014438,0.015874925535172224,0.06644979331758805,0.08994921867270023,0.32465653121471405
350,350,3.6866455078125,3.6751861572265625,2e-07,3.010062039685661,0.01586597692221403,0.06661579324281774,0.08990529517177492,0.32383324950933456
351,351,3.619441032409668,3.682751178741455,2e-07,3.0225104009401202,0.015884696040302515,0.06642481964081526,0.08989196736365557,0.3271840959787369
352,352,3.666412353515625,3.6296792030334473,2e-07,3.0332778109514726,0.015883007552474737,0.06688691605813801,0.08991061546839774,0.32487352192401886
353,353,3.6413943767547607,3.7005081176757812,2e-07,2.8107418049270727,0.01587517000734806,0.0667042386776302,0.08993334486149251,0.32376881688833237
354,354,3.6644468307495117,3.6471235752105713,2e-07,2.8437076983000633,0.015878488309681416,0.06672479923872743,0.0899390415288508,0.32667043805122375
355,355,3.6539855003356934,3.6448493003845215,2e-07,2.8710612730123186,0.015875484328716993,0.06606352944800165,0.08982709876727313,0.3261207491159439
356,356,3.654215097427368,3.6438748836517334,2e-07,2.8979179234269825,0.01587844919413328,0.0668208419228904,0.08999474497977644,0.32529038935899734
357,357,3.662064790725708,3.6507999897003174,2e-07,2.9210142648453816,0.015884872991591692,0.06636038068972994,0.08993111655581743,0.3286275714635849
358,358,3.6647965908050537,3.6422781944274902,2e-07,2.9414612517018304,0.015858115162700415,0.06592692804406397,0.0898611459415406,0.32769518345594406
359,359,3.621959686279297,3.6596903800964355,2e-07,2.961161677121026,0.015892572235316038,0.06635453022317961,0.0900315698236227,0.32872696220874786
360,360,3.6916024684906006,3.6269240379333496,2e-07,2.9775918149904204,0.015888048335909843,0.06609236654185224,0.08988517441321164,0.323698990046978
361,361,3.690281867980957,3.6605587005615234,2e-07,2.76890822946314,0.01587527710944414,0.06677399724139832,0.08988503308501095,0.3277006968855858
362,362,3.646078109741211,3.5995824337005615,2e-07,2.8055589163944457,0.015876515302807093,0.06673918600426987,0.08983131474815309,0.3294186592102051
363,363,3.6731138229370117,3.65032958984375,2e-07,2.6147239544412377,0.015889706555753946,0.0656881095492281,0.08998642081860453,0.32957491278648376
364,364,3.6337101459503174,3.704632520675659,2e-07,2.668259271713088,0.015870229806751013,0.06627017565187998,0.09000996360555291,0.3287770673632622
365,365,3.631042003631592,3.63272762298584,2e-07,2.713476709624227,0.015871595591306686,0.0671952856646385,0.08999381039757282,0.3280469700694084
366,366,3.6074206829071045,3.643449306488037,2e-07,2.7558813950587115,0.015866341069340706,0.06705526595760603,0.08996269688941538,0.3294733017683029
367,367,3.6115827560424805,3.5940918922424316,2e-07,2.793882853100625,0.015863447915762663,0.0674700977106113,0.09000467183068395,0.32949934154748917
368,368,3.6385867595672607,3.642714262008667,2e-07,2.6030776173245442,0.015879446640610695,0.06681365697295405,0.08985646592918783,0.33215726912021637
369,369,3.6345055103302,3.613800287246704,2e-07,2.656346015394232,0.015876860357820988,0.06677340800524689,0.08998103660997003,0.32972709089517593
370,370,3.7097420692443848,3.6403281688690186,2e-07,2.7046656842278876,0.01586718950420618,0.06687036665971391,0.09006342268548906,0.3315581828355789
371,371,3.6044559478759766,3.6865549087524414,2e-07,2.747125276635393,0.015866389963775873,0.06594615243375301,0.0898071211995557,0.3318818658590317
372,372,3.588566780090332,3.679854154586792,2e-07,2.786282679810747,0.015873216558247805,0.0672635348746553,0.09003229078371078,0.33386338502168655
373,373,3.619420289993286,3.689300298690796,2e-07,2.821595922052943,0.015875949058681726,0.06596429635828827,0.08976763673126698,0.33275388926267624
374,374,3.632007360458374,3.635861873626709,2e-07,2.852337138271529,0.015881004743278027,0.06635893418570049,0.08983045478817075,0.33443816751241684
375,375,3.601752758026123,3.601166009902954,2e-07,2.8803510717170426,0.015877758618444204,0.06691117213631514,0.0900318444473669,0.3350939080119133
376,376,3.6068122386932373,3.6148195266723633,2e-07,2.9056271411582335,0.01587346661835909,0.06669754728500266,0.08988625090569258,0.3365645185112953
377,377,3.6354401111602783,3.691666603088379,2e-07,2.928244338076327,0.01587532553821802,0.06657861749408767,0.08994163502939045,0.33376913517713547
378,378,3.6136512756347656,3.624178171157837,2e-07,2.948628035175021,0.015869004651904106,0.06732938246568665,0.09003181324806064,0.3413575515151024
379,379,3.656050205230713,3.6772193908691406,2e-07,2.966677307310409,0.01588661689311266,0.06666730335564353,0.08982167311478406,0.3391551077365875
380,380,3.6702616214752197,3.686875104904175,2e-07,2.984314447496261,0.015872941352427006,0.06644669293018524,0.08995508693624288,0.3365166112780571
381,381,3.632828712463379,3.6246109008789062,2e-07,2.998443360595071,0.01586406910791993,0.06694546015933156,0.09004144719801843,0.3399350270628929
382,382,3.6668026447296143,3.650200128555298,2e-07,3.0135004331088817,0.01588810933753848,0.06599802983691916,0.0898371379589662,0.33766087889671326
383,383,3.6012587547302246,3.594231367111206,2e-07,3.024051654167722,0.01587297534570098,0.06713775440584868,0.089920355938375,0.3377832695841789
384,384,3.6183032989501953,3.6305718421936035,2e-07,3.0351837563069006,0.01587369991466403,0.06699756454327144,0.0901277718367055,0.3383433371782303
385,385,3.6176555156707764,3.6703319549560547,2e-07,3.044761367649414,0.015875850804150105,0.06706297857454047,0.08999986480921507,0.3403684198856354
386,386,3.6616339683532715,3.7169830799102783,2e-07,3.0539802485913965,0.015894298441708088,0.06747137062484398,0.08998457889538258,0.3406757265329361
387,387,3.630411148071289,3.664332628250122,2e-07,3.062411064330202,0.015879965387284756,0.06667034281417727,0.08997747825924307,0.33949336409568787
388,388,3.6114556789398193,3.6430253982543945,2e-07,3.068865281827785,0.01587760029360652,0.06701363087631762,0.09010575572028756,0.33897194266319275
389,389,3.644401788711548,3.6332526206970215,2e-07,3.0756348496185475,0.015870414674282074,0.06665642559528351,0.09004748379811645,0.3403596729040146
390,390,3.653188943862915,3.5921201705932617,2e-07,3.0813592441863724,0.015886506997048855,0.06711633727536537,0.09007225697860122,0.34026942402124405
391,391,3.619080066680908,3.621391773223877,2e-07,2.8509643353973804,0.015874823089689016,0.06637591638718732,0.08997175376862288,0.3421020284295082
392,392,3.6505908966064453,3.631430149078369,2e-07,2.8800442230155583,0.015880233142524958,0.06687660078750923,0.08994863799307495,0.3434768319129944
393,393,3.6246278285980225,3.624490976333618,2e-07,2.90491314866625,0.01586052216589451,0.06687551276991144,0.08992956520523876,0.3446064591407776
394,394,3.6019413471221924,3.630764961242676,2e-07,2.9280114313474095,0.01585814356803894,0.06663853603822645,0.09006692213006318,0.342703714966774
395,395,3.6100358963012695,3.596534013748169,2e-07,2.9486175136228083,0.015864227898418903,0.06712617931771092,0.09007066453341395,0.3434222713112831
396,396,3.6780824661254883,3.652292013168335,2e-07,2.96699564660287,0.015891782008111477,0.06673535921436269,0.09008835314307362,0.34381210803985596
397,397,3.6738362312316895,3.6108596324920654,2e-07,2.9834823420044185,0.01587820705026388,0.06662214332027361,0.0900607582880184,0.34622423350811005
398,398,3.610213041305542,3.658198356628418,2e-07,2.9981913215422487,0.015891469083726406,0.0665204036195064,0.09001319285016507,0.3473963513970375
399,399,3.600339889526367,3.643002986907959,2e-07,3.0114731118255698,0.015873844735324383,0.06689558739890344,0.09002554998733103,0.35061367601156235
400,400,3.6462185382843018,3.608856678009033,2e-07,3.0234866661375976,0.015871514100581408,0.06695823716290761,0.09009298391174525,0.3431728109717369
401,401,3.6609046459198,3.672905683517456,2e-07,3.0344399980842796,0.015882332809269428,0.06735536124324426,0.0899988686433062,0.34670013934373856
402,402,3.6356778144836426,3.615729808807373,2e-07,3.0442245917700026,0.015887574292719364,0.06728755884978455,0.09004665398970246,0.3441581353545189
403,403,3.6018035411834717,3.670457124710083,2e-07,3.053031431741319,0.015863477252423763,0.06750664877472445,0.08995162486098707,0.34701892733573914
404,404,3.580019474029541,3.644451141357422,2e-07,3.0605382845920865,0.015880295541137457,0.06710330751957372,0.0901355417445302,0.3463875502347946
405,405,3.598297357559204,3.7081680297851562,2e-07,3.0684443980166067,0.015868145041167736,0.06754849790013395,0.09000205632764846,0.34715504199266434
406,406,3.5900375843048096,3.618090867996216,2e-07,3.0750728979635396,0.015876798890531063,0.06717559741809964,0.09002439514733851,0.3472655490040779
407,407,3.609868049621582,3.6788690090179443,2e-07,3.080414316209846,0.015861928928643465,0.0670383264659904,0.09010070085059851,0.34668948501348495
408,408,3.5877223014831543,3.628892660140991,2e-07,3.0859837019747993,0.015874247532337904,0.06713272025808692,0.09003921295516193,0.34657297283411026
409,409,3.5843212604522705,3.669424057006836,2e-07,3.0890915062076028,0.015893606934696436,0.06722099645412527,0.09018838591873646,0.3484831526875496
410,410,3.632403612136841,3.636488437652588,2e-07,3.093411654735159,0.015863021835684776,0.06746099053998478,0.08996564196422696,0.3504747971892357
411,411,3.6452577114105225,3.6317474842071533,2e-07,3.0968382649194623,0.015889568720012903,0.06720783017226495,0.09004262264352292,0.3507808744907379
412,412,3.641139507293701,3.6291816234588623,2e-07,3.099489409893975,0.015884496737271547,0.0674253381730523,0.09003278776071966,0.3498315289616585
413,413,3.6066441535949707,3.6213908195495605,2e-07,3.102659019270763,0.015872948337346315,0.0677122786291875,0.09005466068629175,0.3511442691087723
414,414,3.6098012924194336,3.6450958251953125,2e-07,3.1063254125482547,0.015880791936069727,0.06774478481383994,0.09012215677648783,0.34845858812332153
415,415,3.6287355422973633,3.6202073097229004,2e-07,3.109266202243236,0.015871700830757618,0.06766102963592857,0.09006065200082958,0.35029231011867523
416,416,3.58026123046875,3.6727044582366943,2e-07,3.1108240726337595,0.015885301865637302,0.06708316353615373,0.09007163217756897,0.34948962926864624
417,417,3.549668312072754,3.661994695663452,2e-07,3.1123462961200303,0.01587274158373475,0.06791390042053536,0.0901214008918032,0.3517257943749428
418,418,3.5982134342193604,3.649653673171997,2e-07,3.1149546749392156,0.015893361996859312,0.06742937008675653,0.09017047623638064,0.3512166067957878
419,419,3.5955307483673096,3.6462979316711426,2e-07,3.1167725021466595,0.015871442388743162,0.06789799200487323,0.09010802791453898,0.35261739790439606
420,420,3.6569535732269287,3.5864460468292236,2e-07,3.1193574980147223,0.015883284620940685,0.06744578186771832,0.09010968927759677,0.3558402508497238
421,421,3.5802881717681885,3.6010212898254395,2e-07,2.8818974383060203,0.015878460370004177,0.06744290582719259,0.09016371914185584,0.3521641045808792
422,422,3.633789300918579,3.5724260807037354,2e-07,2.9072852687228687,0.015875710174441338,0.06743312429171056,0.09000150242354721,0.3542288988828659
423,423,3.644157648086548,3.608970880508423,2e-07,2.678418562982469,0.015877826139330864,0.06712844102003146,0.09017384483013302,0.3522524908185005
424,424,3.6218478679656982,3.56414794921875,2e-07,2.7248972096042436,0.015888226684182882,0.06741346028866246,0.0901437847642228,0.3542684018611908
425,425,3.606361150741577,3.6245715618133545,2e-07,2.541821862872122,0.015866650734096766,0.06731289977324195,0.0901418412104249,0.35495463758707047
426,426,3.5702149868011475,3.604745388031006,2e-07,2.602373570000711,0.015891392249614,0.06723557479563169,0.0901942040072754,0.35489455610513687
427,427,3.6255714893341064,3.666598081588745,2e-07,2.656259298491729,0.01588077936321497,0.06747109678690322,0.09004535956773907,0.35687221586704254
428,428,3.6129941940307617,3.5984444618225098,2e-07,2.7039883249044756,0.015883865766227245,0.06718083129089791,0.09012028842698783,0.3559047356247902
429,429,3.6106326580047607,3.5794503688812256,2e-07,2.7475827585614687,0.015888432506471872,0.06742151067010127,0.09014587092678994,0.35605085641145706
430,430,3.595710039138794,3.6224963665008545,2e-07,2.7867589044046523,0.01587469642981887,0.06745042803231627,0.0901051223045215,0.3561313822865486
431,431,3.5818517208099365,3.621163845062256,2e-07,2.8217546774720113,0.015884794760495424,0.0672347498475574,0.09017840237356722,0.35459499806165695
432,432,3.562577724456787,3.5807952880859375,2e-07,2.8533988419170764,0.015869209077209234,0.06756420817691833,0.09013641998171806,0.3602880835533142
433,433,3.5904202461242676,3.584704637527466,2e-07,2.8816839232655864,0.015884435269981623,0.06770089929341339,0.09019289491698146,0.35759662836790085
434,434,3.606898069381714,3.596168041229248,2e-07,2.9072055944343336,0.015886371955275536,0.06713104723894503,0.09011645521968603,0.3595399111509323
435,435,3.6062674522399902,3.6451427936553955,2e-07,2.930150329775198,0.015886657871305943,0.06737423935555853,0.09028553368989378,0.3585350289940834
436,436,3.5692942142486572,3.6096842288970947,2e-07,2.95094713768413,0.01586843468248844,0.06692438309255522,0.09021342056803405,0.3565778434276581
437,437,3.524278402328491,3.5716702938079834,2e-07,2.969713852442662,0.015868729446083307,0.06770001311087981,0.0901014021364972,0.35826320201158524
438,438,3.610619306564331,3.529473304748535,2e-07,2.985401929396252,0.01587988855317235,0.06725088076200336,0.09015684947371483,0.35856471210718155
439,439,3.61613130569458,3.608156442642212,2e-07,2.7679679570989264,0.01586567470803857,0.06777502768090926,0.0900551462545991,0.3614944964647293
440,440,3.620819568634033,3.596658945083618,2e-07,2.8055499427492516,0.015877809841185808,0.06717429455602542,0.09023998351767659,0.36084695160388947
441,441,3.647982358932495,3.666537046432495,2e-07,2.8375630356082002,0.015881197061389685,0.06766236171824858,0.09013499121647328,0.36254750192165375
442,442,3.608687400817871,3.5805673599243164,2e-07,2.8684914740033576,0.015873027965426445,0.06795553767005913,0.09029274166096002,0.36062076687812805
443,443,3.592564344406128,3.5919198989868164,2e-07,2.8937284172028988,0.015887039713561535,0.0676665042701643,0.0900479523697868,0.3597448691725731
444,444,3.6309762001037598,3.5740392208099365,2e-07,2.9175764069907806,0.015886619221419096,0.06743446101609152,0.09016600053291768,0.36214468628168106
445,445,3.59869647026062,3.597166061401367,2e-07,2.9391475945169394,0.015885252505540848,0.06759185811097268,0.09015420987270772,0.3614029884338379
446,446,3.613192558288574,3.6055984497070312,2e-07,2.9589023756364923,0.015868048183619976,0.06759140998474322,0.09016288130078465,0.3627944588661194
447,447,3.5901780128479004,3.6676156520843506,2e-07,2.9755556333525757,0.015881025232374668,0.06748258303559851,0.09019666048698127,0.36174026131629944
448,448,3.600888729095459,3.570537567138672,2e-07,2.9914715962643874,0.01587702427059412,0.06753814501280431,0.09020567790139467,0.3649066463112831
449,449,3.5725486278533936,3.660245895385742,2e-07,3.0051133210545773,0.015877722296863794,0.06748506834264845,0.09024421067442745,0.3632560893893242
450,450,3.5993430614471436,3.669814348220825,2e-07,3.0186789514533583,0.015875895973294973,0.06747194065246731,0.090237881639041,0.365123450756073
451,451,3.618162155151367,3.6583659648895264,2e-07,3.0293587670593536,0.015882122330367565,0.06838407773466315,0.09016317478381097,0.36408261954784393
452,452,3.5908238887786865,3.644505262374878,2e-07,3.0390964149954613,0.015877028927206993,0.06778741141897626,0.08999176160432398,0.3639358952641487
453,453,3.5717477798461914,3.5837905406951904,2e-07,3.0480122531782046,0.01588489906862378,0.06792525603668764,0.09019256429746747,0.3630766272544861
454,454,3.587351083755493,3.6100776195526123,2e-07,3.0571943668916597,0.015888255089521408,0.06787583616096526,0.09000296983867884,0.3660619854927063
455,455,3.6227099895477295,3.5702383518218994,2e-07,3.065281813186673,0.015883549582213163,0.06740857285331003,0.09022511064540595,0.36564695835113525
456,456,3.588395595550537,3.5646278858184814,2e-07,3.072313526466196,0.01587521191686392,0.0677151766140014,0.09028606733772904,0.36706849932670593
457,457,3.573908805847168,3.611194133758545,2e-07,3.07877082185459,0.01588665833696723,0.06762617446656805,0.09022747026756406,0.36429425328969955
458,458,3.631150245666504,3.609727621078491,2e-07,3.0843461848932034,0.0158644188195467,0.06788727806997485,0.09024046827107668,0.3685869127511978
459,459,3.6229493618011475,3.6043448448181152,2e-07,3.0895471438975757,0.015881300438195467,0.06752640119520947,0.09008123609237373,0.3674752861261368
460,460,3.579817771911621,3.662461519241333,2e-07,3.094667263585808,0.015877621714025736,0.0675570746534504,0.09020245366264135,0.36612875014543533
461,461,3.637662410736084,3.654613733291626,2e-07,3.097604283765651,0.015877842903137207,0.06734788679750636,0.09023092791903764,0.3695461302995682
462,462,3.5799922943115234,3.5730502605438232,2e-07,3.102446712351591,0.015863812994211912,0.06783972308039665,0.09025023074354976,0.3666485473513603
463,463,3.7012455463409424,3.6446125507354736,2e-07,3.1048179177747075,0.01586646307259798,0.0672375727299368,0.09028331749141216,0.3700147047638893
464,464,3.576639413833618,3.573028802871704,2e-07,3.1074899381762027,0.01587840123102069,0.06802228928427212,0.09007277642376721,0.3696439042687416
465,465,3.623509168624878,3.586956262588501,2e-07,3.110121326676863,0.015871981158852577,0.06787322633317672,0.09026889968663454,0.3663310930132866
466,466,3.5938241481781006,3.6534790992736816,2e-07,3.112454263474495,0.015882881823927164,0.06741168296139222,0.09024741081520915,0.3692181408405304
467,467,3.603278160095215,3.5844407081604004,2e-07,3.113631537221761,0.01587586710229516,0.06779809799627401,0.09028114017564803,0.3701552674174309
468,468,3.6732254028320312,3.706437826156616,2e-07,3.1161928818031592,0.01588220940902829,0.06786302907858044,0.09020885149948299,0.3663948029279709
469,469,3.5959150791168213,3.5617313385009766,2e-07,3.118525737232255,0.015902339480817318,0.06737401905411389,0.09025720448698848,0.3703849986195564
470,470,3.584419012069702,3.6471076011657715,2e-07,3.1196028458318077,0.015878769103437662,0.06761190187535249,0.09023438266012818,0.3720964044332504
471,471,3.628713607788086,3.608020782470703,2e-07,3.120766047790539,0.01588178100064397,0.06767135742120445,0.09013459796551615,0.37229809165000916
472,472,3.568309783935547,3.6089980602264404,2e-07,3.122346954151562,0.015886861830949783,0.06797703774645925,0.09032326412852854,0.3687029033899307
473,473,3.5942742824554443,3.581726312637329,2e-07,3.1233839029538237,0.015874302946031094,0.06788116539246403,0.09022583509795368,0.3722485974431038
474,474,3.5817484855651855,3.592846632003784,2e-07,3.124090743885071,0.015887923073023558,0.06763646559556946,0.09024986287113279,0.3724365681409836
475,475,3.6089651584625244,3.5731353759765625,2e-07,3.1253788104849427,0.015869958326220512,0.06794579094275832,0.09017012815456837,0.37345553934574127
476,476,3.574995279312134,3.5869128704071045,2e-07,3.1265210849779566,0.01589020946994424,0.06813264774973504,0.09040221339091659,0.37341955304145813
477,477,3.556623697280884,3.5569968223571777,2e-07,3.127353224699873,0.015893119387328625,0.0683818810939556,0.09024274721741676,0.3729930520057678
478,478,3.624859094619751,3.5937514305114746,2e-07,3.1284736628047676,0.015874032862484455,0.06805820278532337,0.0901868452783674,0.37191613018512726
479,479,3.611253261566162,3.5506293773651123,2e-07,3.1289805465657627,0.015884567517787218,0.06798618956236169,0.0901536449091509,0.37611018866300583
480,480,3.595918655395508,3.574843406677246,2e-07,3.129737172728961,0.015865833964198828,0.06746814050711691,0.09012058493681252,0.37695448845624924
481,481,3.5898356437683105,3.623664140701294,2e-07,3.1296966593505857,0.01587907411158085,0.06782628645305522,0.09029916254803538,0.3752949759364128
482,482,3.6162476539611816,3.619900703430176,2e-07,3.1307975707275624,0.01587782334536314,0.06782700950861908,0.0902284795884043,0.3753563165664673
483,483,3.5955071449279785,3.5585544109344482,2e-07,3.1313548061298886,0.015886120032519102,0.06818243075395003,0.0903920098207891,0.3740907683968544
484,484,3.581048011779785,3.5704541206359863,2e-07,3.1317919492615967,0.015897017903625965,0.06791350079583935,0.09032893774565309,0.37481752038002014
485,485,3.5567331314086914,3.672941207885742,2e-07,3.132654246834695,0.015880783088505268,0.06828063918510452,0.09025382495019585,0.3753489777445793
486,486,3.6121339797973633,3.6012139320373535,2e-07,3.1326802313192923,0.015881285071372986,0.06761562399333343,0.09014751901850104,0.3753288984298706
487,487,3.598450183868408,3.5939395427703857,2e-07,3.1334324225289145,0.01587291480973363,0.06817879999289289,0.09016130841337144,0.37418513745069504
488,488,3.5834014415740967,3.554626703262329,2e-07,3.132088431282794,0.015861512161791325,0.06790242264105473,0.09027543920092285,0.3789876326918602
489,489,3.587930202484131,3.5591835975646973,2e-07,3.1320326950193933,0.015885305125266314,0.06746640375058632,0.09021370986010879,0.379178024828434
490,490,3.616023540496826,3.565896987915039,2e-07,3.1324961355512966,0.015896619763225317,0.06737760087708011,0.09022191888652742,0.376706525683403
491,491,3.5602054595947266,3.625577926635742,2e-07,3.1326883676556068,0.015867182053625584,0.0684223807475064,0.0902521793032065,0.37837228178977966
492,492,3.569375514984131,3.5581157207489014,2e-07,3.1317783596650344,0.01587897166609764,0.06799988306011073,0.09028755989857018,0.3793340399861336
493,493,3.6153628826141357,3.6410772800445557,2e-07,3.132545578303815,0.015874873846769333,0.06837440666276962,0.09028162714093924,0.38016410917043686
494,494,3.6084349155426025,3.537201404571533,2e-07,3.1322249286918145,0.01587381586432457,0.0680447363993153,0.09023425623308867,0.3757483586668968
495,495,3.528602123260498,3.57382869720459,2e-07,3.1327937378480755,0.01588014652952552,0.06830601570254657,0.09034010535106063,0.38005848228931427
496,496,3.5901432037353516,3.5301852226257324,2e-07,3.132968929286293,0.015892982482910156,0.06773439535754733,0.09032791689969599,0.3791676089167595
497,497,3.5323002338409424,3.5547256469726562,2e-07,3.1330743166421997,0.015871305484324694,0.06805139403149951,0.09033284115139395,0.380553163588047
498,498,3.5731942653656006,3.643514394760132,2e-07,3.1332907192726425,0.01588540757074952,0.06804365708376281,0.09046768734697253,0.3841395899653435
499,499,3.597484588623047,3.51696515083313,2e-07,3.1330068785720075,0.015872307121753693,0.06797066653962247,0.09034475916996598,0.3822227939963341
500,500,3.552424907684326,3.597691535949707,2e-07,2.898822801193368,0.01586914574727416,0.06788374605821446,0.09037378197535872,0.3813834488391876
501,501,3.5676493644714355,3.584484577178955,2e-07,2.9228430483765324,0.015887340996414423,0.06803495483472943,0.09040194936096668,0.38296152651309967
502,502,3.617745876312256,3.6125600337982178,2e-07,2.9440571284949026,0.015872949734330177,0.06822995658149011,0.09025518095586449,0.38213079422712326
503,503,3.608860969543457,3.5781033039093018,2e-07,2.963406604125692,0.015879584942013025,0.06773958358098753,0.09035516495350748,0.3791690021753311
504,504,3.615144968032837,3.5630009174346924,2e-07,2.981827625181263,0.0158916343934834,0.0679002734250389,0.09027877275366336,0.3811068460345268
505,505,3.58571457862854,3.544977903366089,2e-07,2.9965977888242423,0.01586495665833354,0.06802766202599742,0.09037525788880885,0.382072351872921
506,506,3.6495745182037354,3.5502846240997314,2e-07,3.0104971973955044,0.01587795140221715,0.06831493001664057,0.09043210186064243,0.38511937111616135
507,507,3.5845038890838623,3.575594186782837,2e-07,3.02315240425559,0.01588746579363942,0.06837865235866047,0.09028500260319561,0.3856610357761383
508,508,3.5492162704467773,3.5478529930114746,2e-07,3.0329092447744146,0.01585512701421976,0.06885203506681137,0.09042618796229362,0.38491735607385635
509,509,3.5727908611297607,3.591515064239502,2e-07,3.0425522285153543,0.015877406112849712,0.06827218580292538,0.09038939198944718,0.3870769813656807
510,510,3.549762487411499,3.6015219688415527,2e-07,3.052081934106627,0.01587114343419671,0.06871713954024017,0.09037717420142144,0.3858169913291931
511,511,3.609147310256958,3.535022258758545,2e-07,3.0607769766924315,0.015892338007688522,0.06791453607729636,0.09038610709831119,0.38180314749479294
512,512,3.551074504852295,3.604282855987549,2e-07,3.067443134864977,0.0158857274800539,0.06853466041502543,0.09022415988147259,0.38751937448978424
513,513,3.5888283252716064,3.5564801692962646,2e-07,3.0743987934535104,0.01588154397904873,0.0688704325875733,0.0904715908691287,0.384412445127964
514,514,3.6064035892486572,3.608424425125122,2e-07,3.078334204344027,0.015892789233475924,0.0681277318217326,0.09042791335377842,0.3852819949388504
515,515,3.560884714126587,3.5629255771636963,2e-07,3.0835171199111,0.015886838547885418,0.06785746835521422,0.09033716900739819,0.38235169649124146
516,516,3.5746376514434814,3.5731754302978516,2e-07,3.088907144459587,0.01588457077741623,0.06771653867326677,0.09030021470971406,0.38501620292663574
517,517,3.5981032848358154,3.54638934135437,2e-07,3.0927370730619708,0.015878643840551376,0.06852352255373262,0.09047498798463494,0.38709135353565216
518,518,3.5671286582946777,3.594616413116455,2e-07,3.097012653521291,0.015888100489974022,0.06807471072534099,0.09030831861309707,0.386081337928772
519,519,3.5851645469665527,3.5968940258026123,2e-07,3.1008394644219806,0.015888845082372427,0.06842466563102789,0.09038399299606681,0.38748476654291153
520,520,3.585845708847046,3.583209276199341,2e-07,3.104738857011058,0.015891538467258215,0.06816345002152957,0.09040739142801613,0.3884066641330719
521,521,3.59015154838562,3.61367130279541,2e-07,3.1075570864152398,0.015876217279583216,0.0680861240834929,0.09040368162095547,0.38878946006298065
522,522,3.547492742538452,3.5637402534484863,2e-07,3.110214961431802,0.015885416883975267,0.06829016556730494,0.09028990135993809,0.38728372007608414
523,523,3.535672664642334,3.5566439628601074,2e-07,3.1123465721535006,0.015880382619798183,0.06841976614668965,0.09030803327914327,0.38731899112463
524,524,3.5143842697143555,3.573789596557617,2e-07,3.1137995032894072,0.01589795993641019,0.06793502846267074,0.09028890845365822,0.38889599591493607
525,525,3.5234999656677246,3.579583168029785,2e-07,3.1150530029709254,0.01587054831907153,0.06822560302680358,0.09030569798778743,0.3881891593337059
526,526,3.554889440536499,3.5735769271850586,2e-07,3.117834811838035,0.015894473530352116,0.06860884005436674,0.09037279128096998,0.38799480348825455
527,527,3.578096628189087,3.6280441284179688,2e-07,3.11962324719701,0.015885837376117706,0.06867315189447254,0.09043218672741205,0.3907170370221138
528,528,3.5313892364501953,3.580005645751953,2e-07,3.1217549134301152,0.015882332809269428,0.06800233095418662,0.09035748662427068,0.3905847445130348
529,529,3.550670862197876,3.676215410232544,2e-07,3.1225929393278147,0.015863361302763224,0.06844045853358693,0.09041153464931995,0.39090749621391296
530,530,3.5938308238983154,3.5744011402130127,2e-07,3.1238793977091244,0.015875936020165682,0.06830761418677866,0.09038862970191985,0.3902142643928528
531,531,3.5288188457489014,3.5663418769836426,2e-07,3.1249940841637587,0.015868762508034706,0.06865291269787122,0.09042512800078839,0.3913947641849518
532,532,3.6226589679718018,3.5551297664642334,2e-07,3.125505374278095,0.015888015273958445,0.06845632135809865,0.09030694351531565,0.39055895060300827
533,533,3.563966751098633,3.5833256244659424,2e-07,3.127271786905788,0.015894060488790274,0.06835933777620085,0.09032506984658539,0.3908078074455261
534,534,3.544936180114746,3.583688974380493,2e-07,3.1263829136696777,0.015879238955676556,0.06862141861347482,0.090386355179362,0.3905968517065048
535,535,3.5431439876556396,3.5893170833587646,2e-07,3.126888560373568,0.015872085001319647,0.06763685293844901,0.09049185027834028,0.3888901472091675
536,536,3.568150520324707,3.535466194152832,2e-07,3.1277560632437766,0.015884569380432367,0.06850413526990451,0.09040500782430172,0.3903660997748375
537,537,3.5615758895874023,3.6477553844451904,2e-07,3.128740601668608,0.01588778756558895,0.06829459499567747,0.09055232291575521,0.39351576566696167
538,538,3.5317490100860596,3.5467586517333984,2e-07,3.1293698746167045,0.01588155934587121,0.06831818533828482,0.09030608949251473,0.3932296633720398
539,539,3.613959789276123,3.567068576812744,2e-07,3.130372979647907,0.015875124838203192,0.06813931875512935,0.09040646778885275,0.39081426709890366
540,540,3.5310420989990234,3.5450689792633057,2e-07,3.1312601799866906,0.015862378291785717,0.06856304785469547,0.09040214610286057,0.39405407756567
541,541,3.561309814453125,3.573071002960205,2e-07,3.1295743171355936,0.015887698158621788,0.06837811478180811,0.09038491151295602,0.3898226171731949
542,542,3.513646125793457,3.5473763942718506,2e-07,3.1313628909753546,0.015868994407355785,0.06849263522599358,0.0905413688160479,0.3940998762845993
543,543,3.56300950050354,3.6393744945526123,2e-07,3.1315406026150385,0.015871898271143436,0.06837360515783075,0.09046258952002972,0.391977995634079
544,544,3.5441436767578125,3.5791871547698975,2e-07,3.132145271009929,0.01589985517784953,0.06856793496990576,0.09032616426702589,0.3944381773471832
545,545,3.5343663692474365,3.601935863494873,2e-07,3.132193212389823,0.01588453259319067,0.06875208688143175,0.09049365355167538,0.39356980472803116
546,546,3.6133663654327393,3.5430002212524414,2e-07,3.1330806546518737,0.01586225163191557,0.06837428783182986,0.09035660314839333,0.396062009036541
547,547,3.5515623092651367,3.5544142723083496,2e-07,3.133549019922059,0.01587372599169612,0.06876204098807648,0.09035143756773323,0.39650747179985046
548,548,3.580486536026001,3.562652111053467,2e-07,3.133776642836371,0.01587824523448944,0.06844209734117612,0.09046856826171279,0.3955983594059944
549,549,3.583846092224121,3.6431937217712402,2e-07,3.13357465704438,0.01588164083659649,0.06867538153892383,0.09043257392477244,0.3988138511776924
550,550,3.5740482807159424,3.5497641563415527,2e-07,3.133491658969051,0.01587293390184641,0.06900362626765855,0.0904088921379298,0.3982342258095741
551,551,3.5403263568878174,3.5309910774230957,2e-07,3.1336253276883483,0.015878407284617424,0.06838069725199603,0.09042082785163075,0.3930455967783928
552,552,3.5645945072174072,3.6215500831604004,2e-07,3.1348250812007183,0.015876914840191603,0.06847636171733029,0.09045831183902919,0.39580031484365463
553,553,3.5436041355133057,3.596391439437866,2e-07,3.133777208075919,0.015870140865445137,0.06890497356653214,0.09052776184398681,0.3977237865328789
554,554,3.524454116821289,3.538755416870117,2e-07,3.133482783761954,0.015869460068643093,0.06861889026185963,0.0903093395754695,0.39325781911611557
555,555,3.559468984603882,3.605525493621826,2e-07,3.134055459771455,0.015886816661804914,0.06863910808169749,0.09038778487592936,0.39627012610435486
556,556,3.5248546600341797,3.586928367614746,2e-07,3.1336902113121665,0.015887238550931215,0.06886245321948081,0.09036403778009117,0.39969635754823685
557,557,3.529705047607422,3.576491594314575,2e-07,3.132541136383899,0.015877127647399902,0.06848458363674581,0.09041222312953323,0.3999916613101959
558,558,3.5216634273529053,3.5580215454101562,2e-07,3.133398043993462,0.015876677818596363,0.06844801342231221,0.09034218080341816,0.3973507583141327
559,559,3.5618796348571777,3.570441484451294,2e-07,3.132783102894052,0.015882101375609636,0.06840668365475722,0.09049315808806568,0.3964439108967781
560,560,3.567934513092041,3.5552573204040527,2e-07,3.133024385055937,0.015870654489845037,0.06820380012504756,0.0904518369352445,0.3989502564072609
561,561,3.5876307487487793,3.6045660972595215,2e-07,3.1328397917612723,0.015887709334492683,0.06851492775604129,0.09032797277905047,0.39924608916044235
562,562,3.525111436843872,3.559408664703369,2e-07,3.131691647622381,0.01587139954790473,0.0689509907970205,0.09045053645968437,0.3973511829972267
563,563,3.5753555297851562,3.5781922340393066,2e-07,3.1316833483547275,0.015881423838436604,0.06896970624802634,0.0905127003788948,0.39993179589509964
564,564,3.5853335857391357,3.5646445751190186,2e-07,3.1323388956777616,0.015884128399193287,0.06914916186360642,0.09051720157731324,0.401597298681736
565,565,3.5762062072753906,3.5900745391845703,2e-07,3.132394297485476,0.015882496256381273,0.0685095761436969,0.09032138402108103,0.3989911526441574
566,566,3.5446579456329346,3.581855058670044,2e-07,3.1339635863197906,0.015874726232141256,0.068567924114177,0.09050631627906114,0.398278571665287
567,567,3.5334930419921875,3.5588631629943848,2e-07,3.1342035126706023,0.015896590892225504,0.06860195292392746,0.09036493359599262,0.40124163031578064
568,568,3.5645828247070312,3.5546822547912598,2e-07,3.1339800037506493,0.01589076640084386,0.06860724120633677,0.09052033710759133,0.39896926283836365
569,569,3.5708329677581787,3.5904476642608643,2e-07,3.1340217292081203,0.015866280999034643,0.06829433687380515,0.09038946568034589,0.40291690081357956
570,570,3.5410823822021484,3.571577787399292,2e-07,3.134257963756548,0.015894805546849966,0.06857061984192114,0.09046814183238894,0.3982406556606293
571,571,3.53954815864563,3.507619857788086,2e-07,3.1335710990088375,0.015894127544015646,0.06859688382246532,0.09040434891358018,0.39866794645786285
572,572,3.5797982215881348,3.613739013671875,2e-07,2.9083983590724305,0.015894155483692884,0.06876881222706288,0.0903949192725122,0.40257956832647324
573,573,3.5671732425689697,3.514564037322998,2e-07,2.9328476815544966,0.01588204735890031,0.06855041906237602,0.09046283515635878,0.3999135494232178
574,574,3.5384018421173096,3.53313946723938,2e-07,2.9521050035468495,0.015913925599306822,0.0685793774900958,0.09051514661405236,0.39889560639858246
575,575,3.522709608078003,3.6122446060180664,2e-07,2.9716355212818417,0.01586975483223796,0.06922353844856843,0.09063164598774165,0.40460141748189926
576,576,3.52144193649292,3.5515313148498535,2e-07,2.9867858930800057,0.015882831066846848,0.06839780070004053,0.090421391883865,0.40229613333940506
577,577,3.6485323905944824,3.59574556350708,2e-07,3.0017464187431115,0.015881195198744535,0.06872990771080367,0.0905880881473422,0.4038986936211586
578,578,3.5508525371551514,3.534463405609131,2e-07,3.0148815414386254,0.015884526073932648,0.06897614829358645,0.09058542049024254,0.400908425450325
579,579,3.5725369453430176,3.538811683654785,2e-07,3.0263730833656783,0.015873318072408438,0.06890138357994147,0.09052296064328402,0.4040902480483055
580,580,3.531846523284912,3.65354061126709,2e-07,3.037656729414807,0.01588392024859786,0.06893088351353072,0.09045982139650732,0.40268807858228683
581,581,3.5251097679138184,3.5916030406951904,2e-07,3.0468080617940725,0.015873892232775688,0.06916467609698884,0.09045010944828391,0.40177956223487854
582,582,3.5605132579803467,3.52522349357605,2e-07,3.056618390538317,0.015883204992860556,0.06845801413874142,0.0904699086677283,0.40286685526371
583,583,3.5456128120422363,3.5565314292907715,2e-07,3.0635443148881913,0.01588561525568366,0.06897334058885463,0.09050638088956475,0.4046032652258873
584,584,3.6016223430633545,3.541013240814209,2e-07,3.0707236157749596,0.015903244260698557,0.06874375199549831,0.09043647744692862,0.40092092007398605
585,585,3.5509486198425293,3.5180487632751465,2e-07,3.077005504238935,0.015874294564127922,0.06895998667459935,0.09054178663063794,0.40575840324163437
586,586,3.485717535018921,3.537379741668701,2e-07,3.082647904762257,0.015893360134214163,0.06820191236329265,0.09037957084365189,0.4021860361099243
587,587,3.567030191421509,3.5624003410339355,2e-07,3.088163085676901,0.01589837297797203,0.06877412789617665,0.09034865722060204,0.40442798286676407
588,588,3.5694704055786133,3.655613422393799,2e-07,3.0921314395461397,0.015881622675806284,0.06905729163554497,0.090599374496378,0.4066467136144638
589,589,3.4620773792266846,3.569305658340454,2e-07,3.0973319121897886,0.01588895497843623,0.06912817372358404,0.09051779995206743,0.4048949331045151
590,590,3.5361647605895996,3.6185519695281982,2e-07,3.099705828412561,0.015885177068412304,0.06883728574030101,0.09046618011780083,0.4048621132969856
591,591,3.515404224395752,3.540968656539917,2e-07,3.103024536946795,0.015881869476288557,0.06852382834767923,0.09043006715364754,0.4069172665476799
592,592,3.5090372562408447,3.5741217136383057,2e-07,3.1065211755635174,0.015887027140706778,0.06820341807906516,0.09036517643835396,0.4065283462405205
593,593,3.5552713871002197,3.6265063285827637,2e-07,3.1094247097861736,0.015881046187132597,0.06891345203621313,0.09031860355753452,0.4054235816001892
594,594,3.5128917694091797,3.5084023475646973,2e-07,3.1113823430565652,0.015894117299467325,0.06847410908085294,0.09047572873532772,0.4078852906823158
595,595,3.5099189281463623,3.5367720127105713,2e-07,3.1136364992523844,0.01587795140221715,0.06893121247412637,0.09045382984913886,0.40740175545215607
596,596,3.590186834335327,3.512221336364746,2e-07,3.1160400747321715,0.01588018937036395,0.06835678925563116,0.0904694558121264,0.40592265129089355
597,597,3.5576627254486084,3.5583651065826416,2e-07,3.117564490132229,0.015885486733168364,0.06860822087037377,0.09041196980979294,0.40722065418958664
598,598,3.5192368030548096,3.53485369682312,2e-07,3.1192046700225062,0.01588635053485632,0.06893981643952429,0.09049289452377707,0.40575848519802094
599,599,3.555510997772217,3.5417566299438477,2e-07,3.121185312944423,0.01589038921520114,0.0686609974654857,0.09040951635688543,0.41007062792778015
600,600,3.5299489498138428,3.5819458961486816,2e-07,3.1220436596199863,0.015886880923062563,0.06884654323221184,0.09048420249018818,0.40891093760728836
601,601,3.529362201690674,3.5345675945281982,2e-07,3.123833268909175,0.015859497245401144,0.06921176533796825,0.09056123741902411,0.40827979147434235
602,602,3.5298688411712646,3.527595043182373,2e-07,3.125297201048869,0.015883865766227245,0.06828591373050585,0.09037082316353917,0.406155027449131
603,603,3.5455737113952637,3.5601580142974854,2e-07,3.1261916622553003,0.01588804554194212,0.06945835796068422,0.09037439909297973,0.4083487093448639
604,604,3.5216174125671387,3.5758063793182373,2e-07,3.125992388045103,0.01586723141372204,0.06883502009441145,0.09048360853921622,0.40856069326400757
605,605,3.5975441932678223,3.5973317623138428,2e-07,3.1290667131952823,0.015882686711847782,0.06828055075311568,0.09051430178806186,0.40995053946971893
606,606,3.515467643737793,3.538684129714966,2e-07,3.1281438909053896,0.015885776840150356,0.06876695324899629,0.09051316906698048,0.409187950193882
607,607,3.55702805519104,3.565004825592041,2e-07,3.129160467506235,0.01587794115766883,0.06832957590813749,0.09037094947416335,0.40599144250154495
608,608,3.5025031566619873,3.604233741760254,2e-07,3.1294511405475354,0.015881340019404888,0.06822961136640515,0.09048250818159431,0.4099423661828041
609,609,3.489515542984009,3.557997226715088,2e-07,3.129629513034694,0.015885912347584963,0.06842550844885409,0.09041042032185942,0.41235320270061493
610,610,3.5517842769622803,3.532809257507324,2e-07,3.1303502557558094,0.015883775427937508,0.0684252938372083,0.09040984802413732,0.40852245688438416
611,611,3.4729466438293457,3.5299675464630127,2e-07,3.1305353560723863,0.01589217782020569,0.06892781576607376,0.09045841090846807,0.41145434230566025
612,612,3.4967551231384277,3.542186975479126,2e-07,3.1304234764552428,0.015868301037698984,0.06874145579058677,0.09054588887374848,0.41204212605953217
613,613,3.565077543258667,3.6059818267822266,2e-07,3.130627364611889,0.0158744091168046,0.06874532165238634,0.09050591744016856,0.41241253167390823
614,614,3.54180645942688,3.5284910202026367,2e-07,3.130795338616885,0.01588036585599184,0.06843303647474386,0.09041651466395706,0.4109509214758873
615,615,3.552330255508423,3.594170570373535,2e-07,3.131402329623724,0.015885145403444767,0.06883602874586359,0.09052024234551936,0.41152869910001755
616,616,3.5396082401275635,3.527348041534424,2e-07,3.1319344678210883,0.015888601541519165,0.06861733440018725,0.09059519867878407,0.41031309217214584
617,617,3.459280252456665,3.5032639503479004,2e-07,3.1318391231921336,0.015875375363975763,0.06894893848220818,0.0906433934578672,0.4129982814192772
618,618,3.557969808578491,3.5216944217681885,2e-07,2.8973732087266786,0.01588510675355792,0.06941390989231877,0.09067178901750594,0.41256484389305115
619,619,3.520536184310913,3.5423052310943604,2e-07,2.9215979566070622,0.015880705323070288,0.06899391624028794,0.090577770373784,0.4112098589539528
620,620,3.532284736633301,3.5525965690612793,2e-07,2.942102544855792,0.015876219607889652,0.06851157423807308,0.09061645471956581,0.41115203499794006
621,621,3.5358693599700928,3.483372688293457,2e-07,2.9618678299648447,0.01587111223489046,0.06920275650918484,0.09069933625869453,0.41439372301101685
622,622,3.5227432250976562,3.541564702987671,2e-07,2.7457254188746885,0.015879173763096333,0.068729731530766,0.09063189232256263,0.410411112010479
623,623,3.5543816089630127,3.553187131881714,2e-07,2.7816908433624565,0.015865941997617483,0.06910147285088897,0.09047222963999957,0.41339021176099777
624,624,3.5177292823791504,3.572232961654663,2e-07,2.8174746115536435,0.0158735616132617,0.06936289381701499,0.09055615577381104,0.414858803153038
625,625,3.5519614219665527,3.5079152584075928,2e-07,2.8483465415689397,0.01588882878422737,0.06849982659332454,0.09050120518077165,0.40914687514305115
626,626,3.5055994987487793,3.4887595176696777,2e-07,2.8766685208791323,0.015872472897171974,0.06904203997692093,0.09060671681072563,0.4154454693198204
627,627,3.5237233638763428,3.5373456478118896,2e-07,2.9020835552950626,0.015887362882494926,0.06877982536389027,0.09057750133797526,0.41190534830093384
628,628,3.520557165145874,3.543700695037842,2e-07,2.924631015058008,0.01587174367159605,0.0691883189138025,0.09054759470745921,0.4154318496584892
629,629,3.4643101692199707,3.566246747970581,2e-07,2.9448027695161927,0.015893528703600168,0.06900939525803551,0.09055266622453928,0.4160068482160568
630,630,3.4998538494110107,3.567997932434082,2e-07,2.96311911757335,0.015867785084992647,0.06903865092317574,0.09055296680890024,0.4165874868631363
631,631,3.527223825454712,3.513866424560547,2e-07,2.9793802117851156,0.01588905230164528,0.06885479745687917,0.09056517982389778,0.41551969200372696
632,632,3.507206439971924,3.518820285797119,2e-07,2.994354266259494,0.015880492515861988,0.06952272000489756,0.09058393363375217,0.41609618812799454
633,633,3.504077434539795,3.558664560317993,2e-07,3.0094113972689067,0.015876392368227243,0.06900666054571047,0.09053473884705454,0.41351234167814255
634,634,3.576673984527588,3.585998773574829,2e-07,3.020800317662043,0.015880396589636803,0.06812967616133392,0.09043498255778104,0.41148515045642853
635,635,3.4932894706726074,3.5931878089904785,2e-07,3.03354468664114,0.0158856064081192,0.06897224529529922,0.09056548809166998,0.4147944748401642
636,636,3.488076686859131,3.467498779296875,2e-07,3.0425329075856724,0.015891277231276035,0.06908239016775042,0.09048456593882293,0.4185147359967232
637,637,3.523043155670166,3.5329086780548096,2e-07,2.814132113241805,0.015878610778599977,0.06912564957747236,0.09053257247433066,0.4150363877415657
638,638,3.528897285461426,3.562595844268799,2e-07,2.8478244207228833,0.015865758527070284,0.06888111896114424,0.09066376858390868,0.41606275737285614
639,639,3.53617787361145,3.574047088623047,2e-07,2.875740818880156,0.01587528456002474,0.06876737331913318,0.09049318812321872,0.4161107465624809
640,640,3.5101091861724854,3.5212926864624023,2e-07,2.9014073270395224,0.01590380072593689,0.06862272039870732,0.09040039812680334,0.41315552592277527
641,641,3.4680912494659424,3.555830717086792,2e-07,2.925324402042033,0.015883678570389748,0.06930729965097271,0.0905932221794501,0.4152265191078186
642,642,3.553673028945923,3.5708765983581543,2e-07,2.9460946663832153,0.015889541245996952,0.06899342194083147,0.09050725004635751,0.4181715175509453
643,643,3.5753588676452637,3.550560474395752,2e-07,2.965030244978267,0.015874707140028477,0.06907027348643169,0.09063110535498708,0.4178413301706314
644,644,3.531921625137329,3.5119619369506836,2e-07,2.9822724968925933,0.015882935374975204,0.0694712883559987,0.09046145621687174,0.4173513576388359
645,645,3.510374069213867,3.533658981323242,2e-07,2.997952026717635,0.01587087567895651,0.06925498979398981,0.09046303562354296,0.41618745774030685
646,646,3.5806732177734375,3.5067460536956787,2e-07,3.010452509065225,0.015880861785262823,0.06884160028130282,0.09070447692647576,0.41780953109264374
647,647,3.555230140686035,3.5040969848632812,2e-07,3.0238102100887096,0.015879298094660044,0.06921273685293272,0.0905242192093283,0.418348990380764
648,648,3.534529685974121,3.576260566711426,2e-07,3.0339642537575,0.015885454136878252,0.06924813392106444,0.09050884388852865,0.41758833080530167
649,649,3.5036685466766357,3.535356283187866,2e-07,3.042617496493374,0.01587494695559144,0.06909810131764971,0.09056803025305271,0.420019194483757
650,650,3.505552291870117,3.4992451667785645,2e-07,3.0533556091495115,0.015880171675235033,0.06962771108374,0.09054836584255099,0.41829387098550797
651,651,3.500345230102539,3.5413849353790283,2e-07,3.0605579230623765,0.015875338576734066,0.06902229110710323,0.09059032530058175,0.4173356369137764
652,652,3.4893109798431396,3.5807530879974365,2e-07,3.0689299680375717,0.015880435705184937,0.06907659611897543,0.09058269311208278,0.41638075560331345
653,653,3.524413585662842,3.5138938426971436,2e-07,3.074968766490127,0.015892304945737123,0.06870414508739486,0.09047917579300702,0.41534512490034103
654,654,3.518042802810669,3.4868826866149902,2e-07,3.08168584175256,0.01588755426928401,0.06910729844821617,0.09052535227965564,0.4209730178117752
655,655,3.458070755004883,3.517151355743408,2e-07,3.0860221163320523,0.01588560314849019,0.06840722112974618,0.0905478032073006,0.4193960130214691
656,656,3.5365939140319824,3.5133934020996094,2e-07,3.0910455776802874,0.015878825914114714,0.06873729915241711,0.0906312563456595,0.41894959658384323
657,657,3.5308167934417725,3.4875755310058594,2e-07,3.0949763838768556,0.015872087329626083,0.0687625925638713,0.09051572217140347,0.4182192161679268
658,658,3.50229549407959,3.5690865516662598,2e-07,3.098719335536552,0.01587368967011571,0.06918524720822461,0.09057689970359206,0.42056719213724136
659,659,3.4857192039489746,3.508483409881592,2e-07,3.1017897623348984,0.015897664707154036,0.06902689667185768,0.09041632572188973,0.4193967878818512
660,660,3.520498037338257,3.5334410667419434,2e-07,3.1054467104560772,0.01588152628391981,0.06907794982544146,0.0905080639058724,0.4184538945555687
661,661,3.5362281799316406,3.4933600425720215,2e-07,3.107877508349051,0.015888597816228867,0.06938847582205199,0.09055093524511904,0.4211997538805008
662,662,3.496642589569092,3.575302839279175,2e-07,3.110645409293154,0.015890320297330618,0.06895165670721326,0.09054479107726365,0.4184003546833992
663,663,3.5033669471740723,3.5278613567352295,2e-07,3.1127939382707135,0.015889723785221577,0.06850381640833803,0.09038238553330302,0.4157891049981117
664,664,3.503966808319092,3.6244521141052246,2e-07,3.1148341935822486,0.015886603854596615,0.06912399700377136,0.09064270136877894,0.421962171792984
665,665,3.5474138259887695,3.5280673503875732,2e-07,3.1164848388094386,0.01588294329121709,0.06914362384122796,0.09057696966920048,0.4236713796854019
666,666,3.530214786529541,3.5608842372894287,2e-07,3.117464181251299,0.01587804453447461,0.06945018423721194,0.09055042825639248,0.42237919569015503
667,667,3.464641571044922,3.513986349105835,2e-07,3.1195522707039096,0.01589813595637679,0.0694113164790906,0.0906937139807269,0.4213139936327934
668,668,3.5020155906677246,3.513838052749634,2e-07,3.12063945557895,0.01589114824309945,0.06871930157649331,0.09056366106960922,0.42284050583839417
669,669,3.5224225521087646,3.576961040496826,2e-07,3.1224730765553885,0.015890466049313545,0.06838100918685086,0.09053889533970505,0.42088179290294647
670,670,3.4793922901153564,3.565840482711792,2e-07,3.123332332058607,0.015882133040577173,0.0685611367225647,0.09052533970680088,0.42259858548641205
671,671,3.503695011138916,3.557036876678467,2e-07,3.123792205363054,0.015890704467892647,0.0689230498537654,0.09055031929165125,0.42133819311857224
672,672,3.535921812057495,3.6822962760925293,2e-07,3.125384979350997,0.01587041188031435,0.06897320307325572,0.09055845416150987,0.4209316074848175
673,673,3.444319248199463,3.564445734024048,2e-07,3.1259671472669086,0.015886588022112846,0.06886152093647979,0.09060886153019965,0.421389177441597
674,674,3.5508992671966553,3.513827085494995,2e-07,3.1276674880385977,0.015877891331911087,0.06921310641337186,0.09054674324579537,0.4226780906319618
675,675,3.488513946533203,3.538752555847168,2e-07,3.127705105218785,0.015890937764197588,0.0691603043815121,0.09057948272675276,0.4205024912953377
676,676,3.4441537857055664,3.5734729766845703,2e-07,3.128605550556012,0.015874686185270548,0.06857479250174947,0.09059946681372821,0.42267438024282455
677,677,3.494471788406372,3.584365129470825,2e-07,3.1293218625236126,0.015895283315330744,0.06887582817580551,0.0905588660389185,0.4248691350221634
678,678,3.5772969722747803,3.5611231327056885,2e-07,3.130776987996436,0.015894155483692884,0.06885819332092069,0.09052752470597625,0.4217013418674469
679,679,3.5107619762420654,3.4858899116516113,2e-07,3.1332711128763466,0.015894323587417603,0.06883773549634498,0.09033746889326721,0.4198906868696213
680,680,3.4943485260009766,3.540529251098633,2e-07,3.134968130063865,0.015881990548223257,0.06919128782465123,0.09047795203514397,0.421797938644886
681,681,3.5432426929473877,3.5521836280822754,2e-07,3.1367275903793645,0.015883249696344137,0.06905260289204307,0.09053946821950376,0.42371878027915955
682,682,3.533769130706787,3.529909610748291,2e-07,3.1369701156249485,0.01589125394821167,0.06874688225798309,0.09050233813468367,0.42263656854629517
683,683,3.4834532737731934,3.5315403938293457,2e-07,3.1363007156146776,0.01589309796690941,0.06877125060418621,0.09056836389936507,0.4242818206548691
684,684,3.4969334602355957,3.5657715797424316,2e-07,3.1380491987002768,0.015885279048234224,0.06888419680763036,0.09049644984770566,0.4213053286075592
685,685,3.504178047180176,3.5250916481018066,2e-07,3.1387368364656116,0.015874463599175215,0.06842355610569939,0.09060131816659123,0.4239831268787384
686,686,3.4951300621032715,3.487043619155884,2e-07,3.139473840415985,0.01589676784351468,0.068590445589507,0.09058897010982037,0.4226009026169777
687,687,3.5014290809631348,3.547071933746338,2e-07,3.140654829148177,0.015872039832174778,0.06872751319315284,0.09051733650267124,0.42328085005283356
688,688,3.4574151039123535,3.525972366333008,2e-07,3.141894949729249,0.01590060582384467,0.06914937862893566,0.09058061148971319,0.4263775274157524
689,689,3.498023509979248,3.51570200920105,2e-07,3.142413702016727,0.015892971772700548,0.06900327280163765,0.09051080292556435,0.4250321015715599
690,690,3.5567147731781006,3.506765365600586,2e-07,3.141432682894613,0.015883250627666712,0.06893927136843558,0.09047429007478058,0.42391055077314377
691,691,3.5379087924957275,3.4671690464019775,2e-07,3.1386312367473477,0.015891761053353548,0.06923690519761294,0.09045793721452355,0.4256100282073021
692,692,3.4661753177642822,3.541717767715454,2e-07,2.9112128616161326,0.015892321709543467,0.06927163212094456,0.09058927767910063,0.42327971011400223
693,693,3.4974584579467773,3.528069019317627,2e-07,2.931480115465339,0.01588050602003932,0.06872603789088316,0.0905792125267908,0.4254320561885834
694,694,3.518214464187622,3.501070261001587,2e-07,2.9484987550957853,0.01589734060689807,0.0687015627627261,0.09053543698973954,0.42257144302129745
695,695,3.532379627227783,3.540482997894287,2e-07,2.966539829850295,0.015877867583185434,0.0694076388317626,0.09057791309896857,0.42772727459669113
696,696,3.5324795246124268,3.5249228477478027,2e-07,2.9838386993926984,0.015874079894274473,0.06916316115530208,0.09059132030233741,0.4243093580007553
697,697,3.497373104095459,3.542085886001587,2e-07,2.9992142661546324,0.01589176570996642,0.06886043475242332,0.09063123585656285,0.42463528364896774
698,698,3.4734249114990234,3.523595094680786,2e-07,3.0125263726792464,0.01588023779913783,0.06905007746536285,0.09063455672003329,0.42632927745580673
699,699,3.51332688331604,3.5517349243164062,2e-07,3.0247940348285374,0.015897396486252546,0.06918958408641629,0.09062004007864743,0.4252915009856224
700,700,3.556427240371704,3.528470039367676,2e-07,3.035639223002569,0.015885070897638798,0.06903140962822363,0.09067461197264493,0.4280587136745453
701,701,3.5939271450042725,3.539147138595581,2e-07,3.045692484599707,0.01588072581216693,0.06895979793625884,0.0905257873237133,0.4232436940073967
702,702,3.560556411743164,3.5374135971069336,2e-07,3.0548472745146578,0.015889796428382397,0.06893126430804841,0.09067056374624372,0.42776672542095184
703,703,3.5787196159362793,3.5591013431549072,2e-07,3.0629606322016367,0.015865067951381207,0.0689605847292114,0.09055778966285288,0.4276212230324745
704,704,3.5567104816436768,3.5519564151763916,2e-07,3.0693683321624357,0.015880057122558355,0.06970091327093542,0.09057296463288367,0.4257363975048065
705,705,3.457716703414917,3.5468032360076904,2e-07,3.075168320244243,0.01590396650135517,0.06857994780875742,0.09052076085936278,0.4218035563826561
706,706,3.430652379989624,3.530552387237549,2e-07,3.0813698636037405,0.015885923989117146,0.06859404340502806,0.09050422138534486,0.4267202913761139
707,707,3.4912521839141846,3.6002233028411865,2e-07,3.0866401026535066,0.015902843791991472,0.06920276227174327,0.09062087594065815,0.42791005223989487
708,708,3.520578145980835,3.486668109893799,2e-07,3.091488615355556,0.015875412616878748,0.0695517884742003,0.09064146329183131,0.42765913903713226
709,709,3.5197601318359375,3.4924423694610596,2e-07,3.096177803364045,0.015880604274570942,0.0689854656229727,0.09060758305713534,0.4256313443183899
710,710,3.5022315979003906,3.479701042175293,2e-07,3.1002493787912035,0.01588247111067176,0.06950330670224503,0.09064578451216221,0.42645077407360077
711,711,3.492067575454712,3.541710615158081,2e-07,3.102955634802988,0.015885943081229925,0.06885006348602474,0.09055611863732338,0.4260956421494484
712,712,3.4908885955810547,3.53369402885437,2e-07,3.1059790143999844,0.01588263176381588,0.06949824560433626,0.09057267510797828,0.42882227897644043
713,713,3.476053476333618,3.556809902191162,2e-07,3.109497101725236,0.015880725346505642,0.06920243927743286,0.09067008388228714,0.42855240404605865
714,714,3.5480329990386963,3.513547658920288,2e-07,3.1120988006273564,0.01589110353961587,0.06912964675575495,0.09058526752050966,0.42944370955228806
715,715,3.4919145107269287,3.4769349098205566,2e-07,3.1150034900231818,0.01589290425181389,0.06925574544584379,0.09061294025741518,0.4302437752485275
716,716,3.5562551021575928,3.517085552215576,2e-07,3.1168891741342506,0.01588669279590249,0.06888824186171405,0.09047723037656397,0.42973683774471283
717,717,3.490884304046631,3.5072133541107178,2e-07,3.119088610815967,0.015874593053013086,0.06926237231527921,0.09060167067218572,0.43074584007263184
718,718,3.4694957733154297,3.5147924423217773,2e-07,3.121560663642432,0.015885120257735252,0.06880939431721345,0.09063988970592618,0.43074391037225723
719,719,3.5528407096862793,3.4839303493499756,2e-07,3.122280761467239,0.01588429044932127,0.06917158205760643,0.09057390759699047,0.428900383412838
720,720,3.448514461517334,3.5101263523101807,2e-07,3.123994904413786,0.015883910935372114,0.06909089937107638,0.09068524348549545,0.430346317589283
721,721,3.4892117977142334,3.532463312149048,2e-07,3.1238553288610604,0.015889585949480534,0.06877541070571169,0.09051685186568648,0.4304291680455208
722,722,3.4953489303588867,3.5142972469329834,2e-07,3.1244833132156655,0.015887032262980938,0.06906087943934835,0.0906699582701549,0.42984385788440704
723,723,3.504232406616211,3.518206834793091,2e-07,3.1260126485693873,0.01587744988501072,0.06880427250871435,0.09053278609644622,0.4297192469239235
724,724,3.5800929069519043,3.5204050540924072,2e-07,3.126275579245212,0.01587728690356016,0.06933403361472301,0.09055405913386494,0.4287533760070801
725,725,3.52944278717041,3.509706974029541,2e-07,3.126595312294823,0.015887115616351366,0.06892523536225781,0.09059430251363665,0.4291723072528839
726,726,3.5122714042663574,3.5338542461395264,2e-07,3.1275048688323412,0.01587815023958683,0.06874370534205809,0.09064666728954762,0.43124739825725555
727,727,3.497739791870117,3.525594711303711,2e-07,3.128357418394284,0.01589600509032607,0.06915752842905931,0.09062128479126841,0.4284045919775963
728,728,3.4804177284240723,3.510409116744995,2e-07,3.129078035462421,0.015904854517430067,0.06906302642892115,0.09056531055830419,0.4300420954823494
729,729,3.4957969188690186,3.5402681827545166,2e-07,3.1298390648482854,0.01588797615841031,0.06849151040660217,0.09051297791302204,0.4298873692750931
730,730,3.523777484893799,3.558220863342285,2e-07,3.1305791967383785,0.015887892339378595,0.06913808730314486,0.09056060784496367,0.4302806854248047
731,731,3.502542734146118,3.479400634765625,2e-07,3.131318244714138,0.015892272349447012,0.06927565587102436,0.09052536892704666,0.4273374304175377
732,732,3.4974472522735596,3.53460693359375,2e-07,3.131342348383015,0.015883467625826597,0.0690589948935667,0.09049724822398275,0.43031591922044754
733,733,3.5513885021209717,3.542017698287964,2e-07,3.1320688335664553,0.015885476488620043,0.06888852384872735,0.09058376704342663,0.4320206195116043
734,734,3.519679546356201,3.522325038909912,2e-07,3.1325208765291936,0.015873060561716557,0.06848976050969213,0.09060333098750561,0.4298122152686119
735,735,3.4617347717285156,3.4925801753997803,2e-07,3.131732914006117,0.01587508199736476,0.06940313335508108,0.090613454580307,0.43145087361335754
736,736,3.437002420425415,3.5094597339630127,2e-07,3.1327167768448088,0.015899901743978262,0.06942037510452792,0.09054725395981222,0.4313630759716034
737,737,3.482393741607666,3.4978179931640625,2e-07,3.132068004922396,0.015886453911662102,0.06876005730009638,0.09068536234553903,0.42911676317453384
738,738,3.4952337741851807,3.552894115447998,2e-07,3.1330261671317703,0.015887928660959005,0.06937031663255766,0.0905725808115676,0.4326664134860039
739,739,3.4614791870117188,3.548567771911621,2e-07,3.1341641874147785,0.01588595611974597,0.06917909922776744,0.0906626150244847,0.43089060485363007
740,740,3.4744455814361572,3.4976861476898193,2e-07,3.133933323274877,0.015881548170000315,0.06911421858239919,0.09064859198406339,0.4300928935408592
741,741,3.5892341136932373,3.50077748298645,2e-07,3.1336726450857095,0.0159113178960979,0.06891048404213507,0.09053686889819801,0.43049659579992294
742,742,3.534499168395996,3.5204286575317383,2e-07,3.1345676266598677,0.01588836358860135,0.06923662932240404,0.09064512129407376,0.4322390481829643
743,743,3.491117000579834,3.5366411209106445,2e-07,3.1343606284961427,0.015883333515375853,0.06958286697044969,0.09063041501212865,0.4336703345179558
744,744,3.4836649894714355,3.5254836082458496,2e-07,3.1336241091453707,0.015888761729002,0.06909427282516845,0.0905607818858698,0.4333137795329094
745,745,3.534501075744629,3.4884934425354004,2e-07,3.1340905388287785,0.015896864235401154,0.06891039904439822,0.09055693983100355,0.43170690536499023
746,746,3.4782514572143555,3.531517744064331,2e-07,3.133346571969639,0.015884131658822298,0.06944581208517775,0.09061150485649705,0.4328852742910385
747,747,3.4930455684661865,3.5130176544189453,2e-07,3.1340753977311944,0.015887088142335415,0.06934572508907877,0.0906980715226382,0.4346863254904747
748,748,3.454779624938965,3.48171067237854,2e-07,3.1333582592029923,0.01588464993983507,0.06902525838813744,0.09062532777898014,0.4336001127958298
749,749,3.44162917137146,3.4394750595092773,2e-07,3.1332482041919776,0.01589866355061531,0.06875332022900693,0.09067034081090242,0.43165531754493713
750,750,3.532222032546997,3.4998221397399902,2e-07,2.907338647911469,0.015892991796135902,0.06955086655216292,0.09060822345782071,0.4347587525844574
751,751,3.4928600788116455,3.5637664794921875,2e-07,2.93191253175659,0.015897244215011597,0.06859120959416032,0.09065637260209769,0.4333752170205116
752,752,3.489459991455078,3.510371208190918,2e-07,2.950909677785068,0.015882916748523712,0.06909497668675613,0.09056788170710206,0.43487782776355743
753,753,3.5195248126983643,3.4804224967956543,2e-07,2.969438016131883,0.015873782336711884,0.06936157096060924,0.09075228369329125,0.4376544877886772
754,754,3.4830739498138428,3.5078415870666504,2e-07,2.9862458629027486,0.015882788226008415,0.06910711084492505,0.09049589524511248,0.4331093057990074
755,755,3.470273494720459,3.510507822036743,2e-07,3.0010334473042772,0.015891624614596367,0.06884394391090609,0.09052721946500242,0.431600920855999
756,756,3.461592435836792,3.4966344833374023,2e-07,3.0142991839132454,0.015894155018031597,0.06902912250370719,0.09053586213849485,0.43460801988840103
757,757,3.551831007003784,3.6167967319488525,2e-07,3.025457028925627,0.01588939083740115,0.06910826964303851,0.09056729276198894,0.43290865421295166
758,758,3.5829684734344482,3.539503812789917,2e-07,3.03636589125609,0.015893309842795134,0.06939811550546438,0.09069701109547168,0.43732021749019623
759,759,3.5684494972229004,3.538818836212158,2e-07,3.045857019804031,0.01588239474222064,0.06880148683558218,0.0905808238312602,0.4355899766087532
760,760,3.5337917804718018,3.50101375579834,2e-07,3.0549451042967672,0.015895263757556677,0.06900012897676788,0.09052578650880605,0.43413469195365906
761,761,3.509835720062256,3.5052883625030518,2e-07,3.0623514022909712,0.015890065114945173,0.06887762667611241,0.09055194165557623,0.43361862748861313
762,762,3.4984657764434814,3.511474609375,2e-07,3.0698856117259634,0.01588157471269369,0.06948566273786128,0.09058122395072132,0.4369847923517227
763,763,3.491948366165161,3.4646356105804443,2e-07,3.0759584936324114,0.015874953009188175,0.06924376648385078,0.09055881563108414,0.4357411414384842
764,764,3.4873929023742676,3.50600266456604,2e-07,3.081636406040586,0.01588296890258789,0.06928995496127754,0.0907896786229685,0.43655311316251755
765,765,3.43656063079834,3.5326991081237793,2e-07,3.086812891737499,0.01587743079289794,0.06961998008773662,0.09059807029552758,0.437349833548069
766,766,3.4927725791931152,3.50642466545105,2e-07,3.09168654721739,0.015877377707511187,0.06859864393481985,0.09068726911209524,0.43653612583875656
767,767,3.4828438758850098,3.473073959350586,2e-07,3.0943715855599008,0.015890297014266253,0.06873356727010105,0.09061626403126866,0.4337451457977295
768,768,3.488614320755005,3.4812989234924316,2e-07,3.096438776187163,0.01589331030845642,0.06909630168229342,0.09052655077539384,0.4360101968050003
769,769,3.523716926574707,3.5240397453308105,2e-07,3.100468685041586,0.015876199584454298,0.06924278964288533,0.09057990554720163,0.43718019872903824
770,770,3.4659628868103027,3.474902629852295,2e-07,3.103118546978124,0.015887839253991842,0.06915288398158737,0.09050981141626835,0.4364350363612175
771,771,3.471217393875122,3.5687336921691895,2e-07,3.1070440792150653,0.015881211031228304,0.0694012101739645,0.09067334921564907,0.43606235086917877
772,772,3.4852182865142822,3.5164191722869873,2e-07,3.108556111959571,0.015884836204349995,0.0692066897318,0.0905942926183343,0.4345959424972534
773,773,3.5565009117126465,3.507401466369629,2e-07,3.11079225746265,0.015880000311881304,0.06876355916028842,0.09062050376087427,0.43660472333431244
774,774,3.4444925785064697,3.5351204872131348,2e-07,3.113778642947306,0.015896628610789776,0.06906557313050143,0.09061111649498343,0.4366801828145981
775,775,3.4836204051971436,3.4870786666870117,2e-07,3.1159960345430844,0.015885894652456045,0.06897371690138243,0.09054119070060551,0.44022781401872635
776,776,3.5005745887756348,3.5381510257720947,2e-07,3.1177796387791363,0.015895937103778124,0.06884063233155757,0.09055031184107065,0.4350445941090584
777,777,3.4899556636810303,3.5674991607666016,2e-07,3.119613199664558,0.015886198729276657,0.06873002112843096,0.090534005779773,0.4373326152563095
778,778,3.4912757873535156,3.51532244682312,2e-07,3.1194524220021833,0.01587601425126195,0.06909975246526301,0.09066243364941329,0.4384540542960167
779,779,3.530522108078003,3.507521629333496,2e-07,3.1207004946411905,0.01588410511612892,0.06883501374977641,0.09051145426928997,0.4366503432393074
780,780,3.444344997406006,3.506819725036621,2e-07,3.1220843037305928,0.015890751034021378,0.06884183507645503,0.0904966692905873,0.43418366461992264
781,781,3.557879686355591,3.5674068927764893,2e-07,3.1231644588085277,0.015882747247815132,0.06842768602655269,0.0906719797058031,0.43682657182216644
782,782,3.5205681324005127,3.533168315887451,2e-07,3.124312471858331,0.015891221817582846,0.06910216782125644,0.09059638879261911,0.4395744428038597
783,783,3.4456005096435547,3.489701509475708,2e-07,3.124513268742075,0.015889296308159828,0.06877637270372361,0.0906159026781097,0.43331069499254227
784,784,3.4836390018463135,3.555692672729492,2e-07,3.1258079262641174,0.015878168400377035,0.06897343695163727,0.0905712820822373,0.438923217356205
785,785,3.4755396842956543,3.4793336391448975,2e-07,3.125675810859935,0.01588638359680772,0.06887221505166963,0.09077559073921293,0.43655408173799515
786,786,3.497422695159912,3.4585962295532227,2e-07,3.1264370579991785,0.01588636264204979,0.06897822208702564,0.09054752835072577,0.436956524848938
787,787,3.499424695968628,3.561007022857666,2e-07,3.1273836570287186,0.015916906762868166,0.06886194017715752,0.09047477156855166,0.4359547570347786
788,788,3.4793334007263184,3.4846208095550537,2e-07,3.1285378972488065,0.015885107219219208,0.06907156179659069,0.0907023111358285,0.4355403780937195
789,789,3.5071001052856445,3.4553327560424805,2e-07,3.127718368680411,0.01588012231513858,0.06887473235838115,0.0906913357321173,0.436744287610054
790,790,3.464327573776245,3.5230720043182373,2e-07,3.1289965363821497,0.01586703071370721,0.06933282158570364,0.09056298446375877,0.43970005214214325
791,791,3.4498178958892822,3.5143415927886963,2e-07,3.1289336242307715,0.0158948777243495,0.0682130427157972,0.09047751384787261,0.4336467385292053
792,792,3.478318214416504,3.451143503189087,2e-07,3.129390980794675,0.01590671483427286,0.06893891384243034,0.0904615696053952,0.43671221286058426
793,793,3.4713945388793945,3.5008974075317383,2e-07,3.1299241157114452,0.01589274639263749,0.06881578307365999,0.09053406456951052,0.43704572319984436
794,794,3.437854051589966,3.506014347076416,2e-07,3.12981772555743,0.015882981941103935,0.06890030816430226,0.09049768070690334,0.43760257214307785
795,795,3.472243547439575,3.5260488986968994,2e-07,3.1305415874033278,0.015883812680840492,0.06950506253633648,0.09070658311247826,0.43817494064569473
796,796,3.488466739654541,3.46413254737854,2e-07,3.1308155507855506,0.01588664250448346,0.06914857792435214,0.09065646072849631,0.4376063570380211
797,797,3.445181369781494,3.4896371364593506,2e-07,3.1306066396079633,0.01589539647102356,0.06885774928377941,0.09051008231472224,0.43884509801864624
798,798,3.443031072616577,3.475074291229248,2e-07,3.131238162356862,0.01588934799656272,0.06896647455869243,0.09046906884759665,0.43889565020799637
799,799,3.4942986965179443,3.5292041301727295,2e-07,3.131261105302239,0.015875709243118763,0.06937941932119429,0.0904976847814396,0.44000881910324097
800,800,3.5655322074890137,3.591197967529297,2e-07,3.131202782076488,0.0158800114877522,0.06898334540892392,0.09060674253851175,0.43903418630361557
801,801,3.484337329864502,3.4441516399383545,2e-07,3.1319304713438822,0.015900160185992718,0.06888138834619895,0.09053131949622184,0.43986883014440536
802,802,3.46968150138855,3.493542194366455,2e-07,3.1310246919902496,0.01589458016678691,0.06881926959613338,0.09057470830157399,0.43960364162921906
803,803,3.4371774196624756,3.493779420852661,2e-07,3.1314389874107,0.01588722737506032,0.06894221928087063,0.09060282784048468,0.4382275938987732
804,804,3.4844300746917725,3.534865617752075,2e-07,3.131618268162524,0.015907540451735258,0.06840764344087802,0.09061652224045247,0.4340929612517357
805,805,3.4588119983673096,3.5150983333587646,2e-07,3.13204038075552,0.015885251574218273,0.06916569857276045,0.09060683962889016,0.43872249126434326
806,806,3.5047807693481445,3.479142427444458,2e-07,3.131911179425388,0.01588695589452982,0.06926939575350843,0.09059404884465039,0.4395422413945198
807,807,3.416961431503296,3.541321039199829,2e-07,3.131734283408992,0.015882480889558792,0.06893702447996475,0.09045689995400608,0.43965643644332886
808,808,3.460233211517334,3.4468390941619873,2e-07,3.131240005042009,0.015885675325989723,0.06878832491929643,0.09052615298423916,0.43630680441856384
809,809,3.5363104343414307,3.4794983863830566,2e-07,3.1316150963641163,0.015888742171227932,0.0687107534322422,0.09061009658034891,0.4377456605434418
810,810,3.4711127281188965,3.5023179054260254,2e-07,3.1315467535054284,0.01588029135018587,0.06903139722999185,0.09050770301837474,0.43833383172750473
811,811,3.5087175369262695,3.4766955375671387,2e-07,3.1305755706210574,0.015907748136669397,0.06846746141673066,0.09051525418180972,0.43829696625471115
812,812,3.4962894916534424,3.4927408695220947,2e-07,3.1311224646919116,0.015881038736552,0.06901430786820129,0.09046788269188255,0.4389553740620613
813,813,3.468132734298706,3.5422964096069336,2e-07,3.131533345535517,0.015885966829955578,0.06930384167935699,0.09047160507179797,0.4398278221487999
814,814,3.4858503341674805,3.592020034790039,2e-07,3.1316093101302815,0.015875027049332857,0.06922930697328411,0.09058638860005885,0.43986961245536804
815,815,3.4357292652130127,3.449230909347534,2e-07,3.1320195884613025,0.015882374253124,0.06911475374363363,0.0905607040040195,0.4400004744529724
816,816,3.482576847076416,3.49043345451355,2e-07,3.132118922193851,0.015892635565251112,0.06901000381913036,0.09041229507420212,0.4401581361889839
817,817,3.463822364807129,3.505429983139038,2e-07,3.1309356889790063,0.015894313342869282,0.06921946513466537,0.09045694395899773,0.44013895839452744
818,818,3.4481940269470215,3.4630534648895264,2e-07,3.1313998932553524,0.015886254608631134,0.0688570708152838,0.09054271597415209,0.4398772716522217
819,819,3.4486494064331055,3.4116179943084717,2e-07,3.131489908735478,0.01588174607604742,0.06892030124436133,0.09049270709510893,0.4435557872056961
820,820,3.502717971801758,3.506730079650879,2e-07,2.906139161500895,0.01588480407372117,0.06915502410265617,0.09050402278080583,0.4422263652086258
821,821,3.4303252696990967,3.500354766845703,2e-07,2.930442345322836,0.015880427788943052,0.06927448578062467,0.09050059388391674,0.4390954449772835
822,822,3.451101779937744,3.5339460372924805,2e-07,2.9497022135022637,0.015888426918536425,0.06892059979145415,0.09047619439661503,0.4411109611392021
823,823,3.4631636142730713,3.5175387859344482,2e-07,2.968946654164348,0.015892913565039635,0.06884612256544642,0.09052355866879225,0.4418923705816269
824,824,3.5184519290924072,3.5147228240966797,2e-07,2.986055182639264,0.015893410425633192,0.06863666395656765,0.09040469385217875,0.4414656460285187
825,825,3.5208828449249268,3.469724655151367,2e-07,3.0003624442569836,0.015874086879193783,0.06920119540882297,0.09056902606971562,0.44407718628644943
826,826,3.427870273590088,3.523975372314453,2e-07,3.0149546857744665,0.01588041801005602,0.06900616650818847,0.09051962511148304,0.43983547389507294
827,827,3.453995704650879,3.4607303142547607,2e-07,3.0264804861519936,0.015879797283560038,0.06890675972681493,0.09052075759973377,0.439726285636425
828,828,3.4465816020965576,3.4371187686920166,2e-07,3.0376393205209737,0.015897929202765226,0.06872445624321699,0.09043059090618044,0.4383387938141823
829,829,3.451706886291504,3.621002435684204,2e-07,3.0475272390194266,0.015892358031123877,0.06929087027674541,0.09050400846172124,0.4413602650165558
830,830,3.4420673847198486,3.544593095779419,2e-07,3.0561916312470174,0.015899892896413803,0.06873270400683396,0.09038972482085228,0.4413987398147583
831,831,3.489481210708618,3.496009111404419,2e-07,3.0643057092936723,0.01588726043701172,0.06882550084264949,0.09054122469387949,0.4390104040503502
832,832,3.5168774127960205,3.4851715564727783,2e-07,3.0707731301077152,0.01587905501946807,0.06950752859120257,0.09065774385817349,0.4413501098752022
833,833,3.4723689556121826,3.471428394317627,2e-07,3.078184106635791,0.01589138712733984,0.06906818386050873,0.09047936496790498,0.44411318749189377
834,834,3.4995460510253906,3.5241386890411377,2e-07,3.0828333322031853,0.015881524421274662,0.06854825984919444,0.09045286441687495,0.43780824542045593
835,835,3.511305332183838,3.4590651988983154,2e-07,3.0889152748785698,0.01588573819026351,0.06912679644301534,0.09044787439052016,0.4419601336121559
836,836,3.4898953437805176,3.4816031455993652,2e-07,3.092577078947733,0.01588732423260808,0.06874601703020744,0.09042296593543142,0.43960176408290863
837,837,3.4638636112213135,3.4494967460632324,2e-07,3.096713174342373,0.01589172100648284,0.069018335751025,0.09052250604145229,0.44057661294937134
838,838,3.4403607845306396,3.47635817527771,2e-07,3.1002182408155488,0.015906156040728092,0.0690240834665019,0.0904681155225262,0.44255373626947403
839,839,3.5021605491638184,3.49857759475708,2e-07,3.1036269569812696,0.015879718121141195,0.06913115290808491,0.09061370557174087,0.44075362384319305
840,840,3.4352540969848633,3.439514398574829,2e-07,3.10606862726719,0.015901390463113785,0.06866730301408097,0.09054722508881241,0.4434189796447754
841,841,3.548053503036499,3.4509568214416504,2e-07,3.108714352060047,0.0158961727283895,0.06895983961294405,0.09053413919173181,0.4407781586050987
842,842,3.466923236846924,3.4862465858459473,2e-07,3.110551603141417,0.015894155949354172,0.06869506952352822,0.09046912170015275,0.44344791769981384
843,843,3.464142084121704,3.4880363941192627,2e-07,3.1128104435644945,0.0158873968757689,0.06895967642776668,0.09047026606276631,0.441622294485569
844,844,3.473729133605957,3.4646875858306885,2e-07,3.114832103753431,0.015880900900810957,0.06907336204312742,0.09048804896883667,0.44166135787963867
845,845,3.42655873298645,3.4544119834899902,2e-07,3.115921899347188,0.015895947348326445,0.06811842002207413,0.09031284344382584,0.44052037596702576
846,846,3.4205493927001953,3.460780382156372,2e-07,3.1174673001712097,0.015889929607510567,0.06875540062901564,0.09047239378560334,0.44112468510866165
847,847,3.4711058139801025,3.4954745769500732,2e-07,3.118676313984785,0.01589003810659051,0.06864660981227644,0.09045583009719849,0.440914086997509
848,848,3.469987392425537,3.5036532878875732,2e-07,3.120505823574686,0.0158823668025434,0.06865513767115772,0.09048806957434863,0.44346432387828827
849,849,3.496560573577881,3.5259764194488525,2e-07,3.1206758885370003,0.015882299281656742,0.06890957304858603,0.09035983216017485,0.4443030506372452
850,850,3.485548257827759,3.4841530323028564,2e-07,3.1229650464097873,0.015894044656306505,0.06808060625917278,0.09039105474948883,0.43947096168994904
851,851,3.4453468322753906,3.5116186141967773,2e-07,3.1234532042057372,0.015905984211713076,0.06901999999536201,0.09058193454984576,0.4409356266260147
852,852,3.4851186275482178,3.4962644577026367,2e-07,3.1252856248078666,0.015877271071076393,0.06843279479653575,0.0905789895914495,0.4428177550435066
853,853,3.429732322692871,3.462662696838379,2e-07,3.1260745932912997,0.01589026441797614,0.06877110828645527,0.09056607738602906,0.44237351417541504
854,854,3.4806594848632812,3.4726972579956055,2e-07,3.127673274975926,0.015871152747422457,0.06880816162447445,0.09051344566978514,0.44300614297389984
855,855,3.484983205795288,3.4855873584747314,2e-07,3.127863100162853,0.015884277876466513,0.06905344835831784,0.09046843380201608,0.4417666047811508
856,856,3.4144749641418457,3.51911997795105,2e-07,3.1288836731307472,0.015898273792117834,0.06867321141180582,0.09045140794478357,0.4410678446292877
857,857,3.4369661808013916,3.521545886993408,2e-07,3.1294965182739602,0.015890863724052906,0.0688781323551666,0.09047745249699801,0.4418385475873947
858,858,3.4641175270080566,3.514695405960083,2e-07,3.129709847997793,0.015899392776191235,0.06869320996338502,0.09048703545704484,0.4417499974370003
859,859,3.4581034183502197,3.5194997787475586,2e-07,3.1305804547883134,0.01589494990184903,0.0689093403343577,0.09046584542375058,0.4451572969555855
860,860,3.4434146881103516,3.4849629402160645,2e-07,3.1298033644590473,0.01588755240663886,0.06877086404711008,0.09050303499680012,0.4453084021806717
861,861,3.5258169174194336,3.4599478244781494,2e-07,3.1306511602530036,0.015889469534158707,0.06902778946096078,0.09049116133246571,0.44363535195589066
862,862,3.403156042098999,3.4919464588165283,2e-07,3.1309233459333563,0.0158855807967484,0.06919582653790712,0.09050589264370501,0.4420420154929161
863,863,3.5039830207824707,3.485649347305298,2e-07,3.131065955836122,0.015885366592556238,0.06853743412648328,0.09049411152955145,0.4445830285549164
864,864,3.519658088684082,3.5415453910827637,2e-07,3.1315722997802125,0.015898448880761862,0.06861503567779437,0.09054281190037727,0.44284723699092865
865,865,3.4269583225250244,3.4839260578155518,2e-07,3.1316203784924252,0.015881684608757496,0.06884897931013256,0.09055681119207293,0.4455421417951584
866,866,3.524115562438965,3.507885694503784,2e-07,3.1326630615354447,0.01589791150763631,0.06791997510299552,0.09036675828974694,0.4403608739376068
867,867,3.5004498958587646,3.4836065769195557,2e-07,3.131203590909219,0.01591150974854827,0.06859153410186991,0.09042776608839631,0.44176097959280014
868,868,3.449589729309082,3.451077938079834,2e-07,3.131565359637526,0.015895281452685595,0.06877325728419237,0.0904010582016781,0.4424767345190048
869,869,3.476644515991211,3.473541736602783,2e-07,3.131435025737729,0.015878603793680668,0.06856129498919472,0.0905058158095926,0.4430919289588928
870,870,3.4659388065338135,3.5091426372528076,2e-07,3.131636592629275,0.01590220956131816,0.06849368230905384,0.09052435879129916,0.44378499686717987
871,871,3.4608442783355713,3.5067737102508545,2e-07,3.1304952901903924,0.01589539321139455,0.06903521923231892,0.090449197916314,0.44551292061805725
872,872,3.4370179176330566,3.442051649093628,2e-07,3.1304310935963384,0.01588275609537959,0.06892527992022224,0.09054898843169212,0.4437772333621979
873,873,3.4667389392852783,3.442805767059326,2e-07,3.1312522468164503,0.015891846735030413,0.06905187608208507,0.09036512253805995,0.4453194886445999
874,874,3.428197145462036,3.5042994022369385,2e-07,3.1317689671452973,0.015889352187514305,0.0689467896008864,0.09044727799482644,0.44284192472696304
875,875,3.462388038635254,3.4083898067474365,2e-07,3.131624615291891,0.015887095592916012,0.06860709370812401,0.09045152098406106,0.44348542392253876
876,876,3.519601345062256,3.4907548427581787,2e-07,2.9063323647669974,0.015904332511126995,0.06838076996791642,0.09035504679195583,0.4411313086748123
877,877,3.4507124423980713,3.447003126144409,2e-07,2.9300537427967956,0.015903362538665533,0.06841337928199209,0.09035337343811989,0.44211288541555405
878,878,3.4585366249084473,3.4937098026275635,2e-07,2.9496347263908227,0.015903913881629705,0.06890490974183194,0.09039310237858444,0.4421065077185631
879,879,3.4804182052612305,3.5443058013916016,2e-07,2.96801844176381,0.01588381500914693,0.06888176448410377,0.09057532483711839,0.44329725950956345
880,880,3.5000364780426025,3.4608154296875,2e-07,2.984170932576988,0.015890101436525583,0.06860939128091559,0.09041882178280503,0.442525215446949
881,881,3.4704995155334473,3.488949775695801,2e-07,2.999424087532869,0.015886807814240456,0.0685136116517242,0.09043256309814751,0.4428893104195595
882,882,3.4299495220184326,3.528954029083252,2e-07,3.0121474689207863,0.015884086024016142,0.06859526364132762,0.09043360990472138,0.4438314363360405
883,883,3.423814058303833,3.481278657913208,2e-07,3.024308866384389,0.01589669892564416,0.06840786073007621,0.09046141197904944,0.4421086683869362
884,884,3.4432120323181152,3.474067211151123,2e-07,3.034584556111595,0.01588674308732152,0.06901635820395313,0.09047088131774217,0.4442385956645012
885,885,3.478320360183716,3.5167670249938965,2e-07,3.0444690514476513,0.015901485458016396,0.06837298659957014,0.09028253855649382,0.4405653700232506
886,886,3.492105722427368,3.447965145111084,2e-07,3.0533283808207194,0.015889401081949472,0.06824640938430093,0.0904223098186776,0.4416126385331154
887,887,3.3889732360839844,3.5046029090881348,2e-07,3.0609090268522188,0.01588168041780591,0.06871757211047225,0.09036851208657026,0.44314054399728775
888,888,3.4234554767608643,3.4904613494873047,2e-07,3.069424540460464,0.015897010453045368,0.06882919339113869,0.0904593092855066,0.4403340145945549
889,889,3.442716360092163,3.5034995079040527,2e-07,3.074764444348859,0.015899001620709896,0.06839246666640975,0.09044358716346323,0.4423755258321762
890,890,3.4779300689697266,3.4683749675750732,2e-07,3.0806238893410645,0.01589209772646427,0.06831070376210846,0.09024584491271526,0.44301971793174744
891,891,3.4674549102783203,3.4329042434692383,2e-07,3.0856370421139334,0.01587637746706605,0.06889916435466148,0.0903923090081662,0.44280073046684265
892,892,3.4435067176818848,3.501225233078003,2e-07,3.089214778940886,0.015894862357527018,0.06818946247221902,0.09048343857284635,0.4429671913385391
893,893,3.4502999782562256,3.498563289642334,2e-07,3.090320937852882,0.015876461751759052,0.06914728894480504,0.09047334280330688,0.44669240713119507
894,894,3.4112141132354736,3.455009937286377,2e-07,3.0938534178425168,0.01589646004140377,0.06884796373196878,0.09050218132324517,0.44629450887441635
895,895,3.4633188247680664,3.4971354007720947,2e-07,3.0965268489949147,0.015879185870289803,0.0689539396262262,0.09053409320767969,0.44453898072242737
896,896,3.503908157348633,3.4372169971466064,2e-07,3.1008489946695743,0.015895830933004618,0.06825628269871231,0.09044155851006508,0.4432644695043564
897,897,3.5056371688842773,3.466545581817627,2e-07,3.102754944942436,0.015904218889772892,0.06861438020132482,0.0904699768871069,0.4435122236609459
898,898,3.4275944232940674,3.4479761123657227,2e-07,3.10584217534514,0.015898623038083315,0.0680893843236845,0.09044947766233236,0.443427138030529
899,899,3.465646266937256,3.4332008361816406,2e-07,3.1085712525119913,0.015894531272351742,0.06834351501311176,0.0904778951080516,0.4427579194307327
900,900,3.4803311824798584,3.5039429664611816,2e-07,3.111315749030949,0.01590899098664522,0.06859832440386526,0.09041361906565726,0.44311852753162384
901,901,3.431488275527954,3.4784934520721436,2e-07,3.112377480224202,0.01588025549426675,0.06899255944881588,0.09043108765035868,0.4451257735490799
902,902,3.4580373764038086,3.5385477542877197,2e-07,3.115729776239648,0.01589519903063774,0.0684153399488423,0.09040480270050466,0.44343502074480057
903,903,3.464590072631836,3.4903101921081543,2e-07,3.116100049720991,0.015889189671725035,0.06846676269196905,0.09053875447716564,0.44434965401887894
904,904,3.41367244720459,3.467486619949341,2e-07,3.1179891365752,0.01589544117450714,0.06864084742846899,0.09050886565819383,0.4450119584798813
905,905,3.465787887573242,3.5534768104553223,2e-07,3.119493633451192,0.015887581277638674,0.06856954461545683,0.0903923159930855,0.44283992797136307
906,906,3.4166581630706787,3.5145649909973145,2e-07,3.1208752166584484,0.015900373924523592,0.06797263513726648,0.09037941077258438,0.4440058320760727
907,907,3.449782371520996,3.49609112739563,2e-07,3.122175140836609,0.015889689326286316,0.06875988384126686,0.09043203003238887,0.4455864951014519
908,908,3.4390697479248047,3.516653060913086,2e-07,3.1235542972610437,0.015889538917690516,0.06848899618489668,0.09042947937268764,0.4445504918694496
909,909,3.4524152278900146,3.4354424476623535,2e-07,3.123567520966926,0.015899688005447388,0.06825759456842206,0.09055677452124655,0.44591761380434036
910,910,3.497070074081421,3.4490129947662354,2e-07,3.1246794681524963,0.015870748553425074,0.06867793010314927,0.09047918941359967,0.4467277303338051
911,911,3.416975736618042,3.461318254470825,2e-07,2.841124059159969,0.01590462075546384,0.06835446460172534,0.0903956403490156,0.44543909281492233
912,912,3.4720630645751953,3.421208620071411,2e-07,2.846580154648003,0.01591011881828308,0.0685006869607605,0.09029228053987026,0.44455521553754807
913,913,3.412794828414917,3.468146324157715,2e-07,2.8587532519852408,0.015893150586634874,0.06789656734326854,0.09045440587215126,0.44303181022405624
914,914,3.4755728244781494,3.4506871700286865,2e-07,2.869070374899161,0.015886744018644094,0.06775287038180977,0.09042063856031746,0.44085901975631714
915,915,3.436964988708496,3.443171501159668,2e-07,2.881676219935227,0.015893070958554745,0.06835350874462165,0.0904158700723201,0.4447631239891052
916,916,3.4674019813537598,3.452120542526245,2e-07,2.8952045274965763,0.015896506141871214,0.06858475570334122,0.09050465875770897,0.44566088914871216
917,917,3.45424747467041,3.422417402267456,2e-07,2.908635583372502,0.015900968108326197,0.06835304136620834,0.0904473460977897,0.44556624442338943
918,918,3.4339230060577393,3.4705164432525635,2e-07,2.920275983120703,0.015875309240072966,0.0682981182471849,0.09046915965154767,0.44526973366737366
919,919,3.43709397315979,3.4436841011047363,2e-07,2.9310237473293776,0.015888099558651447,0.06810474416124634,0.09045644802972674,0.4450264424085617
920,920,3.4017386436462402,3.4304208755493164,2e-07,2.940452317572736,0.01590490434318781,0.06751771144627128,0.09038853202946484,0.44177964329719543
921,921,3.497175693511963,3.497668981552124,2e-07,2.949644029363494,0.015887534245848656,0.0685849576984765,0.09040403249673545,0.445510171353817
922,922,3.486544609069824,3.4605700969696045,2e-07,2.955812956200882,0.015892071649432182,0.0684778563445434,0.09042943979147822,0.44791504740715027
923,923,3.437063694000244,3.4518039226531982,2e-07,2.9633826528016183,0.015893302392214537,0.06836228515021503,0.09049680223688483,0.44816867262125015
924,924,3.486297369003296,3.425248622894287,2e-07,2.969726152754113,0.015885147266089916,0.0683052696113009,0.09046510513871908,0.4493972957134247
925,925,3.394422769546509,3.456259250640869,2e-07,2.9747469697475624,0.01588050229474902,0.06842684105504304,0.09051519201602787,0.44797511398792267
926,926,3.4925501346588135,3.494236469268799,2e-07,2.9802633929998605,0.015882194973528385,0.06814205687260255,0.09030906949192286,0.4437282606959343
927,927,3.429960250854492,3.4174227714538574,2e-07,2.98519648381715,0.01589506585150957,0.068489949015202,0.09049472294282168,0.44754888862371445
928,928,3.40722393989563,3.4597690105438232,2e-07,2.9882523580575917,0.0158863989636302,0.06828400117228739,0.0903198478044942,0.4482736214995384
929,929,3.4532291889190674,3.521127462387085,2e-07,2.99460022119159,0.015892777126282454,0.0679652190010529,0.09035077481530607,0.444795161485672
930,930,3.425853967666626,3.492295026779175,2e-07,2.998368545294551,0.015894843265414238,0.06824941936065443,0.09037791786249727,0.44498561322689056
931,931,3.5132434368133545,3.462731122970581,2e-07,3.000923803335892,0.015902262646704912,0.06837706663645804,0.09043013420887291,0.446494422852993
932,932,3.493960380554199,3.4548416137695312,2e-07,3.004190104081862,0.015882929787039757,0.06811581368674524,0.09031212935224175,0.44338417053222656
933,933,3.4798853397369385,3.4471163749694824,2e-07,3.0066130641494264,0.015910405199974775,0.06810195313300937,0.09038543666247278,0.4446774199604988
934,934,3.3897347450256348,3.4883065223693848,2e-07,3.007518122893981,0.015904738567769527,0.06852193607483059,0.09036707133054733,0.4476262778043747
935,935,3.4252960681915283,3.423499584197998,2e-07,3.01035881634323,0.015910649206489325,0.06829006431507878,0.09038904309272766,0.4441538602113724
936,936,3.4793999195098877,3.4707088470458984,2e-07,3.0129280361340496,0.015897140372544527,0.06838877577683888,0.09044615260791034,0.4452413469552994
937,937,3.4153401851654053,3.4961493015289307,2e-07,3.015185981091505,0.015889902599155903,0.0683255260810256,0.09036625234875828,0.44568639248609543
938,938,3.412553071975708,3.441210985183716,2e-07,3.0170783618041965,0.015899869613349438,0.06842901711934246,0.09049468883313239,0.4460165724158287
939,939,3.434699296951294,3.462714672088623,2e-07,3.0192516684840602,0.015908536035567522,0.06786580171319656,0.09047190786805004,0.4457933306694031
940,940,3.3944883346557617,3.4626526832580566,2e-07,3.02049600233265,0.015895080752670765,0.06854097134782933,0.09032655891496688,0.4463086724281311
941,941,3.580904006958008,3.478567123413086,2e-07,3.021450068159811,0.015903585590422153,0.06804496073164046,0.09041151881683618,0.44613126665353775
942,942,3.4147653579711914,3.4828903675079346,2e-07,3.0209074054490963,0.015902279876172543,0.06847639344050549,0.09038754552602768,0.4457235634326935
943,943,3.425992250442505,3.4562366008758545,2e-07,3.022027156699323,0.01590045914053917,0.06832492619287223,0.09047490428201854,0.44727031141519547
944,944,3.4311540126800537,3.444145917892456,2e-07,3.0225457473511885,0.015894337091594934,0.06794201157754287,0.09029788966290653,0.44696325808763504
945,945,3.4483044147491455,3.5009078979492188,2e-07,3.02369222010005,0.015913364477455616,0.06777203636011109,0.09018782468046993,0.43927904963493347
946,946,3.428784132003784,3.4616751670837402,2e-07,3.0254880040910934,0.01589847868308425,0.06836056339670904,0.09028522530570626,0.4433120787143707
947,947,3.4787204265594482,3.5212931632995605,2e-07,3.025537307671832,0.015898771584033966,0.06807729313732125,0.09046113677322865,0.44487105309963226
948,948,3.400717258453369,3.5124363899230957,2e-07,3.025482269816668,0.01588977500796318,0.06832800127449445,0.09040246775839478,0.4471937343478203
949,949,3.4176254272460938,3.4298698902130127,2e-07,3.0261246988437565,0.01589383650571108,0.06825964848394506,0.09022902057040483,0.4461393430829048
950,950,3.373124122619629,3.424819231033325,2e-07,3.0276140345379297,0.015894309617578983,0.06810434552608058,0.09033513732720166,0.446122944355011
951,951,3.443539619445801,3.4977452754974365,2e-07,3.028349708743498,0.015889517031610012,0.0683516701683402,0.09043916151858866,0.446357898414135
952,952,3.4838266372680664,3.4620652198791504,2e-07,3.028607575302908,0.01588904159143567,0.0681691516074352,0.09040854498744011,0.4446417912840843
953,953,3.4865870475769043,3.4178552627563477,2e-07,3.0314694903948376,0.01587685151025653,0.06768721208209172,0.09043788653798401,0.44404973834753036
954,954,3.438361644744873,3.444159746170044,2e-07,3.0310049655215168,0.015890104696154594,0.0679911685292609,0.0902799607720226,0.4464532434940338
955,955,3.4578614234924316,3.4438204765319824,2e-07,3.0300862730152303,0.015891962684690952,0.06798441300634295,0.0901456696446985,0.44526565819978714
956,956,3.477463483810425,3.428906202316284,2e-07,3.029267987842578,0.015881766565144062,0.06828639560262673,0.09024681232403964,0.44720447808504105
957,957,3.4237279891967773,3.4794819355010986,2e-07,3.0285807987811855,0.015905809123069048,0.06819680810440332,0.090167939895764,0.4442852661013603
958,958,3.4212560653686523,3.511143445968628,2e-07,3.0265439650559753,0.015883514657616615,0.06770955346291885,0.09027004858944565,0.44540388137102127
959,959,3.46250057220459,3.460303544998169,2e-07,3.0249400907499036,0.015895884484052658,0.06859782157698646,0.09017801482696086,0.4480415806174278
960,960,3.4188921451568604,3.425037145614624,2e-07,3.0255243838980173,0.015905531123280525,0.06787016222369857,0.09037560620345175,0.4405604675412178
961,961,3.460705041885376,3.515604257583618,2e-07,3.025776321753738,0.015897766686975956,0.06782572763040662,0.09037414658814669,0.4445481672883034
962,962,3.4344232082366943,3.514589548110962,2e-07,3.024710121638718,0.01588068762794137,0.06855181636638008,0.09034679376054555,0.4484104663133621
963,963,3.481210470199585,3.4224960803985596,2e-07,3.0254892806301172,0.01590359630063176,0.06795318963122554,0.09024898626375943,0.4439816176891327
964,964,3.4101932048797607,3.4415335655212402,2e-07,3.0261118364491653,0.01591153396293521,0.06763363379286602,0.09030845761299133,0.44473835080862045
965,965,3.468984603881836,3.4341225624084473,2e-07,3.0252024742951464,0.015895608346909285,0.06819929540506564,0.09034928202163428,0.44554413110017776
966,966,3.4413323402404785,3.4659366607666016,2e-07,3.0237275343647307,0.015890331473201513,0.06792800713446923,0.09031647047959268,0.4455302655696869
967,967,3.4142284393310547,3.4244794845581055,2e-07,2.858269528898872,0.0158961140550673,0.06836457020835951,0.09034878900274634,0.4453943893313408
968,968,3.417670726776123,3.445103883743286,2e-07,2.8760516552364783,0.01590965734794736,0.067878118599765,0.09030129946768284,0.4461953118443489
969,969,3.4584803581237793,3.430109977722168,2e-07,2.890615815889835,0.01590375229716301,0.06781299544672947,0.09041617612820119,0.4440448731184006
970,970,3.4314591884613037,3.4725961685180664,2e-07,2.905164639485625,0.01591301104053855,0.06788368683191948,0.09012629184871912,0.4448966011404991
971,971,3.4567880630493164,3.519965171813965,2e-07,2.919565616112063,0.015887736342847347,0.06839075969764963,0.09033533523324877,0.4471379220485687
972,972,3.4043898582458496,3.4780659675598145,2e-07,2.9299669720188657,0.015894802287220955,0.06743094223202206,0.09029712027404457,0.4435560926795006
973,973,3.417141914367676,3.4403152465820312,2e-07,2.940038006853397,0.015901184640824795,0.06787351163802668,0.09034254238940775,0.44544538110494614
974,974,3.397775173187256,3.474255323410034,2e-07,2.950316368709751,0.015884199645370245,0.06796797428978607,0.09038117213640362,0.44550805538892746
975,975,3.4145145416259766,3.494692087173462,2e-07,2.960218222107991,0.015897244680672884,0.0677599175251089,0.09035425132606179,0.4451795145869255
976,976,3.447042942047119,3.4411559104919434,2e-07,2.967985251935418,0.015900269616395235,0.06820906914072111,0.09032224060501903,0.4477975443005562
977,977,3.4779672622680664,3.4367458820343018,2e-07,2.974873393954197,0.015906566753983498,0.06794945601723157,0.09036297420971096,0.44809625297784805
978,978,3.379765748977661,3.4598162174224854,2e-07,2.982498211697797,0.015902037732303143,0.06775692189694382,0.09022119408473372,0.44539041817188263
979,979,3.480886220932007,3.425584316253662,2e-07,2.9902536643358566,0.015906609129160643,0.0679088972392492,0.09019074402749538,0.4443798363208771
980,980,3.4466726779937744,3.458583116531372,2e-07,2.997337323093651,0.015905972570180893,0.06762922776397318,0.09041233209427446,0.44571688771247864
981,981,3.481182098388672,3.41992449760437,2e-07,3.0008101152145117,0.015900603495538235,0.06779662836925127,0.09030581859406084,0.44552936404943466
982,982,3.4240920543670654,3.4362642765045166,2e-07,3.0042453946826964,0.01589670730754733,0.06802646370488219,0.09030161972623318,0.4477708339691162
983,983,3.416661500930786,3.4729104042053223,2e-07,3.0085217901600148,0.015891745686531067,0.06751651933882385,0.09038606123067439,0.4456608518958092
984,984,3.4981162548065186,3.4380481243133545,2e-07,3.0105670006612537,0.01590263983234763,0.06781526847044006,0.09028254391159862,0.44277720153331757
985,985,3.4757132530212402,3.4814910888671875,2e-07,3.012459828912515,0.015893659088760614,0.06776566075859591,0.09031280013732612,0.4464792013168335
986,986,3.441685199737549,3.435629367828369,2e-07,3.0161319552997923,0.015905346255749464,0.06823108630487695,0.09016958833672106,0.44730739295482635
987,987,3.4544150829315186,3.449406147003174,2e-07,3.017937021985983,0.015896697528660297,0.06781938794301823,0.0903437522938475,0.4457615837454796
988,988,3.4651782512664795,3.4377381801605225,2e-07,3.0198399370452655,0.01589486701413989,0.06767133201356046,0.09028315159957856,0.44636789709329605
989,989,3.4977197647094727,3.4115610122680664,2e-07,3.0200810995710974,0.015900069382041693,0.0672999105299823,0.09031251247506589,0.4451887756586075
990,990,3.427865982055664,3.47050142288208,2e-07,3.0239261321738633,0.015890476759523153,0.06767255940940231,0.09034486708696932,0.44757867604494095
991,991,3.4215004444122314,3.478877067565918,2e-07,3.027084866806879,0.01590095041319728,0.0673395881021861,0.09029038273729384,0.4467445835471153
992,992,3.4428725242614746,3.4316978454589844,2e-07,3.0295856538430144,0.01589217409491539,0.06788763342774473,0.09032447030767798,0.4486546441912651
993,993,3.4124810695648193,3.4479973316192627,2e-07,3.0319677353058805,0.015889638103544712,0.06789082734030671,0.09045244054868817,0.44911055266857147
994,994,3.4378342628479004,3.4878780841827393,2e-07,3.0345225433892944,0.015896436292678118,0.06815749683300965,0.09033234557136893,0.44858892261981964
995,995,3.4497289657592773,3.3881311416625977,2e-07,3.0354117298897516,0.015893658623099327,0.06784952542511746,0.09055230696685612,0.44735000282526016
996,996,3.4363362789154053,3.488992691040039,2e-07,2.8175631232087315,0.01591729186475277,0.06768951175035909,0.09018797427415848,0.4463520422577858
997,997,3.443742036819458,3.436433792114258,2e-07,2.839354908597782,0.015888207126408815,0.06811356745311059,0.09034957108087838,0.4475689008831978
998,998,3.416154623031616,3.4787399768829346,2e-07,2.8582244534509855,0.015906163956969976,0.06781869943370111,0.09026703785639256,0.4460841864347458
999,999,3.468341588973999,3.504692554473877,2e-07,2.876799418191974,0.015892392955720425,0.06781189944013022,0.09035111323464662,0.4476461261510849
1000,1000,3.3748412132263184,3.511369466781616,2e-07,2.8930657212943105,0.015896883327513933,0.06745423463871703,0.09032549522817135,0.442047156393528
1001,1001,3.3759233951568604,3.4558846950531006,2e-07,2.90694253270221,0.01589321903884411,0.06786090572131798,0.09033197967801243,0.44536464661359787
1002,1002,3.397125005722046,3.5484695434570312,2e-07,2.9194210854518383,0.015895613469183445,0.06813022791175172,0.09030567051377147,0.44760988652706146
1003,1003,3.4537487030029297,3.463945150375366,2e-07,2.930638562067507,0.015891133807599545,0.06752099411096424,0.0903875541407615,0.44620124995708466
1004,1004,3.4363059997558594,3.459127902984619,2e-07,2.9419467939760433,0.01589056383818388,0.06797218910651281,0.09018654096871614,0.4477212503552437
1005,1005,3.3866939544677734,3.489746570587158,2e-07,2.9523262293021646,0.01589330891147256,0.06753142178058624,0.09034972952213138,0.4465508386492729
1006,1006,3.4440579414367676,3.462684154510498,2e-07,2.960461554091413,0.015892474446445704,0.06786939394078217,0.0903078654082492,0.4466504827141762
1007,1007,3.4275248050689697,3.4156429767608643,2e-07,2.9675743228304423,0.01589114125818014,0.067882980016293,0.09041763481218368,0.4476233869791031
1008,1008,3.474003791809082,3.4645726680755615,2e-07,2.9737142800646383,0.015873318072408438,0.06792044237954542,0.090291618835181,0.4486536607146263
1009,1009,3.491107940673828,3.4392762184143066,2e-07,2.9798571553491104,0.01588440267369151,0.06802430609241128,0.09021370555274189,0.44712133705616
1010,1010,3.4695799350738525,3.4179651737213135,2e-07,2.9850237539940907,0.015896102413535118,0.06771694379858673,0.09024101682007313,0.447556771337986
1011,1011,3.4781744480133057,3.549121856689453,2e-07,2.9899270606220885,0.015895393677055836,0.06744684930890799,0.09032564924564213,0.4462357610464096
1012,1012,3.386509418487549,3.4842066764831543,2e-07,2.994820146642513,0.01589951477944851,0.06787566826096736,0.09018215560354292,0.4483063369989395
1013,1013,3.4315876960754395,3.4776268005371094,2e-07,2.9971355659223016,0.01590509433299303,0.06736452964833006,0.09011111070867628,0.44604672491550446
1014,1014,3.3935840129852295,3.446061372756958,2e-07,3.000069513973373,0.01589122461155057,0.06754039946827106,0.09023537952452898,0.44476331770420074
1015,1015,3.3746495246887207,3.4098732471466064,2e-07,3.0014733359158536,0.01590510830283165,0.06777250525192358,0.09022472554352134,0.4453077018260956
1016,1016,3.4044294357299805,3.440307140350342,2e-07,3.003549187730935,0.015888681169599295,0.06741591001627967,0.09019755409099162,0.4447852820158005
1017,1017,3.4470458030700684,3.4916131496429443,2e-07,3.0060111755763126,0.015896234661340714,0.06789495228440501,0.09015747101511806,0.449151448905468
1018,1018,3.420825242996216,3.422673463821411,2e-07,3.008534613479124,0.015898958779871464,0.068251976656029,0.09035604319069535,0.44989047199487686
1019,1019,3.460127592086792,3.470984935760498,2e-07,3.011681891644704,0.015905403532087803,0.06750701004057191,0.09021458332426846,0.44516755640506744
1020,1020,3.4081666469573975,3.4037041664123535,2e-07,3.0137863632164668,0.015887577086687088,0.06746899799327366,0.09031057555694133,0.4477648288011551
1021,1021,3.452927589416504,3.472984790802002,2e-07,3.0156512841022227,0.015904041472822428,0.06727911255438812,0.0900276661850512,0.44527310878038406
1022,1022,3.4179136753082275,3.5075414180755615,2e-07,3.017054167892767,0.015876667574048042,0.06811244477285072,0.09017417265567929,0.44951416552066803
1023,1023,3.377678871154785,3.475146770477295,2e-07,3.0197454947679456,0.015904967673122883,0.06813387895817868,0.09027182660065591,0.45059744268655777
1024,1024,3.4668147563934326,3.494483709335327,2e-07,3.021035668147334,0.015894101932644844,0.06777557067107409,0.09022120118606836,0.4480232298374176
1025,1025,3.461914300918579,3.412653684616089,2e-07,3.0223636069798183,0.015898870304226875,0.06768426825874485,0.09030677285045385,0.44729577004909515
1026,1026,3.397378444671631,3.4454355239868164,2e-07,3.025841180052475,0.015895649325102568,0.06776809709845111,0.09016724210232496,0.4471856877207756
1027,1027,3.4370484352111816,3.402592182159424,2e-07,3.0290375581207694,0.01589463045820594,0.06797546468442306,0.09029144630767405,0.44913530349731445
1028,1028,3.4757769107818604,3.396679639816284,2e-07,3.0312801106453935,0.015895961318165064,0.06768920994363725,0.09022170794196427,0.44928571581840515
1029,1029,3.4539129734039307,3.4455831050872803,2e-07,3.031508795025515,0.015881030820310116,0.06729188133613206,0.09012327541131526,0.4439385458827019
1030,1030,3.386875629425049,3.4588615894317627,2e-07,3.0316881383192884,0.015884304884821177,0.0678242351859808,0.09021073975600302,0.4453573152422905
1031,1031,3.4607315063476562,3.4409067630767822,2e-07,3.033657596560361,0.015904438216239214,0.06744089646963403,0.09015030274167657,0.44445762038230896
1032,1032,3.426029920578003,3.4286186695098877,2e-07,3.0360010653464222,0.0158983557485044,0.06784258643165231,0.09017989702988416,0.446584016084671
1033,1033,3.4389560222625732,3.40360689163208,2e-07,3.0387021771283953,0.01589122647419572,0.06748006280395202,0.09023292979691178,0.4472787380218506
1034,1034,3.43582820892334,3.457685708999634,2e-07,3.0400104170404396,0.015911990776658058,0.06762007213546894,0.09033921221271157,0.44777072221040726
1035,1035,3.44875431060791,3.4632151126861572,2e-07,3.0415889281745554,0.01588721200823784,0.06763407523976639,0.09021071472670883,0.4465930387377739
1036,1036,3.394712209701538,3.469862937927246,2e-07,3.042241857603574,0.01589609356597066,0.06760943602421321,0.09027099283412099,0.44742440432310104
1037,1037,3.3721282482147217,3.4582085609436035,2e-07,3.0431050574073693,0.015890385024249554,0.06738156115170568,0.09011780936270952,0.4467887282371521
1038,1038,3.4249911308288574,3.448012113571167,2e-07,3.0432666194452014,0.0159112848341465,0.06726752419490367,0.09019891265779734,0.44810275733470917
1039,1039,3.4154043197631836,3.442530632019043,2e-07,3.046045602575949,0.015893177594989538,0.0675155010249,0.0902049591531977,0.4443744346499443
1040,1040,3.3774447441101074,3.545386791229248,2e-07,3.0479725353927227,0.015914182644337416,0.06694727606372908,0.09009486099239439,0.4418490529060364
1041,1041,3.4035725593566895,3.422969102859497,2e-07,3.049677042602152,0.01589384162798524,0.06724375480553135,0.08996029372792691,0.44405288249254227
1042,1042,3.43631649017334,3.368741750717163,2e-07,3.047786979906772,0.015901674050837755,0.06712582512409426,0.09014940133783966,0.44638607650995255
1043,1043,3.421673059463501,3.4827067852020264,2e-07,2.8290197636572847,0.01588305877521634,0.06709065058385022,0.09023158787749708,0.4453600198030472
1044,1044,3.4444525241851807,3.465703248977661,2e-07,2.8504678886919583,0.015904716216027737,0.06753989108256064,0.09017843008041382,0.4451560005545616
1045,1045,3.452662706375122,3.5255565643310547,2e-07,2.8701621052039394,0.015903853811323643,0.06685609609121457,0.09020234295167029,0.4447270929813385
1046,1046,3.4168660640716553,3.456040859222412,2e-07,2.8883980533173315,0.015884337481111288,0.0675342958420515,0.09026345703750849,0.44759080559015274
1047,1047,3.441709041595459,3.446676254272461,2e-07,2.903861721413608,0.015898267272859812,0.06712934849201702,0.0901617028284818,0.44618164002895355
1048,1048,3.415656566619873,3.440030097961426,2e-07,2.919049057746113,0.01588863879442215,0.0676391626620898,0.0901403046445921,0.44484318047761917
1049,1049,3.4092681407928467,3.4339981079101562,2e-07,2.93147093759966,0.01590911066159606,0.06732603447744623,0.09018693387042731,0.4475657492876053
1050,1050,3.4031331539154053,3.431593179702759,2e-07,2.9438335652704817,0.015883672051131725,0.06747212784830481,0.09035805671010166,0.44951096922159195
1051,1051,3.419207811355591,3.460141658782959,2e-07,2.9541057432657385,0.015897403936833143,0.0678306368063204,0.09016038512345403,0.44635117799043655
1052,1052,3.4216246604919434,3.424091339111328,2e-07,2.963996257896505,0.015916586853563786,0.06702264817431569,0.0903569950023666,0.44509756565093994
1053,1053,3.424272060394287,3.4747400283813477,2e-07,2.97165853515945,0.015889553353190422,0.06725319987162948,0.09012775006704032,0.44736994057893753
1054,1054,3.4810657501220703,3.4631295204162598,2e-07,2.9807115982800383,0.015901362989097834,0.06705655503901653,0.09006988734472543,0.44399892538785934
1055,1055,3.428762674331665,3.4431700706481934,2e-07,2.987872493280539,0.015899995807558298,0.06755160613101907,0.09021449531428516,0.447321780025959
1056,1056,3.451775312423706,3.4551172256469727,2e-07,2.9931458171012255,0.015896066091954708,0.06734734130441211,0.09026516031008214,0.4463416114449501
1057,1057,3.3870997428894043,3.420330762863159,2e-07,2.995546150897134,0.01590493554249406,0.06736925506265834,0.09012133500073105,0.44596072286367416
1058,1058,3.4183149337768555,3.4285125732421875,2e-07,3.000957130534366,0.015893193893134594,0.06704792185337283,0.09023765509482473,0.4465595930814743
1059,1059,3.3658320903778076,3.43587327003479,2e-07,3.005360824465339,0.015897621400654316,0.067457421857398,0.09026854007970542,0.4474160745739937
1060,1060,3.440316677093506,3.4197957515716553,2e-07,3.010088293984483,0.015898805111646652,0.06724143718020059,0.0901566066313535,0.44647039473056793
1061,1061,3.423098087310791,3.4112799167633057,2e-07,3.0135408647378985,0.015893112402409315,0.06742012605536729,0.0902940520318225,0.4486153945326805
1062,1062,3.4788906574249268,3.449492931365967,2e-07,3.0185035174278276,0.015890045557171106,0.06774506147485226,0.09027561510447413,0.4483915939927101
1063,1063,3.390057325363159,3.407696485519409,2e-07,3.0229253709844417,0.015885903500020504,0.0670264060900081,0.09023943298961967,0.44729940593242645
1064,1064,3.42806339263916,3.4271240234375,2e-07,3.0262520168127574,0.015903870575129986,0.0676902943814639,0.09021159377880394,0.4483375549316406
1065,1065,3.46412992477417,3.469801187515259,2e-07,3.0282362954043545,0.01588206458836794,0.06669977809360716,0.09008547593839467,0.4444885477423668
1066,1066,3.471065044403076,3.4375998973846436,2e-07,3.0306360098658143,0.015885089058429003,0.06761907986947335,0.09016745327971876,0.4464360177516937
1067,1067,3.4325106143951416,3.4330689907073975,2e-07,3.0331015993201778,0.015886446461081505,0.06701941974461079,0.09022716316394508,0.446474052965641
1068,1068,3.379265308380127,3.4997029304504395,2e-07,3.0362519898615057,0.0159148583188653,0.0673498670803383,0.09023125877138227,0.4467068761587143
1069,1069,3.4652116298675537,3.436023235321045,2e-07,3.0388558241861894,0.015889194328337908,0.0672567042929586,0.09025924711022526,0.44843297451734543
1070,1070,3.434521198272705,3.3818516731262207,2e-07,3.041122405114412,0.015896088909357786,0.0668500201718416,0.09036477166227996,0.44444621354341507
1071,1071,3.4291131496429443,3.4980900287628174,2e-07,3.0418126317921588,0.015900325030088425,0.06722473734407686,0.09009680128656328,0.4460647851228714
1072,1072,3.437882423400879,3.3887012004852295,2e-07,3.0423262939020543,0.015886864624917507,0.06726898899069056,0.09028679772745818,0.4472400173544884
1073,1073,3.383380889892578,3.4303367137908936,2e-07,3.04163380991675,0.015907504595816135,0.06747197505319491,0.09006944624707103,0.4448823481798172
1074,1074,3.4038267135620117,3.4306583404541016,2e-07,3.042266214282053,0.015913949813693762,0.06701262346177828,0.09022934036329389,0.4461546614766121
1075,1075,3.3972537517547607,3.524083375930786,2e-07,3.0403843604876513,0.015900541562587023,0.06709033911465667,0.0900921761058271,0.44834988564252853
1076,1076,3.4220190048217773,3.4180898666381836,2e-07,3.0389486384740207,0.015886240638792515,0.06748522917041555,0.0903474158840254,0.4483066126704216
1077,1077,3.4637789726257324,3.512350082397461,2e-07,3.0372034010033677,0.01590451505035162,0.06743667728733271,0.09022818761877716,0.4450460970401764
1078,1078,3.4243078231811523,3.457841157913208,2e-07,3.0366644610996123,0.015880099963396788,0.06777325249277055,0.0901070861145854,0.4481922909617424
1079,1079,3.386875629425049,3.3688673973083496,2e-07,3.0362997848416216,0.015893015079200268,0.06714836083119735,0.09012095059733838,0.4508674219250679
1080,1080,3.46573543548584,3.4368462562561035,2e-07,3.035682057007782,0.01590067846700549,0.06732218581601046,0.09013228735420853,0.4469973146915436
1081,1081,3.3826568126678467,3.4633967876434326,2e-07,3.0335657950897725,0.015892394818365574,0.06673178482742514,0.0902315778657794,0.4468875676393509
1082,1082,3.467085123062134,3.469703435897827,2e-07,3.0357028266036186,0.015891424845904112,0.06705892406171188,0.09016065765172243,0.4452700540423393
1083,1083,3.424812078475952,3.4186465740203857,2e-07,3.0339024667264995,0.01589775877073407,0.0674352869973518,0.09017087949905545,0.448465071618557
1084,1084,3.408216953277588,3.4216268062591553,2e-07,3.0337868653250246,0.01588982157409191,0.06685638829367235,0.09021797240711749,0.44799695163965225
1085,1085,3.403987407684326,3.448641300201416,2e-07,3.0332508088994934,0.01590195531025529,0.06710553582524881,0.09014024864882231,0.4481150433421135
1086,1086,3.376297950744629,3.4106874465942383,2e-07,3.0337298473202723,0.01589092006906867,0.0670309558045119,0.09016949322540313,0.4482654333114624
1087,1087,3.4338488578796387,3.5578393936157227,2e-07,3.0338473155253087,0.015903801657259464,0.0669846061791759,0.09010639612097293,0.4463629126548767
1088,1088,3.4437499046325684,3.510721445083618,2e-07,3.0339073342071776,0.015889997128397226,0.06735478906193748,0.09011752530932426,0.4475627765059471
1089,1089,3.4320788383483887,3.4140195846557617,2e-07,3.0322243144435204,0.015904154628515244,0.06743703212123364,0.09009448869619519,0.4487661048769951
1090,1090,3.386068820953369,3.4208035469055176,2e-07,3.0322904207422,0.015906093642115593,0.06701903545763344,0.09021710511296988,0.44841962307691574
1091,1091,3.395205497741699,3.4559290409088135,2e-07,3.033849146212998,0.01590457884594798,0.06620823188859504,0.09007606306113303,0.44301800429821014
1092,1092,3.4143013954162598,3.3882484436035156,2e-07,3.033015584487251,0.01589747704565525,0.06710519574698992,0.09003514889627695,0.4426107332110405
1093,1093,3.4118337631225586,3.4147210121154785,2e-07,3.0331031567752387,0.015920298639684916,0.06684059827239253,0.09014561621006578,0.44645635038614273
1094,1094,3.392690658569336,3.4731645584106445,2e-07,3.0345024570767443,0.0158902145922184,0.06732652807841077,0.09007967612706125,0.44642969965934753
1095,1095,3.4905996322631836,3.4284422397613525,2e-07,3.0355929698942443,0.01589315803721547,0.06676531938137487,0.09017436706926674,0.4438796564936638
1096,1096,3.369615316390991,3.4041638374328613,2e-07,3.0355691796575406,0.015902474988251925,0.06686590285971761,0.09009142592549324,0.4426111951470375
1097,1097,3.382580280303955,3.484437942504883,2e-07,3.0333230964730835,0.01588492328301072,0.06720543894334696,0.09017905022483319,0.4484713673591614
1098,1098,3.3561580181121826,3.423908233642578,2e-07,3.0340214402130568,0.01588722737506032,0.06739534213556908,0.09017913765273988,0.44787124544382095
1099,1099,3.423017978668213,3.423835039138794,2e-07,3.034008426928464,0.01590707851573825,0.0669449551787693,0.09009820618666708,0.4477836936712265
1100,1100,3.417116403579712,3.4209721088409424,2e-07,3.033839237063857,0.015914528630673885,0.06698762375162914,0.09011674881912768,0.4449135586619377
1101,1101,3.477466106414795,3.418405294418335,2e-07,3.035353362805955,0.01589732337743044,0.06724187987856567,0.09023808594793081,0.4468739256262779
1102,1102,3.4307971000671387,3.403738498687744,2e-07,3.034480683934245,0.015902057755738497,0.06737000311841257,0.08991766802500933,0.44696883857250214
1103,1103,3.4859821796417236,3.4442055225372314,2e-07,3.0358163743380415,0.015908475033938885,0.06696523859864101,0.090033411514014,0.44096627831459045
1104,1104,3.4237160682678223,3.384359359741211,2e-07,3.0367661570030435,0.015899930149316788,0.0671419189311564,0.09006063977722079,0.44785013794898987
1105,1105,3.3893957138061523,3.3969666957855225,2e-07,3.038239198207581,0.015907938592135906,0.06675109942443669,0.09007993096020073,0.44421470165252686
1106,1106,3.468402147293091,3.416536331176758,2e-07,3.040113752336133,0.01589986216276884,0.06707773203379475,0.09010678622871637,0.4458673521876335
1107,1107,3.3778257369995117,3.461653709411621,2e-07,3.042436663465838,0.015899378340691328,0.06654715104377829,0.09015873272437602,0.4433385208249092
1108,1108,3.445293426513672,3.443418025970459,2e-07,3.044370779499071,0.01589338295161724,0.06722097753663547,0.09011797839775681,0.4470282346010208
1109,1109,3.3646974563598633,3.5156216621398926,2e-07,3.0452696545514133,0.015906132757663727,0.06686103218817152,0.09009918698575348,0.4449116662144661
1110,1110,3.3616323471069336,3.515076160430908,2e-07,3.046258452368126,0.015911531168967485,0.06708468744182028,0.09009892132598907,0.4477194547653198
1111,1111,3.5095722675323486,3.42295503616333,2e-07,3.046047345204102,0.015886970795691013,0.06678681127959862,0.09019430004991591,0.4458642303943634
1112,1112,3.38985538482666,3.483142614364624,2e-07,3.0469556886633473,0.015901404432952404,0.06693054889910854,0.09011128800921142,0.4481505677103996
1113,1113,3.4123005867004395,3.401777505874634,2e-07,3.0464583997309194,0.015913380309939384,0.06701792625244707,0.09006435645278543,0.4460035488009453
1114,1114,3.4633917808532715,3.432107448577881,2e-07,3.0479822514535093,0.01589188165962696,0.06644102041900624,0.09025841217953712,0.4461039826273918
1115,1115,3.4075307846069336,3.475076198577881,2e-07,3.0496959224289646,0.015890687238425016,0.06691386204329319,0.09024397877510637,0.44711165875196457
1116,1116,3.3407864570617676,3.4512112140655518,2e-07,3.05233272274345,0.015905706211924553,0.06649465506779961,0.0900893552461639,0.44437848776578903
1117,1117,3.452659845352173,3.498290777206421,2e-07,3.053425637875114,0.01590401167050004,0.06677599434624426,0.09015107562299818,0.4460887089371681
1118,1118,3.434788465499878,3.399001359939575,2e-07,3.054513230640358,0.015907154884189367,0.06702442138339393,0.09015204990282655,0.4491370916366577
1119,1119,3.3416144847869873,3.3770792484283447,2e-07,3.0542008493217985,0.015906618908047676,0.06721009575994685,0.09017769328784198,0.4496478736400604
1120,1120,3.4748218059539795,3.40873384475708,2e-07,3.054971357893854,0.015898149460554123,0.06715693441219628,0.09019773686304688,0.4457801282405853
1121,1121,3.409381866455078,3.373356580734253,2e-07,3.053852307147883,0.015915478579699993,0.06709694370510988,0.09012643387541175,0.4438815787434578
1122,1122,3.392165184020996,3.5182604789733887,2e-07,3.054577449507819,0.015909702982753515,0.0669271377264522,0.09003687603399158,0.45068496465682983
1123,1123,3.367926597595215,3.4480056762695312,2e-07,3.0549815939290044,0.015901303384453058,0.06696601986186579,0.0901357198599726,0.44818734377622604
1124,1124,3.406447172164917,3.4349095821380615,2e-07,3.0550038971828926,0.015896419063210487,0.06643917752080597,0.09016632020939142,0.44402582943439484
1125,1125,3.400627851486206,3.374826431274414,2e-07,3.055108583588446,0.015896853525191545,0.06690360678476281,0.09004972956608981,0.44402527064085007
1126,1126,3.4109549522399902,3.359717607498169,2e-07,3.056119757392846,0.01591140916571021,0.06703678422491066,0.09024828218389302,0.4461861252784729
1127,1127,3.399016857147217,3.397778034210205,2e-07,2.828265144646308,0.015907743480056524,0.06714404764352366,0.09030144568532705,0.4475090429186821
1128,1128,3.3683173656463623,3.455096960067749,2e-07,2.8489370328202037,0.015903187450021505,0.06665371562121436,0.09008255123626441,0.44370193034410477
1129,1129,3.409752130508423,3.4194889068603516,2e-07,2.86899220234989,0.01589894713833928,0.06668492863536812,0.09013615420553833,0.44524138420820236
1130,1130,3.40093731880188,3.4350361824035645,2e-07,2.887074631605897,0.015916038770228624,0.06676022100145929,0.09007808286696672,0.44760724157094955
1131,1131,3.3930912017822266,3.430161476135254,2e-07,2.9020312846346537,0.01590383192524314,0.06657758945948444,0.09020241361577064,0.44499490410089493
1132,1132,3.3716888427734375,3.448363780975342,2e-07,2.915351735612138,0.015910273883491755,0.06639370566699654,0.0899952829349786,0.4418535754084587
1133,1133,3.3878426551818848,3.4449193477630615,2e-07,2.9293101730737474,0.01589244930073619,0.0666264234459959,0.09014448535162956,0.44737304002046585
1134,1134,3.343764305114746,3.5325510501861572,2e-07,2.9427330163780145,0.015902521088719368,0.06669374040211551,0.09004979184828699,0.4471040889620781
1135,1135,3.4002699851989746,3.451178789138794,2e-07,2.9535799067674238,0.01588624669238925,0.06669829046586528,0.09001908265054226,0.4450560212135315
1136,1136,3.4503602981567383,3.4429636001586914,2e-07,2.96320222762011,0.015905634500086308,0.06705562295974232,0.09011602320242673,0.4448084980249405
1137,1137,3.3939671516418457,3.380162239074707,2e-07,2.9716871448622015,0.01589555386453867,0.06663539719011169,0.090069331927225,0.445564404129982
1138,1138,3.4025797843933105,3.409788131713867,2e-07,2.9803164122643167,0.01591237960383296,0.06677444733213633,0.09005578269716352,0.4444557949900627
1139,1139,3.390317916870117,3.369250535964966,2e-07,2.986087562698782,0.015911984723061323,0.0664560551813338,0.09008681145496666,0.4443596377968788
1140,1140,3.461352586746216,3.3930418491363525,2e-07,2.994904959404388,0.01591314934194088,0.06668483139947057,0.09015160880517215,0.44660966843366623
1141,1141,3.4267473220825195,3.4399285316467285,2e-07,3.0016792477115364,0.0159085588529706,0.0665662502287887,0.09012145560700446,0.44497913122177124
1142,1142,3.3728091716766357,3.383347749710083,2e-07,3.007602826728403,0.015911934431642294,0.06683798765880056,0.09012857917696238,0.4473241940140724
1143,1143,3.418376922607422,3.5056662559509277,2e-07,3.0119406411584633,0.01590847596526146,0.06698107384727336,0.09002072794828564,0.4452768936753273
1144,1144,3.3730762004852295,3.502429723739624,2e-07,3.0145062263999804,0.015902836341410875,0.06646609475137666,0.09022808994632214,0.44728782027959824
1145,1145,3.4168245792388916,3.5175082683563232,2e-07,3.016797336069941,0.01589298713952303,0.0668938357848674,0.08996132528409362,0.44687674939632416
1146,1146,3.40624737739563,3.3821775913238525,2e-07,3.0205689317477273,0.01591020403429866,0.06598168599884957,0.09006180078722537,0.44470450282096863
1147,1147,3.398134469985962,3.48044753074646,2e-07,3.0240029646929725,0.015914299059659243,0.0666244188323617,0.09002411609981209,0.44577913731336594
1148,1148,3.4419353008270264,3.4348933696746826,2e-07,3.0256366457381154,0.015901767648756504,0.06647919997340068,0.08999325928743929,0.44659195095300674
1149,1149,3.364212989807129,3.4693100452423096,2e-07,3.0249254524811793,0.015883767511695623,0.06638504566217307,0.09017469780519605,0.4456430450081825
1150,1150,3.4165003299713135,3.438983678817749,2e-07,3.024444050880267,0.015901296865195036,0.06665647446061485,0.09006868966389447,0.4458366855978966
1151,1151,3.361372947692871,3.5046823024749756,2e-07,3.027200209982659,0.015901155304163694,0.06647293589776382,0.09000381478108466,0.44509559124708176
1152,1152,3.4487998485565186,3.4433481693267822,2e-07,3.030998166650219,0.015894618816673756,0.06651383216376416,0.09011514775920659,0.4438023939728737
1153,1153,3.3682408332824707,3.464524507522583,2e-07,3.034183374312105,0.015900662634521723,0.06631909916177392,0.0900378420483321,0.4435514062643051
1154,1154,3.40615177154541,3.4025490283966064,2e-07,3.0371242977254056,0.01590152271091938,0.06654888190678321,0.09004522440955043,0.4470534920692444
1155,1155,3.439664602279663,3.3556485176086426,2e-07,3.0397839551134975,0.01590573787689209,0.06650925183203071,0.09003728639800102,0.4434404671192169
1156,1156,3.4172775745391846,3.390079975128174,2e-07,2.8124528385705396,0.015901856124401093,0.06663882680004463,0.08999631681945175,0.4456702172756195
1157,1157,3.401315450668335,3.45469331741333,2e-07,2.836486522540817,0.01590621378272772,0.06666760591906495,0.09003452910110354,0.4456479027867317
1158,1158,3.4045212268829346,3.401521921157837,2e-07,2.8590803935365052,0.015910991467535496,0.06685784689034335,0.09017602470703423,0.44667869061231613
1159,1159,3.3800644874572754,3.5428853034973145,2e-07,2.879527564834866,0.01590199489146471,0.06624584033852443,0.09011527081020176,0.44772882014513016
1160,1160,3.409750461578369,3.425597906112671,2e-07,2.89688193090058,0.01591883087530732,0.06624294148059562,0.09026313293725252,0.44174834340810776
1161,1161,3.3791613578796387,3.4051475524902344,2e-07,2.913071103537184,0.015896199271082878,0.06660555949201807,0.09007775306235999,0.44735024124383926
1162,1162,3.425827980041504,3.3912227153778076,2e-07,2.926954508537987,0.01590091222897172,0.06673621587106027,0.09002233063802123,0.4463677182793617
1163,1163,3.4320592880249023,3.4139411449432373,2e-07,2.9397593811705045,0.015896570403128862,0.06638587912311777,0.09018964599817991,0.4430091232061386
1164,1164,3.365067481994629,3.405109405517578,2e-07,2.94999104099317,0.015907527413219213,0.06629510517814197,0.09004829323384911,0.44416607916355133
1165,1165,3.4467742443084717,3.4868273735046387,2e-07,2.959218172557831,0.015892124734818935,0.06663133398978971,0.0900335144251585,0.4450943171977997
1166,1166,3.463172435760498,3.516767740249634,2e-07,2.969806900001178,0.015903425868600607,0.06651695881737396,0.09021439147181809,0.44740794599056244
1167,1167,3.3578479290008545,3.4172065258026123,2e-07,2.9796120147727243,0.015904847532510757,0.06682613072916865,0.09024345362558961,0.4501252770423889
1168,1168,3.380404233932495,3.405811309814453,2e-07,2.9878360125113694,0.015891356859356165,0.06585460377391428,0.09013711253646761,0.4468209221959114
1169,1169,3.4462146759033203,3.386789560317993,2e-07,2.9924759707100956,0.015889577101916075,0.06637888541445136,0.08999902685172856,0.44603749364614487
1170,1170,3.4046311378479004,3.4119491577148438,2e-07,2.998611942332202,0.015898128505796194,0.06620430736802518,0.09018137259408832,0.44511905312538147
1171,1171,3.4074056148529053,3.4212522506713867,2e-07,3.0029909635549266,0.01589924981817603,0.06634607145679183,0.09014471084810793,0.44688018411397934
1172,1172,3.3882925510406494,3.4126057624816895,2e-07,3.0075638428143887,0.01589765679091215,0.0666435421735514,0.09008394612465054,0.44595110416412354
1173,1173,3.361412286758423,3.4271080493927,2e-07,3.0121903564794215,0.015910622663795948,0.06662455887999386,0.09003982169087976,0.4459245800971985
1174,1174,3.3857243061065674,3.4512500762939453,2e-07,3.015978393822927,0.01591166341677308,0.06671908323187381,0.0899225032189861,0.4457624480128288
1175,1175,3.417034387588501,3.421741247177124,2e-07,3.0191897037550013,0.01589964237064123,0.06613163009751588,0.08997473784256727,0.44571011513471603
1176,1176,3.4028897285461426,3.405947685241699,2e-07,3.022291188863237,0.015911175403743982,0.06603299234120641,0.0900525248143822,0.4447464346885681
1177,1177,3.3471474647521973,3.365581512451172,2e-07,3.024031572395227,0.01589298015460372,0.06612978057819419,0.08992504817433655,0.4457961395382881
1178,1178,3.3927927017211914,3.4173030853271484,2e-07,3.026203864279358,0.015900143887847662,0.06631148600718006,0.08981762174516916,0.4427169859409332
1179,1179,3.4260427951812744,3.4396491050720215,2e-07,3.0286153093769625,0.0159177603200078,0.066889357927721,0.09002803533803672,0.44655273854732513
1180,1180,3.437283992767334,3.488673210144043,2e-07,3.0302045117119114,0.015892351511865854,0.06642740167444572,0.09005594556219876,0.4459853693842888
1181,1181,3.376941680908203,3.5229976177215576,2e-07,3.030477229390548,0.015901906415820122,0.06643469355185516,0.09009769186377525,0.44822798669338226
1182,1182,3.387526512145996,3.4518003463745117,2e-07,3.032223955477184,0.015902589075267315,0.06638559637940489,0.09001234197057784,0.44536957144737244
1183,1183,3.4379613399505615,3.4717752933502197,2e-07,3.0350209775117083,0.01588921109214425,0.06667236585053615,0.0901121791685,0.44826988875865936
1184,1184,3.3991684913635254,3.4247887134552,2e-07,3.0377182393886852,0.015905919950455427,0.06680413146386854,0.08997046353761107,0.44534578919410706
1185,1185,3.431784152984619,3.369924545288086,2e-07,3.0404177741035388,0.015893629286438227,0.06609125595423393,0.0901386730838567,0.4432796388864517
1186,1186,3.3654961585998535,3.502980947494507,2e-07,3.040715439011563,0.015902753919363022,0.06629843806149438,0.09003156493417919,0.4443366378545761
1187,1187,3.413789749145508,3.4969370365142822,2e-07,3.0387685720939537,0.01590268313884735,0.06586640105524566,0.0901234446791932,0.44248659163713455
1188,1188,3.3217976093292236,3.4395289421081543,2e-07,3.0399496475949617,0.015905173495411873,0.0665296626102645,0.09001182904466987,0.44582218676805496
1189,1189,3.444533348083496,3.4028635025024414,2e-07,3.0412859421371072,0.01591810630634427,0.06635815312620252,0.09012727020308375,0.44639752805233
1190,1190,3.389559268951416,3.402925491333008,2e-07,3.0405683267452384,0.015905800741165876,0.06592077169625554,0.0900170017266646,0.4429173097014427
1191,1191,3.433680295944214,3.4251813888549805,2e-07,3.0421864452048175,0.015926726162433624,0.06608811487967614,0.08986661653034389,0.440967358648777
1192,1192,3.361647844314575,3.382805347442627,2e-07,3.043718037572838,0.015884659718722105,0.06640708228223957,0.08990319410804659,0.44412433356046677
1193,1193,3.4006216526031494,3.4374098777770996,2e-07,3.0434147865619336,0.015896638855338097,0.06680149768362753,0.08994600758887827,0.448208749294281
1194,1194,3.4382779598236084,3.416619300842285,2e-07,3.0442310016739733,0.015897866804152727,0.06646201520925388,0.09001990815158933,0.4470120221376419
1195,1195,3.40628719329834,3.4423961639404297,2e-07,3.0441326888061946,0.015909460838884115,0.06616145942825824,0.08999209338799119,0.44363968074321747
1196,1196,3.4173104763031006,3.3575594425201416,2e-07,3.0433424222821714,0.015906115993857384,0.06629747847910039,0.09009349322877824,0.44454722106456757
1197,1197,3.3599705696105957,3.3885772228240967,2e-07,3.0427492488101557,0.01588495308533311,0.06631385299260728,0.09016950218938291,0.4458850547671318
1198,1198,3.386373996734619,3.388956308364868,2e-07,3.0448342598161466,0.015896898694336414,0.06616631933138706,0.0900399211095646,0.4432277977466583
1199,1199,3.318720817565918,3.430433511734009,2e-07,3.04644840249672,0.015899240039288998,0.06567789957625791,0.09002974419854581,0.44090308248996735
1200,1200,3.4250686168670654,3.391904830932617,2e-07,3.04751077416411,0.015907973051071167,0.06644385601975955,0.09007581183686852,0.44388238340616226
1201,1201,3.4371042251586914,3.377103328704834,2e-07,3.047931456045579,0.01590299466624856,0.06645853398367763,0.09013950813096017,0.4448796659708023
1202,1202,3.358743906021118,3.375157356262207,2e-07,3.048680929231335,0.0158892422914505,0.06629214598797262,0.09004287968855351,0.4449581950902939
1203,1203,3.4269399642944336,3.375251054763794,2e-07,3.049469643743885,0.015905273612588644,0.06626247547683306,0.09005177998915315,0.4484464004635811
1204,1204,3.400031328201294,3.4619264602661133,2e-07,3.04918488957611,0.01590329548344016,0.06623381638200954,0.08998548844829202,0.44650616496801376
1205,1205,3.3992786407470703,3.399284839630127,2e-07,3.0501397288842496,0.01589956507086754,0.06669061692082323,0.09003711817786098,0.44623301923274994
1206,1206,3.3595387935638428,3.3935885429382324,2e-07,3.0507758440897885,0.015910020098090172,0.06629913026699796,0.09008637873921543,0.4461599215865135
1207,1207,3.3799707889556885,3.3524558544158936,2e-07,3.0516153327844178,0.01590262446552515,0.06629684346262366,0.09010048571508378,0.4484713673591614
1208,1208,3.4052634239196777,3.3488123416900635,2e-07,2.8320264333822216,0.015900148544460535,0.06653290084796026,0.09001634060405195,0.44617046415805817
1209,1209,3.4015228748321533,3.4054646492004395,2e-07,2.6363635495968936,0.015896710567176342,0.06642659922363237,0.09000623563770205,0.44617004692554474
1210,1210,3.3401846885681152,3.4064104557037354,2e-07,2.6766329135699114,0.01592244766652584,0.06625589015311562,0.08995567983947694,0.4454936012625694
1211,1211,3.37332820892334,3.3727710247039795,2e-07,2.7133650330428667,0.015905816573649645,0.06628716149134561,0.09000474773347378,0.44577009230852127
1212,1212,3.392469644546509,3.360649824142456,2e-07,2.7483466186155137,0.01591721223667264,0.06607200647704303,0.08998464746400714,0.4444214925169945
1213,1213,3.3821897506713867,3.3860549926757812,2e-07,2.776925584042375,0.015906744170933962,0.06632412719773129,0.09010381542611867,0.44792769849300385
1214,1214,3.3530220985412598,3.4711782932281494,2e-07,2.8023390781096422,0.015887608285993338,0.06633572914870456,0.0900468216277659,0.4485967606306076
1215,1215,3.3440284729003906,3.4874320030212402,2e-07,2.8269711295084137,0.015886958688497543,0.06646727010956965,0.09004991466645151,0.44659706950187683
1216,1216,3.3800313472747803,3.348647356033325,2e-07,2.8484915987084265,0.015901125967502594,0.06581399400602095,0.09009840758517385,0.44450389593839645
1217,1217,3.398879289627075,3.3894824981689453,2e-07,2.644243125569273,0.015902208629995584,0.06574893119977787,0.09000471280887723,0.4448894336819649
1218,1218,3.4155333042144775,3.3731937408447266,2e-07,2.6827063047846345,0.015896704979240894,0.06646949725109152,0.09003987081814557,0.44892483204603195
1219,1219,3.3787667751312256,3.442064046859741,2e-07,2.7180235397921875,0.015892837662249804,0.06596924661425874,0.0899959891103208,0.4458322525024414
1220,1220,3.439284324645996,3.4329452514648438,2e-07,2.749610978566637,0.01590189104899764,0.06576744408812374,0.08996015961747617,0.4430651068687439
1221,1221,3.4005126953125,3.394946813583374,2e-07,2.7795492673983455,0.015908314380794764,0.06557927088579163,0.09003273397684097,0.4465751498937607
1222,1222,3.3608310222625732,3.3634257316589355,2e-07,2.8039562033648364,0.015908556059002876,0.06597672330099158,0.09004251833539456,0.4448748752474785
1223,1223,3.4519307613372803,3.3486483097076416,2e-07,2.8302780339075593,0.015905332285910845,0.06565959981526248,0.09000439383089542,0.4410288482904434
1224,1224,3.4098265171051025,3.3983614444732666,2e-07,2.850330514731996,0.015911094844341278,0.06585615282529034,0.0900757274357602,0.4428548291325569
1225,1225,3.445671558380127,3.342423915863037,2e-07,2.8685106000215526,0.01591893984004855,0.06604779965709895,0.08996602904517204,0.44120026379823685
1226,1226,3.3806116580963135,3.424834728240967,2e-07,2.668192844945395,0.01588726742193103,0.06612437198054977,0.0899525482673198,0.4454970955848694
1227,1227,3.3986756801605225,3.4333152770996094,2e-07,2.7031041902754023,0.01589484279975295,0.06592433407786302,0.08998190413694829,0.4413413032889366
1228,1228,3.359562635421753,3.3961479663848877,2e-07,2.736854344396602,0.015906970482319593,0.0658622490009293,0.08998187293764204,0.4464223012328148
1229,1229,3.4295926094055176,3.4634876251220703,2e-07,2.7681518974212453,0.015896215569227934,0.06578931567491964,0.09003735578153282,0.44268443435430527
1230,1230,3.322158098220825,3.474203109741211,2e-07,2.796817565833923,0.015889040660113096,0.06588698658742942,0.09004525851923972,0.4439401850104332
1231,1231,3.32645583152771,3.4298315048217773,2e-07,2.8204541208624216,0.01590753998607397,0.0658380233508069,0.08998974645510316,0.4430515915155411
1232,1232,3.3822097778320312,3.4462573528289795,2e-07,2.84394327041523,0.015898665878921747,0.06584816862596199,0.09000582166481763,0.4467032551765442
1233,1233,3.384366273880005,3.420673131942749,2e-07,2.865804283166371,0.01590534718707204,0.06591802916955203,0.08994264830835164,0.4446720778942108
1234,1234,3.365469217300415,3.5246615409851074,2e-07,2.8835453116601037,0.01590433530509472,0.0659337070537731,0.08986673806793988,0.44352348148822784
1235,1235,3.3888437747955322,3.4512760639190674,2e-07,2.9000707783520694,0.015912936069071293,0.06572758189577144,0.09010706073604524,0.4447905123233795
1236,1236,3.378762722015381,3.4161574840545654,2e-07,2.9156157198540837,0.01590080000460148,0.06578753842040896,0.09000625845510513,0.4448297396302223
1237,1237,3.3620810508728027,3.379577875137329,2e-07,2.9303384974831723,0.015903776977211237,0.06582179581164382,0.08995931257959455,0.4454546645283699
1238,1238,3.368520736694336,3.417924404144287,2e-07,2.943797625036573,0.015906490851193666,0.06596630217973143,0.08998987695667893,0.4451139271259308
1239,1239,3.3806276321411133,3.4299089908599854,2e-07,2.954362722357831,0.015889429487287998,0.06595224409829825,0.09004514489788562,0.4474566951394081
1240,1240,3.4109902381896973,3.3921265602111816,2e-07,2.964701566347186,0.01589849218726158,0.06568626523949206,0.08995896577835083,0.44272466748952866
1241,1241,3.3985037803649902,3.4576961994171143,2e-07,2.972264057567322,0.015899666119366884,0.06590537913143635,0.08998505782801658,0.44671034812927246
1242,1242,3.387389659881592,3.33367919921875,2e-07,2.9789466921390537,0.015887044370174408,0.06608507933560759,0.08999083540402353,0.44428160786628723
1243,1243,3.4396026134490967,3.3689117431640625,2e-07,2.76905760959846,0.015909259673208,0.06587903932086192,0.08989636320620775,0.4449688121676445
1244,1244,3.377277374267578,3.3673338890075684,2e-07,2.793794761123159,0.015896865632385015,0.06599354892387055,0.08987973188050091,0.44234974682331085
1245,1245,3.352794647216797,3.429206609725952,2e-07,2.819056801548312,0.01589858904480934,0.06609046104131266,0.09004150098189712,0.4444149509072304
1246,1246,3.3629910945892334,3.4050424098968506,2e-07,2.8398935205206666,0.01590526197105646,0.06595862138783559,0.09003224270418286,0.4443458318710327
1247,1247,3.487743854522705,3.486440658569336,2e-07,2.858975203609155,0.015899627935141325,0.06564989313483238,0.09005510748829693,0.4432355687022209
1248,1248,3.362363576889038,3.3945000171661377,2e-07,2.876639698494629,0.015923709142953157,0.06572411203524098,0.09004866157192737,0.44397658109664917
1249,1249,3.3862295150756836,3.3864545822143555,2e-07,2.8933758044469595,0.015911057125777006,0.0658684999216348,0.09001746273133904,0.44529709964990616
1250,1250,3.3854565620422363,3.468191385269165,2e-07,2.907004255679069,0.01590961031615734,0.06581932023982517,0.08994060952682048,0.4437881112098694
1251,1251,3.4304251670837402,3.423074245452881,2e-07,2.9214421021841632,0.015909150708466768,0.06553961301688105,0.09007742954418063,0.445228710770607
1252,1252,3.4513986110687256,3.3904242515563965,2e-07,2.932058749709004,0.015893201809376478,0.06558368509286083,0.09012136189267039,0.4430576413869858
1253,1253,3.4031388759613037,3.375913381576538,2e-07,2.9418274888724207,0.015894266311079264,0.06533876986941323,0.08999396616127342,0.4417039752006531
1254,1254,3.3614516258239746,3.4015965461730957,2e-07,2.9509782716098694,0.015912030823528767,0.0655670746054966,0.09000856743659824,0.43907319754362106
1255,1255,3.4376814365386963,3.3933796882629395,2e-07,2.960326511196898,0.015898470301181078,0.06587852831580676,0.08989537146408111,0.4428465887904167
1256,1256,3.4156014919281006,3.4151182174682617,2e-07,2.967021098453441,0.015911505557596684,0.06597319568390958,0.08998014975804836,0.44553011655807495
1257,1257,3.342785596847534,3.3361825942993164,2e-07,2.9734362747677667,0.015884730964899063,0.06604863246320747,0.08991843892727047,0.44380027800798416
1258,1258,3.455667734146118,3.418886661529541,2e-07,2.979690456349198,0.015886839013546705,0.06602053338428959,0.09000464936252683,0.4440332278609276
1259,1259,3.3450639247894287,3.384110689163208,2e-07,2.9862161496818405,0.01589118642732501,0.06616610125638545,0.09009439696092159,0.44614817202091217
1260,1260,3.4520137310028076,3.366549015045166,2e-07,2.9917096434616113,0.015909748151898384,0.06607339429319836,0.09001751791220158,0.44596851617097855
1261,1261,3.364133834838867,3.3970439434051514,2e-07,2.996326867394028,0.015886627603322268,0.0658183143241331,0.09000791748985648,0.44374557584524155
1262,1262,3.3741953372955322,3.3995630741119385,2e-07,3.0008279157952464,0.01590613229200244,0.0660648237389978,0.08991645369678736,0.44176318496465683
1263,1263,3.37772536277771,3.4001505374908447,2e-07,3.005819790804461,0.015908580739051104,0.0657127783051692,0.08997348183766007,0.4443447217345238
1264,1264,3.409066677093506,3.4812238216400146,2e-07,3.0082289319510687,0.015903889201581478,0.06583943418809213,0.08998893317766488,0.4460292384028435
1265,1265,3.4363460540771484,3.4489850997924805,2e-07,3.011581026172531,0.01590709714218974,0.06569663091795519,0.08987701323349029,0.4431135803461075
1266,1266,3.432635545730591,3.412369966506958,2e-07,3.0153490575049178,0.01589837810024619,0.06603291656938381,0.09012359951157123,0.446638748049736
1267,1267,3.33141827583313,3.3950560092926025,2e-07,3.019162845528642,0.01589326746761799,0.06587356538511813,0.08999679156113416,0.4459166079759598
1268,1268,3.4005069732666016,3.4508211612701416,2e-07,3.023205371585839,0.015896805562078953,0.0654764240316581,0.09000280464533716,0.44496900588274
1269,1269,3.3239665031433105,3.3818318843841553,2e-07,3.0263804591581533,0.01590538863092661,0.06519920547725633,0.09002896735910326,0.443870946764946
1270,1270,3.3706307411193848,3.4104104042053223,2e-07,3.028139823328425,0.01590251363813877,0.06572064963984303,0.0900561063317582,0.44430696219205856
1271,1271,3.353221893310547,3.384348154067993,2e-07,3.027999699249932,0.01590087218210101,0.06592764766537584,0.08995824796147645,0.4458722248673439
1272,1272,3.4002697467803955,3.318215847015381,2e-07,3.02975849928985,0.015897282399237156,0.06545197198283859,0.0899256351403892,0.4457809031009674
1273,1273,3.3801026344299316,3.3742597103118896,2e-07,2.8021699484648392,0.01590613555163145,0.06578707869630307,0.08997218706645072,0.446090504527092
1274,1274,3.3816184997558594,3.4620838165283203,2e-07,2.826656559598472,0.01590498397126794,0.06537399371154606,0.0900383951375261,0.4432033374905586
1275,1275,3.3217828273773193,3.3953006267547607,2e-07,2.8491305150595148,0.015912812668830156,0.06577390112215653,0.0900062108412385,0.44394368678331375
1276,1276,3.3851780891418457,3.3757121562957764,2e-07,2.8705220558335762,0.015920089092105627,0.06576630208292045,0.08995021355804056,0.4454433098435402
1277,1277,3.391385793685913,3.4282116889953613,2e-07,2.889390288859627,0.015922365244477987,0.06555407785344869,0.09001894749235362,0.4405626654624939
1278,1278,3.326390266418457,3.3657069206237793,2e-07,2.90463157107971,0.015907615888863802,0.06559429469052702,0.09000347880646586,0.44318047910928726
1279,1279,3.4183547496795654,3.4112768173217773,2e-07,2.919809095483596,0.015908981207758188,0.06578166419058107,0.08985713741276413,0.44473307579755783
1280,1280,3.368628978729248,3.3700027465820312,2e-07,2.9320537559268804,0.01590181654319167,0.0659968146646861,0.08995712292380631,0.44394535571336746
1281,1281,3.338373899459839,3.341036319732666,2e-07,2.9395460145965924,0.015873660799115896,0.06606442475458607,0.08996537188068032,0.4452953115105629
1282,1282,3.40317964553833,3.3650293350219727,2e-07,2.9483516116051427,0.015914485789835453,0.06579250204958953,0.08992880349978805,0.4435460865497589
1283,1283,3.399031400680542,3.450681447982788,2e-07,2.957871881666037,0.01591562945395708,0.06561589791090228,0.09003922902047634,0.4437872841954231
1284,1284,3.3469762802124023,3.3493447303771973,2e-07,2.965727588255801,0.015919608063995838,0.06569880826282315,0.0900124233448878,0.4433620646595955
1285,1285,3.3557989597320557,3.387421131134033,2e-07,2.9705989303567524,0.01590156741440296,0.065887528762687,0.08996618771925569,0.4458867087960243
1286,1286,3.3275539875030518,3.445929527282715,2e-07,2.978431737927302,0.015890635550022125,0.0656053145066835,0.08989953645505011,0.4439423009753227
1287,1287,3.437626838684082,3.367424488067627,2e-07,2.984906690528589,0.015903750900179148,0.06529730587499216,0.08993285254109651,0.44297101348638535
1288,1288,3.3734047412872314,3.385448455810547,2e-07,2.9902991568424584,0.015913488809019327,0.06553170867846347,0.08989450172521174,0.4443287029862404
1289,1289,3.3890480995178223,3.349869966506958,2e-07,2.9950600844927866,0.01590691227465868,0.0657795135921333,0.09002908656839281,0.4437418803572655
1290,1290,3.360196590423584,3.4108667373657227,2e-07,3.0005390704897836,0.015892612282186747,0.06553306328714825,0.09006432711612433,0.4450796917080879
1291,1291,3.341799259185791,3.4407713413238525,2e-07,3.006039197256193,0.01590940309688449,0.0657346596417483,0.08998598076868802,0.4447941854596138
1292,1292,3.3471691608428955,3.349803924560547,2e-07,3.0106860958282846,0.015908678993582726,0.06569677442894317,0.08993116568308324,0.4420092850923538
1293,1293,3.426689863204956,3.3703489303588867,2e-07,3.0152514491245683,0.015900953207165003,0.06552006909623742,0.09002107998821884,0.4440130665898323
1294,1294,3.400236129760742,3.429489850997925,2e-07,3.017810152358031,0.015906053129583597,0.06484929496946279,0.09006732504349202,0.4422490671277046
1295,1295,3.3621788024902344,3.403574228286743,2e-07,3.0217713059061224,0.015914428047835827,0.06544707861030474,0.08996940171346068,0.44040917605161667
1296,1296,3.3044111728668213,3.4437620639801025,2e-07,3.0238350565078815,0.015915030147880316,0.06596226294641383,0.0900899616535753,0.4436059296131134
1297,1297,3.3461194038391113,3.43377685546875,2e-07,3.0275787734752315,0.015912869479507208,0.06496454493026249,0.0900788145372644,0.44232089817523956
1298,1298,3.4019598960876465,3.373584032058716,2e-07,3.028499603773001,0.01590969366952777,0.06586562999291345,0.08999705535825342,0.4444473758339882
1299,1299,3.357588291168213,3.372833728790283,2e-07,3.0292414862324306,0.0158997168764472,0.06567629295750521,0.09022003971040249,0.44601135700941086
1300,1300,3.3565821647644043,3.3819541931152344,2e-07,3.0328447759358474,0.015904522966593504,0.06562698853667825,0.08986607322003692,0.443522684276104
1301,1301,3.3032212257385254,3.4512999057769775,2e-07,3.035220465559595,0.0159178520552814,0.06550085396156646,0.08992071112152189,0.4430083855986595
1302,1302,3.3646390438079834,3.3815135955810547,2e-07,3.0374943831958947,0.015904890839010477,0.06507011348730884,0.09007451741490513,0.4418155401945114
1303,1303,3.3759284019470215,3.402686595916748,2e-07,3.0397663831044817,0.015895791351795197,0.06583177999709733,0.09005004761274904,0.444340743124485
1304,1304,3.3802545070648193,3.400402545928955,2e-07,3.0420174291763384,0.01590176811441779,0.06575285576400347,0.0899444145616144,0.4459477514028549
1305,1305,3.3397414684295654,3.480722188949585,2e-07,3.0442978538551904,0.015891436953097582,0.06532157844048925,0.08996716619003564,0.44412001222372055
1306,1306,3.4725148677825928,3.4168381690979004,2e-07,3.0450425070630676,0.015901049599051476,0.06550937760039233,0.08996794058475643,0.44236014038324356
1307,1307,3.384587287902832,3.36427640914917,2e-07,3.046732221387716,0.015912252478301525,0.06515254417899996,0.09001820790581405,0.44556258618831635
1308,1308,3.380535364151001,3.3256967067718506,2e-07,3.045902953451135,0.015895684249699116,0.06570218503475189,0.0900374335469678,0.4466622695326805
1309,1309,3.3918652534484863,3.3513076305389404,2e-07,3.0442819906704806,0.015897449105978012,0.06518042628886178,0.09008551866281778,0.4450571686029434
1310,1310,3.4019320011138916,3.5109658241271973,2e-07,3.0447164084684286,0.015904564410448074,0.0656489745597355,0.09004844061564654,0.4456872120499611
1311,1311,3.3829586505889893,3.46649432182312,2e-07,3.0446481756336694,0.01591735938563943,0.06478475278709084,0.09002567559946328,0.44163206219673157
1312,1312,3.365917205810547,3.445115566253662,2e-07,3.0437805042034327,0.015907044988125563,0.06495132300187834,0.08998272765893489,0.4437474012374878
1313,1313,3.369199514389038,3.49216628074646,2e-07,3.0428458795067406,0.015909786336123943,0.06512950317119248,0.0899528682930395,0.4411998614668846
1314,1314,3.3880860805511475,3.423232316970825,2e-07,3.042965366018963,0.015906198415905237,0.06582286837510765,0.08984142320696265,0.4436064437031746
1315,1315,3.325899362564087,3.360761880874634,2e-07,3.042976964999378,0.015911641530692577,0.06565292249433696,0.08986043999902904,0.44390977174043655
1316,1316,3.40929913520813,3.451249837875366,2e-07,3.0444066468640663,0.015907680615782738,0.06548532019951381,0.08987894258461893,0.4438219740986824
1317,1317,3.415519952774048,3.468393325805664,2e-07,3.046467742926361,0.015909060835838318,0.06555820244830102,0.08995671500451863,0.4418339133262634
1318,1318,3.4101521968841553,3.3454408645629883,2e-07,3.0479953798431874,0.015900275204330683,0.06468940060585737,0.08987992722541094,0.44366516172885895
1319,1319,3.3493142127990723,3.3825314044952393,2e-07,3.0487888274738273,0.015920280944555998,0.0647231800830923,0.08984769182279706,0.4406333565711975
1320,1320,3.3710081577301025,3.3922855854034424,2e-07,3.048158814983195,0.015904213301837444,0.06507616944145411,0.09001158480532467,0.4448433294892311
1321,1321,3.3522262573242188,3.3174946308135986,2e-07,3.0495301555366385,0.015895850025117397,0.06551363205653615,0.08990151970647275,0.4438428282737732
1322,1322,3.3495657444000244,3.343423843383789,2e-07,2.827905063988704,0.015894535928964615,0.06507498529390432,0.0900950888171792,0.44357895106077194
1323,1323,3.348526954650879,3.4513933658599854,2e-07,2.8491039978384505,0.015905778389424086,0.0650298012769781,0.09006284573115408,0.4390745386481285
1324,1324,3.335432291030884,3.3924946784973145,2e-07,2.8697946439025213,0.01591166341677308,0.06497881878749467,0.08991697104647756,0.4399685338139534
1325,1325,3.3338849544525146,3.380600929260254,2e-07,2.888487442555134,0.01590962754562497,0.06523062151973136,0.08999524742830545,0.4444650188088417
1326,1326,3.3563320636749268,3.3540008068084717,2e-07,2.906008760181044,0.01589510077610612,0.0650632613687776,0.08997256436850876,0.44233832508325577
1327,1327,3.3907289505004883,3.396893262863159,2e-07,2.921680764121243,0.015911329071968794,0.06494168142671697,0.08992805588059127,0.4420149475336075
1328,1328,3.3857903480529785,3.3586158752441406,2e-07,2.9347159317008726,0.015896910335868597,0.06486550898989663,0.089996057911776,0.4427921175956726
1329,1329,3.317943572998047,3.3745598793029785,2e-07,2.9477805622797297,0.015916327014565468,0.0650118833873421,0.09000777720939368,0.44035086035728455
1330,1330,3.369737148284912,3.4474377632141113,2e-07,2.9589539107893175,0.015896461438387632,0.06558428594144061,0.09002131619490683,0.4447726681828499
1331,1331,3.3959269523620605,3.3442234992980957,2e-07,2.9697516141886435,0.015906915068626404,0.0651190011849394,0.09008599747903645,0.4408390298485756
1332,1332,3.398646116256714,3.349334716796875,2e-07,2.9783049718242394,0.015917227137833834,0.06516782692051493,0.08994095330126584,0.4451140761375427
1333,1333,3.343364715576172,3.3579752445220947,2e-07,2.9847100300243516,0.01589709473773837,0.06481757739675231,0.08993088256102055,0.4405912458896637
1334,1334,3.4436278343200684,3.4219729900360107,2e-07,2.990817144980503,0.01590805221349001,0.06568936337134801,0.09010385151486844,0.4434613883495331
1335,1335,3.426091194152832,3.4069323539733887,2e-07,2.9966816279578965,0.01589486189186573,0.06488941481802613,0.0900279238121584,0.4437292590737343
1336,1336,3.359940528869629,3.3576176166534424,2e-07,3.001625614866343,0.015894407872110605,0.06494516201200895,0.08991530817002058,0.44399702548980713
1337,1337,3.37567400932312,3.439598798751831,2e-07,3.0070788774257435,0.015917756594717503,0.0648402898805216,0.08986202767118812,0.4399627074599266
1338,1338,3.3610715866088867,3.3654749393463135,2e-07,3.0120432527260337,0.015909179113805294,0.06480287687736563,0.08996759809087962,0.43844126909971237
1339,1339,3.318629503250122,3.355327844619751,2e-07,3.0157396513934214,0.015908104367554188,0.0651953571359627,0.09003619686700404,0.4433686211705208
1340,1340,3.396334648132324,3.4610540866851807,2e-07,3.0200942023795405,0.01589863235130906,0.0653773596859537,0.08991402853280306,0.4413887932896614
1341,1341,3.3808529376983643,3.396235704421997,2e-07,3.024265935765995,0.015900098718702793,0.06571306308615021,0.0900359513470903,0.4451066479086876
1342,1342,3.368551731109619,3.373967170715332,2e-07,3.0288608968524393,0.015918410383164883,0.06523894442943856,0.0899418753106147,0.441250704228878
1343,1343,3.353395700454712,3.4091615676879883,2e-07,3.0328594744043915,0.015900219324976206,0.0654450117435772,0.09001388144679368,0.4439416378736496
1344,1344,3.386658191680908,3.4649276733398438,2e-07,3.036180052224942,0.015909194946289062,0.0652174714487046,0.08987215289380401,0.44094910472631454
1345,1345,3.3009233474731445,3.3432397842407227,2e-07,3.038601672244905,0.015905404463410378,0.06502445315709338,0.08996481553185731,0.4439900740981102
1346,1346,3.325812816619873,3.3818280696868896,2e-07,3.041118993056516,0.01591785764321685,0.06472799502080306,0.08995122299529612,0.44067059457302094
1347,1347,3.3645975589752197,3.3973679542541504,2e-07,3.0434858834708347,0.015912754461169243,0.06504701351514086,0.08979648561216891,0.4401937946677208
1348,1348,3.3781673908233643,3.3275015354156494,2e-07,3.044391464283719,0.0159088633954525,0.06513314717449248,0.08999123843386769,0.4416530951857567
1349,1349,3.3419992923736572,3.3338136672973633,2e-07,3.0451414934150782,0.015918719582259655,0.0651569741894491,0.08990385476499796,0.44365987926721573
1350,1350,3.3565008640289307,3.397925853729248,2e-07,3.0449854402754855,0.01590763032436371,0.06538052772521041,0.08994901494588703,0.44220998138189316
1351,1351,3.419490098953247,3.326707124710083,2e-07,3.0445308465800016,0.015917327255010605,0.06494000196107663,0.0899327986408025,0.44066258519887924
1352,1352,3.3603837490081787,3.339235305786133,2e-07,3.0456291097724035,0.015927615575492382,0.06475595041410998,0.08997731772251427,0.4409465938806534
1353,1353,3.3531808853149414,3.379950523376465,2e-07,3.044985868077934,0.01591596007347107,0.06520755341625772,0.09003661444876343,0.4415361285209656
1354,1354,3.310274124145508,3.3343005180358887,2e-07,3.044237640042777,0.01590983383357525,0.0651947038131766,0.08994318591430783,0.440576434135437
1355,1355,3.353266477584839,3.3434324264526367,2e-07,3.0451779942751367,0.015912210568785667,0.06534064270090312,0.08983778906986117,0.4450077712535858
1356,1356,3.3399198055267334,3.422672748565674,2e-07,3.0451015952140614,0.01591217704117298,0.06465361855225638,0.08990871661808342,0.44122710078954697
1357,1357,3.37170147895813,3.3617255687713623,2e-07,3.048381686071537,0.015898713376373053,0.06500324347871356,0.08996381505858153,0.44193583726882935
1358,1358,3.377361536026001,3.3580639362335205,2e-07,3.0499311326552423,0.01590403914451599,0.06507079271250404,0.0900455063674599,0.4437757655978203
1359,1359,3.391852378845215,3.374983310699463,2e-07,3.0511070368810227,0.0159023548476398,0.06502258512773551,0.0900697773322463,0.44114959239959717
1360,1360,3.3550920486450195,3.3408379554748535,2e-07,3.0523184712808646,0.01591796660795808,0.06469172387733124,0.0898326407186687,0.43793825805187225
1361,1361,3.376086711883545,3.38500714302063,2e-07,3.0536836838705015,0.01589282415807247,0.06482358096400276,0.08997886558063328,0.4401313588023186
1362,1362,3.329576015472412,3.3474180698394775,2e-07,3.0533786028351875,0.015911174472421408,0.06519046655739658,0.09003467170987278,0.44439060240983963
1363,1363,3.311302900314331,3.4255168437957764,2e-07,3.0540217729305894,0.015892558731138706,0.06528836066718213,0.09000597230624408,0.4421849697828293
1364,1364,3.3238096237182617,3.363807439804077,2e-07,3.055369527736439,0.015907099470496178,0.06510880024870858,0.08992512978147715,0.4437357410788536
1365,1365,3.4006006717681885,3.4874045848846436,2e-07,3.05613311849565,0.015908380039036274,0.06524799182079732,0.09001003520097584,0.4431047737598419
1366,1366,3.3198413848876953,3.342635154724121,2e-07,3.0567677262042188,0.015905645210295916,0.0643110294622602,0.08991816628258675,0.43909187614917755
1367,1367,3.390515089035034,3.4015469551086426,2e-07,3.0578219374685487,0.015919714234769344,0.06478068631258793,0.08982389513403177,0.44140761345624924
1368,1368,3.3770697116851807,3.4031729698181152,2e-07,3.0579130719874446,0.01590766618028283,0.06516975699923933,0.08992380322888494,0.44770753383636475
1369,1369,3.3571927547454834,3.39424729347229,2e-07,3.0585904213258575,0.015896190889179707,0.06561091460753232,0.08987122017424554,0.4446001499891281
1370,1370,3.3728225231170654,3.3310437202453613,2e-07,3.059047443504844,0.015905268490314484,0.06484300794545561,0.08996943582314998,0.4423123896121979
1371,1371,3.3505468368530273,3.346897602081299,2e-07,3.060141882675268,0.01591029530391097,0.06514586348203011,0.08990251866634935,0.44076915085315704
1372,1372,3.393310785293579,3.3977420330047607,2e-07,3.0598013014903156,0.015922971535474062,0.06503588621853851,0.08989542769268155,0.44325122237205505
1373,1373,3.397186040878296,3.37701678276062,2e-07,3.0592409647291925,0.015913105569779873,0.06502204402931966,0.08997777896001935,0.44144582748413086
1374,1374,3.435796022415161,3.368175983428955,2e-07,3.058965612517344,0.015904258470982313,0.06474566005636007,0.08987034251913428,0.441102959215641
1375,1375,3.3602118492126465,3.385267734527588,2e-07,3.0597033004085916,0.015927555970847607,0.0649634750734549,0.08990645548328757,0.44309234619140625
1376,1376,3.3761816024780273,3.5275650024414062,2e-07,3.0598278435006194,0.015924000646919012,0.06526913400739431,0.08995330822654068,0.44143080711364746
1377,1377,3.338808536529541,3.3507306575775146,2e-07,3.0591146432245035,0.01591274095699191,0.06543304657679982,0.09007708367425948,0.4420948848128319
1378,1378,3.2734179496765137,3.399383783340454,2e-07,3.058509631040382,0.015910365618765354,0.0650152200832963,0.08995827985927463,0.4419495388865471
1379,1379,3.37540340423584,3.337836265563965,2e-07,3.057018762904266,0.015901117119938135,0.06480284020653926,0.09003014105837792,0.4431738629937172
1380,1380,3.364853620529175,3.474783182144165,2e-07,3.057723407618298,0.01592133054509759,0.06386543568805791,0.08990900404751301,0.43955981731414795
1381,1381,3.3804259300231934,3.4143242835998535,2e-07,3.0577134067003104,0.01590448757633567,0.06401910452404991,0.09004057419952005,0.4402971491217613
1382,1382,3.351238489151001,3.346829414367676,2e-07,3.057488713555582,0.01591105991974473,0.06482095894170925,0.08999068674165756,0.44195763766765594
1383,1383,3.3637797832489014,3.40449857711792,2e-07,3.056441444899854,0.01590492157265544,0.06462266642483883,0.09001395793166012,0.44101931899785995
1384,1384,3.4761881828308105,3.406343460083008,2e-07,3.054725606265472,0.01591226737946272,0.06404472616850398,0.08995059446897358,0.4384375661611557
1385,1385,3.4140424728393555,3.319281816482544,2e-07,3.053077745005984,0.01591096632182598,0.06511803614557721,0.08993751171510667,0.44208209961652756
1386,1386,3.3173859119415283,3.3695881366729736,2e-07,3.053728107839495,0.015922032296657562,0.06467851912020706,0.08979954640381038,0.4381849318742752
1387,1387,3.3329105377197266,3.3616364002227783,2e-07,3.0547395364537646,0.015912659466266632,0.06454014772316441,0.09002140862867236,0.4411069005727768
1388,1388,3.3160197734832764,3.4644508361816406,2e-07,3.0556248436528994,0.01592448353767395,0.06400272202154156,0.08998697996139526,0.4326631873846054
1389,1389,3.3756444454193115,3.3425581455230713,2e-07,3.0549764563889683,0.01590497186407447,0.06459958443883806,0.09005238336976618,0.44309763610363007
1390,1390,3.3995161056518555,3.357225179672241,2e-07,3.055724706670282,0.01590519305318594,0.06489976617740467,0.08985856943763793,0.4393211528658867
1391,1391,3.379047155380249,3.3870739936828613,2e-07,3.053204114141995,0.01591448113322258,0.06474806915502995,0.08998375036753714,0.4417925626039505
1392,1392,3.327014923095703,3.3509764671325684,2e-07,3.052561268118634,0.015924687031656504,0.06522903620498255,0.0899291755631566,0.4428657740354538
1393,1393,3.379066228866577,3.3472630977630615,2e-07,3.0517032178174066,0.015903526451438665,0.06463400673237629,0.08990194473881274,0.43939308822155
1394,1394,3.3613734245300293,3.3310320377349854,2e-07,3.052092973444932,0.015904375817626715,0.06511929685075302,0.0900288064731285,0.44332558661699295
1395,1395,3.3729805946350098,3.402402400970459,2e-07,3.052704527071986,0.015921873040497303,0.06441132184409071,0.09001955518033355,0.438860148191452
1396,1396,3.384889841079712,3.381955623626709,2e-07,3.0522839909881165,0.015905840322375298,0.065275534754619,0.08999618026427925,0.4418889060616493
1397,1397,3.284878969192505,3.4115734100341797,2e-07,3.0526546226391202,0.015912325587123632,0.06467301447992213,0.09002129500731826,0.4416222721338272
1398,1398,3.357842445373535,3.33801007270813,2e-07,3.051667993360542,0.0159104042686522,0.06429676883271895,0.08994845242705196,0.44201822578907013
1399,1399,3.334467887878418,3.389434337615967,2e-07,3.050477342095637,0.01592992339283228,0.0646756432543043,0.08984697982668877,0.43768029659986496
1400,1400,3.407254934310913,3.337958574295044,2e-07,3.0504467176366434,0.015916567761451006,0.0645724810892716,0.0898952892748639,0.43846600502729416
1401,1401,3.4245669841766357,3.3730921745300293,2e-07,3.0497967902900482,0.01591272745281458,0.06463217342388816,0.08995566156227142,0.440656341612339
1402,1402,3.3670363426208496,3.3683598041534424,2e-07,3.0488750246369727,0.01590541796758771,0.06465197104262188,0.09003315051086247,0.4422388896346092
1403,1403,3.376455068588257,3.374429941177368,2e-07,3.0490742382912295,0.015910664573311806,0.06527156394440681,0.09001006372272968,0.44194480031728745
1404,1404,3.392258882522583,3.4129865169525146,2e-07,3.047518876859755,0.01591120520606637,0.06471086264355108,0.09000898723024875,0.44334591180086136
1405,1405,3.3578569889068604,3.483112335205078,2e-07,3.046947965754113,0.015908682253211737,0.06465994735481218,0.08992813096847385,0.440158449113369
1406,1406,3.326763391494751,3.3708600997924805,2e-07,3.0488955335770864,0.01592251705005765,0.06483115570154041,0.0899756884900853,0.4442662447690964
1407,1407,3.423365592956543,3.3192174434661865,2e-07,3.050576674719464,0.015909198205918074,0.06493014769512229,0.09005531761795282,0.444023497402668
1408,1408,3.285663366317749,3.4499435424804688,2e-07,3.051821575140572,0.015907252673059702,0.06481624278239906,0.08994884265121073,0.4405183047056198
1409,1409,3.3553755283355713,3.361711025238037,2e-07,3.0529878781956654,0.015909360256046057,0.06459972614538856,0.08991805580444634,0.43922020494937897
1410,1410,3.3783061504364014,3.367518901824951,2e-07,3.054182067677817,0.015905517619103193,0.06454649913939647,0.08995955274440348,0.4411405697464943
1411,1411,3.318474769592285,3.355187177658081,2e-07,3.055067778391422,0.01591961970552802,0.06483697920339182,0.08977585763204843,0.44149278849363327
1412,1412,3.3495688438415527,3.455606698989868,2e-07,3.0555730093277287,0.015911800786852837,0.06468006523209624,0.0899558785604313,0.4396674782037735
1413,1413,3.370013952255249,3.352583408355713,2e-07,3.05575317098113,0.01592085976153612,0.0645190715440549,0.09002498118206859,0.439831480383873
1414,1414,3.3665835857391357,3.3954665660858154,2e-07,3.056662048241152,0.015909213107079268,0.06477402921882458,0.0898438657168299,0.4368988275527954
1415,1415,3.3324668407440186,3.4812815189361572,2e-07,3.0557695808060963,0.01592141529545188,0.06435835981392302,0.09004978893790394,0.44254107028245926
1416,1416,3.391127586364746,3.320742607116699,2e-07,3.057174182794089,0.015905793756246567,0.06468825449701399,0.0899645023746416,0.44395430386066437
1417,1417,3.3911516666412354,3.403733730316162,2e-07,3.0580193475523405,0.0159073187969625,0.06498491929960437,0.08984677796252072,0.4431917667388916
1418,1418,3.3230135440826416,3.4025168418884277,2e-07,3.058629335891146,0.01591708092018962,0.06460178710403852,0.09004685189574957,0.4418710097670555
1419,1419,3.359243392944336,3.403587579727173,2e-07,3.0590345597104043,0.0159059283323586,0.06453407838125713,0.09010401600971818,0.44085806608200073
1420,1420,3.3859453201293945,3.3321027755737305,2e-07,3.057910853894236,0.015902943909168243,0.06473978419671766,0.09001583140343428,0.44458696246147156
1421,1421,3.410207509994507,3.371885061264038,2e-07,3.05650051892547,0.01589303370565176,0.06463305883517023,0.08995533757843077,0.4388630986213684
1422,1422,3.2970526218414307,3.3517990112304688,2e-07,3.0564024863701444,0.015909175388514996,0.0648663833271712,0.08994930284097791,0.44325247406959534
1423,1423,3.39825177192688,3.3665788173675537,2e-07,3.0573133302670983,0.01591551909223199,0.06463844829704612,0.09011377033311874,0.44198667258024216
1424,1424,3.324533224105835,3.362699508666992,2e-07,3.0580938933611947,0.015919603407382965,0.06467398372478783,0.0899743401678279,0.43774521350860596
1425,1425,3.355712413787842,3.3812384605407715,2e-07,3.058610691431084,0.015930383000522852,0.06446713674813509,0.09000298695173115,0.4419047683477402
1426,1426,3.3270652294158936,3.2948999404907227,2e-07,3.059164921784734,0.01593093667179346,0.06404890533303842,0.08979783905670047,0.4339607208967209
1427,1427,3.3379740715026855,3.3366518020629883,2e-07,2.839233634380277,0.01590697281062603,0.06428309303009883,0.08999033854342997,0.4403184577822685
1428,1428,3.292135715484619,3.368299961090088,2e-07,2.8586041013903074,0.01592250168323517,0.06413188829901628,0.08997377217747271,0.4405794069170952
1429,1429,3.3069639205932617,3.313837766647339,2e-07,2.876243418880538,0.015918919816613197,0.06443328098976053,0.08999215881340206,0.4396769478917122
1430,1430,3.346359968185425,3.34946870803833,2e-07,2.8932192146240157,0.015893977601081133,0.06457893864717335,0.08996146242134273,0.43762946128845215
1431,1431,3.395941972732544,3.4332146644592285,2e-07,2.9065731281218112,0.015904981642961502,0.06489869474899024,0.09001541789621115,0.44448842853307724
1432,1432,3.289825201034546,3.3750059604644775,2e-07,2.919171939264663,0.015917744021862745,0.06421024800511077,0.09001753502525389,0.439504012465477
1433,1433,3.3743691444396973,3.343318462371826,2e-07,2.9322658329540285,0.015921210404485464,0.06465831532841548,0.08990105206612498,0.44258663803339005
1434,1434,3.3027050495147705,3.3919460773468018,2e-07,2.944603356263298,0.015919205732643604,0.06403999228496104,0.08998349739704281,0.4389835074543953
1435,1435,3.2642858028411865,3.3757693767547607,2e-07,2.9552009533473713,0.015915877651423216,0.06485287664690986,0.08999124448746443,0.44160567969083786
1436,1436,3.294748544692993,3.3146018981933594,2e-07,2.96600569563406,0.015925347339361906,0.06454610853688791,0.08993399899918586,0.4431644454598427
1437,1437,3.3317718505859375,3.3257763385772705,2e-07,2.9756112292126082,0.015906754415482283,0.06468708236934617,0.08993530401494354,0.4401027411222458
1438,1438,3.326711654663086,3.373025894165039,2e-07,2.981901364690136,0.01590996840968728,0.06429243338061497,0.09006039192900062,0.4417395517230034
1439,1439,3.3397088050842285,3.3379898071289062,2e-07,2.9874761867392174,0.0158976293168962,0.06421933823730797,0.09006938186939806,0.44401656091213226
1440,1440,3.2985291481018066,3.375131607055664,2e-07,2.9930546875810253,0.015922133810818195,0.06450981189846061,0.09003526985179633,0.4407432973384857
1441,1441,3.409233331680298,3.352447986602783,2e-07,2.997099295672317,0.015912871342152357,0.06450406851945445,0.09006191266234964,0.44240232557058334
1442,1442,3.313063383102417,3.3971328735351562,2e-07,3.0020542466673388,0.01589912874624133,0.0644165649136994,0.0899585698498413,0.4422609880566597
1443,1443,3.3592569828033447,3.3873283863067627,2e-07,3.00535848742915,0.015900334808975458,0.0646519364672713,0.08995390334166586,0.4420752450823784
1444,1444,3.3376193046569824,3.3473165035247803,2e-07,3.0072963245272146,0.015915302094072104,0.06418817437952384,0.0899570940528065,0.44231436401605606
1445,1445,3.2983105182647705,3.4492762088775635,2e-07,3.0097646209035736,0.015917210839688778,0.06451445771381259,0.0898707575397566,0.44221191108226776
1446,1446,3.3885583877563477,3.3781983852386475,2e-07,3.013761780710894,0.015906902495771646,0.06439694587606937,0.08988145994953811,0.43896831572055817
1447,1447,3.328747272491455,3.310443878173828,2e-07,3.0165705721270113,0.01593240210786462,0.0645643056195695,0.08993771590758115,0.43976718932390213
1448,1448,3.340456962585449,3.35611891746521,2e-07,3.0184443831566226,0.015917877200990915,0.06433366623241454,0.08988251979462802,0.4382428750395775
1449,1449,3.359312057495117,3.3751490116119385,2e-07,3.0208248491631835,0.015916372183710337,0.0645913578919135,0.08993434766307473,0.4383590295910835
1450,1450,3.2758920192718506,3.4008636474609375,2e-07,3.0244757930645925,0.015910034999251366,0.06424147091456689,0.0898876131977886,0.43889443576335907
1451,1451,3.3835511207580566,3.3793206214904785,2e-07,3.0255915545507466,0.01591608254238963,0.0647618206567131,0.08998700266238302,0.4400326758623123
1452,1452,3.3373632431030273,3.3466379642486572,2e-07,3.0244529739018637,0.015916441101580858,0.06405779923079535,0.08983455714769661,0.43629612773656845
1453,1453,3.306885242462158,3.3221828937530518,2e-07,3.0275234397835313,0.01591606205329299,0.06479896049131639,0.08991409768350422,0.44029226899147034
1454,1454,3.3264777660369873,3.3267757892608643,2e-07,3.027672444601527,0.01590940495952964,0.06458473126986064,0.0900478697149083,0.43930650502443314
1455,1455,3.3502187728881836,3.3286280632019043,2e-07,3.0290868421989066,0.01592192007228732,0.06437506587826647,0.08991928084287792,0.44156084954738617
1456,1456,3.311041831970215,3.2806193828582764,2e-07,3.0278308870336903,0.015909016132354736,0.06448621163144708,0.08987688249908388,0.4430297538638115
1457,1457,3.277623176574707,3.3442580699920654,2e-07,2.8113793988054216,0.01591314235702157,0.06432258704444394,0.08986505318898708,0.43644189834594727
1458,1458,3.3411049842834473,3.360039710998535,2e-07,2.834035621144713,0.01590729784220457,0.06412017191178165,0.08998826367314905,0.4407704025506973
1459,1459,3.2979063987731934,3.3480939865112305,2e-07,2.8568084929330078,0.015915561001747847,0.06475158769171685,0.09000087121967226,0.44129791110754013
1460,1460,3.306030750274658,3.3708345890045166,2e-07,2.878714982029869,0.015921318903565407,0.06423965390422381,0.0899697191780433,0.4393046349287033
1461,1461,3.34657621383667,3.361293315887451,2e-07,2.897314166946996,0.0159003846347332,0.0648096869699657,0.09001140110194683,0.4412635937333107
1462,1462,3.325443983078003,3.30700945854187,2e-07,2.91382392445469,0.015918041113764048,0.06438180038821883,0.09005780704319477,0.4385766088962555
1463,1463,3.3400473594665527,3.369575262069702,2e-07,2.9275644024265373,0.01593182608485222,0.06440975566511042,0.08983585238456726,0.43990036100149155
1464,1464,3.324644088745117,3.315103054046631,2e-07,2.938912428303203,0.015918186400085688,0.06459497689502314,0.08998272672761232,0.4383167326450348
1465,1465,3.3062634468078613,3.371690273284912,2e-07,2.9505960371181494,0.01592799462378025,0.06397738291707356,0.08990064519457519,0.44010431319475174
1466,1466,3.340651750564575,3.33528995513916,2e-07,2.9585691569649226,0.01590788457542658,0.064077691960847,0.09006502048578113,0.43784184008836746
1467,1467,3.319028377532959,3.326317548751831,2e-07,2.966744224297853,0.015923054423183203,0.06369715204345994,0.09003196784760803,0.4377238526940346
1468,1468,3.3639512062072754,3.415102005004883,2e-07,2.973670925595091,0.01592761045321822,0.06422252717311494,0.08978772500995547,0.43877558410167694
1469,1469,3.32590389251709,3.289763927459717,2e-07,2.9804981197131686,0.015932080801576376,0.06407909953850321,0.08993687387555838,0.4396376237273216
1470,1470,3.3806838989257812,3.308180332183838,2e-07,2.987307582335394,0.01592697063460946,0.06455292989267036,0.08990001562051475,0.4425128623843193
1471,1471,3.3045146465301514,3.3227450847625732,2e-07,2.994503320808313,0.01592881791293621,0.06400755725917406,0.08993443008512259,0.4389735832810402
1472,1472,3.3401057720184326,3.406041383743286,2e-07,3.001286743381754,0.015908914152532816,0.06473699834896252,0.08994165412150323,0.44259678572416306
1473,1473,3.3365159034729004,3.372096300125122,2e-07,3.0063646628531795,0.015906236600130796,0.06432721886085346,0.08991662703920156,0.4412413537502289
1474,1474,3.3395628929138184,3.3747165203094482,2e-07,3.0120118714729203,0.01591510744765401,0.06380157812964171,0.08988898515235633,0.4391293525695801
1475,1475,3.4334774017333984,3.2996163368225098,2e-07,3.0166550805736674,0.015909764915704727,0.06425735531956889,0.08993256802204996,0.43984857201576233
1476,1476,3.367934465408325,3.3364109992980957,2e-07,3.019565688844303,0.015907082706689835,0.06394216435728595,0.09008741867728531,0.4389968514442444
1477,1477,3.304333448410034,3.3376474380493164,2e-07,3.0228177236954776,0.01591245736926794,0.06428592570591718,0.08994199940934777,0.44123365730047226
1478,1478,3.3181350231170654,3.3060975074768066,2e-07,3.0246543860481006,0.015928713604807854,0.0642531270859763,0.08999138744547963,0.4387263357639313
1479,1479,3.3120505809783936,3.3303987979888916,2e-07,3.0284888161953587,0.01590812299400568,0.06455041765002534,0.08998214965686202,0.43996280431747437
1480,1480,3.3896517753601074,3.323230504989624,2e-07,3.0332810390043314,0.015924551989883184,0.06457316721207462,0.09006581560242921,0.44196464866399765
1481,1481,3.376025915145874,3.401048421859741,2e-07,3.0353251015047755,0.015906735323369503,0.06475263033644296,0.09002728154882789,0.44271403551101685
1482,1482,3.319699287414551,3.2835724353790283,2e-07,3.037993299661445,0.015899899881333113,0.06485107567277737,0.0899160043336451,0.44145751744508743
1483,1483,3.3211984634399414,3.3752880096435547,2e-07,3.0405113837141404,0.01589912362396717,0.06473965593613684,0.09000829339493066,0.44269443303346634
1484,1484,3.3514881134033203,3.362189292907715,2e-07,3.040453008817348,0.015923313796520233,0.06428767018951476,0.09004201111383736,0.4422873258590698
1485,1485,3.388471841812134,3.3233141899108887,2e-07,3.042729846023558,0.015929316636174917,0.06446280883392319,0.09015142370481044,0.44116705656051636
1486,1486,3.3296170234680176,3.29679012298584,2e-07,3.044978893584447,0.01590697467327118,0.0643378656823188,0.0899895851034671,0.44065558165311813
1487,1487,3.3434994220733643,3.293076992034912,2e-07,3.04676737798665,0.015922702848911285,0.06432670942740515,0.09011447557713836,0.4404129460453987
1488,1488,3.3326733112335205,3.3015973567962646,2e-07,3.0482569608914742,0.01592745864763856,0.06413114507449791,0.0899374574655667,0.44068027287721634
1489,1489,3.3216922283172607,3.362689971923828,2e-07,3.0486412085033088,0.015916435047984123,0.0640963158220984,0.08990069630090147,0.43871990591287613
1490,1490,3.3390002250671387,3.375555992126465,2e-07,3.0480545888361696,0.015923009254038334,0.06389444586238824,0.08996564277913421,0.43872569501399994
1491,1491,3.285412311553955,3.3865983486175537,2e-07,3.047328987845894,0.01591319404542446,0.0639375890023075,0.08990189828909934,0.43651083111763
1492,1492,3.3084945678710938,3.3189337253570557,2e-07,3.0465370184832756,0.015916843432933092,0.06452743627596647,0.08989010925870389,0.4428114518523216
1493,1493,3.3429298400878906,3.325831413269043,2e-07,3.047663140217087,0.015921172685921192,0.0639598686248064,0.09000152442604303,0.43818479776382446
1494,1494,3.357187271118164,3.3190677165985107,2e-07,3.0487970728806677,0.01591754611581564,0.06408570596249774,0.08997139218263328,0.43897607922554016
1495,1495,3.3142073154449463,3.419898271560669,2e-07,3.0496030695644576,0.015914288349449635,0.06397804906009696,0.08995063358452171,0.43809352070093155
1496,1496,3.318758249282837,3.3517050743103027,2e-07,3.05036745195924,0.015905987471342087,0.06414283873164095,0.0901510618859902,0.4390339106321335
1497,1497,3.378999710083008,3.416884183883667,2e-07,3.0515078149031227,0.01591022964566946,0.06410243437858298,0.08998025383334607,0.43944665789604187
1498,1498,3.339459180831909,3.290926933288574,2e-07,3.049566863973251,0.015922125428915024,0.06357017511618324,0.08996039989870042,0.438045434653759
1499,1499,3.3111445903778076,3.4228174686431885,2e-07,3.047894745911411,0.015911804512143135,0.06452680699294433,0.09003073675557971,0.43943963944911957
1500,1500,3.3168158531188965,3.289036512374878,2e-07,3.047937142051913,0.015915354248136282,0.063742325786734,0.08993527630809695,0.4399739056825638
1501,1501,3.2976489067077637,3.3932621479034424,2e-07,3.0475881613282616,0.01590435393154621,0.06382658021175303,0.09007146500516683,0.4405575096607208
1502,1502,3.292107105255127,3.303830862045288,2e-07,3.049063099849708,0.015917856711894274,0.06390170898521319,0.09011968015693128,0.4418525844812393
1503,1503,3.300145149230957,3.3551406860351562,2e-07,3.048644193666412,0.015915170311927795,0.06397921135067008,0.08998654980678111,0.43881385773420334
1504,1504,3.3366236686706543,3.3806369304656982,2e-07,3.047229160412849,0.015897899866104126,0.06443223141832277,0.0900816519279033,0.4440154433250427
1505,1505,3.2619919776916504,3.3105525970458984,2e-07,3.047320071347883,0.015909753274172544,0.06429017087793909,0.0901028896914795,0.44221076369285583
1506,1506,3.2667665481567383,3.3369431495666504,2e-07,3.048173661654673,0.015920177567750216,0.06393919524271041,0.08990190597251058,0.439475417137146
1507,1507,3.383924961090088,3.3549110889434814,2e-07,3.0484088737462485,0.015921246726065874,0.0645941435941495,0.08999201434198767,0.44077832251787186
1508,1508,3.342604875564575,3.3806283473968506,2e-07,3.0492960369969904,0.01592984888702631,0.0640793013444636,0.09006391861476004,0.4386075735092163
1509,1509,3.358227014541626,3.341801643371582,2e-07,3.048969907520655,0.01591681269928813,0.06390342969098128,0.09010867052711546,0.4377549737691879
1510,1510,3.2752504348754883,3.3980441093444824,2e-07,3.050019608864863,0.015929202549159527,0.06428761224378832,0.08998358098324388,0.44277725368738174
1511,1511,3.2876157760620117,3.315229892730713,2e-07,3.049510386411102,0.01592639833688736,0.06407818346633576,0.08998962759505957,0.43807292729616165
1512,1512,3.3022563457489014,3.3468611240386963,2e-07,3.0502376590846287,0.015912090428173542,0.06401600982644595,0.08997583610471338,0.439630851149559
1513,1513,3.2789618968963623,3.345061779022217,2e-07,3.051420670685837,0.01590058673173189,0.06333378390991129,0.08993606467265636,0.43641918152570724
1514,1514,3.330660343170166,3.375417709350586,2e-07,3.0509828773633196,0.01591942412778735,0.06434865118353628,0.08998860057909042,0.44148413091897964
1515,1515,3.274202585220337,3.3873367309570312,2e-07,3.0502753356280676,0.015898385550826788,0.06436953583033755,0.09003385528922081,0.43894460052251816
1516,1516,3.283876419067383,3.3461110591888428,2e-07,3.047334406338854,0.015903379302471876,0.06388893019175157,0.08992331870831549,0.44014598429203033
1517,1517,3.3049509525299072,3.3586833477020264,2e-07,3.0474181339562967,0.015901433769613504,0.06395630553015508,0.09006130287889391,0.4386284574866295
1518,1518,3.361027479171753,3.33699631690979,2e-07,3.045050677042568,0.015924914740025997,0.06404861033661291,0.08989697776269168,0.44056514650583267
1519,1519,3.3399741649627686,3.356003999710083,2e-07,3.044110275688725,0.015926037915050983,0.0640601237246301,0.09000548499170691,0.437972791492939
1520,1520,3.3090457916259766,3.364377737045288,2e-07,3.044597966186814,0.015897090081125498,0.0641878999886103,0.09000992099754512,0.4419873058795929
1521,1521,3.385702610015869,3.4026002883911133,2e-07,3.0457479478149136,0.01591436332091689,0.06423546178848483,0.09001273661851883,0.4366489201784134
1522,1522,3.3957602977752686,3.3195993900299072,2e-07,3.047488542495821,0.015935531351715326,0.06432810841943137,0.09013833303470165,0.43840380758047104
1523,1523,3.3493731021881104,3.3962862491607666,2e-07,3.047224424802484,0.015927010215818882,0.06405756555614062,0.0899410315323621,0.43988849222660065
1524,1524,3.3791604042053223,3.315309762954712,2e-07,3.046738203420804,0.015913412906229496,0.0641631298349239,0.09005053446162492,0.44002997875213623
1525,1525,3.3371269702911377,3.32391357421875,2e-07,3.0476291612262942,0.015897685661911964,0.0643713480385486,0.09003408625721931,0.4386398196220398
1526,1526,3.2958850860595703,3.408137321472168,2e-07,3.0469394528087523,0.01590828876942396,0.06423272669781,0.09001562045887113,0.43811874091625214
1527,1527,3.3296427726745605,3.351372003555298,2e-07,3.045735960464941,0.015911847352981567,0.06373536546016112,0.09001374605577439,0.43871092051267624
1528,1528,3.3688392639160156,3.3292620182037354,2e-07,3.0453493303984005,0.01591513492166996,0.06388425079057924,0.0899157477542758,0.4403109923005104
1529,1529,3.371624708175659,3.459284782409668,2e-07,3.047055571560954,0.015911429654806852,0.06357367787859403,0.08999416849110276,0.4394289702177048
1530,1530,3.31280779838562,3.3834433555603027,2e-07,3.04539396621675,0.015920411329716444,0.06396941337152384,0.08997737627942115,0.43852801620960236
1531,1531,3.386354684829712,3.3861324787139893,2e-07,3.042928703860497,0.015905951615422964,0.06375311216106638,0.08996803464833647,0.43990426510572433
1532,1532,3.3481528759002686,3.346127510070801,2e-07,3.0418212003784753,0.01590837212279439,0.0641191529284697,0.09003558347467333,0.44256744533777237
1533,1533,3.267963409423828,3.2664449214935303,2e-07,3.042396784847308,0.01592167979106307,0.06437055830610916,0.08990721974987537,0.442569836974144
1534,1534,3.3677186965942383,3.4440557956695557,2e-07,2.823714785447241,0.015903909225016832,0.0639853578468319,0.09000488300807774,0.4402563273906708
1535,1535,3.3131446838378906,3.3435494899749756,2e-07,2.8457953734941888,0.0159228490665555,0.06432941197999753,0.08995438809506595,0.4382270649075508
1536,1536,3.350583076477051,3.3818368911743164,2e-07,2.864825578349455,0.015898367390036583,0.06409670706489123,0.08988916664384305,0.43807023018598557
1537,1537,3.3180766105651855,3.315871238708496,2e-07,2.8816375125636853,0.015922872349619865,0.06381895660888404,0.08998038654681295,0.43840182572603226
1538,1538,3.324373483657837,3.2939224243164062,2e-07,2.8990963031886334,0.01590711995959282,0.06371373610454611,0.0900755514157936,0.4389132708311081
1539,1539,3.382573366165161,3.358750343322754,2e-07,2.912154024893006,0.015919555444270372,0.06364342686720192,0.09000954532530159,0.4373844563961029
1540,1540,3.3578908443450928,3.427128791809082,2e-07,2.924377412430792,0.015917680226266384,0.06388650235021487,0.0900517952395603,0.4384474456310272
1541,1541,3.3053972721099854,3.3325328826904297,2e-07,2.9354380738262393,0.015905292239040136,0.06404901723726653,0.0898212247993797,0.4343278557062149
1542,1542,3.3354976177215576,3.390448570251465,2e-07,2.945348950877206,0.015915955882519484,0.06301223764603492,0.0900783110409975,0.43740519136190414
1543,1543,3.3774986267089844,3.3407065868377686,2e-07,2.9550130012763054,0.015909838490188122,0.06377853523008525,0.08988654683344066,0.4382467195391655
1544,1544,3.4068691730499268,3.3181750774383545,2e-07,2.9610944193102346,0.015908355358988047,0.064035390940262,0.0899711528327316,0.4392881616950035
1545,1545,3.289461612701416,3.3446226119995117,2e-07,2.9697353340452013,0.01591957826167345,0.06394517817534506,0.09000761213246733,0.44025637209415436
1546,1546,3.330153703689575,3.30731201171875,2e-07,2.975513428794549,0.015914789400994778,0.06381601015164051,0.09002497547771782,0.43778175115585327
1547,1547,3.3017921447753906,3.363079786300659,2e-07,2.9811296034529717,0.015924774575978518,0.06371873154421337,0.0900132964598015,0.44042274355888367
1548,1548,3.3960535526275635,3.355333089828491,2e-07,2.9864640423982602,0.015910988673567772,0.0636711435217876,0.09011334110982716,0.44064417481422424
1549,1549,3.383634567260742,3.307644844055176,2e-07,2.9908629109960074,0.01592313637956977,0.06384588358923793,0.08983297494705766,0.438766747713089
1550,1550,3.325796604156494,3.313007354736328,2e-07,2.9930535037197092,0.015907885506749153,0.06381265679374337,0.09004852257203311,0.43893303722143173
1551,1551,3.3246212005615234,3.3228378295898438,2e-07,2.9965287906776092,0.01590967271476984,0.06337191161583178,0.09007174603175372,0.43806231766939163
1552,1552,3.345003128051758,3.3290677070617676,2e-07,2.998542384936162,0.0159321459941566,0.06344880303367972,0.09008698840625584,0.4374397546052933
1553,1553,3.377704620361328,3.400092840194702,2e-07,3.004158937295725,0.015920543111860752,0.06378768658032641,0.0899805115768686,0.43927954882383347
1554,1554,3.345154285430908,3.3368382453918457,2e-07,3.0075232669551886,0.01591157354414463,0.06388896703720093,0.08996285102330148,0.43771378695964813
1555,1555,3.3327860832214355,3.2785494327545166,2e-07,3.0102865686801796,0.015918415505439043,0.06405977392569184,0.09003427508287132,0.4408242851495743
1556,1556,3.3275721073150635,3.386009454727173,2e-07,3.0126642559287586,0.0159054072573781,0.06438922075903974,0.09003852517344058,0.44282008707523346
1557,1557,3.3251264095306396,3.317422389984131,2e-07,3.0149081583075206,0.015922818332910538,0.06365255260607228,0.08991749281994998,0.43645818531513214
1558,1558,3.399442434310913,3.3812482357025146,2e-07,3.015394377173377,0.015908198431134224,0.06308286177227274,0.09004113066475838,0.4346730634570122
1559,1559,3.3153791427612305,3.33790922164917,2e-07,3.0183263404860385,0.015919586177915335,0.06372647942043841,0.09000122628640383,0.43810445070266724
1560,1560,3.307877540588379,3.383681297302246,2e-07,3.0200888638127026,0.015926354564726353,0.06357152931741439,0.08984866389073431,0.43193186819553375
1561,1561,3.3019824028015137,3.330970525741577,2e-07,3.0221498601514707,0.015921648126095533,0.06370868385420181,0.09010155801661313,0.43886879831552505
1562,1562,3.317455530166626,3.3855979442596436,2e-07,3.02379144489867,0.015926108229905367,0.06391072744736448,0.08990682510193437,0.4390880838036537
1563,1563,3.3230903148651123,3.3225367069244385,2e-07,3.024869634072033,0.015921159647405148,0.06337072333553806,0.09008987457491457,0.4369722530245781
1564,1564,3.3140532970428467,3.383232355117798,2e-07,3.0290466778444602,0.015923629980534315,0.06348883989267051,0.08994771807920188,0.43981584906578064
1565,1565,3.23659086227417,3.3870999813079834,2e-07,3.0308830154411917,0.015919662546366453,0.06359525019070134,0.0899887050036341,0.43827035278081894
1566,1566,3.3131396770477295,3.3245677947998047,2e-07,3.0324482457711315,0.015938845463097095,0.06325054631452076,0.0901141514768824,0.4365652874112129
1567,1567,3.307577610015869,3.3736894130706787,2e-07,3.033155646274798,0.01592800347134471,0.06316638141288422,0.09006110962945968,0.4374121427536011
1568,1568,3.290301561355591,3.3162713050842285,2e-07,3.0339851267824214,0.015920827630907297,0.0634699038346298,0.09003297227900475,0.43966546654701233
1569,1569,3.3280675411224365,3.4149420261383057,2e-07,3.0353162651252994,0.015926439315080643,0.06364227467565797,0.09008222783450037,0.43833792954683304
1570,1570,3.3138318061828613,3.3799474239349365,2e-07,3.037503277856795,0.01592351170256734,0.06330930726835504,0.0899424736853689,0.4364616870880127
1571,1571,3.3248729705810547,3.3030588626861572,2e-07,3.040044721685634,0.015914571937173605,0.06410207625594921,0.08993434254080057,0.44069767743349075
1572,1572,3.270932912826538,3.350935459136963,2e-07,3.0425832316258514,0.01592100178822875,0.06263890626723878,0.09003175608813763,0.43503807485103607
1573,1573,3.3072216510772705,3.343763828277588,2e-07,3.0445546162428205,0.015922687016427517,0.06360354032949544,0.0901146053802222,0.4382205680012703
1574,1574,3.334428071975708,3.3404881954193115,2e-07,3.0454652848564656,0.015923961531370878,0.06338572563254274,0.09009101917035878,0.43516793847084045
1575,1575,3.3722896575927734,3.295081615447998,2e-07,3.0449879741025736,0.015899346210062504,0.06427087780321017,0.089985191822052,0.4431737884879112
1576,1576,3.264349937438965,3.310652494430542,2e-07,3.046090222540233,0.015914025716483593,0.06382828552159481,0.08993817097507417,0.4388498291373253
1577,1577,3.3319194316864014,3.341099739074707,2e-07,3.0470043483550135,0.01590363634750247,0.06393898598616943,0.09009770082775503,0.4409741684794426
1578,1578,3.3218274116516113,3.433549165725708,2e-07,3.0467659803761453,0.015908577479422092,0.0636480491666589,0.09003401384688914,0.43904873728752136
1579,1579,3.355433464050293,3.375352382659912,2e-07,3.0482570514299896,0.015922412276268005,0.06342692242469639,0.09019712614826858,0.4375469759106636
1580,1580,3.313563108444214,3.3361239433288574,2e-07,3.050931609965187,0.015917658805847168,0.06283885930315591,0.08989349205512553,0.4315064325928688
1581,1581,3.3038275241851807,3.2939774990081787,2e-07,3.052325345717369,0.01593010127544403,0.0641641789698042,0.0899939410155639,0.437096007168293
1582,1582,3.3485097885131836,3.3262152671813965,2e-07,3.053419673448394,0.01590484706684947,0.06390774162719026,0.08994437439832836,0.44025345891714096
1583,1583,3.3741464614868164,3.324918031692505,2e-07,3.0527145502660757,0.015915857162326574,0.06400680256774649,0.09005301631987095,0.44073741137981415
1584,1584,3.3084330558776855,3.309485673904419,2e-07,3.0519525055990897,0.01591015001758933,0.06339460657909513,0.08988541190046817,0.43193677067756653
1585,1585,3.291649341583252,3.3587443828582764,2e-07,3.0506178101960995,0.01592065067961812,0.06383400247432292,0.08988532691728324,0.43732329457998276
1586,1586,3.274195671081543,3.3335049152374268,2e-07,3.050218906967624,0.015922249294817448,0.06382436351850629,0.09011664683930576,0.4382925406098366
1587,1587,3.3368656635284424,3.3101699352264404,2e-07,3.0477542945619205,0.015910085290670395,0.06403085141209885,0.09008814173284918,0.4419945329427719
1588,1588,3.314074754714966,3.3860421180725098,2e-07,3.0463805746586727,0.015930919907987118,0.06331897919881158,0.08992036792915314,0.43602532148361206
1589,1589,3.2809956073760986,3.336456775665283,2e-07,3.046243924799678,0.0159373190253973,0.06357535300776362,0.0901311719790101,0.4375102147459984
1590,1590,3.368300676345825,3.28857684135437,2e-07,3.044468758896936,0.015917995013296604,0.06291247010813095,0.09008024109061807,0.4378611668944359
1591,1591,3.3289825916290283,3.316417694091797,2e-07,3.044770903740265,0.015923825558274984,0.06311077589634806,0.09006418497301638,0.4378005340695381
1592,1592,3.353426218032837,3.37644362449646,2e-07,3.0444847724103106,0.0159372566267848,0.06344357554917224,0.0900019813561812,0.4350881427526474
1593,1593,3.29597544670105,3.422532796859741,2e-07,3.045484940294406,0.01591862505301833,0.06348747489391826,0.08992022078018636,0.437823124229908
1594,1594,3.351074695587158,3.351940870285034,2e-07,3.043624800961795,0.015918707940727472,0.06390871727489866,0.0900748911080882,0.4401985704898834
1595,1595,3.3432140350341797,3.289885997772217,2e-07,3.0423789461970494,0.015903781168162823,0.06423869711579755,0.09006906498689204,0.4413725510239601
1596,1596,3.290724992752075,3.37632417678833,2e-07,3.041540774932065,0.01592310145497322,0.06383796894806437,0.09004113497212529,0.43901173770427704
1597,1597,3.320213794708252,3.3193199634552,2e-07,3.0422412929754805,0.01592008862644434,0.06394968469976448,0.09009677963331342,0.4411482736468315
1598,1598,3.246968984603882,3.283430814743042,2e-07,3.040438874364791,0.015929806046187878,0.06348669368890114,0.09001619531773031,0.4369902089238167
1599,1599,3.379674196243286,3.438493013381958,2e-07,3.0414335106395454,0.01592538971453905,0.06339066766668111,0.09010564023628831,0.4381064921617508
1600,1600,3.3498005867004395,3.317722797393799,2e-07,3.040529748552752,0.015907359775155783,0.0637935996055603,0.09023138205520809,0.44177834689617157
1601,1601,3.3094024658203125,3.3266780376434326,2e-07,3.0390709263317333,0.015914269257336855,0.06378396219224669,0.08999703056178987,0.43713369965553284
1602,1602,3.3439884185791016,3.3944756984710693,2e-07,3.0382943370280664,0.015925392974168062,0.06343640602426603,0.09011820808518678,0.43640413135290146
1603,1603,3.386333465576172,3.344611883163452,2e-07,3.0393649586379747,0.01591851469129324,0.0635048859694507,0.08983857638668269,0.4351002648472786
1604,1604,3.3074734210968018,3.2870028018951416,2e-07,3.037923865045874,0.0159234213642776,0.06318026638473384,0.09013999078888446,0.43621528148651123
1605,1605,3.3563497066497803,3.374007225036621,2e-07,3.0376166319087394,0.015909994021058083,0.06388998150941916,0.0901252148905769,0.4404582753777504
1606,1606,3.388976812362671,3.3250410556793213,2e-07,3.037290447619837,0.0159097365103662,0.06404344300972298,0.09001776133663952,0.4412328749895096
1607,1607,3.3140766620635986,3.354313850402832,2e-07,3.0385524184085346,0.015903249848634005,0.06361306627513841,0.08998375479131937,0.437303863465786
1608,1608,3.2758564949035645,3.3474669456481934,2e-07,3.038390477071264,0.015936274081468582,0.06303323697648011,0.08999965596012771,0.4370570480823517
1609,1609,3.297898769378662,3.316805124282837,2e-07,3.0365822547573265,0.01590412575751543,0.06385050239623524,0.09005036822054535,0.4429335296154022
1610,1610,3.3208978176116943,3.4361698627471924,2e-07,3.037767930370298,0.01591877406463027,0.0637959103914909,0.09011257637757808,0.44027436524629593
1611,1611,3.332573175430298,3.317199230194092,2e-07,3.0381967385093978,0.01591202337294817,0.06358564415131696,0.09012883203104138,0.4389578551054001
1612,1612,3.2953338623046875,3.3903698921203613,2e-07,3.038059088739306,0.01592945819720626,0.06326950725633651,0.09009435819461942,0.43725258111953735
1613,1613,3.349700689315796,3.3328394889831543,2e-07,3.037935203946223,0.01590910041704774,0.06351890697260387,0.09010292997118086,0.4388369545340538
1614,1614,3.290928363800049,3.368154764175415,2e-07,3.0387832000890698,0.015899306628853083,0.06358006040682085,0.09007701743394136,0.43591176718473434
1615,1615,3.2996764183044434,3.338937282562256,2e-07,3.038433097808749,0.015906620770692825,0.06358701060526073,0.08991936920210719,0.43752526491880417
1616,1616,3.274369955062866,3.369415283203125,2e-07,3.0375789274288394,0.015925902873277664,0.0637893051316496,0.09001962386537343,0.4373270347714424
1617,1617,3.2878971099853516,3.4399144649505615,2e-07,3.0388776287653965,0.015900939237326384,0.06338512114598416,0.09003668115474284,0.43854721635580063
1618,1618,3.3393185138702393,3.372511386871338,2e-07,3.0374267067393483,0.015930735040456057,0.06371473855688237,0.08995315269567072,0.43870507180690765
1619,1619,3.311811923980713,3.3561134338378906,2e-07,3.0369064305782434,0.015920158475637436,0.06365802849177271,0.09006183966994286,0.4396411031484604
1620,1620,3.2637226581573486,3.320291519165039,2e-07,3.036640009137499,0.015916598960757256,0.06259316939394921,0.09009171347133815,0.43595968186855316
1621,1621,3.2847845554351807,3.27659010887146,2e-07,3.03709244735266,0.015935372561216354,0.06333452434046194,0.09009907336439937,0.4388868659734726
1622,1622,3.3148789405822754,3.3199710845947266,2e-07,3.0366922506214413,0.015913644339889288,0.06381596907158382,0.08996978274080902,0.4376153498888016
1623,1623,3.3024895191192627,3.348392963409424,2e-07,3.0378716053766373,0.015909151174128056,0.06356924760621041,0.09001851489301771,0.4393794685602188
1624,1624,3.312572956085205,3.3139002323150635,2e-07,3.037408050195122,0.01591923041269183,0.06341922967112623,0.09005756420083344,0.4368682876229286
1625,1625,3.2861504554748535,3.2953643798828125,2e-07,3.0377630647076286,0.015914418268948793,0.06321989768184721,0.09009066456928849,0.43818511813879013
1626,1626,3.364203691482544,3.3045434951782227,2e-07,3.035706256916713,0.015926340129226446,0.06390718265902251,0.08996857341844589,0.44040853530168533
1627,1627,3.266165018081665,3.3233704566955566,2e-07,3.037249127482706,0.015930274035781622,0.06297953671310097,0.08999380050227046,0.4341881349682808
1628,1628,3.2919387817382812,3.3047611713409424,2e-07,3.0359992166339693,0.015903690829873085,0.06319664968759753,0.0900709091220051,0.4330436587333679
1629,1629,3.368894338607788,3.329200267791748,2e-07,3.035591934441178,0.015937927179038525,0.06342000717995688,0.09022297395858914,0.44041652232408524
1630,1630,3.302609920501709,3.3183014392852783,2e-07,3.0353298794795682,0.015923671890050173,0.06290855089901015,0.08995493093971163,0.4371274709701538
1631,1631,3.302642822265625,3.2870092391967773,2e-07,3.0376325419680272,0.015931385103613138,0.06325239228317514,0.0899102904368192,0.43739792704582214
1632,1632,3.3204445838928223,3.3944804668426514,2e-07,3.0372915228953237,0.015911003574728966,0.0638346461346373,0.08997968409676105,0.43826988339424133
1633,1633,3.357682943344116,3.375063180923462,2e-07,3.0374820398885625,0.015926032792776823,0.0625901966704987,0.08993908192496747,0.4348383694887161
1634,1634,3.301398754119873,3.3160440921783447,2e-07,3.0368379060420856,0.01592597784474492,0.0632707504555583,0.09017490944825113,0.4372747167944908
1635,1635,3.389739751815796,3.3350799083709717,2e-07,3.035175099637425,0.015928715001791716,0.06247648221324198,0.0899813654832542,0.4342186525464058
1636,1636,3.2993133068084717,3.360941171646118,2e-07,3.034648049622496,0.0159187912940979,0.06310368425329216,0.09006624040193856,0.44001977890729904
1637,1637,3.266258478164673,3.384828805923462,2e-07,3.0362204299108497,0.01591681269928813,0.06293311240733601,0.0899657387053594,0.43631473183631897
1638,1638,3.331444501876831,3.3465793132781982,2e-07,3.0384158745763195,0.015906631480902433,0.06311124362400733,0.08997638872824609,0.4389306455850601
1639,1639,3.3535704612731934,3.3603742122650146,2e-07,3.0405620513980853,0.015920537058264017,0.06244944460922852,0.0900656949961558,0.43570078909397125
1640,1640,3.335206985473633,3.298731803894043,2e-07,3.0413611102228075,0.01591809606179595,0.06318764266325161,0.08991360326763242,0.43777377158403397
1641,1641,3.316455841064453,3.251197099685669,2e-07,3.0389733095901357,0.015922368504107,0.06305167090613395,0.08992819371633232,0.4386550486087799
1642,1642,3.300095558166504,3.308939218521118,2e-07,2.820891038523858,0.015914917457848787,0.06326645208173431,0.09003303083591163,0.4367622062563896
1643,1643,3.2465062141418457,3.330660820007324,2e-07,2.8429103916892378,0.01592747215181589,0.0637398935505189,0.08991181862074882,0.43900997936725616
1644,1644,3.3163206577301025,3.343768835067749,2e-07,2.8633850732573225,0.015932361595332623,0.0630637719295919,0.09006567520555109,0.4349149465560913
1645,1645,3.3204212188720703,3.3361830711364746,2e-07,2.8823154797595114,0.01592024741694331,0.06327239028178155,0.09007555840071291,0.4369608461856842
1646,1646,3.366041660308838,3.3170831203460693,2e-07,2.89938703191169,0.015908748377114534,0.06366066451300867,0.09007992991246283,0.4405062571167946
1647,1647,3.2556638717651367,3.431405782699585,2e-07,2.9143644318972663,0.01590227847918868,0.06341004610294476,0.09004840173292905,0.43860361725091934
1648,1648,3.326286554336548,3.277876853942871,2e-07,2.9291131879234573,0.015921324025839567,0.06305456967675127,0.09018736274447292,0.43713607639074326
1649,1649,3.366407871246338,3.257822036743164,2e-07,2.940695274405862,0.01591924950480461,0.06328593185753562,0.08996994537301362,0.4389665275812149
1650,1650,3.2958974838256836,3.315669536590576,2e-07,2.951749956595278,0.015906480606645346,0.06383609195472673,0.09007407573517412,0.4397471398115158
1651,1651,3.3172521591186523,3.3349955081939697,2e-07,2.9610810367639395,0.015931159257888794,0.06281505644437857,0.08995819336269051,0.4353947043418884
1652,1652,3.3184640407562256,3.300016403198242,2e-07,2.9704618455614296,0.015917038545012474,0.06341062652063556,0.09003089531324804,0.4377928823232651
1653,1653,3.253927230834961,3.3463752269744873,2e-07,2.978650396188161,0.015926093328744173,0.06353073442005552,0.0900629434036091,0.4378408119082451
1654,1654,3.2588839530944824,3.250681161880493,2e-07,2.9863420763969417,0.015902808401733637,0.0635023825452663,0.09005424834322184,0.43984755873680115
1655,1655,3.2730705738067627,3.3663785457611084,2e-07,2.7759381818670557,0.015919160097837448,0.06322928756708279,0.08998276141937822,0.43831317126750946
1656,1656,3.314119815826416,3.3515374660491943,2e-07,2.804198851871062,0.015928901731967926,0.063202054327121,0.09000395436305553,0.440423347055912
1657,1657,3.294187545776367,3.3468735218048096,2e-07,2.829292044663611,0.01592728029936552,0.06265432058717124,0.08993726235348731,0.43511276692152023
1658,1658,3.285426616668701,3.3159990310668945,2e-07,2.8507082781573967,0.015921315643936396,0.06360999072785489,0.08997970446944237,0.439851351082325
1659,1659,3.2931058406829834,3.3106014728546143,2e-07,2.869771850752787,0.015930896159261465,0.0630904704448767,0.09016449784394354,0.4360455349087715
1660,1660,3.3216707706451416,3.3096728324890137,2e-07,2.8883775765991557,0.01591869769617915,0.06329892421490513,0.09013535198755562,0.4373571500182152
1661,1661,3.298126459121704,3.3209388256073,2e-07,2.906062526862483,0.01592255011200905,0.06356917903758585,0.09003192069940269,0.4364195093512535
1662,1662,3.3058438301086426,3.29840350151062,2e-07,2.9229041807176954,0.015931216068565845,0.0630237955483608,0.09003778290934861,0.43939655274152756
1663,1663,3.3922712802886963,3.265918254852295,2e-07,2.9370236599340505,0.015936634968966246,0.06302961616893299,0.09015423012897372,0.43855955451726913
1664,1664,3.333855390548706,3.3611257076263428,2e-07,2.9497744142321856,0.015913530252873898,0.06316776131279767,0.09003654960542917,0.4378500059247017
1665,1665,3.295811891555786,3.3297693729400635,2e-07,2.956317558996001,0.015928021632134914,0.06283496104879305,0.09007624222431332,0.4355926588177681
1666,1666,3.2788448333740234,3.298542022705078,2e-07,2.965646715502226,0.015906961634755135,0.06352910614805296,0.09007156686857343,0.43698742985725403
1667,1667,3.306833505630493,3.284119129180908,2e-07,2.9737135484329356,0.015935588162392378,0.06307033126358874,0.09005917550530285,0.43795305490493774
1668,1668,3.329085350036621,3.3394343852996826,2e-07,2.9811192713748635,0.015931199304759502,0.06303047770052217,0.09014604147523642,0.4367280453443527
1669,1669,3.280285596847534,3.3198649883270264,2e-07,2.9893868576508718,0.015910734422504902,0.06343987889704295,0.08998131821863353,0.43789850175380707
1670,1670,3.3321692943573,3.288081645965576,2e-07,2.9964029428845818,0.015908104367554188,0.06302141703781672,0.09001701243687421,0.43834108859300613
1671,1671,3.284572124481201,3.286616802215576,2e-07,3.0026319395075474,0.015914410818368196,0.06325662496965379,0.08994744217488915,0.43788890540599823
1672,1672,3.2637178897857666,3.3104212284088135,2e-07,3.0067868161608913,0.015917751006782055,0.06308327909209765,0.09011857397854328,0.4367509186267853
1673,1673,3.3670852184295654,3.3053131103515625,2e-07,3.0115728853355037,0.015932466369122267,0.0629596954677254,0.0900014596991241,0.4354455769062042
1674,1674,3.252358913421631,3.3122270107269287,2e-07,3.0148589970286945,0.015926986932754517,0.06273058999795467,0.09000655682757497,0.4325464591383934
1675,1675,3.2858362197875977,3.2313215732574463,2e-07,3.018784169168476,0.015917295590043068,0.06353492493508384,0.0899892064044252,0.43737712502479553
1676,1676,3.4412779808044434,3.3217663764953613,2e-07,2.799192466187744,0.01592618552967906,0.06256341841071844,0.08997043769340962,0.4338483139872551
1677,1677,3.3106048107147217,3.362760543823242,2e-07,2.822925398337285,0.015924756415188313,0.06288769014645368,0.09005525417160243,0.43436070531606674
1678,1678,3.3630409240722656,3.3248133659362793,2e-07,2.842889551409072,0.015923616010695696,0.0627101895515807,0.09004290716256946,0.43586210161447525
1679,1679,3.2670140266418457,3.2726504802703857,2e-07,2.8622647124575114,0.01592270191758871,0.06302003774908371,0.0899397584144026,0.43541839718818665
1680,1680,3.2432608604431152,3.271636724472046,2e-07,2.880815987085001,0.01592409610748291,0.06308214549790137,0.0899742707842961,0.4395890161395073
1681,1681,3.3258304595947266,3.3304853439331055,2e-07,2.8968215618129003,0.01591990841552615,0.06284868984948844,0.09009008097928017,0.43903767317533493
1682,1682,3.291353464126587,3.322361946105957,2e-07,2.908775774091014,0.015923004131764174,0.06357859427225776,0.09001200622878969,0.4391142874956131
1683,1683,3.343057155609131,3.285449743270874,2e-07,2.9228524203069752,0.015920687466859818,0.06327182514360175,0.09017924673389643,0.4375527650117874
1684,1684,3.323453903198242,3.286708116531372,2e-07,2.9362609473729244,0.01591699104756117,0.0631060310988687,0.09006009122822434,0.43777376413345337
1685,1685,3.2555713653564453,3.339327096939087,2e-07,2.947647278483078,0.015917904675006866,0.06331733713159338,0.09002298139967024,0.4402785375714302
1686,1686,3.2801706790924072,3.3010318279266357,2e-07,2.9591021416954604,0.015917275100946426,0.06253531741094775,0.08996064553502947,0.43020497262477875
1687,1687,3.2829997539520264,3.316450357437134,2e-07,2.9693683614286805,0.01591556565836072,0.06356849425355904,0.09025474428199232,0.44182039052248
1688,1688,3.3183178901672363,3.3210339546203613,2e-07,2.9754662302404054,0.01593383587896824,0.06298939135740511,0.0898978968616575,0.43447423726320267
1689,1689,3.2697854042053223,3.4752752780914307,2e-07,2.981321316769309,0.015922299586236477,0.06299312750343233,0.08994882472325116,0.4376453161239624
1690,1690,3.316052198410034,3.25972843170166,2e-07,2.9874693498915117,0.01592940092086792,0.06288279773434624,0.08996533590834588,0.4369456097483635
1691,1691,3.303966522216797,3.3471786975860596,2e-07,2.990484478275176,0.015919550321996212,0.06316991875064559,0.09006657579448074,0.43648557364940643
1692,1692,3.3118057250976562,3.352065324783325,2e-07,2.9950046735409344,0.015940445009618998,0.062415994456387125,0.09010674816090614,0.43105190247297287
1693,1693,3.3272199630737305,3.2815513610839844,2e-07,3.0009360763828603,0.015921369194984436,0.06315127926063724,0.09009204665198922,0.43752794712781906
1694,1694,3.3357908725738525,3.2974326610565186,2e-07,3.0053818931737744,0.01592383673414588,0.06311937555437908,0.09019450645428151,0.43754618614912033
1695,1695,3.309877395629883,3.3277413845062256,2e-07,3.0082361447067827,0.01591645646840334,0.06311110907699913,0.09007986541837454,0.43918486684560776
1696,1696,3.2460803985595703,3.322495460510254,2e-07,3.011144973057283,0.015923363156616688,0.06291179696563631,0.09008617664221674,0.44021137058734894
1697,1697,3.2677552700042725,3.3652846813201904,2e-07,3.015164729851435,0.01594042032957077,0.06253667510463856,0.09009640582371503,0.43188922852277756
1698,1698,3.361794948577881,3.357109785079956,2e-07,3.0154797591981284,0.015923923812806606,0.06250767628080212,0.08994881005492061,0.43513306975364685
1699,1699,3.2540111541748047,3.2733840942382812,2e-07,3.0187429372873678,0.015921208541840315,0.06318135134642944,0.09017216565553099,0.4383077472448349
1700,1700,3.2845299243927,3.267387866973877,2e-07,3.02101901133515,0.015913280192762613,0.06318854866549373,0.08995922713074833,0.435801737010479
1701,1701,3.2843997478485107,3.3128435611724854,2e-07,3.0246895365735593,0.01593891531229019,0.06288587412564084,0.09014308219775558,0.43890944868326187
1702,1702,3.2538444995880127,3.313032865524292,2e-07,3.0257017617279067,0.015918483957648277,0.06277286901604384,0.09009724040515721,0.43848350644111633
1703,1703,3.2658982276916504,3.417935848236084,2e-07,3.0267499467267913,0.01591875869780779,0.062431286758510396,0.09014599479269236,0.4373323395848274
1704,1704,3.307692766189575,3.3913800716400146,2e-07,3.0282492740225995,0.015918532852083445,0.0626899219059851,0.09002624172717333,0.43685201555490494
1705,1705,3.2877793312072754,3.2658369541168213,2e-07,3.0306852177255275,0.015922173392027617,0.06236156733939424,0.09008306823670864,0.4360339418053627
1706,1706,3.28865385055542,3.266186237335205,2e-07,3.033580219577668,0.01592112984508276,0.06308907360653393,0.09018623596057296,0.4381546899676323
1707,1707,3.3336517810821533,3.357880115509033,2e-07,3.033157204468203,0.01592107955366373,0.06260759627912194,0.09006238135043532,0.4365561679005623
1708,1708,3.2879700660705566,3.243579387664795,2e-07,3.0355090430183407,0.01591064129024744,0.06281839398434386,0.09005498338956386,0.43491657078266144
1709,1709,3.3158562183380127,3.3389627933502197,2e-07,3.0350245495314296,0.015915641095489264,0.06319045985583216,0.09012760501354933,0.4379938021302223
1710,1710,3.243962287902832,3.3059909343719482,2e-07,3.0336651549257474,0.01592845981940627,0.06273449389846064,0.09002382820472121,0.4373985379934311
1711,1711,3.2749853134155273,3.3168413639068604,2e-07,3.033583207768657,0.01591334631666541,0.06317801374825649,0.09014093177393079,0.43921635299921036
1712,1712,3.26605486869812,3.3862240314483643,2e-07,3.0347983345199383,0.015923005528748035,0.06293473357800394,0.09013850253541023,0.43820667266845703
1713,1713,3.294508457183838,3.350313425064087,2e-07,3.035792569109743,0.015924979466944933,0.06295161248999648,0.09002393647097051,0.4382771626114845
1714,1714,3.319343090057373,3.3567440509796143,2e-07,3.0338451000095152,0.01593753695487976,0.062360770447412506,0.0901393792591989,0.4354478493332863
1715,1715,3.3531875610351562,3.3541815280914307,2e-07,3.034080940242116,0.015917256008833647,0.0631252888997551,0.0901019589509815,0.4401641935110092
1716,1716,3.2893471717834473,3.289578437805176,2e-07,3.0354178592223,0.015934465918689966,0.0626253681111848,0.09015072963666171,0.43892092257738113
1717,1717,3.3163514137268066,3.3553357124328613,2e-07,3.0343273878976817,0.015918994322419167,0.0626725448819343,0.09006321697961539,0.43470674753189087
1718,1718,3.2114365100860596,3.344778299331665,2e-07,3.0342923862904163,0.015922867693006992,0.06282933949842118,0.09012122172862291,0.43992381542921066
1719,1719,3.313570022583008,3.2696897983551025,2e-07,3.035717743197996,0.01593794720247388,0.06265614429139532,0.0900593870319426,0.4342932552099228
1720,1720,3.2965400218963623,3.2980146408081055,2e-07,3.0379883468176194,0.015930348075926304,0.06312135671032593,0.09004988300148398,0.435174897313118
1721,1721,3.261350393295288,3.336207628250122,2e-07,3.0389893065570064,0.015940701588988304,0.06230128917377442,0.09022710646968335,0.43576494604349136
1722,1722,3.2756686210632324,3.3284311294555664,2e-07,3.0392141323335427,0.015939035452902317,0.0627138966228813,0.09014417545404285,0.4352326840162277
1723,1723,3.233975648880005,3.2580432891845703,2e-07,3.03847279708402,0.015913928393274546,0.06316174715175293,0.0900136026320979,0.4364456608891487
1724,1724,3.2559406757354736,3.3108298778533936,2e-07,3.0391702782588474,0.015918762888759375,0.06270200718427077,0.09002574637997895,0.43691089004278183
1725,1725,3.296627998352051,3.36328387260437,2e-07,3.0387827934126257,0.015925216488540173,0.0625066259817686,0.09005459863692522,0.43476806581020355
1726,1726,3.26206111907959,3.292830467224121,2e-07,3.039499313308003,0.015924165956676006,0.06326024263398722,0.0900114371906966,0.4372384324669838
1727,1727,3.356039524078369,3.352505683898926,2e-07,3.0395627510749224,0.015939823351800442,0.06294132937910035,0.09015985927544534,0.436191663146019
1728,1728,3.270867347717285,3.326355218887329,2e-07,3.04066507799772,0.015924494713544846,0.06255168150528334,0.09009967593010515,0.4345850273966789
1729,1729,3.3334720134735107,3.2779366970062256,2e-07,3.042940280981688,0.015913292299956083,0.06307956684031524,0.09017456066794693,0.4415407180786133
1730,1730,3.280787467956543,3.314572811126709,2e-07,3.0446212230054166,0.015922464430332184,0.06257344197365455,0.09003536880481988,0.4357485696673393
1731,1731,3.3402397632598877,3.299217462539673,2e-07,3.0447832634292586,0.015937416814267635,0.06239752579131164,0.09005684463772923,0.4367378205060959
1732,1732,3.3203933238983154,3.3331830501556396,2e-07,3.0448263523638244,0.015930249355733395,0.062320846220245585,0.09009991411585361,0.43522919714450836
1733,1733,3.364955186843872,3.3230795860290527,2e-07,3.0442567432266467,0.01592791499570012,0.06222046856419183,0.09002895199228078,0.4342649504542351
1734,1734,3.3203775882720947,3.334531307220459,2e-07,3.0446542516349253,0.01592617714777589,0.06260358888539486,0.09004263312090188,0.4373606815934181
1735,1735,3.2469594478607178,3.3270933628082275,2e-07,3.0445575830620886,0.01592911034822464,0.06307924905559048,0.09014126833062619,0.4381510019302368
1736,1736,3.3188066482543945,3.3363890647888184,2e-07,3.041666227674304,0.015931494534015656,0.06202953722095117,0.09011529700364918,0.43451277166604996
1737,1737,3.293445110321045,3.271311044692993,2e-07,3.0423916369210118,0.015912344213575125,0.06328459424548782,0.08995346142910421,0.43784119188785553
1738,1738,3.2862765789031982,3.324831485748291,2e-07,3.0437461305137092,0.01592186652123928,0.06269473282736726,0.09001693176105618,0.4352360814809799
1739,1739,3.3013083934783936,3.2515904903411865,2e-07,3.0457105284151953,0.01590636046603322,0.06267908186418936,0.08993622509296983,0.436154343187809
1740,1740,3.3176310062408447,3.3079307079315186,2e-07,3.0460736346168167,0.015930386260151863,0.06255397298082244,0.09019485057797283,0.43418367207050323
1741,1741,3.301401138305664,3.331094980239868,2e-07,3.0472810682129583,0.0159217556938529,0.06258662256004754,0.09014790190849453,0.43818875402212143
1742,1742,3.303856611251831,3.352928876876831,2e-07,3.0446933954073114,0.01591297471895814,0.06286630596150644,0.09010399819817394,0.4379625618457794
1743,1743,3.2713372707366943,3.2564632892608643,2e-07,3.0451441712732894,0.015933949500322342,0.06296809326158836,0.09013676061294973,0.4397822320461273
1744,1744,3.3604490756988525,3.420105218887329,2e-07,3.04608376763757,0.015931138768792152,0.06275592130259611,0.09010002308059484,0.4372619390487671
1745,1745,3.3111572265625,3.3023459911346436,2e-07,3.0466565279118325,0.015918574761599302,0.06323703829548322,0.09006212383974344,0.44040780514478683
1746,1746,3.2733795642852783,3.240118980407715,2e-07,3.043432361852455,0.015931811649352312,0.06310506531735882,0.09015113941859454,0.43777018040418625
1747,1747,3.316276788711548,3.3488337993621826,2e-07,3.043824787714725,0.015911012887954712,0.06229867466026917,0.09013216500170529,0.4348352998495102
1748,1748,3.314150810241699,3.264643907546997,2e-07,3.0436172963598214,0.015939381904900074,0.06265834320220165,0.09003870806191117,0.4352898821234703
1749,1749,3.275651216506958,3.309607744216919,2e-07,3.041200467343748,0.01591583713889122,0.06297319583245553,0.0900597699219361,0.43868739902973175
1750,1750,3.2556653022766113,3.302568197250366,2e-07,3.0419223165726246,0.015926410909742117,0.06299760157708079,0.09004071913659573,0.4365260824561119
1751,1751,3.305598497390747,3.250359058380127,2e-07,3.0432330934696705,0.015922452323138714,0.06277763887192123,0.09018690919037908,0.43738437443971634
1752,1752,3.3202855587005615,3.3508141040802,2e-07,3.045213026808438,0.015913101378828287,0.06298116242396645,0.08997819037176669,0.4358440265059471
1753,1753,3.2955541610717773,3.3656466007232666,2e-07,3.045709503018926,0.015916972421109676,0.06250447151251137,0.09013424243312329,0.4348767101764679
1754,1754,3.299574851989746,3.285231590270996,2e-07,3.04492474973407,0.015936919953674078,0.06224195673712529,0.09004928357899189,0.43325867503881454
1755,1755,3.339355230331421,3.289125919342041,2e-07,3.0430046967836333,0.015927291940897703,0.062482091947458684,0.0901034529088065,0.43412770330905914
1756,1756,3.267472267150879,3.3482143878936768,2e-07,3.041142383693711,0.015923735685646534,0.06307481628027745,0.09007015905808657,0.43847793340682983
1757,1757,3.267879009246826,3.3854305744171143,2e-07,3.0395663315052293,0.01592731149867177,0.06296601379290223,0.09010097687132657,0.4363870322704315
1758,1758,3.2472386360168457,3.285268545150757,2e-07,3.038168951829177,0.015912553761154413,0.062387631711317226,0.09020142687950283,0.43573097884655
1759,1759,3.2847166061401367,3.3075368404388428,2e-07,3.0388294585185127,0.015929656103253365,0.06304196247947402,0.09007187129464,0.4365881085395813
1760,1760,3.290573835372925,3.361114740371704,2e-07,3.0363690478426237,0.01593574834987521,0.06218400286161341,0.09004652162548155,0.4338904097676277
1761,1761,3.2524218559265137,3.258697986602783,2e-07,3.034033183508829,0.015920742880553007,0.06260047748219222,0.09002809238154441,0.43287529051303864
1762,1762,3.3313448429107666,3.319514751434326,2e-07,3.033618344289304,0.015917029231786728,0.062222728971391916,0.09008319524582475,0.43520577251911163
1763,1763,3.324284791946411,3.305976390838623,2e-07,3.03230111400216,0.015929465647786856,0.0621219529712107,0.08996260352432728,0.4307107999920845
1764,1764,3.3490421772003174,3.354945421218872,2e-07,3.0332599651008527,0.015917316544800997,0.06297037965850905,0.09008785616606474,0.43711549043655396
1765,1765,3.297262668609619,3.403125047683716,2e-07,3.0332112599489336,0.01592716434970498,0.06296780082629994,0.09021936927456409,0.4386514499783516
1766,1766,3.2769291400909424,3.2588000297546387,2e-07,3.028633331800126,0.015920341480523348,0.06280734724714421,0.09026868210639805,0.43619658052921295
1767,1767,3.287224292755127,3.2497878074645996,2e-07,3.029879785960639,0.01592508889734745,0.06279158190591261,0.09007832722272724,0.4366448000073433
1768,1768,3.279345750808716,3.2908105850219727,2e-07,3.0407992955920427,0.015938518103212118,0.06258410726150032,0.09013914607930928,0.43563610315322876
1769,1769,3.261662006378174,3.277689218521118,2e-07,3.0438446840607667,0.01592970872297883,0.06222895657992922,0.09004307957366109,0.43684936314821243
1770,1770,3.3284833431243896,3.3097479343414307,2e-07,3.053791377650203,0.015927665401250124,0.06228986743371934,0.09016814385540783,0.43591003865003586
1771,1771,3.217559576034546,3.280041456222534,2e-07,3.0634963361053087,0.01591037306934595,0.06324370295624249,0.09001911513041705,0.4397258684039116
1772,1772,3.2812044620513916,3.2695987224578857,2e-07,3.0747528131041917,0.015941389370709658,0.061965482600498945,0.09012051718309522,0.4336073771119118
1773,1773,3.224604606628418,3.3112058639526367,2e-07,3.0854600191343264,0.015926700085401535,0.06301626333151944,0.09003853530157357,0.4365420341491699
1774,1774,3.2462172508239746,3.3045473098754883,2e-07,3.094938574503984,0.015930723398923874,0.06226639496162534,0.09008565591648221,0.43514010310173035
1775,1775,3.2817513942718506,3.3470118045806885,2e-07,3.1036818249964995,0.01591619336977601,0.06293698647641577,0.09007832838688046,0.4384850636124611
1776,1776,3.268155574798584,3.3163812160491943,2e-07,3.111592274641083,0.015909362584352493,0.06293715682113543,0.0902223001467064,0.4373779743909836
1777,1777,3.2406702041625977,3.224513530731201,2e-07,3.11840451115103,0.015918902587145567,0.06197217010776512,0.0899921435629949,0.4341137930750847
1778,1778,3.267406940460205,3.2501349449157715,2e-07,2.893565959309345,0.01594420988112688,0.06288634281372651,0.0901433351682499,0.4352296069264412
1779,1779,3.231677293777466,3.2827608585357666,2e-07,2.9221393832566034,0.015940154902637005,0.06265795129002072,0.09008835593704134,0.43523480743169785
1780,1780,3.237075090408325,3.28678822517395,2e-07,2.9480649772389182,0.01592526212334633,0.06247989562689327,0.09012181649450213,0.4388160705566406
1781,1781,3.2763521671295166,3.3230056762695312,2e-07,2.972213950703564,0.015922691207379103,0.06250618660124019,0.09023519326001406,0.4397108554840088
1782,1782,3.2625746726989746,3.245201349258423,2e-07,2.992381885604379,0.015914451330900192,0.06275621190434322,0.09012444235850126,0.43784336745738983
1783,1783,3.2802300453186035,3.313908338546753,2e-07,3.0120903881714725,0.015921277459710836,0.06279720974271186,0.09011116821784526,0.43619610369205475
1784,1784,3.2873520851135254,3.2821950912475586,2e-07,3.0293750607374097,0.01594088226556778,0.06232821845333092,0.09005006938241422,0.4370283707976341
1785,1785,3.267911672592163,3.3433783054351807,2e-07,3.045295740512821,0.015926556196063757,0.06217871225089766,0.08992008143104613,0.43229173868894577
1786,1786,3.245288610458374,3.238196849822998,2e-07,3.0588212786158646,0.015911996830254793,0.06253332900814712,0.09001381299458444,0.4360093027353287
1787,1787,3.3118057250976562,3.285163164138794,2e-07,3.071235998686367,0.01592416688799858,0.06229556756443344,0.09013831976335496,0.435492642223835
1788,1788,3.2365241050720215,3.287611484527588,2e-07,3.082303624194654,0.015940943732857704,0.06241449335357174,0.09009927418082952,0.43475470691919327
1789,1789,3.323517084121704,3.2759146690368652,2e-07,3.092212794083164,0.01592212775722146,0.06287623610114679,0.09011041489429772,0.4373028948903084
1790,1790,3.314249038696289,3.315039873123169,2e-07,3.100769665254582,0.015923430677503347,0.06229775401880033,0.08999581821262836,0.4339528903365135
1791,1791,3.3194217681884766,3.289105176925659,2e-07,3.108917424358653,0.0159194590523839,0.06233814742881805,0.0901340979617089,0.4337743818759918
1792,1792,3.23081111907959,3.3378207683563232,2e-07,3.1162249175880024,0.01592249097302556,0.06283067993354052,0.09014089999254793,0.434752382338047
1793,1793,3.3068816661834717,3.3828487396240234,2e-07,3.1230975963686682,0.01592510798946023,0.06232173362514004,0.08996226394083351,0.43335821479558945
1794,1794,3.294509172439575,3.218353748321533,2e-07,3.1288800591239223,0.01593119092285633,0.06254409256507643,0.09005873498972505,0.4314188063144684
1795,1795,3.2713749408721924,3.308764696121216,2e-07,2.9038802606066576,0.01592569286003709,0.06256987765664235,0.09016690507996827,0.43548355996608734
1796,1796,3.308985471725464,3.35514497756958,2e-07,2.9165877148951145,0.015950909350067377,0.06220755260437727,0.09015562804415822,0.43522387742996216
1797,1797,3.2070138454437256,3.2275915145874023,2e-07,2.9307154920348863,0.01593260793015361,0.06272361089941114,0.09007785492576659,0.4391005113720894
1798,1798,3.2629075050354004,3.3080027103424072,2e-07,2.9433128458266977,0.015922559890896082,0.06191962456796318,0.09010562056209892,0.4339092969894409
1799,1799,3.2667124271392822,3.357637405395508,2e-07,2.9531811722866728,0.015919175930321217,0.06259711226448417,0.09009074349887669,0.43651028722524643
1800,1800,3.2891578674316406,3.314030408859253,2e-07,2.9641339110485054,0.015941770747303963,0.0626931643782882,0.09013763151597232,0.4355827495455742
1801,1801,3.3233795166015625,3.3413355350494385,2e-07,2.9738774022639,0.015932674054056406,0.06265343783888966,0.09014473995193839,0.4365212693810463
1802,1802,3.235167980194092,3.2638912200927734,2e-07,2.9827618673369067,0.015913108363747597,0.06270482004038058,0.0900585176423192,0.43672510981559753
1803,1803,3.236656427383423,3.353243350982666,2e-07,2.9884824320449552,0.015917323529720306,0.06266703811706975,0.09017871785908937,0.4388393759727478
1804,1804,3.249603033065796,3.307262897491455,2e-07,2.9931465044587298,0.015925036277621984,0.06254455100861378,0.09023189125582576,0.435658797621727
1805,1805,3.324390172958374,3.2793920040130615,2e-07,3.000259309175542,0.015935538802295923,0.06233109693857841,0.09018054755870253,0.4357270151376724
1806,1806,3.2662744522094727,3.323787212371826,2e-07,3.006697981709637,0.015931319911032915,0.06247559288749471,0.09013265802059323,0.43373867869377136
1807,1807,3.2308249473571777,3.3637523651123047,2e-07,3.0123172562024747,0.01593582984060049,0.06253166726673953,0.09024860570207238,0.43865522742271423
1808,1808,3.3388493061065674,3.371495008468628,2e-07,3.017332775591415,0.01593171013519168,0.06197447213344276,0.09019552846439183,0.43569544702768326
1809,1809,3.255796194076538,3.2425730228424072,2e-07,3.021048814192891,0.015917683951556683,0.06263681501150131,0.09016266046091914,0.43918391317129135
1810,1810,3.2825121879577637,3.394956350326538,2e-07,3.0234646810863794,0.015945798251777887,0.062071242049569264,0.09004180016927421,0.43449675291776657
1811,1811,3.2984399795532227,3.3027572631835938,2e-07,3.0271827646769354,0.01593493716791272,0.06236536112555768,0.090203802799806,0.435400553047657
1812,1812,3.317533254623413,3.3226277828216553,2e-07,3.025739413556863,0.015928158536553383,0.06266619043890387,0.0902887781849131,0.43812642246484756
1813,1813,3.295053720474243,3.3047139644622803,2e-07,3.0242244686742175,0.015940341167151928,0.06234311981825158,0.09011272666975856,0.43625031411647797
1814,1814,3.2924952507019043,3.3068017959594727,2e-07,3.027822112934718,0.015922559425234795,0.06200098275439814,0.09017938701435924,0.4373180493712425
1815,1815,3.201373815536499,3.249420166015625,2e-07,3.0304026785584215,0.015937234740704298,0.0623533243779093,0.09011851507239044,0.43376217037439346
1816,1816,3.2630767822265625,3.3421630859375,2e-07,3.0306569027517547,0.015930567868053913,0.06280669165425934,0.09003046061843634,0.4346591532230377
1817,1817,3.3035759925842285,3.2810661792755127,2e-07,3.0319233271091512,0.015928528271615505,0.062207192910136655,0.09010386909358203,0.43585123866796494
1818,1818,3.2673263549804688,3.2640652656555176,2e-07,3.0333531548867954,0.015929981600493193,0.06269187375437468,0.09022461692802608,0.4374797120690346
1819,1819,3.2241201400756836,3.2974212169647217,2e-07,3.0355900047123887,0.015946102794259787,0.062064148572972044,0.08986642549280077,0.431472085416317
1820,1820,3.1713719367980957,3.2320873737335205,2e-07,3.03742664687772,0.015931745525449514,0.06275735874078237,0.09006728674285114,0.43629826605319977
1821,1821,3.2697722911834717,3.289515495300293,2e-07,3.037204911244465,0.01593287568539381,0.06209465628489852,0.0901909270323813,0.4335337057709694
1822,1822,3.353942632675171,3.2301783561706543,2e-07,3.03871513478899,0.015932162757962942,0.06286908150650561,0.09010397898964584,0.4382823258638382
1823,1823,3.2883460521698,3.2559092044830322,2e-07,3.040064955191836,0.015936299227178097,0.06257644240395166,0.09015982155688107,0.435131773352623
1824,1824,3.270826578140259,3.319838762283325,2e-07,3.0423900463359512,0.01591356284916401,0.06217674913932569,0.0901732596103102,0.43443815410137177
1825,1825,3.2539477348327637,3.2978382110595703,2e-07,3.044049269341835,0.01593158906325698,0.06202224415028468,0.09019833174534142,0.4366834834218025
1826,1826,3.262341260910034,3.280529499053955,2e-07,3.044294536593143,0.015908447559922934,0.06229927923413925,0.09019965818151832,0.4367258548736572
1827,1827,3.2723746299743652,3.2298057079315186,2e-07,3.046150781976121,0.01593669503927231,0.06179736921330914,0.0901031349785626,0.4343087524175644
1828,1828,3.287921190261841,3.359488010406494,2e-07,3.047693934403589,0.01590700214728713,0.06275502059725113,0.09008063795045018,0.4368872791528702
1829,1829,3.290452480316162,3.2827372550964355,2e-07,3.0484188232191283,0.015943477395921946,0.06240667379461229,0.0900563015602529,0.4363003596663475
1830,1830,3.3419394493103027,3.3456270694732666,2e-07,3.0474554271228844,0.01591829676181078,0.0626675054372754,0.09009643958415836,0.43883804231882095
1831,1831,3.2868547439575195,3.2635486125946045,2e-07,3.046752504995843,0.015928592532873154,0.0626106949930545,0.09011095482856035,0.4376341924071312
1832,1832,3.280308961868286,3.308910608291626,2e-07,3.04572744378565,0.015938369557261467,0.062250839051557705,0.09021297516301274,0.43503425270318985
1833,1833,3.324861764907837,3.29205060005188,2e-07,3.0465221709939336,0.01591655472293496,0.06236028208513744,0.09017510898411274,0.4372459426522255
1834,1834,3.2803115844726562,3.2819478511810303,2e-07,3.045834804528762,0.015911750495433807,0.06189984577940777,0.09007298178039491,0.4333953484892845
1835,1835,3.2685375213623047,3.2599916458129883,2e-07,3.0451411013194774,0.015922111924737692,0.06263880647020414,0.09011860564351082,0.4396563097834587
1836,1836,3.3097035884857178,3.3424768447875977,2e-07,3.0445479891418645,0.015912771690636873,0.06306249697809108,0.09021320403553545,0.4374808073043823
1837,1837,3.255079746246338,3.241603136062622,2e-07,3.0438515123238568,0.01591114792972803,0.062489076459314674,0.09009665669873357,0.43699492514133453
1838,1838,3.2723278999328613,3.2950797080993652,2e-07,3.0444506865408205,0.01594356494024396,0.062437595130177215,0.09016107581555843,0.4375731125473976
1839,1839,3.318711042404175,3.324735403060913,2e-07,3.0454670131903847,0.015935552772134542,0.06230103218695149,0.0900502372533083,0.43737826496362686
1840,1840,3.345837354660034,3.227802038192749,2e-07,3.0440415630609428,0.015936668030917645,0.06211284740129486,0.0900140954181552,0.43396756798028946
1841,1841,3.21406626701355,3.2958500385284424,2e-07,3.044598988054888,0.01591389672830701,0.06261924144928344,0.09022904944140464,0.43912921100854874
1842,1842,3.236034870147705,3.3005011081695557,2e-07,3.0442003273486127,0.015937209129333496,0.06258860569505487,0.09023875929415226,0.4357638582587242
1843,1843,3.3000781536102295,3.269925594329834,2e-07,3.044564053410972,0.015921042300760746,0.06306243877043016,0.09027068456634879,0.4413405507802963
1844,1844,3.2895641326904297,3.2681193351745605,2e-07,3.045589848581697,0.015930569730699062,0.062425668962532654,0.09021929302252829,0.4380524456501007
1845,1845,3.293470859527588,3.322617292404175,2e-07,3.0470974366647416,0.01594742387533188,0.06231874012155458,0.09004322404507548,0.432974137365818
1846,1846,3.26914119720459,3.2253577709198,2e-07,3.0459450689240346,0.015931340865790844,0.0620662638975773,0.09015474875923246,0.4352375268936157
1847,1847,3.239790678024292,3.3090529441833496,2e-07,3.0451799088940756,0.01592912618070841,0.06214145786361769,0.09023789339698851,0.43671876192092896
1848,1848,3.294184446334839,3.327636957168579,2e-07,3.0468167778899264,0.015914265532046556,0.06255489672184922,0.09018071321770549,0.43778134882450104
1849,1849,3.290902853012085,3.2944953441619873,2e-07,3.0497081494147245,0.015930994413793087,0.062429956917185336,0.0901943197241053,0.43880516290664673
1850,1850,3.2033939361572266,3.2712149620056152,2e-07,3.0495718785355166,0.015922551043331623,0.06265380675904453,0.09019396605435759,0.4387948662042618
1851,1851,3.2480831146240234,3.416912794113159,2e-07,3.0486619654319616,0.015921437181532383,0.06268288474529982,0.0902366548543796,0.4416516497731209
1852,1852,3.283811569213867,3.255028486251831,2e-07,3.0493390591275333,0.015914771240204573,0.06244100595358759,0.09020476788282394,0.4375041797757149
1853,1853,3.2573161125183105,3.263603925704956,2e-07,3.0489359063050463,0.015920130535960197,0.06139914729283191,0.09012954356148839,0.4345155283808708
1854,1854,3.257784366607666,3.2286770343780518,2e-07,3.04909221677539,0.015926094260066748,0.06214786315103993,0.09026521688792855,0.43798932433128357
1855,1855,3.3155698776245117,3.3626179695129395,2e-07,3.046802833388208,0.01592545537278056,0.06233328065718524,0.09016884095035493,0.43527717143297195
1856,1856,3.261692762374878,3.2261903285980225,2e-07,3.0452861013468637,0.01595985470339656,0.0624811185116414,0.09013421041890979,0.4361598789691925
1857,1857,3.2628211975097656,3.3470089435577393,2e-07,3.045801368883392,0.015926160849630833,0.06302352488273755,0.09016151283867657,0.4398602470755577
1858,1858,3.2611477375030518,3.312014579772949,2e-07,3.0461039040278557,0.015928552951663733,0.06237905952730216,0.09006617765408009,0.4349221885204315
1859,1859,3.2975308895111084,3.2253851890563965,2e-07,3.04852252606004,0.015920452307909727,0.06257861771155149,0.09021119633689523,0.44012516736984253
1860,1860,3.2255825996398926,3.235764503479004,2e-07,3.0484613817027735,0.015929238870739937,0.061969637841684744,0.09010756388306618,0.4352494329214096
1861,1861,3.2608213424682617,3.311957836151123,2e-07,3.0479720072383243,0.015936505515128374,0.061917021579574794,0.09022467490285635,0.4344087019562721
1862,1862,3.2418205738067627,3.310586929321289,2e-07,3.048361972404095,0.01593341724947095,0.06172275778953917,0.09023039264138788,0.43232156336307526
1863,1863,3.2573795318603516,3.4011309146881104,2e-07,3.0482000023393305,0.015937676653265953,0.062027745734667405,0.0902307165088132,0.43938592821359634
1864,1864,3.201111078262329,3.3062472343444824,2e-07,3.0491907633538937,0.015919740311801434,0.06246685449150391,0.09010075021069497,0.439380019903183
1865,1865,3.3236401081085205,3.264624834060669,2e-07,3.049908337315268,0.015943179838359356,0.061744779406581074,0.09009374561719596,0.4340178444981575
1866,1866,3.2516252994537354,3.2893316745758057,2e-07,3.0510865210750464,0.015922272577881813,0.06260847588418983,0.09017471689730883,0.4388209953904152
1867,1867,3.2895357608795166,3.219243049621582,2e-07,3.0517388639912513,0.015924569219350815,0.062124921969370916,0.09013246232643723,0.43501313775777817
1868,1868,3.236024856567383,3.2494192123413086,2e-07,3.0529660966974803,0.015938196796923876,0.06203099261620082,0.09015039284713566,0.4358128681778908
1869,1869,3.2735583782196045,3.3094639778137207,2e-07,3.052786331133435,0.015945420134812593,0.06212178061832674,0.0901963955257088,0.4358896464109421
1870,1870,3.2592132091522217,3.3587393760681152,2e-07,3.053670647805618,0.01597043266519904,0.061764168698573485,0.09015683515463024,0.4352864623069763
1871,1871,3.2654850482940674,3.21061635017395,2e-07,3.0525198339098925,0.01592880953103304,0.06204878637799993,0.08999826305080205,0.4361898601055145
1872,1872,3.2477810382843018,3.2744297981262207,2e-07,2.8344695156990367,0.01593242585659027,0.06170462793670595,0.09012944309506565,0.4352879002690315
1873,1873,3.2601070404052734,3.3053743839263916,2e-07,2.8693245128554703,0.015926482621580362,0.06223390027298592,0.09015611303038895,0.4363059774041176
1874,1874,3.3310813903808594,3.2429921627044678,2e-07,2.9000025253233215,0.01591709116473794,0.06146115213050507,0.09008741355501115,0.4339708462357521
1875,1875,3.2157607078552246,3.243159770965576,2e-07,2.927359002531058,0.01593249524012208,0.0617088129511103,0.09011830459348857,0.43412385880947113
1876,1876,3.230648994445801,3.313690185546875,2e-07,2.9515313540840733,0.015926837921142578,0.06200808097491972,0.09021871781442314,0.43847744911909103
1877,1877,3.3203303813934326,3.361542224884033,2e-07,2.9737016306561923,0.015926900785416365,0.0625112064590212,0.09013933537062258,0.43832557648420334
1878,1878,3.2673237323760986,3.287738561630249,2e-07,2.9932816200347654,0.015932799316942692,0.06165685036103241,0.0902441629441455,0.43470995128154755
1879,1879,3.2645206451416016,3.3150532245635986,2e-07,3.0112174948311887,0.015940750017762184,0.06175738538149744,0.09021725901402533,0.43313509970903397
1880,1880,3.1991677284240723,3.3278861045837402,2e-07,3.0274705855008053,0.015920232515782118,0.06228416657540947,0.09009579184930772,0.43627770245075226
1881,1881,3.2385640144348145,3.2698240280151367,2e-07,3.042006387621566,0.015921819489449263,0.06245384577778168,0.09035665926057845,0.438750684261322
1882,1882,3.327493667602539,3.2546370029449463,2e-07,3.055466282346773,0.015927445143461227,0.0624419248488266,0.09029800060670823,0.437089204788208
1883,1883,3.3143343925476074,3.194324016571045,2e-07,3.0674749868572757,0.015920525416731834,0.06167268627905287,0.09026174212340266,0.43330154567956924
1884,1884,3.2335731983184814,3.2501935958862305,2e-07,2.8494065292821174,0.01593845896422863,0.06178591962088831,0.09027109935414046,0.43579933792352676
1885,1885,3.2334506511688232,3.2775352001190186,2e-07,2.8826476355464252,0.015928548760712147,0.06242210092023015,0.09023655380588025,0.4359683096408844
1886,1886,3.27585768699646,3.346524953842163,2e-07,2.912435073905418,0.01591357123106718,0.06230692719691433,0.09015720163006335,0.4371804818511009
1887,1887,3.2756969928741455,3.2160725593566895,2e-07,2.9391870293781026,0.015940924175083637,0.061651058349525556,0.0901221641106531,0.4336065426468849
1888,1888,3.266737699508667,3.27718448638916,2e-07,2.96311476391492,0.015930688474327326,0.062267314322525635,0.09028726967517287,0.4360377639532089
1889,1889,3.219792127609253,3.2031514644622803,2e-07,2.983785234050336,0.015948190353810787,0.061504110461100936,0.09017973090521991,0.43287599086761475
1890,1890,3.269106388092041,3.3263869285583496,2e-07,3.002879382755085,0.015941313933581114,0.06149428215576336,0.09023239323869348,0.4325158819556236
1891,1891,3.312411069869995,3.2986950874328613,2e-07,3.0202439947777266,0.015928886830806732,0.06165795921697281,0.09023232862818986,0.4364316090941429
1892,1892,3.263040542602539,3.248534679412842,2e-07,3.0354539528411406,0.015929740387946367,0.06235293310601264,0.09031213575508446,0.43881821632385254
1893,1893,3.308474540710449,3.327387571334839,2e-07,3.049238487679157,0.015924920327961445,0.062243950203992426,0.09015978907700628,0.4367078170180321
1894,1894,3.2296700477600098,3.2695460319519043,2e-07,3.060920523513658,0.015925272833555937,0.06196527444990352,0.09012871386948973,0.4355621337890625
1895,1895,3.2675745487213135,3.279005527496338,2e-07,3.0725739415917075,0.015924098435789347,0.062433337181573734,0.09042351762764156,0.4397210106253624
1896,1896,3.3272290229797363,3.2753937244415283,2e-07,3.0831949590704983,0.01591819617897272,0.06263187792501412,0.09019419027026743,0.4397777393460274
1897,1897,3.2672536373138428,3.2473676204681396,2e-07,3.0933939820234855,0.015933101531118155,0.06176754710031673,0.09007775376085192,0.431842677295208
1898,1898,3.2818033695220947,3.2539565563201904,2e-07,3.102355075161007,0.015934663824737072,0.061783520606695674,0.09029071603436023,0.4337821677327156
1899,1899,3.232940912246704,3.2045466899871826,2e-07,3.110498776956365,0.01593180000782013,0.06225531332893297,0.09026573912706226,0.4364122673869133
1900,1900,3.2468206882476807,3.218517541885376,2e-07,3.11766051525571,0.015932906419038773,0.062244531989563257,0.0901306385640055,0.43867428600788116
1901,1901,3.3175649642944336,3.3485796451568604,2e-07,3.124080591860856,0.01593205938115716,0.06187656882684678,0.09019438608083874,0.43718668818473816
1902,1902,3.2322354316711426,3.3020052909851074,2e-07,3.1307546368170183,0.015917598269879818,0.062448984710499644,0.0902327832300216,0.44088539481163025
1903,1903,3.263127088546753,3.2452690601348877,2e-07,3.135936677577477,0.01592857437208295,0.06197539347340353,0.09014287160243839,0.43476061522960663
1904,1904,3.297093152999878,3.2911906242370605,2e-07,3.140419950476968,0.01594040682539344,0.06163562572328374,0.09029310720507056,0.4336855262517929
1905,1905,3.264526844024658,3.340691566467285,2e-07,3.1452661251677188,0.015934688970446587,0.06167071225354448,0.09021446935366839,0.43467600643634796
1906,1906,3.221220016479492,3.2666425704956055,2e-07,3.148945302488388,0.015925566665828228,0.061822101240977645,0.09028200793545693,0.43547970801591873
1907,1907,3.3096160888671875,3.262827157974243,2e-07,3.1527328252437536,0.01594458008185029,0.06189460351015441,0.09015363571234047,0.4379438981413841
1908,1908,3.2534499168395996,3.242736339569092,2e-07,3.1557673211250434,0.015948396641761065,0.061704152525635436,0.09017998282797635,0.435320720076561
1909,1909,3.2773449420928955,3.2668120861053467,2e-07,3.159240476395684,0.01594091160222888,0.06221151218051091,0.09032091055996716,0.4353059008717537
1910,1910,3.293269634246826,3.285242795944214,2e-07,3.1616285795614143,0.015944373328238726,0.062398187845246866,0.09010344243142754,0.4357783645391464
1911,1911,3.2514801025390625,3.2548842430114746,2e-07,3.1630776364331834,0.015925862826406956,0.06180072863935493,0.09017071477137506,0.4354543387889862
1912,1912,3.2238945960998535,3.246019124984741,2e-07,3.1642026801558627,0.015913693234324455,0.06202567525906488,0.09013460646383464,0.4355480670928955
1913,1913,3.2203691005706787,3.2702810764312744,2e-07,3.165821518629845,0.01592512521892786,0.06180834111000877,0.09016355942003429,0.436225026845932
1914,1914,3.289947032928467,3.228130578994751,2e-07,3.1672595595475785,0.01592183392494917,0.06207885075127706,0.0902214728994295,0.4336525499820709
1915,1915,3.2964818477630615,3.250854730606079,2e-07,3.1688916718476845,0.015953518450260162,0.06182230784907006,0.09026635088957846,0.43499401211738586
1916,1916,3.2417545318603516,3.277639150619507,2e-07,3.1687663564372297,0.015931168105453253,0.06182913432712667,0.09024925960693508,0.4360239803791046
1917,1917,3.276977062225342,3.2355477809906006,2e-07,3.169784121925617,0.015935407485812902,0.061479204247007146,0.09022845211438835,0.43286049365997314
1918,1918,3.314920425415039,3.3271377086639404,2e-07,3.1712046046213853,0.015942299738526344,0.06214036757592112,0.09034441947005689,0.43790189176797867
1919,1919,3.2676877975463867,3.3402464389801025,2e-07,3.1722280442458577,0.015939502976834774,0.06194992852397263,0.09035311196930707,0.43861521035432816
1920,1920,3.3057496547698975,3.2406933307647705,2e-07,3.173761084143333,0.01592029957100749,0.06218025367707014,0.09021984075661749,0.4362124428153038
1921,1921,3.2412045001983643,3.2936110496520996,2e-07,3.1748385655502815,0.01593755092471838,0.062021033896598965,0.09037476289086044,0.4379352405667305
1922,1922,3.2695038318634033,3.300257682800293,2e-07,3.1754927854036676,0.015957453288137913,0.061772983259288594,0.09011276892852038,0.4327910915017128
1923,1923,3.244694948196411,3.210583209991455,2e-07,3.1762986593306923,0.01592610264196992,0.06198655502521433,0.09026008390355855,0.43551377952098846
1924,1924,3.3182826042175293,3.2123937606811523,2e-07,3.1770742506858864,0.015940708108246326,0.061637347913347185,0.09021624433808029,0.43412724137306213
1925,1925,3.2452375888824463,3.30733585357666,2e-07,3.1774495877146856,0.015941569581627846,0.062075009976979345,0.09024482930544764,0.4374994486570358
1926,1926,3.2640609741210938,3.2558884620666504,2e-07,3.17801969474834,0.01593900006264448,0.06200632266700268,0.09010556491557509,0.43649009615182877
1927,1927,3.237457513809204,3.366675853729248,2e-07,3.178559028479762,0.015922463033348322,0.06224759679753333,0.09027024230454117,0.43739616870880127
1928,1928,3.2630670070648193,3.2678213119506836,2e-07,3.179134835225107,0.015944214537739754,0.0621386435959721,0.09031048428732902,0.4372684210538864
1929,1929,3.29907488822937,3.261882781982422,2e-07,3.1803701066076724,0.015934070572257042,0.06211532643646933,0.09018716972786933,0.43632054328918457
1930,1930,3.308641195297241,3.236114740371704,2e-07,3.180474812129207,0.015946160070598125,0.06191045785089955,0.09019059082493186,0.4348112940788269
1931,1931,3.1958463191986084,3.3007326126098633,2e-07,3.181256269623958,0.015944988001137972,0.061667211703024805,0.09011438861489296,0.43427544087171555
1932,1932,3.288135051727295,3.3534703254699707,2e-07,3.181284006679995,0.015937716234475374,0.062115689157508314,0.09023372479714453,0.4377692639827728
1933,1933,3.2942583560943604,3.2080676555633545,2e-07,3.1797571649640566,0.015936571173369884,0.0619832152442541,0.09031119022984058,0.4364214390516281
1934,1934,3.302781105041504,3.395590305328369,2e-07,3.177477948866483,0.01596079533919692,0.06209801897057332,0.0903661975171417,0.43673255294561386
1935,1935,3.2782938480377197,3.2698028087615967,2e-07,3.1777023451397337,0.015939482487738132,0.06128993583843112,0.090147549752146,0.4327809140086174
1936,1936,3.278611898422241,3.245375394821167,2e-07,3.1773692663863797,0.015911109279841185,0.0621878236415796,0.09026090381667018,0.4373204633593559
1937,1937,3.2318618297576904,3.2526638507843018,2e-07,3.1777020039044355,0.015929236076772213,0.06178998394170776,0.09020045085344464,0.4337943345308304
1938,1938,3.2567641735076904,3.245357036590576,2e-07,3.177976002540333,0.015942251309752464,0.06147867362597026,0.09024603012949228,0.43572911620140076
1939,1939,3.250532865524292,3.2731857299804688,2e-07,3.177971805903485,0.015931373462080956,0.06199215102242306,0.09026778326369822,0.4362340420484543
1940,1940,3.306162118911743,3.261547803878784,2e-07,3.177469071014845,0.015935365576297045,0.06163918293896131,0.09024177305400372,0.43651118129491806
1941,1941,3.2673275470733643,3.3163905143737793,2e-07,3.1769442170489084,0.015933319460600615,0.06207775985240005,0.09021773852873594,0.4337150976061821
1942,1942,3.247941493988037,3.274827003479004,2e-07,3.1764400062144387,0.015930252615362406,0.061610888107679784,0.0901714563369751,0.43494468182325363
1943,1943,3.2315831184387207,3.262218952178955,2e-07,3.1762121452165157,0.01593023957684636,0.062278906611027196,0.09025549900252372,0.43500155955553055
1944,1944,3.2951793670654297,3.249856948852539,2e-07,3.175174467375985,0.01593388570472598,0.06203692138660699,0.09027072263415903,0.43797972053289413
1945,1945,3.2820777893066406,3.2703800201416016,2e-07,3.175018096688994,0.015939973294734955,0.061415512493113056,0.09007961745373905,0.43135274946689606
1946,1946,3.257000684738159,3.337599754333496,2e-07,3.174754263685776,0.015920221339911222,0.06217116862535477,0.0901815741090104,0.4349849969148636
1947,1947,3.2717769145965576,3.3203697204589844,2e-07,3.175395804679303,0.01593310572206974,0.061259215377504006,0.0901952798012644,0.4332330897450447
1948,1948,3.228437900543213,3.2354118824005127,2e-07,3.1761261135179866,0.01592678716406226,0.061887181509518996,0.09023905347567052,0.4371158629655838
1949,1949,3.2399942874908447,3.2565693855285645,2e-07,3.176964903829365,0.01592203974723816,0.06196662806905806,0.09030238771811128,0.4355526342988014
1950,1950,3.2742221355438232,3.2530713081359863,2e-07,3.177603885745316,0.015950412023812532,0.06166245715576224,0.09027181344572455,0.4323745146393776
1951,1951,3.240799903869629,3.299776077270508,2e-07,3.1781257723057927,0.015924733132123947,0.061282318260055035,0.09021810127887875,0.4329705759882927
1952,1952,3.1994292736053467,3.346445083618164,2e-07,3.178744904668535,0.015937928576022387,0.06252358984784223,0.09024220239371061,0.4378739297389984
1953,1953,3.2895617485046387,3.2456722259521484,2e-07,3.179107522144596,0.015941543970257044,0.0612811912142206,0.09037366637494415,0.43248701095581055
1954,1954,3.279851198196411,3.303122043609619,2e-07,3.1793938209312747,0.015928721521049738,0.062127347162459046,0.09032300533726811,0.4382990524172783
1955,1955,3.2161648273468018,3.245453119277954,2e-07,3.180299462809636,0.015942024998366833,0.06203837366774678,0.09024622512515634,0.4409010112285614
1956,1956,3.243845224380493,3.249760389328003,2e-07,3.1805598065369396,0.015955446287989616,0.061766090482706204,0.0902539900271222,0.4365604668855667
1957,1957,3.2878918647766113,3.2225394248962402,2e-07,3.180791929976956,0.015920381527394056,0.06240178202278912,0.09030816738959402,0.43937305361032486
1958,1958,3.278367042541504,3.267422676086426,2e-07,3.1810977788004617,0.01593768736347556,0.061163913924247026,0.09029369975905865,0.4330706000328064
1959,1959,3.238868474960327,3.330556869506836,2e-07,3.1807741410038206,0.01593559794127941,0.061561193884699605,0.09023030381649733,0.43555834889411926
1960,1960,3.2302355766296387,3.2553231716156006,2e-07,3.1797054143011825,0.015944839920848608,0.06186539150075987,0.0902789660030976,0.4387967586517334
1961,1961,3.2652320861816406,3.278228521347046,2e-07,3.1794091964486006,0.01592916203662753,0.06194104894530028,0.09029702399857342,0.43657297641038895
1962,1962,3.268308401107788,3.2964932918548584,2e-07,3.178814865615498,0.01592977298423648,0.06134764713351615,0.0902572370832786,0.43536684662103653
1963,1963,3.2518510818481445,3.262786388397217,2e-07,3.178093200997662,0.01593272853642702,0.061300384521018714,0.09031762869562954,0.4341496527194977
1964,1964,3.2100777626037598,3.309696674346924,2e-07,3.177288231631714,0.01594868255779147,0.06193920178338885,0.09029482293408364,0.43605367094278336
1965,1965,3.267930507659912,3.256936550140381,2e-07,3.1769342486212784,0.015931633301079273,0.06204447499476373,0.0902593987993896,0.43754325062036514
1966,1966,3.261213779449463,3.2445695400238037,2e-07,3.1764570869164297,0.015933954156935215,0.06146361166611314,0.09038901142776012,0.4359489679336548
1967,1967,3.3075106143951416,3.3715381622314453,2e-07,3.1771854842655123,0.01592347165569663,0.06185918301343918,0.09040276985615492,0.4368340000510216
1968,1968,3.2418901920318604,3.2935118675231934,2e-07,3.177618843831234,0.015945807565003633,0.061428142682416365,0.09032806137111038,0.43519309163093567
1969,1969,3.2629120349884033,3.325998544692993,2e-07,3.1785287866488203,0.01593409338966012,0.06212772327126004,0.0903250522678718,0.4350487291812897
1970,1970,3.216686487197876,3.337902069091797,2e-07,3.1793703789175556,0.01594310998916626,0.06189800155698322,0.09026090358383954,0.4390273913741112
1971,1971,3.290360450744629,3.29939603805542,2e-07,3.1799438335145327,0.015932985581457615,0.06180203997064382,0.09039375092834234,0.43628308176994324
1972,1972,3.2422428131103516,3.2110700607299805,2e-07,3.179999469431147,0.015932254493236542,0.061427079170243815,0.09022320422809571,0.43542367219924927
1973,1973,3.2709105014801025,3.2491872310638428,2e-07,3.180346656815267,0.01593144377693534,0.06138836941681802,0.09035584214143455,0.43578654527664185
1974,1974,3.2875044345855713,3.309337615966797,2e-07,3.1808064320933442,0.015938550233840942,0.061655506637180224,0.09025350725278258,0.4383575767278671
1975,1975,3.2303335666656494,3.2800722122192383,2e-07,3.1801730913620596,0.015931185334920883,0.06186732038622722,0.09038565866649151,0.4358733743429184
1976,1976,3.2355027198791504,3.2714338302612305,2e-07,3.180612289638053,0.015941140707582235,0.061448550171917304,0.09026525635272264,0.4326170086860657
1977,1977,3.2674639225006104,3.300220012664795,2e-07,3.180985687457577,0.015939859207719564,0.06140413662069477,0.09028372459579259,0.43465153872966766
1978,1978,3.254450798034668,3.2304556369781494,2e-07,3.181171579681321,0.01593357650563121,0.06169942728593014,0.0902085043489933,0.4375593811273575
1979,1979,3.198249340057373,3.3125529289245605,2e-07,3.1823739588548583,0.01593031594529748,0.061478639574488625,0.09038006409537047,0.4372685179114342
1980,1980,3.23361873626709,3.2741281986236572,2e-07,3.182086212914607,0.015939653385430574,0.06200818665092811,0.09032911143731326,0.4400249049067497
1981,1981,3.2392358779907227,3.2624852657318115,2e-07,3.1827833155232783,0.01594330370426178,0.0616352656215895,0.09021353593561798,0.4358994886279106
1982,1982,3.2695400714874268,3.2095699310302734,2e-07,3.1830804287064813,0.015930934343487024,0.06181548669701442,0.09025659912731498,0.4387300983071327
1983,1983,3.215113639831543,3.186128616333008,2e-07,3.1830910954658163,0.015940402634441853,0.06146659757359885,0.09022688225377351,0.4351266995072365
1984,1984,3.2941627502441406,3.324368953704834,2e-07,2.9505041914954417,0.015921779442578554,0.061568368691951036,0.09029057226143777,0.43717705458402634
1985,1985,3.2815656661987305,3.2703888416290283,2e-07,2.9613809421890616,0.015932980459183455,0.062171133438823745,0.09048196079675108,0.44123759865760803
1986,1986,3.1709601879119873,3.234294891357422,2e-07,2.9714408589311843,0.015940818935632706,0.062004287930903956,0.0903261877829209,0.4391685426235199
1987,1987,3.2375779151916504,3.319060802459717,2e-07,2.979713211926543,0.01593425450846553,0.06182449479820207,0.09013233950827271,0.43563947081565857
1988,1988,3.2770309448242188,3.2460873126983643,2e-07,2.9877067609608607,0.01594567159190774,0.061500677809817716,0.09028627013321966,0.4366743117570877
1989,1989,3.2380483150482178,3.2684218883514404,2e-07,2.995406767984888,0.01595273893326521,0.06162782834144309,0.09028898156248033,0.43601489812135696
1990,1990,3.2293221950531006,3.3475871086120605,2e-07,3.0026640810386493,0.015940506011247635,0.06191553417011164,0.09033016883768141,0.43944645673036575
1991,1991,3.2156641483306885,3.2773406505584717,2e-07,3.0081479098232866,0.01594967907294631,0.06179825367871672,0.09026473690755665,0.436246357858181
1992,1992,3.25181245803833,3.2749414443969727,2e-07,3.013758547992347,0.01594112114980817,0.062095412344206125,0.09033109212759882,0.4380611702799797
1993,1993,3.287369966506958,3.2915563583374023,2e-07,3.0186683922354045,0.015957055147737265,0.061379826307529584,0.09023782995063812,0.43524475395679474
1994,1994,3.217167377471924,3.244948387145996,2e-07,3.023131114931375,0.015941352117806673,0.0612341501400806,0.09027158713433892,0.43564386665821075
1995,1995,3.322749137878418,3.2499167919158936,2e-07,3.0276572943740243,0.015943558886647224,0.06121343793347478,0.09029266785364598,0.43400759249925613
1996,1996,3.2591865062713623,3.258253574371338,2e-07,3.0307817166593782,0.015926777850836515,0.061778147937729955,0.09029039018787444,0.43411754816770554
1997,1997,3.2532570362091064,3.2571539878845215,2e-07,3.0340236584624978,0.015955807641148567,0.06127214472508058,0.09037147124763578,0.43378598988056183
1998,1998,3.291322708129883,3.2059078216552734,2e-07,3.0375798096846154,0.01593727571889758,0.06145486026071012,0.09028742392547429,0.4342304617166519
1999,1999,3.318826198577881,3.266603708267212,2e-07,3.0397207293679416,0.015932360664010048,0.062052817695075646,0.0901554801966995,0.43815508484840393
2000,2000,3.2457435131073,3.2736809253692627,2e-07,3.0419304843133834,0.015934208873659372,0.061686265165917575,0.09033948613796383,0.4375273883342743
2001,2001,3.2599563598632812,3.2447078227996826,2e-07,3.044141931152019,0.0159526071511209,0.06175556857488118,0.09035383281297982,0.4355640709400177
2002,2002,3.273329973220825,3.247276782989502,2e-07,3.046935166968733,0.015932832844555378,0.06215019553201273,0.09027513267938048,0.4388824477791786
2003,2003,3.1759984493255615,3.243114709854126,2e-07,3.049251002089575,0.015950219705700874,0.06176237735780887,0.09024316258728504,0.43464893847703934
2004,2004,3.2684073448181152,3.2941524982452393,2e-07,3.050526610187765,0.01592029118910432,0.061028147174511105,0.09034030709881335,0.4335804283618927
2005,2005,3.169639825820923,3.2772533893585205,2e-07,3.0518507620852433,0.01593338744714856,0.06139079967397265,0.0903329880675301,0.4341204836964607
2006,2006,3.269329786300659,3.250661849975586,2e-07,3.0525141188219083,0.015935880597680807,0.0613606879778672,0.09030900953803211,0.4356193542480469
2007,2007,3.251147985458374,3.2405529022216797,2e-07,3.052810697400292,0.015925640240311623,0.061052365927025676,0.09025323635432869,0.43318068981170654
2008,2008,3.270291805267334,3.2696542739868164,2e-07,3.053591484411623,0.01594881946220994,0.06170023779850453,0.09023905545473099,0.4389554187655449
2009,2009,3.2447969913482666,3.2601921558380127,2e-07,3.054818578640066,0.015938760712742805,0.06184787838719785,0.09019120689481497,0.43680597096681595
2010,2010,3.308317184448242,3.2286109924316406,2e-07,3.0556251187096133,0.015948252752423286,0.06141443955129944,0.09031696268357337,0.43452420830726624
2011,2011,3.19437837600708,3.278977155685425,2e-07,3.0564711536043814,0.015932533890008926,0.06166438150103204,0.09020092512946576,0.43536679446697235
2012,2012,3.2634658813476562,3.2879209518432617,2e-07,3.0573122862057973,0.015933625400066376,0.06183438186417334,0.09039617446251214,0.4408220127224922
2013,2013,3.2258148193359375,3.2273452281951904,2e-07,3.0579214184475676,0.015943544451147318,0.06145619580638595,0.09033545746933669,0.435136578977108
2014,2014,3.2654025554656982,3.2764663696289062,2e-07,3.058363031257083,0.015936318319290876,0.0621478715329431,0.09024806984234601,0.4378121867775917
2015,2015,3.2105495929718018,3.235607624053955,2e-07,3.0575967090491276,0.015923351980745792,0.06231458898400888,0.09036700171418488,0.4410611167550087
2016,2016,3.174830436706543,3.2574169635772705,2e-07,3.057098579460111,0.01595441671088338,0.060980649723205715,0.09032107866369188,0.43338246643543243
2017,2017,3.26068115234375,3.3279552459716797,2e-07,3.056562490279206,0.015941598918288946,0.06132685509510338,0.09035631141159683,0.43750064074993134
2018,2018,3.244224786758423,3.2524454593658447,2e-07,3.0585296484529354,0.015927487518638372,0.0621356854098849,0.09041039040312171,0.43788380175828934
2019,2019,3.2355127334594727,3.248457193374634,2e-07,3.0578785876928456,0.01592447515577078,0.06177530938293785,0.09032633900642395,0.4367447718977928
2020,2020,3.2626218795776367,3.235238552093506,2e-07,3.0598094529281186,0.015937660820782185,0.0611214553064201,0.09035318740643561,0.43211108446121216
2021,2021,3.2769386768341064,3.2253527641296387,2e-07,3.0603843314488284,0.015923307742923498,0.061625572212506086,0.09029467415530235,0.4364452436566353
2022,2022,3.2435221672058105,3.3232760429382324,2e-07,3.059808635793568,0.01594940945506096,0.06151817800127901,0.09038087190128863,0.43669936060905457
2023,2023,3.272935390472412,3.2335002422332764,2e-07,3.059963083272078,0.015948441810905933,0.061053180310409516,0.0903557917336002,0.43547889590263367
2024,2024,3.241986036300659,3.226292610168457,2e-07,3.0594966367752505,0.01593383029103279,0.06150621152482927,0.09021107421722263,0.435663565993309
2025,2025,3.2850663661956787,3.289039134979248,2e-07,3.0598495409907804,0.015938454773277044,0.061043558875098825,0.0902867668773979,0.43512675166130066
2026,2026,3.2759437561035156,3.2748804092407227,2e-07,3.059183106876224,0.01592894410714507,0.06157881414401345,0.09028857049997896,0.4339095652103424
2027,2027,3.23883056640625,3.2553091049194336,2e-07,3.059084974491232,0.015948436688631773,0.06214781038579531,0.09024805505760014,0.4375762790441513
2028,2028,3.237421751022339,3.264190196990967,2e-07,3.0593016776170976,0.015946323983371258,0.06138348922831938,0.09025121643207967,0.43570028245449066
2029,2029,3.2251038551330566,3.2698748111724854,2e-07,3.0597105208082445,0.01594637520611286,0.06139062705915421,0.0903046540915966,0.43583253771066666
2030,2030,3.2353408336639404,3.268378257751465,2e-07,3.055430161199014,0.015938854310661554,0.060846916370792314,0.09034478547982872,0.4333716034889221
2031,2031,3.2386860847473145,3.216179370880127,2e-07,3.0553310930383555,0.015939461067318916,0.061746543273329735,0.09031681495252997,0.43683672696352005
2032,2032,3.244757890701294,3.2157697677612305,2e-07,3.054943622366412,0.015930917114019394,0.061670067108934745,0.09034924395382404,0.4359551891684532
2033,2033,3.231076240539551,3.2815356254577637,2e-07,3.054255068344926,0.01594972051680088,0.06095549065503292,0.09038843051530421,0.43246254324913025
2034,2034,3.319636583328247,3.252012014389038,2e-07,3.0538058592255948,0.015940539073199034,0.06105046209995635,0.09024844621308148,0.4362638220191002
2035,2035,3.2029590606689453,3.2447001934051514,2e-07,3.0540451280148,0.015939026605337858,0.061567416036268696,0.09039338445290923,0.4377744421362877
2036,2036,3.262298822402954,3.2481751441955566,2e-07,3.054303470309152,0.01593406731262803,0.06133495157700963,0.09036557096987963,0.43451356142759323
2037,2037,3.2138938903808594,3.254941940307617,2e-07,3.055433002590474,0.015938328579068184,0.061598066793521866,0.0904720377875492,0.43779001384973526
2038,2038,3.1571249961853027,3.2288870811462402,2e-07,3.055847166392547,0.01592452870681882,0.06166531945928,0.09025030117481947,0.4375787824392319
2039,2039,3.249986410140991,3.2788333892822266,2e-07,3.055395364552313,0.01593691250309348,0.06132785548106767,0.09042665641754866,0.43571603298187256
2040,2040,3.2962188720703125,3.253835678100586,2e-07,3.053721031846404,0.015933556482195854,0.061907711380627006,0.09042383695486933,0.4376043453812599
2041,2041,3.2398927211761475,3.1844353675842285,2e-07,3.0534758167524068,0.015950589906424284,0.06195949058746919,0.09033279062714428,0.4355311021208763
2042,2042,3.2859859466552734,3.2320780754089355,2e-07,2.8098240644197596,0.01594896474853158,0.06126169016351923,0.090227315784432,0.4335789754986763
2043,2043,3.3175337314605713,3.246682643890381,2e-07,2.8480182533116034,0.015931750647723675,0.061636022583115846,0.09033646294847131,0.4380377158522606
2044,2044,3.230147361755371,3.289013147354126,2e-07,2.8811689862899206,0.015933840535581112,0.061681266233790666,0.09043117274995893,0.43722934275865555
2045,2045,3.1933753490448,3.223444938659668,2e-07,2.9111639601556747,0.015933626797050238,0.061742825782857835,0.09030558401718736,0.4388371482491493
2046,2046,3.285463571548462,3.206550359725952,2e-07,2.938238789517031,0.01593431970104575,0.06170014981762506,0.0904503510100767,0.4392460808157921
2047,2047,3.264498710632324,3.223468065261841,2e-07,2.9627052005735948,0.015951818320900202,0.06151781074004248,0.09026737126987427,0.43679219484329224
2048,2048,3.2030982971191406,3.2459378242492676,2e-07,2.98443959848199,0.015940976794809103,0.06124412326607853,0.09034956491086632,0.4352976754307747
2049,2049,3.2357676029205322,3.277233123779297,2e-07,3.004121340433923,0.015940221957862377,0.06156983782420866,0.09036769450176507,0.43763215094804764
2050,2050,3.2182021141052246,3.2248880863189697,2e-07,3.0219048009656166,0.015928911045193672,0.0618769304419402,0.0903450328623876,0.43766969442367554
2051,2051,3.2249910831451416,3.2514946460723877,2e-07,3.037894623775504,0.015928552951663733,0.06103944979258813,0.09035326912999153,0.4351612403988838
2052,2052,3.2665138244628906,3.2744126319885254,2e-07,3.0528003628281457,0.01595074823126197,0.06149682818795554,0.09032001753803343,0.43774057924747467
2053,2053,3.246359348297119,3.301539897918701,2e-07,3.0658601720047187,0.01593560306355357,0.06181440060026944,0.09037380898371339,0.43609633296728134
2054,2054,3.2670528888702393,3.2348594665527344,2e-07,3.0774755751635374,0.015937460586428642,0.0611416939063929,0.09039608214516193,0.4346397668123245
2055,2055,3.2102584838867188,3.2625162601470947,2e-07,3.088107226958642,0.01593278255313635,0.061657500511500984,0.09039855131413788,0.43653636425733566
2056,2056,3.2042880058288574,3.2193257808685303,2e-07,3.097649469924616,0.01592366537079215,0.06149271532194689,0.09029194642789662,0.437366247177124
2057,2057,3.244912624359131,3.255127191543579,2e-07,3.10675075268594,0.015937479678541422,0.06165174819761887,0.09033167234156281,0.4396713376045227
2058,2058,3.2409603595733643,3.27921462059021,2e-07,3.114381269668239,0.01593936001881957,0.0618153587274719,0.09036532638128847,0.43885982781648636
2059,2059,3.2550854682922363,3.2638940811157227,2e-07,3.120736546318601,0.015938490629196167,0.06131386794731952,0.09037204179912806,0.43530920147895813
2060,2060,3.304436683654785,3.362868547439575,2e-07,3.1251116868269224,0.015947187785059214,0.061540784838143736,0.09044884634204209,0.4379945248365402
2061,2061,3.2516260147094727,3.19891619682312,2e-07,3.129502991421398,0.015931604895740747,0.0613964524527546,0.09042253799270838,0.43812835961580276
2062,2062,3.275527238845825,3.1805663108825684,2e-07,3.134671843205905,0.015949913300573826,0.06143842337769456,0.09022026474121958,0.43670640140771866
2063,2063,3.2521095275878906,3.173154830932617,2e-07,2.9113837388416717,0.01594683714210987,0.06126987931202166,0.09027301869355142,0.4353834092617035
2064,2064,3.291524648666382,3.2505290508270264,2e-07,2.7091416185256,0.015943333972245455,0.06133752115420066,0.09030395071022213,0.43704501539468765
2065,2065,3.215324878692627,3.1963977813720703,2e-07,2.7440368726754314,0.015949702821671963,0.0614578922977671,0.09029670245945454,0.43577342480421066
2066,2066,3.232945442199707,3.2452714443206787,2e-07,2.774754047028217,0.015940030105412006,0.06092128134332597,0.09041372779756784,0.4344504624605179
2067,2067,3.2666869163513184,3.2809855937957764,2e-07,2.8031250569086903,0.015937027521431446,0.06171480895136483,0.09032563678920269,0.4365585595369339
2068,2068,3.2518441677093506,3.2203783988952637,2e-07,2.8280553277462612,0.015946799889206886,0.061124177067540586,0.09018488868605345,0.4361160025000572
2069,2069,3.264472723007202,3.2233753204345703,2e-07,2.848900647417771,0.015945481602102518,0.06184085761196911,0.09022010571788996,0.43472597748041153
2070,2070,3.2220332622528076,3.3090133666992188,2e-07,2.867362645073643,0.015930790919810534,0.06144202229916118,0.09036285465117544,0.4364040791988373
2071,2071,3.2413759231567383,3.263885259628296,2e-07,2.883277837958673,0.015937783289700747,0.061399812722811475,0.09044860361609608,0.4360641688108444
2072,2072,3.2326126098632812,3.2693097591400146,2e-07,2.9012458742925857,0.01594618149101734,0.060963051655562595,0.09029060916509479,0.4329601600766182
2073,2073,3.1642022132873535,3.250180721282959,2e-07,2.917641291764454,0.015943921636790037,0.06152787749306299,0.09041786415036768,0.43663253635168076
2074,2074,3.214811086654663,3.226151704788208,2e-07,2.9321385737491124,0.015934790950268507,0.06183116915053688,0.09041614586021751,0.43818792700767517
2075,2075,3.223851203918457,3.2827093601226807,2e-07,2.9453548729269565,0.01595038641244173,0.06125996357877739,0.09036757901776582,0.4337014704942703
2076,2076,3.2460803985595703,3.2218728065490723,2e-07,2.9554789255320437,0.01593938283622265,0.061273248749785125,0.09048683871515095,0.4379638731479645
2077,2077,3.2539780139923096,3.2355802059173584,2e-07,2.964838443352878,0.0159448916092515,0.06165221516857855,0.09015059284865856,0.4390096440911293
2078,2078,3.2497808933258057,3.2486870288848877,2e-07,2.9741505632098497,0.015937259420752525,0.06142333793104626,0.09045182261615992,0.43662723898887634
2079,2079,3.254812002182007,3.2096266746520996,2e-07,2.982082188891556,0.015954318922013044,0.06116323030437343,0.09029830037616193,0.43442098796367645
2080,2080,3.244788885116577,3.2914676666259766,2e-07,2.988931902712803,0.015941891819238663,0.06153053863090463,0.09055739047471434,0.4377870038151741
2081,2081,3.245453357696533,3.211644411087036,2e-07,2.995954439363545,0.015932465437799692,0.06096682642237283,0.09043964347802103,0.43523572385311127
2082,2082,3.217289924621582,3.2805309295654297,2e-07,3.003487027163634,0.015938870143145323,0.06160319078480825,0.0903869227040559,0.43848421424627304
2083,2083,3.215904474258423,3.2006123065948486,2e-07,3.00950636107626,0.015941679012030363,0.06114164998871274,0.09036807855591178,0.4382288232445717
2084,2084,3.2370879650115967,3.2559306621551514,2e-07,3.014954818410929,0.015938961412757635,0.06124081328744069,0.09032918722368777,0.43908608704805374
2085,2085,3.2301101684570312,3.285144805908203,2e-07,3.0197335658548705,0.015941567718982697,0.060476085607660934,0.09039683465380222,0.4311359077692032
2086,2086,3.250450611114502,3.260613441467285,2e-07,3.024131621333971,0.015932711772620678,0.06125078836339526,0.09025174251291901,0.4378938600420952
2087,2087,3.2975311279296875,3.2513411045074463,2e-07,3.0273336114793237,0.015942664351314306,0.06071103483554907,0.09043414972256869,0.43340639770030975
2088,2088,3.2434325218200684,3.285233974456787,2e-07,3.030867058466534,0.01593875139951706,0.06158701816457324,0.0904150519054383,0.43902039527893066
2089,2089,3.2687699794769287,3.2761006355285645,2e-07,3.033118317252281,0.015939597506076097,0.061419726349413395,0.09042993432376534,0.43787702918052673
2090,2090,3.2229979038238525,3.324575901031494,2e-07,3.0348503631982675,0.015935839153826237,0.06104358413722366,0.09036885725799948,0.4337872117757797
2091,2091,3.22786283493042,3.2985448837280273,2e-07,3.0372844192766433,0.015953942202031612,0.06160434667253867,0.09043695463333279,0.43679891526699066
2092,2092,3.176506996154785,3.2648391723632812,2e-07,3.0399510195455064,0.0159480981528759,0.06140800641151145,0.0903024539584294,0.43806780129671097
2093,2093,3.262556791305542,3.2410080432891846,2e-07,3.0412771194486337,0.015939063392579556,0.06104305465123616,0.09032428450882435,0.43511757999658585
2094,2094,3.2446770668029785,3.2357311248779297,2e-07,3.0429023338551007,0.015948884189128876,0.06122377314022742,0.09041423781309277,0.43367118388414383
2095,2095,3.276350259780884,3.3028454780578613,2e-07,3.0428509844614227,0.015935333911329508,0.06148634760756977,0.0904278663219884,0.4382992908358574
2096,2096,3.2906150817871094,3.264793634414673,2e-07,3.043166690959331,0.01593181863427162,0.06137736749951728,0.09036824596114457,0.4369520992040634
2097,2097,3.252892255783081,3.2152535915374756,2e-07,3.0439621790024174,0.015934783034026623,0.06207189155975357,0.09054139570798725,0.4412771239876747
2098,2098,3.338167667388916,3.322575569152832,2e-07,3.0429762778145992,0.015934304799884558,0.0613276106887497,0.09047500183805823,0.43710964173078537
2099,2099,3.2632980346679688,3.278611898422241,2e-07,3.0426109421648384,0.015956631861627102,0.06116728557390161,0.09045401739422232,0.4382392019033432
2100,2100,3.2347373962402344,3.2115516662597656,2e-07,3.0432251661132614,0.01594229368492961,0.06110079423524439,0.09034219686873257,0.4375360459089279
2101,2101,3.2109973430633545,3.239731550216675,2e-07,3.0425064250161236,0.015946892090141773,0.06141130658215843,0.09046125633176416,0.4389612302184105
2102,2102,3.193277597427368,3.2826170921325684,2e-07,3.0427845345966884,0.01594844227656722,0.0617100769886747,0.09038437611889094,0.4378594681620598
2103,2103,3.2491400241851807,3.26318097114563,2e-07,3.042443024056326,0.015938776079565287,0.0612380197562743,0.0903644107747823,0.43766628950834274
2104,2104,3.2135400772094727,3.2894320487976074,2e-07,3.042500197056304,0.01594390720129013,0.06113982360693626,0.09039619215764105,0.43500715494155884
2105,2105,3.2520499229431152,3.214168071746826,2e-07,3.0435405405112927,0.01594330510124564,0.060924345802050084,0.09046971565112472,0.43451789766550064
2106,2106,3.220207929611206,3.262403964996338,2e-07,3.044545910130234,0.015959514304995537,0.060913852910744026,0.09044789848849177,0.4343468174338341
2107,2107,3.196291446685791,3.279207706451416,2e-07,3.046077736592802,0.0159268444404006,0.06193563688430004,0.09043451037723571,0.4388241022825241
2108,2108,3.2915515899658203,3.26060152053833,2e-07,3.0463085170796362,0.01592782512307167,0.060786903399275616,0.09041967103257775,0.43650925904512405
2109,2109,3.2807719707489014,3.2603235244750977,2e-07,3.047785342691577,0.015932715497910976,0.061046968563459814,0.09045063867233694,0.43574950844049454
2110,2110,3.2536840438842773,3.212085008621216,2e-07,3.048664287808524,0.01593685196712613,0.06144621083512902,0.09029650734737515,0.4378181919455528
2111,2111,3.2176339626312256,3.207726240158081,2e-07,3.049458026245004,0.015949834138154984,0.061156081763328984,0.09047263348475099,0.4339607134461403
2112,2112,3.268134117126465,3.358815908432007,2e-07,3.0497818076944494,0.01594548998400569,0.06131811992963776,0.09034170513041317,0.43403757363557816
2113,2113,3.309821844100952,3.2103185653686523,2e-07,3.0501141015727327,0.015937546268105507,0.06158187455730513,0.09026478440500796,0.43562913686037064
2114,2114,3.256071090698242,3.1862032413482666,2e-07,3.0496774733376872,0.01594259822741151,0.06151603924809024,0.09036689030472189,0.43917366117239
2115,2115,3.2806549072265625,3.258500814437866,2e-07,3.048114745945024,0.015952191315591335,0.06157343817176297,0.09037708526011556,0.43963075429201126
2116,2116,3.2396812438964844,3.2597947120666504,2e-07,3.046789749593026,0.01595179596915841,0.061174231581389904,0.09037473367061466,0.4357766956090927
2117,2117,3.20759654045105,3.2189669609069824,2e-07,3.0459985592837704,0.01593430247157812,0.06180481702904217,0.09046770702116191,0.4398607090115547
2118,2118,3.215440273284912,3.186990261077881,2e-07,3.0465342967678897,0.015938888303935528,0.06142635075957514,0.0903381552780047,0.43677375465631485
2119,2119,3.2299487590789795,3.279660224914551,2e-07,3.0476069009431153,0.015938261058181524,0.06201029193471186,0.09036878193728626,0.44098081439733505
2120,2120,3.2417285442352295,3.296151638031006,2e-07,3.0480749153005418,0.01593541633337736,0.061264347546966746,0.09041663946118206,0.43706511706113815
2121,2121,3.2872085571289062,3.217452049255371,2e-07,3.046808894530624,0.0159370768815279,0.0612283794907853,0.09038304269779474,0.4386705383658409
2122,2122,3.2467598915100098,3.1956217288970947,2e-07,3.0457529965568457,0.01593155600130558,0.0606947049673181,0.09040213085245341,0.43328262865543365
2123,2123,3.2332100868225098,3.2289373874664307,2e-07,3.0456444307729367,0.015945961233228445,0.061776666072546504,0.09042080666404217,0.44112662971019745
2124,2124,3.2224698066711426,3.218590021133423,2e-07,3.0462738525886044,0.015951513778418303,0.0614263690658845,0.09037592215463519,0.4367048963904381
2125,2125,3.226872682571411,3.245274066925049,2e-07,3.045749603172859,0.015926559921354055,0.061806939396774396,0.09032324468716979,0.43990393728017807
2126,2126,3.2476437091827393,3.2336461544036865,2e-07,3.0459049617568046,0.015949363354593515,0.06077426744741388,0.0903779121581465,0.43616796284914017
2127,2127,3.2587358951568604,3.2384743690490723,2e-07,3.046056806824995,0.015951342415064573,0.06125900745973922,0.09038181486539543,0.43711065500974655
2128,2128,3.2513880729675293,3.3389008045196533,2e-07,3.04601723471219,0.015943618956953287,0.06028771752608009,0.0903938963310793,0.4349697679281235
2129,2129,3.233337163925171,3.2269034385681152,2e-07,3.046892342395497,0.015934070572257042,0.06119679971016012,0.09040460037067533,0.4377036467194557
2130,2130,3.231411933898926,3.210052490234375,2e-07,2.938490290984391,0.015949897468090057,0.061514507280662656,0.09032406681217253,0.43788427859544754
2131,2131,3.2440671920776367,3.281041145324707,2e-07,2.9536223529466965,0.01593179628252983,0.06082308563054539,0.09048102563247085,0.43740690499544144
2132,2132,3.269529104232788,3.1793429851531982,2e-07,2.9659373035034684,0.01593641610816121,0.06097651328309439,0.09046264225617051,0.43714261800050735
2133,2133,3.3076882362365723,3.2102444171905518,2e-07,2.9739310324023105,0.01595576060935855,0.06129483671975322,0.09043761494103819,0.43650728464126587
2134,2134,3.231489896774292,3.2750601768493652,2e-07,2.9870634115710883,0.015941244084388018,0.06052973598707467,0.09041896264534444,0.43522901087999344
2135,2135,3.235309362411499,3.227532148361206,2e-07,2.9865607684797197,0.015944742131978273,0.060966697143157944,0.09038798196706921,0.4342258796095848
2136,2136,3.2225167751312256,3.2141361236572266,2e-07,2.9844249812116583,0.01593500142917037,0.0608990672044456,0.09037110616918653,0.4361802935600281
2137,2137,3.2330474853515625,3.196197748184204,2e-07,2.9920955519675174,0.015946109779179096,0.06141091475728899,0.09046484529972076,0.43457571417093277
2138,2138,3.1898045539855957,3.293846845626831,2e-07,2.9951985520217614,0.015948173124343157,0.06168153462931514,0.09039338561706245,0.43866976350545883
2139,2139,3.2543861865997314,3.267108201980591,2e-07,2.998432961941572,0.015940413810312748,0.061591915029566735,0.09039428422693163,0.43741022795438766
2140,2140,3.2089738845825195,3.2269551753997803,2e-07,3.001980120520929,0.01594027876853943,0.06027487860410474,0.09037963766604662,0.43146446347236633
2141,2141,3.2476143836975098,3.227961778640747,2e-07,3.006216176238946,0.015932391863316298,0.061401071172440425,0.09044117934536189,0.43926340341567993
2142,2142,3.221524715423584,3.2305140495300293,2e-07,3.0081445947875656,0.015951733104884624,0.06055899409693666,0.09032523352652788,0.43186499178409576
2143,2143,3.227693557739258,3.2385995388031006,2e-07,3.012816362962475,0.015951655339449644,0.0611199154809583,0.09042130073066801,0.43382010608911514
2144,2144,3.1963541507720947,3.334994316101074,2e-07,3.012762656235049,0.015943330246955156,0.06058748919167556,0.09044537122827023,0.43618224561214447
2145,2145,3.1989593505859375,3.3088808059692383,2e-07,3.0126588579207225,0.01593706989660859,0.06153948180144653,0.09049539803527296,0.43918927013874054
2146,2146,3.267061233520508,3.217792272567749,2e-07,3.0133378727485587,0.01594335353001952,0.06122099069762044,0.09042225882876664,0.4384670630097389
2147,2147,3.2645890712738037,3.2657480239868164,2e-07,3.0145106762146034,0.01594164175912738,0.06131974680465646,0.09039622789714485,0.43788379430770874
2148,2148,3.2450194358825684,3.2545571327209473,2e-07,3.0166998508789407,0.01594246458262205,0.060635932808509097,0.09042547305580229,0.434390053153038
2149,2149,3.2500061988830566,3.2210755348205566,2e-07,3.0195666220633632,0.015944938641041517,0.061029028380289674,0.09034125343896449,0.4329840689897537
2150,2150,3.2167704105377197,3.280726194381714,2e-07,3.020198844177683,0.01593950530514121,0.06145965226460248,0.09041332954075187,0.43947411328554153
2151,2151,3.207796573638916,3.3123703002929688,2e-07,3.021478744721939,0.015941140241920948,0.061150503519456834,0.09041497437283397,0.4370674043893814
2152,2152,3.2074337005615234,3.286442279815674,2e-07,3.022915421356441,0.015927656553685665,0.06132200753199868,0.09046027937438339,0.4390323534607887
2153,2153,3.2559125423431396,3.2364661693573,2e-07,3.025241367928124,0.015947222243994474,0.06120218534488231,0.09043433191254735,0.43977706134319305
2154,2154,3.202486515045166,3.2450952529907227,2e-07,3.0252620005302786,0.01594007108360529,0.06097779719857499,0.09049496136140078,0.4359407424926758
2155,2155,3.165537118911743,3.243804454803467,2e-07,3.02627992198258,0.015936909709125757,0.061287877993891016,0.09049305552616715,0.43813008815050125
2156,2156,3.180981159210205,3.183570146560669,2e-07,3.028266081592785,0.015953958500176668,0.06114488604362123,0.09031332738231868,0.4351319149136543
2157,2157,3.255526304244995,3.2024993896484375,2e-07,3.0277066800267023,0.01593896374106407,0.06113063363591209,0.09037609410006553,0.43896012008190155
2158,2158,3.2346253395080566,3.236548662185669,2e-07,3.02578589858259,0.01594881573691964,0.061613448458956555,0.09031958226114511,0.438271626830101
2159,2159,3.195260524749756,3.245312213897705,2e-07,3.026891986005778,0.01595551474019885,0.061153252463554963,0.0904403094900772,0.4377996027469635
2160,2160,3.2520148754119873,3.190504550933838,2e-07,3.027689928089568,0.015954938251525164,0.06122975959442556,0.09044383466243744,0.4349582567811012
2161,2161,3.221282482147217,3.220322608947754,2e-07,3.0285034977944516,0.015942243859171867,0.06134139024652541,0.0904362922301516,0.4397842586040497
2162,2162,3.238330841064453,3.23132061958313,2e-07,3.0302873223133346,0.015943406149744987,0.06093598046572879,0.09062837529927492,0.43634240329265594
2163,2163,3.229140281677246,3.2691686153411865,2e-07,3.029560628490432,0.015956828370690346,0.06115494450205006,0.09037896210793406,0.43839265406131744
2164,2164,3.220106363296509,3.2230403423309326,2e-07,3.02857963274899,0.015936701092869043,0.06102428663871251,0.09044825693126768,0.43546730279922485
2165,2165,3.2160794734954834,3.2663114070892334,2e-07,3.028135486763478,0.015953800175338984,0.06077891690074466,0.09040908422321081,0.43349266052246094
2166,2166,3.2402656078338623,3.217923879623413,2e-07,3.026193959603747,0.015955801121890545,0.06093956856057048,0.09045775909908116,0.4366396814584732
2167,2167,3.2608320713043213,3.2282981872558594,2e-07,3.0283275922104353,0.015932841692119837,0.06131705432198942,0.09044061752501875,0.4376494139432907
2168,2168,3.253554105758667,3.2522315979003906,2e-07,3.0278540655587336,0.015942303463816643,0.06114972257637419,0.0905414727749303,0.43797457218170166
2169,2169,3.2907307147979736,3.2100019454956055,2e-07,3.026945379340939,0.015941003803163767,0.06166123351431452,0.09049840166699141,0.43950478732585907
2170,2170,3.2419328689575195,3.1774895191192627,2e-07,3.02653447710138,0.015942749567329884,0.06088343114242889,0.0903243642533198,0.4360562935471535
2171,2171,3.1552047729492188,3.373162269592285,2e-07,3.024852047033675,0.015938349068164825,0.0611238285782747,0.09055112930946052,0.4367639571428299
2172,2172,3.277674913406372,3.242729663848877,2e-07,3.026898262429114,0.015950666274875402,0.06147168038296513,0.09048876911401749,0.44365499168634415
2173,2173,3.2814440727233887,3.2440133094787598,2e-07,3.0265078454983225,0.01592591078951955,0.06099562454619445,0.09045157895889133,0.4371994137763977
2174,2174,3.25297212600708,3.2667746543884277,2e-07,3.025880669403635,0.015946379862725735,0.06071902919211425,0.09050814888905734,0.4380752891302109
2175,2175,3.236311435699463,3.2114033699035645,2e-07,3.0256261935947846,0.015945278108119965,0.06045444612391293,0.0903898811666295,0.43631698191165924
2176,2176,3.249250888824463,3.2649431228637695,2e-07,3.0239076020854165,0.01593884639441967,0.060890756954904646,0.09046082105487585,0.4367194399237633
2177,2177,3.21323823928833,3.209669589996338,2e-07,3.022362822604448,0.01594493817538023,0.06121380484546535,0.09042912488803267,0.43822501599788666
2178,2178,3.196963310241699,3.2476444244384766,2e-07,3.0218990830216996,0.015958661679178476,0.06074693289701827,0.0904970292467624,0.4373139962553978
2179,2179,3.2167298793792725,3.324185371398926,2e-07,3.0221986540190557,0.015951780136674643,0.061325464077526703,0.09043591748923063,0.43919649720191956
2180,2180,3.215951919555664,3.1785671710968018,2e-07,3.0207102434041997,0.01593608222901821,0.060867227119160816,0.0905780775938183,0.43722084164619446
2181,2181,3.175058603286743,3.2419686317443848,2e-07,3.0196571523492333,0.015952601097524166,0.06085588946007192,0.0904224228579551,0.4358113706111908
2182,2182,3.191288471221924,3.221944808959961,2e-07,3.0183279535749152,0.015947237145155668,0.06071382827940397,0.09059955272823572,0.43522944301366806
2183,2183,3.26292085647583,3.230520009994507,2e-07,3.0172285644207064,0.01593737956136465,0.06085418749717064,0.09053728508297354,0.43559861928224564
2184,2184,3.1858105659484863,3.2884349822998047,2e-07,3.017511603593457,0.015937245450913906,0.060635445144725963,0.090518067474477,0.4367235526442528
2185,2185,3.307800054550171,3.2975594997406006,2e-07,3.018172287238512,0.015935999806970358,0.06166403312818147,0.09033173241186887,0.44032422453165054
2186,2186,3.1528496742248535,3.264397144317627,2e-07,3.0171515741597634,0.015943461563438177,0.06069289744482376,0.09037523821461946,0.43704941123723984
2187,2187,3.192291259765625,3.183744192123413,2e-07,3.0162511544740727,0.015962418634444475,0.06100425039767288,0.09035934810526669,0.4365275800228119
2188,2188,3.254171371459961,3.211869478225708,2e-07,3.0164044766332117,0.01595230307430029,0.060899747972143814,0.09040437068324536,0.43663445860147476
2189,2189,3.1693994998931885,3.295309543609619,2e-07,3.017236398763767,0.015940140932798386,0.061066418333211914,0.09048351633828133,0.43825989961624146
2190,2190,3.2734696865081787,3.1500303745269775,2e-07,3.016245514615781,0.015946143306791782,0.06112850538920611,0.09056586353108287,0.4376920461654663
2191,2191,3.1878275871276855,3.2567248344421387,2e-07,2.798752559259023,0.015947286039590836,0.06099416271899827,0.09044432081282139,0.43888066709041595
2192,2192,3.242382764816284,3.1944150924682617,2e-07,2.8209422498302232,0.01594492280855775,0.060250206384807825,0.09051671857014298,0.43360770493745804
2193,2193,3.1677064895629883,3.239354133605957,2e-07,2.8429897434260196,0.015958869829773903,0.06105759076308459,0.09050630312412977,0.43902622908353806
2194,2194,3.2570841312408447,3.2528929710388184,2e-07,2.861544613360808,0.015950480476021767,0.060513962351251394,0.09058422362431884,0.4373607635498047
2195,2195,3.2273788452148438,3.259742498397827,2e-07,2.8787825928751127,0.015941168647259474,0.06092988754971884,0.09052705869544297,0.43688079714775085
2196,2196,3.2125229835510254,3.1984634399414062,2e-07,2.8970854872120104,0.015951092820614576,0.06075982717447914,0.09057830006349832,0.4386131688952446
2197,2197,3.23716139793396,3.314390182495117,2e-07,2.913576972456972,0.01594590302556753,0.06134803232271224,0.09046870842576027,0.4385780543088913
2198,2198,3.239999532699585,3.2648439407348633,2e-07,2.923400223660722,0.01595979416742921,0.06033352413214743,0.0904194115428254,0.43710244446992874
2199,2199,3.2442502975463867,3.2361178398132324,2e-07,2.9344817742602025,0.015949051827192307,0.06072347250301391,0.09048709750641137,0.43613405525684357
2200,2200,3.2427752017974854,3.214935779571533,2e-07,2.9457953094033136,0.015942716971039772,0.06119341214071028,0.09042411437258124,0.4365612491965294
2201,2201,3.2516748905181885,3.2202701568603516,2e-07,2.9539140178940437,0.015942248981446028,0.060841521190013736,0.09040501283016056,0.43762437254190445
2202,2202,3.2581827640533447,3.2671077251434326,2e-07,2.962695607185697,0.015945764258503914,0.06018023466458544,0.09041631000582129,0.43619442731142044
2203,2203,3.2031517028808594,3.2378885746002197,2e-07,2.969037981014248,0.015940408688038588,0.06083282607141882,0.09050041728187352,0.43800440430641174
2204,2204,3.252202272415161,3.2339892387390137,2e-07,2.976913933067696,0.015945373568683863,0.061041222157655284,0.0904751414200291,0.4357643648982048
2205,2205,3.2239699363708496,3.2405431270599365,2e-07,2.983633278892454,0.015934547409415245,0.06021578493528068,0.09044961293693632,0.4326236844062805
2206,2206,3.1493208408355713,3.2285099029541016,2e-07,2.9869534427821653,0.015943376813083887,0.06090980471344665,0.09047240507788956,0.4377584680914879
2207,2207,3.195183515548706,3.3064441680908203,2e-07,2.992764841232582,0.015952316112816334,0.06046462111407891,0.09057855710852891,0.436218298971653
2208,2208,3.2072885036468506,3.253312587738037,2e-07,2.9956386401046977,0.015939461067318916,0.06081194829312153,0.09047676052432507,0.43674128502607346
2209,2209,3.21376895904541,3.2399892807006836,2e-07,2.9977661231912887,0.01593910390511155,0.060966648801695555,0.09052796813193709,0.44017237424850464
2210,2210,3.2297840118408203,3.229182243347168,2e-07,3.000591566320796,0.01594532188028097,0.06172957390663214,0.09040207730140537,0.4423768222332001
2211,2211,3.173779249191284,3.230738401412964,2e-07,3.001450013435432,0.01594343828037381,0.06115632934961468,0.09058702981565148,0.4389217793941498
2212,2212,3.2501635551452637,3.266289234161377,2e-07,3.006013292495116,0.015942951664328575,0.06107633758801967,0.09040114132221788,0.43785007297992706
2213,2213,3.178858518600464,3.223787546157837,2e-07,3.007760675724568,0.01594288507476449,0.061118344601709396,0.09050006594043225,0.4374414458870888
2214,2214,3.1492278575897217,3.2757723331451416,2e-07,3.0085359301159422,0.01594579080119729,0.06129268475342542,0.09051040268968791,0.4404679611325264
2215,2215,3.241121530532837,3.267551898956299,2e-07,3.010372009728442,0.0159456143155694,0.06070413888664916,0.0905064616817981,0.4372650682926178
2216,2216,3.2488996982574463,3.251997470855713,2e-07,3.013736883874811,0.015945411752909422,0.06089026853442192,0.09047709393780679,0.4377591162919998
2217,2217,3.200481414794922,3.2629852294921875,2e-07,3.015084501809128,0.015945449471473694,0.06028061587130651,0.09064926067367196,0.43666649609804153
2218,2218,3.2205734252929688,3.244509220123291,2e-07,3.0145197085651563,0.01593678817152977,0.06158225532271899,0.09058795648161322,0.4411472678184509
2219,2219,3.266709327697754,3.217996835708618,2e-07,3.016493945844712,0.015963698271661997,0.06122965965187177,0.09056032623630017,0.4361772760748863
2220,2220,3.1481659412384033,3.230257987976074,2e-07,3.019500085782546,0.01595623604953289,0.060832828225102276,0.09044890594668686,0.43651410192251205
2221,2221,3.1950430870056152,3.180330514907837,2e-07,3.0202845661850066,0.015966512262821198,0.06026551520335488,0.09045523963868618,0.43566470593214035
2222,2222,3.219369649887085,3.198990821838379,2e-07,3.021551263219685,0.015957314521074295,0.06074267203803174,0.09047760476823896,0.43803828209638596
2223,2223,3.168492317199707,3.2124273777008057,2e-07,3.0230370422968122,0.015949380584061146,0.060909181484021246,0.09043196530546993,0.4359116405248642
2224,2224,3.241959810256958,3.192026376724243,2e-07,3.024447867050183,0.015954740811139345,0.06120254215784371,0.09040172037202865,0.4388245418667793
2225,2225,3.228675603866577,3.2176806926727295,2e-07,3.0261774023136514,0.015947549138218164,0.06062557638506405,0.09046402352396399,0.4340265691280365
2226,2226,3.2204134464263916,3.2020621299743652,2e-07,3.0262579015133477,0.01595256244763732,0.060846093809232116,0.0906593311810866,0.4410516545176506
2227,2227,3.2095296382904053,3.264530897140503,2e-07,3.028449947877133,0.01595623791217804,0.06065551965730265,0.09075642353855073,0.43688230216503143
2228,2228,3.230975389480591,3.1788854598999023,2e-07,3.0281826428527574,0.01595456153154373,0.060741425928426906,0.09051226393785328,0.43635086715221405
2229,2229,3.2276813983917236,3.209571361541748,2e-07,3.030520732829084,0.01595236174762249,0.06117706498480402,0.09039643127471209,0.4400130361318588
2230,2230,3.243891477584839,3.2440593242645264,2e-07,3.0304294099523417,0.015950853005051613,0.060761746688513085,0.09057811403181404,0.4389191344380379
2231,2231,3.1997878551483154,3.2181646823883057,2e-07,3.0307683176979787,0.015955401584506035,0.061242146126460284,0.09043541620485485,0.440566822886467
2232,2232,3.2259275913238525,3.2097599506378174,2e-07,3.0300974102321305,0.015959227457642555,0.06095966196153313,0.09059328772127628,0.43733392655849457
2233,2233,3.1666934490203857,3.1940128803253174,2e-07,3.031732523244815,0.015953170135617256,0.06112291262252256,0.09043210034724325,0.43789294362068176
2234,2234,3.156116485595703,3.2458674907684326,2e-07,3.0312463077013763,0.015951285604387522,0.06088600982911885,0.09054850530810654,0.4378627762198448
2235,2235,3.193838119506836,3.276319742202759,2e-07,3.0316094800603612,0.01595369353890419,0.06055465369718149,0.09054746327456087,0.43746962398290634
2236,2236,3.26242733001709,3.204040050506592,2e-07,3.03178537257957,0.01595637621358037,0.060145155468489975,0.09041974402498454,0.43244361877441406
2237,2237,3.2196877002716064,3.262842893600464,2e-07,3.033462099286144,0.01595220435410738,0.0602755963918753,0.09048044006340206,0.43574581295251846
2238,2238,3.2121896743774414,3.1895227432250977,2e-07,3.0325625985216993,0.015955690760165453,0.060726050374796614,0.0905335022835061,0.43434450030326843
2239,2239,3.233961820602417,3.178231954574585,2e-07,3.0327782439226554,0.015957550145685673,0.06125113333109766,0.09042533172760159,0.4384659081697464
2240,2240,3.2005457878112793,3.2392587661743164,2e-07,3.0342982094062703,0.015938356518745422,0.0612641443440225,0.09060276672244072,0.4390164464712143
2241,2241,3.200333595275879,3.254443407058716,2e-07,3.033582444814396,0.01595177361741662,0.06059543587616645,0.09068332111928612,0.436607301235199
2242,2242,3.209446668624878,3.2220537662506104,2e-07,3.033289289937904,0.015946217346936464,0.06103928902302869,0.09068212646525353,0.44142209738492966
2243,2243,3.1949667930603027,3.232787847518921,2e-07,3.0334468391866176,0.01593491854146123,0.061277220549527556,0.0905709583312273,0.4392443224787712
2244,2244,3.2377548217773438,3.252021074295044,2e-07,3.0337709140411833,0.01595435058698058,0.061157338466728106,0.09043027355801314,0.43829410523176193
2245,2245,3.1904311180114746,3.188246488571167,2e-07,3.033938606835926,0.01595616200938821,0.06083165411837399,0.09055699349846691,0.436589352786541
2246,2246,3.1328132152557373,3.217498779296875,2e-07,3.0339464557052773,0.015945793595165014,0.061014763079583645,0.09058175166137516,0.43778955191373825
2247,2247,3.2911436557769775,3.241136312484741,2e-07,3.035236052175433,0.015955645125359297,0.05977257792255841,0.09055787837132812,0.43692926317453384
2248,2248,3.20292329788208,3.2248306274414062,2e-07,3.035057890962435,0.015942735597491264,0.06056911306222901,0.0905308440560475,0.4369966760277748
2249,2249,3.191753625869751,3.257213830947876,2e-07,3.034259567631697,0.01594641851261258,0.061007409036392346,0.0904345705639571,0.43511517345905304
2250,2250,3.2052507400512695,3.281764268875122,2e-07,3.0353890452209,0.015947881154716015,0.0606142551114317,0.09047361428383738,0.43436848372220993
2251,2251,3.2085788249969482,3.195661783218384,2e-07,3.034539813322904,0.015960844233632088,0.060147265321575105,0.09045942954253405,0.43532761186361313
2252,2252,3.2125465869903564,3.2791249752044678,2e-07,3.035413949852379,0.01594368228688836,0.060234202741412446,0.09054531250149012,0.43560466170310974
2253,2253,3.2352497577667236,3.216019868850708,2e-07,3.0353663201292025,0.01596300955861807,0.060675981716485694,0.09051891486160457,0.43809328228235245
2254,2254,3.2304913997650146,3.1854536533355713,2e-07,3.0356198676825064,0.01594862574711442,0.06036680084071122,0.09052161104045808,0.43607497215270996
2255,2255,3.2265498638153076,3.25244140625,2e-07,3.0344822228251744,0.015946633648127317,0.06061362859327346,0.09058553131762892,0.4364866837859154
2256,2256,3.1997082233428955,3.206821918487549,2e-07,3.0354880671347666,0.015941957477480173,0.06145138354622759,0.0905225946335122,0.4391811415553093
2257,2257,3.2036986351013184,3.212007761001587,2e-07,3.0357460350664915,0.015944902785122395,0.06059025804279372,0.09056479658465832,0.43828027695417404
2258,2258,3.1770293712615967,3.251281499862671,2e-07,3.0355095956655225,0.01593788620084524,0.061087859707186,0.09057033224962652,0.43930304795503616
2259,2259,3.2451858520507812,3.241605043411255,2e-07,3.0347010352261563,0.015951460227370262,0.061092955991625786,0.09051620925310999,0.4391287639737129
2260,2260,3.187615156173706,3.2027578353881836,2e-07,3.034775053208869,0.01593104051426053,0.060867119347676635,0.09067560115363449,0.4375418648123741
2261,2261,3.200439214706421,3.221696615219116,2e-07,3.034936463955873,0.0159540893509984,0.06060167038231157,0.09057395998388529,0.43584903329610825
2262,2262,3.1986160278320312,3.199439525604248,2e-07,3.034810103358126,0.015947716776281595,0.06081162655027583,0.0907241947716102,0.4391687512397766
2263,2263,3.2331113815307617,3.230185031890869,2e-07,3.032182234517499,0.015958277508616447,0.060692901781294495,0.09060388966463506,0.43742062896490097
2264,2264,3.230787515640259,3.161181926727295,2e-07,3.031689931187572,0.015949639957398176,0.060276550153503194,0.09051972115412354,0.43504537642002106
2265,2265,3.186328649520874,3.242800712585449,2e-07,3.031345099587736,0.015948284417390823,0.060918191040400416,0.09058394562453032,0.44282282143831253
2266,2266,3.223524332046509,3.2417263984680176,2e-07,3.0303674389675503,0.015952598303556442,0.060890199412824586,0.09056686249095947,0.4402594342827797
2267,2267,3.1543374061584473,3.2094883918762207,2e-07,3.0281369722726907,0.015952483285218477,0.0612067612237297,0.0905109663726762,0.44053178280591965
2268,2268,3.1575074195861816,3.1631016731262207,2e-07,3.0287289570728286,0.015950326807796955,0.060910537984455004,0.09060606034472585,0.4406673014163971
2269,2269,3.156217098236084,3.3029427528381348,2e-07,3.0294770746255155,0.01595109747722745,0.06104776103165932,0.09055646706838161,0.4419650584459305
2270,2270,3.184060573577881,3.1858742237091064,2e-07,3.030894792301919,0.01593994488939643,0.06047159485751763,0.0905028193956241,0.4384438320994377
2271,2271,3.1852476596832275,3.258513927459717,2e-07,3.031667860465117,0.015952215529978275,0.06083519209641963,0.09049337811302394,0.4374249428510666
2272,2272,3.24826717376709,3.2589428424835205,2e-07,3.031854460529532,0.015942747239023447,0.06098898651544005,0.09052483062259853,0.4390798956155777
2273,2273,3.1621007919311523,3.2634224891662598,2e-07,3.0310427133656033,0.015943605452775955,0.06101849564583972,0.09056475036777556,0.4401852935552597
2274,2274,3.211548328399658,3.193530321121216,2e-07,3.0288085103301072,0.015962257515639067,0.06085217397776432,0.09049432736355811,0.4406629055738449
2275,2275,3.262500762939453,3.173245668411255,2e-07,3.0276118056702708,0.01594888884574175,0.06099960347637534,0.09054863394703716,0.43847908079624176
2276,2276,3.2212655544281006,3.2864696979522705,2e-07,3.0285883761341474,0.015942524187266827,0.0610212912724819,0.09057740296702832,0.43693143129348755
2277,2277,3.2198355197906494,3.293440341949463,2e-07,3.02914647645738,0.015945513267070055,0.06051366188330576,0.09058457985520363,0.4394242689013481
2278,2278,3.2461965084075928,3.1944103240966797,2e-07,3.0287785732267007,0.015974754933267832,0.0602917690994218,0.0905535320052877,0.4393251985311508
2279,2279,3.269683361053467,3.215120792388916,2e-07,3.0267948756360936,0.015946936327964067,0.0602966598526109,0.09059394337236881,0.4345819056034088
2280,2280,3.2358522415161133,3.2402305603027344,2e-07,3.0256647479910037,0.015957596711814404,0.06054325614240952,0.09068837738595903,0.4387945607304573
2281,2281,3.266895055770874,3.227581024169922,2e-07,3.027002663586635,0.01593952067196369,0.060578846314456314,0.09067824005614966,0.43923015892505646
2282,2282,3.1901798248291016,3.3296380043029785,2e-07,3.0273285163203396,0.01594714168459177,0.06122864983626641,0.09062540461309254,0.44232065230607986
2283,2283,3.177401304244995,3.2388668060302734,2e-07,3.02741389035373,0.015976299066096544,0.060357649286743253,0.09070658101700246,0.4341093599796295
2284,2284,3.2005059719085693,3.234299421310425,2e-07,3.025624626513493,0.015940755605697632,0.06088819692377001,0.09060230001341552,0.4376484155654907
2285,2285,3.1405866146087646,3.2101244926452637,2e-07,3.0261001712009916,0.015944374725222588,0.06089042261010036,0.09059387841261923,0.43747448921203613
2286,2286,3.283857822418213,3.1781318187713623,2e-07,3.0258013946865505,0.015954584814608097,0.060321637749439105,0.09061589324846864,0.43911758810281754
2287,2287,3.205746650695801,3.179825782775879,2e-07,3.0264899469621613,0.015949908178299665,0.06089313680422492,0.09049594367388636,0.43815233558416367
2288,2288,3.2296807765960693,3.2366251945495605,2e-07,3.0263804550667306,0.015966104343533516,0.060559234756510705,0.09054223273415118,0.44097425043582916
2289,2289,3.186368703842163,3.138690948486328,2e-07,3.0248998729449594,0.015948385000228882,0.06014480206067674,0.09042341483291239,0.43666479736566544
2290,2290,3.1806273460388184,3.2627639770507812,2e-07,2.8078507919790994,0.01596395391970873,0.060331471933750436,0.09061471419408917,0.43868716061115265
2291,2291,3.229860305786133,3.1854357719421387,2e-07,2.8306230887069566,0.015942759346216917,0.06079985105316155,0.0905238427221775,0.4409908801317215
2292,2292,3.211866855621338,3.2869884967803955,2e-07,2.8499890686691183,0.015950646717101336,0.060474962170701474,0.09059796202927828,0.4352537617087364
2293,2293,3.2343344688415527,3.1459240913391113,2e-07,2.8681543741325433,0.015930804423987865,0.06103019302827306,0.09059451788198203,0.44087377190589905
2294,2294,3.207490921020508,3.1804914474487305,2e-07,2.883904115898734,0.01596078649163246,0.06111307296669111,0.0904840586008504,0.437716081738472
2295,2295,3.1844682693481445,3.20661997795105,2e-07,2.896645729673265,0.015954863280057907,0.06045341253047809,0.09055456821806729,0.4366319254040718
2296,2296,3.19366192817688,3.2109732627868652,2e-07,2.9084808199915537,0.01596798887476325,0.06099673605058342,0.09059981431346387,0.44006138294935226
2297,2297,3.217106819152832,3.229048252105713,2e-07,2.920183432524999,0.015957040712237358,0.06031068033189513,0.09047117247246206,0.43785134702920914
2298,2298,3.1645359992980957,3.227654218673706,2e-07,2.9292690725693085,0.015963558107614517,0.06019671724061482,0.0906257841270417,0.4368567019701004
2299,2299,3.204876184463501,3.224289894104004,2e-07,2.9408189004126997,0.0159609355032444,0.06021924316883087,0.0905474330065772,0.4336131811141968
2300,2300,3.192014455795288,3.2067997455596924,2e-07,2.949102160813332,0.015941886696964502,0.06045705048018135,0.09067288343794644,0.4392838552594185
2301,2301,3.2607598304748535,3.2389347553253174,2e-07,2.955842055972165,0.01596188172698021,0.06044239641050808,0.09058532991912216,0.4385049566626549
2302,2302,3.2665743827819824,3.214371919631958,2e-07,2.963707236488027,0.015944508370012045,0.061245917313499376,0.09057948749978095,0.43988796323537827
2303,2303,3.158470869064331,3.2088184356689453,2e-07,2.9662981146332656,0.015944527927786112,0.06116952671436593,0.09054912975989282,0.44294390082359314
2304,2304,3.175218105316162,3.245196580886841,2e-07,2.969277352422199,0.01594516122713685,0.061235422821482643,0.0906828542938456,0.4405512586236
2305,2305,3.2226710319519043,3.2842984199523926,2e-07,2.975010956896841,0.015949788969010115,0.0609574013215024,0.09051582799293101,0.44052550941705704
2306,2306,3.2169930934906006,3.17563533782959,2e-07,2.9783896958395903,0.01594321709126234,0.06046142301056534,0.09063705999869853,0.4406664967536926
2307,2307,3.225722074508667,3.185974359512329,2e-07,2.9813797828874513,0.015965308994054794,0.06084422761341557,0.09043071791529655,0.44100310653448105
2308,2308,3.188814163208008,3.197544574737549,2e-07,2.9843353549709684,0.015941999852657318,0.060636768059339374,0.0906268748221919,0.4395783916115761
2309,2309,3.2212448120117188,3.2944812774658203,2e-07,2.987473417401074,0.015954225789755583,0.06101602435228415,0.0905587924644351,0.4392426237463951
2310,2310,3.18009614944458,3.2297346591949463,2e-07,2.991823538226859,0.015958378091454506,0.06082333857193589,0.09061947313603014,0.4418998286128044
2311,2311,3.214107036590576,3.1839168071746826,2e-07,2.994761265896269,0.01595241716131568,0.06085792955127545,0.09059141692705452,0.4417412206530571
2312,2312,3.133112907409668,3.2270987033843994,2e-07,2.994385014370697,0.015960031654685736,0.06081256762263365,0.0905814777361229,0.4421888291835785
2313,2313,3.1486220359802246,3.207953691482544,2e-07,2.997043619065309,0.015937735326588154,0.06133563836920075,0.09052859072107822,0.4401828795671463
2314,2314,3.255340337753296,3.1721389293670654,2e-07,2.9963246457095445,0.01595307281240821,0.061049241689033806,0.09048239607363939,0.4380834028124809
2315,2315,3.2225537300109863,3.246657133102417,2e-07,2.9979945274630446,0.015954370610415936,0.06057300342945382,0.09049866744317114,0.43635380268096924
2316,2316,3.2431559562683105,3.186378240585327,2e-07,2.9979016445471203,0.015961324330419302,0.060531768278451636,0.09054337488487363,0.4385629743337631
2317,2317,3.185983180999756,3.2289721965789795,2e-07,2.9968874181854233,0.01594553980976343,0.06038151908433065,0.09059006988536566,0.437393881380558
2318,2318,3.1808743476867676,3.2430992126464844,2e-07,2.999444856316081,0.015953505411744118,0.060707589727826416,0.09059235779568553,0.43718747794628143
2319,2319,3.2591636180877686,3.207486629486084,2e-07,3.0022322230415552,0.015964478719979525,0.06032876094104722,0.09045848983805627,0.4388304352760315
2320,2320,3.2365872859954834,3.190338134765625,2e-07,3.005351797465565,0.01595631940290332,0.060626681020949036,0.09056688682176173,0.43891918659210205
2321,2321,3.1826698780059814,3.1828246116638184,2e-07,3.0103243252558762,0.015960159245878458,0.06099520510178991,0.09061857033520937,0.43941328674554825
2322,2322,3.2232744693756104,3.2865705490112305,2e-07,3.0120672552510337,0.01595544209703803,0.06067852472187951,0.09069987072143704,0.4397846460342407
2323,2323,3.1873273849487305,3.267866373062134,2e-07,3.0131395650920703,0.015956563875079155,0.06078492332017049,0.09061761829070747,0.43977437913417816
2324,2324,3.252511501312256,3.269862413406372,2e-07,3.0141480240383585,0.01595571404322982,0.06078674836317077,0.0907261052634567,0.44170520454645157
2325,2325,3.1466174125671387,3.2402403354644775,2e-07,3.0146958279404763,0.015950250439345837,0.060212817043066025,0.09065089316572994,0.4354357048869133
2326,2326,3.1654462814331055,3.2988100051879883,2e-07,3.014176416085836,0.01595103833824396,0.06074805909884162,0.0906870171893388,0.4392517879605293
2327,2327,3.2477266788482666,3.2564032077789307,2e-07,3.017417646805142,0.015946117229759693,0.060649327584542334,0.09048888413235545,0.44167744368314743
2328,2328,3.195739984512329,3.1903228759765625,2e-07,3.0180903571813995,0.01596041163429618,0.06016962742432952,0.09072436462156475,0.43664444237947464
2329,2329,3.19892954826355,3.257554531097412,2e-07,3.019846650596915,0.015930035151541233,0.06138414618908428,0.09052244550548494,0.44129714369773865
2330,2330,3.242558002471924,3.2388226985931396,2e-07,3.0190514156046184,0.015959846321493387,0.06138728279620409,0.09055382071528584,0.4433717429637909
2331,2331,3.1841769218444824,3.2472050189971924,2e-07,3.0203237076370866,0.015952279325574636,0.06103174443705939,0.09068082319572568,0.43878987431526184
2332,2332,3.212584972381592,3.2869632244110107,2e-07,3.02186594527631,0.015947601292282343,0.060144680843222886,0.09063174296170473,0.43523579090833664
2333,2333,3.1450114250183105,3.1503915786743164,2e-07,3.023244017099093,0.015949413180351257,0.06075970365782268,0.09072145924437791,0.44090674072504044
2334,2334,3.1712327003479004,3.1667325496673584,2e-07,3.021804007859907,0.015959518495947123,0.06066348808235489,0.09077309723943472,0.4380098506808281
2335,2335,3.248997688293457,3.2857091426849365,2e-07,3.0241870470191343,0.0159456180408597,0.060396454558940604,0.09060909447725862,0.43790195137262344
2336,2336,3.217306613922119,3.2158727645874023,2e-07,3.024188079616082,0.015950537286698818,0.06066475639818236,0.0906442078994587,0.4371088668704033
2337,2337,3.195394992828369,3.163830041885376,2e-07,3.022415539289763,0.015964790247380733,0.060634126188233495,0.09058203012682498,0.4373377785086632
2338,2338,3.186762571334839,3.182561159133911,2e-07,3.0210251738855445,0.01596493972465396,0.06060162145877257,0.09060590120498091,0.4383484050631523
2339,2339,3.2211787700653076,3.2061023712158203,2e-07,3.02103157809185,0.01594720408320427,0.060415235348045826,0.09070763911586255,0.439617320895195
2340,2340,3.158076286315918,3.224090337753296,2e-07,3.02134552643759,0.01594963949173689,0.061021900532068685,0.09055520058609545,0.4394652768969536
2341,2341,3.1734721660614014,3.158255100250244,2e-07,3.0227630478125223,0.01594593282788992,0.06084016224485822,0.09059372800402343,0.44131753593683243
2342,2342,3.195384979248047,3.230194091796875,2e-07,3.0250281686088143,0.015948030166327953,0.06086067034630105,0.09062289400026202,0.43796447664499283
2343,2343,3.2495298385620117,3.238161325454712,2e-07,3.025141238115064,0.015961616300046444,0.06059773577726446,0.09062743675895035,0.43785495311021805
2344,2344,3.199319362640381,3.17663836479187,2e-07,3.0257794284834496,0.015969354659318924,0.059832693164935336,0.0905676307156682,0.43431728333234787
2345,2345,3.181147336959839,3.168614625930786,2e-07,3.0255278453524976,0.015945541206747293,0.06070390428067185,0.09067333058919758,0.4418105334043503
2346,2346,3.194901466369629,3.3005478382110596,2e-07,3.0252481816811927,0.01595002319663763,0.05953958281315863,0.09068158851005137,0.4354521855711937
2347,2347,3.1809253692626953,3.2244880199432373,2e-07,3.023413194119268,0.01595613919198513,0.06121990628889762,0.09061756811570376,0.44236304610967636
2348,2348,3.153965473175049,3.19823956489563,2e-07,3.0207745683367135,0.01595892757177353,0.06030673431814648,0.09061572328209877,0.43769048899412155
2349,2349,3.2336318492889404,3.207524538040161,2e-07,3.0213426398105154,0.0159535170532763,0.06036951483110897,0.090574886999093,0.4371196925640106
2350,2350,3.1938624382019043,3.2148959636688232,2e-07,3.0219481381952304,0.015951629728078842,0.06033453831332736,0.0906759281642735,0.43970299512147903
2351,2351,3.1641526222229004,3.179689407348633,2e-07,3.0202202715967075,0.015953012742102146,0.060385488031897694,0.09074843802955002,0.4387689605355263
2352,2352,3.2173919677734375,3.2067337036132812,2e-07,3.019047480016721,0.015966270584613085,0.060615982132731006,0.09065008780453354,0.4444866105914116
2353,2353,3.1745433807373047,3.2061734199523926,2e-07,3.019092878547687,0.01595455128699541,0.0605057148495689,0.09066982299555093,0.4404030814766884
2354,2354,3.1819021701812744,3.26588773727417,2e-07,3.0197040036267526,0.015956714283674955,0.061090870265616104,0.0906795805785805,0.4419219642877579
2355,2355,3.1901357173919678,3.169523239135742,2e-07,3.0207537785829826,0.015939787961542606,0.060677897825371474,0.09065563383046538,0.44046106934547424
2356,2356,3.183777332305908,3.252807855606079,2e-07,3.0211119522803864,0.015946704894304276,0.060484154702862725,0.09061018016654998,0.43870657682418823
2357,2357,3.2127442359924316,3.1657729148864746,2e-07,3.021136595097189,0.015949313063174486,0.0602752405393403,0.09061095712240785,0.43694639950990677
2358,2358,3.2024824619293213,3.174136161804199,2e-07,3.0211732185828444,0.015948330517858267,0.0607745734450873,0.09070505434647202,0.4413553699851036
2359,2359,3.204883337020874,3.163804769515991,2e-07,3.0213750253737564,0.015947261825203896,0.061092221876606345,0.09071391832549125,0.4403422176837921
2360,2360,3.2255496978759766,3.205674886703491,2e-07,3.020173363342577,0.015945748891681433,0.06075909352512099,0.09060446999501437,0.4411479979753494
2361,2361,3.1411919593811035,3.128131151199341,2e-07,3.022778854905896,0.015950828325003386,0.060588328080484644,0.09056351310573518,0.43853791058063507
2362,2362,3.2090084552764893,3.1613452434539795,2e-07,2.805196409474194,0.015954419504851103,0.06113054498564452,0.09060111944563687,0.44329582154750824
2363,2363,3.229435920715332,3.246478796005249,2e-07,2.8263484780955466,0.01594432396814227,0.06068547017639503,0.09073372033890337,0.44134265184402466
2364,2364,3.2408840656280518,3.226158857345581,2e-07,2.8467252205659763,0.015952550806105137,0.06015795312123373,0.09070916078053415,0.43735089153051376
2365,2365,3.2145752906799316,3.1871700286865234,2e-07,2.863300207870779,0.015955273061990738,0.06087044207379222,0.09066018846351653,0.4395250976085663
2366,2366,3.165226459503174,3.173910617828369,2e-07,2.8805812552514567,0.015970371663570404,0.06032458471599966,0.09071466641034931,0.43765290826559067
2367,2367,3.2423336505889893,3.2087690830230713,2e-07,2.895896372922766,0.015954862348735332,0.06060514505952597,0.09065670752897859,0.4403334781527519
2368,2368,3.1737542152404785,3.2187001705169678,2e-07,2.911092498788428,0.015940772835165262,0.06028275837888941,0.09066979377530515,0.44033581018447876
2369,2369,3.215559482574463,3.197035074234009,2e-07,2.9221197435131243,0.015964404679834843,0.06029349390882999,0.09064364503137767,0.4389815628528595
2370,2370,3.1749210357666016,3.2928996086120605,2e-07,2.9322821256437126,0.015956022776663303,0.06039098754990846,0.09055439743679017,0.43953924626111984
2371,2371,3.209925889968872,3.1922054290771484,2e-07,2.941390791331634,0.01595048326998949,0.06079165346454829,0.09064192546065897,0.4411497190594673
2372,2372,3.2068610191345215,3.165548086166382,2e-07,2.94803846692031,0.01597856916487217,0.06036933002178557,0.09060501668136567,0.43480008840560913
2373,2373,3.15665602684021,3.25331974029541,2e-07,2.957923536097967,0.01594870164990425,0.06051969391410239,0.09060151316225529,0.44049789011478424
2374,2374,3.2092092037200928,3.19364595413208,2e-07,2.9643826188241125,0.015968103893101215,0.060462052904767916,0.0906519239069894,0.441277913749218
2375,2375,3.2026004791259766,3.1920111179351807,2e-07,2.9716535785266607,0.01594254281371832,0.06050706256064586,0.09075183887034655,0.44257961958646774
2376,2376,3.2241129875183105,3.2502963542938232,2e-07,2.979190491130993,0.01597163686528802,0.060139197419630364,0.09073231904767454,0.4396534785628319
2377,2377,3.143240213394165,3.190004348754883,2e-07,2.9839999986600176,0.015961660537868738,0.06055589808966033,0.0906678942264989,0.442140594124794
2378,2378,3.241276264190674,3.2515714168548584,2e-07,2.9887020866332,0.015937513671815395,0.06019902502885088,0.09073755273129791,0.43792638182640076
2379,2379,3.22757625579834,3.2128069400787354,2e-07,2.990851114676429,0.015952957794070244,0.0605852622538805,0.09079057071357965,0.43985553085803986
2380,2380,3.1861579418182373,3.1986806392669678,2e-07,2.9949381481582993,0.015956898219883442,0.06054348257021047,0.09067330183461308,0.4423017203807831
2381,2381,3.202935218811035,3.1982150077819824,2e-07,2.9975519420624464,0.015954368747770786,0.060660123272100464,0.09068176278378814,0.4396681562066078
2382,2382,3.213324785232544,3.1874470710754395,2e-07,3.00013296867862,0.015970570035278797,0.06056728889234364,0.09058459405787289,0.43915601819753647
2383,2383,3.175995111465454,3.177388906478882,2e-07,3.001937414829362,0.0159572409465909,0.06045812644879334,0.09074437455274165,0.43834054470062256
2384,2384,3.170565605163574,3.237032413482666,2e-07,3.0042654027454643,0.01596893509849906,0.06047204622882418,0.09077202389016747,0.4388696327805519
2385,2385,3.1982789039611816,3.2071094512939453,2e-07,3.0045755210908682,0.015953917987644672,0.060824242973467335,0.09076450683642179,0.4426848366856575
2386,2386,3.200756549835205,3.2805423736572266,2e-07,3.005087683620664,0.01596433948725462,0.06027429009554908,0.09071515104733407,0.44113563001155853
2387,2387,3.1983606815338135,3.278132438659668,2e-07,3.0051231519266794,0.015965155325829983,0.06044234905857593,0.09069176949560642,0.4406052455306053
2388,2388,3.1934590339660645,3.210024118423462,2e-07,3.0053123729764097,0.01595008373260498,0.060159025189932436,0.09070693433750421,0.4394666850566864
2389,2389,3.219897508621216,3.2926185131073,2e-07,3.0067994956683233,0.015956345479935408,0.0605016631889157,0.09058148763142526,0.435930460691452
2390,2390,3.160593032836914,3.1815290451049805,2e-07,3.0084130401141085,0.01596839912235737,0.05989465495804325,0.09065714001189917,0.438617967069149
2391,2391,3.220043182373047,3.1754398345947266,2e-07,3.0084261795922553,0.015949536580592394,0.06058548897271976,0.09080122143495828,0.44198615849018097
2392,2392,3.1797049045562744,3.2190651893615723,2e-07,3.00865298863612,0.015946597792208195,0.06119189190212637,0.0905594767536968,0.442239411175251
2393,2393,3.248054265975952,3.2021360397338867,2e-07,3.0094227494609562,0.01595722744241357,0.060125880292616785,0.09063811379019171,0.4402628391981125
2394,2394,3.168351173400879,3.21565318107605,2e-07,3.010939684467549,0.015976355876773596,0.06042202448588796,0.09067183046136051,0.439815990626812
2395,2395,3.220996856689453,3.2276182174682617,2e-07,3.0105674141065375,0.01595189981162548,0.060213096061488613,0.09058151335921139,0.4394591972231865
2396,2396,3.2008941173553467,3.283989191055298,2e-07,3.0105325162784884,0.015950373839586973,0.059974258125294,0.09078225935809314,0.43938660621643066
2397,2397,3.1420109272003174,3.1776950359344482,2e-07,3.010275129547815,0.015950610861182213,0.06087063014274463,0.09076024207752198,0.44161008298397064
2398,2398,3.1370058059692383,3.2215518951416016,2e-07,3.0101593589936004,0.015958615578711033,0.06041520330472849,0.09066287346649915,0.4387442320585251
2399,2399,3.1847739219665527,3.1823508739471436,2e-07,3.0126265891708046,0.015961624681949615,0.060533688170835376,0.09088401170447469,0.4386419206857681
2400,2400,3.1788032054901123,3.230590343475342,2e-07,3.015815996845396,0.015960974618792534,0.060752991324989125,0.09071507665794343,0.4434496685862541
2401,2401,3.1300315856933594,3.1857731342315674,2e-07,3.0169385677423515,0.01596824126318097,0.06031958761741407,0.09075115097220987,0.44283394515514374
2402,2402,3.202742576599121,3.2098283767700195,2e-07,3.0157882979793813,0.015962305944412947,0.059892128832871094,0.09061169368214905,0.43762923032045364
2403,2403,3.131500482559204,3.2811038494110107,2e-07,3.014928564587091,0.015952785033732653,0.06063949057715945,0.0907138631446287,0.4404010698199272
2404,2404,3.257807970046997,3.1757144927978516,2e-07,3.0153976586311573,0.01595226302742958,0.059963596548186615,0.09072832600213587,0.4350576475262642
2405,2405,3.252005100250244,3.14823842048645,2e-07,3.0165021035326354,0.015973581466823816,0.05998215067666024,0.09070502163376659,0.4359705448150635
2406,2406,3.2279882431030273,3.217548131942749,2e-07,3.0182502924163916,0.015961564611643553,0.060695799125824124,0.0906089295167476,0.43980295211076736
2407,2407,3.208057403564453,3.1784279346466064,2e-07,3.0210921465344565,0.015961444936692715,0.059738088079029694,0.09075766452588141,0.43835045397281647
2408,2408,3.1500401496887207,3.1893370151519775,2e-07,3.0216080395628993,0.015959287993609905,0.05990041128825396,0.09069017099682242,0.4404619336128235
2409,2409,3.1490230560302734,3.179117202758789,2e-07,3.0228165071779904,0.015941358171403408,0.06037743578781374,0.09078074782155454,0.440501444041729
2410,2410,3.0752155780792236,3.2670414447784424,2e-07,3.024122721946208,0.015960109885782003,0.06047855009092018,0.09071831766050309,0.4386943280696869
2411,2411,3.1914472579956055,3.1758437156677246,2e-07,3.026412052451417,0.015943864826112986,0.06008938836748712,0.09071159549057484,0.4379999116063118
2412,2412,3.2372148036956787,3.19110369682312,2e-07,3.02597629635631,0.0159630817361176,0.059654368698829785,0.09070845134556293,0.4380313381552696
2413,2413,3.204280376434326,3.277350664138794,2e-07,3.025290784515341,0.01595260575413704,0.06070331734372303,0.09073176642414182,0.4412733465433121
2414,2414,3.207535982131958,3.208127975463867,2e-07,3.0253532245183323,0.01595618436113,0.0599780268385075,0.09064480068627745,0.4405207708477974
2415,2415,3.206146717071533,3.1872479915618896,2e-07,3.026455491928067,0.015963362995535135,0.060491242533316836,0.09082118957303464,0.43730325251817703
2416,2416,3.238429069519043,3.2139499187469482,2e-07,3.0272103281531666,0.01594478264451027,0.061088223388651386,0.09083655709400773,0.4432012587785721
2417,2417,3.174013376235962,3.1737921237945557,2e-07,3.028479400225855,0.01595821976661682,0.060094617831055075,0.09077090537175536,0.43649866431951523
2418,2418,3.2045085430145264,3.177311897277832,2e-07,3.0287546939467296,0.01594848930835724,0.06094312996719964,0.09066508954856545,0.44230831414461136
2419,2419,3.1535778045654297,3.247406005859375,2e-07,3.0293955155416925,0.01595202460885048,0.06031789389089681,0.09066536638420075,0.44061149656772614
2420,2420,3.1321139335632324,3.1678626537323,2e-07,3.0311649121771875,0.015965682920068502,0.060419715475291014,0.09074758889619261,0.4385259374976158
2421,2421,3.160057544708252,3.219371795654297,2e-07,3.030743365407387,0.015964810736477375,0.06049134154454805,0.09065056324470788,0.43919680267572403
2422,2422,3.137265682220459,3.142784357070923,2e-07,3.0309840319822094,0.01595810754224658,0.06027086602989584,0.0906726379180327,0.43800465762615204
2423,2423,3.192620277404785,3.150916576385498,2e-07,3.0326393253336406,0.015954338014125824,0.06015314185060561,0.09066252631600946,0.43778660148382187
2424,2424,3.169351816177368,3.2172183990478516,2e-07,3.0319247706155696,0.015955020673573017,0.060798910999437794,0.09070706728380173,0.4431412145495415
2425,2425,3.1941323280334473,3.163480520248413,2e-07,3.0320982555172677,0.015955931041389704,0.059396528522484004,0.09072057949379086,0.43640681356191635
2426,2426,3.1462128162384033,3.214881181716919,2e-07,3.0323775579928505,0.01594715379178524,0.06029308305005543,0.09082294092513621,0.4406142458319664
2427,2427,3.2081947326660156,3.185145378112793,2e-07,3.032903433404079,0.015952531713992357,0.060453623795183375,0.09070725808851421,0.4409744516015053
2428,2428,3.19520902633667,3.2225825786590576,2e-07,3.032855985892154,0.01594842690974474,0.06016233019181527,0.09074625594075769,0.4405469372868538
2429,2429,3.1860902309417725,3.210676431655884,2e-07,3.031534961035521,0.015959464013576508,0.060149359167553484,0.09073498076759279,0.44073013216257095
2430,2430,3.1584413051605225,3.1829280853271484,2e-07,3.0309268926641018,0.015965031925588846,0.061020103516057134,0.09075257228687406,0.4434718117117882
2431,2431,3.2335093021392822,3.2156710624694824,2e-07,3.0310737923748525,0.015953646507114172,0.05996720399707556,0.0908652781508863,0.44173674285411835
2432,2432,3.1600258350372314,3.1932239532470703,2e-07,3.0289680546114695,0.015957971569150686,0.060121229180367664,0.09077911509666592,0.439524382352829
2433,2433,3.2560505867004395,3.2188618183135986,2e-07,3.0267747364206956,0.015953424852341413,0.05999556032475084,0.09078763704746962,0.4404522404074669
2434,2434,3.1747589111328125,3.2931976318359375,2e-07,3.0248651481783364,0.015952281653881073,0.05970777926268056,0.09069691668264568,0.4396212175488472
2435,2435,3.223348379135132,3.1867613792419434,2e-07,3.023080819942746,0.01594857918098569,0.06069687061244622,0.0907269463641569,0.4423908367753029
2436,2436,3.190843105316162,3.183940887451172,2e-07,3.0215510337158897,0.015975717920809984,0.0598366039339453,0.09078654972836375,0.43985990434885025
2437,2437,3.2022106647491455,3.1839253902435303,2e-07,3.0213119817021257,0.0159544600173831,0.06077799008926377,0.09076013846788555,0.4436657875776291
2438,2438,3.1810336112976074,3.1484827995300293,2e-07,3.021917250010494,0.015944751910865307,0.06035156414145604,0.09069497289601713,0.4406658858060837
2439,2439,3.2052245140075684,3.2052502632141113,2e-07,3.0251822227550593,0.015962026081979275,0.05974363911082037,0.09063831437379122,0.43764686584472656
2440,2440,3.1646156311035156,3.220317840576172,2e-07,3.024251297799515,0.015970435459166765,0.05966366428765468,0.09079896623734385,0.43667586147785187
2441,2441,3.2586491107940674,3.21644926071167,2e-07,3.0253709522184242,0.0159609317779541,0.060394363244995475,0.09074087091721594,0.43985970318317413
2442,2442,3.1929187774658203,3.210634469985962,2e-07,3.0262620516776564,0.015951490495353937,0.060301010409602895,0.0907471840037033,0.4393990784883499
2443,2443,3.156400442123413,3.196941375732422,2e-07,3.027170690609587,0.015959727577865124,0.06099097162950784,0.09077750204596668,0.44352682679891586
2444,2444,3.197354555130005,3.1735618114471436,2e-07,3.029196630728239,0.015964122023433447,0.06040085753193125,0.09083552297670394,0.43749967217445374
2445,2445,3.137247323989868,3.2151758670806885,2e-07,3.028907344912345,0.015970063861459494,0.06032054757815786,0.09072669385932386,0.4425278455018997
2446,2446,3.252049207687378,3.225558280944824,2e-07,3.029152400941298,0.015967669431120157,0.05950974390725605,0.09082446270622313,0.43638648837804794
2447,2447,3.1732473373413086,3.280344009399414,2e-07,3.03098684954521,0.0159599962644279,0.06007342622615397,0.09062977461144328,0.438112236559391
2448,2448,3.1785616874694824,3.210573434829712,2e-07,3.0304184512928476,0.015961456578224897,0.06064018129836768,0.090749018243514,0.4405103921890259
2449,2449,3.231734037399292,3.155630111694336,2e-07,3.0281314796169885,0.01595850195735693,0.06038285657996312,0.09076884994283319,0.4391745924949646
2450,2450,3.189084053039551,3.205035924911499,2e-07,3.0263258379783187,0.01596172619611025,0.06053662713384256,0.09083322307560593,0.4420899823307991
2451,2451,3.1918253898620605,3.2473013401031494,2e-07,3.0255483468253517,0.015959998592734337,0.05975798511644825,0.0908367708325386,0.43969646841287613
2452,2452,3.2104830741882324,3.1558949947357178,2e-07,3.0251240978208,0.015951664187014103,0.06078691195580177,0.09094889520201832,0.4410014823079109
2453,2453,3.1309471130371094,3.180800437927246,2e-07,3.0233203781741347,0.015976664144545794,0.060339451796608046,0.09082946216221899,0.44096992909908295
2454,2454,3.2127346992492676,3.2071993350982666,2e-07,3.021868826100456,0.01596674183383584,0.060336430091410875,0.09072790807113051,0.4426925480365753
2455,2455,3.161302089691162,3.1543071269989014,2e-07,3.0226836285607064,0.01596056018024683,0.059646611916832626,0.09089607500936836,0.43660488724708557
2456,2456,3.1721436977386475,3.1372151374816895,2e-07,3.021760059096671,0.015960160177201033,0.06024750811047852,0.09081846126355231,0.44138841331005096
2457,2457,3.192405939102173,3.1860275268554688,2e-07,3.020067883783901,0.015959615353494883,0.060027900530258194,0.09077029256150126,0.4392366111278534
2458,2458,3.194688558578491,3.209409475326538,2e-07,3.0190894563757973,0.015949609223753214,0.05976769619155675,0.09082701383158565,0.4398365095257759
2459,2459,3.164001703262329,3.19488263130188,2e-07,3.0204194383537692,0.015966486651450396,0.06041798074147664,0.0907590399729088,0.441372312605381
2460,2460,3.1961493492126465,3.242152452468872,2e-07,3.02069925260691,0.015945260878652334,0.06005575301242061,0.09089919563848525,0.44060712307691574
2461,2461,3.193777322769165,3.207951545715332,2e-07,3.0209537149197985,0.01595859695225954,0.06021741376025602,0.09087540965992957,0.4418700039386749
2462,2462,3.156348943710327,3.1793646812438965,2e-07,3.0209508549067414,0.01595518784597516,0.060564301908016205,0.09085081703960896,0.4409862905740738
2463,2463,3.1829030513763428,3.1990175247192383,2e-07,3.0214058055885817,0.015961012803018093,0.060111117229098454,0.09078026923816651,0.44047752767801285
2464,2464,3.211214780807495,3.2396724224090576,2e-07,3.0225921390698685,0.01594661734998226,0.06055465401732363,0.09097144473344088,0.4428117945790291
2465,2465,3.1528217792510986,3.195568799972534,2e-07,3.0248103270351345,0.015957816503942013,0.06047332106390968,0.0909129404462874,0.4428832232952118
2466,2466,3.1512668132781982,3.1411023139953613,2e-07,3.0250150132083533,0.015952063724398613,0.06034107058076188,0.09086211095564067,0.43966514617204666
2467,2467,3.187054395675659,3.2142579555511475,2e-07,3.025781542143222,0.01595004415139556,0.060274523129919544,0.09078416938427836,0.44111399352550507
2468,2468,3.161595344543457,3.1859846115112305,2e-07,3.025504111783459,0.015960375778377056,0.06015770341036841,0.0907591856084764,0.44269654899835587
2469,2469,3.1952760219573975,3.2515149116516113,2e-07,3.0255781496030245,0.01596829015761614,0.060018242918886244,0.09079043008387089,0.43755297362804413
2470,2470,3.1432199478149414,3.2788283824920654,2e-07,3.026121761719936,0.0159691721200943,0.06053709934349172,0.09075047052465379,0.442315511405468
2471,2471,3.2244246006011963,3.180248975753784,2e-07,3.0285166585393895,0.015952535904943943,0.060419855697546154,0.09088299726136029,0.4401080161333084
2472,2472,3.142679214477539,3.2009437084198,2e-07,3.028094597181848,0.015944821760058403,0.060419895162340254,0.09075988875702024,0.44271644204854965
2473,2473,3.1385936737060547,3.2562038898468018,2e-07,3.0286497756038875,0.015967029612511396,0.059932349366135895,0.09088585316203535,0.4403863772749901
2474,2474,3.171043634414673,3.201538562774658,2e-07,3.029146126676692,0.015965308528393507,0.05992041600984521,0.09073475538752973,0.4389595091342926
2475,2475,3.195063829421997,3.1946046352386475,2e-07,3.02715367673839,0.015954928938299417,0.060530981194460765,0.09077731950674206,0.44135546684265137
2476,2476,3.1827590465545654,3.183054208755493,2e-07,3.0300541331105864,0.015950317960232496,0.06012110770097934,0.09092184214387089,0.4427103027701378
2477,2477,3.191908836364746,3.197633981704712,2e-07,3.029766071547524,0.015951521694660187,0.060178783402079716,0.09072665520943701,0.43990708887577057
2478,2478,3.1138899326324463,3.2029471397399902,2e-07,3.029187496123286,0.01596068497747183,0.05956311064073816,0.09086514753289521,0.43741386383771896
2479,2479,3.2225100994110107,3.1824791431427,2e-07,3.027008657617926,0.015957987401634455,0.06019461189862341,0.09089264541398734,0.43955474346876144
2480,2480,3.2040443420410156,3.1918749809265137,2e-07,3.027763138592797,0.015956058632582426,0.059859542961930856,0.09081622096709907,0.43904605507850647
2481,2481,3.1908838748931885,3.2537896633148193,2e-07,3.0284196547874247,0.015963944606482983,0.06039220278034918,0.09075766475871205,0.44090381264686584
2482,2482,3.211052417755127,3.2551169395446777,2e-07,3.0276662626250497,0.015967855229973793,0.060204097448149696,0.09073570522014052,0.44400162249803543
2483,2483,3.1725716590881348,3.1721765995025635,2e-07,3.027126763442299,0.01595192262902856,0.060307114908937365,0.09077295090537518,0.44031674414873123
2484,2484,3.179802179336548,3.179659843444824,2e-07,3.025430065273043,0.015950597822666168,0.059817280125571415,0.09082439297344536,0.43615608662366867
2485,2485,3.1685287952423096,3.1926183700561523,2e-07,3.026424553474891,0.015945729799568653,0.06023933575488627,0.0908706586342305,0.4408367872238159
2486,2486,3.179349422454834,3.1970067024230957,2e-07,3.0272169148130215,0.01596363354474306,0.05969331137021072,0.09095126437023282,0.4406221956014633
2487,2487,3.1807143688201904,3.216094493865967,2e-07,3.0279558685970476,0.015960479620844126,0.0598029583634343,0.09080335625912994,0.4381793141365051
2488,2488,3.189213752746582,3.2018978595733643,2e-07,3.02618408050662,0.015961721539497375,0.06046250701183453,0.0907682228134945,0.4405754953622818
2489,2489,3.144573211669922,3.19766902923584,2e-07,3.0269124401160203,0.015951743349432945,0.06034791443380527,0.09082308795768768,0.4420384168624878
2490,2490,3.2188754081726074,3.1629064083099365,2e-07,3.029077796933561,0.015949026681482792,0.060231547307921574,0.09084729244932532,0.44194449484348297
2491,2491,3.1783061027526855,3.1866343021392822,2e-07,3.0286555480204753,0.01596350222826004,0.060677788889734074,0.09076511079911143,0.44353215396404266
2492,2492,3.244370222091675,3.13790225982666,2e-07,3.029191040702408,0.015966699924319983,0.060285601182840765,0.09079463337548077,0.4413323402404785
2493,2493,3.1618220806121826,3.2421391010284424,2e-07,3.029924115400483,0.01597232138738036,0.05962293469929136,0.09093251277226955,0.43842124938964844
2494,2494,3.1486597061157227,3.2508020401000977,2e-07,3.0316065986732665,0.01596242655068636,0.05984595345216803,0.09077897807583213,0.4394528567790985
2495,2495,3.1567273139953613,3.24263072013855,2e-07,3.030861071632958,0.015950859989970922,0.06034645315958187,0.09068359294906259,0.4399740844964981
2496,2496,3.1799674034118652,3.270387649536133,2e-07,3.0330197514006962,0.015946662053465843,0.06006599677493796,0.09086329001002014,0.4394382834434509
2497,2497,3.1644201278686523,3.199753999710083,2e-07,3.0336161883782085,0.01595253311097622,0.060639810079010203,0.09077330899890512,0.4450191631913185
2498,2498,3.162921667098999,3.187662124633789,2e-07,3.0348240139564426,0.01596410758793354,0.05958142376039177,0.09062401042319834,0.43582703173160553
2499,2499,3.1372900009155273,3.294454574584961,2e-07,3.034556733079552,0.01595029328018427,0.05960403292556293,0.0907632727175951,0.43849849700927734
2500,2500,3.1989974975585938,3.2336080074310303,2e-07,3.0369030771319636,0.01595737785100937,0.060512964526424184,0.09092496801167727,0.44519083946943283
2501,2501,3.1831648349761963,3.187272310256958,2e-07,3.037327212980609,0.015963277779519558,0.06079505881643854,0.09070695412810892,0.44530748575925827
2502,2502,3.1808910369873047,3.1825931072235107,2e-07,3.0383234748264845,0.01595160784199834,0.06073256811941974,0.09078059566672891,0.4436035007238388
2503,2503,3.153261423110962,3.2220656871795654,2e-07,3.0372097972716197,0.01595875294879079,0.0602679684816394,0.09077933395747095,0.4429376944899559
2504,2504,3.1563711166381836,3.2019715309143066,2e-07,3.036843527380213,0.015962110832333565,0.05974954890552908,0.09078172605950385,0.4377445951104164
2505,2505,3.199732780456543,3.1755077838897705,2e-07,3.0377753285812,0.015955351293087006,0.059780238661915064,0.09092888503801078,0.4431617259979248
2506,2506,3.1810576915740967,3.158557653427124,2e-07,3.0365616580591386,0.015967989806085825,0.059818290115799755,0.09078897535800934,0.43969565629959106
2507,2507,3.1585464477539062,3.1788718700408936,2e-07,3.0361788144982196,0.015957333147525787,0.06033928916440345,0.09081440814770758,0.44329436123371124
2508,2508,3.125586748123169,3.2023050785064697,2e-07,3.03594542974731,0.015959017910063267,0.06080781717901118,0.09081740421243012,0.44397690892219543
2509,2509,3.1086409091949463,3.2434730529785156,2e-07,3.0333636064865237,0.01596392784267664,0.060744498507119715,0.0908116603968665,0.4444078132510185
2510,2510,3.178502082824707,3.20912504196167,2e-07,3.0336137855634755,0.015966669656336308,0.0600696794281248,0.0908416957827285,0.4401232898235321
2511,2511,3.1158411502838135,3.2239882946014404,2e-07,3.0349232960407297,0.01596376532688737,0.059563800488831475,0.0908483216771856,0.43692341446876526
