step,iter,train/loss,val/loss,lr,mfu,token_embedding_act_abs_mean,attn_act_abs_mean,mlp_act_abs_mean,lm_head_act_abs_mean
0,0,4.174457550048828,4.17430305480957,0.0002,-100.0
1,1,4.1743316650390625,4.1742753982543945,0.0002,-100.0,0.016069302801042795,5.82250926299821e-05,0.00031492451671510935,0.0015716947382315993
2,2,4.174491882324219,4.174470901489258,0.0002,-100.0,0.016043581068515778,5.654191647863627e-05,0.0003149416279484285,0.0015723803371656686
3,3,4.174291610717773,4.174118995666504,0.0002,-100.0,0.016066899523139,6.0336557794471446e-05,0.00031527530973107787,0.0015727616264484823
4,4,4.174201488494873,4.174237251281738,0.0002,-100.0,0.0160543960519135,7.351667295552033e-05,0.00031781814959686017,0.0015768797311466187
5,5,4.174121856689453,4.173851013183594,0.0002,-100.0,0.01605817209929228,0.00011003921235896996,0.00032602301598672057,0.0015777246153447777
6,6,4.173798561096191,4.173781394958496,0.0002,0.5283629137143542,0.01606517005711794,0.0001683153986959951,0.0003440601285547018,0.0015808729513082653
7,7,4.17359733581543,4.173608303070068,0.0002,0.5284043725366978,0.016046204138547182,0.00024254766594822286,0.00037578043702524155,0.0015889625356066972
8,8,4.173302173614502,4.173415660858154,0.0002,0.5287938261332708,0.01607061130926013,0.0003298574711152469,0.0004250704541846062,0.0016063989023678005
9,9,4.173120975494385,4.173036575317383,0.0002,0.5295655441694999,0.01606949046254158,0.00042659830614866223,0.0004927094178128755,0.0016308984195347875
10,10,4.172824382781982,4.172937870025635,0.0002,0.5294106293511036,0.016039520036429167,0.0005325734146026662,0.000578037590457825,0.0016644998686388135
11,11,4.1725945472717285,4.172583103179932,0.0002,0.5218775906654345,0.016078650020062923,0.0006453250080085127,0.0006785754321754212,0.0017084304708987474
12,12,4.172156810760498,4.172244071960449,0.0002,0.5197153211592668,0.01607834780588746,0.000764202526625013,0.0007906571008788887,0.0017712003318592906
13,13,4.172002792358398,4.172055244445801,0.0002,0.5204975856591273,0.016117842867970467,0.0008873148817656329,0.0009110486607823987,0.0018496355041861534
14,14,4.171682357788086,4.171722888946533,0.0002,0.5207338583936334,0.01611506985500455,0.0010123952815774828,0.0010356017992307898,0.0019434830755926669
15,15,4.171054840087891,4.171329498291016,0.0002,0.5229521701730444,0.01614322140812874,0.0011383069650037214,0.0011628584688878618,0.002058320213109255
16,16,4.171069145202637,4.171150207519531,0.0002,0.5220405631373487,0.016196444630622864,0.0012646972536458634,0.001290437088755425,0.002190443396102637
17,17,4.170891284942627,4.17071008682251,0.0002,0.5235633484797425,0.016203501727432013,0.0013897982571506873,0.0014182149461703375,0.002341944957152009
18,18,4.1705193519592285,4.170607566833496,0.0002,0.5155326293402915,0.016227939166128635,0.0015142370793910231,0.0015447187652171124,0.002510674763470888
19,19,4.169901371002197,4.169970512390137,0.0002,0.5167089890875508,0.01627354696393013,0.001635947948670946,0.0016695477825123817,0.002696038398426026
20,20,4.169956207275391,4.169850826263428,0.0002,0.5159598457430806,0.01635143905878067,0.0017547910210851114,0.00179175554876565,0.0028988089761696756
21,21,4.169513702392578,4.169581413269043,0.0002,0.5143325828789874,0.01636404450982809,0.0018707121525949333,0.0019106378495052923,0.0031145518296398222
22,22,4.168953895568848,4.169233322143555,0.0002,0.5069240846276308,0.016410722862929106,0.0019835733764921315,0.002027075257501565,0.0033428773749619722
23,23,4.168913841247559,4.168929100036621,0.0002,0.5076527614402162,0.016490996815264225,0.002093925140798092,0.0021409082983154804,0.0035775209544226527
24,24,4.1683831214904785,4.168252944946289,0.0002,0.5092515187640763,0.01656142994761467,0.0022029579704394564,0.002252325662993826,0.00381978607038036
25,25,4.16823673248291,4.167797088623047,0.0002,0.5078504681732333,0.016616472508758307,0.0023085817592800595,0.0023621774598723277,0.004070680355653167
26,26,4.167703628540039,4.167649269104004,0.0002,0.5078029997563122,0.016681288834661245,0.002413456270005554,0.0024696108084754087,0.004318139981478453
27,27,4.167566299438477,4.167439937591553,0.0002,0.5080015994198833,0.0167594812810421,0.002515668391424697,0.00257510352821555,0.004574731457978487
28,28,4.167383670806885,4.167430877685547,0.0002,0.5088081038901271,0.016814489848911762,0.002614756303955801,0.0026780776606756262,0.004827202297747135
29,29,4.166602611541748,4.166975975036621,0.0002,0.5096127917852731,0.01686414796859026,0.002711914545216132,0.002778705966193229,0.005088351666927338
30,30,4.166232109069824,4.166594505310059,0.0002,0.49639335561914066,0.016967516858130693,0.0028075046138837934,0.0028775545870303176,0.005337405018508434
31,31,4.165561676025391,4.166666507720947,0.0002,0.4974403642447077,0.017028378788381815,0.002901816384110134,0.0029754764764220454,0.005596280097961426
32,32,4.166205406188965,4.165656089782715,0.0002,0.5485182848776251,0.01713484525680542,0.0029937784202047624,0.003071269537031185,0.0058476502308622
33,33,4.165031433105469,4.165437698364258,0.0002,0.543642958121281,0.017170336097478867,0.0030860489860060625,0.0031673053090344183,0.006114704883657396
34,34,4.165192127227783,4.165076732635498,0.0002,0.5404334131859917,0.017287833150476217,0.003176098965923302,0.0032607442553853616,0.006365806912072003
35,35,4.164921760559082,4.166274070739746,0.0002,0.5299156484507039,0.01735291862860322,0.0032660790748195723,0.0033534636168042198,0.006615615100599825
36,36,4.164089679718018,4.165331840515137,0.0002,0.5771306185833436,0.01743391389027238,0.003353717787831556,0.0034452191830496304,0.006875001708976924
37,37,4.163957595825195,4.164144039154053,0.0002,0.6219868790240989,0.017564940731972456,0.003442111032200046,0.0035375037259655073,0.007139727706089616
38,38,4.164394378662109,4.164076805114746,0.0002,0.611437468104998,0.017658961936831474,0.003528255067067221,0.003627113990660291,0.00739348481874913
39,39,4.16400146484375,4.164361000061035,0.0002,0.6030851912838048,0.017725250218063593,0.003612988395616412,0.003714119018695783,0.007639877963811159
40,40,4.163276195526123,4.163071632385254,0.0002,0.6465952907644192,0.017823005560785532,0.003696572115586605,0.0038013068478903733,0.007890512933954597
41,41,4.163539886474609,4.163423538208008,0.0002,0.6346076619260203,0.017915764823555946,0.00377841623412678,0.003886387188686058,0.008138174889609218
42,42,4.162646293640137,4.1633195877075195,0.0002,0.6734478166707982,0.018024887423962355,0.0038617678146692924,0.003972265658376273,0.008402405772358179
43,43,4.162725448608398,4.16232967376709,0.0002,0.7079512232947184,0.018133835401386023,0.003940753362257965,0.004054549033753574,0.00864854408428073
44,44,4.161437034606934,4.162674427032471,0.0002,0.6893015321498608,0.018196376971900463,0.004017918385216035,0.004135416078497656,0.008891878183931112
45,45,4.161852836608887,4.161465644836426,0.0002,0.7245896172169932,0.018323639407753944,0.004096364616998471,0.004216786313918419,0.009146214928478003
46,46,4.161037445068359,4.162235260009766,0.0002,0.7038735990423711,0.018385012168437243,0.004172738335910253,0.004297364430385642,0.009399740723893046
47,47,4.161015033721924,4.162295341491699,0.0002,0.737367635311792,0.018542589619755745,0.004249111269018613,0.004376796161523089,0.009645299753174186
48,48,4.160614490509033,4.161057472229004,0.0002,0.7673272480394696,0.018614004831761122,0.004324439127231017,0.004454889232874848,0.009887146530672908
49,49,4.161197185516357,4.160609245300293,0.0002,0.730888168043135,0.01871422305703163,0.0043995022715535015,0.004533696439466439,0.010134051786735654
50,50,4.160021781921387,4.160836219787598,0.0002,0.7082397235594274,0.018795889802277088,0.004473424312891439,0.004611744050635025,0.010377960279583931
51,51,4.159202575683594,4.160357475280762,0.0002,0.7414255912227928,0.018933042883872986,0.004551194579107687,0.004690624977229163,0.010628421092405915
52,52,4.159172058105469,4.16135311126709,0.0002,0.7180856983693809,0.019041866529732943,0.0046231941669248044,0.004766885700519197,0.010867079487070441
53,53,4.1589789390563965,4.160841941833496,0.0002,0.748651032320872,0.01911956910043955,0.0046963138884166256,0.004843745758989826,0.01110493834130466
54,54,4.159785270690918,4.1594672203063965,0.0002,0.7757136949208379,0.019284354522824287,0.004772476706421003,0.00492229955852963,0.011347425635904074
55,55,4.158508777618408,4.160604000091553,0.0002,0.7489736790565735,0.019360092468559742,0.004846875177463517,0.005000111530534923,0.011589614674448967
56,56,4.158545017242432,4.158913612365723,0.0002,0.776270093203895,0.019494876731187105,0.004919867089483887,0.005075473163742572,0.01181990560144186
57,57,4.159147262573242,4.158347129821777,0.0002,0.7513104354607306,0.01958080753684044,0.0049924302293220535,0.005151292309165001,0.012057262938469648
58,58,4.158361434936523,4.158801555633545,0.0002,0.7290044708068444,0.019678920041769743,0.005063772317953408,0.005224637789069675,0.012287508230656385
59,59,4.158540725708008,4.1585845947265625,0.0002,0.759953579536588,0.019835970364511013,0.005132683218107559,0.0052978065359639,0.012518109986558557
60,60,4.157095909118652,4.158987045288086,0.0002,0.7875594748642608,0.019972507376223803,0.005204812201554887,0.0053726841433672234,0.012761023361235857
61,61,4.156434059143066,4.157121658325195,0.0002,0.8125740090254525,0.020058836322277784,0.005274997078231536,0.005444809256005101,0.012994013028219342
62,62,4.157200336456299,4.1572465896606445,0.0002,0.7728719625137247,0.020211099181324244,0.0053410673717735335,0.00551582760817837,0.013222377281636
63,63,4.156528472900391,4.158344268798828,0.0002,0.8004354935304433,0.020273283123970032,0.005409310004324652,0.005585327264270745,0.01344439247623086
64,64,4.156764030456543,4.1567063331604,0.0002,0.8241800855792156,0.020457822363823652,0.005476646896568127,0.005656413472024724,0.013674918562173843
65,65,4.156625747680664,4.15638542175293,0.0002,0.7916965340677524,0.020553814247250557,0.005546570508158766,0.005729331940528937,0.01391358650289476
66,66,4.155887126922607,4.157122611999512,0.0002,0.7653250918636241,0.020688641350716352,0.005613230052404106,0.005799433478387073,0.014138320460915565
67,67,4.156276702880859,4.155740737915039,0.0002,0.791000922432029,0.02074773469939828,0.005682968549081124,0.005870556196896359,0.014367173425853252
68,68,4.1549177169799805,4.15575647354126,0.0002,0.7650329874841879,0.020977416541427374,0.0057506447192281485,0.005941206109127961,0.014589385828003287
69,69,4.1541290283203125,4.156060218811035,0.0002,0.7907765836112173,0.021005649119615555,0.00582124205539003,0.006014220241922885,0.014820850687101483
70,70,4.154241561889648,4.155322074890137,0.0002,0.8154191095528898,0.02119377162307501,0.0058894286485156044,0.006086332956328988,0.015045201173052192
71,71,4.155771732330322,4.155762672424316,0.0002,0.783017819005089,0.02129579009488225,0.005960128619335592,0.006158774180221371,0.015268048038706183
72,72,4.154080390930176,4.156481742858887,0.0002,0.8085231694472025,0.02146256621927023,0.006028608142514713,0.00623154392815195,0.015491601545363665
73,73,4.153643608093262,4.154733657836914,0.0002,0.8313170032109473,0.021581136155873537,0.006099008009186946,0.006305736169451848,0.01572091458365321
74,74,4.154070854187012,4.15333366394043,0.0002,0.799963390357614,0.021757659502327442,0.006172041496029124,0.006379578975611366,0.015947232022881508
75,75,4.154656887054443,4.1540141105651855,0.0002,0.7741951468362931,0.02185345394536853,0.006236557615920901,0.006448358049965464,0.01616121642291546
76,76,4.153177261352539,4.154308319091797,0.0002,0.8007411453265004,0.021927161142230034,0.006305554910795763,0.00651795907469932,0.016378676053136587
77,77,4.152626037597656,4.1546196937561035,0.0002,0.8243109797410384,0.02207644935697317,0.00637239015486557,0.0065900196495931596,0.016610045451670885
78,78,4.15406608581543,4.154436111450195,0.0002,0.8454925757962438,0.022201207000762224,0.0064384527649963275,0.006658013051492162,0.016829695086926222
79,79,4.152261734008789,4.152100086212158,0.0002,0.8647107100251047,0.022414157632738352,0.006506396399345249,0.006728910113452002,0.01705524744465947
80,80,4.152553558349609,4.1540398597717285,0.0002,0.8319000628275114,0.022506908979266882,0.006574126367922872,0.006798273432650603,0.017274430952966213
81,81,4.153153419494629,4.152753829956055,0.0002,0.8527664804506483,0.02269598050042987,0.006640907391556539,0.006868493743240833,0.01749707432463765
82,82,4.151712417602539,4.152066230773926,0.0002,0.8710690913482061,0.02276232047006488,0.0067095408012392,0.006940415129065514,0.017721913754940033
83,83,4.15334939956665,4.151642322540283,0.0002,0.8384699320310551,0.02290307404473424,0.006777285030693747,0.007011401452473365,0.017939485143870115
84,84,4.152907371520996,4.150979518890381,0.0002,0.8085452561881274,0.023033784236758947,0.0068433301348704845,0.0070791634352644905,0.018145855981856585
85,85,4.150439262390137,4.151347637176514,0.0002,0.7820242671201088,0.023177441209554672,0.006915862861205824,0.007155452651204541,0.018381025176495314
86,86,4.149672508239746,4.149829387664795,0.0002,0.805735979875059,0.023332976270467043,0.006985345084103756,0.007228355476399884,0.018604562152177095
87,87,4.152172088623047,4.150611877441406,0.0002,0.7793169238677438,0.023455807007849216,0.007053625173284672,0.007298893338884227,0.01881984807550907
88,88,4.15101432800293,4.151603698730469,0.0002,0.8046951594350316,0.023582655005156994,0.0071264965808950365,0.0073743294342420995,0.01904909871518612
89,89,4.150779724121094,4.151247501373291,0.0002,0.8267643555468128,0.02375736180692911,0.007193513665697537,0.007444023271091282,0.01925922790542245
90,90,4.148561000823975,4.151025772094727,0.0002,0.8477345110640777,0.023802843876183033,0.007259486330440268,0.007513488060794771,0.019472812302410603
91,91,4.149993896484375,4.150637626647949,0.0002,0.8666459769819926,0.023968412540853024,0.007327979430556297,0.007585211278637871,0.019693225156515837
92,92,4.147828102111816,4.150050163269043,0.0002,0.8836552802015402,0.02414298104122281,0.0074000505555886775,0.007660044851945713,0.019921607337892056
93,93,4.149791717529297,4.150407314300537,0.0002,0.8989693811824002,0.024267135187983513,0.007472488694475032,0.007733418475254439,0.020145386457443237
94,94,4.14875602722168,4.147880554199219,0.0002,0.9127194745033294,0.02438348811119795,0.007536911114584655,0.00780262568150647,0.02035300526767969
95,95,4.149892807006836,4.149379730224609,0.0002,0.8750867129429789,0.02448579343035817,0.007610697066411376,0.007878212869400159,0.020576730836182833
96,96,4.147921562194824,4.14987325668335,0.0002,0.8916970867395213,0.024644973687827587,0.007679819915210828,0.00795010881847702,0.020791365299373865
97,97,4.148131847381592,4.147008895874023,0.0002,0.9061902652173258,0.024785500019788742,0.007753890968160704,0.00802702916553244,0.021015993785113096
98,98,4.150424480438232,4.1483378410339355,0.0002,0.8564016456269478,0.02496241731569171,0.007827336885384284,0.008102529565803707,0.021235214080661535
99,99,4.146059036254883,4.148503303527832,0.0002,0.872887239458562,0.025075077544897795,0.007899622389231808,0.008177597192116082,0.021451811771839857
100,100,4.14714241027832,4.146671295166016,0.0002,0.88928872109978,0.025219256058335304,0.007973459956701845,0.008253095584223047,0.021667913999408484
101,101,4.148101329803467,4.146468162536621,0.0002,0.8540552339572667,0.025498285423964262,0.008048192801652476,0.008331275108503178,0.021888974588364363
102,102,4.147321701049805,4.1481122970581055,0.0002,0.8214101246629366,0.025640063919126987,0.008122702478431165,0.008408956782659516,0.022111160214990377
103,103,4.148315906524658,4.146880149841309,0.0002,0.8408733867686834,0.025686251930892467,0.008194133639335632,0.008483789570163935,0.022327524609863758
104,104,4.146243095397949,4.145886421203613,0.0002,0.8567318851438004,0.025790863670408726,0.008266411430668086,0.008559999114368111,0.022549142595380545
105,105,4.147363185882568,4.147511959075928,0.0002,0.8229464757351188,0.025960251688957214,0.008341779437614605,0.008635228528873995,0.02276722388342023
106,106,4.147839546203613,4.147251605987549,0.0002,0.8428486070494704,0.02604282693937421,0.008411650487687439,0.008708765846677125,0.022981570567935705
107,107,4.145151615142822,4.146119117736816,0.0002,0.8603953539069237,0.026329307816922665,0.008487467712257057,0.008786675578448921,0.02320539904758334
108,108,4.14687967300415,4.147311210632324,0.0002,0.8781073226295342,0.0264195641502738,0.008564928837586194,0.008865700074238703,0.023431326262652874
109,109,4.14385986328125,4.145197868347168,0.0002,0.893962561136927,0.026623201556503773,0.008634349389467388,0.008938059327192605,0.023643226828426123
110,110,4.146224021911621,4.146036148071289,0.0002,0.8498693430332784,0.02676935400813818,0.00871007377281785,0.009016535943374038,0.02386485878378153
111,111,4.1458940505981445,4.146409034729004,0.0002,0.8670363923635941,0.026819521095603704,0.008781214040936902,0.009092278283787891,0.024082159623503685
112,112,4.145895004272461,4.144893646240234,0.0002,0.8821388624154769,0.027038050815463066,0.008861361537128687,0.009172047371976078,0.02430592244490981
113,113,4.142490386962891,4.146518707275391,0.0002,0.846139718667307,0.02712758583948016,0.008932115917559713,0.009245452616596594,0.02451749797910452
114,114,4.14459753036499,4.142465114593506,0.0002,0.8636096237533423,0.027387529611587524,0.009006985870655626,0.009323836624389514,0.024736556224524975
115,115,4.141696453094482,4.14774227142334,0.0002,0.8314427842953612,0.027518834453076124,0.009081570897251368,0.009402972355019301,0.02495978819206357
116,116,4.143183708190918,4.144067287445068,0.0002,0.8499815532904785,0.02759009087458253,0.009158107975963503,0.009479604428634048,0.025176834780722857
117,117,4.142386436462402,4.145057678222656,0.0002,0.866745340477193,0.027861029375344515,0.009240549115929753,0.00956268614390865,0.025403686799108982
118,118,4.143928527832031,4.143954277038574,0.0002,0.8803432437258486,0.027896274346858263,0.009305212210165337,0.009631578577682376,0.025606711860746145
119,119,4.14542293548584,4.141345977783203,0.0002,0.8942622444435309,0.028115366585552692,0.009391414758283645,0.009716933709569275,0.025836361572146416
120,120,4.141068458557129,4.144120216369629,0.0002,0.8585325868825445,0.028327757958322763,0.009469212614931166,0.00979762789211236,0.026060480624437332
121,121,4.141341209411621,4.143786907196045,0.0002,0.876628892951463,0.028424700256437063,0.009543501859297976,0.009874582145130262,0.026276283897459507
122,122,4.1435136795043945,4.1439290046691895,0.0002,0.892664583904518,0.0285069034434855,0.009620233729947358,0.009951696265488863,0.02649453654885292
123,123,4.14134407043457,4.143293380737305,0.0002,0.9069655113963756,0.02867532381787896,0.009692569845356047,0.010028458927990869,0.026712190825492144
124,124,4.140498161315918,4.143645286560059,0.0002,0.9199622510879011,0.028840153012424707,0.009773332829354331,0.010110202507348731,0.026937114540487528
125,125,4.141973495483398,4.144092559814453,0.0002,0.9317294454076461,0.029001334216445684,0.00985047422000207,0.010188803018536419,0.02715638978406787
126,126,4.1421380043029785,4.141307353973389,0.0002,0.9433644332068265,0.029319684952497482,0.009928638755809516,0.010268696612911299,0.027376233134418726
127,127,4.141016006469727,4.141486167907715,0.0002,0.9000190371771845,0.029225805774331093,0.010001744813052937,0.010345086368033662,0.02759020635858178
128,128,4.1403985023498535,4.143286228179932,0.0002,0.9135146553837804,0.02955139521509409,0.010083142580697313,0.010427857894683257,0.027812594547867775
129,129,4.141193389892578,4.143039703369141,0.0002,0.9246657105505041,0.02966860681772232,0.01016130717471242,0.010509755607927218,0.028031522408127785
130,130,4.140366554260254,4.139745235443115,0.0002,0.9340409499441904,0.029915158636868,0.010240205825539306,0.010588903969619423,0.028245345689356327
131,131,4.139208793640137,4.140717506408691,0.0002,0.8947901947673168,0.030102147720754147,0.010319976223399863,0.010672383679775521,0.0284656616859138
132,132,4.139652252197266,4.142848014831543,0.0002,0.907305848305334,0.030214648693799973,0.010403231310192496,0.010755218798294663,0.028685824014246464
133,133,4.1392107009887695,4.139060974121094,0.0002,0.9201351751228958,0.03029082017019391,0.01048107456881553,0.010835778753971681,0.028901607263833284
134,134,4.140134811401367,4.139991283416748,0.0002,0.8813678142437873,0.030346194747835398,0.010566727258265018,0.010922179470071569,0.029125310480594635
135,135,4.137052536010742,4.141852378845215,0.0002,0.8953260178268523,0.030699221417307854,0.010641775705153123,0.011001423263223842,0.02933857636526227
136,136,4.138496398925781,4.138675212860107,0.0002,0.9076190728668967,0.03085343260318041,0.010725892992923036,0.01108539177221246,0.02955832425504923
137,137,4.1390886306762695,4.137389183044434,0.0002,0.8713612618757017,0.03103563003242016,0.010808608290972188,0.011169068253366277,0.02977805770933628
138,138,4.13662052154541,4.1396050453186035,0.0002,0.838108625054133,0.03112747333943844,0.010883210838073865,0.011251040472416207,0.029995819553732872
139,139,4.141323089599609,4.138843536376953,0.0002,0.8564919727102068,0.03140573762357235,0.010971021431032568,0.011336310824844986,0.030217844527214766
140,140,4.1424360275268555,4.139605522155762,0.0002,0.8727492516767317,0.03150542452931404,0.011049563647247851,0.011418095615226775,0.030434690415859222
141,141,4.137580871582031,4.138530731201172,0.0002,0.8907263161871886,0.03167272079735994,0.011142896342789754,0.01150871385470964,0.030661501456052065
142,142,4.139097690582275,4.14150857925415,0.0002,0.9055390621604049,0.03185019642114639,0.011226761766010895,0.011593475355766714,0.03088057367131114
143,143,4.1384148597717285,4.140106678009033,0.0002,0.9187816878352212,0.031986966729164124,0.011305790801998228,0.011678025563014671,0.031100326217710972
144,144,4.135280609130859,4.1384148597717285,0.0002,0.9306003361009298,0.032156229950487614,0.011393141321605071,0.011764259281335399,0.03132155165076256
145,145,4.136909008026123,4.13826847076416,0.0002,0.9411402358484419,0.032374750822782516,0.0114792839740403,0.011851862102048472,0.0315444003790617
146,146,4.137394905090332,4.136527061462402,0.0002,0.9506503495679806,0.03253595530986786,0.011561140127014369,0.011933755333302543,0.03175985999405384
147,147,4.135347366333008,4.138373851776123,0.0002,0.9102043657550666,0.032703676261007786,0.01164374832296744,0.012017680739518255,0.03197877760976553
148,148,4.135712623596191,4.134308815002441,0.0002,0.9216227462940665,0.03288028854876757,0.01173485050094314,0.012107884307624772,0.03220449760556221
149,149,4.134728908538818,4.13659143447876,0.0002,0.8831132242827675,0.032901935279369354,0.011816772050224245,0.012191433575935662,0.03242174070328474
150,150,4.134845733642578,4.134672164916992,0.0002,0.898805977246502,0.033094839192926884,0.011900255281943828,0.01227703841868788,0.03264256939291954
151,151,4.135217189788818,4.136274337768555,0.0002,0.912603686601317,0.03339316416531801,0.011983149102889001,0.012361803237581626,0.03286352939903736
152,152,4.136809349060059,4.138541221618652,0.0002,0.9249573322193999,0.03339919075369835,0.012071859062416479,0.012448530789697543,0.03308523911982775
153,153,4.132946968078613,4.138436317443848,0.0002,0.9361059882894198,0.033652834594249725,0.012151374976383522,0.012531572487205267,0.03330354858189821
154,154,4.134246826171875,4.135119915008545,0.0002,0.946156074139841,0.033760822378098965,0.012239349103765562,0.012618245207704604,0.03352630045264959
155,155,4.135234832763672,4.135073661804199,0.0002,0.9552029133756477,0.033973328769207,0.012325030460488051,0.012706991488812491,0.033750107511878014
156,156,4.135773658752441,4.133255481719971,0.0002,0.9633525577304767,0.03421539254486561,0.012405377347022295,0.012791428714990616,0.033969227224588394
157,157,4.133698463439941,4.14003849029541,0.0002,0.9201221627616796,0.03440985828638077,0.01249671759433113,0.01287944201612845,0.03419280331581831
158,158,4.133623123168945,4.136235237121582,0.0002,0.9304473458363213,0.034376335330307484,0.0125819758977741,0.012965798581717536,0.0344144394621253
159,159,4.133004188537598,4.132832050323486,0.0002,0.9393086617890577,0.034715102054178715,0.012670853640884161,0.013052685622824356,0.03463628143072128
160,160,4.132728576660156,4.135390281677246,0.0002,0.8873170770703098,0.03487931564450264,0.012763474747771397,0.013144093449227512,0.03486209828406572
161,161,4.131996154785156,4.135198593139648,0.0002,0.9026182742835044,0.035066491924226284,0.012849697232013568,0.013233887730166316,0.035086872056126595
162,162,4.1312408447265625,4.131342887878418,0.0002,0.9146882654694717,0.03513517417013645,0.0129332332580816,0.01331791142001748,0.0353066585958004
163,163,4.13101053237915,4.1336870193481445,0.0002,0.8745311758550006,0.03549387864768505,0.013023916457314044,0.013408727652858943,0.03553115110844374
164,164,4.130317687988281,4.131104469299316,0.0002,0.8893129551018397,0.03554072044789791,0.0131152484100312,0.013499872467946261,0.03575593791902065
165,165,4.1287031173706055,4.134244918823242,0.0002,0.854011411803584,0.035713182762265205,0.013203581591369584,0.013586930523160845,0.03597710561007261
166,166,4.130064964294434,4.137363910675049,0.0002,0.8708237493806831,0.03580712992697954,0.013288628833834082,0.013675775262527168,0.03620098810642958
167,167,4.12972354888916,4.1308770179748535,0.0002,0.8855219982228577,0.03609837777912617,0.013379687705310062,0.013765196898020804,0.036426132544875145
168,168,4.12947416305542,4.1337971687316895,0.0002,0.850606035909666,0.036094967275857925,0.013462437287671492,0.013850292656570673,0.036646997556090355
169,169,4.134106636047363,4.130524635314941,0.0002,0.8696382650503067,0.03631983790546656,0.013559961487771943,0.013942686869995669,0.03687457926571369
170,170,4.132875442504883,4.136806964874268,0.0002,0.8365531675913491,0.036620921455323696,0.013644006568938494,0.014029009180376306,0.03709834348410368
171,171,4.1297078132629395,4.133216857910156,0.0002,0.854250112458637,0.036743270233273506,0.013736197404796258,0.014121199812507257,0.037324980832636356
172,172,4.129451751708984,4.130460262298584,0.0002,0.8706541583730071,0.03700028918683529,0.013827508897520602,0.014212130947271362,0.03754823189228773
173,173,4.128960609436035,4.132168292999268,0.0002,0.8372320567035373,0.03713390789926052,0.013918955490225926,0.014303021947853267,0.03777147363871336
174,174,4.130573272705078,4.13303279876709,0.0002,0.8556217849287405,0.03732771426439285,0.014010042970767245,0.014391272241482511,0.03799050860106945
175,175,4.1290154457092285,4.13230037689209,0.0002,0.8737568642792187,0.037392676807940006,0.014102402230491862,0.014485864754533395,0.03821509052067995
176,176,4.128418445587158,4.12738037109375,0.0002,0.8900572818030882,0.03771260380744934,0.014197171025443822,0.014577239693608135,0.03843767009675503
177,177,4.12986946105957,4.136473655700684,0.0002,0.8510833016788119,0.037749240174889565,0.014287447585957125,0.014669163181679323,0.038661325350403786
178,178,4.128686428070068,4.136124134063721,0.0002,0.8709574559437259,0.03812411613762379,0.014378672931343317,0.014759637881070375,0.03888524044305086
179,179,4.129657745361328,4.134944915771484,0.0002,0.8880256581010166,0.03816776163876057,0.014474424970103428,0.014853097905870527,0.03911008033901453
180,180,4.128127574920654,4.129577159881592,0.0002,0.9029635661446291,0.03838714398443699,0.014563488337444142,0.01494376763002947,0.03933432325720787
181,181,4.131319999694824,4.126811981201172,0.0002,0.9164090068911951,0.03849873412400484,0.014654530852567405,0.015036737109767273,0.03955990448594093
182,182,4.126873016357422,4.126711368560791,0.0002,0.876543226557551,0.038726781494915485,0.01475068781292066,0.015129784063901752,0.039784565567970276
183,183,4.1285600662231445,4.129836082458496,0.0002,0.8426220176479685,0.03896586783230305,0.014843834738712758,0.01522331711021252,0.04000989254564047
184,184,4.126344203948975,4.127432823181152,0.0002,0.8623253290570084,0.039121488109230995,0.014941714762244374,0.015319221798563376,0.040237401612102985
185,185,4.1240925788879395,4.127366542816162,0.0002,0.8813843084767132,0.03931937646120787,0.015031522372737527,0.01541087991790846,0.04046278726309538
186,186,4.125960350036621,4.126420974731445,0.0002,0.8971830414445591,0.03947664611041546,0.015131011517951265,0.01550580735784024,0.040690237656235695
187,187,4.124011039733887,4.127133369445801,0.0002,0.861122092367076,0.039539714343845844,0.015226619376335293,0.015601947961840779,0.04091984033584595
188,188,4.12503719329834,4.1309285163879395,0.0002,0.8788881828563461,0.03964809328317642,0.015321902610594407,0.015697230206569657,0.04114795010536909
189,189,4.12261962890625,4.12727689743042,0.0002,0.8946459556426576,0.0399903180077672,0.015413405373692513,0.015787711017765105,0.041374446824193
190,190,4.128364562988281,4.125996112823486,0.0002,0.9088618703791662,0.04009438771754503,0.015512327576288953,0.01588404891663231,0.041603234596550465
191,191,4.124539375305176,4.125073432922363,0.0002,0.8696518752357749,0.04037301801145077,0.015600208658725023,0.015974929556250572,0.04182867892086506
192,192,4.123349189758301,4.125222206115723,0.0002,0.8341301108398014,0.040573254227638245,0.0157025518710725,0.016075101419119164,0.042060865089297295
193,193,4.124728202819824,4.127714157104492,0.0002,0.8530841301311295,0.040722424164414406,0.01580284914234653,0.016171514813322574,0.042291211895644665
194,194,4.123392581939697,4.126960754394531,0.0002,0.8694405427615742,0.040792872197926044,0.015887728455709293,0.01626324444077909,0.04251860827207565
195,195,4.123497009277344,4.130923271179199,0.0002,0.8863721342603015,0.041166217997670174,0.015984907833626494,0.0163564890390262,0.042747167870402336
196,196,4.126060962677002,4.126376152038574,0.0002,0.9013436543187272,0.041122385300695896,0.016085775976534933,0.01645393413491547,0.04297907929867506
197,197,4.1214680671691895,4.125217437744141,0.0002,0.914983743455178,0.041345756500959396,0.01617925940081477,0.01654909667558968,0.04320779349654913
198,198,4.121949195861816,4.126706123352051,0.0002,0.9271605918365986,0.041574508883059025,0.016277317539788783,0.01664610393345356,0.04343926254659891
199,199,4.122288703918457,4.123447895050049,0.0002,0.9380449059813823,0.04185828659683466,0.016381776658818126,0.016745417786296457,0.04367004707455635
200,200,4.121562480926514,4.1257853507995605,0.0002,0.8983440324686719,0.04197334684431553,0.01647630741354078,0.01683925196994096,0.04389851074665785
201,201,4.124625205993652,4.124372482299805,0.0002,0.912564277738916,0.04207262210547924,0.016573552624322474,0.016936453175731003,0.04412816558033228
202,202,4.123414039611816,4.1212921142578125,0.0002,0.9250756831678343,0.04225809220224619,0.016663984395563602,0.017027396941557527,0.04435361362993717
203,203,4.124879837036133,4.121933937072754,0.0002,0.8873103447450181,0.042373357340693474,0.016771878814324737,0.017129927698988467,0.044585675932466984
204,204,4.1208038330078125,4.125975608825684,0.0002,0.9004972817843997,0.042823610827326775,0.016868260980118066,0.017222608265001327,0.04481243994086981
205,205,4.121884346008301,4.123276710510254,0.0002,0.9123038216440078,0.04288494307547808,0.016965992690529674,0.017322121071629226,0.04504173714667559
206,206,4.1192097663879395,4.123326301574707,0.0002,0.9260306297580121,0.04312396887689829,0.017057294317055494,0.01741613232297823,0.045267689041793346
207,207,4.1208271980285645,4.123695373535156,0.0002,0.9359481799683785,0.0431944215670228,0.01715489965863526,0.01751141995191574,0.04549435153603554
208,208,4.121193885803223,4.121087551116943,0.0002,0.9461013361465832,0.04350385442376137,0.017249288328457624,0.01760429865680635,0.04572000168263912
209,209,4.120838165283203,4.123950958251953,0.0002,0.9056125844037021,0.0438274871557951,0.01734664512332529,0.017700695374514908,0.04594825394451618
210,210,4.1220808029174805,4.120198726654053,0.0002,0.9188531578094363,0.04371835105121136,0.01744333526585251,0.017797661595977843,0.046176434494554996
211,211,4.123263359069824,4.120382785797119,0.0002,0.880684154600246,0.04372194781899452,0.017536865081638098,0.017887762398459017,0.04640037100762129
212,212,4.120480537414551,4.1269989013671875,0.0002,0.8965626463036472,0.044058541767299175,0.01764357351930812,0.01799149514408782,0.04663072433322668
213,213,4.118403434753418,4.118212699890137,0.0002,0.9105824856250739,0.04431689437478781,0.01773874694481492,0.01808520033955574,0.046856642700731754
214,214,4.124640464782715,4.123383522033691,0.0002,0.8655628081038622,0.044409943744540215,0.017830881930422038,0.018179826147388667,0.0470822062343359
215,215,4.119243621826172,4.120633602142334,0.0002,0.8809095980211887,0.04462670534849167,0.01792983489576727,0.018275891605298966,0.04730883985757828
216,216,4.121060848236084,4.118005752563477,0.0002,0.8964665504039109,0.044819535687565804,0.018029106024187058,0.018377640168182552,0.047538015991449356
217,217,4.1195526123046875,4.11865234375,0.0002,0.8603444515141241,0.04492449015378952,0.01812605746090412,0.018471527029760182,0.04776416253298521
218,218,4.121516227722168,4.1204729080200195,0.0002,0.8786619869407425,0.04525571782141924,0.0182241594302468,0.018566607788670808,0.047989193350076675
219,219,4.120118141174316,4.11912727355957,0.0002,0.8947240960580773,0.04524591937661171,0.018317038659006357,0.018661452922970057,0.04821555968374014
220,220,4.118495464324951,4.122337818145752,0.0002,0.9089608471535982,0.045579083263874054,0.018420834094285965,0.018760766019113362,0.048445007763803005
221,221,4.119133949279785,4.122211933135986,0.0002,0.9217853877338357,0.04579167254269123,0.018511028960347176,0.018850818159990013,0.04867130797356367
222,222,4.119800567626953,4.117588996887207,0.0002,0.9332556419059338,0.04584732372313738,0.018602059048134834,0.018941012385766953,0.0488970885053277
223,223,4.119321823120117,4.1163530349731445,0.0002,0.8941478082792335,0.04604807961732149,0.018700958869885653,0.019037308113183826,0.04912653286010027
224,224,4.1140522956848145,4.116110324859619,0.0002,0.8584065563557367,0.04626920726150274,0.018782216706313193,0.019126088824123144,0.049352049827575684
225,225,4.115178108215332,4.121612548828125,0.0002,0.8263068270411148,0.04666145425289869,0.018890155712142587,0.019224395276978612,0.04958230070769787
226,226,4.114577770233154,4.118387699127197,0.0002,0.8477711979431266,0.04660111293196678,0.01897722657304257,0.019313597586005926,0.04980990756303072
227,227,4.1181535720825195,4.116245746612549,0.0002,0.8666080924270286,0.04690710362046957,0.019077144970651716,0.019412904104683548,0.050041139125823975
228,228,4.114800453186035,4.1179070472717285,0.0002,0.8837076131942727,0.04696132894605398,0.019165615609381348,0.019502817129250616,0.05026859324425459
229,229,4.119621276855469,4.114715576171875,0.0002,0.8988712713114324,0.04728030785918236,0.019262655405327678,0.019597824313677847,0.050499352626502514
230,230,4.118156909942627,4.115634441375732,0.0002,0.86313868616048,0.04736176319420338,0.019370662979781628,0.019697412673849612,0.050730819813907146
231,231,4.116570472717285,4.116811752319336,0.0002,0.88090743547372,0.04750902112573385,0.019452082400675863,0.01978785585379228,0.0509590245783329
232,232,4.118984222412109,4.117124557495117,0.0002,0.896530261787064,0.04774643201380968,0.0195651690592058,0.01988986658398062,0.051191914826631546
233,233,4.115452289581299,4.1218342781066895,0.0002,0.9105203038772269,0.04809334594756365,0.01965064648538828,0.019983109552413225,0.05141939967870712
234,234,4.113879680633545,4.114349365234375,0.0002,0.9232083061816179,0.04795113019645214,0.019755428947973996,0.02008177840616554,0.051650202833116055
235,235,4.111210346221924,4.1172943115234375,0.0002,0.8855923868455037,0.048464905470609665,0.019848044961690903,0.020175204670522362,0.05187761038541794
236,236,4.115825176239014,4.116507053375244,0.0002,0.8990538406601948,0.0486046364530921,0.019956390955485404,0.020277419360354543,0.052110033109784126
237,237,4.1183061599731445,4.115251541137695,0.0002,0.9108828143322225,0.04859564080834389,0.020051266881637275,0.020372026483528316,0.05234069935977459
238,238,4.108109951019287,4.113994598388672,0.0002,0.9216886652462354,0.048696317709982395,0.02014684397727251,0.02046894747763872,0.05257172416895628
239,239,4.1097517013549805,4.117387294769287,0.0002,0.8841475338450178,0.04904906824231148,0.020242664555553347,0.020561046607326716,0.05280291382223368
240,240,4.113530158996582,4.112431526184082,0.0002,0.8997643544353239,0.04921138472855091,0.020330804982222617,0.02065350959310308,0.05303506087511778
241,241,4.110974311828613,4.117126941680908,0.0002,0.8625061465620819,0.049400269985198975,0.020432509714737535,0.020755198784172535,0.05326909851282835
242,242,4.110681533813477,4.111778736114502,0.0002,0.8784133656446397,0.0496099004521966,0.02051799010951072,0.020842750440351665,0.053497341461479664
243,243,4.1121416091918945,4.117510795593262,0.0002,0.8447324624289361,0.0499490974470973,0.020633757463656366,0.0209486045059748,0.05373220983892679
244,244,4.1157121658325195,4.113758563995361,0.0002,0.8623174683893349,0.05006471648812294,0.02072022366337478,0.02103829849511385,0.05396041367202997
245,245,4.117061138153076,4.1103339195251465,0.0002,0.8797750456728857,0.050383090041577816,0.020811364869587123,0.021128731954377145,0.054189602844417095
246,246,4.112026214599609,4.11210823059082,0.0002,0.8454994272544768,0.05039207264780998,0.020904741599224508,0.021225447359029204,0.0544194346293807
247,247,4.110732078552246,4.1109113693237305,0.0002,0.8649393727912104,0.050483484752476215,0.021008971030823886,0.02132241037907079,0.05465078167617321
248,248,4.110836505889893,4.118680000305176,0.0002,0.8821400486469236,0.05071533937007189,0.02111139678163454,0.021422167075797915,0.054883954115211964
249,249,4.111820220947266,4.113735198974609,0.0002,0.8975977417595572,0.05101677868515253,0.021195995970629156,0.021514018648304045,0.05511476658284664
250,250,4.10850191116333,4.109047889709473,0.0002,0.9115572699120394,0.05095237214118242,0.02129115618299693,0.021607082278933376,0.055348075926303864
251,251,4.115297317504883,4.111834526062012,0.0002,0.8745289290462794,0.05123539362102747,0.02139292110223323,0.02170303970342502,0.055581485852599144
252,252,4.112582683563232,4.113931655883789,0.0002,0.8909202871224174,0.05137542448937893,0.021488964499440044,0.021800276590511203,0.05581543408334255
253,253,4.106402397155762,4.110884666442871,0.0002,0.9057189450345756,0.051698945462703705,0.02157609211280942,0.021892493416089565,0.056048559956252575
254,254,4.109344959259033,4.110835075378418,0.0002,0.9187742691491344,0.051913489587605,0.021682207356207073,0.021990430308505893,0.05628257244825363
255,255,4.1068620681762695,4.114091396331787,0.0002,0.930575149313686,0.0521239060908556,0.021779342845547944,0.022086186218075454,0.05651720613241196
256,256,4.1110992431640625,4.106624126434326,0.0002,0.9412043142009484,0.0522160055115819,0.021870837721507996,0.022179412771947682,0.056752086617052555
257,257,4.108428001403809,4.108429431915283,0.0002,0.9007209458039239,0.05258277989923954,0.021967569482512772,0.022276971547398716,0.05698680505156517
258,258,4.1104841232299805,4.108450889587402,0.0002,0.9145798156777072,0.052661522291600704,0.022063598968088627,0.022368765086866915,0.057221049442887306
259,259,4.112062454223633,4.1098856925964355,0.0002,0.9268503979172859,0.052761116065084934,0.02215830492787063,0.02246414450928569,0.05745471362024546
260,260,4.107967376708984,4.1068243980407715,0.0002,0.9387746399305761,0.05289957858622074,0.022259973629843444,0.02256210643099621,0.05768929608166218
261,261,4.11018180847168,4.114011287689209,0.0002,0.9495082521083137,0.05326907057315111,0.022353899374138564,0.02265632018679753,0.057923128828406334
262,262,4.109476566314697,4.107859134674072,0.0002,0.9581833249300744,0.053494831547141075,0.022435573511756957,0.0227433493710123,0.058155168779194355
263,263,4.1081719398498535,4.111022472381592,0.0002,0.9661650575712855,0.05349109135568142,0.022545442334376276,0.022847884451039135,0.0583944246172905
264,264,4.113020896911621,4.11323356628418,0.0002,0.9731762106347942,0.053620398975908756,0.022637529065832496,0.022937898349482566,0.058628303930163383
265,265,4.100886821746826,4.106202125549316,0.0002,0.9794774450500541,0.0540417293086648,0.02272247348446399,0.023027293907944113,0.05886257532984018
266,266,4.105153560638428,4.104474067687988,0.0002,0.9275504669692032,0.05416777450591326,0.022821195772849023,0.02312250144314021,0.05909911822527647
267,267,4.1061906814575195,4.103546142578125,0.0002,0.887574440682335,0.05425540171563625,0.022918518458027393,0.02321882691467181,0.05933654773980379
268,268,4.103122711181641,4.113271236419678,0.0002,0.8516145221909917,0.054577077738940716,0.02301193430321291,0.02331113425316289,0.05957350414246321
269,269,4.107129096984863,4.107853889465332,0.0002,0.8683961698208198,0.05454456713050604,0.02310680120717734,0.02340803324477747,0.05981150735169649
270,270,4.099165916442871,4.106721878051758,0.0002,0.8853089394741387,0.05506612826138735,0.023199098301120102,0.023500458686612546,0.06004861928522587
271,271,4.1101226806640625,4.106326580047607,0.0002,0.9004286000383949,0.05511521175503731,0.02330914471531287,0.023601070570293814,0.06028923112899065
272,272,4.1075053215026855,4.107006072998047,0.0002,0.914062284604391,0.05524230096489191,0.023395345953758806,0.023693972791079432,0.060527305118739605
273,273,4.101315021514893,4.10554838180542,0.0002,0.9263471432106031,0.05542323365807533,0.023484909324906766,0.023785557074006647,0.06076470948755741
274,274,4.105415344238281,4.106179237365723,0.0002,0.9372833324318677,0.05577551480382681,0.02359270234592259,0.02388561685802415,0.06100357975810766
275,275,4.108395099639893,4.106215000152588,0.0002,0.947300326067654,0.05572019889950752,0.023676209908444434,0.023978672921657562,0.06124164443463087
276,276,4.105186462402344,4.104689121246338,0.0002,0.9577660032640727,0.05602871626615524,0.023783546639606357,0.024072164087556303,0.061479524709284306
277,277,4.102685451507568,4.102795124053955,0.0002,0.9659584608687013,0.05620046239346266,0.023883993038907647,0.024172819510567933,0.0617204736918211
278,278,4.103566646575928,4.110483169555664,0.0002,0.9227022596641716,0.05650821886956692,0.02397804765496403,0.02426749625010416,0.06196105387061834
279,279,4.101702690124512,4.104676246643066,0.0002,0.9320693271826122,0.05656115524470806,0.02406746754422784,0.02436111232964322,0.06220236327499151
280,280,4.101597785949707,4.103463172912598,0.0002,0.9424790493413165,0.05654650554060936,0.024153614416718483,0.024450214055832475,0.06244204379618168
281,281,4.104457855224609,4.109279155731201,0.0002,0.9511783427480661,0.057135436683893204,0.024259075697045773,0.024551005335524678,0.06268609687685966
282,282,4.101531982421875,4.109246253967285,0.0002,0.9585918940260538,0.05722080823034048,0.024354787601623684,0.024641420633997768,0.0629257932305336
283,283,4.106017112731934,4.105217933654785,0.0002,0.9645791920784056,0.05732767377048731,0.024446703610010445,0.024733214813750237,0.0631672628223896
284,284,4.101534366607666,4.103104591369629,0.0002,0.9725018295760914,0.05745580606162548,0.024532361247111112,0.02482627984136343,0.06340822950005531
285,285,4.103150367736816,4.113743305206299,0.0002,0.9799565641141628,0.05768399499356747,0.02461429819231853,0.024912081309594214,0.06364776752889156
286,286,4.100295066833496,4.101411819458008,0.0002,0.9857088818777889,0.057694874703884125,0.024725378840230405,0.025013344769831747,0.0638906192034483
287,287,4.105435848236084,4.1039886474609375,0.0002,0.9408566719886322,0.05792702455073595,0.0248187625547871,0.025104509433731437,0.06413119472563267
288,288,4.097845077514648,4.101097106933594,0.0002,0.9504634141038866,0.058379110880196095,0.02490895485971123,0.025194181653205305,0.06437286362051964
289,289,4.100249290466309,4.108221054077148,0.0002,0.9096660306407776,0.058629744686186314,0.024990789941512048,0.02528301446000114,0.0646129846572876
290,290,4.098546981811523,4.104057312011719,0.0002,0.9206770458381468,0.05853475537151098,0.02508859522640705,0.02537570451386273,0.06485532037913799
291,291,4.104668617248535,4.102323055267334,0.0002,0.9322031154125529,0.05889103189110756,0.025179082877002656,0.025466491060797125,0.0650959201157093
292,292,4.096161842346191,4.096879005432129,0.0002,0.9442811334463822,0.05907299742102623,0.025279714493080974,0.025560045964084566,0.06533841043710709
293,293,4.095333099365234,4.100364685058594,0.0002,0.9021224708714877,0.059029627591371536,0.025368952366989106,0.025653500284533948,0.06557963974773884
294,294,4.100549221038818,4.104828357696533,0.0002,0.914063779646438,0.059425332583487034,0.02545620541786775,0.025743487640284002,0.06582029908895493
295,295,4.097989082336426,4.103157997131348,0.0002,0.9263017909737542,0.05976476240903139,0.025555447326041758,0.025835266336798668,0.06606241874396801
296,296,4.0998687744140625,4.109275817871094,0.0002,0.9374434177970979,0.05979461222887039,0.025646944297477603,0.025929713679943234,0.06630471162497997
297,297,4.100349426269531,4.1013407707214355,0.0002,0.9473095697066203,0.0601004408672452,0.025733404036145657,0.02601785265142098,0.06654525734484196
298,298,4.095355033874512,4.094996929168701,0.0002,0.9562882143363551,0.06025198474526405,0.025828344107139856,0.026108669815585017,0.06678606569766998
299,299,4.0974931716918945,4.10152530670166,0.0002,0.9128434192648187,0.06035016756504774,0.02591647137887776,0.02619830274488777,0.06702574528753757
300,300,4.093936920166016,4.097564697265625,0.0002,0.9256412511912618,0.060532026924192905,0.026007439591921866,0.02628809108864516,0.06726635806262493
301,301,4.097543716430664,4.104045391082764,0.0002,0.9367757063203369,0.06071077100932598,0.026097879162989557,0.02638143493095413,0.06750819645822048
302,302,4.098090648651123,4.104618549346924,0.0002,0.9467733584152417,0.060974556021392345,0.026180736487731338,0.026466467301361263,0.06774703599512577
303,303,4.093026161193848,4.0977020263671875,0.0002,0.9557021158631444,0.061054580844938755,0.02626696607330814,0.026558011362794787,0.06798725016415119
304,304,4.0949859619140625,4.102349281311035,0.0002,0.9638296029180508,0.06135052628815174,0.026367389364168048,0.026650009851437062,0.06822946108877659
305,305,4.098043441772461,4.103243827819824,0.0002,0.9709397737412775,0.06151314917951822,0.026453473372384906,0.02673975279321894,0.06847258284687996
306,306,4.0987162590026855,4.092305660247803,0.0002,0.9775765655323152,0.06171745155006647,0.02654589049052447,0.02682985446881503,0.0687160175293684
307,307,4.098586082458496,4.097787380218506,0.0002,0.9306808911186394,0.06193192768841982,0.026642434764653444,0.02692305954406038,0.06896118260920048
308,308,4.098249435424805,4.09940242767334,0.0002,0.9398207135346439,0.06195279769599438,0.026735772960819304,0.027014884573873132,0.06920691393315792
309,309,4.1009087562561035,4.098664283752441,0.0002,0.9494724642312259,0.06237407959997654,0.02681963733630255,0.02710069384193048,0.06945076957345009
310,310,4.09553861618042,4.096546173095703,0.0002,0.9581568386206326,0.06247374415397644,0.02691346762003377,0.027194584894459695,0.06969660520553589
311,311,4.097719669342041,4.100873947143555,0.0002,0.9660657491581501,0.06256240047514439,0.027007228403817862,0.027285562711767852,0.06994148530066013
312,312,4.094995498657227,4.098278045654297,0.0002,0.9731304316428111,0.0628831647336483,0.0270975767634809,0.027377865510061383,0.07018783316016197
313,313,4.094113349914551,4.094982624053955,0.0002,0.9793171059472022,0.06292404979467392,0.027188441425096244,0.027466570143587887,0.07043236121535301
314,314,4.089385986328125,4.095507621765137,0.0002,0.98520180486669,0.06340712308883667,0.027278933441266418,0.02755766111658886,0.07067819312214851
315,315,4.093228816986084,4.0932464599609375,0.0002,0.9903550847021939,0.06346867233514786,0.02735843794653192,0.027641728171147406,0.07092209160327911
316,316,4.099850177764893,4.099514961242676,0.0002,0.9949674884168157,0.06344610825181007,0.02745362458517775,0.02773295034421608,0.07116754911839962
317,317,4.091444969177246,4.096011161804199,0.0002,1.0006555634505092,0.0638275220990181,0.02754943264881149,0.027825916651636362,0.07141317240893841
318,318,4.0922136306762695,4.09645938873291,0.0002,1.004410393057974,0.06381826475262642,0.02763390663312748,0.027911469107493758,0.0716580618172884
319,319,4.097660064697266,4.09616231918335,0.0002,1.007727477147191,0.06410016678273678,0.02772494306555018,0.028002804552670568,0.07190407067537308
320,320,4.093713760375977,4.097724914550781,0.0002,1.0107561195949668,0.06430912762880325,0.02781262039206922,0.028093314496800303,0.07215053588151932
321,321,4.088434219360352,4.097766876220703,0.0002,1.0132439364358667,0.0645010843873024,0.027893287944607437,0.02817346970550716,0.07239499129354954
322,322,4.096219062805176,4.093670845031738,0.0002,1.015521676041448,0.064600745216012,0.027986043540295213,0.028264579363167286,0.07264209166169167
323,323,4.090551853179932,4.090022563934326,0.0002,1.0176583918331121,0.06490093842148781,0.028064163227099925,0.028350718086585402,0.07288851775228977
324,324,4.088784217834473,4.090655326843262,0.0002,0.9677127658116562,0.06529990397393703,0.028161228518001735,0.028443463670555502,0.07313664257526398
325,325,4.092219829559326,4.090970039367676,0.0002,0.9746175931822819,0.0651762243360281,0.028247071313671768,0.028527108079288155,0.07338062860071659
326,326,4.091011047363281,4.092287063598633,0.0002,0.9826841937912435,0.06543460302054882,0.028327543754130602,0.028613220434635878,0.07362658716738224
327,327,4.091032981872559,4.088545322418213,0.0002,0.9882220233010636,0.06576072610914707,0.028418816451448947,0.02870019112015143,0.07387155666947365
328,328,4.0911407470703125,4.090826988220215,0.0002,0.9411682391023724,0.06585461460053921,0.02850986341945827,0.02878944150870666,0.07411732152104378
329,329,4.08551025390625,4.0918803215026855,0.0002,0.9509899075384461,0.0661222506314516,0.028592002345249057,0.028874456591438502,0.07436304166913033
330,330,4.08686637878418,4.08967399597168,0.0002,0.959387999611222,0.06619483791291714,0.028675875219050795,0.028960212075617164,0.0746087096631527
331,331,4.08758544921875,4.090047836303711,0.0002,0.9673137887549643,0.06641295738518238,0.028763737063854933,0.02904346806462854,0.0748540423810482
332,332,4.091481685638428,4.096584796905518,0.0002,0.9742179929868582,0.06646827235817909,0.02885622752364725,0.02913480397546664,0.07510131038725376
333,333,4.0914106369018555,4.099265098571777,0.0002,0.9804295754832344,0.06673026643693447,0.02894006372662261,0.029217702976893634,0.07534707151353359
334,334,4.092632293701172,4.0929083824157715,0.0002,0.9875954845741856,0.06699341535568237,0.029020584770478308,0.02929621556540951,0.07559209503233433
335,335,4.082431793212891,4.084477424621582,0.0002,0.9928471065254334,0.06734992377460003,0.02909356920281425,0.0293789574643597,0.07583669200539589
336,336,4.09018611907959,4.086433410644531,0.0002,0.9452948055447826,0.06726695597171783,0.02919614629354328,0.029470309033058584,0.07608418352901936
337,337,4.087062835693359,4.093008041381836,0.0002,0.9547840349149113,0.06754962727427483,0.029280892806127667,0.02955472079338506,0.07633054256439209
338,338,4.088379383087158,4.1027421951293945,0.0002,0.9630227288815889,0.06798718497157097,0.02935505547793582,0.02963940950576216,0.07657853327691555
339,339,4.084678649902344,4.0925188064575195,0.0002,0.9717119770076268,0.06790107861161232,0.0294352937489748,0.029717343335505575,0.07682443782687187
340,340,4.090500831604004,4.090488433837891,0.0002,0.9769451950051624,0.06828713417053223,0.029522263794206083,0.029801795084495097,0.07707236893475056
341,341,4.088743209838867,4.093081474304199,0.0002,0.9828814158483514,0.06814117357134819,0.029603403876535594,0.029886377218645066,0.07731953635811806
342,342,4.086798191070557,4.0889482498168945,0.0002,0.9890887397647031,0.06848428770899773,0.029696689336560667,0.029976295947562903,0.07756941206753254
343,343,4.086139678955078,4.086233139038086,0.0002,0.9947680684054206,0.06874972768127918,0.02977079973788932,0.030055679322686046,0.07781670987606049
344,344,4.086897850036621,4.0845770835876465,0.0002,0.9990476197355204,0.0689739566296339,0.029858361231163144,0.03014027635799721,0.07806471921503544
345,345,4.083518981933594,4.081937789916992,0.0002,1.002807947479712,0.06901179067790508,0.029952939425129443,0.030225995054934174,0.07831287942826748
346,346,4.088098526000977,4.088725566864014,0.0002,0.9542568199108287,0.06929603219032288,0.030022249091416597,0.030301726481411606,0.07855996862053871
347,347,4.083461761474609,4.087611675262451,0.0002,0.9628285626126899,0.06933037377893925,0.030115321278572083,0.03039200184866786,0.07880997844040394
348,348,4.084881782531738,4.090765953063965,0.0002,0.9703197194690875,0.06964780017733574,0.030177072854712605,0.030466040538158268,0.07905705645680428
349,349,4.087030410766602,4.0941948890686035,0.0002,0.9769660546016438,0.06991318427026272,0.030279190803412348,0.030556669807992876,0.07930647023022175
350,350,4.090236663818359,4.084380149841309,0.0002,0.9828289211623341,0.07001864723861217,0.030364471720531583,0.030639571021310985,0.07955431006848812
351,351,4.084933757781982,4.086943626403809,0.0002,0.9899248688863079,0.07017465308308601,0.03042855631792918,0.030713822110556066,0.07979938015341759
352,352,4.082526206970215,4.101225852966309,0.0002,0.9948297056757845,0.07049425505101681,0.030533926852513105,0.03080987953580916,0.08005089685320854
353,353,4.087263107299805,4.101929187774658,0.0002,0.9989453485757166,0.07039510272443295,0.03060377383371815,0.030882906343322247,0.08029962331056595
354,354,4.079133987426758,4.086945533752441,0.0002,1.002767911176314,0.0708218365907669,0.030675970716401935,0.030959062394686043,0.08054878190159798
355,355,4.088740825653076,4.08686637878418,0.0002,1.0061060145215264,0.07088356837630272,0.030766616051550955,0.031045108218677342,0.08080060221254826
356,356,4.084672927856445,4.081292152404785,0.0002,1.0092654533001355,0.07112382352352142,0.03083844663342461,0.03112160717137158,0.08105036616325378
357,357,4.0828962326049805,4.09419059753418,0.0002,0.9619891826735496,0.07116230577230453,0.030919712444301695,0.031200059223920107,0.0812983401119709
358,358,4.092484951019287,4.080972194671631,0.0002,0.969793452989183,0.071616156026721,0.030999498208984733,0.031281039235182106,0.08154812641441822
359,359,4.084194183349609,4.086241722106934,0.0002,0.9249204442531349,0.07180894538760185,0.03108214569510892,0.031357711006421596,0.08179783076047897
360,360,4.077641487121582,4.080327987670898,0.0002,0.9367866300966807,0.07184464484453201,0.031160410318989307,0.03143977769650519,0.08204684406518936
361,361,4.087657451629639,4.078029632568359,0.0002,0.8957989802834252,0.07212710566818714,0.031233799643814564,0.03151344513753429,0.08229251764714718
362,362,4.081743240356445,4.082634925842285,0.0002,0.8610374573236733,0.07264182344079018,0.03132200526306406,0.03160185005981475,0.08254293538630009
363,363,4.07728910446167,4.075901985168457,0.0002,0.8787664706334932,0.07267878577113152,0.031399223138578236,0.03167613048572093,0.08278988301753998
364,364,4.082333087921143,4.080806255340576,0.0002,0.8445619353984632,0.07275854609906673,0.031472366536036134,0.031754298717714846,0.08303743228316307
365,365,4.081530570983887,4.079972267150879,0.0002,0.8657863358224811,0.07288384437561035,0.03154909407021478,0.03183489729417488,0.08328542672097683
366,366,4.078824996948242,4.0892534255981445,0.0002,0.8830665428068472,0.07271352410316467,0.03162802872247994,0.03191119886469096,0.08353080973029137
367,367,4.078121185302734,4.078991413116455,0.0002,0.8983189209235092,0.07331782020628452,0.03171678725630045,0.03199193166801706,0.08377917483448982
368,368,4.080344200134277,4.082162380218506,0.0002,0.9121441897493519,0.07364251650869846,0.0317858470370993,0.03206880734069273,0.0840266477316618
369,369,4.082161903381348,4.080466270446777,0.0002,0.9246834812211148,0.07388130947947502,0.0318663272773847,0.03215048520360142,0.08427598886191845
370,370,4.081270217895508,4.082270622253418,0.0002,0.9358542385006423,0.07368304021656513,0.031940316839609295,0.03222529764752835,0.08452405780553818
371,371,4.081205368041992,4.078819751739502,0.0002,0.9458850294184051,0.07398922368884087,0.032024697109591216,0.03230354911647737,0.08477435633540154
372,372,4.075210094451904,4.081479072570801,0.0002,0.9550904085927476,0.07401248440146446,0.03209863428492099,0.032380880031269044,0.08502382971346378
373,373,4.0746965408325195,4.083379745483398,0.0002,0.9632561498536024,0.0742679163813591,0.03217545570805669,0.03245780820725486,0.08527547121047974
374,374,4.082242488861084,4.088883399963379,0.0002,0.9714143638534981,0.07439102418720722,0.03225279209436849,0.03253561368910596,0.08552955836057663
375,375,4.074929237365723,4.081892013549805,0.0002,0.9788481280153506,0.07491404004395008,0.0323180616251193,0.03260414715623483,0.08578152395784855
376,376,4.082251071929932,4.078639984130859,0.0002,0.9846033012264274,0.07491675205528736,0.03239509160630405,0.03268549049971625,0.08603656105697155
377,377,4.07658052444458,4.077435493469238,0.0002,0.9899567298283409,0.0752099622040987,0.03247830586042255,0.032759479247033596,0.08629121445119381
378,378,4.06982946395874,4.0909199714660645,0.0002,0.9944875674577537,0.07524021528661251,0.032548210059758276,0.03283434431068599,0.08654575608670712
379,379,4.08107852935791,4.082469940185547,0.0002,0.9986655891311135,0.07535275630652905,0.032622439437545836,0.03290803427807987,0.08679991215467453
380,380,4.078675746917725,4.078139305114746,0.0002,1.0025809900221723,0.07547843270003796,0.03269222634844482,0.032982313772663474,0.08705299533903599
381,381,4.073666572570801,4.079132080078125,0.0002,1.0058814837975265,0.0760464109480381,0.03276740247383714,0.03305471607018262,0.08730525895953178
382,382,4.078646659851074,4.072511196136475,0.0002,1.0090911922467032,0.07593774981796741,0.032849440118297935,0.033136515063233674,0.08755828812718391
383,383,4.078945159912109,4.083351135253906,0.0002,0.9622285139617749,0.07625303231179714,0.03292606375180185,0.03320709057152271,0.0878074411302805
384,384,4.077010631561279,4.07639741897583,0.0002,0.9703192686018951,0.07647326588630676,0.03300084377406165,0.03328676603268832,0.08805962279438972
385,385,4.078550338745117,4.086478233337402,0.0002,0.9770653280504967,0.07649904675781727,0.03306583862286061,0.03335167083423585,0.0883080754429102
386,386,4.071732044219971,4.073702812194824,0.0002,0.9830181584862967,0.0767581295222044,0.03314551507355645,0.033430665265768766,0.08856094628572464
387,387,4.070911407470703,4.071396827697754,0.0002,0.9883404799420501,0.07703609578311443,0.03320833825273439,0.033498648554086685,0.08881022967398167
388,388,4.073378562927246,4.076751708984375,0.0002,0.9250759428027291,0.0769703071564436,0.03329284320352599,0.03357752365991473,0.08906242810189724
389,389,4.076894283294678,4.07539701461792,0.0002,0.9348178147735349,0.07735574431717396,0.03335208375938237,0.03363822225946933,0.08931128680706024
390,390,4.072536468505859,4.0749688148498535,0.0002,0.9458194147748887,0.07752093486487865,0.03342559072189033,0.033713421667926013,0.08956263773143291
391,391,4.067679405212402,4.07386589050293,0.0002,0.9558463065205929,0.07789701595902443,0.03349767334293574,0.033781979815103114,0.0898132361471653
392,392,4.071130275726318,4.07206916809082,0.0002,0.964001708560647,0.07792219519615173,0.033561994205228984,0.03385208116378635,0.09006378054618835
393,393,4.085192680358887,4.074119567871094,0.0002,0.9713226039967326,0.07808961160480976,0.03363910526968539,0.03392740408889949,0.09031590074300766
394,394,4.070085048675537,4.077295303344727,0.0002,0.9778761420110437,0.07828143052756786,0.033692177035845816,0.03398752259090543,0.0905645303428173
395,395,4.07960319519043,4.074392318725586,0.0002,0.9836343732374485,0.07855030335485935,0.033777336589992046,0.03406179731246084,0.09081710129976273
396,396,4.071044445037842,4.076778411865234,0.0002,0.988914004182573,0.07863292098045349,0.033837326569482684,0.03412387100979686,0.09106794372200966
397,397,4.07252311706543,4.071850776672363,0.0002,0.9937869059176669,0.07917815819382668,0.03389630501624197,0.03418725321535021,0.09131929650902748
398,398,4.073274612426758,4.0826416015625,0.0002,0.9980803538838207,0.07910331152379513,0.033969789277762175,0.034259819076396525,0.09157298877835274
399,399,4.069223403930664,4.069243431091309,0.0002,1.001897336156447,0.07930749282240868,0.03403276135213673,0.03432787687052041,0.0918252021074295
400,400,4.070321083068848,4.078104019165039,0.0002,0.9481158617590907,0.07924207672476768,0.03408986947033554,0.034391331020742655,0.0920773483812809
401,401,4.074506759643555,4.070973873138428,0.0002,0.9553467322692235,0.07946003414690495,0.03417683450970799,0.0344665547600016,0.09233030304312706
402,402,4.06328010559082,4.070346832275391,0.0002,0.9634366365231269,0.07971816509962082,0.034239744185470045,0.03452779247891158,0.09258123859763145
403,403,4.071207523345947,4.06625509262085,0.0002,0.9689900845039753,0.07996074296534061,0.034299344988539815,0.03459205699618906,0.09283494390547276
404,404,4.068368911743164,4.080557823181152,0.0002,0.9255732705811098,0.08024142123758793,0.034367059357464314,0.03466293856035918,0.0930895283818245
405,405,4.068704605102539,4.069223403930664,0.0002,0.9375732154842896,0.07990854606032372,0.03443709632847458,0.03473031660541892,0.09334487654268742
406,406,4.076620101928711,4.075962066650391,0.0002,0.9476062432295891,0.08060377277433872,0.034503452363424,0.03479519370011985,0.09360040351748466
407,407,4.067570209503174,4.077465057373047,0.0002,0.9579144662513451,0.08056205697357655,0.034570879535749555,0.03485840046778321,0.09385553188621998
408,408,4.061591148376465,4.072352409362793,0.0002,0.9661772243055935,0.08098925091326237,0.03463746188208461,0.034926601219922304,0.09411176107823849
409,409,4.074704170227051,4.068807601928711,0.0002,0.9732188651158837,0.08088523894548416,0.03469785931520164,0.03499450709205121,0.0943672526627779
410,410,4.066537857055664,4.073173522949219,0.0002,0.9796167219180366,0.08165141381323338,0.03475708479527384,0.0350541319930926,0.09462189860641956
411,411,4.075032711029053,4.069853782653809,0.0002,0.9852167199206164,0.08144726790487766,0.034827395575121045,0.03512468980625272,0.09487978182733059
412,412,4.064457893371582,4.068423271179199,0.0002,0.9904381688306692,0.08172547817230225,0.03489291784353554,0.03518850519321859,0.09513687528669834
413,413,4.06612491607666,4.069572448730469,0.0002,0.9950554771139569,0.08174244500696659,0.03495486010797322,0.03525545715820044,0.09539346396923065
414,414,4.067431926727295,4.069742202758789,0.0002,0.9992493912727333,0.08194587379693985,0.035029063117690384,0.03532280749641359,0.09564857557415962
415,415,4.067331790924072,4.0699357986450195,0.0002,1.0029525511724582,0.08235083892941475,0.03508323663845658,0.03538379794918001,0.09590308554470539
416,416,4.06477165222168,4.073129177093506,0.0002,1.006251510131959,0.0822974368929863,0.035146721987985075,0.035447476198896766,0.09615881182253361
417,417,4.061254501342773,4.06365966796875,0.0002,1.0076078142024083,0.08268911205232143,0.03523034637328237,0.03552423196379095,0.09641708247363567
418,418,4.065579414367676,4.0692949295043945,0.0002,0.9595438508715175,0.0826549157500267,0.035281764692626894,0.03558036184404045,0.09667167440056801
419,419,4.062716960906982,4.081905364990234,0.0002,0.9673789319100571,0.08288619853556156,0.035351571161299944,0.03564614965580404,0.09692954644560814
420,420,4.074204444885254,4.068469047546387,0.0002,0.9743255150541623,0.0830658096820116,0.03540397621691227,0.035706493887118995,0.09718704037368298
421,421,4.064522743225098,4.068756103515625,0.0002,0.9806528522281982,0.0832344014197588,0.03546443209052086,0.035769371199421585,0.0974432323127985
422,422,4.065432548522949,4.077208518981934,0.0002,0.9862284336439282,0.08332370594143867,0.03553704742807895,0.035839573363773525,0.09770102985203266
423,423,4.059359550476074,4.069726943969727,0.0002,0.9912759665375452,0.0835118219256401,0.03561054321471602,0.03590835363138467,0.09795904345810413
424,424,4.064565658569336,4.072882652282715,0.0002,0.995829761499308,0.08379483036696911,0.03567087231203914,0.035972428508102894,0.09821605309844017
425,425,4.060121536254883,4.068203926086426,0.0002,1.0014148311661066,0.08393453992903233,0.03572285524569452,0.036031084368005395,0.09847158379852772
426,426,4.067452430725098,4.076072692871094,0.0002,1.0053182330111472,0.08420554734766483,0.03580162359867245,0.03609978035092354,0.09872853755950928
427,427,4.065497875213623,4.067623138427734,0.0002,1.0096141585149923,0.08470097742974758,0.03587107313796878,0.03616957273334265,0.09898610599339008
428,428,4.056989669799805,4.072967529296875,0.0002,1.0111234016725434,0.08460173197090626,0.035932875936850905,0.03623353748116642,0.09924523904919624
429,429,4.064059257507324,4.062792778015137,0.0002,1.0137903722787323,0.08500338159501553,0.03599777293857187,0.036295547732152045,0.09950537793338299
430,430,4.056169509887695,4.063198089599609,0.0002,0.965049253051158,0.0847235918045044,0.03604564361739904,0.036353952484205365,0.09976513683795929
431,431,4.061057090759277,4.065483570098877,0.0002,0.9708598369276726,0.08518622070550919,0.03611310326959938,0.0364195320289582,0.10002427734434605
432,432,4.066178321838379,4.074055194854736,0.0002,0.9773095909263648,0.08536745607852936,0.036181370611302555,0.036484403535723686,0.10028320550918579
433,433,4.063371658325195,4.069163799285889,0.0002,0.9823030101241325,0.08583465218544006,0.03623957559466362,0.03654400713276118,0.10054269060492516
434,434,4.056459426879883,4.0634379386901855,0.0002,0.9886855797098495,0.08590696007013321,0.036298258462920785,0.03660505544394255,0.10080295614898205
435,435,4.071979999542236,4.068423271179199,0.0002,0.9935742625141846,0.08590341545641422,0.036363623454235494,0.03666799212805927,0.10106207430362701
436,436,4.059755325317383,4.070653915405273,0.0002,0.99777982540606,0.086040573194623,0.036417532595805824,0.036728989565744996,0.10132051818072796
437,437,4.055099964141846,4.0679707527160645,0.0002,1.0017440814030922,0.0864951591938734,0.036493074148893356,0.0367976218694821,0.10157923027873039
438,438,4.061556339263916,4.057360649108887,0.0002,1.0052462178326187,0.08643472380936146,0.03655579232145101,0.03685827204026282,0.1018388569355011
439,439,4.0617756843566895,4.064121246337891,0.0002,0.9583964240059515,0.08667510189116001,0.036630540736950934,0.03693065990228206,0.10210076533257961
440,440,4.052435874938965,4.059788703918457,0.0002,0.9665271688826613,0.08678353391587734,0.036686052568256855,0.036990020773373544,0.10236185602843761
441,441,4.06019401550293,4.075229644775391,0.0002,0.9734515120167649,0.08697476238012314,0.03674482717178762,0.037054438260383904,0.10262430645525455
442,442,4.055650234222412,4.058807373046875,0.0002,0.9813288414381415,0.08729914389550686,0.03680581913795322,0.03711689112242311,0.10288614965975285
443,443,4.065938949584961,4.0505452156066895,0.0002,0.9872661425176722,0.08736662939190865,0.03686059650499374,0.03717339923605323,0.1031475868076086
444,444,4.063365936279297,4.0681586265563965,0.0002,0.9427487047048634,0.08743101544678211,0.03693380928598344,0.03724110126495361,0.10340856201946735
445,445,4.060892105102539,4.060286521911621,0.0002,0.9522906855600215,0.08744282834231853,0.036996966577135026,0.03730676672421396,0.10367029346525669
446,446,4.052792549133301,4.061858177185059,0.0002,0.9607628421631055,0.08802803978323936,0.037065680720843375,0.03737172216642648,0.10393114387989044
447,447,4.0522613525390625,4.0688395500183105,0.0002,0.9682504264080269,0.08842275850474834,0.03712569025810808,0.03743275406304747,0.10419358313083649
448,448,4.062631607055664,4.065499782562256,0.0002,0.9751826245425442,0.0883495956659317,0.03717929788399488,0.03749323938973248,0.10445678234100342
449,449,4.060107231140137,4.062295913696289,0.0002,0.9812999451956801,0.08842994086444378,0.03724294563289732,0.03755336080212146,0.10472009889781475
450,450,4.055297374725342,4.07343864440918,0.0002,0.9868024519724269,0.08864344656467438,0.037296240450814366,0.03760894387960434,0.10498292930424213
451,451,4.062065124511719,4.06048583984375,0.0002,0.9917322604076151,0.08888957090675831,0.03736935358028859,0.03767566382884979,0.10524657368659973
452,452,4.060834884643555,4.057485580444336,0.0002,0.9963277503695787,0.08913465403020382,0.037431329721584916,0.03773971972987056,0.10550780035555363
453,453,4.055792808532715,4.055816650390625,0.0002,1.0002878696649982,0.08946427144110203,0.03748712933156639,0.03779965464491397,0.10576946288347244
454,454,4.0529680252075195,4.062434673309326,0.0002,1.0039109584241046,0.08956153877079487,0.03754358377773315,0.037857957067899406,0.10603253543376923
455,455,4.066686153411865,4.060092926025391,0.0002,1.0072387239285785,0.08956598304212093,0.037606870755553246,0.03792065300513059,0.10629627294838428
456,456,4.058736801147461,4.064247131347656,0.0002,1.0101535166374849,0.08972842805087566,0.037667452823370695,0.03798368852585554,0.10656085051596165
457,457,4.051802635192871,4.052878379821777,0.0002,1.0129015844022715,0.09003637731075287,0.037731998949311674,0.03804173809476197,0.10682394541800022
458,458,4.059800148010254,4.0645670890808105,0.0002,1.0152003612630627,0.09032142348587513,0.03778248676098883,0.03810093807987869,0.1070856861770153
459,459,4.052793979644775,4.062514305114746,0.0002,1.0173520231140825,0.09019829332828522,0.03784771915525198,0.03816746035590768,0.1073484718799591
460,460,4.058785438537598,4.063807487487793,0.0002,1.0209433377109756,0.09051053412258625,0.037900787428952754,0.03822391701396555,0.10760852508246899
461,461,4.050350666046143,4.0532684326171875,0.0002,1.0227162464308774,0.09070677869021893,0.03797184978611767,0.038288017734885216,0.10787038505077362
462,462,4.057592868804932,4.061264991760254,0.0002,1.0240960571050082,0.0909092165529728,0.0380249050213024,0.03834869037382305,0.10813122056424618
463,463,4.04758358001709,4.057675361633301,0.0002,1.0253506600746245,0.09120437502861023,0.03810634324327111,0.038419991848059,0.10839394107460976
464,464,4.0527472496032715,4.071132183074951,0.0002,1.0264736359031885,0.09148101694881916,0.03816036391071975,0.03847706620581448,0.10865736939013004
465,465,4.054210662841797,4.066252708435059,0.0002,1.0274486489488759,0.09120221622288227,0.03822547220624983,0.03853921638801694,0.10892234556376934
466,466,4.052726745605469,4.056654930114746,0.0002,1.0282768862551694,0.09164768643677235,0.03828852949663997,0.0385973087977618,0.1091863252222538
467,467,4.04586935043335,4.059894561767578,0.0002,1.0291887891639178,0.0919100996106863,0.03833783359732479,0.038656290736980736,0.10945325717329979
468,468,4.058426856994629,4.073146820068359,0.0002,1.030002002672394,0.09233347326517105,0.03840911912266165,0.03872316027991474,0.10972192138433456
469,469,4.06279182434082,4.0536603927612305,0.0002,1.032084680171272,0.09210577234625816,0.038459855830296874,0.03878021729178727,0.10998870432376862
470,470,4.047492504119873,4.057991981506348,0.0002,1.0330072571349302,0.09252255223691463,0.03853107173927128,0.038845556788146496,0.11025824025273323
471,471,4.063350677490234,4.058539390563965,0.0002,1.0333628114367706,0.09272816963493824,0.03856601391453296,0.03889532806351781,0.1105251144617796
472,472,4.051146030426025,4.045711994171143,0.0002,1.0335987530195305,0.09288129024207592,0.038633638876490295,0.03895485051907599,0.11079124733805656
473,473,4.055813789367676,4.05551290512085,0.0002,0.9839742403054637,0.09323467686772346,0.0387068233685568,0.03902301948983222,0.11105909198522568
474,474,4.052265167236328,4.061171531677246,0.0002,0.9893614252450542,0.093062998726964,0.03875321883242577,0.03907933714799583,0.11132607236504555
475,475,4.055350303649902,4.046557426452637,0.0002,0.9940974212784692,0.0935799740254879,0.03882209910079837,0.03914075857028365,0.11159447021782398
476,476,4.048894882202148,4.055427551269531,0.0002,0.9983703927663472,0.09354232251644135,0.03887892235070467,0.03920184448361397,0.1118624359369278
477,477,4.04046106338501,4.052055358886719,0.0002,1.0021759814250348,0.09373454749584198,0.038942139013670385,0.039261611411347985,0.11213048733770847
478,478,4.0474700927734375,4.048788547515869,0.0002,1.0073859529061895,0.09404454380273819,0.03899850859306753,0.039317956659942865,0.11239942535758018
479,479,4.053994655609131,4.057464599609375,0.0002,1.0104240194935157,0.09421989135444164,0.039066280354745686,0.0393827703082934,0.1126694418489933
480,480,4.054263114929199,4.050516605377197,0.0002,1.0130000328950708,0.09465792216360569,0.03913072880823165,0.039449747768230736,0.11294102482497692
481,481,4.051769256591797,4.044899940490723,0.0002,1.0153818618840709,0.09447139501571655,0.0391849463339895,0.03950537508353591,0.11321062967181206
482,482,4.050358295440674,4.051476955413818,0.0002,0.9647318644136926,0.09483789838850498,0.039252685266546905,0.03957371518481523,0.11348171532154083
483,483,4.044881820678711,4.054896354675293,0.0002,0.9702998541550354,0.09481935761868954,0.039305007085204124,0.039629643317312,0.11375129595398903
484,484,4.044162750244141,4.042294502258301,0.0002,0.9768794823188997,0.0950198583304882,0.039360239170491695,0.03968882455956191,0.11402025818824768
485,485,4.035494804382324,4.0533013343811035,0.0002,0.9317113675972019,0.09552291966974735,0.03943151165731251,0.03975380631163716,0.1142891775816679
486,486,4.044564247131348,4.05129337310791,0.0002,0.9413589946731412,0.09564877860248089,0.039485319750383496,0.0398139504250139,0.11455708928406239
487,487,4.04862642288208,4.047125816345215,0.0002,0.949090421817465,0.09586300887167454,0.03955570259131491,0.0398777408991009,0.11482524499297142
488,488,4.043778419494629,4.054184913635254,0.0002,0.9578759927705529,0.09541429206728935,0.03959971014410257,0.039932218962349,0.11509277485311031
489,489,4.052865982055664,4.044433116912842,0.0002,0.9656478655143524,0.09624993428587914,0.039664787822403014,0.03999463969375938,0.11536143906414509
490,490,4.043590545654297,4.049520492553711,0.0002,0.9728054682672271,0.09647408872842789,0.03972755582071841,0.040051653515547514,0.11562957987189293
491,491,4.050255298614502,4.044015884399414,0.0002,0.9791794396950332,0.09622945263981819,0.039788102614693344,0.040113899391144514,0.11589831672608852
492,492,4.0538835525512695,4.042115211486816,0.0002,0.9848948775205918,0.0966902356594801,0.03984478081110865,0.04017023311462253,0.11616563983261585
493,493,4.0507917404174805,4.054140090942383,0.0002,0.9382130570489158,0.09675613418221474,0.03989878238644451,0.04022891807835549,0.11643270961940289
494,494,4.0528974533081055,4.04759407043457,0.0002,0.9464333543576087,0.09733491204679012,0.03995263483375311,0.040289781405590475,0.11669963039457798
495,495,4.03884220123291,4.040444374084473,0.0002,0.9553402596327984,0.0970688909292221,0.040008523617871106,0.040343405213207006,0.11696557141840458
496,496,4.050997257232666,4.044439315795898,0.0002,0.9006764528538972,0.09767192415893078,0.040068213478662074,0.04040155536495149,0.11723228730261326
497,497,4.042804718017578,4.047348976135254,0.0002,0.914461458113206,0.09761176630854607,0.04012556909583509,0.040463981800712645,0.11749912053346634
498,498,4.045963764190674,4.053021430969238,0.0002,0.9266376889378918,0.09743828885257244,0.04019649571273476,0.04052673070691526,0.11776446364820004
499,499,4.043458461761475,4.046147346496582,0.0002,0.9376398908144487,0.09772882051765919,0.040255430736579,0.040589808486402035,0.11803059093654156
500,500,4.059011459350586,4.046566009521484,0.0002,0.9475409914507473,0.09797865338623524,0.040318414685316384,0.04064994351938367,0.11829590797424316
501,501,4.042757987976074,4.046330451965332,0.0002,0.9572756441159791,0.09825336001813412,0.04037787998095155,0.04071150871459395,0.11856202594935894
502,502,4.037449836730957,4.068652153015137,0.0002,0.9661977496341076,0.09853467345237732,0.040431055473163724,0.04077088995836675,0.11882965080440044
503,503,4.039088249206543,4.056580543518066,0.0002,0.9732831674490969,0.09881354495882988,0.04049750603735447,0.04082998132798821,0.11909791082143784
504,504,4.045286178588867,4.045938491821289,0.0002,0.9795847105940299,0.0987965501844883,0.040550417033955455,0.04088709386996925,0.11936582811176777
505,505,4.04276180267334,4.045305252075195,0.0002,0.9852825195499602,0.09898832254111767,0.040619613602757454,0.040952540817670524,0.11963270418345928
506,506,4.036342144012451,4.049197196960449,0.0002,0.9904391846192869,0.0992196798324585,0.04067677166312933,0.041009894921444356,0.1198994629085064
507,507,4.056379318237305,4.050509929656982,0.0002,0.995058153309115,0.0994827076792717,0.04072401789017022,0.04106612119358033,0.12016552872955799
508,508,4.041989326477051,4.04927396774292,0.0002,0.9992006905414939,0.09940414130687714,0.040804628166370094,0.04113846889231354,0.12043348141014576
509,509,4.034266948699951,4.050713539123535,0.0002,1.0029809649944779,0.09980226866900921,0.040843472233973444,0.04118737718090415,0.12069716304540634
510,510,4.03619384765625,4.0417280197143555,0.0002,1.0063184516024206,0.09989836439490318,0.04091294598765671,0.041252304799854755,0.1209645289927721
511,511,4.039885520935059,4.045815467834473,0.0002,1.0109522212673037,0.10038009472191334,0.040969316149130464,0.04130932583939284,0.12123187258839607
512,512,4.040447235107422,4.0493059158325195,0.0002,1.0137954914868843,0.10018126852810383,0.04102564952336252,0.04136791219934821,0.12149925157427788
513,513,4.033431529998779,4.050957202911377,0.0002,1.01598948428235,0.1005947720259428,0.04109815682750195,0.04143464134540409,0.12176902405917645
514,514,4.040417194366455,4.053582191467285,0.0002,1.0181817683309107,0.1002806257456541,0.04115195176564157,0.04149016516748816,0.1220373623073101
515,515,4.047150135040283,4.043272018432617,0.0002,1.020028240694878,0.10069551505148411,0.04121546866372228,0.041553071001544595,0.1223076581954956
516,516,4.030085563659668,4.0475382804870605,0.0002,1.0216469129496444,0.1009728405624628,0.041265243431553245,0.041607187362387776,0.12257693707942963
517,517,4.036936283111572,4.035743713378906,0.0002,1.0231446683044705,0.10121941193938255,0.04132297809701413,0.041668878751806915,0.1228464487940073
518,518,4.0397138595581055,4.063694000244141,0.0002,0.9735538980828804,0.10134808719158173,0.04138604109175503,0.041729970369488,0.12311531789600849
519,519,4.040452003479004,4.043910026550293,0.0002,0.9782541987104657,0.10171361640095711,0.04143146169371903,0.04177793150302023,0.12338316440582275
520,520,4.03831672668457,4.054661273956299,0.0002,0.9840357521789047,0.10146159306168556,0.04149572330061346,0.04184226645156741,0.1236539501696825
521,521,4.043918609619141,4.0487213134765625,0.0002,0.9893554482921818,0.10180662386119366,0.041552979848347604,0.04190291778650135,0.12392457760870457
522,522,4.038658142089844,4.036832332611084,0.0002,0.9939595961204649,0.10189278423786163,0.04162057035136968,0.04196480894461274,0.12419734708964825
523,523,4.033216953277588,4.037132740020752,0.0002,0.9983186708001968,0.10225841403007507,0.04167213197797537,0.04201920726336539,0.12447002902626991
524,524,4.050800323486328,4.037721157073975,0.0002,1.0021461669610268,0.10221514664590359,0.041742036934010684,0.04208732140250504,0.12474468536674976
525,525,4.034947872161865,4.047600746154785,0.0002,1.0056076542167152,0.10270204022526741,0.04179566691163927,0.04213894414715469,0.12501637637615204
526,526,4.034921646118164,4.043618679046631,0.0002,1.0087750115420826,0.10273398831486702,0.041841797763481736,0.0421932473545894,0.12528770044445992
527,527,4.025781631469727,4.029871463775635,0.0002,1.0114952439473395,0.10286527872085571,0.041905453079380095,0.042256446089595556,0.12555883452296257
528,528,4.040614128112793,4.040312767028809,0.0002,0.9644863197267105,0.10342813096940517,0.04196815879549831,0.042316239327192307,0.12582914531230927
529,529,4.031614303588867,4.037875652313232,0.0002,0.9721176412819896,0.10296592675149441,0.04203001724090427,0.04238193773198873,0.12610257789492607
530,530,4.0308146476745605,4.059105396270752,0.0002,0.9786071023128768,0.1035957857966423,0.04208753886632621,0.04243701265659183,0.12637489661574364
531,531,4.03485631942749,4.034802436828613,0.0002,0.9843309288137684,0.10362890735268593,0.042150086839683354,0.04250283946748823,0.12664980813860893
532,532,4.03710412979126,4.035731315612793,0.0002,0.9896338983389393,0.10343378782272339,0.04221135110128671,0.042559777735732496,0.12692280113697052
533,533,4.046505928039551,4.030710220336914,0.0002,0.9943069721635521,0.10379676148295403,0.042258351226337254,0.042614947888068855,0.12719709053635597
534,534,4.042644023895264,4.037182807922363,0.0002,0.9985378406042867,0.10413737967610359,0.04231925925705582,0.042671068920753896,0.12747083604335785
535,535,4.033758640289307,4.038268566131592,0.0002,1.0023698549578426,0.10454222373664379,0.04237534734420478,0.042730499408207834,0.12774639204144478
536,536,4.032536506652832,4.041903018951416,0.0002,1.0058116171782943,0.10442398302257061,0.04243875341489911,0.042792102321982384,0.1280207596719265
537,537,4.0355024337768555,4.034494400024414,0.0002,1.0102857285448354,0.10487996228039265,0.04249077045824379,0.04284088313579559,0.1282929591834545
538,538,4.028904438018799,4.051366806030273,0.0002,1.0133886451646255,0.10510504059493542,0.04255236848257482,0.04290784988552332,0.12856577709317207
539,539,4.039517402648926,4.039416790008545,0.0002,1.0157170730254932,0.10499144718050957,0.042603583075106144,0.04296114656608552,0.12883855029940605
540,540,4.036980628967285,4.045721054077148,0.0002,1.0178329269612068,0.10533777810633183,0.04266986658331007,0.04302760714199394,0.12911591306328773
541,541,4.0335612297058105,4.032792091369629,0.0002,1.0196720109010924,0.10551644675433636,0.04271612851880491,0.043077417416498065,0.1293916068971157
542,542,4.0218825340271,4.031516075134277,0.0002,1.021370340053156,0.10607401467859745,0.04277418879792094,0.043132195831276476,0.12966670468449593
543,543,4.0251569747924805,4.041623115539551,0.0002,1.0229102912394652,0.10600323043763638,0.04282413667533547,0.04319619189482182,0.12994207069277763
544,544,4.0278167724609375,4.035162925720215,0.0002,1.0242927224376916,0.10612859763205051,0.04289450275246054,0.04325147729832679,0.1302177533507347
545,545,4.041435718536377,4.036520004272461,0.0002,1.0255858394982327,0.10636329650878906,0.042956490302458405,0.04331502260174602,0.13049549236893654
546,546,4.030263900756836,4.024298667907715,0.0002,1.026553766160656,0.10619601048529148,0.04299720993731171,0.043366314261220396,0.13077174127101898
547,547,4.031937122344971,4.024343490600586,0.0002,0.9761854294598172,0.10652693547308445,0.04306559590622783,0.04342734965030104,0.13104933500289917
548,548,4.032523155212402,4.022951126098633,0.0002,0.9822980967618171,0.10682712122797966,0.04310494789388031,0.0434728586114943,0.13132372125983238
549,549,4.0275115966796875,4.025468349456787,0.0002,0.9382919227751979,0.10748831368982792,0.04316832066979259,0.04353253310546279,0.1315993070602417
550,550,4.035719871520996,4.040457248687744,0.0002,0.9464237258651866,0.10730366222560406,0.04323690466117114,0.043597358861006796,0.13187649473547935
551,551,4.033504009246826,4.029287815093994,0.0002,0.9553579735281907,0.10753662325441837,0.043271531350910664,0.04364427051041275,0.1321517750620842
552,552,4.03973913192749,4.051003456115723,0.0002,0.9636081097792101,0.107440996915102,0.04333821078762412,0.04370606527663767,0.13243108987808228
553,553,4.018159866333008,4.037229537963867,0.0002,0.9708639536782545,0.10779538936913013,0.043383297394029796,0.04375063383486122,0.13270585238933563
554,554,4.036385536193848,4.033829212188721,0.0002,0.9790863427164234,0.10817154869437218,0.04344511893577874,0.04380943987052888,0.1329810954630375
555,555,4.036835670471191,4.026352882385254,0.0002,0.9851520839648646,0.10853946954011917,0.04348657908849418,0.04386036249343306,0.13325688987970352
556,556,4.035906791687012,4.038600921630859,0.0002,0.9903050490357522,0.10884839668869972,0.04355242266319692,0.04391989717260003,0.13353301212191582
557,557,4.0391526222229,4.038710117340088,0.0002,0.9949400743743498,0.1086360327899456,0.04360147472470999,0.0439724720781669,0.13380854576826096
558,558,4.0438995361328125,4.037991523742676,0.0002,0.9990763670518186,0.10863042436540127,0.0436680989805609,0.044037186075001955,0.13408593088388443
559,559,4.028224468231201,4.036167144775391,0.0002,1.002709741393298,0.10909171402454376,0.04371252690907568,0.044082112959586084,0.13436126336455345
560,560,4.022695541381836,4.028436183929443,0.0002,1.0061735062995258,0.10900576040148735,0.04375626356340945,0.04413303569890559,0.13463788479566574
561,561,4.015367031097412,4.038324356079102,0.0002,1.0089589189268156,0.10913206450641155,0.04381572443526238,0.044191465829499066,0.1349143423140049
562,562,4.0387372970581055,4.055355072021484,0.0002,1.0114329285475077,0.10961323790252209,0.043873283779248595,0.04425023158546537,0.13519194349646568
563,563,4.0268449783325195,4.040256977081299,0.0002,1.0132842100426696,0.10960776545107365,0.043923354241997004,0.04430105455685407,0.1354675181210041
564,564,4.020841121673584,4.027644157409668,0.0002,1.0151542724898979,0.10946045070886612,0.043980447109788656,0.04435641027521342,0.1357421763241291
565,565,4.017520427703857,4.025149822235107,0.0002,1.0172638629019164,0.1103341206908226,0.04403279337566346,0.04441159777343273,0.1360173150897026
566,566,4.029889106750488,4.027602672576904,0.0002,1.0192126993386632,0.11030769534409046,0.04408122238237411,0.044460480217821896,0.13629119470715523
567,567,4.02445125579834,4.02895450592041,0.0002,1.0209349380109547,0.11040758341550827,0.04413768579252064,0.04451019235420972,0.13656584173440933
568,568,4.025125503540039,4.03548002243042,0.0002,1.0224413775674643,0.1109077874571085,0.04419081809464842,0.044570657424628735,0.13684248179197311
569,569,4.014554500579834,4.0283098220825195,0.0002,1.02203564907018,0.11088819056749344,0.04424432897940278,0.04462405841331929,0.13711801171302795
570,570,4.018972396850586,4.0328474044799805,0.0002,1.0217206840130053,0.11102120205760002,0.044283184222877026,0.04466892289929092,0.13739359751343727
571,571,4.018370628356934,4.035287857055664,0.0002,1.023249840770791,0.11108157970011234,0.04435601818840951,0.04473066725768149,0.13767347484827042
572,572,4.017523765563965,4.028313636779785,0.0002,1.0256769829197614,0.11105124466121197,0.04440381936728954,0.04478288919199258,0.13795223459601402
573,573,4.028670310974121,4.033428192138672,0.0002,1.0274233367174999,0.11144368909299374,0.04443557851482183,0.044824157492257655,0.13822902366518974
574,574,4.024171352386475,4.022462844848633,0.0002,1.0283919273658457,0.11203216016292572,0.04451157769653946,0.04488666425459087,0.13850777968764305
575,575,4.01973819732666,4.031419277191162,0.0002,0.9782422683516199,0.11171410605311394,0.04455696989316493,0.044938644859939814,0.1387854628264904
576,576,4.0125203132629395,4.028384208679199,0.0002,0.9825224275354124,0.11213668435811996,0.044604460592381656,0.04498723486904055,0.1390649974346161
577,577,4.016546726226807,4.022376537322998,0.0002,0.9861834727219826,0.11242041923105717,0.04464467102661729,0.045035047456622124,0.13934483379125595
578,578,4.009073257446289,4.027647018432617,0.0002,0.9417213505473498,0.1122776847332716,0.044703703257255256,0.04509199061430991,0.13962526991963387
579,579,4.029824733734131,4.030040740966797,0.0002,0.9508381472719722,0.1124956663697958,0.044760948745533824,0.045145057956688106,0.13990535587072372
580,580,4.014520168304443,4.034099578857422,0.0002,0.9590874536934101,0.11271606758236885,0.04478726023808122,0.045185729512013495,0.14018435776233673
581,581,4.019524574279785,4.033667087554932,0.0002,0.9676509033847683,0.11293269135057926,0.044848630437627435,0.04524292121641338,0.14046267792582512
582,582,4.017187595367432,4.040128707885742,0.0002,0.9748079225527203,0.11360878869891167,0.04489929601550102,0.04529807425569743,0.14073976129293442
583,583,4.026777744293213,4.025501251220703,0.0002,0.9809037505469711,0.11318669840693474,0.044952470692805946,0.045350209111347795,0.1410173699259758
584,584,4.006380081176758,4.036402225494385,0.0002,0.9865979844624109,0.11350470222532749,0.045008136308752,0.04540323035325855,0.14129459485411644
585,585,4.026677131652832,4.024133205413818,0.0002,0.9915588020436291,0.11332973092794418,0.04506429936736822,0.045455616316758096,0.14157438278198242
586,586,4.018699645996094,4.019795894622803,0.0002,0.9960697736771909,0.11391359753906727,0.045105085242539644,0.045498885214328766,0.1418507881462574
587,587,4.031362533569336,4.030671119689941,0.0002,0.9501155489275794,0.11433778703212738,0.04516089474782348,0.04555283463560045,0.1421305611729622
588,588,4.014984130859375,4.016592025756836,0.0002,0.9590996453516653,0.114597637206316,0.0452143995789811,0.04560367902740836,0.14240707084536552
589,589,4.0122389793396,4.028701305389404,0.0002,0.9164239856822576,0.11442846991121769,0.045248175505548716,0.04565041605383158,0.14268242567777634
590,590,4.021293640136719,4.021625518798828,0.0002,0.9266284997726739,0.11467813514173031,0.045313597773201764,0.045708096702583134,0.14295917376875877
591,591,4.012973785400391,4.018353462219238,0.0002,0.9358742545921873,0.11512664891779423,0.04535895446315408,0.04575808998197317,0.14323639124631882
592,592,4.017635345458984,4.0241289138793945,0.0002,0.9458863225234719,0.11531353741884232,0.04539918329101056,0.04580499464645982,0.14351388067007065
593,593,4.006382942199707,4.020388603210449,0.0002,0.9549945073203555,0.11487188562750816,0.04544223053380847,0.04584944841917604,0.14379198849201202
594,594,4.0074567794799805,4.035031795501709,0.0002,0.9631486939849037,0.11542552337050438,0.04549918475095183,0.04590755212120712,0.1440749429166317
595,595,4.014440059661865,4.014568328857422,0.0002,0.9704650051626607,0.11518276296555996,0.045540234190411866,0.04594687686767429,0.1443553902208805
596,596,4.024057388305664,4.026340484619141,0.0002,0.9276317770900442,0.11586764082312584,0.04558926203753799,0.0459972316166386,0.1446368284523487
597,597,4.008968830108643,4.021332740783691,0.0002,0.9387853966430496,0.115997813642025,0.04564324487000704,0.046051222598180175,0.14492002129554749
598,598,4.009766578674316,4.014488697052002,0.0002,0.9485032707041664,0.11625712923705578,0.0456977819558233,0.04610720055643469,0.14520351961255074
599,599,4.015281677246094,4.031253337860107,0.0002,0.9073185614872127,0.11613939516246319,0.04574498999863863,0.04615462012588978,0.14548702165484428
600,600,4.018202304840088,4.025387287139893,0.0002,0.9204296301965222,0.11647008545696735,0.04579023225232959,0.046200247248634696,0.14576900005340576
601,601,4.011517524719238,4.019901275634766,0.0002,0.9321386125493452,0.11664710007607937,0.045841147541068494,0.046250906540080905,0.1460510455071926
602,602,4.025073051452637,4.020476341247559,0.0002,0.9427239330952377,0.11670916341245174,0.04589749895967543,0.04629880178254098,0.1463320404291153
603,603,4.008230209350586,4.029363632202148,0.0002,0.9521430675977737,0.11694582924246788,0.0459421225823462,0.04634771833661944,0.14661266282200813
604,604,4.021580696105957,4.013498783111572,0.0002,0.9604961467203058,0.11712010577321053,0.04599722067359835,0.04640182631555945,0.14689389243721962
605,605,4.015145301818848,4.020205497741699,0.0002,0.9186711319621387,0.11779201403260231,0.04603888967540115,0.04644785774871707,0.14717399701476097
606,606,4.0103864669799805,4.017574787139893,0.0002,0.9306199864724567,0.11780156381428242,0.04607790848240256,0.046497995615936816,0.14745547994971275
607,607,4.014738082885742,4.000730514526367,0.0002,0.9411926903964479,0.1182401143014431,0.04612141032703221,0.0465357571374625,0.14773507416248322
608,608,4.010085105895996,4.010895729064941,0.0002,0.9007484855114569,0.11808838695287704,0.04617650725413114,0.04658768360968679,0.14801758527755737
609,609,4.014118194580078,4.010943412780762,0.0002,0.9145815816884043,0.11801928468048573,0.046224366407841444,0.04664078343193978,0.14829816669225693
610,610,4.007721900939941,4.015549182891846,0.0002,0.9267902753574886,0.11858179606497288,0.046272793086245656,0.046687277033925056,0.148582112044096
611,611,4.015058517456055,4.012720108032227,0.0002,0.9377516741454499,0.11870195530354977,0.04631109465844929,0.046728471177630126,0.14886758476495743
612,612,4.022821426391602,4.014009475708008,0.0002,0.9474639303508068,0.11919678002595901,0.04636399238370359,0.04677393101155758,0.14914994314312935
613,613,4.016469478607178,4.008627414703369,0.0002,0.9578185243891945,0.11908869445323944,0.04640043049585074,0.0468162129400298,0.14943210408091545
614,614,4.015779495239258,4.012195587158203,0.0002,0.9661975063872745,0.11889144405722618,0.04643927374854684,0.04686438653152436,0.14971336722373962
615,615,4.005420207977295,4.037918567657471,0.0002,0.9732807442565139,0.1193865817040205,0.04649033420719206,0.04691279062535614,0.14999357983469963
616,616,4.009268760681152,4.007040977478027,0.0002,0.9796993203409824,0.11946847289800644,0.04655071860179305,0.04696774645708501,0.150274146348238
617,617,3.9969186782836914,4.010359764099121,0.0002,0.9852862226426781,0.11957269534468651,0.04659017571248114,0.04701568523887545,0.1505524404346943
618,618,4.007663726806641,4.014410018920898,0.0002,0.9905492744523761,0.12037908844649792,0.046644048765301704,0.047066244296729565,0.15083655714988708
619,619,4.02105712890625,4.033097267150879,0.0002,0.995186756321256,0.120384830981493,0.046674004290252924,0.047102794400416315,0.15111831948161125
620,620,4.009147644042969,4.0157389640808105,0.0002,0.9993512349790827,0.12001272477209568,0.04673044849187136,0.0471583561738953,0.15140335261821747
621,621,4.018506050109863,4.0077595710754395,0.0002,1.0029382288241973,0.1201188676059246,0.04678223258815706,0.047204847913235426,0.15168653428554535
622,622,4.003970146179199,4.0205769538879395,0.0002,1.0079191061581916,0.1210026778280735,0.04682684422004968,0.0472492208937183,0.15196794643998146
623,623,4.006841659545898,4.004744052886963,0.0002,1.0111787372748968,0.12060855701565742,0.04688174347393215,0.047300599166192114,0.15225236117839813
624,624,4.0047926902771,4.037970542907715,0.0002,1.0137109776619164,0.12095810286700726,0.04691201611422002,0.047337239724583924,0.15253327041864395
625,625,4.008401870727539,4.03365421295166,0.0002,1.015887043869088,0.12050299905240536,0.046958276303485036,0.047386905178427696,0.15281358733773232
626,626,4.0217604637146,4.011919975280762,0.0002,1.0178868349095034,0.12146036885678768,0.04701402026694268,0.047440838417969644,0.1530967652797699
627,627,4.004972457885742,4.011835098266602,0.0002,1.0198553921938731,0.12127269245684147,0.04704986384604126,0.047482349909842014,0.15337806567549706
628,628,4.0126237869262695,4.005540370941162,0.0002,1.0215499226235072,0.12133466638624668,0.04710413212887943,0.04753097309730947,0.153660099953413
629,629,4.006009101867676,4.008947849273682,0.0002,1.0232542131004292,0.12151072733104229,0.04714730032719672,0.04757981083821505,0.15394340083003044
630,630,4.012693405151367,4.001514911651611,0.0002,1.0245974058083986,0.12156534753739834,0.04718851204961538,0.04761900880839676,0.15422557294368744
631,631,3.991426944732666,4.0053391456604,0.0002,1.0266850790866922,0.12279730290174484,0.047233744291588664,0.04766672232653946,0.15451005101203918
632,632,4.00404167175293,4.014421463012695,0.0002,1.0285012951878767,0.12232701480388641,0.04728775331750512,0.0477191461250186,0.15479490906000137
633,633,4.008315086364746,4.010685920715332,0.0002,1.029464040827176,0.12278616614639759,0.047328156302683055,0.04775806167162955,0.1550765410065651
634,634,4.0046186447143555,4.023636817932129,0.0002,1.030149257556988,0.12260840274393559,0.047372244647704065,0.047807314549572766,0.15536201745271683
635,635,3.9903478622436523,4.0139594078063965,0.0002,1.0308254188679402,0.12244269251823425,0.047417331486940384,0.04785965627525002,0.15564711764454842
636,636,4.006772994995117,4.014244079589844,0.0002,1.0313982761085914,0.12320817448198795,0.04745827743317932,0.04789584479294717,0.15593013539910316
637,637,3.9957056045532227,4.012510299682617,0.0002,1.0319081222188233,0.12312620505690575,0.047512608813121915,0.047953095636330545,0.1562182530760765
638,638,3.9976654052734375,4.0105061531066895,0.0002,1.0324075155840151,0.1234473679214716,0.047551289200782776,0.047991428058594465,0.1564994603395462
639,639,3.9935009479522705,4.023105621337891,0.0002,1.0328195205792232,0.12321647070348263,0.04760646598879248,0.04804609774146229,0.15678396821022034
640,640,4.0097150802612305,4.008505821228027,0.0002,1.033124304491206,0.12410117127001286,0.0476458981866017,0.04809028736781329,0.1570684090256691
641,641,3.997638702392578,3.9983432292938232,0.0002,1.0352996210406564,0.12399169616401196,0.047701237606815994,0.04813600599300116,0.15735089406371117
642,642,4.008785247802734,4.001076698303223,0.0002,0.9800920379911883,0.1242488231509924,0.04774507146794349,0.048188940272666514,0.15763671696186066
643,643,4.017436981201172,4.0065460205078125,0.0002,0.9859752906145448,0.12459156848490238,0.04778567503672093,0.04823199240490794,0.15792233496904373
644,644,4.002849102020264,4.010469436645508,0.0002,0.9911050021907607,0.12442933581769466,0.047828655573539436,0.048277814174070954,0.15820929035544395
645,645,3.9926304817199707,4.00108528137207,0.0002,0.9957164502681912,0.12517192214727402,0.04786722990684211,0.048314985586330295,0.15849584713578224
646,646,4.002509117126465,4.001352787017822,0.0002,0.9998469120674026,0.12446487508714199,0.047930950415320694,0.04837812180630863,0.15878184512257576
647,647,3.9984312057495117,4.010746955871582,0.0002,1.0035057294668202,0.12533922865986824,0.04797546181362122,0.04841776250395924,0.15906548500061035
648,648,3.989833354949951,4.014277458190918,0.0002,1.0068259733475087,0.12526960112154484,0.04800769779831171,0.048461082158610225,0.1593499630689621
649,649,3.997431755065918,4.005147457122803,0.0002,1.0113286534234762,0.12552907317876816,0.04804944898933172,0.04851091606542468,0.15963543951511383
650,650,4.006024360656738,4.012063026428223,0.0002,1.0142207078396395,0.12537137046456337,0.04811927303671837,0.04856480681337416,0.159921046346426
651,651,4.000151634216309,4.017449855804443,0.0002,1.0164624052225952,0.12577685713768005,0.048143586376681924,0.04859966551885009,0.16020390018820763
652,652,4.011280059814453,4.000236988067627,0.0002,1.0184596733064937,0.12614607065916061,0.04821076767984778,0.04865858657285571,0.16049205139279366
653,653,4.007198333740234,4.017797470092773,0.0002,1.0202550129329753,0.12540484592318535,0.0482518111821264,0.04870803595986217,0.16077722236514091
654,654,4.003085613250732,4.009631156921387,0.0002,1.0219064968313027,0.12640099972486496,0.04829679511021823,0.04874488024506718,0.16106360033154488
655,655,3.9842581748962402,4.010732650756836,0.0002,1.0234188356561391,0.12675661966204643,0.04835463233757764,0.048801665543578565,0.16135099530220032
656,656,3.9968743324279785,4.012747764587402,0.0002,1.024718259047656,0.12688404694199562,0.04838533164002001,0.048838349524885416,0.16163767874240875
657,657,3.9992666244506836,4.00430965423584,0.0002,1.0259242995893303,0.12686839327216148,0.04842200374696404,0.04888439865317196,0.16192475706338882
658,658,3.9932520389556885,4.013245105743408,0.0002,1.0269921138265126,0.1274380274116993,0.04846789070870727,0.0489304760703817,0.16221266612410545
659,659,3.9884095191955566,3.9973249435424805,0.0002,1.0262432449601855,0.1272442527115345,0.048529535764828324,0.0489843231625855,0.16249890998005867
660,660,4.010165691375732,3.999260663986206,0.0002,0.977315250960191,0.12731068581342697,0.048563834629021585,0.0490285666892305,0.16278674826025963
661,661,4.011053562164307,4.010647773742676,0.0002,0.9815310859810543,0.12749332934617996,0.0486179122235626,0.049073794041760266,0.16307229548692703
662,662,3.99932599067688,4.007180690765381,0.0002,0.9868952625604663,0.1276591569185257,0.048673365148715675,0.049128815764561296,0.16335860639810562
663,663,3.991713047027588,4.001114368438721,0.0002,0.9901773867495902,0.12794608995318413,0.048708781599998474,0.049166921875439584,0.16364163532853127
664,664,3.989469051361084,3.9932148456573486,0.0002,0.9948106429872041,0.12797178328037262,0.048747280961833894,0.0492116961395368,0.16392670199275017
665,665,4.002407073974609,4.003565788269043,0.0002,0.9495400802376994,0.12865068390965462,0.04879763524513692,0.04925902106333524,0.16421271488070488
666,666,3.9788100719451904,3.9940826892852783,0.0002,0.9582833300572817,0.12864385545253754,0.048833933542482555,0.049298576661385596,0.1644979752600193
667,667,4.009170055389404,3.998504161834717,0.0002,0.9661174437013442,0.12902702763676643,0.04888523754198104,0.0493485740153119,0.16478317603468895
668,668,4.0061936378479,4.000065326690674,0.0002,0.9732554384453572,0.12901415675878525,0.048931464087218046,0.049403541488572955,0.16506874188780785
669,669,4.011758327484131,4.0097551345825195,0.0002,0.9795641569095928,0.1289958357810974,0.048963695764541626,0.04943820461630821,0.16534937545657158
670,670,3.9990077018737793,3.996337890625,0.0002,0.9853089663777197,0.12946001812815666,0.049018720630556345,0.04948472871910781,0.16563403606414795
671,671,4.010748386383057,3.999074935913086,0.0002,0.9904695975520075,0.1296367086470127,0.049059924902394414,0.049531679367646575,0.1659197323024273
672,672,3.9876708984375,4.006328582763672,0.0002,0.9950872869938652,0.1302557736635208,0.04910980921704322,0.04958225542213768,0.1662038415670395
673,673,3.9856739044189453,4.003467082977295,0.0002,0.9991358322351183,0.12973276525735855,0.04915848758537322,0.049633018439635634,0.1664886809885502
674,674,3.98545241355896,3.9999680519104004,0.0002,1.004141972151995,0.1300373636186123,0.04920478747226298,0.049681032076478004,0.16677399724721909
675,675,3.990107297897339,4.0062665939331055,0.0002,1.0070372653834871,0.13041477277874947,0.049230149830691516,0.049708042293787,0.16706008091568947
676,676,3.9971790313720703,4.006541728973389,0.0002,1.011027222437967,0.12982122600078583,0.049294464057311416,0.049770272336900234,0.16734881699085236
677,677,3.9914815425872803,3.9935107231140137,0.0002,1.0136323382207857,0.13032864406704903,0.04934914084151387,0.04982363583985716,0.16763948276638985
678,678,3.9970765113830566,3.9989051818847656,0.0002,1.0159482927554593,0.13078824803233147,0.04939010343514383,0.04986785154324025,0.16793005540966988
679,679,4.004716873168945,3.9807050228118896,0.0002,1.0179336020167795,0.13125576078891754,0.04941972508095205,0.04990284761879593,0.16822225600481033
680,680,3.99462890625,3.9813075065612793,0.0002,0.9684405093917489,0.13070755451917648,0.049481367226690054,0.04995969228912145,0.1685144603252411
681,681,3.981703281402588,3.9997830390930176,0.0002,0.9735212432059116,0.13167675957083702,0.04953526158351451,0.05001001921482384,0.16880537569522858
682,682,3.9860830307006836,4.006124496459961,0.0002,0.9797470584645875,0.13155179098248482,0.049580642371438444,0.05005676206201315,0.1690971553325653
683,683,3.996882438659668,3.9974589347839355,0.0002,0.98550885615251,0.131351500749588,0.04961797478608787,0.0500904779182747,0.16938761621713638
684,684,3.9938626289367676,3.99709153175354,0.0002,0.9923331688390102,0.13145717233419418,0.049652695655822754,0.05013751063961536,0.1696799248456955
685,685,3.989570140838623,3.994779586791992,0.0002,0.9969547131372158,0.1320732869207859,0.0497020969633013,0.05017941480036825,0.1699696220457554
686,686,4.004115104675293,3.98840069770813,0.0002,1.0009146409509395,0.1321236900985241,0.04973831807728857,0.050226564751937985,0.1702587977051735
687,687,3.976182460784912,4.006467819213867,0.0002,1.0044697679277916,0.1321074180305004,0.04978694813326001,0.050274541368708014,0.17054914310574532
688,688,4.000626564025879,4.002248764038086,0.0002,1.0077050640802558,0.13207419961690903,0.04983635514508933,0.05032617354299873,0.17083890363574028
689,689,3.989802837371826,3.9937193393707275,0.0002,1.0104535999486453,0.1329154409468174,0.049870692659169436,0.05036523344460875,0.17113108560442924
690,690,3.990875720977783,3.9907283782958984,0.0002,1.0131800458745,0.1327858902513981,0.049927416373975575,0.050410879659466445,0.1714245341718197
691,691,3.977998971939087,4.003396987915039,0.0002,1.0154919011768924,0.13287627324461937,0.04997445596382022,0.050459325313568115,0.1717170588672161
692,692,3.9885106086730957,3.97831392288208,0.0002,1.017639528108434,0.13285068795084953,0.05001596675720066,0.050504721235483885,0.17200984433293343
693,693,3.998225212097168,3.9995498657226562,0.0002,0.9690230123624587,0.13370106741786003,0.05005955928936601,0.050548302358947694,0.17230285331606865
694,694,3.9923882484436035,3.9774279594421387,0.0002,0.9762899964217437,0.13313471525907516,0.05011013336479664,0.05060421267990023,0.1725962683558464
695,695,3.9822864532470703,4.003746032714844,0.0002,0.9332661104063454,0.13353458791971207,0.05014074745122343,0.05063664319459349,0.17288915440440178
696,696,3.997861862182617,3.986396074295044,0.0002,0.9440452144888021,0.13361472636461258,0.05019648186862469,0.05068828561343253,0.1731811948120594
697,697,3.9950263500213623,3.991220235824585,0.0002,0.9533260507572024,0.13430755585432053,0.050244087004102767,0.050737160607241094,0.1734730266034603
698,698,3.9851670265197754,4.0163350105285645,0.0002,0.9616290287888727,0.13428467139601707,0.05028305947780609,0.05077579407952726,0.17376334965229034
699,699,3.9907188415527344,3.98763108253479,0.0002,0.9691501615596309,0.134980458766222,0.05032812443096191,0.05082652624696493,0.17405592277646065
700,700,3.9768707752227783,3.9940319061279297,0.0002,0.9759526838283908,0.1348712146282196,0.050368682597763836,0.050869818311184645,0.17434587329626083
701,701,3.991119623184204,3.9826292991638184,0.0002,0.9835377041825948,0.1347094103693962,0.050427199457772076,0.05092030845116824,0.1746346540749073
702,702,3.992717742919922,3.9855265617370605,0.0002,0.9887478022255675,0.13517549633979797,0.050463075865991414,0.050965358037501574,0.17492565885186195
703,703,3.9838271141052246,3.985320568084717,0.0002,0.993991622706596,0.1354232244193554,0.05052539031021297,0.05102006671950221,0.17521825805306435
704,704,3.9867076873779297,3.989501953125,0.0002,0.9981563288971684,0.13532065972685814,0.05056418676394969,0.05106195074040443,0.17550914362072945
705,705,3.9945311546325684,3.9781556129455566,0.0002,1.002146503175196,0.1352986805140972,0.05059587745927274,0.051098446478135884,0.17579882591962814
706,706,3.9930319786071777,3.993131637573242,0.0002,1.0054680299748866,0.1359373927116394,0.050655762548558414,0.05114808341022581,0.17608804628252983
707,707,3.9799842834472656,3.975813627243042,0.0002,1.00865949506063,0.13596532866358757,0.05070082738529891,0.05120367044582963,0.17638034373521805
708,708,4.011003494262695,3.9860472679138184,0.0002,0.9620364722479057,0.13590650632977486,0.050734248012304306,0.05123409698717296,0.17667049914598465
709,709,4.005575180053711,3.9760117530822754,0.0002,0.968373261113507,0.1367913968861103,0.05078623769804835,0.05129573540762067,0.17696399241685867
710,710,3.995098352432251,4.005436897277832,0.0002,0.9762008707852673,0.13587403297424316,0.05082387395668775,0.05133012146688998,0.1772555336356163
711,711,3.9903650283813477,3.9934325218200684,0.0002,0.9824268029038417,0.13619659468531609,0.050881531671620905,0.051383044687099755,0.17754777893424034
712,712,3.9955549240112305,3.9840431213378906,0.0002,0.9878390813025729,0.1364963948726654,0.05092319683171809,0.051430588122457266,0.17784400656819344
713,713,3.992971420288086,3.985436201095581,0.0002,0.9926520268386819,0.13703054562211037,0.050960526801645756,0.05147058819420636,0.17813647165894508
714,714,3.9860479831695557,3.9857020378112793,0.0002,0.9971506849438795,0.13673794269561768,0.05100302502978593,0.05152196786366403,0.17843221873044968
715,715,3.9775071144104004,3.975947141647339,0.0002,1.0010852901705827,0.13738709688186646,0.051063814433291554,0.05157448537647724,0.178730096668005
716,716,3.968146562576294,3.9970502853393555,0.0002,1.0045700953969554,0.13827623054385185,0.051091922796331346,0.051603292929939926,0.17902519553899765
717,717,3.9785661697387695,3.9977777004241943,0.0002,1.0078531185493733,0.13796262443065643,0.051135950488969684,0.05165018199477345,0.17932243272662163
718,718,4.0059380531311035,3.9914560317993164,0.0002,1.0107254080696744,0.13804993778467178,0.05119349202141166,0.05170542385894805,0.17961785197257996
719,719,3.9691736698150635,4.01231575012207,0.0002,1.0115542353208558,0.1385805681347847,0.05123014550190419,0.05174539180006832,0.1799101084470749
720,720,3.9771342277526855,3.990346670150757,0.0002,1.013992146032201,0.13804394379258156,0.051285642315633595,0.05179982108529657,0.18020335212349892
721,721,3.987394332885742,3.9945826530456543,0.0002,1.014435167042351,0.139068141579628,0.05133862455841154,0.051850501797161996,0.1804947927594185
722,722,3.987793445587158,3.9824283123016357,0.0002,1.0166585021760406,0.13877814263105392,0.051363504375331104,0.051883136737160385,0.18078477680683136
723,723,3.9806694984436035,3.9804956912994385,0.0002,1.0186612659764491,0.1388852447271347,0.05141512758564204,0.05193356331437826,0.18107600882649422
724,724,3.979280471801758,3.983309030532837,0.0002,1.0204646345093267,0.13908638060092926,0.05145109270233661,0.051981157856062055,0.18136674165725708
725,725,3.9850244522094727,4.001145839691162,0.0002,1.0220616796645519,0.13902975246310234,0.0515054774004966,0.05203235265798867,0.1816607229411602
726,726,3.9877262115478516,4.0054850578308105,0.0002,1.023510910825542,0.1398201286792755,0.051550321164540946,0.05207123467698693,0.18195126578211784
727,727,3.9759609699249268,3.9896533489227295,0.0002,1.0248544328778222,0.13937342911958694,0.05159807647578418,0.05212479270994663,0.18224399536848068
728,728,3.9916610717773438,3.9936845302581787,0.0002,1.0259508873602112,0.1399226374924183,0.05163730354979634,0.05216113606002182,0.18253511562943459
729,729,3.978520631790161,3.9781129360198975,0.0002,1.0270138404602165,0.13946399465203285,0.051677248906344175,0.052207818371243775,0.18282775953412056
730,730,3.9732065200805664,3.982612371444702,0.0002,1.0280326407169893,0.14005103707313538,0.051737344125285745,0.05226528679486364,0.18312296271324158
731,731,3.987309217453003,3.9831809997558594,0.0002,1.0288812523708966,0.13990269228816032,0.05177632684353739,0.052313215215690434,0.18341819196939468
732,732,3.9702181816101074,3.987194776535034,0.0002,1.0296780441581297,0.14019080623984337,0.05181820481084287,0.05234133335761726,0.18371203541755676
733,733,3.9736428260803223,3.9780964851379395,0.0002,1.0303911906985896,0.14052848517894745,0.051860644365660846,0.0523934296797961,0.18400921300053596
734,734,3.98112154006958,3.9860901832580566,0.0002,1.0310228884561015,0.14069266617298126,0.0519181207055226,0.052442654268816113,0.18430576846003532
735,735,3.9627678394317627,3.9722137451171875,0.0002,1.0315024973806626,0.1408301331102848,0.051949954708106816,0.05247786617837846,0.18460063263773918
736,736,3.9697420597076416,3.9925050735473633,0.0002,0.9820827577019298,0.14128994196653366,0.05198380199726671,0.052514449576847255,0.18489712849259377
737,737,3.9711661338806152,3.98696231842041,0.0002,0.9859660488187366,0.14122041687369347,0.0520301858196035,0.05256537604145706,0.1851922869682312
738,738,3.9764256477355957,3.965226173400879,0.0002,0.9910063478765392,0.14136112108826637,0.05206322087906301,0.05259849748108536,0.18548687174916267
739,739,3.983689785003662,3.9887421131134033,0.0002,0.9465286777972473,0.14171308651566505,0.05210867477580905,0.05264297698158771,0.1857796534895897
740,740,3.9680275917053223,3.9686756134033203,0.0002,0.9559704194411612,0.14166532829403877,0.052150659961625934,0.05268705275375396,0.18607161939144135
741,741,3.9781434535980225,3.974522829055786,0.0002,0.9639675915737916,0.14148441329598427,0.052196652977727354,0.052732487907633185,0.18636513873934746
742,742,3.9686617851257324,3.977522850036621,0.0002,0.9713024837509616,0.1419294774532318,0.05224844778422266,0.052782281185500324,0.1866588220000267
743,743,3.9671010971069336,3.978780508041382,0.0002,0.9778390872137901,0.14210066944360733,0.052291206433437765,0.052835993585176766,0.186957485973835
744,744,3.9742608070373535,3.961554527282715,0.0002,0.9836700729552551,0.14273659884929657,0.052327514509670436,0.052864770172163844,0.18725048005580902
745,745,3.9704599380493164,3.9777724742889404,0.0002,0.9394464295868703,0.1431720070540905,0.052374915103428066,0.052910390542820096,0.18754664435982704
746,746,3.9792964458465576,3.9752883911132812,0.0002,0.9494588819723319,0.14256233349442482,0.0524181347573176,0.052961927256546915,0.18784181401133537
747,747,3.979311943054199,3.9806485176086426,0.0002,0.9581754404248892,0.1431346759200096,0.052445618668571115,0.052990032942034304,0.18813497200608253
748,748,3.973269462585449,3.9656577110290527,0.0002,0.9661906554245875,0.14315742999315262,0.05248945718631148,0.053032888332381845,0.1884314827620983
749,749,3.9824795722961426,3.9746763706207275,0.0002,0.9732159791740888,0.14341623708605766,0.052520060795359313,0.05306996905710548,0.18872657418251038
750,750,3.9864678382873535,3.9738144874572754,0.0002,0.9795378898628377,0.143963061273098,0.052568670362234116,0.05311709176748991,0.1890234500169754
751,751,3.9866182804107666,3.987014055252075,0.0002,0.9852694585938345,0.1439763568341732,0.052611324237659574,0.053158639813773334,0.1893189623951912
752,752,3.9800283908843994,3.9784109592437744,0.0002,0.9904111267524637,0.14377378299832344,0.05267119349446148,0.05320965149439871,0.18961413949728012
753,753,3.9694039821624756,3.9823927879333496,0.0002,0.994920254788168,0.1442415677011013,0.052691558143123984,0.05323500232771039,0.1899104341864586
754,754,3.9617092609405518,3.968484878540039,0.0002,0.9974075527894656,0.14425340294837952,0.052724257577210665,0.053278748877346516,0.19020621851086617
755,755,3.9852068424224854,3.984758138656616,0.0002,1.0013151500738096,0.14459369704127312,0.05277331592515111,0.053323080646805465,0.1905040331184864
756,756,3.967463970184326,3.963524341583252,0.0002,1.003037776730967,0.14419682323932648,0.05281916446983814,0.053372073103673756,0.19080207869410515
757,757,3.9801228046417236,3.9788942337036133,0.0002,1.0064140687068919,0.1449156366288662,0.05285798211116344,0.05341367586515844,0.1910993792116642
758,758,3.9621596336364746,3.9670004844665527,0.0002,1.0094694788854335,0.14507531374692917,0.05291040171869099,0.0534564855042845,0.19139816239476204
759,759,3.9575343132019043,3.973888874053955,0.0002,1.0121515104478302,0.14565452560782433,0.05294738907832652,0.05349736113566905,0.19169629365205765
760,760,3.978480339050293,3.9772491455078125,0.0002,1.0157636577505837,0.14546413719654083,0.05298892699647695,0.05354103050194681,0.19199419021606445
761,761,3.9838004112243652,3.9841232299804688,0.0002,1.0167320384073335,0.1457509547472,0.053026370238512754,0.05357545183505863,0.19229165092110634
762,762,3.9567575454711914,3.964712142944336,0.0002,1.0168513499958418,0.14614202082157135,0.053071376285515726,0.05361784470733255,0.1925882026553154
763,763,3.9792826175689697,3.965043067932129,0.0002,1.020235967416388,0.14504671841859818,0.053092157235369086,0.05365397408604622,0.19288773462176323
764,764,3.9563755989074707,3.9795029163360596,0.0002,1.02232119581835,0.14602786302566528,0.053157559246756136,0.05371240351814777,0.19318672642111778
765,765,3.977354049682617,3.9668989181518555,0.0002,1.023792064744482,0.14616724103689194,0.05320778675377369,0.053759628790430725,0.19348426163196564
766,766,3.9662890434265137,3.9628052711486816,0.0002,1.0250484413774241,0.14665808156132698,0.053223513066768646,0.05378601874690503,0.19378039613366127
767,767,3.982736349105835,3.9844627380371094,0.0002,1.0261756582922337,0.14629678055644035,0.053282588138245046,0.05383892171084881,0.19407854601740837
768,768,3.963784694671631,3.9676449298858643,0.0002,1.027236840179246,0.14698904007673264,0.05330798611976206,0.05387005489319563,0.1943768411874771
769,769,3.968964099884033,3.984668254852295,0.0002,1.0281522615629604,0.1466352939605713,0.05337302666157484,0.053925794432871044,0.19467472285032272
770,770,3.972912073135376,3.973430871963501,0.0002,1.0290144612238241,0.14709286764264107,0.05340787011664361,0.05396797973662615,0.19497108832001686
771,771,3.9588963985443115,3.973062515258789,0.0002,1.0309619397730678,0.14757957309484482,0.05345444241538644,0.05401217867620289,0.1952693723142147
772,772,3.966500759124756,3.959524393081665,0.0002,1.0302912296189328,0.14722106233239174,0.053491801489144564,0.05405129957944155,0.1955677904188633
773,773,3.975198745727539,3.979731559753418,0.0002,0.9813593648640604,0.14791842177510262,0.05353197199292481,0.054085657582618296,0.19586705416440964
774,774,3.9748806953430176,3.9775867462158203,0.0002,0.9874563615288912,0.14750752225518227,0.05356984748505056,0.054135646438226104,0.19616587832570076
775,775,3.9679839611053467,3.968210220336914,0.0002,0.9924516403950688,0.14806025102734566,0.05362344079185277,0.05418387707322836,0.19646647572517395
776,776,3.955699920654297,3.9721603393554688,0.0002,0.9968821396930543,0.14870505034923553,0.05365290853660554,0.05421666568145156,0.19676775857806206
777,777,3.9528961181640625,3.961601734161377,0.0002,1.000780221838638,0.14839285984635353,0.05368941160850227,0.05424439953640103,0.1970667541027069
778,778,3.9520909786224365,3.995321750640869,0.0002,1.0044872501657212,0.1485266014933586,0.05372161930426955,0.05429069453384727,0.19736449420452118
779,779,3.960233688354492,3.9735825061798096,0.0002,1.007572944585736,0.14851493388414383,0.053779042209498584,0.05434620880987495,0.19766347855329514
780,780,3.959984302520752,3.95969820022583,0.0002,1.010539362477384,0.1488189771771431,0.05381380661856383,0.0543762311572209,0.1979617290198803
781,781,3.9667372703552246,3.964643716812134,0.0002,1.0149786473053384,0.1485208161175251,0.053839933359995484,0.05442093650344759,0.1982620470225811
782,782,3.9483790397644043,3.9668657779693604,0.0002,1.0171423482318944,0.1491430550813675,0.053899387596175075,0.0544662659522146,0.19856225699186325
783,783,3.9639079570770264,3.973581314086914,0.0002,1.019196388009595,0.14922435581684113,0.05394212086685002,0.05450801830738783,0.19886209815740585
784,784,3.955641508102417,3.950434684753418,0.0002,1.0209158546102743,0.1498766951262951,0.05398588953539729,0.05455294146668166,0.19916034489870071
785,785,3.9545295238494873,3.979572057723999,0.0002,0.9679792470704102,0.14992686361074448,0.054012513253837824,0.054580978117883205,0.19946013018488884
786,786,3.958883762359619,3.966590404510498,0.0002,0.9731734368014713,0.14978448301553726,0.05405568261630833,0.05462646472733468,0.19976234808564186
787,787,3.959042549133301,3.965869903564453,0.0002,0.9777161888554317,0.15076162293553352,0.05409079499077052,0.054671450168825686,0.20006132125854492
788,788,3.9629135131835938,3.9595274925231934,0.0002,0.9835977669431138,0.15002618730068207,0.05413690325804055,0.05470929364673793,0.20036014541983604
789,789,3.9554479122161865,3.976076364517212,0.0002,0.9896820061570116,0.1501241810619831,0.05418220080900937,0.05475664744153619,0.20066173002123833
790,790,3.9515879154205322,3.9473090171813965,0.0002,0.9953580885859465,0.15037695318460464,0.05421509931329638,0.054796136799268425,0.20096567273139954
791,791,3.9405016899108887,3.9751315116882324,0.0002,0.9495881978614706,0.15087150409817696,0.05426434311084449,0.05483409354928881,0.20126942172646523
792,792,3.9754281044006348,3.960736036300659,0.0002,0.9584290015409671,0.15081769600510597,0.05430163734126836,0.05488105886615813,0.20157349854707718
793,793,3.9543700218200684,3.9556665420532227,0.0002,0.966224326192501,0.15118605643510818,0.05435850645881146,0.0549270388437435,0.20187780633568764
794,794,3.9501824378967285,3.979884147644043,0.0002,0.9732665427703094,0.15033632144331932,0.054395879502408206,0.05496496905107051,0.20218326896429062
795,795,3.9623618125915527,3.952943801879883,0.0002,0.9795605045207378,0.15116218850016594,0.05441537196747959,0.054995178477838635,0.20248717442154884
796,796,3.941751480102539,3.9576845169067383,0.0002,0.9853144965718785,0.15204047784209251,0.05446254648268223,0.05504145217128098,0.2027919627726078
797,797,3.9577040672302246,3.9576187133789062,0.0002,0.9905019082615752,0.15279560536146164,0.0544968715403229,0.0550793434958905,0.2030951902270317
798,798,3.9779560565948486,3.9648241996765137,0.0002,0.9967914239223148,0.152228195220232,0.05453622306231409,0.055115586961619556,0.20339903235435486
799,799,3.963953971862793,3.980271100997925,0.0002,1.0009008645027675,0.15256964415311813,0.05458561470732093,0.05516485485713929,0.20370319858193398
800,800,3.972417116165161,3.954099655151367,0.0002,1.0044956950768136,0.1527429148554802,0.05463489331305027,0.055208619916811585,0.20400319248437881
801,801,3.953897476196289,3.974287509918213,0.0002,1.0077226701389677,0.15251266956329346,0.05467807536479086,0.05524906516075134,0.20430688560009003
802,802,3.9478657245635986,3.9489974975585938,0.0002,1.0106388457979514,0.1527830921113491,0.054708970710635185,0.05529389448929578,0.20460805669426918
803,803,3.9564929008483887,3.9535233974456787,0.0002,1.0132035004552555,0.15326975286006927,0.054742914624512196,0.055324019747786224,0.20491142198443413
804,804,3.943683624267578,3.9682700634002686,0.0002,1.0155768820050364,0.15313751250505447,0.05478399991989136,0.05536396289244294,0.20521418377757072
805,805,3.968883991241455,3.964193105697632,0.0002,1.017688248376928,0.15326140448451042,0.05482357065193355,0.055407902342267334,0.2055160477757454
806,806,3.945066213607788,3.959477424621582,0.0002,1.0194841713333376,0.1537696123123169,0.05485881643835455,0.0554429815383628,0.20581495016813278
807,807,3.9643797874450684,3.9656264781951904,0.0002,1.0228354473309598,0.15379710868000984,0.05490730609744787,0.05549001623876393,0.2061142884194851
808,808,3.9497835636138916,3.953824996948242,0.0002,1.0245245055278276,0.1543109081685543,0.05495641962625086,0.0555359513964504,0.20641515031456947
809,809,3.9682955741882324,3.9753713607788086,0.0002,1.025789593399768,0.15513975918293,0.0549822443863377,0.055569286458194256,0.2067149318754673
810,810,3.934199571609497,3.954064130783081,0.0002,1.0268409341746951,0.15440348908305168,0.05502466042526066,0.05561084649525583,0.20701570436358452
811,811,3.9622530937194824,3.9663848876953125,0.0002,1.0278170849533408,0.15469880029559135,0.055067832698114216,0.055652009323239326,0.20731746405363083
812,812,3.9412314891815186,3.9646763801574707,0.0002,1.0286669972705362,0.154232919216156,0.05511480395216495,0.055699911434203386,0.20762014761567116
813,813,3.9517693519592285,3.961892604827881,0.0002,1.0294640657104024,0.1550477370619774,0.05513873556628823,0.05572567624039948,0.20792211964726448
814,814,3.952993631362915,3.9605607986450195,0.0002,1.030217561826141,0.15453146398067474,0.05517835135105997,0.055772672523744404,0.20822689682245255
815,815,3.9380524158477783,3.9427490234375,0.0002,1.0308388739123964,0.15449069440364838,0.055231385747902095,0.05582248873542994,0.20853090286254883
816,816,3.9317100048065186,3.947144031524658,0.0002,0.9819122936779969,0.15657654032111168,0.055254190461710095,0.055838584434241056,0.20883269980549812
817,817,3.9491868019104004,3.9525229930877686,0.0002,0.9877180456534462,0.15598133206367493,0.055296940030530095,0.05588510481175035,0.20913541316986084
818,818,3.9533185958862305,3.9614500999450684,0.0002,0.9925738999087389,0.1555001325905323,0.05534206226002425,0.05593268480151892,0.20943841710686684
819,819,3.9501452445983887,3.9312145709991455,0.0002,0.9970124453900954,0.1564919725060463,0.05537601502146572,0.055954394047148526,0.2097378820180893
820,820,3.945727825164795,3.9704015254974365,0.0002,0.9515302569434749,0.15656575188040733,0.055404495215043426,0.056003476260229945,0.21004129573702812
821,821,3.9513678550720215,3.9561948776245117,0.0002,0.9583723307057979,0.15591086074709892,0.05546020052861422,0.056054111453704536,0.2103441208600998
822,822,3.9638328552246094,3.9462757110595703,0.0002,0.966234118692531,0.15595633164048195,0.0554927313933149,0.056086168391630054,0.21064666658639908
823,823,3.944608211517334,3.955949306488037,0.0002,0.9731666619605766,0.1564212255179882,0.05552814097609371,0.05612607067450881,0.21095166355371475
824,824,3.9406180381774902,3.9470772743225098,0.0002,0.980974987286566,0.1568748541176319,0.05558360321447253,0.056179674924351275,0.21125807985663414
825,825,3.959491729736328,3.9588208198547363,0.0002,0.9868864416698861,0.15706542506814003,0.055603809771128,0.05619606177788228,0.21156303584575653
826,826,3.9502170085906982,3.9482431411743164,0.0002,0.9919832895584115,0.1569245494902134,0.05565290979575366,0.056242208112962544,0.21187038347125053
827,827,3.9525632858276367,3.9404046535491943,0.0002,0.9962943395731471,0.15672968700528145,0.055690123699605465,0.05628642800729722,0.21217883750796318
828,828,3.9585649967193604,3.9558234214782715,0.0002,1.0003947926266183,0.15757110342383385,0.055719107505865395,0.05631077056750655,0.21248610690236092
829,829,3.949700117111206,3.950540542602539,0.0002,1.0040613878767677,0.15805456787347794,0.0557476015528664,0.0563502722652629,0.21279319748282433
830,830,3.967482805252075,3.9913859367370605,0.0002,1.0073317936589266,0.15801973640918732,0.05580583936534822,0.056393813574686646,0.2130979634821415
831,831,3.940092086791992,3.9477503299713135,0.0002,1.0102822092609598,0.15789800882339478,0.055835930281318724,0.056435966049320996,0.2134045660495758
832,832,3.951381206512451,3.9709548950195312,0.0002,1.012945075401515,0.15735140815377235,0.055878400919027627,0.05647118738852441,0.21370865404605865
833,833,3.9508204460144043,3.9683237075805664,0.0002,1.0151077083881266,0.15809572488069534,0.05590848904103041,0.056507080094888806,0.21401387453079224
834,834,3.9285972118377686,3.9539878368377686,0.0002,1.015128476945524,0.1584007292985916,0.055954821524210274,0.0565508808940649,0.2143213488161564
835,835,3.9333231449127197,3.95806622505188,0.0002,1.0155932475124185,0.15854476764798164,0.05600059998687357,0.05659988534171134,0.21462811157107353
836,836,3.946359395980835,3.959899663925171,0.0002,1.015786527216094,0.15868574380874634,0.05601891689002514,0.056615369161590934,0.21493494138121605
837,837,3.9460811614990234,3.9392623901367188,0.0002,1.0181175896086974,0.15896756947040558,0.05606341455131769,0.05666122678667307,0.2152431681752205
838,838,3.9300336837768555,3.960188865661621,0.0002,1.0199845783640633,0.15887464582920074,0.056097665801644325,0.05669602029956877,0.21555444598197937
839,839,3.939232349395752,3.9526069164276123,0.0002,1.0216745632005375,0.15952008217573166,0.05612145410850644,0.056726670591160655,0.21586528047919273
840,840,3.9549057483673096,3.9458255767822266,0.0002,1.0231959902762928,0.15943043678998947,0.05617621820420027,0.05677410459611565,0.21617361158132553
841,841,3.9465560913085938,3.944436550140381,0.0002,1.024545005266676,0.15982156246900558,0.05621971748769283,0.05681879224721342,0.21648208796977997
842,842,3.9495601654052734,3.949690103530884,0.0002,1.0257278489645953,0.15978558361530304,0.056249611428938806,0.05684658978134394,0.21678849309682846
843,843,3.9567060470581055,3.9505980014801025,0.0002,1.0284311272285116,0.16011853888630867,0.056287123123183846,0.056890857755206525,0.2170966938138008
844,844,3.9476046562194824,3.9327239990234375,0.0002,1.0295508692702178,0.16001208871603012,0.0563223249046132,0.05692483379971236,0.2174036093056202
845,845,3.941385269165039,3.9431591033935547,0.0002,1.030215518088817,0.16016191989183426,0.05637762066908181,0.05697871302254498,0.2177102528512478
846,846,3.9558629989624023,3.957843780517578,0.0002,1.030739372199622,0.16073809936642647,0.05640986014623195,0.05701650492846966,0.21801944077014923
847,847,3.936282157897949,3.943582773208618,0.0002,1.0314072323406889,0.16059640794992447,0.05643533973488957,0.05703681556042284,0.21832908689975739
848,848,3.9353249073028564,3.934412956237793,0.0002,1.0319307177867374,0.16121410951018333,0.05647655320353806,0.05708222312387079,0.21863996982574463
849,849,3.932812213897705,3.945683479309082,0.0002,1.032211461987367,0.16130907833576202,0.05652086774352938,0.05711693759076297,0.21894987300038338
850,850,3.9405553340911865,3.942485809326172,0.0002,1.031801713048578,0.1611604169011116,0.05655223480425775,0.05715398502070457,0.21925412863492966
851,851,3.935610055923462,3.942445993423462,0.0002,1.0293523261570383,0.16103169694542885,0.056607009028084576,0.05720839323475957,0.21956218034029007
852,852,3.93184494972229,3.9332733154296875,0.0002,1.027269061227273,0.16207574680447578,0.05662026151549071,0.05722602142486721,0.2198689915239811
853,853,3.9203710556030273,3.9442782402038574,0.0002,1.0256528697772276,0.1614052876830101,0.05666371213737875,0.05726436851546168,0.2201763316988945
854,854,3.944225311279297,3.960639476776123,0.0002,1.0249591633480943,0.1621239334344864,0.056707717129029334,0.05731715774163604,0.22049029916524887
855,855,3.9282889366149902,3.95695424079895,0.0002,1.0243948459170709,0.16195449605584145,0.05674126173835248,0.0573494442505762,0.2207975573837757
856,856,3.9375083446502686,3.952528476715088,0.0002,1.0256059158370339,0.1615331880748272,0.05677058361470699,0.05738557444419712,0.22110871598124504
857,857,3.939927339553833,3.938380718231201,0.0002,1.0265713955218752,0.16208883374929428,0.056822539889253676,0.057433129753917456,0.22142263874411583
858,858,3.924257755279541,3.9584383964538574,0.0002,1.0270089412635013,0.16273295506834984,0.0568569079041481,0.05746495921630412,0.22173314914107323
859,859,3.9440531730651855,3.94583797454834,0.0002,1.025006814583225,0.16279010474681854,0.056890924694016576,0.05749397224280983,0.22204605117440224
860,860,3.9429099559783936,3.9338696002960205,0.0002,1.022649729983861,0.16324994713068008,0.05693804891780019,0.05753561737947166,0.2223561853170395
861,861,3.935626745223999,3.9739365577697754,0.0002,1.022847668847039,0.16284075751900673,0.05695879377890378,0.05757128831464797,0.2226663902401924
862,862,3.9277162551879883,3.9392786026000977,0.0002,1.0232825222716908,0.1641407161951065,0.05698971974197775,0.057603657245635986,0.222976665943861
863,863,3.9291276931762695,3.966743230819702,0.0002,1.02332130041983,0.16316914558410645,0.057033512741327286,0.05764576676301658,0.22328487783670425
864,864,3.9626755714416504,3.979013681411743,0.0002,1.0229020325598697,0.1630714312195778,0.05707895488012582,0.05769380007404834,0.22359483316540718
865,865,3.9312806129455566,3.9461684226989746,0.0002,1.0242949835938353,0.1641383208334446,0.05711915984284133,0.05773245892487466,0.2239069901406765
866,866,3.9486355781555176,3.9168336391448975,0.0002,1.0258833081004515,0.16360526159405708,0.057150038657709956,0.05776018707547337,0.22421740740537643
867,867,3.9169232845306396,3.9447944164276123,0.0002,0.9740618034510066,0.16474033519625664,0.05717590113636106,0.05779319768771529,0.22453171014785767
868,868,3.932318687438965,3.953617572784424,0.0002,0.9788155959173662,0.16410019621253014,0.05721989565063268,0.05783137655816972,0.2248421460390091
869,869,3.945131540298462,3.948274612426758,0.0002,0.9828183808170534,0.16465870663523674,0.057246178621426225,0.05785862810444087,0.2251523733139038
870,870,3.931981086730957,3.9500629901885986,0.0002,0.9896968815087981,0.16496743261814117,0.05729627737309784,0.057909399387426674,0.22546564787626266
871,871,3.9354376792907715,3.9475173950195312,0.0002,0.9947503388025145,0.16500189900398254,0.05734125035814941,0.05794878921005875,0.22577405720949173
872,872,3.928128242492676,3.93013334274292,0.0002,0.9989100074934998,0.1650637648999691,0.057363403495401144,0.05797311651986092,0.22608208283782005
873,873,3.948507308959961,3.9561963081359863,0.0002,1.0027118568149167,0.1656060516834259,0.05740092776250094,0.05801254464313388,0.22639159113168716
874,874,3.917846202850342,3.952913761138916,0.0002,1.006121622089698,0.16602028533816338,0.057433841517195106,0.058045359794050455,0.22670087590813637
875,875,3.9413528442382812,3.9383106231689453,0.0002,1.0091921734964533,0.16594193503260612,0.057470164145343006,0.0580885544186458,0.22701214998960495
876,876,3.9239296913146973,3.9286465644836426,0.0002,1.0119098600864842,0.1663905717432499,0.05750569037627429,0.05813069804571569,0.22732215002179146
877,877,3.9215617179870605,3.947316884994507,0.0002,1.0143910126357563,0.1656751148402691,0.057558976812288165,0.05817547964397818,0.22763246297836304
878,878,3.935637950897217,3.9331512451171875,0.0002,1.0165786897913158,0.16602586954832077,0.05758022970985621,0.05819382658228278,0.22794196009635925
879,879,3.9300336837768555,3.9723877906799316,0.0002,1.0200816129098522,0.16638362780213356,0.05762297415640205,0.058237327029928565,0.2282545045018196
880,880,3.944929838180542,3.9341063499450684,0.0002,1.0221209991866556,0.16618017107248306,0.05765477556269616,0.05827371997293085,0.22856975719332695
881,881,3.9328999519348145,3.922703981399536,0.0002,1.0235735484650486,0.16654550284147263,0.05768678220920265,0.058309915009886026,0.2288813404738903
882,882,3.924132823944092,3.9303135871887207,0.0002,1.0249121290907741,0.16699358075857162,0.057726042810827494,0.058350911480374634,0.22919341921806335
883,883,3.9314279556274414,3.9283864498138428,0.0002,1.0261909564124583,0.1670094057917595,0.05778288992587477,0.05840296996757388,0.22950848937034607
884,884,3.9409494400024414,3.9251339435577393,0.0002,1.0271480412516227,0.16737505048513412,0.0577949428698048,0.05841459787916392,0.22981733083724976
885,885,3.9367761611938477,3.9298744201660156,0.0002,1.02806485793899,0.16717703267931938,0.057855319464579225,0.05847205116879195,0.23013246059417725
886,886,3.9207117557525635,3.9410572052001953,0.0002,1.0287936704145295,0.1680324748158455,0.0578768098494038,0.058492685202509165,0.23044146597385406
887,887,3.9342880249023438,3.9518706798553467,0.0002,1.029729829275693,0.16783945634961128,0.05792723048944026,0.05854296626057476,0.2307547628879547
888,888,3.9351813793182373,3.934635639190674,0.0002,1.0304435261667546,0.16793499514460564,0.05795166175812483,0.0585700647206977,0.2310675010085106
889,889,3.925307273864746,3.9287171363830566,0.0002,1.0291674839082574,0.16819291189312935,0.05800035339780152,0.05861838813871145,0.23137865960597992
890,890,3.9118423461914062,3.9456191062927246,0.0002,1.0281486984071437,0.16903149336576462,0.058030323358252645,0.058650796534493566,0.23168819770216942
891,891,3.9285011291503906,3.92293119430542,0.0002,1.027181166432307,0.1679423190653324,0.05807052331510931,0.05869211268145591,0.23200035840272903
892,892,3.923800468444824,3.941270351409912,0.0002,1.0279803349665937,0.1680227741599083,0.058111450052820146,0.058738113613799214,0.23231272026896477
893,893,3.9366536140441895,3.9318697452545166,0.0002,1.028914834988872,0.16875678300857544,0.05815348611213267,0.0587639338336885,0.2326253168284893
894,894,3.9447598457336426,3.917311668395996,0.0002,1.0297157608041023,0.16871894896030426,0.05819630972109735,0.05881095794029534,0.2329389788210392
895,895,3.9283251762390137,3.931490898132324,0.0002,1.0304260170021995,0.1688099093735218,0.058226255467161536,0.05884264688938856,0.23325272276997566
896,896,3.9195265769958496,3.9331464767456055,0.0002,1.0310745023686305,0.16906633973121643,0.05825799470767379,0.058874553767964244,0.23356734961271286
897,897,3.9444010257720947,3.9571614265441895,0.0002,1.0315019109829153,0.16940771788358688,0.05830715119373053,0.05892564356327057,0.23388372734189034
898,898,3.9262237548828125,3.932431697845459,0.0002,1.0332164193771616,0.1700371317565441,0.05832951178308576,0.058944730437360704,0.23419493064284325
899,899,3.936182975769043,3.934117078781128,0.0002,1.0342422944108747,0.16904813051223755,0.058365511475130916,0.05898442666511983,0.23450687155127525
900,900,3.9507851600646973,3.9475064277648926,0.0002,1.0345514806881189,0.16993099078536034,0.0584208145737648,0.059044294990599155,0.23482287302613258
901,901,3.9232988357543945,3.9266583919525146,0.0002,1.0348099024800228,0.16952480003237724,0.05845610797405243,0.05907156958710402,0.23513739928603172
902,902,3.9277608394622803,3.939962387084961,0.0002,1.0349618537758387,0.16975456103682518,0.05848942638840526,0.05911319295410067,0.23545356467366219
903,903,3.937443971633911,3.939326286315918,0.0002,1.0351197462219397,0.17090490832924843,0.05852110916748643,0.059136958327144384,0.2357674241065979
904,904,3.913093090057373,3.94566011428833,0.0002,1.0352851974169055,0.1709136925637722,0.058558218530379236,0.05918717186432332,0.23608213290572166
905,905,3.9365100860595703,3.9427056312561035,0.0002,1.0354261728057372,0.1705094613134861,0.05859663477167487,0.05922894272953272,0.23639614880084991
906,906,3.9307124614715576,3.9473586082458496,0.0002,1.0355649471406807,0.1713586486876011,0.058642426040023565,0.05926115158945322,0.2367093451321125
907,907,3.9258949756622314,3.918553352355957,0.0002,1.0361474988708204,0.17030144110321999,0.05867678613867611,0.05930214875843376,0.23702483624219894
908,908,3.913191318511963,3.9234695434570312,0.0002,1.0373830255969025,0.17128953337669373,0.05871030141133815,0.05933961411938071,0.23734073713421822
909,909,3.9176719188690186,3.925055980682373,0.0002,1.0374810177895846,0.17148961871862411,0.0587441649986431,0.05936743807978928,0.23765671625733376
910,910,3.9250032901763916,3.9231278896331787,0.0002,1.0374694195450074,0.17184648290276527,0.05879177898168564,0.05940719018690288,0.2379733882844448
911,911,3.920541286468506,3.916416645050049,0.0002,1.0373607023961373,0.17153673619031906,0.05882852210197598,0.05944773962255567,0.2382892742753029
912,912,3.946998119354248,3.9448089599609375,0.0002,0.9863380752487174,0.17224641516804695,0.05887474142946303,0.05949243064969778,0.23860586807131767
913,913,3.9142422676086426,3.936171531677246,0.0002,0.9898231859846421,0.17147569730877876,0.05889760178979486,0.059518502093851566,0.2389211319386959
914,914,3.9348292350769043,3.938007354736328,0.0002,0.9944245244494141,0.1723034717142582,0.05892878433223814,0.05955507408361882,0.239237230271101
915,915,3.9189178943634033,3.9165256023406982,0.0002,1.00000704190084,0.1725000999867916,0.058981680776923895,0.05960885377135128,0.23955492302775383
916,916,3.91818904876709,3.9237189292907715,0.0002,1.0023965695552601,0.17284374311566353,0.05901415960397571,0.05963781080208719,0.23987026512622833
917,917,3.929480791091919,3.937256097793579,0.0002,1.005383343830078,0.17378832399845123,0.059056879254058,0.0596689460799098,0.24018417671322823
918,918,3.9163296222686768,3.940974712371826,0.0002,1.0089684986191054,0.17265257611870766,0.05908804514911026,0.05971340031828731,0.24049871787428856
919,919,3.9137208461761475,3.9321162700653076,0.0002,1.0116803822416507,0.17348486557602882,0.05912960786372423,0.059753989800810814,0.24081026017665863
920,920,3.913398265838623,3.931387186050415,0.0002,1.014143964830015,0.1743893064558506,0.059166228980757296,0.059793670545332134,0.2411211021244526
921,921,3.943352699279785,3.910050392150879,0.0002,1.016336981717135,0.17329858243465424,0.059204505872912705,0.059836167260073125,0.241433784365654
922,922,3.909456253051758,3.911510467529297,0.0002,0.9684606710552798,0.17409496381878853,0.05923417932353914,0.05985885427799076,0.2417425960302353
923,923,3.927368640899658,3.9430341720581055,0.0002,0.9752818963270818,0.17344041168689728,0.059284326736815274,0.0599056223873049,0.24205471575260162
924,924,3.899411678314209,3.940675735473633,0.0002,0.9823127712376167,0.17403507232666016,0.05931137944571674,0.059939468395896256,0.24236702919006348
925,925,3.908141613006592,3.9312329292297363,0.0002,0.9886401105058479,0.17420070990920067,0.05937296093907207,0.059980588615871966,0.24268223345279694
926,926,3.9218409061431885,3.9314756393432617,0.0002,0.9935452568635782,0.1743960939347744,0.05939899233635515,0.06002476089634001,0.2429986260831356
927,927,3.9170589447021484,3.9164090156555176,0.0002,0.9978597857496156,0.17412446066737175,0.05943930917419493,0.06005609629210085,0.2433132529258728
928,928,3.911691188812256,3.9252007007598877,0.0002,1.0017384563717127,0.17460506409406662,0.05948110017925501,0.06010433554183692,0.2436295449733734
929,929,3.8984484672546387,3.912968397140503,0.0002,1.005223093035099,0.17520401999354362,0.059515318484045565,0.06013420270755887,0.24394405260682106
930,930,3.9070005416870117,3.9139742851257324,0.0002,1.008383497347314,0.1748650223016739,0.05955082969740033,0.0601754313101992,0.24426183104515076
931,931,3.930253505706787,3.9343574047088623,0.0002,1.0111622426024252,0.17490990087389946,0.059592725709080696,0.060209927847608924,0.24458285048604012
932,932,3.9206390380859375,3.913422107696533,0.0002,1.0137243254216477,0.1750822812318802,0.05961882113479078,0.06023929815273732,0.24490315094590187
933,933,3.904648542404175,3.9087514877319336,0.0002,1.016032843835756,0.17646251991391182,0.05966639472171664,0.060291215777397156,0.24522757157683372
934,934,3.913957118988037,3.936197280883789,0.0002,0.9686512667960119,0.17557796835899353,0.059692461509257555,0.060326906153932214,0.2455480359494686
935,935,3.9232962131500244,3.930809497833252,0.0002,0.9755703075494943,0.176422867923975,0.05973153794184327,0.06036374298855662,0.2458682544529438
936,936,3.945911407470703,3.934281349182129,0.0002,0.9816774854746622,0.1760607287287712,0.0597615500446409,0.060399014852009714,0.24619068205356598
937,937,3.9150586128234863,3.911100387573242,0.0002,0.9871950946444764,0.17626606300473213,0.05981512391008437,0.060443103313446045,0.2465159334242344
938,938,3.9028425216674805,3.9362878799438477,0.0002,0.9920179146494245,0.17701110988855362,0.059832273749634624,0.06045691203325987,0.24683644250035286
939,939,3.93068528175354,3.9298009872436523,0.0002,0.9965473334324638,0.17655720934271812,0.05987444275524467,0.0604977187467739,0.24715786799788475
940,940,3.9074501991271973,3.9291677474975586,0.0002,1.000611461436102,0.17756307497620583,0.059930090443231165,0.060550652793608606,0.24747684597969055
941,941,3.9167444705963135,3.9228579998016357,0.0002,1.00418809980573,0.1772095113992691,0.05997475527692586,0.06059913069475442,0.24779631197452545
942,942,3.9120702743530273,3.926565408706665,0.0002,1.0082549088749422,0.1774894781410694,0.05998347245622426,0.06060767313465476,0.2481134943664074
943,943,3.918882369995117,3.9128241539001465,0.0002,1.0119978945944546,0.17733024433255196,0.06003658240661025,0.06066397950053215,0.24843519181013107
944,944,3.9044365882873535,3.931501626968384,0.0002,1.014577857404182,0.1778547503054142,0.060060078743845224,0.06068469013553113,0.24875373020768166
945,945,3.9079394340515137,3.909062385559082,0.0002,1.0166505365371394,0.17790918424725533,0.06009532790631056,0.06071816268377006,0.2490728460252285
946,946,3.9040255546569824,3.9193649291992188,0.0002,1.0187934986947633,0.17802948877215385,0.06014357355888933,0.060768310562707484,0.24939141049981117
947,947,3.926220178604126,3.9060842990875244,0.0002,1.0205915746424468,0.17801668867468834,0.060189291718415916,0.06082116370089352,0.2497122846543789
948,948,3.901839256286621,3.9115617275238037,0.0002,0.9704101549686918,0.17876501008868217,0.06021554151084274,0.060851945308968425,0.25003066658973694
949,949,3.902149200439453,3.919835090637207,0.0002,0.9768328617719594,0.178176898509264,0.06025826255790889,0.06088051770348102,0.25035054236650467
950,950,3.9228954315185547,3.9116721153259277,0.0002,0.9828565318569796,0.1787305325269699,0.060284222243353724,0.06091433938127011,0.25067297369241714
951,951,3.9009945392608643,3.9046692848205566,0.0002,0.986361695123399,0.1796550713479519,0.06031503318808973,0.06093403743579984,0.2509904205799103
952,952,3.91875958442688,3.9418745040893555,0.0002,0.9414857563615464,0.1799016334116459,0.060354000772349536,0.0609800381353125,0.2513124719262123
953,953,3.906461715698242,3.9292044639587402,0.0002,0.9491700635367836,0.179279126226902,0.06038951862137765,0.06101548485457897,0.2516278475522995
954,954,3.890564441680908,3.9189395904541016,0.0002,0.9561059230661523,0.1798739992082119,0.0604324423475191,0.06105441658291966,0.25194650888442993
955,955,3.913032293319702,3.9288723468780518,0.0002,0.9642053732627516,0.17977730929851532,0.060482158325612545,0.06109977746382356,0.2522643804550171
956,956,3.918393135070801,3.902237892150879,0.0002,0.9714424373117148,0.18005871400237083,0.06048070325050503,0.06110912177246064,0.25257763266563416
957,957,3.9270408153533936,3.90767765045166,0.0002,0.9279387948084913,0.17958879098296165,0.06052543909754604,0.061152314650826156,0.25289642065763474
958,958,3.9102654457092285,3.8951380252838135,0.0002,0.9400353154052459,0.1799178570508957,0.060565601219423115,0.061187411774881184,0.2532106712460518
959,959,3.925539970397949,3.9144835472106934,0.0002,0.9000318057961855,0.17936765775084496,0.060605973354540765,0.061231628293171525,0.2535282298922539
960,960,3.8977651596069336,3.898303508758545,0.0002,0.9139082519689465,0.1810908392071724,0.06064516201149672,0.06127026560716331,0.2538445442914963
961,961,3.9071192741394043,3.907014846801758,0.0002,0.9259754448202151,0.17929250374436378,0.060667186859063804,0.061288917204365134,0.2541596367955208
962,962,3.905107021331787,3.8928511142730713,0.0002,0.9371095516727428,0.18019838258624077,0.06070327607449144,0.06132487941067666,0.25447849929332733
963,963,3.898435592651367,3.9295334815979004,0.0002,0.8961393911758838,0.18075435608625412,0.06073029339313507,0.06136690510902554,0.25479308515787125
964,964,3.925769805908203,3.920793056488037,0.0002,0.9084621621728675,0.1807406209409237,0.060786489862948656,0.06140717235393822,0.25511057674884796
965,965,3.901810646057129,3.9447121620178223,0.0002,0.9213308386372209,0.18096183985471725,0.0608157676178962,0.06144117866642773,0.25542518496513367
966,966,3.889904260635376,3.9387106895446777,0.0002,0.9340556930473078,0.1816914565861225,0.060855541727505624,0.061478874762542546,0.255744107067585
967,967,3.9050261974334717,3.916027545928955,0.0002,0.9431724603552899,0.182356059551239,0.06088439316954464,0.061517030582763255,0.2560635507106781
968,968,3.8971710205078125,3.9221909046173096,0.0002,0.9524956406434711,0.1819802187383175,0.060920728370547295,0.0615469915792346,0.25638347864151
969,969,3.930603265762329,3.9068121910095215,0.0002,0.9608983927168605,0.18170508742332458,0.06094599422067404,0.06156918697524816,0.2567039653658867
970,970,3.90610933303833,3.926015615463257,0.0002,0.9684802514225004,0.1818884275853634,0.06096534873358905,0.06159565830603242,0.25702575594186783
971,971,3.8963441848754883,3.916396141052246,0.0002,0.9752422799126813,0.1820591539144516,0.06102385383564979,0.061645797453820705,0.25735142827033997
972,972,3.8975934982299805,3.910935878753662,0.0002,0.9814549965873793,0.18229632824659348,0.061051297932863235,0.061675844714045525,0.2576737254858017
973,973,3.9155502319335938,3.902864456176758,0.0002,0.9869684196974734,0.18270115181803703,0.061067225062288344,0.061691162758506835,0.2579970359802246
974,974,3.8952524662017822,3.9002718925476074,0.0002,0.991908921952313,0.18396896868944168,0.061113510048016906,0.06173304689582437,0.2583223879337311
975,975,3.9048967361450195,3.9111833572387695,0.0002,0.9979382411381706,0.1833437867462635,0.061140873352997005,0.06176630326081067,0.2586476057767868
976,976,3.903289794921875,3.9056620597839355,0.0002,1.0021294293545364,0.18345649540424347,0.061176211573183537,0.061800810508430004,0.25897008180618286
977,977,3.901393175125122,3.9108564853668213,0.0002,1.005563077491029,0.18403564393520355,0.06120497069787234,0.06182232347782701,0.25929197669029236
978,978,3.886063575744629,3.9087436199188232,0.0002,1.0086899240318785,0.18316946551203728,0.06124208855908364,0.061866954318247736,0.2596171200275421
979,979,3.9042258262634277,3.8961997032165527,0.0002,1.0114710457432001,0.18335000798106194,0.06126788828987628,0.0618974274257198,0.2599407359957695
980,980,3.878683090209961,3.9013671875,0.0002,1.013989030886624,0.1834341362118721,0.06132288812659681,0.06195040827151388,0.2602675035595894
981,981,3.9077181816101074,3.9322714805603027,0.0002,1.0161583930728735,0.1843455508351326,0.061352243763394654,0.06197771953884512,0.2605935037136078
982,982,3.9062957763671875,3.9057397842407227,0.0002,1.0183099455740716,0.18418094515800476,0.06139214208815247,0.06202076422050595,0.2609230950474739
983,983,3.9089953899383545,3.9024834632873535,0.0002,1.0200353457513447,0.18508750572800636,0.06141305703204125,0.06203691603150219,0.26124895364046097
984,984,3.8917174339294434,3.9312052726745605,0.0002,1.0217378856890214,0.1841774322092533,0.061439375509507954,0.06205970887094736,0.26157502084970474
985,985,3.9229660034179688,3.907529830932617,0.0002,1.0215771103580888,0.1847878061234951,0.06147676950786263,0.06210659898351878,0.26190125942230225
986,986,3.919605255126953,3.8999266624450684,0.0002,1.0228085771924675,0.1848749816417694,0.061514768516644835,0.06214505585376173,0.26222802698612213
987,987,3.8961658477783203,3.8999457359313965,0.0002,1.022550545305778,0.18560533970594406,0.06151460052933544,0.06215538363903761,0.26255082339048386
988,988,3.9016170501708984,3.918344497680664,0.0002,1.0221602651951924,0.18560468032956123,0.061593258287757635,0.062213745433837175,0.2628771588206291
989,989,3.8730201721191406,3.9042601585388184,0.0002,1.0235740985655157,0.18586153164505959,0.061614821781404316,0.062237252248451114,0.2631988301873207
990,990,3.9113659858703613,3.9051361083984375,0.0002,1.0249192363740889,0.18545838072896004,0.06164106447249651,0.062257966375909746,0.26351918280124664
991,991,3.910217046737671,3.908918619155884,0.0002,1.0260809501332637,0.1859019473195076,0.0616701451363042,0.062296458054333925,0.2638419568538666
992,992,3.899637222290039,3.913249969482422,0.0002,1.0271335397993007,0.185392864048481,0.06171857472509146,0.062344978330656886,0.26416289806365967
993,993,3.8970248699188232,3.916080951690674,0.0002,1.028076465834704,0.18575989454984665,0.06175127986352891,0.06237577472347766,0.2644836977124214
994,994,3.8985984325408936,3.9057302474975586,0.0002,1.030475870958836,0.18598708882927895,0.06177433638367802,0.06240267015527934,0.26480238139629364
995,995,3.8871843814849854,3.9052631855010986,0.0002,1.0313216252070772,0.1867375522851944,0.06181947549339384,0.06244420970324427,0.2651296779513359
996,996,3.8768177032470703,3.9437942504882812,0.0002,1.0161676939009763,0.18598240613937378,0.06185048213228583,0.06247953185811639,0.26545288413763046
997,997,3.885359048843384,3.90811824798584,0.0002,1.016481245692055,0.1863960064947605,0.06188758311327547,0.062518902705051,0.26577939093112946
998,998,3.9049289226531982,3.9045681953430176,0.0002,1.0166545278430335,0.1863308735191822,0.06190895428881049,0.06253041932359338,0.266103059053421
999,999,3.87939453125,3.904898166656494,0.0002,1.0186554863609933,0.18689240887761116,0.06195010442752391,0.06257674668449908,0.26643045246601105
1000,1000,3.907797336578369,3.896538734436035,0.0002,1.0204523843746847,0.18764760717749596,0.061964715365320444,0.06258720450568944,0.26675642281770706
1001,1001,3.874573230743408,3.8978216648101807,0.0002,1.0220955886100966,0.1870768778026104,0.06200519355479628,0.0626314472174272,0.26708339899778366
1002,1002,3.9318747520446777,3.8985209465026855,0.0002,1.0235180908016388,0.18787531182169914,0.06205341580789536,0.06267540412954986,0.267409086227417
1003,1003,3.8813347816467285,3.8926706314086914,0.0002,1.0262831195597784,0.18811456859111786,0.06206496723461896,0.06269569275900722,0.2677361071109772
1004,1004,3.926382303237915,3.9108192920684814,0.0002,0.9774918008874093,0.18842142075300217,0.062099237577058375,0.06271958607248962,0.26805853843688965
1005,1005,3.8752541542053223,3.9150044918060303,0.0002,0.9835241390883258,0.18876251578330994,0.06213537650182843,0.06275518238544464,0.26838333904743195
1006,1006,3.896115779876709,3.8892927169799805,0.0002,0.9888249221527186,0.18778787925839424,0.06218098138924688,0.06280530639924109,0.2687104865908623
1007,1007,3.879150390625,3.8980488777160645,0.0002,0.9440966112632396,0.18974100798368454,0.062200692016631365,0.06281399726867676,0.26903048902750015
1008,1008,3.9010941982269287,3.895663261413574,0.0002,0.9518580475705682,0.18885357305407524,0.062230565352365375,0.0628515463322401,0.2693576514720917
1009,1009,3.9042272567749023,3.9064865112304688,0.0002,0.9601583494085507,0.18928293511271477,0.062274720054119825,0.06289531837683171,0.2696835845708847
1010,1010,3.885467290878296,3.9154486656188965,0.0002,0.9678393315169266,0.18863430619239807,0.0623077506897971,0.06293618341442198,0.27001024782657623
1011,1011,3.868791103363037,3.9094433784484863,0.0002,0.9729852936459923,0.1895838901400566,0.062344320584088564,0.06296075938735157,0.27033794671297073
1012,1012,3.8982625007629395,3.886298656463623,0.0002,0.9775723853430202,0.19041157886385918,0.06235550111159682,0.0629888289840892,0.27066514641046524
1013,1013,3.8907432556152344,3.9048678874969482,0.0002,0.932997343327697,0.1892959624528885,0.06237055943347514,0.06299821007996798,0.27098871767520905
1014,1014,3.919537305831909,3.9087843894958496,0.0002,0.9436972504930496,0.1904677152633667,0.062424483825452626,0.06305370456539094,0.27131594717502594
1015,1015,3.891587734222412,3.8914577960968018,0.0002,0.9529503422412359,0.19018776342272758,0.062474878621287644,0.0630981739377603,0.27164261043071747
1016,1016,3.8974456787109375,3.889246702194214,0.0002,0.961371523553421,0.19009576365351677,0.06249938113614917,0.06311720795929432,0.27196649461984634
1017,1017,3.891850233078003,3.903266429901123,0.0002,0.9689117970152388,0.1898600310087204,0.06253225973341614,0.06314174190629274,0.27228911966085434
1018,1018,3.8884003162384033,3.904275894165039,0.0002,0.9756945182314618,0.19072852283716202,0.06256373377982527,0.06319247966166586,0.27261316776275635
1019,1019,3.8836417198181152,3.8750667572021484,0.0002,0.9832772460141199,0.1901649609208107,0.06260427611414343,0.06322594580706209,0.27293382585048676
1020,1020,3.8874027729034424,3.8932409286499023,0.0002,0.9387526742191177,0.1910305619239807,0.06262756558135152,0.0632513239979744,0.27325668931007385
1021,1021,3.905097007751465,3.9186184406280518,0.0002,0.9486946999380472,0.19097237661480904,0.06266472628340125,0.0632827834924683,0.273580364882946
1022,1022,3.9046173095703125,3.8923282623291016,0.0002,0.9574731421290836,0.19136743247509003,0.0627025644062087,0.06331909738946706,0.2739037051796913
1023,1023,3.8856866359710693,3.910245180130005,0.0002,0.9653301611503357,0.19154394418001175,0.06271766242571175,0.06333443569019437,0.2742278203368187
1024,1024,3.9262900352478027,3.9063796997070312,0.0002,0.9724996927004268,0.19136351346969604,0.06276126357261091,0.06338418030645698,0.2745542973279953
1025,1025,3.8982954025268555,3.9015862941741943,0.0002,0.9789575614569994,0.19146465510129929,0.06279583543073386,0.06340849678963423,0.2748771831393242
1026,1026,3.885312795639038,3.9391613006591797,0.0002,0.9847313004418218,0.19348645955324173,0.06279330817051232,0.06342162773944438,0.275200791656971
1027,1027,3.9031894207000732,3.8877339363098145,0.0002,0.9899056422077737,0.19229864701628685,0.06283673085272312,0.06345599459018558,0.27552103996276855
1028,1028,3.8830442428588867,3.913890838623047,0.0002,0.9954257643820568,0.19204217195510864,0.06287702673580498,0.06349460280034691,0.27584199607372284
1029,1029,3.877501964569092,3.8928303718566895,0.0002,1.0004288096204899,0.19222836941480637,0.0629122027894482,0.06353305338416249,0.2761601582169533
1030,1030,3.892810583114624,3.9034438133239746,0.0002,1.004140521664772,0.19248152151703835,0.06293125555384904,0.0635566224809736,0.2764776423573494
1031,1031,3.8961429595947266,3.889671802520752,0.0002,1.0073809877528237,0.1922374814748764,0.06293667608406395,0.06356932839844376,0.2767965644598007
1032,1032,3.8796615600585938,3.8985695838928223,0.0002,1.010305776129298,0.19311440363526344,0.06301127455662936,0.06363280082587153,0.27711957693099976
1033,1033,3.877432346343994,3.900599956512451,0.0002,1.0130218490264882,0.19214269146323204,0.06304695538710803,0.06367175525519997,0.2774440869688988
1034,1034,3.866563558578491,3.903029203414917,0.0002,1.015348203360939,0.19323966652154922,0.06306125002447516,0.06367599102668464,0.2777693569660187
1035,1035,3.8825435638427734,3.9005188941955566,0.0002,1.0175071146201513,0.1941625252366066,0.06310848006978631,0.06372558965813369,0.2780958563089371
1036,1036,3.881537437438965,3.887206554412842,0.0002,1.0193823011907284,0.19382661953568459,0.06311741436365992,0.06373608019202948,0.27842090278863907
1037,1037,3.888120651245117,3.8887674808502197,0.0002,1.0226633747833644,0.19402732327580452,0.06317283224780113,0.06379549379926175,0.2787482440471649
1038,1038,3.8773903846740723,3.8915510177612305,0.0002,1.0243625504788647,0.19329523295164108,0.06319329713005573,0.06380918878130615,0.2790727987885475
1039,1039,3.89054012298584,3.8905935287475586,0.0002,1.0255636396555652,0.1932423673570156,0.06322388013359159,0.06383991683833301,0.27940353751182556
1040,1040,3.87923526763916,3.9059417247772217,0.0002,1.0267292239865153,0.19425836205482483,0.06324843678157777,0.06386667070910335,0.2797311320900917
1041,1041,3.8753533363342285,3.8783085346221924,0.0002,1.027703773397998,0.19451794400811195,0.06328397674951702,0.06390256539452821,0.2800598815083504
1042,1042,3.903740406036377,3.903233051300049,0.0002,1.02859011652309,0.19418425858020782,0.06330246233846992,0.06391900929156691,0.28038644790649414
1043,1043,3.88368821144104,3.9046337604522705,0.0002,1.029427921920012,0.19477223232388496,0.06335672549903393,0.06397961871698499,0.2807169184088707
1044,1044,3.897014617919922,3.897778034210205,0.0002,1.0300353704389615,0.19569190591573715,0.06337056332267821,0.06398832891136408,0.2810479998588562
1045,1045,3.907576084136963,3.9079484939575195,0.0002,1.0307974596638019,0.19492236152291298,0.06340447242837399,0.0640083901816979,0.28137554973363876
1046,1046,3.9137144088745117,3.883143901824951,0.0002,1.031339210021676,0.19637356325984,0.06342897051945329,0.06404364423360676,0.28170551359653473
1047,1047,3.8691201210021973,3.9272379875183105,0.0002,1.0334799892359225,0.19518453627824783,0.06346917303744704,0.06408560089766979,0.28203705698251724
1048,1048,3.8782663345336914,3.903287410736084,0.0002,1.0340775687298402,0.19461731240153313,0.06348807935137302,0.06410483678337187,0.28236161917448044
1049,1049,3.869502067565918,3.8613409996032715,0.0002,1.0343366636947808,0.19540614634752274,0.06353073182981461,0.06415256683249027,0.2826966941356659
1050,1050,3.8802547454833984,3.870889186859131,0.0002,0.9792189640349124,0.19575794786214828,0.06355166924186051,0.06416432070545852,0.28302478045225143
1051,1051,3.8713128566741943,3.893033504486084,0.0002,0.9851952763140959,0.19661295786499977,0.06360210746061057,0.06422127853147686,0.28335941582918167
1052,1052,3.905120611190796,3.9004883766174316,0.0002,0.9903884366815324,0.19591684266924858,0.06360592087730765,0.06422371475491673,0.2836897373199463
1053,1053,3.880354881286621,3.8731541633605957,0.0002,0.9949473265728443,0.1959352008998394,0.06364434061106294,0.06426034227479249,0.28402408957481384
1054,1054,3.879148483276367,3.874472141265869,0.0002,0.999231021708812,0.197115957736969,0.06367837835568935,0.06429683498572558,0.28436078131198883
1055,1055,3.874466896057129,3.8870608806610107,0.0002,1.0045240465301266,0.1960439719259739,0.06369251990690827,0.06432168814353645,0.28469423949718475
1056,1056,3.872471332550049,3.8786845207214355,0.0002,1.0079875538178547,0.197246216237545,0.06374964583665133,0.06436466972809285,0.28503040224313736
1057,1057,3.894289493560791,3.8727340698242188,0.0002,1.0108512450858598,0.19733458757400513,0.06376065977383405,0.06437140633352101,0.2853641137480736
1058,1058,3.8874120712280273,3.9017086029052734,0.0002,1.0132452036058242,0.19786716997623444,0.06381221453193575,0.0644247547024861,0.2857002392411232
1059,1059,3.871537685394287,3.8876357078552246,0.0002,1.0155906189376356,0.19694887101650238,0.06383129593450576,0.0644498917972669,0.28603292256593704
1060,1060,3.865105628967285,3.8842861652374268,0.0002,1.0174825553376194,0.19747941941022873,0.06386079743970186,0.06447378557641059,0.2863633930683136
1061,1061,3.8809118270874023,3.8916540145874023,0.0002,1.0184919963074466,0.19737379625439644,0.06388999964110553,0.06450823473278433,0.2866949811577797
1062,1062,3.8748857975006104,3.8984460830688477,0.0002,1.0177815975425715,0.19821227714419365,0.06392919935751706,0.06454288284294307,0.28702840954065323
1063,1063,3.865962028503418,3.885338544845581,0.0002,1.018058274330294,0.19840628281235695,0.06393867987208068,0.06455746956635267,0.2873576432466507
1064,1064,3.8644888401031494,3.8858017921447754,0.0002,1.0188636183772368,0.19965574145317078,0.0639730062102899,0.06458853790536523,0.28768863528966904
1065,1065,3.857459545135498,3.8694655895233154,0.0002,1.021645335845332,0.19814736768603325,0.06402444874402136,0.06463881628587842,0.28801916539669037
1066,1066,3.8823468685150146,3.871670722961426,0.0002,1.0232151001935297,0.1989058144390583,0.06403879646677524,0.0646497905254364,0.28835055977106094
1067,1067,3.912370204925537,3.8959903717041016,0.0002,1.0245441446858465,0.19963054358959198,0.06406690366566181,0.06468355737160891,0.2886851951479912
1068,1068,3.8679730892181396,3.8949785232543945,0.0002,1.025774206552373,0.19803017750382423,0.06409605557564646,0.06471637915819883,0.28901710361242294
1069,1069,3.870788335800171,3.8974928855895996,0.0002,1.0268319287345788,0.19955237209796906,0.06413403002079576,0.06475004565436393,0.2893510237336159
1070,1070,3.8773436546325684,3.8731932640075684,0.0002,1.0278182309916433,0.19975431635975838,0.06416171754244715,0.0647732523502782,0.2896847277879715
1071,1071,3.8669936656951904,3.8805861473083496,0.0002,1.0286975330588337,0.20042229816317558,0.06420314416754991,0.064820745610632,0.29001857340335846
1072,1072,3.8841567039489746,3.886929988861084,0.0002,1.0295285640841862,0.200287077575922,0.06421089684590697,0.06483105954248458,0.2903516963124275
1073,1073,3.8658013343811035,3.888340950012207,0.0002,1.0301466112180926,0.1998283974826336,0.0642475119093433,0.06486520380713046,0.2906842976808548
1074,1074,3.8888325691223145,3.8758935928344727,0.0002,1.0289414584166037,0.20000268891453743,0.06428503838833421,0.06489726772997528,0.29101890325546265
1075,1075,3.868922710418701,3.88458251953125,0.0002,1.0280394270130455,0.20042016357183456,0.06432799238245934,0.06493847130332142,0.29135333001613617
1076,1076,3.880711078643799,3.8659520149230957,0.0002,1.0270190807437487,0.19926906004548073,0.06435014447197318,0.06496789888478816,0.2916874438524246
1077,1077,3.871771812438965,3.8814985752105713,0.0002,1.0279620023098472,0.20109617710113525,0.06437793048098683,0.06498511170502752,0.29202409088611603
1078,1078,3.875103235244751,3.866260528564453,0.0002,1.0288458717278839,0.20039863139390945,0.06442022183910012,0.06503193418029696,0.29236286878585815
1079,1079,3.898918867111206,3.883108377456665,0.0002,1.0295146021864798,0.20132572948932648,0.06444699806161225,0.06506235047709197,0.2927023768424988
1080,1080,3.8687386512756348,3.8783252239227295,0.0002,1.0297930677349163,0.20213713869452477,0.06446846597827971,0.06507250526919961,0.29303890466690063
1081,1081,3.86354398727417,3.872762680053711,0.0002,1.0298105095687653,0.20120517536997795,0.06449351168703288,0.0651075174100697,0.2933736890554428
1082,1082,3.867234706878662,3.8840272426605225,0.0002,1.02762766991878,0.2017030082643032,0.0645496005890891,0.06516231142450124,0.2937128394842148
1083,1083,3.879563331604004,3.8665037155151367,0.0002,1.026452676086369,0.20229766890406609,0.0645614112727344,0.06516841531265527,0.29404381662607193
1084,1084,3.8621249198913574,3.8873043060302734,0.0002,1.0244795799032025,0.2020607516169548,0.06458213611040264,0.06519427220337093,0.294379860162735
1085,1085,3.905405044555664,3.8587207794189453,0.0002,1.023875983402669,0.20127619430422783,0.06462970189750195,0.06523836962878704,0.29471226036548615
1086,1086,3.8665056228637695,3.9090287685394287,0.0002,0.972763883597687,0.20206541568040848,0.06465090159326792,0.0652649907860905,0.2950449287891388
1087,1087,3.870589256286621,3.8865621089935303,0.0002,0.9794933442933456,0.20199399068951607,0.06469193031080067,0.06530329573433846,0.2953820899128914
1088,1088,3.868326425552368,3.8479835987091064,0.0002,0.9853162572166084,0.20177514851093292,0.06471951014827937,0.06532911618705839,0.29571419954299927
1089,1089,3.8716001510620117,3.859842300415039,0.0002,0.9281387953563012,0.20269077271223068,0.06475936016067863,0.06536363228224218,0.2960521802306175
1090,1090,3.8643202781677246,3.855921745300293,0.0002,0.9383882411169301,0.20315050333738327,0.06477125326637179,0.06538135639857501,0.2963857501745224
1091,1091,3.854302406311035,3.877068042755127,0.0002,0.9477313136221287,0.2023659311234951,0.06480826030019671,0.06542484217789024,0.2967230826616287
1092,1092,3.844794988632202,3.8812689781188965,0.0002,0.9547197002811844,0.20185307785868645,0.06485115049872547,0.06546409148722887,0.2970603331923485
1093,1093,3.85591983795166,3.89218807220459,0.0002,0.9611252669103023,0.20319075509905815,0.06487966189160943,0.06548888317774981,0.29739470034837723
1094,1094,3.851935863494873,3.8874335289001465,0.0002,0.9685133359317701,0.20282674208283424,0.06490627315361053,0.06552159239072353,0.29773616045713425
1095,1095,3.8581619262695312,3.8699893951416016,0.0002,0.9753486821572241,0.2041005827486515,0.06493862019851804,0.06554421095643193,0.2980687767267227
1096,1096,3.8793561458587646,3.885545015335083,0.0002,0.981448076250273,0.20417112112045288,0.06495999486651272,0.06556444859597832,0.29840458184480667
1097,1097,3.8636674880981445,3.884049892425537,0.0002,0.9871130514191289,0.20384422317147255,0.06499448930844665,0.06561116559896618,0.29873935133218765
1098,1098,3.8436458110809326,3.888495445251465,0.0002,0.9920760877942816,0.20349618792533875,0.06503363070078194,0.06564193009398878,0.29906968772411346
1099,1099,3.8581976890563965,3.8815255165100098,0.0002,0.9972771806358826,0.20256027579307556,0.06505184655543417,0.0656626500422135,0.29940086603164673
1100,1100,3.8723175525665283,3.863722801208496,0.0002,1.001967549204983,0.20424283295869827,0.06509385234676301,0.06569759012199938,0.29973337799310684
1101,1101,3.887948989868164,3.852874279022217,0.0002,1.0058072485589893,0.2053615264594555,0.06512397492770106,0.06574042106512934,0.30006782710552216
1102,1102,3.8719234466552734,3.867342948913574,0.0002,1.0087552310897832,0.2050434723496437,0.06516160722821951,0.06577348441351205,0.3003975450992584
1103,1103,3.89056396484375,3.910621166229248,0.0002,1.0116237112624051,0.20570728927850723,0.06519483402371407,0.06580192619003356,0.30073232203722
1104,1104,3.8718464374542236,3.8592021465301514,0.0002,1.0141052890833526,0.204579409211874,0.06520789943169802,0.06581363524310291,0.3010646402835846
1105,1105,3.8674678802490234,3.859710216522217,0.0002,1.0164114166703815,0.20522035285830498,0.06525096332188696,0.06586119369603693,0.30140284448862076
1106,1106,3.8780760765075684,3.842158555984497,0.0002,1.0183003004994542,0.20585739612579346,0.06528811855241656,0.06589828513097018,0.3017428517341614
1107,1107,3.8722915649414062,3.900803565979004,0.0002,0.9673004590149544,0.20420147478580475,0.06532210961449891,0.06593401078134775,0.3020803704857826
1108,1108,3.860037326812744,3.90083384513855,0.0002,0.9728807730279386,0.206248689442873,0.06534744903910905,0.0659576136386022,0.30242181569337845
1109,1109,3.8760604858398438,3.8734965324401855,0.0002,0.9791249181448735,0.205435149371624,0.06537638488225639,0.06599020306020975,0.3027590960264206
1110,1110,3.8793585300445557,3.8602662086486816,0.0002,0.9849683432043195,0.20641470327973366,0.06541421136353165,0.066026242217049,0.3030988499522209
1111,1111,3.86293625831604,3.887701988220215,0.0002,0.9902177181798725,0.20661720633506775,0.06544628133997321,0.06606189266312867,0.303439624607563
1112,1112,3.8540077209472656,3.869530200958252,0.0002,0.9947633322441948,0.20632460713386536,0.06547346559818834,0.06608041701838374,0.303774893283844
1113,1113,3.850517988204956,3.8520920276641846,0.0002,0.9990336495298952,0.20610160008072853,0.06551474763546139,0.06612648593727499,0.30411384999752045
1114,1114,3.8448047637939453,3.869530200958252,0.0002,1.0026607494502813,0.20657100528478622,0.06553620914928615,0.06614454078953713,0.30445149540901184
1115,1115,3.832554817199707,3.882112741470337,0.0002,1.0061704534480818,0.2060329094529152,0.06557694124057889,0.06618539709597826,0.304791122674942
1116,1116,3.8766136169433594,3.8481509685516357,0.0002,1.0091885509407168,0.20730599388480186,0.06560576730407774,0.06621047109365463,0.3051302433013916
1117,1117,3.8501672744750977,3.857299327850342,0.0002,1.0129427153553858,0.2065502479672432,0.06563288427423686,0.06624457030557096,0.30546949803829193
1118,1118,3.897601366043091,3.85368275642395,0.0002,1.0160549111629413,0.20762640982866287,0.06564714957494289,0.06626882788259536,0.30581124126911163
1119,1119,3.8668594360351562,3.840257406234741,0.0002,1.018184159092205,0.2081822119653225,0.06568512052763253,0.06630343245342374,0.30615294724702835
1120,1120,3.8659896850585938,3.886395215988159,0.0002,0.9672675232645462,0.20818199962377548,0.06572927127126604,0.06633172230795026,0.3064945191144943
1121,1121,3.857017993927002,3.8702263832092285,0.0002,0.9725277686079786,0.20727504417300224,0.06575654447078705,0.06636681722011417,0.30683548003435135
1122,1122,3.841917037963867,3.8780832290649414,0.0002,0.9770577388323944,0.20816205069422722,0.06580996245611459,0.06642070016823709,0.30717475712299347
1123,1123,3.8731274604797363,3.873767375946045,0.0002,0.9830210195215503,0.20865831524133682,0.06583884311839938,0.06644756381865591,0.30751442164182663
1124,1124,3.8590214252471924,3.8820481300354004,0.0002,0.9885313509498879,0.2092815861105919,0.0658555697882548,0.06646003539208323,0.3078543171286583
1125,1125,3.8884150981903076,3.8921468257904053,0.0002,0.9944352902210629,0.20893792062997818,0.06588526989798993,0.0664969835197553,0.3081943765282631
1126,1126,3.8515195846557617,3.8809738159179688,0.0002,0.9992928792881642,0.2094983011484146,0.06592663028277457,0.06653366447426379,0.3085378482937813
1127,1127,3.8587255477905273,3.8633670806884766,0.0002,1.0030260380091385,0.20926356688141823,0.06594304763711989,0.06655115773901343,0.3088759481906891
1128,1128,3.882112979888916,3.875502586364746,0.0002,1.0065438201607404,0.20826860517263412,0.06597767572384328,0.06658820912707597,0.30921799689531326
1129,1129,3.84293532371521,3.8603878021240234,0.0002,1.009424736414105,0.20898329094052315,0.06601328018587083,0.06661707360763103,0.3095579072833061
1130,1130,3.84885835647583,3.8567731380462646,0.0002,1.0122973468751555,0.21035227179527283,0.06603037356399,0.06663639680482447,0.3098919242620468
1131,1131,3.8709957599639893,3.8673219680786133,0.0002,1.0146697454368079,0.2106044925749302,0.0660571395419538,0.0666683540912345,0.3102268725633621
1132,1132,3.859663486480713,3.890676736831665,0.0002,1.0169313347004765,0.21059098467230797,0.066094383248128,0.06670700560789555,0.3105585277080536
1133,1133,3.865614414215088,3.8764419555664062,0.0002,1.018884351938894,0.2105557955801487,0.06613867217674851,0.06674270844087005,0.3108902871608734
1134,1134,3.8362183570861816,3.8391523361206055,0.0002,1.0206944969932057,0.2101862020790577,0.0661669154651463,0.06677301495801657,0.31122446805238724
1135,1135,3.8548455238342285,3.873502254486084,0.0002,0.9711815412575329,0.21052777022123337,0.0662075966829434,0.06680853152647614,0.3115576356649399
1136,1136,3.835153579711914,3.8534927368164062,0.0002,0.9766624749301737,0.21147897839546204,0.06621956755407155,0.06682747637387365,0.3118906319141388
1137,1137,3.853086471557617,3.876572370529175,0.0002,0.9826961301239352,0.21000660955905914,0.06626287859398872,0.06687415239866823,0.3122263178229332
1138,1138,3.8659191131591797,3.869851589202881,0.0002,0.9880440522180002,0.21173309907317162,0.06629354041069746,0.06689569086302072,0.3125632777810097
1139,1139,3.865407943725586,3.845921754837036,0.0002,0.9929792385304654,0.21078654006123543,0.0663027212722227,0.06689935212489218,0.31290024518966675
1140,1140,3.8567771911621094,3.847245216369629,0.0002,0.9972803681045573,0.21088280901312828,0.0663541421527043,0.06695859169121832,0.3132424056529999
1141,1141,3.861359119415283,3.847177028656006,0.0002,1.0013342910982717,0.21064388751983643,0.06636229052674025,0.06696109415497631,0.3135760501027107
1142,1142,3.8496203422546387,3.877505302429199,0.0002,1.0047788015677117,0.21078063547611237,0.06639226013794541,0.06700287573039532,0.3139161542057991
1143,1143,3.855632781982422,3.8540077209472656,0.0002,1.0088501275140147,0.21187467128038406,0.06642001587897539,0.06702318857423961,0.3142542168498039
1144,1144,3.8730180263519287,3.868129253387451,0.0002,1.0125869584209095,0.2119644731283188,0.0664488438051194,0.0670533983502537,0.31459614634513855
1145,1145,3.8530960083007812,3.8656415939331055,0.0002,1.0150528569783994,0.2111782655119896,0.06648734235204756,0.06708551128394902,0.3149346634745598
1146,1146,3.842942476272583,3.885331153869629,0.0002,1.0171844752202357,0.2119271121919155,0.06651782861445099,0.06712389818858355,0.3152771145105362
1147,1147,3.869443893432617,3.8784286975860596,0.0002,1.0191179034238182,0.21227095648646355,0.06652831577230245,0.06713191303424537,0.3156169280409813
1148,1148,3.858877182006836,3.8673253059387207,0.0002,1.0209055749516085,0.21272356063127518,0.06656115967780352,0.06715602858457714,0.31596066802740097
1149,1149,3.8591747283935547,3.8548190593719482,0.0002,1.0224616085283937,0.2136029601097107,0.06660822464618832,0.0672163290437311,0.3163082227110863
1150,1150,3.8353710174560547,3.8580482006073,0.0002,1.0238660021872243,0.21374043077230453,0.06662616692483425,0.06723270751535892,0.316648468375206
1151,1151,3.827904224395752,3.854905366897583,0.0002,1.0251801862997378,0.2139771580696106,0.06665022892411798,0.06726050330325961,0.31699200719594955
1152,1152,3.8346991539001465,3.8570754528045654,0.0002,1.0262845443057702,0.21309687942266464,0.06667733110953122,0.06728010927326977,0.31733234971761703
1153,1153,3.842355251312256,3.8914899826049805,0.0002,1.0255838557072465,0.21384574472904205,0.06669697153847665,0.06730707525275648,0.3176715448498726
1154,1154,3.8730690479278564,3.879279613494873,0.0002,1.0248222332567118,0.2135763168334961,0.06672886363230646,0.06733337370678782,0.31801243126392365
1155,1155,3.8592782020568848,3.8781957626342773,0.0002,1.0242235033934342,0.21458499133586884,0.06677169678732753,0.0673847203142941,0.3183550462126732
1156,1156,3.8502426147460938,3.8641014099121094,0.0002,1.0253852499499307,0.21331975236535072,0.06679775204975158,0.06739819434005767,0.31869447231292725
1157,1157,3.826582431793213,3.861671209335327,0.0002,1.0265294385706625,0.21367023885250092,0.0668307034065947,0.06743487995117903,0.3190392851829529
1158,1158,3.8483920097351074,3.861262321472168,0.0002,1.0275257280450116,0.21362371742725372,0.06684928957838565,0.06745460792444646,0.3193804696202278
1159,1159,3.864461898803711,3.8733434677124023,0.0002,1.028469090712741,0.21387338265776634,0.06686701870057732,0.06749007804319263,0.3197287991642952
1160,1160,3.8485631942749023,3.855689525604248,0.0002,1.0293084207559013,0.21530697867274284,0.0669062458910048,0.06750777852721512,0.32007306069135666
1161,1161,3.861586570739746,3.831061840057373,0.0002,1.0300215276274993,0.2152860350906849,0.06693680630996823,0.06754583911970258,0.32041631639003754
1162,1162,3.8321642875671387,3.848205089569092,0.0002,0.9792410474453913,0.21555044129490852,0.06696047179866582,0.06757022207602859,0.3207598477602005
1163,1163,3.860474109649658,3.8612051010131836,0.0002,0.9852204617275644,0.21524059027433395,0.06701553938910365,0.0676203053444624,0.32110217958688736
1164,1164,3.842271327972412,3.875657081604004,0.0002,0.9904005223808384,0.21458520740270615,0.06703182507771999,0.06764531973749399,0.3214467540383339
1165,1165,3.8364386558532715,3.8717947006225586,0.0002,0.995010584257264,0.21467690914869308,0.0670670629478991,0.0676650837995112,0.32179094851017
1166,1166,3.847318649291992,3.8682069778442383,0.0002,0.9990795499364569,0.21621807664632797,0.06707217800430954,0.06768141244538128,0.3221353217959404
1167,1167,3.8717880249023438,3.8783087730407715,0.0002,1.0029253053895095,0.2157398723065853,0.06711677368730307,0.06771817174740136,0.3224789574742317
1168,1168,3.828843355178833,3.880584955215454,0.0002,1.0063357633585255,0.21574490144848824,0.06713922438211739,0.06774945929646492,0.32282213121652603
1169,1169,3.820916175842285,3.859416961669922,0.0002,1.0092366064592597,0.2161444053053856,0.06717617064714432,0.06777898431755602,0.3231675550341606
1170,1170,3.876185655593872,3.829728841781616,0.0002,1.012072393166045,0.21659430116415024,0.06718238408211619,0.06779608153738081,0.32351040840148926
1171,1171,3.8416242599487305,3.867504596710205,0.0002,0.9625088544204978,0.21667363867163658,0.06723458785563707,0.0678393067792058,0.3238563537597656
1172,1172,3.8267908096313477,3.863805055618286,0.0002,0.9688587828428203,0.2165994569659233,0.06726662639994174,0.06787079595960677,0.3241988271474838
1173,1173,3.830881118774414,3.8368866443634033,0.0002,0.975768553176138,0.21754683181643486,0.06729653500951827,0.06790049839764833,0.32454606145620346
1174,1174,3.8458378314971924,3.861116409301758,0.0002,0.9816839508564056,0.21661487966775894,0.067311423830688,0.06791914254426956,0.32489151507616043
1175,1175,3.8366427421569824,3.848257064819336,0.0002,0.9854062834331199,0.21792616322636604,0.06731828209012747,0.0679240133613348,0.325235977768898
1176,1176,3.8821773529052734,3.9137818813323975,0.0002,0.9887032140874474,0.2179991565644741,0.06738073762971908,0.06798913236707449,0.3255840986967087
1177,1177,3.8522467613220215,3.8497376441955566,0.0002,0.9934882918061478,0.21851828694343567,0.06740270461887121,0.06801308412104845,0.32592611014842987
1178,1178,3.841346263885498,3.8701491355895996,0.0002,0.9977816502310503,0.21657246351242065,0.0674343325663358,0.06804118142463267,0.3262695372104645
1179,1179,3.8520126342773438,3.841925621032715,0.0002,1.0032336819858692,0.21760353818535805,0.06747202342376113,0.06808000802993774,0.3266168311238289
1180,1180,3.8395895957946777,3.8408117294311523,0.0002,1.006887791485515,0.21764199808239937,0.06750549818389118,0.06810373207554221,0.32696106284856796
1181,1181,3.8436508178710938,3.8419690132141113,0.0002,1.0098539710260792,0.2185256965458393,0.06753378128632903,0.068128656828776,0.3273104429244995
1182,1182,3.8346948623657227,3.875591278076172,0.0002,1.0125371879414837,0.2185441069304943,0.06757273687981069,0.06818052381277084,0.32766417413949966
1183,1183,3.838696241378784,3.8615989685058594,0.0002,1.0149423919161673,0.21839578822255135,0.0675821672193706,0.06818194617517292,0.32801199704408646
1184,1184,3.834866762161255,3.844527244567871,0.0002,1.0171374768470347,0.22005387395620346,0.06760645762551576,0.06820698268711567,0.32836560904979706
1185,1185,3.849679470062256,3.8443472385406494,0.0002,1.019089259404504,0.2189057171344757,0.06763115362264216,0.0682352320291102,0.3287143260240555
1186,1186,3.8548946380615234,3.8783979415893555,0.0002,1.0208665725784882,0.2196858674287796,0.06766390113625675,0.06827098573558033,0.329065777361393
1187,1187,3.8396146297454834,3.8449501991271973,0.0002,1.0224353144480847,0.21983332559466362,0.06771017820574343,0.06831642193719745,0.3294139504432678
1188,1188,3.856837749481201,3.8492987155914307,0.0002,1.025317680568266,0.2200029082596302,0.06772223929874599,0.06833148724399507,0.3297606259584427
1189,1189,3.8237903118133545,3.862194299697876,0.0002,1.0268174864862474,0.220620047301054,0.06775118119549006,0.06834806990809739,0.33010735362768173
1190,1190,3.8217530250549316,3.8527488708496094,0.0002,1.0277951010784723,0.22079631686210632,0.0677843518787995,0.0683811386115849,0.33045347034931183
1191,1191,3.846558094024658,3.841604709625244,0.0002,1.0286428095886413,0.21822597086429596,0.06782030884642154,0.06842253543436527,0.33080004155635834
1192,1192,3.870871067047119,3.8584916591644287,0.0002,1.0294405347813456,0.22017471492290497,0.06782616709824651,0.06843521376140416,0.3311414048075676
1193,1193,3.8441357612609863,3.851773738861084,0.0002,1.0302347493864432,0.2208961695432663,0.06785960274282843,0.0684677641838789,0.3314877673983574
1194,1194,3.8642489910125732,3.831693649291992,0.0002,1.0308547830539567,0.2194017469882965,0.067900232039392,0.06851070909760892,0.33183232694864273
1195,1195,3.8419222831726074,3.8580820560455322,0.0002,1.031446730565721,0.2204221524298191,0.06792220019269735,0.06852674321271479,0.3321791812777519
1196,1196,3.8372726440429688,3.8352835178375244,0.0002,1.0318712021915972,0.22083000466227531,0.06795320205856115,0.06855452712625265,0.3325245603919029
1197,1197,3.8269548416137695,3.852865219116211,0.0002,1.0324214677737407,0.22172031551599503,0.06797266274224967,0.0685658105649054,0.3328683078289032
1198,1198,3.8348193168640137,3.8389317989349365,0.0002,1.0309348964665594,0.22199150547385216,0.06801635248120874,0.0686117138247937,0.33321333676576614
1199,1199,3.84757137298584,3.8342819213867188,0.0002,1.029814336024046,0.22185681760311127,0.06804538448341191,0.06864903355017304,0.33355870842933655
1200,1200,3.8578107357025146,3.849234104156494,0.0002,1.028672161957124,0.2205573469400406,0.0680637361947447,0.0686721634119749,0.33389975875616074
1201,1201,3.8430302143096924,3.8533949851989746,0.0002,1.029692535384264,0.22198938950896263,0.06809223024174571,0.0686983538325876,0.33424217253923416
1202,1202,3.8436801433563232,3.8483638763427734,0.0002,1.0301107070228783,0.2224096842110157,0.06811376730911434,0.06871842499822378,0.3345850557088852
1203,1203,3.8166096210479736,3.8381118774414062,0.0002,1.0307563567854825,0.2228119969367981,0.06814505148213357,0.06874499865807593,0.33492637425661087
1204,1204,3.8524112701416016,3.847257614135742,0.0002,1.0312617392529833,0.22219201549887657,0.06816703418735415,0.06877284380607307,0.3352695554494858
1205,1205,3.8201842308044434,3.8202691078186035,0.0002,1.0318698632604157,0.22243909165263176,0.06820272386539727,0.0688048955053091,0.33560969680547714
1206,1206,3.81528902053833,3.8475706577301025,0.0002,0.9827195010218096,0.22228929027915,0.06822948390617967,0.06884248601272702,0.3359515815973282
1207,1207,3.8397786617279053,3.857276439666748,0.0002,0.9887232563531647,0.22131500393152237,0.06826511840336025,0.06887167831882834,0.33629260212183
1208,1208,3.85652232170105,3.8135814666748047,0.0002,0.9936055237241794,0.222780741751194,0.06828393507748842,0.06888238922692835,0.3366323560476303
1209,1209,3.8159196376800537,3.8324122428894043,0.0002,0.9484956182905,0.22266606986522675,0.06831670156680048,0.0689197473693639,0.33697522431612015
1210,1210,3.8107120990753174,3.8213934898376465,0.0002,0.9556245273251024,0.22210179641842842,0.06835254968609661,0.06895938352681696,0.33731599897146225
1211,1211,3.8583343029022217,3.851722240447998,0.0002,0.9637104271558825,0.22318213433027267,0.06837492214981467,0.0689745475538075,0.3376585990190506
1212,1212,3.8324992656707764,3.84348726272583,0.0002,0.9709983072091262,0.22368918359279633,0.068400998134166,0.06901091034524143,0.33800482749938965
1213,1213,3.8175556659698486,3.924043893814087,0.0002,0.9774900511098478,0.22431455925107002,0.06841472175437957,0.06902505434118211,0.3383464440703392
1214,1214,3.8368635177612305,3.8291335105895996,0.0002,0.9834753439315937,0.22390228509902954,0.06844649463891983,0.0690443201456219,0.3386886790394783
1215,1215,3.8138647079467773,3.8159282207489014,0.0002,0.9896604397293269,0.2233758568763733,0.068488385877572,0.06909464905038476,0.33902696520090103
1216,1216,3.8442368507385254,3.812985420227051,0.0002,0.9952462903405982,0.2248687781393528,0.06850448774639517,0.0691141770221293,0.339366190135479
1217,1217,3.842215061187744,3.852877140045166,0.0002,0.9494674420377445,0.22423937171697617,0.06853536621201783,0.06915044831112027,0.33970629423856735
1218,1218,3.8441267013549805,3.8511266708374023,0.0002,0.9582364724149732,0.22473524138331413,0.06857298233080655,0.06918584043160081,0.3400460481643677
1219,1219,3.8162829875946045,3.8458428382873535,0.0002,0.9660660221467012,0.22448968887329102,0.06859780009835958,0.06920876470394433,0.3403879776597023
1220,1220,3.8512520790100098,3.819906234741211,0.0002,0.9731227475894975,0.2246965579688549,0.06862565781921148,0.06923845689743757,0.3407280296087265
1221,1221,3.8415591716766357,3.8396990299224854,0.0002,0.9795147838895297,0.22460321709513664,0.06867044395767152,0.06927643134258687,0.34107331931591034
1222,1222,3.8454365730285645,3.822378158569336,0.0002,0.9852222282694088,0.22500909864902496,0.06867364491336048,0.06929001421667635,0.3414183109998703
1223,1223,3.835540533065796,3.8569138050079346,0.0002,0.9917878626459666,0.22429199144244194,0.06869598967023194,0.06931283208541572,0.34176143258810043
1224,1224,3.8177435398101807,3.8368759155273438,0.0002,0.996760127326609,0.22588123381137848,0.06875841750297695,0.06936105946078897,0.3421120196580887
1225,1225,3.8123741149902344,3.830345869064331,0.0002,1.0005658313482053,0.22563230618834496,0.06877152982633561,0.06938471482135355,0.3424588218331337
1226,1226,3.8228254318237305,3.844183921813965,0.0002,1.0043406814263298,0.22606229037046432,0.06879578670486808,0.06941274739801884,0.3428094983100891
1227,1227,3.8304152488708496,3.8651483058929443,0.0002,1.0075351525207963,0.22464459016919136,0.06884280894882977,0.06945273210294545,0.3431640788912773
1228,1228,3.842510461807251,3.844290256500244,0.0002,1.0104454054356364,0.2266414277255535,0.06884672644082457,0.06945514562539756,0.34351254254579544
1229,1229,3.8273816108703613,3.8386263847351074,0.0002,1.0130034381307647,0.22639571502804756,0.06888061878271401,0.06948101636953652,0.3438638597726822
1230,1230,3.8268818855285645,3.829352855682373,0.0002,1.0154612177127025,0.22746356949210167,0.0689028479391709,0.06951104756444693,0.3442125916481018
1231,1231,3.803959608078003,3.8402295112609863,0.0002,1.0176418955300446,0.22687296196818352,0.06894506921526045,0.06955501902848482,0.3445609286427498
1232,1232,3.826589584350586,3.8441414833068848,0.0002,1.0195626230013628,0.22553244605660439,0.06897016579750925,0.06958446325734258,0.34490935504436493
1233,1233,3.8114140033721924,3.8596599102020264,0.0002,1.0202710798600736,0.2265244983136654,0.06900168186984956,0.06961546069942415,0.3452593609690666
1234,1234,3.842156410217285,3.8318753242492676,0.0002,1.0211186694363783,0.22720269113779068,0.06905212462879717,0.06966163218021393,0.34561241418123245
1235,1235,3.86152982711792,3.825404644012451,0.0002,1.0224292928272336,0.2271471656858921,0.0690563787939027,0.06967266229912639,0.3459618538618088
1236,1236,3.792060613632202,3.852729558944702,0.0002,1.0233028378450435,0.22875525802373886,0.06908155395649374,0.06969775981269777,0.34631454944610596
1237,1237,3.810427188873291,3.854458808898926,0.0002,1.0234393393494128,0.22707045078277588,0.06909539143089205,0.06971826730296016,0.34666332602500916
1238,1238,3.8224687576293945,3.8257973194122314,0.0002,1.0229210622372011,0.22774294391274452,0.0691443441901356,0.06975242542102933,0.34701450914144516
1239,1239,3.806824207305908,3.861887216567993,0.0002,1.0242539736744893,0.22761521488428116,0.06915605044923723,0.06976108835078776,0.34736042469739914
1240,1240,3.8099734783172607,3.8384275436401367,0.0002,1.0255306831330708,0.22771647945046425,0.06918625731486827,0.06980246934108436,0.34771014750003815
1241,1241,3.809687614440918,3.8136074542999268,0.0002,1.026661650469409,0.22874204069375992,0.06922676437534392,0.06983329099602997,0.3480575308203697
1242,1242,3.8123090267181396,3.8105783462524414,0.0002,1.0292066208143928,0.2291460856795311,0.0692374351201579,0.0698543768376112,0.3484044373035431
1243,1243,3.8309073448181152,3.8363282680511475,0.0002,0.9800685905179018,0.22863709554076195,0.06927974335849285,0.069899489171803,0.3487580642104149
1244,1244,3.8058249950408936,3.8100333213806152,0.0002,0.9860099674094248,0.22893371433019638,0.06933175283484161,0.06993565824814141,0.3491112217307091
1245,1245,3.8322415351867676,3.820046901702881,0.0002,0.9421037018281659,0.2279966063797474,0.06934015057049692,0.06995073519647121,0.3494618758559227
1246,1246,3.814918041229248,3.8180556297302246,0.0002,0.9500323454062869,0.2287529967725277,0.06936393573414534,0.06997342081740499,0.34981606155633926
1247,1247,3.8160948753356934,3.832498073577881,0.0002,0.9567723789733646,0.2293320596218109,0.06937532115262002,0.06998552498407662,0.3501698598265648
1248,1248,3.7983100414276123,3.829132318496704,0.0002,0.9648104747054752,0.22878212109208107,0.0694144053850323,0.07002953253686428,0.35052913427352905
1249,1249,3.8271408081054688,3.828185558319092,0.0002,0.9719839454894565,0.22966869175434113,0.0694328723475337,0.0700544414576143,0.35088448971509933
1250,1250,3.809164047241211,3.818835496902466,0.0002,0.9766920271780564,0.22951640188694,0.06944609410129488,0.07005734904669225,0.3512342944741249
1251,1251,3.8373117446899414,3.805880308151245,0.0002,0.9808442311804348,0.23063738644123077,0.06949647539295256,0.07010951708070934,0.35159163922071457
1252,1252,3.812131643295288,3.8084568977355957,0.0002,0.936421530285185,0.22970495000481606,0.0695013259537518,0.07011700258590281,0.35194772481918335
1253,1253,3.832179069519043,3.828836679458618,0.0002,0.9465335289813044,0.23045042902231216,0.0695335865020752,0.07015071576461196,0.3523048758506775
1254,1254,3.80148983001709,3.852280616760254,0.0002,0.9539683250785982,0.23031336441636086,0.06957556190900505,0.07019538688473403,0.3526635468006134
1255,1255,3.8440475463867188,3.8325421810150146,0.0002,0.9622550875386646,0.22946466132998466,0.06958937062881887,0.07020056247711182,0.3530166745185852
1256,1256,3.795109272003174,3.8066747188568115,0.0002,0.9696418327386155,0.23117761313915253,0.06962154153734446,0.07023194269277155,0.35337089002132416
1257,1257,3.808972120285034,3.8251469135284424,0.0002,0.9763841648503935,0.2314728982746601,0.0696476991288364,0.0702606241684407,0.3537267670035362
1258,1258,3.808637857437134,3.829291582107544,0.0002,0.9839287581384663,0.23042624071240425,0.06969851488247514,0.07030607527121902,0.35408324748277664
1259,1259,3.800258159637451,3.8294081687927246,0.0002,0.989474817522076,0.23082807287573814,0.06970471329987049,0.07032187702134252,0.3544366806745529
1260,1260,3.8386082649230957,3.8137474060058594,0.0002,0.9942259160180698,0.23245812579989433,0.06971735553815961,0.0703279294539243,0.35478419065475464
1261,1261,3.8141672611236572,3.8410773277282715,0.0002,0.9984917670891432,0.23063034936785698,0.06976220523938537,0.07037906907498837,0.35513706505298615
1262,1262,3.8026304244995117,3.857604742050171,0.0002,1.0021752521958698,0.23187383264303207,0.06976017565466464,0.07037120731547475,0.3554849997162819
1263,1263,3.8463661670684814,3.8292224407196045,0.0002,1.005729532897002,0.2307627648115158,0.06980468076653779,0.07041776180267334,0.35583633929491043
1264,1264,3.804169178009033,3.855595111846924,0.0002,1.0088340054244618,0.23174476251006126,0.06981327338144183,0.07043548207730055,0.3561856970191002
1265,1265,3.8397936820983887,3.840492010116577,0.0002,1.011599838213431,0.23277337849140167,0.06986315618269145,0.07046765368431807,0.356531485915184
1266,1266,3.809943914413452,3.81905198097229,0.0002,1.0141428429000545,0.2329690344631672,0.0698811358306557,0.07049670862033963,0.3568781763315201
1267,1267,3.8419036865234375,3.812708854675293,0.0002,1.0171645261237212,0.23229516297578812,0.06990589550696313,0.07052421919070184,0.3572268784046173
1268,1268,3.792692184448242,3.846179485321045,0.0002,1.020032240657385,0.23301037773489952,0.06992938788607717,0.07055157166905701,0.35758017748594284
1269,1269,3.80133056640625,3.8089442253112793,0.0002,1.0218326152097785,0.23279215395450592,0.06995029048994184,0.07056715921498835,0.35792767256498337
1270,1270,3.7989413738250732,3.8013737201690674,0.0002,1.0232532469184878,0.23223980888724327,0.06996815116144717,0.07059894222766161,0.35827330499887466
1271,1271,3.847626209259033,3.807783603668213,0.0002,0.974607947020782,0.23329206183552742,0.07002964825369418,0.07063902961090207,0.35862527787685394
1272,1272,3.7941832542419434,3.7994303703308105,0.0002,0.9810852018176432,0.2332022413611412,0.07001970475539565,0.07065286999568343,0.35897837579250336
1273,1273,3.805123805999756,3.818490982055664,0.0002,0.9347234667254765,0.2321946993470192,0.07005689013749361,0.07067684270441532,0.3593324273824692
1274,1274,3.7955760955810547,3.8293707370758057,0.0002,0.9452747090703293,0.23450331389904022,0.07009332720190287,0.07071035681292415,0.3596876189112663
1275,1275,3.8155248165130615,3.8442907333374023,0.0002,0.9558948854452455,0.23293036594986916,0.07009830698370934,0.07072724681347609,0.36004145443439484
1276,1276,3.7891311645507812,3.815861940383911,0.0002,0.9643995621456659,0.23376581445336342,0.07012374582700431,0.07074960554018617,0.3603939190506935
1277,1277,3.8223814964294434,3.8227458000183105,0.0002,0.9716079584943897,0.23572519049048424,0.0701663929503411,0.07078312523663044,0.3607512041926384
1278,1278,3.818326473236084,3.8439035415649414,0.0002,0.9780646977514093,0.23507849872112274,0.07019874104298651,0.07081561465747654,0.3611023873090744
1279,1279,3.8040482997894287,3.8171987533569336,0.0002,0.9838374869188908,0.23403900861740112,0.07022153655998409,0.07083686185069382,0.3614487797021866
1280,1280,3.853943347930908,3.8158278465270996,0.0002,0.9892140682369488,0.23510709777474403,0.07023479579947889,0.07085385033860803,0.3617977201938629
1281,1281,3.7844552993774414,3.817031145095825,0.0002,0.993981544809063,0.23403753712773323,0.07026554318144917,0.07088352460414171,0.3621493950486183
1282,1282,3.8117592334747314,3.893653631210327,0.0002,0.9982921101341654,0.23514296859502792,0.07030706154182553,0.07091132318601012,0.36250215768814087
1283,1283,3.7860910892486572,3.8150405883789062,0.0002,1.002075153074566,0.23433160781860352,0.0703251319937408,0.07094159396365285,0.36285652220249176
1284,1284,3.8374483585357666,3.798764705657959,0.0002,1.0063429647833948,0.23577464371919632,0.07036443729884923,0.07096776249818504,0.36320994794368744
1285,1285,3.8175113201141357,3.8064541816711426,0.0002,0.958731346670322,0.23532775789499283,0.07036752090789378,0.07098840433172882,0.36355840414762497
1286,1286,3.7887706756591797,3.8467111587524414,0.0002,0.9648021638773226,0.23590433225035667,0.07039122888818383,0.07101055490784347,0.36391302943229675
1287,1287,3.7685039043426514,3.8038229942321777,0.0002,0.9701828938618907,0.2345447912812233,0.0704118509311229,0.07103921985253692,0.36426902562379837
1288,1288,3.8122024536132812,3.8088808059692383,0.0002,0.9768054711142514,0.23502681031823158,0.07045113015919924,0.07107228762470186,0.36462464183568954
1289,1289,3.7934412956237793,3.8203377723693848,0.0002,0.982799706122956,0.2358696460723877,0.07045526267029345,0.0710894470103085,0.3649798035621643
1290,1290,3.793132781982422,3.832315444946289,0.0002,0.9881887900830555,0.23655419424176216,0.07050114567391574,0.07111914176493883,0.3653338551521301
1291,1291,3.8047685623168945,3.7988662719726562,0.0002,0.9930407279021206,0.23701275885105133,0.07053536595776677,0.07114659831859171,0.365691713988781
1292,1292,3.7942862510681152,3.805042266845703,0.0002,0.9974154028281443,0.2375893071293831,0.07056460785679519,0.07117596990428865,0.3660479858517647
1293,1293,3.816850185394287,3.8520097732543945,0.0002,1.0028160715543621,0.23591184988617897,0.07058763178065419,0.07120571401901543,0.36640268564224243
1294,1294,3.809393882751465,3.835279941558838,0.0002,1.0065412003087473,0.23758522421121597,0.07061854703351855,0.07124285050667822,0.3667640909552574
1295,1295,3.80993390083313,3.8393983840942383,0.0002,1.0094083190117942,0.23546459898352623,0.07062973314896226,0.0712527041323483,0.3671213239431381
1296,1296,3.8246781826019287,3.82496976852417,0.0002,1.0122141376207345,0.23765311390161514,0.07063971483148634,0.07125981990247965,0.36747651547193527
1297,1297,3.820531129837036,3.846367835998535,0.0002,1.014663100116671,0.2367670051753521,0.07069486822001636,0.07130797626450658,0.36783417314291
1298,1298,3.7929811477661133,3.794182777404785,0.0002,1.0169200614361713,0.23877987265586853,0.07071288488805294,0.07133691455237567,0.3681896924972534
1299,1299,3.793423891067505,3.7993812561035156,0.0002,0.9627614963933226,0.23808623105287552,0.07072273921221495,0.07134410296566784,0.36854154616594315
1300,1300,3.8175532817840576,3.7992193698883057,0.0002,0.9685179870690569,0.23891055583953857,0.0707595746498555,0.07137950626201928,0.3688986003398895
1301,1301,3.82129168510437,3.823153495788574,0.0002,0.9752190664222782,0.23568665981292725,0.07077457942068577,0.07139616436325014,0.3692556396126747
1302,1302,3.7900328636169434,3.842411518096924,0.0002,0.9814371924721639,0.238093551248312,0.07081001391634345,0.07142685726284981,0.36961276829242706
1303,1303,3.8023133277893066,3.843975067138672,0.0002,0.9869092478873749,0.23788408935070038,0.0708301302511245,0.0714530071709305,0.36997090280056
1304,1304,3.8039474487304688,3.8114609718322754,0.0002,0.9919407124029475,0.23777514323592186,0.07085733953863382,0.07147032814100385,0.3703281655907631
1305,1305,3.8280134201049805,3.8344929218292236,0.0002,0.996358014976701,0.2382015623152256,0.07088775234296918,0.07151061878539622,0.3706860765814781
1306,1306,3.808159351348877,3.8081564903259277,0.0002,1.0003965549960965,0.2392125353217125,0.07090573408640921,0.07152880169451237,0.37104734778404236
1307,1307,3.850745439529419,3.7908718585968018,0.0002,1.0040449014501853,0.24016741290688515,0.07093133893795311,0.07155856234021485,0.37140781432390213
1308,1308,3.805612325668335,3.7904486656188965,0.0002,0.9558586186122469,0.23998619988560677,0.0709417462348938,0.07156292255967855,0.3717671111226082
1309,1309,3.82849383354187,3.802865505218506,0.0002,0.9130948617025271,0.23999567329883575,0.07097784616053104,0.0716015687212348,0.37213049083948135
1310,1310,3.8026952743530273,3.8110716342926025,0.0002,0.9249506906456265,0.23988746479153633,0.0709981715772301,0.07162633165717125,0.37248802930116653
1311,1311,3.8215126991271973,3.8269612789154053,0.0002,0.9349564195257714,0.2403188720345497,0.07101928140036762,0.07163732289336622,0.37284648418426514
1312,1312,3.843177318572998,3.8274760246276855,0.0002,0.9433323581217842,0.23922760784626007,0.07103801146149635,0.07166712847538292,0.3732027933001518
1313,1313,3.7978315353393555,3.8367865085601807,0.0002,0.9526642120273494,0.24136539548635483,0.07108472706750035,0.07170934998430312,0.3735656961798668
1314,1314,3.7883458137512207,3.7839550971984863,0.0002,0.9610708105549586,0.2401936948299408,0.07109096134081483,0.07171968277543783,0.37391988188028336
1315,1315,3.7802276611328125,3.8341259956359863,0.0002,0.9158551030420696,0.23961153998970985,0.07112992950715125,0.07174730719998479,0.37427741289138794
1316,1316,3.820242404937744,3.8776726722717285,0.0002,0.9262199352541869,0.24028242379426956,0.07113858126103878,0.07176755927503109,0.3746379315853119
1317,1317,3.7851548194885254,3.8240935802459717,0.0002,0.9371490615411843,0.2410617619752884,0.07115676579996943,0.07178492099046707,0.3749969005584717
1318,1318,3.810927629470825,3.80200457572937,0.0002,0.9472399625548102,0.23983821645379066,0.07116568856872618,0.07180111366324127,0.3753577694296837
1319,1319,3.8112950325012207,3.7886271476745605,0.0002,0.9561449457502695,0.2410736158490181,0.07122407876886427,0.07185374991968274,0.37572233378887177
1320,1320,3.7905972003936768,3.8043370246887207,0.0002,0.9642263866474728,0.24102741107344627,0.07124538952484727,0.07187361875548959,0.37608502805233
1321,1321,3.774970531463623,3.788756847381592,0.0002,0.971448577623199,0.24089116603136063,0.0712486773263663,0.07189125963486731,0.37644440680742264
1322,1322,3.8440825939178467,3.818751096725464,0.0002,0.9780283142604599,0.2425118237733841,0.07128456397913396,0.07190425973385572,0.37680502980947495
1323,1323,3.803427219390869,3.801326274871826,0.0002,0.9838751565555051,0.24167736619710922,0.07130004791542888,0.07192704267799854,0.37716834992170334
1324,1324,3.8293240070343018,3.862452745437622,0.0002,0.9891875435867333,0.2410307489335537,0.0713367338757962,0.07196764089167118,0.37753237783908844
1325,1325,3.784632682800293,3.8303418159484863,0.0002,0.9939034917992967,0.24171436950564384,0.0713531388901174,0.07198127964511514,0.3778942823410034
1326,1326,3.839928150177002,3.796351432800293,0.0002,0.9996680418070379,0.24318526685237885,0.07135255774483085,0.07199536729604006,0.3782569319009781
1327,1327,3.807508945465088,3.8026719093322754,0.0002,1.0037212781672202,0.24338966235518456,0.07139271637424827,0.07201223587617278,0.37861835956573486
1328,1328,3.775095224380493,3.807352304458618,0.0002,1.0069904573076291,0.24308083578944206,0.07142264628782868,0.07204659353010356,0.37897590547800064
1329,1329,3.8014445304870605,3.8481550216674805,0.0002,1.0099824986435173,0.2426058128476143,0.07143468922004104,0.07206834340468049,0.37932709604501724
1330,1330,3.802586793899536,3.8018312454223633,0.0002,1.0126224735847964,0.24316756427288055,0.07145902630873024,0.07209217385388911,0.379679299890995
1331,1331,3.8059120178222656,3.7892227172851562,0.0002,1.0150482281800153,0.24274928122758865,0.07149621425196528,0.07212823978625238,0.380035437643528
1332,1332,3.775965452194214,3.8457159996032715,0.0002,1.017216865684187,0.24206053093075752,0.07151305791921914,0.07214250206016004,0.38039080053567886
1333,1333,3.791322708129883,3.7815704345703125,0.0002,1.0191770113942753,0.24424391239881516,0.07153600500896573,0.07216500211507082,0.3807472065091133
1334,1334,3.7657017707824707,3.7888269424438477,0.0002,0.9561906087919761,0.24357355013489723,0.071562928147614,0.07218939485028386,0.3811024874448776
1335,1335,3.7851500511169434,3.877634048461914,0.0002,0.964363663587672,0.24369453638792038,0.07157270167954266,0.07220216724090278,0.38146214187145233
1336,1336,3.7985360622406006,3.806601047515869,0.0002,0.9698708230886046,0.24476373195648193,0.07158761331811547,0.07222243607975543,0.38182274252176285
1337,1337,3.7762398719787598,3.8079543113708496,0.0002,0.9765188836171876,0.24408698081970215,0.07162159238941967,0.07225417508743703,0.3821798413991928
1338,1338,3.804271697998047,3.8034005165100098,0.0002,0.9825783604896287,0.24507856369018555,0.07164544984698296,0.07227560668252409,0.38253597170114517
1339,1339,3.8003954887390137,3.8128914833068848,0.0002,0.9879296979707085,0.24497664719820023,0.0716731189750135,0.07230037380941212,0.38288912922143936
1340,1340,3.7880687713623047,3.8129944801330566,0.0002,0.9928498571015443,0.2442476563155651,0.07169138570316136,0.07231756509281695,0.3832455798983574
1341,1341,3.8349556922912598,3.822359561920166,0.0002,0.9971551263359045,0.2457106038928032,0.07170429150573909,0.07233624230138958,0.38360268622636795
1342,1342,3.752424955368042,3.7961106300354004,0.0002,0.9993631209038675,0.2453075610101223,0.0717398077249527,0.0723703105468303,0.38395893573760986
1343,1343,3.806523561477661,3.809478282928467,0.0002,1.0039025832673223,0.2457604706287384,0.07173923519439995,0.07237483258359134,0.38430824130773544
1344,1344,3.7874481678009033,3.8412461280822754,0.0002,1.0083571939967781,0.24541911482810974,0.07179284421727061,0.0724224119912833,0.3846692591905594
1345,1345,3.8060264587402344,3.819390296936035,0.0002,1.010984319279069,0.24451832845807076,0.07179727172479033,0.07243993156589568,0.3850284591317177
1346,1346,3.8166208267211914,3.799591064453125,0.0002,1.013627684712191,0.24525367841124535,0.07183234533295035,0.0724642570130527,0.3853857293725014
1347,1347,3.816446304321289,3.830129861831665,0.0002,1.0157927449066988,0.2466445378959179,0.07185703748837113,0.07248715939931571,0.38574647903442383
1348,1348,3.753950357437134,3.798923969268799,0.0002,1.0179658570514296,0.2455880306661129,0.07189839705824852,0.07253658887930214,0.38610877096652985
1349,1349,3.7816202640533447,3.7895166873931885,0.0002,1.019781525300104,0.2445288710296154,0.07190314144827425,0.07254740712232888,0.38647107779979706
1350,1350,3.770014762878418,3.793074369430542,0.0002,1.021472867900616,0.24491412192583084,0.07189838448539376,0.07253841194324195,0.3868306204676628
1351,1351,3.8046181201934814,3.8086130619049072,0.0002,1.0230722316206744,0.24683380499482155,0.07194742211140692,0.07258626841939986,0.38719502091407776
1352,1352,3.7968170642852783,3.820828437805176,0.0002,1.0243935476957062,0.24630362540483475,0.07197128818370402,0.07261775806546211,0.38755567371845245
1353,1353,3.7775866985321045,3.7875466346740723,0.0002,1.023763276355034,0.24497570469975471,0.07200606493279338,0.07264573778957129,0.3879191651940346
1354,1354,3.779289722442627,3.8360300064086914,0.0002,1.023264485376767,0.24671953916549683,0.07203431893140078,0.07267355406656861,0.38828251510858536
1355,1355,3.7645187377929688,3.7812891006469727,0.0002,1.0245859490239315,0.247346930205822,0.07202572445385158,0.07266364293172956,0.3886413425207138
1356,1356,3.792017936706543,3.8008244037628174,0.0002,0.9752611315820031,0.24712811410427094,0.07206067140214145,0.07270427444018424,0.3890070617198944
1357,1357,3.820101261138916,3.792574405670166,0.0002,0.981810975605508,0.24640750512480736,0.07209260179661214,0.07272984064184129,0.3893710598349571
1358,1358,3.7922399044036865,3.8284342288970947,0.0002,0.9871744049601922,0.24812811985611916,0.07211960386484861,0.07275114394724369,0.38973642885684967
1359,1359,3.8139612674713135,3.788294792175293,0.0002,0.9921881747121546,0.2469116933643818,0.07214042567647994,0.07278206944465637,0.3901013433933258
1360,1360,3.8155899047851562,3.8069820404052734,0.0002,0.9966454611927303,0.2468636855483055,0.07216435088776052,0.07281228480860591,0.39046502858400345
1361,1361,3.7949366569519043,3.77583646774292,0.0002,1.0020828077761388,0.24754006043076515,0.07219689572229981,0.0728295638691634,0.3908311203122139
1362,1362,3.7830891609191895,3.8088417053222656,0.0002,0.9537973155672109,0.24817120656371117,0.0721915359608829,0.0728393152821809,0.39119405299425125
1363,1363,3.76155424118042,3.773134231567383,0.0002,0.9622605088685207,0.24629590287804604,0.07223140052519739,0.07287303265184164,0.39155858010053635
1364,1364,3.798832893371582,3.7891743183135986,0.0002,0.9182372448110158,0.24795357882976532,0.07225383003242314,0.07289332430809736,0.39192359894514084
1365,1365,3.7958593368530273,3.8183531761169434,0.0002,0.9285285914182526,0.24899114295840263,0.07229698984883726,0.07293928368017077,0.3922914117574692
1366,1366,3.7873270511627197,3.817640781402588,0.0002,0.9393143973781916,0.2491254210472107,0.07230206881649792,0.07294669607654214,0.3926556333899498
1367,1367,3.7863264083862305,3.7584023475646973,0.0002,0.9491274021173443,0.24827336892485619,0.072351292707026,0.07299842778593302,0.39302489161491394
1368,1368,3.759331226348877,3.7802491188049316,0.0002,0.9038217464746041,0.24749384447932243,0.07236130256205797,0.07300801575183868,0.39339061826467514
1369,1369,3.7578587532043457,3.8108789920806885,0.0002,0.9154432008711509,0.24999236315488815,0.07237701304256916,0.07302391668781638,0.39375975728034973
1370,1370,3.794414520263672,3.788611888885498,0.0002,0.9274675857608492,0.25035763904452324,0.07241575117222965,0.0730619877576828,0.3941287025809288
1371,1371,3.777334690093994,3.762967109680176,0.0002,0.9384105920376702,0.24854282289743423,0.0724452172871679,0.07308209082111716,0.39449819922447205
1372,1372,3.7612526416778564,3.8164687156677246,0.0002,0.9482244915230188,0.2481704279780388,0.07246515294536948,0.07311546546407044,0.394867941737175
1373,1373,3.7984161376953125,3.7964749336242676,0.0002,0.9570636080278068,0.2503816448152065,0.0724740989971906,0.07312138983979821,0.3952361270785332
1374,1374,3.8001506328582764,3.7814974784851074,0.0002,0.9649879875687315,0.2509838864207268,0.07251452910713851,0.07315395562909544,0.39560478925704956
1375,1375,3.780855655670166,3.762580394744873,0.0002,0.9703986450572312,0.25047868490219116,0.07251771003939211,0.07316163810901344,0.3959706947207451
1376,1376,3.7778396606445312,3.817315101623535,0.0002,0.9769635537938788,0.25063951313495636,0.07255815039388835,0.07320795324631035,0.39634108543395996
1377,1377,3.7836923599243164,3.8053388595581055,0.0002,0.984571436986746,0.2513328045606613,0.07259023422375321,0.07323126657865942,0.39670778810977936
1378,1378,3.8353271484375,3.765137195587158,0.0002,0.9898790368094631,0.2502955310046673,0.07260810025036335,0.07324502756819129,0.39707474410533905
1379,1379,3.7727813720703125,3.817661762237549,0.0002,0.9947172633630633,0.25074878707528114,0.07261574268341064,0.07326211570762098,0.3974408283829689
1380,1380,3.809634208679199,3.8054141998291016,0.0002,0.9988208379801449,0.2504037618637085,0.07264332566410303,0.0732883692253381,0.39780401438474655
1381,1381,3.787266254425049,3.770771026611328,0.0002,1.0026598204742807,0.2503885552287102,0.0726767941378057,0.07331623393110931,0.39816731214523315
1382,1382,3.7793169021606445,3.8229589462280273,0.0002,1.0060994720705843,0.25128495693206787,0.07270329794846475,0.07334016636013985,0.3985307961702347
1383,1383,3.7681961059570312,3.7620954513549805,0.0002,1.0091365563026948,0.2511988580226898,0.07274287077598274,0.07338995300233364,0.3988964259624481
1384,1384,3.761948585510254,3.7719879150390625,0.0002,1.0118065577356616,0.2517675682902336,0.07276349398307502,0.07340428093448281,0.3992589861154556
1385,1385,3.7497897148132324,3.7841744422912598,0.0002,1.0143857906415474,0.2540411576628685,0.07277163839899004,0.07342005986720324,0.3996245488524437
1386,1386,3.753934383392334,3.7867164611816406,0.0002,1.0173965937711649,0.25162360072135925,0.07279178849421442,0.07343109627254307,0.3999844342470169
1387,1387,3.77616286277771,3.811774253845215,0.0002,1.0203658966849551,0.25328054279088974,0.07282221270725131,0.0734764679800719,0.40034765750169754
1388,1388,3.7742056846618652,3.7990052700042725,0.0002,1.0218988914082767,0.25321171432733536,0.07283209590241313,0.0734940601978451,0.4007077217102051
1389,1389,3.757542848587036,3.772763729095459,0.0002,1.0234763940759344,0.25253958255052567,0.07286211382597685,0.07351104961708188,0.40106822550296783
1390,1390,3.7783212661743164,3.776045799255371,0.0002,1.0248220454995038,0.25266704335808754,0.07289306819438934,0.073538261000067,0.4014347940683365
1391,1391,3.7935118675231934,3.7782552242279053,0.0002,1.0259595766951746,0.25297410786151886,0.07288571633398533,0.07353919558227062,0.4017917960882187
1392,1392,3.8052117824554443,3.799403190612793,0.0002,1.02702914926783,0.2514883317053318,0.07294997246935964,0.07359334104694426,0.40215427428483963
1393,1393,3.7923338413238525,3.796477794647217,0.0002,1.0279970511684178,0.2533539608120918,0.07293951511383057,0.07360050873830914,0.4025180786848068
1394,1394,3.771777391433716,3.738617420196533,0.0002,1.0288765344083282,0.2518831044435501,0.07299730624072254,0.07363935583271086,0.4028826206922531
1395,1395,3.7460384368896484,3.8103933334350586,0.0002,0.9779195172489102,0.253176286816597,0.07299581146799028,0.07365074404515326,0.4032447040081024
1396,1396,3.77728533744812,3.770451545715332,0.0002,0.9851258649952508,0.25288087129592896,0.07303084409795702,0.07368859718553722,0.4036078602075577
1397,1397,3.7602176666259766,3.796454429626465,0.0002,0.9903912648045169,0.2534005045890808,0.0730467177927494,0.07370162615552545,0.40397239476442337
1398,1398,3.739084243774414,3.789963722229004,0.0002,0.9949767158048909,0.25391945987939835,0.07307551172561944,0.07373149297200143,0.404337540268898
1399,1399,3.782992362976074,3.8043551445007324,0.0002,0.9991458960623265,0.2545037195086479,0.07310709916055202,0.07376639335416257,0.40470241755247116
1400,1400,3.782973289489746,3.8460445404052734,0.0002,1.0029338541212185,0.25432680547237396,0.07311967969872057,0.07377742324024439,0.40506530553102493
1401,1401,3.7533679008483887,3.787869453430176,0.0002,1.0062963082786145,0.25398701429367065,0.07317065494135022,0.0738228838890791,0.40543269366025925
1402,1402,3.744912624359131,3.7905473709106445,0.0002,1.0093229574660865,0.2537764236330986,0.07318026479333639,0.07383369584567845,0.4057985991239548
1403,1403,3.745814085006714,3.786877155303955,0.0002,1.0120478226376715,0.2540292739868164,0.07319571659900248,0.07385511905886233,0.4061681553721428
1404,1404,3.7582664489746094,3.7653391361236572,0.0002,1.015951725793195,0.25588181614875793,0.07320230919867754,0.07385011808946729,0.4065382778644562
1405,1405,3.785371780395508,3.8733794689178467,0.0002,1.0184644897612276,0.2553972601890564,0.07324963598512113,0.07389456569217145,0.40690597146749496
1406,1406,3.761204957962036,3.7854745388031006,0.0002,1.0203033985023855,0.2555709481239319,0.0732804206199944,0.07393944798968732,0.4072718545794487
1407,1407,3.781737804412842,3.8208353519439697,0.0002,1.0218945549764011,0.25661373138427734,0.07326939725317061,0.07392520713619888,0.4076293706893921
1408,1408,3.781262159347534,3.77382755279541,0.0002,1.0233961865454122,0.2556089460849762,0.07327853422611952,0.07394503219984472,0.40798985958099365
1409,1409,3.749671459197998,3.7734618186950684,0.0002,1.0246991958261933,0.25599566102027893,0.07334076589904726,0.07399005582556129,0.4083537757396698
1410,1410,3.7669575214385986,3.7676010131835938,0.0002,1.0259000930709448,0.25434980541467667,0.0733413640409708,0.07401508977636695,0.4087132439017296
1411,1411,3.7779412269592285,3.829622745513916,0.0002,1.0269016583854844,0.257527232170105,0.07335279020480812,0.0740110136102885,0.4090653881430626
1412,1412,3.7822446823120117,3.7761073112487793,0.0002,1.027968733322256,0.2563268914818764,0.0733891618438065,0.07404852751642466,0.40942510962486267
1413,1413,3.786785125732422,3.7961173057556152,0.0002,1.028700567376723,0.25679681450128555,0.07343303295783699,0.07409562985412776,0.4097904860973358
1414,1414,3.781996250152588,3.78029465675354,0.0002,1.027763813222813,0.25540828704833984,0.0734403224196285,0.07409511134028435,0.4101458713412285
1415,1415,3.7896316051483154,3.8366663455963135,0.0002,1.0268126636970405,0.2573867365717888,0.0734743142966181,0.0741451708599925,0.41051358729600906
1416,1416,3.7569243907928467,3.773716926574707,0.0002,1.0260395764051566,0.2556920126080513,0.07348878891207278,0.07415240327827632,0.4108763784170151
1417,1417,3.7654266357421875,3.7780683040618896,0.0002,1.0270500731333012,0.2568936198949814,0.07351141679100692,0.0741747934371233,0.4112466424703598
1418,1418,3.744788646697998,3.7950639724731445,0.0002,1.0280053100160864,0.256156861782074,0.07351721916347742,0.07418271899223328,0.41161351650953293
1419,1419,3.777865409851074,3.7664670944213867,0.0002,1.0288645827310885,0.25824979692697525,0.07353650592267513,0.07420485839247704,0.41197770088911057
1420,1420,3.7615575790405273,3.7544655799865723,0.0002,1.0296864033724173,0.25865334272384644,0.07358402106910944,0.07423259620554745,0.41234422475099564
1421,1421,3.8028712272644043,3.756370782852173,0.0002,1.0303445414543109,0.25657278299331665,0.07358561852015555,0.07424611621536314,0.41270875930786133
1422,1422,3.788619041442871,3.8218791484832764,0.0002,1.0309694505497293,0.25888539105653763,0.07359842979349196,0.07426609448157251,0.4130719527602196
1423,1423,3.770328998565674,3.7991764545440674,0.0002,1.033127219920105,0.25739625841379166,0.07362461439333856,0.07429175730794668,0.4134342297911644
1424,1424,3.766369342803955,3.780923843383789,0.0002,1.0337720362819265,0.2574480324983597,0.07364024338312447,0.07431054837070405,0.4137987047433853
1425,1425,3.7686829566955566,3.8003547191619873,0.0002,1.0339415571080812,0.2589327543973923,0.07365376013331115,0.07432471704669297,0.41416026651859283
1426,1426,3.735579490661621,3.782163143157959,0.0002,1.0343227388781775,0.25944283604621887,0.07368230447173119,0.07435490563511848,0.4145304560661316
1427,1427,3.76338529586792,3.8173677921295166,0.0002,1.034571856605877,0.2582439109683037,0.07369276136159897,0.0743585703894496,0.41489075124263763
1428,1428,3.778888702392578,3.7658238410949707,0.0002,1.0347489332540605,0.2588902562856674,0.07371409772895277,0.07438719598576427,0.41525766998529434
1429,1429,3.751194715499878,3.769864082336426,0.0002,1.0349430945010496,0.2584068551659584,0.07374981767497957,0.07441872381605208,0.4156199172139168
1430,1430,3.7633681297302246,3.7770824432373047,0.0002,1.0351257702425696,0.2599113956093788,0.07377416105009615,0.0744397034868598,0.415985606610775
1431,1431,3.756411075592041,3.818340301513672,0.0002,1.0352716755188702,0.2581668570637703,0.07379122171550989,0.07445880258455873,0.4163522496819496
1432,1432,3.7500858306884766,3.8054990768432617,0.0002,1.0362645977177463,0.260203018784523,0.07381439418531954,0.07448108168318868,0.4167240411043167
1433,1433,3.7757210731506348,3.7813801765441895,0.0002,1.0371528541434294,0.25830938667058945,0.07382468227297068,0.07449040259234607,0.4170927107334137
1434,1434,3.7715935707092285,3.7925379276275635,0.0002,1.0372716536343753,0.2597101628780365,0.07383529609069228,0.07450647023506463,0.41745907813310623
1435,1435,3.7595410346984863,3.7739405632019043,0.0002,1.0372131022889501,0.25999413430690765,0.07388585968874395,0.07454252569004893,0.41782960295677185
1436,1436,3.7282280921936035,3.7477734088897705,0.0002,1.037169217877215,0.2605148032307625,0.0738978642039001,0.07456843554973602,0.41819946467876434
1437,1437,3.7926013469696045,3.8137898445129395,0.0002,1.0369432319395886,0.25961364805698395,0.07391815772280097,0.07459201500751078,0.4185725226998329
1438,1438,3.776986598968506,3.7895822525024414,0.0002,1.036974826247378,0.25973815470933914,0.07391648460179567,0.07460431871004403,0.4189407303929329
1439,1439,3.7585089206695557,3.7654128074645996,0.0002,1.037028847735943,0.26008693128824234,0.07397277350537479,0.074636246310547,0.4193093478679657
1440,1440,3.772757053375244,3.83933162689209,0.0002,1.0369584642586636,0.26061517000198364,0.07397254998795688,0.07465068204328418,0.4196804314851761
1441,1441,3.789811849594116,3.782541513442993,0.0002,1.0369484162467815,0.2616083323955536,0.0739996307529509,0.0746761355549097,0.4200531765818596
1442,1442,3.81973934173584,3.7649412155151367,0.0002,1.038583274919372,0.2610234394669533,0.07403591205365956,0.07469228957779706,0.42042240500450134
1443,1443,3.759826898574829,3.780613422393799,0.0002,1.0385493101228862,0.2595772445201874,0.07404794963076711,0.07471655611880124,0.4207919016480446
1444,1444,3.7895491123199463,3.7543346881866455,0.0002,1.0384141224243386,0.26295730471611023,0.07404036354273558,0.07471935637295246,0.42116086184978485
1445,1445,3.757472276687622,3.744537353515625,0.0002,1.0382342758389946,0.2618670016527176,0.07407067902386189,0.07475542440079153,0.42153386026620865
1446,1446,3.74847412109375,3.772117853164673,0.0002,1.038070651971706,0.26222269982099533,0.07411861885339022,0.07479505566880107,0.4219076484441757
1447,1447,3.7606124877929688,3.8197295665740967,0.0002,1.0378956478270873,0.2621297240257263,0.07413245108909905,0.07481217687018216,0.4222760498523712
1448,1448,3.7438249588012695,3.770678758621216,0.0002,1.0377557567654696,0.2603827640414238,0.07414798950776458,0.07482794136740267,0.42264509946107864
1449,1449,3.7437875270843506,3.7681379318237305,0.0002,1.0377109502540882,0.2617404982447624,0.07416574307717383,0.07485024398192763,0.4230183735489845
1450,1450,3.7656519412994385,3.7368719577789307,0.0002,1.0376318237898945,0.26215703785419464,0.07417622487992048,0.07485399511642754,0.42338623851537704
1451,1451,3.7380528450012207,3.8032846450805664,0.0002,0.9879158007969587,0.261153906583786,0.0741894724778831,0.07488183560781181,0.42376162111759186
1452,1452,3.7844316959381104,3.748361349105835,0.0002,0.9934052751544248,0.26253899186849594,0.07424432667903602,0.07491612224839628,0.4241339787840843
1453,1453,3.7457685470581055,3.763523578643799,0.0002,0.9978215471100862,0.26331693679094315,0.07424108707346022,0.07493105414323509,0.4245031997561455
1454,1454,3.7582578659057617,3.745272636413574,0.0002,1.001719462048099,0.26281580328941345,0.07427162700332701,0.07496629748493433,0.4248765632510185
1455,1455,3.7619800567626953,3.754929542541504,0.0002,1.0052073195598996,0.26391448080539703,0.07429340318776667,0.0749617216642946,0.4252419248223305
1456,1456,3.7491002082824707,3.785531520843506,0.0002,1.008338022921128,0.2638446316123009,0.07433171686716378,0.07500302908010781,0.4256158918142319
1457,1457,3.784707546234131,3.833967924118042,0.0002,1.0111565367667519,0.2629382312297821,0.07433020998723805,0.07501463172957301,0.42597632855176926
1458,1458,3.7512083053588867,3.77530574798584,0.0002,1.0136192624533944,0.2627459093928337,0.07435969449579716,0.07503531104885042,0.426345095038414
1459,1459,3.7346112728118896,3.73270320892334,0.0002,1.015999133569084,0.26434672623872757,0.07438794034533203,0.07506838138215244,0.42671219259500504
1460,1460,3.727302312850952,3.835853099822998,0.0002,0.9666721430602208,0.26431138813495636,0.0743941047694534,0.07508459151722491,0.4270796552300453
1461,1461,3.766817569732666,3.766193389892578,0.0002,0.9737573153895996,0.26313069462776184,0.07441855687648058,0.07509805890731514,0.42744477838277817
1462,1462,3.718116283416748,3.7613375186920166,0.0002,0.9800541629928996,0.2629380077123642,0.07444857829250395,0.07513244077563286,0.42780739814043045
1463,1463,3.736769914627075,3.765824794769287,0.0002,0.9857332230287206,0.2627548575401306,0.07447366905398667,0.07515567797236145,0.4281715452671051
1464,1464,3.799530506134033,3.7590746879577637,0.0002,0.990810014840358,0.2651194781064987,0.07450097519904375,0.07517223875038326,0.4285397604107857
1465,1465,3.7857143878936768,3.759039878845215,0.0002,0.9953839720454377,0.26413674652576447,0.07450523949228227,0.07519012363627553,0.4289067015051842
1466,1466,3.7448182106018066,3.7517383098602295,0.0002,0.9995437142837312,0.26452433317899704,0.07453769282437861,0.07521581649780273,0.42927322536706924
1467,1467,3.77541184425354,3.74088978767395,0.0002,1.003276463381932,0.2648485153913498,0.07450906443409622,0.07520082802511752,0.4296313002705574
1468,1468,3.737795352935791,3.7607316970825195,0.0002,1.0080611256042478,0.26501887291669846,0.07457237178459764,0.07526085758581758,0.42999935150146484
1469,1469,3.747332811355591,3.746452808380127,0.0002,1.0113207587348294,0.26461268961429596,0.0745787532068789,0.07527309702709317,0.4303603023290634
1470,1470,3.748263359069824,3.7838635444641113,0.0002,1.0137507927016338,0.26596588641405106,0.07461990020237863,0.07531066588126123,0.43073051422834396
1471,1471,3.772284507751465,3.749986410140991,0.0002,1.016109570255126,0.266386054456234,0.07462964253500104,0.07532160845585167,0.4310891702771187
1472,1472,3.764268636703491,3.786987543106079,0.0002,1.0182373224594379,0.26574675738811493,0.07466555153951049,0.07534385635517538,0.431452214717865
1473,1473,3.7848944664001465,3.7894911766052246,0.0002,1.0200311253199525,0.2666168659925461,0.07466639275662601,0.07536783628165722,0.4318177178502083
1474,1474,3.7614030838012695,3.7638492584228516,0.0002,1.0215989163302823,0.26672864705324173,0.07468558358959854,0.0753790617454797,0.4321848750114441
1475,1475,3.7615506649017334,3.758021831512451,0.0002,1.0230671237242523,0.26565445959568024,0.0747143926564604,0.07541394140571356,0.4325547143816948
1476,1476,3.7509326934814453,3.770451307296753,0.0002,1.0245785881343437,0.26540979743003845,0.07475054496899247,0.07544283964671195,0.43292616307735443
1477,1477,3.7378711700439453,3.787874698638916,0.0002,1.0256692118737074,0.26596755534410477,0.07476024772040546,0.07544591184705496,0.4332933649420738
1478,1478,3.798513412475586,3.7696356773376465,0.0002,1.025018559032678,0.2647572234272957,0.07478136080317199,0.0754770883359015,0.433665506541729
1479,1479,3.7459182739257812,3.7422378063201904,0.0002,1.0244244564918266,0.2657405883073807,0.07482003211043775,0.07549894624389708,0.4340391159057617
1480,1480,3.731926441192627,3.752429723739624,0.0002,1.0238110680028778,0.26867780834436417,0.07479726243764162,0.07550027081742883,0.43440887331962585
1481,1481,3.7321014404296875,3.769697666168213,0.0002,1.0250659845836683,0.2670290097594261,0.07485560909844935,0.0755473782774061,0.4347815215587616
1482,1482,3.7639033794403076,3.7574965953826904,0.0002,1.0261888057938227,0.2670954763889313,0.07486038934439421,0.07556940033100545,0.4351498931646347
1483,1483,3.7899491786956787,3.8353443145751953,0.0002,1.027163699372661,0.267397940158844,0.07489881501533091,0.07559802406467497,0.4355238527059555
1484,1484,3.764664649963379,3.7701423168182373,0.0002,1.0281913327169951,0.26751193404197693,0.07492062449455261,0.07560900715179741,0.4359040707349777
1485,1485,3.7438910007476807,3.7929816246032715,0.0002,1.0290113048469347,0.26883435994386673,0.07495932118035853,0.07565264916047454,0.4362873435020447
1486,1486,3.732759475708008,3.7405271530151367,0.0002,1.0297541233094292,0.2672909125685692,0.0749538925010711,0.07565520307980478,0.43666598200798035
1487,1487,3.790388584136963,3.7784576416015625,0.0002,1.0321702981855672,0.26861513406038284,0.0749906967394054,0.0756824272684753,0.43704571574926376
1488,1488,3.7365360260009766,3.730924367904663,0.0002,1.0327869113141699,0.26684587448835373,0.07497039041481912,0.07567444210872054,0.4374167174100876
1489,1489,3.771853446960449,3.789198875427246,0.0002,0.9831770257911302,0.2686205878853798,0.07504855818115175,0.07574343355372548,0.4378025606274605
1490,1490,3.7278060913085938,3.749149799346924,0.0002,0.9888598514586731,0.2688288241624832,0.07504922524094582,0.07574988133274019,0.43817565590143204
1491,1491,3.7216129302978516,3.7306160926818848,0.0002,0.9934770968462101,0.2698068544268608,0.07506237993948162,0.07575805648230016,0.4385487288236618
1492,1492,3.7734031677246094,3.7451603412628174,0.0002,0.9478383673040554,0.26790712028741837,0.07510066335089505,0.07579051796346903,0.4389188066124916
1493,1493,3.7729954719543457,3.7519195079803467,0.0002,0.9570151701009906,0.26953554153442383,0.07510460447520018,0.0758187270257622,0.4392944276332855
1494,1494,3.763597011566162,3.7557053565979004,0.0002,0.9648801595955322,0.26960165798664093,0.07513892790302634,0.07584125455468893,0.43966468423604965
1495,1495,3.791403293609619,3.7716474533081055,0.0002,0.970368483020849,0.269575297832489,0.07514814543537796,0.0758581671398133,0.4400356337428093
1496,1496,3.723294734954834,3.744377613067627,0.0002,0.9754159388597066,0.27036529779434204,0.07517986581660807,0.07588215870782733,0.4404039904475212
1497,1497,3.7314934730529785,3.751642942428589,0.0002,0.9813341181093593,0.26884713768959045,0.0751901229377836,0.07588581624440849,0.4407704994082451
1498,1498,3.737637996673584,3.7629783153533936,0.0002,0.9868459762911521,0.27071627229452133,0.07521576737053692,0.07592006027698517,0.4411393478512764
1499,1499,3.7447752952575684,3.7451255321502686,0.0002,0.9918837679663469,0.270866297185421,0.07526609650813043,0.07596884551458061,0.4415130764245987
1500,1500,3.7271509170532227,3.769017457962036,0.0002,0.9963534330057385,0.2692924290895462,0.07527888705953956,0.07598583213984966,0.4418817237019539
1501,1501,3.7693612575531006,3.78120756149292,0.0002,0.9986011576583744,0.2695690840482712,0.07527689915150404,0.07598727406002581,0.44225044548511505
1502,1502,3.7607827186584473,3.748344898223877,0.0002,1.0023748639425833,0.2708365246653557,0.07528733741492033,0.07599235605448484,0.44261981546878815
1503,1503,3.777003288269043,3.7386951446533203,0.0002,1.0057315916250715,0.27193406224250793,0.0753473590593785,0.0760475757997483,0.44299880415201187
1504,1504,3.74868106842041,3.7648589611053467,0.0002,1.0105787125241386,0.27108293771743774,0.07534684846177697,0.07605266920290887,0.4433656856417656
1505,1505,3.7425265312194824,3.762409210205078,0.0002,1.0132860261649115,0.26923467963933945,0.07536234450526536,0.07606808166019619,0.44373248517513275
1506,1506,3.763576030731201,3.7585933208465576,0.0002,1.0156749619731436,0.2708149328827858,0.07538192998617887,0.07609654776751995,0.4441015496850014
1507,1507,3.754911422729492,3.7604846954345703,0.0002,1.017747451788441,0.26999035477638245,0.07540446682833135,0.07612461689859629,0.4444655627012253
1508,1508,3.7279510498046875,3.7753798961639404,0.0002,1.0196298675277906,0.2723589465022087,0.07540570432320237,0.07612585974857211,0.4448344260454178
1509,1509,3.7682266235351562,3.7602860927581787,0.0002,1.0213381381754876,0.27180495113134384,0.07543228380382061,0.0761387285310775,0.44520245492458344
1510,1510,3.7535653114318848,3.7537169456481934,0.0002,1.0228592830470542,0.27129334956407547,0.07544289017096162,0.07614884991198778,0.4455625116825104
1511,1511,3.730943202972412,3.724818468093872,0.0002,1.0242380039394074,0.2721130847930908,0.07548166625201702,0.07619462674483657,0.44592316448688507
1512,1512,3.7410902976989746,3.747501850128174,0.0002,0.9757505890070499,0.2728065550327301,0.07547364593483508,0.0761931927409023,0.44628123939037323
1513,1513,3.769704818725586,3.7265162467956543,0.0002,0.9828588806373775,0.2715842202305794,0.07552041113376617,0.07622508960776031,0.446646586060524
1514,1514,3.7247772216796875,3.73580265045166,0.0002,0.9883955877901757,0.2722601518034935,0.075527434470132,0.07623241282999516,0.4470100700855255
1515,1515,3.7313523292541504,3.7977988719940186,0.0002,0.9928672695095662,0.27311959117650986,0.0755534078925848,0.07626774813979864,0.4473721832036972
1516,1516,3.7294538021087646,3.7578182220458984,0.0002,0.9976045751525969,0.27227678894996643,0.0755753752309829,0.07629071664996445,0.44773412495851517
1517,1517,3.7537102699279785,3.7406539916992188,0.0002,1.001503040406169,0.2719248831272125,0.07558209146372974,0.07630547601729631,0.44809357821941376
1518,1518,3.7348294258117676,3.7366137504577637,0.0002,1.004929356615075,0.27219807356595993,0.07559715770184994,0.07631780439987779,0.44845258444547653
1519,1519,3.751739740371704,3.7694625854492188,0.0002,1.0081958683062788,0.2722807452082634,0.07562623778358102,0.07635091757401824,0.448813334107399
1520,1520,3.7469043731689453,3.7398722171783447,0.0002,1.0110123048567292,0.27274076640605927,0.07562545826658607,0.07633177982643247,0.44916368275880814
1521,1521,3.715610980987549,3.733858346939087,0.0002,1.013581891198427,0.2733163833618164,0.07564819231629372,0.07636937801726162,0.4495246037840843
1522,1522,3.756948471069336,3.733376979827881,0.0002,1.0174271241106894,0.2754528075456619,0.07567720371298492,0.07639331207610667,0.4498811289668083
1523,1523,3.7396202087402344,3.7230331897735596,0.0002,1.0196654349709864,0.2726636230945587,0.07568946620449424,0.07640993362292647,0.45023442804813385
1524,1524,3.7498912811279297,3.746520757675171,0.0002,0.9694052044014275,0.27326998114585876,0.07571959914639592,0.076430628541857,0.4505910277366638
1525,1525,3.7063043117523193,3.7773003578186035,0.0002,0.9765077939278839,0.2725796103477478,0.07574393320828676,0.07646847562864423,0.45095194876194
1526,1526,3.748947858810425,3.7790322303771973,0.0002,0.9825741119932644,0.27436358481645584,0.07576888054609299,0.07648293394595385,0.4513150379061699
1527,1527,3.7435925006866455,3.75988507270813,0.0002,0.9879839931712683,0.2744302973151207,0.07579049025662243,0.07650072826072574,0.4516793042421341
1528,1528,3.733532428741455,3.783019542694092,0.0002,0.9929604898768771,0.2748761847615242,0.07579020829871297,0.07650668080896139,0.452045239508152
1529,1529,3.735507011413574,3.753657341003418,0.0002,0.9972608546146112,0.2743106186389923,0.07578993123024702,0.07652206253260374,0.4524131864309311
1530,1530,3.7167577743530273,3.7175846099853516,0.0002,1.0020020429487297,0.2749527096748352,0.07581837777979672,0.0765404962003231,0.4527844712138176
1531,1531,3.7561607360839844,3.737828254699707,0.0002,0.9528815041939799,0.2762407660484314,0.07584565272554755,0.07655749842524529,0.45315583795309067
1532,1532,3.6940417289733887,3.780419111251831,0.0002,0.9598132570121624,0.275467686355114,0.07583429827354848,0.07655488746240735,0.45352233946323395
1533,1533,3.7661190032958984,3.7323384284973145,0.0002,0.9657256380601279,0.27619796991348267,0.07587413536384702,0.07659452175721526,0.45389436930418015
1534,1534,3.7504806518554688,3.741546154022217,0.0002,0.9727820537050553,0.27698134630918503,0.07588413031771779,0.07659990806132555,0.45425553619861603
1535,1535,3.7136640548706055,3.727661609649658,0.0002,0.9792068368425166,0.27704235166311264,0.07591541460715234,0.07663516514003277,0.4546233266592026
1536,1536,3.7031235694885254,3.7460689544677734,0.0002,0.9849349461037468,0.27574578672647476,0.07594462018460035,0.0766592170111835,0.45499008148908615
1537,1537,3.7049074172973633,3.725644111633301,0.0002,0.9901153524111188,0.27502165734767914,0.0759242232888937,0.07665672223083675,0.4553486257791519
1538,1538,3.736361265182495,3.715273380279541,0.0002,0.9948204736653709,0.27633388340473175,0.07596132019534707,0.07667789864353836,0.4557148739695549
1539,1539,3.714168071746826,3.7658615112304688,0.0002,0.9431823978601922,0.27514705061912537,0.07598389475606382,0.07670178217813373,0.4560808017849922
1540,1540,3.7200984954833984,3.731576919555664,0.0002,0.9512191621971453,0.2755814418196678,0.07597554451785982,0.07670735707506537,0.4564392864704132
1541,1541,3.729471206665039,3.732586622238159,0.0002,0.9579173777360346,0.2735007181763649,0.07601629919372499,0.07674726867116988,0.4568060636520386
1542,1542,3.7164645195007324,3.714169502258301,0.0002,0.9656829139030707,0.2761347219347954,0.07602149248123169,0.07675115461461246,0.4571680650115013
1543,1543,3.7232866287231445,3.7431180477142334,0.0002,0.9200643488242137,0.2781066671013832,0.07604090077802539,0.07674410426989198,0.45753057301044464
1544,1544,3.7049150466918945,3.764432430267334,0.0002,0.9299524718906361,0.2757430896162987,0.07606472191400826,0.07678437512367964,0.4578965902328491
1545,1545,3.7400097846984863,3.7485523223876953,0.0002,0.9387684326230469,0.2757565900683403,0.07608463848009706,0.07681583845987916,0.4582672193646431
1546,1546,3.696150541305542,3.6878364086151123,0.0002,0.9503000260336538,0.27717868983745575,0.07607765588909388,0.0768091909121722,0.45863133668899536
1547,1547,3.7403926849365234,3.7205803394317627,0.0002,0.9070496495346055,0.2776213586330414,0.07609329954721034,0.07683444931171834,0.4590017572045326
1548,1548,3.740345001220703,3.741072177886963,0.0002,0.9203265942835763,0.2772747725248337,0.07612138777039945,0.07684626267291605,0.45937345921993256
1549,1549,3.6924855709075928,3.735875129699707,0.0002,0.9319361224607359,0.27740883082151413,0.0761247486807406,0.07685537543147802,0.45974699407815933
1550,1550,3.7590136528015137,3.714672565460205,0.0002,0.9423574046775064,0.2778739929199219,0.07614985969848931,0.07688216376118362,0.46012143045663834
1551,1551,3.7199764251708984,3.7410531044006348,0.0002,0.95180746262374,0.27593380957841873,0.07618845603428781,0.07692418759688735,0.46049783378839493
1552,1552,3.7108991146087646,3.7711009979248047,0.0002,0.9603883703853239,0.27904657274484634,0.07619417877867818,0.07692342111840844,0.4608742818236351
1553,1553,3.7208986282348633,3.726677894592285,0.0002,0.9680287217035436,0.27752089500427246,0.07621060172095895,0.07693304610438645,0.46125654876232147
1554,1554,3.814149856567383,3.7421631813049316,0.0002,0.9757298202814461,0.27802421152591705,0.07622746378183365,0.0769632717128843,0.4616371914744377
1555,1555,3.7342324256896973,3.760828971862793,0.0002,0.9826558847424043,0.2784179374575615,0.0762400773819536,0.07696917443536222,0.4620179384946823
1556,1556,3.713296890258789,3.7689919471740723,0.0002,0.9880241183182102,0.2773796245455742,0.07624353817664087,0.07698822068050504,0.46239523589611053
1557,1557,3.763704538345337,3.72398042678833,0.0002,0.992887236728562,0.2796613350510597,0.07624846999533474,0.07699776347726583,0.4627731814980507
1558,1558,3.7790932655334473,3.710850715637207,0.0002,0.9970030295261809,0.2783887982368469,0.0762852884363383,0.07702757162041962,0.4631524980068207
1559,1559,3.7044484615325928,3.75105619430542,0.0002,0.9975949514721129,0.2784649133682251,0.07630712143145502,0.07703515677712858,0.46352673321962357
1560,1560,3.7558536529541016,3.703551769256592,0.0002,0.9999449708980788,0.27917925268411636,0.07631978741846979,0.07705256692133844,0.46390479803085327
1561,1561,3.708876132965088,3.713210105895996,0.0002,1.0017035026833199,0.28106675297021866,0.07633467111736536,0.07707299781031907,0.46428196132183075
1562,1562,3.693277597427368,3.760942220687866,0.0002,1.0052476041525706,0.2793256714940071,0.07636001287028193,0.07710647280327976,0.4646625444293022
1563,1563,3.7758500576019287,3.7782959938049316,0.0002,1.0083813260378711,0.27967962622642517,0.07638200116343796,0.07711133710108697,0.46504008769989014
1564,1564,3.696152687072754,3.7199316024780273,0.0002,1.0127979078594325,0.2793755754828453,0.07639216352254152,0.07712157093919814,0.4654255509376526
1565,1565,3.720123291015625,3.7122366428375244,0.0002,1.0155093352146687,0.28052229434251785,0.07639448787085712,0.0771248743403703,0.4658050239086151
1566,1566,3.7167320251464844,3.7378509044647217,0.0002,1.017504247120711,0.281064011156559,0.0764213737566024,0.07716574240475893,0.4661882370710373
1567,1567,3.7230498790740967,3.757073402404785,0.0002,1.0193753187328944,0.2814466953277588,0.07642777473665774,0.07717530918307602,0.4665677547454834
1568,1568,3.729529857635498,3.7666072845458984,0.0002,1.0211011145170714,0.28254637122154236,0.07644042489118874,0.07718494138680398,0.46694766730070114
1569,1569,3.727071523666382,3.7199296951293945,0.0002,1.0227711968340236,0.28100278973579407,0.07647093501873314,0.07720820768736303,0.4673297852277756
1570,1570,3.734804153442383,3.7503538131713867,0.0002,1.0240372855871605,0.27962011098861694,0.07647470920346677,0.07723294361494482,0.4677106961607933
1571,1571,3.7063379287719727,3.7951059341430664,0.0002,1.025440247642348,0.2797718644142151,0.07649076892994344,0.07723934599198401,0.46808774024248123
1572,1572,3.7033133506774902,3.7207694053649902,0.0002,1.0265106772467731,0.281366191804409,0.0765310344286263,0.07726770406588912,0.4684607535600662
1573,1573,3.7416062355041504,3.729522228240967,0.0002,1.0286806018721724,0.28162411600351334,0.0765375355258584,0.07727833767421544,0.4688357710838318
1574,1574,3.728243112564087,3.737288475036621,0.0002,1.0300949334587706,0.28152336180210114,0.0765556760597974,0.07730816956609488,0.4692145884037018
1575,1575,3.726625919342041,3.7279982566833496,0.0002,1.0308784390009158,0.2829370051622391,0.07656614179722965,0.07730776071548462,0.4695820286870003
1576,1576,3.6746044158935547,3.7537593841552734,0.0002,1.0314239768958862,0.28121738880872726,0.07661393540911376,0.07735356711782515,0.4699578434228897
1577,1577,3.703951597213745,3.728079080581665,0.0002,1.0319466689240413,0.28239164501428604,0.07660359796136618,0.07735190261155367,0.47032443434000015
1578,1578,3.7247674465179443,3.7345526218414307,0.0002,1.0324611627329656,0.2817891463637352,0.07663730531930923,0.07737816823646426,0.4707004502415657
1579,1579,3.676679849624634,3.7226030826568604,0.0002,1.0328334618105757,0.2820313721895218,0.07663713139481843,0.07737937942147255,0.471077136695385
1580,1580,3.7212882041931152,3.710604667663574,0.0002,1.0332301852785395,0.28239695727825165,0.07667711819522083,0.07742270082235336,0.471456415951252
1581,1581,3.733442783355713,3.739811897277832,0.0002,1.033468397302898,0.28463367372751236,0.07669989066198468,0.0774333355948329,0.47183194011449814
1582,1582,3.7161707878112793,3.7345573902130127,0.0002,1.0339202977123774,0.28261199593544006,0.07669897167943418,0.07744324812665582,0.4722071811556816
1583,1583,3.6982946395874023,3.828720808029175,0.0002,1.0324671078781604,0.2819361388683319,0.07672076113522053,0.07746048923581839,0.47258418798446655
1584,1584,3.7103049755096436,3.7720694541931152,0.0002,1.0309730015452618,0.28389498591423035,0.07671887334436178,0.07746217888779938,0.4729587733745575
1585,1585,3.726576328277588,3.700265884399414,0.0002,1.0297387744206772,0.2830558866262436,0.07673978642560542,0.07748161209747195,0.4733293578028679
1586,1586,3.7117624282836914,3.745800495147705,0.0002,1.0303828722054225,0.2844875827431679,0.07677623583003879,0.07751641049981117,0.4737086445093155
1587,1587,3.6948318481445312,3.746084690093994,0.0002,1.0310242139858943,0.2847075089812279,0.07678509992547333,0.07754180091433227,0.47408590465784073
1588,1588,3.704942226409912,3.7396934032440186,0.0002,1.0315890849646352,0.28491829335689545,0.07678511599078774,0.07753393310122192,0.47445355355739594
1589,1589,3.7039594650268555,3.717583417892456,0.0002,1.0320890992370035,0.28537968546152115,0.07681539212353528,0.07757270243018866,0.47483111917972565
1590,1590,3.706416130065918,3.7515950202941895,0.0002,1.0325527684555629,0.28291837871074677,0.07684776675887406,0.07757981377653778,0.47520314902067184
1591,1591,3.738872528076172,3.7403404712677,0.0002,1.0329665461824018,0.2838536575436592,0.07682929025031626,0.07758249924518168,0.4755689576268196
1592,1592,3.690713405609131,3.71484375,0.0002,1.0349527699737417,0.284847617149353,0.07687061582691967,0.07760817860253155,0.4759419113397598
1593,1593,3.7398810386657715,3.8087639808654785,0.0002,1.0353667654883947,0.28365419805049896,0.07688083918765187,0.07764357305131853,0.4763171598315239
1594,1594,3.69146728515625,3.7327756881713867,0.0002,1.0354780011243963,0.28574085980653763,0.0768961210269481,0.07765477313660085,0.47669268399477005
1595,1595,3.668940782546997,3.7238759994506836,0.0002,1.0356089487281925,0.285700298845768,0.07690307591110468,0.07766429404728115,0.477070614695549
1596,1596,3.694326877593994,3.7268505096435547,0.0002,1.0357135840975462,0.28354528546333313,0.07691955263726413,0.07767451647669077,0.4774419814348221
1597,1597,3.70468807220459,3.7498388290405273,0.0002,1.0358134830882675,0.2853776812553406,0.07694072625599802,0.07770800893194973,0.47782544791698456
1598,1598,3.7400686740875244,3.7398252487182617,0.0002,1.035887533906886,0.2855643108487129,0.07692769356071949,0.07770122843794525,0.4782036542892456
1599,1599,3.7086400985717773,3.7060813903808594,0.0002,1.0359801721317146,0.286214716732502,0.07696722936816514,0.07772000227123499,0.47857800871133804
1600,1600,3.764249801635742,3.694913387298584,0.0002,1.0360657498864694,0.28508222848176956,0.07696424960158765,0.07773689273744822,0.47895103693008423
1601,1601,3.7273569107055664,3.738940954208374,0.0002,1.0369148184550778,0.28551723062992096,0.07702673599123955,0.07777385599911213,0.479327030479908
1602,1602,3.767686367034912,3.775892496109009,0.0002,1.0378577451384496,0.2862318307161331,0.07703106896951795,0.07778547331690788,0.47970346361398697
1603,1603,3.6784982681274414,3.7774319648742676,0.0002,1.037812444478319,0.28732120990753174,0.07704580784775317,0.07780207670293748,0.4800773039460182
1604,1604,3.733184576034546,3.7299344539642334,0.0002,1.0376659026017239,0.2821316495537758,0.07705604890361428,0.0778112628031522,0.4804466515779495
1605,1605,3.6915626525878906,3.7064945697784424,0.0002,1.0376027416961084,0.2870240584015846,0.07708596019074321,0.07782857096754014,0.48082391917705536
1606,1606,3.7225489616394043,3.7183852195739746,0.0002,1.0374912604719795,0.2876340448856354,0.07707838574424386,0.0778495108243078,0.48120490461587906
1607,1607,3.713956356048584,3.777102470397949,0.0002,1.037424407370025,0.2882712036371231,0.07710605300962925,0.0778594221919775,0.48158083111047745
1608,1608,3.6943612098693848,3.7111456394195557,0.0002,1.0373549863633664,0.2851135581731796,0.07708153920248151,0.07785077719017863,0.48195405304431915
1609,1609,3.7269320487976074,3.702653408050537,0.0002,1.037299557376051,0.285737082362175,0.07711955648846924,0.07787735830061138,0.48233339190483093
1610,1610,3.686048984527588,3.7621512413024902,0.0002,1.0371418243648831,0.28744808584451675,0.07713912520557642,0.07791419862769544,0.4827117696404457
1611,1611,3.6981236934661865,3.7173728942871094,0.0002,1.0353362467251757,0.28612807393074036,0.077164551243186,0.07792988093569875,0.4830849915742874
1612,1612,3.665762424468994,3.727977752685547,0.0002,1.0336622924729968,0.2862139493227005,0.07717629475519061,0.07793590612709522,0.48345576226711273
1613,1613,3.695359230041504,3.7845325469970703,0.0002,1.0321434010915747,0.2864364981651306,0.07720794016495347,0.07796465721912682,0.4838358610868454
1614,1614,3.716790199279785,3.729450225830078,0.0002,1.0325351542718442,0.28665031492710114,0.07721484126523137,0.07797994604334235,0.4842168465256691
1615,1615,3.7075586318969727,3.7289674282073975,0.0002,1.032980219092861,0.28814486414194107,0.07721659215167165,0.07796840136870742,0.4845937564969063
1616,1616,3.6818573474884033,3.7381327152252197,0.0002,1.0333292286227438,0.28674259036779404,0.07726211310364306,0.07801901805214584,0.48497864603996277
1617,1617,3.7054240703582764,3.712942123413086,0.0002,1.033623964581107,0.28824493288993835,0.07726533804088831,0.07802396430633962,0.485359363257885
1618,1618,3.726544141769409,3.686091661453247,0.0002,1.0338738220768133,0.28745967894792557,0.0772915103007108,0.07803936721757054,0.48574091494083405
1619,1619,3.7027082443237305,3.7686705589294434,0.0002,0.9796081607611008,0.28790484368801117,0.07729445840232074,0.07805636851117015,0.4861203357577324
1620,1620,3.704538583755493,3.7211828231811523,0.0002,0.9838526869268193,0.2862127646803856,0.07730698282830417,0.07807026780210435,0.48650065064430237
1621,1621,3.7201943397521973,3.757701873779297,0.0002,0.9890906751968529,0.28849291056394577,0.07732237968593836,0.07807633094489574,0.48688340187072754
1622,1622,3.7063283920288086,3.7376232147216797,0.0002,0.9938718132642417,0.28669871389865875,0.07734087994322181,0.07811486721038818,0.48727311193943024
1623,1623,3.722891330718994,3.710688829421997,0.0002,0.9981695489621403,0.2897777035832405,0.0773630274925381,0.07812727685086429,0.4876613989472389
1624,1624,3.7063393592834473,3.7201285362243652,0.0002,1.0019696890557688,0.2898165211081505,0.07739813951775432,0.07816050620749593,0.48805300146341324
1625,1625,3.724663734436035,3.7426958084106445,0.0002,1.0054779129285918,0.28938738256692886,0.07739141909405589,0.07813915982842445,0.48843348026275635
1626,1626,3.679391622543335,3.6995530128479004,0.0002,1.0085410553855039,0.28695106506347656,0.077430171193555,0.07819626340642571,0.4888271242380142
1627,1627,3.663287401199341,3.6927318572998047,0.0002,1.0114724419024674,0.29029034823179245,0.07742373924702406,0.0781923970207572,0.48921897262334824
1628,1628,3.7220706939697266,3.7218871116638184,0.0002,1.0148184252205887,0.29013924300670624,0.07741111936047673,0.07818446750752628,0.4896020367741585
1629,1629,3.679626941680908,3.7128634452819824,0.0002,1.0177229458424666,0.2900792583823204,0.07743370463140309,0.07820135937072337,0.48998838663101196
1630,1630,3.7060022354125977,3.720684051513672,0.0002,1.0198262970331047,0.28901945799589157,0.07745369686745107,0.07822098629549146,0.49037230759859085
1631,1631,3.6750783920288086,3.7715883255004883,0.0002,1.021498185584323,0.2898160219192505,0.07748836604878306,0.0782511888537556,0.4907536059617996
1632,1632,3.680168867111206,3.741642475128174,0.0002,1.0230350468445217,0.2896423041820526,0.07749068038538098,0.0782687624450773,0.49113553017377853
1633,1633,3.731717109680176,3.7354495525360107,0.0002,1.0243913458766802,0.2895795553922653,0.07749842014163733,0.07826514169573784,0.49150899797677994
1634,1634,3.706559419631958,3.7456159591674805,0.0002,1.0256067295435412,0.2894875928759575,0.0775374046061188,0.07829866325482726,0.4918876439332962
1635,1635,3.7006163597106934,3.669976234436035,0.0002,1.0267296515571132,0.29094870388507843,0.0775310720782727,0.07830094359815121,0.4922627657651901
1636,1636,3.7030510902404785,3.7235066890716553,0.0002,0.974954112209099,0.2893986850976944,0.07754329894669354,0.07831381936557591,0.4926415681838989
1637,1637,3.7121963500976562,3.7281055450439453,0.0002,0.9793617717159019,0.2910076975822449,0.07756132818758488,0.07832140475511551,0.4930180534720421
1638,1638,3.681488513946533,3.706977367401123,0.0002,0.9850638193499425,0.29120976477861404,0.07761305919848382,0.07837810460478067,0.4934011623263359
1639,1639,3.675018072128296,3.71846342086792,0.0002,0.9902005056838177,0.29091382771730423,0.07761252485215664,0.07838697149418294,0.493777297437191
1640,1640,3.687377452850342,3.7429137229919434,0.0002,0.9949805202496543,0.2897467464208603,0.0776186918374151,0.07837862125597894,0.49415913969278336
1641,1641,3.7050693035125732,3.719094753265381,0.0002,0.9990916417547319,0.28978104144334793,0.07760836882516742,0.07839400926604867,0.49454517662525177
1642,1642,3.6859230995178223,3.751577615737915,0.0002,1.0027832908822778,0.29291678965091705,0.07762811402790248,0.07840046961791813,0.4949307516217232
1643,1643,3.7489893436431885,3.680133819580078,0.0002,1.0061709325643962,0.2914353907108307,0.07766981795430183,0.07844742550514638,0.49532102048397064
1644,1644,3.6662514209747314,3.7015464305877686,0.0002,1.009241841261655,0.2903602495789528,0.0776530303992331,0.07843656023032963,0.49570342898368835
1645,1645,3.7198305130004883,3.6856656074523926,0.0002,1.012023731648301,0.2912549152970314,0.0776650533080101,0.0784451316576451,0.4960898160934448
1646,1646,3.7523388862609863,3.7110984325408936,0.0002,1.0159916712926302,0.2928365170955658,0.07769439276307821,0.07847497356124222,0.49647635966539383
1647,1647,3.6639716625213623,3.7265305519104004,0.0002,1.0184125447042534,0.29400357604026794,0.07770934165455401,0.07849437068216503,0.49685921519994736
1648,1648,3.7311644554138184,3.7164361476898193,0.0002,1.0214865010667,0.29236605018377304,0.07772560487501323,0.07850883109495044,0.4972391948103905
1649,1649,3.7353696823120117,3.7260947227478027,0.0002,1.0218657891092089,0.2933545857667923,0.07773083448410034,0.07851865678094327,0.4976208284497261
1650,1650,3.68935489654541,3.6775736808776855,0.0002,1.023416154864254,0.2914143353700638,0.07775168213993311,0.07853323081508279,0.4980041980743408
1651,1651,3.642643690109253,3.693338632583618,0.0002,1.0246766726269965,0.29307229816913605,0.0777881289832294,0.07856725202873349,0.4983878657221794
1652,1652,3.6917459964752197,3.7224888801574707,0.0002,1.0258666067395352,0.2925170063972473,0.07778417877852917,0.07857491867616773,0.49876881390810013
1653,1653,3.7132270336151123,3.7153022289276123,0.0002,1.0269525252078415,0.2942826598882675,0.07781950011849403,0.07858771039173007,0.49915333092212677
1654,1654,3.686999559402466,3.7631711959838867,0.0002,1.0279069464081485,0.2935030832886696,0.07782716094516218,0.07861012732610106,0.49953847378492355
1655,1655,3.69154691696167,3.6939992904663086,0.0002,1.0287720913368514,0.29329752922058105,0.07784135174006224,0.07861341489478946,0.4999249130487442
1656,1656,3.680708408355713,3.771968126296997,0.0002,1.0311155474248177,0.29220079630613327,0.07783327740617096,0.07860946678556502,0.5003070384263992
1657,1657,3.6975343227386475,3.736490488052368,0.0002,1.0318407294154124,0.29297618567943573,0.07787158759310842,0.07865133415907621,0.5006950944662094
1658,1658,3.750426769256592,3.66322660446167,0.0002,1.0324518634604796,0.29479099810123444,0.07785702380351722,0.07864236063323915,0.501076266169548
1659,1659,3.731083869934082,3.732464075088501,0.0002,0.9800435390329099,0.29482559859752655,0.07787529123015702,0.07865502941422164,0.5014545619487762
1660,1660,3.6760480403900146,3.701113224029541,0.0002,0.9842449555768171,0.29362399131059647,0.07790128770284355,0.07868359750136733,0.5018408596515656
1661,1661,3.656489372253418,3.737828254699707,0.0002,0.9877128899954888,0.2955184057354927,0.0779095848556608,0.07869437569752336,0.5022105425596237
1662,1662,3.6977779865264893,3.7236990928649902,0.0002,0.9925573756583672,0.29399850964546204,0.07793491939082742,0.07871581334620714,0.5025894641876221
1663,1663,3.752188205718994,3.7263846397399902,0.0002,0.9969094914970257,0.2939397916197777,0.07794423028826714,0.07873596763238311,0.5029640644788742
1664,1664,3.6880686283111572,3.7128725051879883,0.0002,1.0025032383057206,0.2938011884689331,0.07796187698841095,0.0787480038125068,0.5033458471298218
1665,1665,3.6667346954345703,3.722785472869873,0.0002,1.0061825505909636,0.2932533845305443,0.07798939384520054,0.07877082703635097,0.5037254691123962
1666,1666,3.70292329788208,3.6887617111206055,0.0002,1.0091382772227289,0.2959965169429779,0.07800736953504384,0.0787718549836427,0.5040988028049469
1667,1667,3.7027416229248047,3.6960103511810303,0.0002,1.0120046432691152,0.29497823864221573,0.07800097251310945,0.0787887079641223,0.5044827610254288
1668,1668,3.6825528144836426,3.730264663696289,0.0002,1.014426995739695,0.2952384874224663,0.07802245579659939,0.07881482248194516,0.5048648566007614
1669,1669,3.692079544067383,3.685131072998047,0.0002,1.0166930159717342,0.2958960086107254,0.07801627391017973,0.07880932465195656,0.5052466243505478
1670,1670,3.680800676345825,3.7137036323547363,0.0002,1.0186601780330675,0.2958437278866768,0.07804025569930673,0.07882708124816418,0.5056301802396774
1671,1671,3.6978585720062256,3.6927645206451416,0.0002,1.0204971487377277,0.2949667200446129,0.07806192548014224,0.07885175850242376,0.5060137361288071
1672,1672,3.663508892059326,3.7018322944641113,0.0002,1.0220240541134775,0.2965685874223709,0.0780538662802428,0.07885765191167593,0.5063915401697159
1673,1673,3.691084861755371,3.7052993774414062,0.0002,1.0243654782577174,0.2966777831315994,0.07810089271515608,0.07889136602170765,0.5067759901285172
1674,1674,3.6858270168304443,3.7266242504119873,0.0002,1.0265175814540408,0.29675352573394775,0.07811005902476609,0.07889902382157743,0.5071570128202438
1675,1675,3.701148509979248,3.720329761505127,0.0002,1.0276402778769602,0.29614032059907913,0.07810942898504436,0.07890425273217261,0.5075365453958511
1676,1676,3.6706008911132812,3.6785624027252197,0.0002,1.0285408992863228,0.2977103292942047,0.078130449866876,0.07891233894042671,0.5079154670238495
1677,1677,3.6945433616638184,3.709930658340454,0.0002,1.0293378042702634,0.2964196726679802,0.07815388543531299,0.07893421314656734,0.5082913339138031
1678,1678,3.748745918273926,3.727972984313965,0.0002,1.0299854817994798,0.2956263870000839,0.07817797595635056,0.07897331286221743,0.5086791962385178
1679,1679,3.6509475708007812,3.707700729370117,0.0002,1.030736672733679,0.29630032926797867,0.07814858271740377,0.07895456813275814,0.509054496884346
1680,1680,3.711721658706665,3.695086717605591,0.0002,1.0313421938170635,0.29728177934885025,0.07817775756120682,0.07897751522250473,0.5094322711229324
1681,1681,3.7067649364471436,3.7507221698760986,0.0002,1.0318660162713835,0.2966358959674835,0.07820432214066386,0.07901295274496078,0.5098136514425278
1682,1682,3.693234443664551,3.685519218444824,0.0002,1.0323484692166405,0.29848141223192215,0.07823235262185335,0.07902856660075486,0.5101917386054993
1683,1683,3.6473398208618164,3.7230281829833984,0.0002,1.0343506283847086,0.29829569160938263,0.07823067740537226,0.079016670351848,0.5105719566345215
1684,1684,3.702648639678955,3.681673049926758,0.0002,1.0347611426836096,0.29687105119228363,0.07825102773495018,0.07905469671823084,0.510957881808281
1685,1685,3.6769182682037354,3.6764302253723145,0.0002,1.034735588005974,0.29711804538965225,0.07826548046432436,0.07906852406449616,0.5113414078950882
1686,1686,3.691500663757324,3.7181131839752197,0.0002,1.0352696519847164,0.29756104946136475,0.07829473563469946,0.07908855308778584,0.5117260217666626
1687,1687,3.679330348968506,3.6913790702819824,0.0002,1.0354289259006795,0.29800834506750107,0.07829829049296677,0.07908963225781918,0.5121039152145386
1688,1688,3.6682581901550293,3.685293674468994,0.0002,1.0354375926793578,0.29963650554418564,0.07830809312872589,0.07910956675186753,0.5124932676553726
1689,1689,3.676680564880371,3.712886333465576,0.0002,1.0356440137697285,0.3010364845395088,0.0783181379083544,0.07912183762528002,0.5128739476203918
1690,1690,3.721245288848877,3.6930737495422363,0.0002,1.0357165163324318,0.29815660417079926,0.07832099450752139,0.07913249707780778,0.5132575780153275
1691,1691,3.663616895675659,3.7046728134155273,0.0002,1.0358183250213617,0.2988053932785988,0.07833903818391263,0.07914334675297141,0.5136380642652512
1692,1692,3.6604666709899902,3.6773531436920166,0.0002,1.0373864059142626,0.2969965934753418,0.07836582348681986,0.07917051087133586,0.5140210092067719
1693,1693,3.6723005771636963,3.710806369781494,0.0002,1.0376837759148112,0.29775989055633545,0.07839446305297315,0.07918765908107162,0.5144034773111343
1694,1694,3.677650213241577,3.6776084899902344,0.0002,1.037602959561593,0.299074724316597,0.078406817978248,0.07921493938192725,0.5147872865200043
1695,1695,3.691533088684082,3.688206434249878,0.0002,1.0375037887717886,0.3003169000148773,0.07841296144761145,0.07922029099427164,0.5151716023683548
1696,1696,3.691788673400879,3.7217068672180176,0.0002,1.0374057260323464,0.29999732226133347,0.07841649418696761,0.07921523996628821,0.5155504047870636
1697,1697,3.656571388244629,3.6673107147216797,0.0002,1.0376231347964033,0.2998986467719078,0.07840633997693658,0.07922424329444766,0.5159406512975693
1698,1698,3.6649372577667236,3.7126357555389404,0.0002,1.037257010553835,0.30127473175525665,0.07847340893931687,0.07927708886563778,0.5163304656744003
1699,1699,3.6598215103149414,3.73134708404541,0.0002,1.0372585501361218,0.29985159635543823,0.07849170849658549,0.07928302302025259,0.5167180597782135
1700,1700,3.658195734024048,3.6918721199035645,0.0002,1.0371115142736125,0.30020318180322647,0.07847749721258879,0.07929381146095693,0.5171058624982834
1701,1701,3.6856915950775146,3.7147722244262695,0.0002,1.037071179673622,0.3006003499031067,0.07847481593489647,0.07929860963486135,0.5174881368875504
1702,1702,3.7147319316864014,3.6694464683532715,0.0002,1.0385130686443405,0.3012823238968849,0.07848914060741663,0.07930497080087662,0.5178723186254501
1703,1703,3.65102481842041,3.739882469177246,0.0002,1.0386986597407248,0.30126258730888367,0.07851234450936317,0.07933231815695763,0.5182595402002335
1704,1704,3.6966865062713623,3.6941566467285156,0.0002,1.0384863951418906,0.29979129135608673,0.07854032446630299,0.0793564934283495,0.5186454057693481
1705,1705,3.7155680656433105,3.7278037071228027,0.0002,1.0383094536050277,0.3003270775079727,0.07852863823063672,0.07935895351693034,0.5190277695655823
1706,1706,3.7024693489074707,3.694840669631958,0.0002,1.0381317052177501,0.3038565590977669,0.0785572580061853,0.079371586907655,0.5194104611873627
1707,1707,3.662710189819336,3.637079954147339,0.0002,1.0379836244137188,0.3026653230190277,0.07859117351472378,0.07939874264411628,0.5197958052158356
1708,1708,3.7178378105163574,3.6870651245117188,0.0002,0.9859739019274439,0.30222827941179276,0.0785885916557163,0.0794196983333677,0.5201801955699921
1709,1709,3.6734981536865234,3.734373092651367,0.0002,0.9911946885172159,0.30112341046333313,0.07859877590090036,0.07941950485110283,0.5205658823251724
1710,1710,3.6851935386657715,3.7029471397399902,0.0002,0.9967127698836012,0.30108873546123505,0.07863360270857811,0.07945523085072637,0.5209555923938751
1711,1711,3.6805362701416016,3.7085893154144287,0.0002,1.0013305718668701,0.30133213847875595,0.07864130800589919,0.0794543158262968,0.5213438868522644
1712,1712,3.6999623775482178,3.786756753921509,0.0002,1.0051346784957003,0.30119360238313675,0.0786512061022222,0.07947815535590053,0.5217347294092178
1713,1713,3.6458396911621094,3.733574390411377,0.0002,1.0083286077886717,0.3016842156648636,0.07867909269407392,0.07950565405189991,0.5221239179372787
1714,1714,3.701974868774414,3.7449254989624023,0.0002,1.011053900171333,0.30411986261606216,0.07869728654623032,0.07950713345780969,0.5225135236978531
1715,1715,3.6948609352111816,3.734128475189209,0.0002,1.0136828080869305,0.30115747451782227,0.0786923193372786,0.0795103742275387,0.5229038894176483
1716,1716,3.6843156814575195,3.666006088256836,0.0002,1.0160192791950544,0.30426909029483795,0.0787235030438751,0.07953631156124175,0.5232975631952286
1717,1717,3.6589794158935547,3.7306888103485107,0.0002,1.0180582179140987,0.3028498962521553,0.0787314937915653,0.07955777109600604,0.5236856043338776
1718,1718,3.6993701457977295,3.658031940460205,0.0002,1.019888419503767,0.30373816192150116,0.07875235052779317,0.07957276306115091,0.5240778177976608
1719,1719,3.656081199645996,3.676093101501465,0.0002,1.021521514031651,0.30311015993356705,0.07872116239741445,0.07957273535430431,0.5244644284248352
1720,1720,3.6922266483306885,3.6818599700927734,0.0002,1.0212524305816957,0.30445145070552826,0.07873746869154274,0.07956524542532861,0.5248490273952484
1721,1721,3.6890206336975098,3.701246738433838,0.0002,1.0210890352153037,0.30354683101177216,0.07880084845237434,0.07961146323941648,0.5252429842948914
1722,1722,3.6644694805145264,3.723487377166748,0.0002,1.0207284921420983,0.30325254052877426,0.07877175393514335,0.07959690666757524,0.525621086359024
1723,1723,3.6671183109283447,3.718301773071289,0.0002,1.0223216136982345,0.30342870205640793,0.07880978402681649,0.07963711838237941,0.5260074585676193
1724,1724,3.670825958251953,3.7158360481262207,0.0002,1.0237541015254696,0.3057429641485214,0.07878779014572501,0.07962395972572267,0.5263826996088028
1725,1725,3.680327892303467,3.7849130630493164,0.0002,1.025040697524491,0.30292516201734543,0.07882864587008953,0.07965431059710681,0.526761844754219
1726,1726,3.6934096813201904,3.6458258628845215,0.0002,1.0261937886902355,0.3028207942843437,0.07883437722921371,0.07966950559057295,0.5271380543708801
1727,1727,3.643293857574463,3.6836893558502197,0.0002,1.027228928075741,0.30450382828712463,0.07886646594852209,0.07969034928828478,0.5275157243013382
1728,1728,3.692413330078125,3.655808448791504,0.0002,1.0282085829332914,0.30409128963947296,0.07888200995512307,0.07970690983347595,0.5278948396444321
1729,1729,3.6290314197540283,3.7024588584899902,0.0002,1.0305984062735292,0.3041137680411339,0.07888431753963232,0.07971549243666232,0.5282723009586334
1730,1730,3.658663272857666,3.6704840660095215,0.0002,1.031469972887351,0.30357592552900314,0.07888140506111085,0.07972219306975603,0.5286576300859451
1731,1731,3.6860532760620117,3.7166194915771484,0.0002,1.0320118589944252,0.30596979707479477,0.0788688794709742,0.07973037078045309,0.5290389209985733
1732,1732,3.6734580993652344,3.7704386711120605,0.0002,1.0323903718328598,0.3038109689950943,0.07893461338244379,0.0797693703789264,0.5294243842363358
1733,1733,3.635061740875244,3.72640323638916,0.0002,1.0329134300190441,0.30355755239725113,0.07895486056804657,0.07978288759477437,0.529807522892952
1734,1734,3.6451869010925293,3.7459938526153564,0.0002,1.0331938700118055,0.3054240420460701,0.07895306195132434,0.0797848692163825,0.530189573764801
1735,1735,3.65705943107605,3.699103832244873,0.0002,1.033663507557934,0.30739785730838776,0.07897741138003767,0.07981029828079045,0.5305767506361008
1736,1736,3.649488925933838,3.7831761837005615,0.0002,1.033914251791983,0.30359526723623276,0.07899917988106608,0.07982470816932619,0.5309671759605408
1737,1737,3.6453099250793457,3.7013368606567383,0.0002,1.0342090657272192,0.3069606348872185,0.07897977298125625,0.0798137136735022,0.5313523560762405
1738,1738,3.724788188934326,3.7149033546447754,0.0002,1.0353046664749972,0.30590859055519104,0.07898253318853676,0.07982814963907003,0.5317387282848358
1739,1739,3.6485819816589355,3.6613411903381348,0.0002,1.03630683001839,0.3055622801184654,0.07900296547450125,0.07983360160142183,0.5321154594421387
1740,1740,3.6621670722961426,3.6907854080200195,0.0002,1.0364828376304547,0.3078073635697365,0.07902278914116323,0.07986279111355543,0.5325035452842712
1741,1741,3.6875343322753906,3.6951937675476074,0.0002,1.0364318474784564,0.3064073547720909,0.07902101171202958,0.07986118807457387,0.5328822731971741
1742,1742,3.7205193042755127,3.689742088317871,0.0002,1.036469173031385,0.3042861595749855,0.07902429648675025,0.07988017541356385,0.5332639068365097
1743,1743,3.670172929763794,3.692035675048828,0.0002,1.036414710153307,0.3065797686576843,0.07907886989414692,0.07991874101571739,0.5336414277553558
1744,1744,3.659066677093506,3.6929306983947754,0.0002,1.0364608003762392,0.3066058084368706,0.07903370726853609,0.07989185838960111,0.5340084582567215
1745,1745,3.696235179901123,3.7303590774536133,0.0002,1.0365706372125487,0.30850909650325775,0.07906105043366551,0.07991420268081129,0.5343863368034363
1746,1746,3.6778550148010254,3.7006821632385254,0.0002,1.0377381691755865,0.3075171634554863,0.07910333736799657,0.07995709776878357,0.5347669869661331
1747,1747,3.6835362911224365,3.680326461791992,0.0002,1.0365211695738639,0.30552418529987335,0.07913661818020046,0.07996948133222759,0.5351458191871643
1748,1748,3.6851696968078613,3.6393232345581055,0.0002,1.0381260377722763,0.3085269182920456,0.07914245035499334,0.07998984679579735,0.5355294495820999
1749,1749,3.6406655311584473,3.702604293823242,0.0002,1.0382253621767485,0.3073422834277153,0.07916124700568616,0.08000590489245951,0.5359159857034683
1750,1750,3.6873779296875,3.7165632247924805,0.0002,1.0380736427864443,0.3075496032834053,0.0791433067061007,0.07999387220479548,0.5363006442785263
1751,1751,3.6809732913970947,3.661328077316284,0.0002,1.0379309277048583,0.30515195429325104,0.0791901194024831,0.08004353800788522,0.5366972982883453
1752,1752,3.641091823577881,3.6906845569610596,0.0002,1.037807330064895,0.3079562336206436,0.07915897318162024,0.08001435617916286,0.5370814949274063
1753,1753,3.7273876667022705,3.6621038913726807,0.0002,1.0376533754775406,0.3065597265958786,0.07918578176759183,0.0800465785432607,0.5374757647514343
1754,1754,3.657744884490967,3.6483113765716553,0.0002,1.0374378390956018,0.3063678443431854,0.07920383987948298,0.08004975784569979,0.5378688424825668
1755,1755,3.7029809951782227,3.673999309539795,0.0002,1.0374883789219418,0.3083268627524376,0.07918505487032235,0.08004893804900348,0.5382609963417053
1756,1756,3.682969570159912,3.703382730484009,0.0002,1.037463253379969,0.3094061389565468,0.07919000927358866,0.08003472769632936,0.53864985704422
1757,1757,3.6685426235198975,3.6515250205993652,0.0002,1.0388151983214406,0.3106326386332512,0.07923296256922185,0.08007576363161206,0.5390414595603943
1758,1758,3.710226535797119,3.6600394248962402,0.0002,1.0389648088231995,0.3075947016477585,0.07924018707126379,0.08009057561866939,0.5394286960363388
1759,1759,3.630702495574951,3.625802755355835,0.0002,1.0387290126202429,0.30947503447532654,0.07926510716788471,0.08010818297043443,0.5398155301809311
1760,1760,3.665029525756836,3.6866531372070312,0.0002,0.9885947883717544,0.3074454069137573,0.07926143333315849,0.08011742518283427,0.5402022898197174
1761,1761,3.6504130363464355,3.6632723808288574,0.0002,0.9934224300611529,0.3070923015475273,0.07927583390846848,0.08012977032922208,0.5405959486961365
1762,1762,3.6257882118225098,3.7360363006591797,0.0002,0.9976849602974083,0.31002747267484665,0.07928499579429626,0.08014637231826782,0.5409834682941437
1763,1763,3.69162654876709,3.737044334411621,0.0002,1.001637089563265,0.30687665939331055,0.07931452128104866,0.08016784861683846,0.5413769036531448
1764,1764,3.6327922344207764,3.64212703704834,0.0002,1.0051609418452012,0.3122136667370796,0.07933258614502847,0.08017650176770985,0.5417679846286774
1765,1765,3.630013942718506,3.7070367336273193,0.0002,1.0083139022330763,0.311039961874485,0.07932452252134681,0.08017451758496463,0.5421585440635681
1766,1766,3.7149438858032227,3.6644930839538574,0.0002,1.0093511147651884,0.30992306023836136,0.07928974344395101,0.08016569935716689,0.5425470769405365
1767,1767,3.6435632705688477,3.7028841972351074,0.0002,1.010240810062506,0.31268210709095,0.07935495907440782,0.08021233952604234,0.5429466664791107
1768,1768,3.69364070892334,3.7240102291107178,0.0002,1.0109829167117472,0.31112632155418396,0.0793320257216692,0.08019552775658667,0.5433293879032135
1769,1769,3.6196045875549316,3.6890246868133545,0.0002,1.013513164277672,0.3117726966738701,0.0793593330308795,0.08022581785917282,0.5437250435352325
1770,1770,3.6352810859680176,3.7153985500335693,0.0002,1.0158427988061778,0.3096377030014992,0.07938224985264242,0.08023660583421588,0.5441150367259979
1771,1771,3.699460983276367,3.6560916900634766,0.0002,1.0180210556442975,0.31092163175344467,0.079367893980816,0.08023219904862344,0.5445049107074738
1772,1772,3.671720027923584,3.636378288269043,0.0002,1.0198827182467876,0.3100190535187721,0.07941439934074879,0.08027171203866601,0.5448998063802719
1773,1773,3.6579315662384033,3.6982998847961426,0.0002,1.0215731941383448,0.31058118492364883,0.07939240662381053,0.0802562644239515,0.5452845245599747
1774,1774,3.6561851501464844,3.6529879570007324,0.0002,1.0230840481918844,0.31144385039806366,0.0794040379114449,0.0802681336645037,0.5456823110580444
1775,1775,3.6592154502868652,3.6987814903259277,0.0002,1.025969538698106,0.31112539768218994,0.07941970555111766,0.08029343048110604,0.5460723042488098
1776,1776,3.6217222213745117,3.7024338245391846,0.0002,1.0273948431386322,0.3110458627343178,0.07943354733288288,0.08028867840766907,0.5464615672826767
1777,1777,3.7258691787719727,3.6662936210632324,0.0002,1.0282988674309268,0.3123302087187767,0.07945270673371851,0.08031092770397663,0.5468554496765137
1778,1778,3.6774330139160156,3.6642818450927734,0.0002,1.0291688833746129,0.31183043122291565,0.07944537815637887,0.08031941391527653,0.5472447276115417
1779,1779,3.6874382495880127,3.6672568321228027,0.0002,1.0297767482969635,0.3119024857878685,0.07943929685279727,0.0803095803130418,0.5476332604885101
1780,1780,3.678377151489258,3.6997218132019043,0.0002,1.030539988486334,0.31137606501579285,0.07948024687357247,0.08035262068733573,0.5480232089757919
1781,1781,3.6129281520843506,3.7039880752563477,0.0002,1.0312295517276817,0.3102848455309868,0.07947997003793716,0.0803408611100167,0.548399493098259
1782,1782,3.700810432434082,3.6736326217651367,0.0002,1.031727212582373,0.31258881837129593,0.07949059689417481,0.08035786310210824,0.5487853586673737
1783,1783,3.644625663757324,3.7650654315948486,0.0002,1.0321733468028749,0.31127074360847473,0.07947905152104795,0.08034053002484143,0.5491651743650436
1784,1784,3.6586878299713135,3.6778926849365234,0.0002,1.0334868506377972,0.31204504519701004,0.0795198823325336,0.08039194019511342,0.5495570749044418
1785,1785,3.6610300540924072,3.745938777923584,0.0002,1.0347245746100246,0.31289733946323395,0.07948728231713176,0.08036990300752223,0.549932062625885
1786,1786,3.6301991939544678,3.7102372646331787,0.0002,1.035071619422256,0.31341465562582016,0.0795215165708214,0.08039320982061327,0.5503176748752594
1787,1787,3.6784090995788574,3.6855926513671875,0.0002,1.0350632967197817,0.3117554485797882,0.0795467623975128,0.08041570917703211,0.5507056266069412
1788,1788,3.6959595680236816,3.703864812850952,0.0002,1.0352983232359754,0.3111913502216339,0.07955316989682615,0.08042478305287659,0.5510916709899902
1789,1789,3.7108383178710938,3.701296329498291,0.0002,1.0354825017096525,0.31198225170373917,0.07955714641138911,0.08043292351067066,0.5514835566282272
1790,1790,3.678891897201538,3.7053146362304688,0.0002,1.035424748346971,0.31177470088005066,0.0795846797991544,0.08045221539214253,0.551871657371521
1791,1791,3.6635518074035645,3.6361920833587646,0.0002,1.035670856484958,0.3139919266104698,0.0795824839733541,0.08046028600074351,0.552261233329773
1792,1792,3.689145565032959,3.6953284740448,0.0002,1.0358433623707273,0.31598929315805435,0.07959617557935417,0.08047959208488464,0.5526542514562607
1793,1793,3.63350510597229,3.6625170707702637,0.0002,1.035884483978585,0.31554581969976425,0.07956639141775668,0.08044718066230416,0.5530373305082321
1794,1794,3.6618435382843018,3.6783034801483154,0.0002,1.0374577343385554,0.3130234479904175,0.07959494809620082,0.08047483675181866,0.5534298270940781
1795,1795,3.6802589893341064,3.6816601753234863,0.0002,1.0377484151792042,0.3144591748714447,0.07959086005575955,0.08048708271235228,0.553812563419342
1796,1796,3.6368799209594727,3.7011890411376953,0.0002,1.0376589313785645,0.3141946569085121,0.07962794625200331,0.08052166691049933,0.5542003363370895
1797,1797,3.6904520988464355,3.711636781692505,0.0002,1.037533464564418,0.31622540205717087,0.07960525341331959,0.08050904865376651,0.5545781850814819
1798,1798,3.6478328704833984,3.6435208320617676,0.0002,1.037458865824212,0.31493474543094635,0.0796429137699306,0.08052311069332063,0.5549605488777161
1799,1799,3.664372444152832,3.683587074279785,0.0002,1.0373630933563003,0.31203050911426544,0.07966946298256516,0.08056299155578017,0.5553467124700546
1800,1800,3.6064863204956055,3.6709601879119873,0.0002,1.0372817427097858,0.3143247216939926,0.07968581630848348,0.080567637225613,0.5557196736335754
1801,1801,3.679121971130371,3.6962122917175293,0.0002,1.0372719888078883,0.313503734767437,0.0796625108923763,0.08056412800215185,0.5561001598834991
1802,1802,3.644155740737915,3.689993381500244,0.0002,1.037208998607217,0.31478726863861084,0.07970061036758125,0.08058951888233423,0.5564854145050049
1803,1803,3.6499922275543213,3.689894437789917,0.0002,1.0378427576717912,0.31474896520376205,0.07971845008432865,0.0806107094977051,0.5568672567605972
1804,1804,3.6910111904144287,3.6740260124206543,0.0002,1.0387885720932895,0.31690477579832077,0.0796980180311948,0.08058600197546184,0.5572362393140793
1805,1805,3.6463265419006348,3.784891128540039,0.0002,1.0386541593609322,0.3139355331659317,0.07975234417244792,0.08063661330379546,0.5576221495866776
1806,1806,3.621805191040039,3.675912380218506,0.0002,1.0384538331425825,0.3154151812195778,0.0797260059043765,0.0806124391965568,0.5579953640699387
1807,1807,3.653116226196289,3.665687084197998,0.0002,1.0382898414438415,0.3169272616505623,0.07968648965470493,0.08058726182207465,0.558364063501358
1808,1808,3.6456265449523926,3.638864517211914,0.0002,1.0380163728431069,0.3164641484618187,0.07976208557374775,0.0806616647168994,0.5587540119886398
1809,1809,3.6305480003356934,3.6373441219329834,0.0002,1.037950797965344,0.3147638663649559,0.07977301720529795,0.0806650121230632,0.55912184715271
1810,1810,3.6460916996002197,3.6957321166992188,0.0002,1.037786458512515,0.31540249288082123,0.07977340812794864,0.08065458247438073,0.5594967752695084
1811,1811,3.6704697608947754,3.68926739692688,0.0002,1.0377593167745665,0.3160160779953003,0.07978209666907787,0.08068762836046517,0.5598765462636948
1812,1812,3.6668171882629395,3.689086437225342,0.0002,1.0376370224936935,0.3162403926253319,0.07978041563183069,0.08068492752499878,0.560255378484726
1813,1813,3.666128158569336,3.6697044372558594,0.0002,1.0390404592914464,0.3138149604201317,0.07977561769075692,0.08067759172990918,0.5606296360492706
1814,1814,3.6764140129089355,3.678473711013794,0.0002,1.039147583770968,0.3165406435728073,0.07981623476371169,0.08071972266770899,0.5610190778970718
1815,1815,3.651473045349121,3.7181437015533447,0.0002,1.0388618048448115,0.31714528799057007,0.07983073266223073,0.08072872646152973,0.5614029318094254
1816,1816,3.6077473163604736,3.660222291946411,0.0002,1.038705070299553,0.3177771791815758,0.07983287516981363,0.08072536182589829,0.5617882460355759
1817,1817,3.649102210998535,3.6730337142944336,0.0002,1.0384837966010132,0.3166666477918625,0.07981854700483382,0.08072258438915014,0.5621713250875473
1818,1818,3.647982597351074,3.6905994415283203,0.0002,1.0382586739036275,0.31733953207731247,0.0798504063859582,0.08076361496932805,0.5625641793012619
1819,1819,3.6378445625305176,3.6772921085357666,0.0002,1.0381234528382541,0.314522847533226,0.07985831541009247,0.08077069581486285,0.562946692109108
1820,1820,3.6524477005004883,3.634261131286621,0.0002,1.0379735542042194,0.3173302710056305,0.07986572966910899,0.08076931396499276,0.5633342862129211
1821,1821,3.6447486877441406,3.690624713897705,0.0002,1.0377937338902559,0.31723812967538834,0.07986466377042234,0.08078399277292192,0.5637249946594238
1822,1822,3.6945290565490723,3.682913064956665,0.0002,1.039066919154412,0.3172163590788841,0.07985783112235367,0.08077090000733733,0.564106211066246
1823,1823,3.665867328643799,3.7023963928222656,0.0002,1.0392535041379,0.31856339424848557,0.07989090331830084,0.08080819435417652,0.5645023137331009
1824,1824,3.623670816421509,3.7177534103393555,0.0002,1.0390161556778086,0.31777993589639664,0.07986123557202518,0.08078592806123197,0.5648805201053619
1825,1825,3.675079345703125,3.699681520462036,0.0002,1.0387668562477643,0.31752727180719376,0.07987752510234714,0.08079284359700978,0.5652679949998856
1826,1826,3.666081428527832,3.7009201049804688,0.0002,1.038794574759816,0.31691303104162216,0.07992516155354679,0.0808347302954644,0.5656585246324539
1827,1827,3.6511387825012207,3.619645595550537,0.0002,1.0383700640722222,0.31895577907562256,0.0798861663788557,0.0808047300670296,0.5660359412431717
1828,1828,3.6166486740112305,3.649172306060791,0.0002,0.9771429105206432,0.3173232302069664,0.07993679796345532,0.08084785030223429,0.566425696015358
1829,1829,3.6437301635742188,3.6798417568206787,0.0002,0.9835992392355479,0.3195492625236511,0.07992092124186456,0.08084797509945929,0.5668093711137772
1830,1830,3.6367592811584473,3.631986141204834,0.0002,0.9903996540854431,0.3185124695301056,0.07993577723391354,0.08085076650604606,0.5671979337930679
1831,1831,3.6358304023742676,3.7623581886291504,0.0002,0.9953673114562386,0.32162362337112427,0.07995736505836248,0.08086122758686543,0.5675847232341766
1832,1832,3.6927309036254883,3.6582698822021484,0.0002,0.9994701260158695,0.31811007857322693,0.07995152939110994,0.08087659906595945,0.5679741054773331
1833,1833,3.6547305583953857,3.725661039352417,0.0002,1.0031974549313483,0.3175166994333267,0.07998242415487766,0.0808883726131171,0.5683614909648895
1834,1834,3.6673190593719482,3.624305009841919,0.0002,1.00653002557595,0.3192913457751274,0.07998211774975061,0.08090168051421642,0.5687533766031265
1835,1835,3.6656441688537598,3.6838347911834717,0.0002,1.009558414633872,0.317341685295105,0.07997839991003275,0.080902328947559,0.5691395848989487
1836,1836,3.6332848072052,3.678144931793213,0.0002,1.0122645793220535,0.31836386024951935,0.08000852330587804,0.0809208988212049,0.5695280581712723
1837,1837,3.685666799545288,3.6725006103515625,0.0002,1.014693960959366,0.31770023703575134,0.08001520135439932,0.0809289668686688,0.5699184387922287
1838,1838,3.6504530906677246,3.6657707691192627,0.0002,1.0168091015956084,0.32218052446842194,0.07999363215640187,0.08091739588417113,0.5703054815530777
1839,1839,3.653653621673584,3.6344356536865234,0.0002,1.0187378050154154,0.32056111842393875,0.0800108180847019,0.08093801303766668,0.570700079202652
1840,1840,3.6786227226257324,3.7253262996673584,0.0002,1.0208694301477759,0.32039986550807953,0.08000993868336082,0.080940464977175,0.5710891783237457
1841,1841,3.6220810413360596,3.666106700897217,0.0002,1.0204943637336295,0.3194384500384331,0.08002996142022312,0.08095355564728379,0.5714724808931351
1842,1842,3.638709783554077,3.756481647491455,0.0002,1.020234894345089,0.32035837322473526,0.08003924461081624,0.08097671950235963,0.5718636512756348
1843,1843,3.6351985931396484,3.66654634475708,0.0002,1.0218324610845673,0.31966517120599747,0.08007015567272902,0.08100338187068701,0.5722561776638031
1844,1844,3.679183006286621,3.6766223907470703,0.0002,1.0215284535066,0.3216465786099434,0.08006015280261636,0.08099623932503164,0.5726464986801147
1845,1845,3.658576488494873,3.623727798461914,0.0002,1.0230406978736837,0.3203957751393318,0.08008075808174908,0.080995072145015,0.5730403363704681
1846,1846,3.6240525245666504,3.729773998260498,0.0002,1.0244061232168378,0.32188640534877777,0.08010018989443779,0.0810093826148659,0.5734377205371857
1847,1847,3.6934518814086914,3.6353704929351807,0.0002,1.025604175996918,0.3194034472107887,0.08007234544493258,0.08100104657933116,0.5738292038440704
1848,1848,3.6471481323242188,3.6499812602996826,0.0002,1.0267370492283894,0.32056375592947006,0.0800697929225862,0.08099977695383132,0.5742210745811462
1849,1849,3.6236820220947266,3.667235851287842,0.0002,1.0292862787887418,0.32154861837625504,0.08008439792320132,0.08101709000766277,0.5746151059865952
1850,1850,3.6212239265441895,3.651881456375122,0.0002,1.0303120882752033,0.3227091506123543,0.08009803085587919,0.08101673843339086,0.5749962627887726
1851,1851,3.6572656631469727,3.6682443618774414,0.0002,1.0308060720400103,0.32239482551813126,0.08009971561841667,0.08103085681796074,0.5753856301307678
1852,1852,3.6696085929870605,3.6573033332824707,0.0002,1.0315175805109027,0.32249903678894043,0.08010116848163307,0.08102635177783668,0.5757685750722885
1853,1853,3.672346591949463,3.6620852947235107,0.0002,1.0319771962738609,0.32145265489816666,0.08011429058387876,0.08104938664473593,0.5761586129665375
1854,1854,3.6350247859954834,3.6362853050231934,0.0002,1.0325023069623385,0.3235028386116028,0.08009251370094717,0.08104314864613116,0.5765373408794403
1855,1855,3.6420769691467285,3.648069381713867,0.0002,1.0328119879141997,0.3216203525662422,0.08011840749531984,0.08106441353447735,0.5769212692975998
1856,1856,3.690873861312866,3.6351866722106934,0.0002,1.0333529424789898,0.32394323498010635,0.08012726507149637,0.08108193380758166,0.5773114711046219
1857,1857,3.656419515609741,3.7023162841796875,0.0002,1.0336039443459797,0.32240527868270874,0.0801347668748349,0.08107284572906792,0.5776958018541336
1858,1858,3.7045388221740723,3.7281360626220703,0.0002,1.0347273788966378,0.32279036194086075,0.0801394023001194,0.08107688184827566,0.5780847817659378
1859,1859,3.6059651374816895,3.675224781036377,0.0002,1.0357250464630745,0.32096268236637115,0.0801488955039531,0.08108764770440757,0.578473225235939
1860,1860,3.659463405609131,3.6325626373291016,0.0002,1.0360445557840707,0.32067617774009705,0.08017322653904557,0.08111986657604575,0.5788751095533371
1861,1861,3.666320323944092,3.6652424335479736,0.0002,1.036160725501261,0.3215066194534302,0.08017937513068318,0.08111526188440621,0.579267218708992
1862,1862,3.604318618774414,3.6683201789855957,0.0002,1.0362167915090554,0.32579632848501205,0.08016151888296008,0.08112261025235057,0.5796663910150528
1863,1863,3.62257719039917,3.6562817096710205,0.0002,1.0362800293824725,0.3230122923851013,0.0801771751139313,0.08112757722847164,0.5800630003213882
1864,1864,3.6533451080322266,3.6409337520599365,0.0002,1.0363025809558952,0.32338257879018784,0.08020092826336622,0.08115624357014894,0.58046954870224
1865,1865,3.6364405155181885,3.623232126235962,0.0002,1.0362463045511672,0.32492583245038986,0.08018655003979802,0.08114150515757501,0.5808683037757874
1866,1866,3.6754236221313477,3.6521120071411133,0.0002,1.0363630302842222,0.3212791830301285,0.08019524323754013,0.08115369663573802,0.5812695920467377
1867,1867,3.6175949573516846,3.618434429168701,0.0002,1.0363319405101186,0.3226926326751709,0.08022071397863328,0.08116552815772593,0.5816741734743118
1868,1868,3.633054733276367,3.669991970062256,0.0002,0.9849597989469623,0.32491663843393326,0.08022593124769628,0.08117006300017238,0.5820757299661636
1869,1869,3.5990729331970215,3.678621768951416,0.0002,0.9902435713214389,0.32552917301654816,0.08021974144503474,0.08116364292800426,0.5824755877256393
1870,1870,3.687173843383789,3.665388822555542,0.0002,0.9950002909681966,0.3198916018009186,0.08025190560147166,0.08119854074902833,0.5828775614500046
1871,1871,3.622471332550049,3.7325868606567383,0.0002,0.9989696890525406,0.32607513666152954,0.08022243017330766,0.08116583805531263,0.5832638144493103
1872,1872,3.6299686431884766,3.6918740272521973,0.0002,1.0028193706574067,0.325095035135746,0.08022260502912104,0.0811754334717989,0.5836577117443085
1873,1873,3.61407208442688,3.6364874839782715,0.0002,1.006252326273306,0.3246217593550682,0.08020987757481635,0.08118749666027725,0.5840471833944321
1874,1874,3.65317440032959,3.6662349700927734,0.0002,1.009148332379897,0.32371918112039566,0.08023579441942275,0.08119761035777628,0.5844323337078094
1875,1875,3.6432290077209473,3.6432135105133057,0.0002,1.011704242923421,0.3253517597913742,0.08024990791454911,0.08121062419377267,0.5848216712474823
1876,1876,3.649440050125122,3.685460090637207,0.0002,1.0125434192351075,0.3254259154200554,0.08027052995748818,0.08122916333377361,0.5852157473564148
1877,1877,3.6332740783691406,3.6517081260681152,0.0002,1.0129568688465613,0.32521194219589233,0.08028244297020137,0.08123387256637216,0.5856097191572189
1878,1878,3.615856647491455,3.73781156539917,0.0002,1.0136635314768663,0.32234811037778854,0.0802928558550775,0.0812520869076252,0.586006373167038
1879,1879,3.63318133354187,3.672372341156006,0.0002,1.015959184480748,0.32745081931352615,0.08028034074231982,0.08124843589030206,0.5864035040140152
1880,1880,3.576498508453369,3.627176284790039,0.0002,1.0180213078686997,0.32451851665973663,0.0802928691264242,0.08126140548847616,0.5868044048547745
1881,1881,3.6358895301818848,3.663886547088623,0.0002,1.0198499174255349,0.32769200950860977,0.08028715732507408,0.08125850604847074,0.5872028172016144
1882,1882,3.627531051635742,3.6582584381103516,0.0002,1.0216446779521544,0.32688258588314056,0.08030362869612873,0.08127683331258595,0.5876042395830154
1883,1883,3.60646390914917,3.627721071243286,0.0002,1.023059908894816,0.3249342516064644,0.08031178871169686,0.08126710006035864,0.5879984498023987
1884,1884,3.5928425788879395,3.689995288848877,0.0002,1.0244375129732606,0.32540514320135117,0.08031566627323627,0.0812833714298904,0.5883987247943878
1885,1885,3.6310505867004395,3.62746524810791,0.0002,1.0256082160445945,0.3260117173194885,0.08033348899334669,0.08129779831506312,0.5888047814369202
1886,1886,3.5921781063079834,3.6339807510375977,0.0002,1.024978993343921,0.32657044380903244,0.08031091862358153,0.08127472503110766,0.5891944319009781
1887,1887,3.6285362243652344,3.624204397201538,0.0002,1.0242867784347196,0.32815972715616226,0.08032555319368839,0.08129000524058938,0.5895950496196747
1888,1888,3.6475462913513184,3.630176067352295,0.0002,1.0236884329365956,0.3250502496957779,0.0803423160687089,0.08129652170464396,0.589993491768837
1889,1889,3.5871965885162354,3.6668007373809814,0.0002,1.0252058520359342,0.3282083198428154,0.08030119980685413,0.08128119772300124,0.5903824269771576
1890,1890,3.633780002593994,3.641085386276245,0.0002,1.0258911724364723,0.326289139688015,0.08032993623055518,0.08130031637847424,0.5907746404409409
1891,1891,3.6722209453582764,3.7006547451019287,0.0002,1.02693455648914,0.3256922885775566,0.08035986335016787,0.0813304572366178,0.5911753624677658
1892,1892,3.6111984252929688,3.6150693893432617,0.0002,1.0276486855769194,0.3294486254453659,0.08032819326035678,0.08129408513195813,0.5915611386299133
1893,1893,3.624114990234375,3.6529195308685303,0.0002,0.9752454660713351,0.32563166320323944,0.080357521539554,0.0813266527839005,0.5919576585292816
1894,1894,3.6384024620056152,3.619633674621582,0.0002,0.9809115453293422,0.32761020958423615,0.08033317676745355,0.08131605410017073,0.5923459976911545
1895,1895,3.6125268936157227,3.612199306488037,0.0002,0.9840120527590694,0.3283526822924614,0.08034271467477083,0.08132629166357219,0.5927353650331497
1896,1896,3.686133861541748,3.6129095554351807,0.0002,0.9355847897297027,0.3297957479953766,0.08039120095781982,0.08135631866753101,0.5931341201066971
1897,1897,3.5978405475616455,3.708813190460205,0.0002,0.94249697613697,0.33061443269252777,0.08036877121776342,0.08133501443080604,0.5935149639844894
1898,1898,3.661661386489868,3.6794273853302,0.0002,0.9521255782492508,0.32819612324237823,0.08039733208715916,0.08135823206976056,0.593911662697792
1899,1899,3.686262607574463,3.6609625816345215,0.0002,0.9596607624708273,0.3249489441514015,0.0803926910739392,0.08137761591933668,0.5943127125501633
1900,1900,3.697436571121216,3.6320810317993164,0.0002,0.9644949800436478,0.32612481713294983,0.08039460191503167,0.0813779435120523,0.5947043001651764
1901,1901,3.5775513648986816,3.613481044769287,0.0002,0.9698163397575785,0.3288462609052658,0.08037247159518301,0.08135487558320165,0.5950961112976074
1902,1902,3.6592721939086914,3.6252591609954834,0.0002,0.9765134534980566,0.32756759971380234,0.08037789724767208,0.08135952823795378,0.595494955778122
1903,1903,3.586771011352539,3.637115478515625,0.0002,0.982956273393196,0.32922960072755814,0.08038202160969377,0.08135719131678343,0.5958860367536545
1904,1904,3.61810302734375,3.6569721698760986,0.0002,0.988379507400761,0.32958943396806717,0.08039346360601485,0.08137749088928103,0.5962791591882706
1905,1905,3.6363325119018555,3.66632080078125,0.0002,0.993191230381776,0.3296915218234062,0.08042212924920022,0.08140428108163178,0.5966750234365463
1906,1906,3.625293016433716,3.6436047554016113,0.0002,0.997366994737636,0.3305087089538574,0.08035093499347568,0.08134064893238246,0.5970503091812134
1907,1907,3.578050374984741,3.6084508895874023,0.0002,1.0014277104430191,0.3289371579885483,0.08039438724517822,0.08139538113027811,0.5974574834108353
1908,1908,3.626615524291992,3.686556100845337,0.0002,0.9541736951145238,0.328865684568882,0.08042504568584263,0.0814090184867382,0.5978485345840454
1909,1909,3.5736007690429688,3.648442268371582,0.0002,0.9620754420679908,0.3303544521331787,0.08039727923460305,0.08138762298040092,0.5982308089733124
1910,1910,3.651369571685791,3.630552291870117,0.0002,0.9694484762007819,0.33069461584091187,0.08041543420404196,0.08139909151941538,0.5986242443323135
1911,1911,3.58882999420166,3.6276347637176514,0.0002,0.976122484059443,0.3303298130631447,0.08041335665620863,0.081400441005826,0.5990157127380371
1912,1912,3.600189685821533,3.6333751678466797,0.0002,0.9822520330145276,0.32895228266716003,0.08041712432168424,0.08141295588575304,0.5994089692831039
1913,1913,3.6150612831115723,3.6395652294158936,0.0002,0.9876593310093894,0.330811969935894,0.08045103424228728,0.08143069967627525,0.5998046845197678
1914,1914,3.5952768325805664,3.649542808532715,0.0002,0.9907658292870652,0.329399511218071,0.08043794613331556,0.08142469334416091,0.600196897983551
1915,1915,3.6903977394104004,3.6528520584106445,0.0002,0.9952491580064539,0.3303745537996292,0.08043431444093585,0.08140095369890332,0.6005861163139343
1916,1916,3.6487209796905518,3.6570796966552734,0.0002,0.9994757463191115,0.3314191624522209,0.08044396666809916,0.08142930013127625,0.6009899973869324
1917,1917,3.619241237640381,3.6995553970336914,0.0002,1.0032505609915103,0.3323797360062599,0.08042761776596308,0.08140695886686444,0.6013743132352829
1918,1918,3.5982866287231445,3.617361545562744,0.0002,1.006599405810106,0.33247580379247665,0.08042530389502645,0.08140953537076712,0.6017629355192184
1919,1919,3.6425793170928955,3.6383731365203857,0.0002,1.0095636025334782,0.32964878529310226,0.08044396946206689,0.08143617631867528,0.6021572202444077
1920,1920,3.6228299140930176,3.677058219909668,0.0002,1.013868769190771,0.33195027709007263,0.08043719525448978,0.08144490025006235,0.6025470644235611
1921,1921,3.716066837310791,3.7060751914978027,0.0002,1.0163597496630719,0.33141325414180756,0.08043921645730734,0.08143612183630466,0.6029302030801773
1922,1922,3.572021961212158,3.619446277618408,0.0002,1.0184541027828649,0.33216117322444916,0.08043028018437326,0.08142943121492863,0.6033095717430115
1923,1923,3.6196112632751465,3.6284871101379395,0.0002,1.0202905247830858,0.33262521773576736,0.0804619169794023,0.08145549590699375,0.6037030518054962
1924,1924,3.614349365234375,3.596619129180908,0.0002,1.0219318485627873,0.3306293711066246,0.08044437784701586,0.08143494674004614,0.6040883362293243
1925,1925,3.598912477493286,3.5999250411987305,0.0002,0.9714549516914497,0.3295638635754585,0.08047597901895642,0.08147620782256126,0.6044941544532776
1926,1926,3.6344728469848633,3.6616835594177246,0.0002,0.9784000684741593,0.3316267356276512,0.08046386134810746,0.08145313407294452,0.6048798859119415
1927,1927,3.613288640975952,3.7078135013580322,0.0002,0.9842723087002783,0.3335827589035034,0.0804431070573628,0.08143859985284507,0.6052698940038681
1928,1928,3.554811954498291,3.587374210357666,0.0002,0.9902059867672038,0.3314415365457535,0.0804505217820406,0.08144199196249247,0.6056639850139618
1929,1929,3.6283512115478516,3.655553102493286,0.0002,0.9436469419033591,0.3319140821695328,0.08046923438087106,0.08146308246068656,0.6060594618320465
1930,1930,3.605151891708374,3.6932687759399414,0.0002,0.9515407147973985,0.33290983736515045,0.08046760782599449,0.08145167562179267,0.6064473986625671
1931,1931,3.6671648025512695,3.7528038024902344,0.0002,0.9599390818102602,0.3331299051642418,0.08048207871615887,0.08149893837980926,0.6068471223115921
1932,1932,3.690554618835449,3.64961576461792,0.0002,0.9677107998979707,0.3340851441025734,0.08049169601872563,0.08149391110055149,0.6072339564561844
1933,1933,3.5771660804748535,3.636324644088745,0.0002,0.9746431492627307,0.33460796624422073,0.08045850251801312,0.08145504328422248,0.6076184064149857
1934,1934,3.6430816650390625,3.6558713912963867,0.0002,0.9808708028976728,0.3343367874622345,0.08047639345750213,0.08148458949290216,0.6080183982849121
1935,1935,3.6168603897094727,3.5991315841674805,0.0002,0.986406099243912,0.3339249789714813,0.08047931082546711,0.08147762878797948,0.6084081530570984
1936,1936,3.617802619934082,3.634690761566162,0.0002,0.9913658626479643,0.3308219462633133,0.08046914939768612,0.0814808423165232,0.6087983846664429
1937,1937,3.5795183181762695,3.648165702819824,0.0002,0.9975930964992163,0.3339322879910469,0.0804655714891851,0.08146353950724006,0.6091805398464203
1938,1938,3.6637508869171143,3.6737661361694336,0.0002,1.0017753792328725,0.3321903273463249,0.08049119962379336,0.08149076998233795,0.6095758825540543
1939,1939,3.661015033721924,3.6716091632843018,0.0002,1.0053039158223966,0.3336281031370163,0.08046962320804596,0.08149249642156065,0.6099663972854614
1940,1940,3.6072683334350586,3.634838104248047,0.0002,1.00837653747211,0.33312254399061203,0.08048480376601219,0.08149260329082608,0.6103615164756775
1941,1941,3.6688506603240967,3.6131319999694824,0.0002,1.0111313381499594,0.3360452950000763,0.08048489782959223,0.0814926743041724,0.6107567846775055
1942,1942,3.6149392127990723,3.6043105125427246,0.0002,1.0136559888482015,0.3361802324652672,0.08047218760475516,0.08149206219241023,0.6111496537923813
1943,1943,3.613579273223877,3.5771074295043945,0.0002,1.0160471894344854,0.332876518368721,0.08049373771063983,0.08151267771609128,0.6115528047084808
1944,1944,3.632040500640869,3.6381466388702393,0.0002,0.9644112945542251,0.3358857333660126,0.08050807425752282,0.08152033062651753,0.6119595468044281
1945,1945,3.5781941413879395,3.6556918621063232,0.0002,0.9733863452246749,0.33719440549612045,0.08048581867478788,0.08148956205695868,0.6123561561107635
1946,1946,3.573322296142578,3.597494125366211,0.0002,0.980195204469732,0.33822809159755707,0.08046914357692003,0.0814744308590889,0.6127528548240662
1947,1947,3.5884623527526855,3.6376609802246094,0.0002,0.9858769091818449,0.33374205231666565,0.0804891746956855,0.08150619873777032,0.6131599545478821
1948,1948,3.583864212036133,3.646198272705078,0.0002,0.9909358093356064,0.3341018781065941,0.0805114193353802,0.08153594052419066,0.6135614067316055
1949,1949,3.6970348358154297,3.547654151916504,0.0002,0.9955743208269138,0.33505918830633163,0.08050389564596117,0.08152542682364583,0.6139564365148544
1950,1950,3.608214855194092,3.6793580055236816,0.0002,0.9468364882826831,0.3367886617779732,0.08050334244035184,0.08152640727348626,0.6143563538789749
1951,1951,3.617079973220825,3.634660243988037,0.0002,0.9543517590462378,0.33454030752182007,0.08049027808010578,0.0815276235807687,0.6147545129060745
1952,1952,3.6850461959838867,3.684126853942871,0.0002,0.9607885891034398,0.3336912989616394,0.08052935358136892,0.08153384365141392,0.6151574999094009
1953,1953,3.5948119163513184,3.6079511642456055,0.0002,0.968183107275831,0.3348914161324501,0.0805269789416343,0.081543322885409,0.6155668944120407
1954,1954,3.559828281402588,3.6625163555145264,0.0002,0.9733842090903235,0.33551011234521866,0.0805034872610122,0.08151929802261293,0.6159648448228836
1955,1955,3.6161718368530273,3.6130707263946533,0.0002,0.9796149328637396,0.3355790823698044,0.08051302866078913,0.08154187421314418,0.6163737624883652
1956,1956,3.6038055419921875,3.626905679702759,0.0002,0.9835352310243489,0.33592846989631653,0.08051049942150712,0.08153993170708418,0.616775169968605
1957,1957,3.615771532058716,3.6839568614959717,0.0002,0.9868834076527997,0.33613205701112747,0.08052327833138406,0.0815364932641387,0.6171731203794479
1958,1958,3.6632795333862305,3.7394464015960693,0.0002,0.9918658837148905,0.3364579454064369,0.08051868923939764,0.08153433399274945,0.6175734847784042
1959,1959,3.6012003421783447,3.6037099361419678,0.0002,0.9963672972970998,0.33755308389663696,0.08051630039699376,0.08153645461425185,0.617975041270256
1960,1960,3.5810911655426025,3.603473663330078,0.0002,1.0005019320599864,0.3388455733656883,0.08050802070647478,0.0815246959682554,0.6183680295944214
1961,1961,3.5764832496643066,3.5784974098205566,0.0002,1.0041141855037785,0.33575527369976044,0.08049950562417507,0.08155413530766964,0.618765190243721
1962,1962,3.6235599517822266,3.6146888732910156,0.0002,1.0073568447770858,0.33675049245357513,0.08054000907577574,0.081564572872594,0.619158148765564
1963,1963,3.648277521133423,3.5868752002716064,0.0002,1.011780139123623,0.336474247276783,0.08055476751178503,0.08157608192414045,0.6195574402809143
1964,1964,3.586337089538574,3.6081652641296387,0.0002,1.0146514479255184,0.33499880880117416,0.08056070609018207,0.08158994116820395,0.6199559420347214
1965,1965,3.5932600498199463,3.6159815788269043,0.0002,1.016820565441738,0.33740298449993134,0.08051792113110423,0.08154503395780921,0.6203427612781525
1966,1966,3.598498821258545,3.637007236480713,0.0002,1.0187688090124678,0.33792343735694885,0.08055224642157555,0.08158493926748633,0.6207507699728012
1967,1967,3.562682628631592,3.6034069061279297,0.0002,1.0206249027279801,0.33704549074172974,0.08058945066295564,0.08161745895631611,0.6211575269699097
1968,1968,3.626904010772705,3.6017603874206543,0.0002,1.0222508551280625,0.3362344279885292,0.0805523709859699,0.08159053791314363,0.6215469688177109
1969,1969,3.615433931350708,3.624722957611084,0.0002,1.0236006308107344,0.33773938566446304,0.08057754905894399,0.0816049943678081,0.6219501942396164
1970,1970,3.5846638679504395,3.601367950439453,0.0002,1.024995602021439,0.33857499063014984,0.0805504648014903,0.08159969979897141,0.6223516315221786
1971,1971,3.5902023315429688,3.66518497467041,0.0002,1.0260374923364706,0.33810486644506454,0.08058036980219185,0.08160448120906949,0.6227548569440842
1972,1972,3.658413887023926,3.6897144317626953,0.0002,1.0279327895919261,0.335239015519619,0.08057119091972709,0.08160490286536515,0.6231561452150345
1973,1973,3.6658859252929688,3.635956048965454,0.0002,1.0297398215321396,0.3374849185347557,0.08053585304878652,0.08157730009406805,0.6235524713993073
1974,1974,3.6025476455688477,3.623323678970337,0.0002,1.0305650211797528,0.33825210481882095,0.08057370339520276,0.08159564808011055,0.6239522099494934
1975,1975,3.6140551567077637,3.615281581878662,0.0002,1.0312419347801092,0.33795320242643356,0.0805746871046722,0.08162705833092332,0.6243508756160736
1976,1976,3.5642378330230713,3.5739805698394775,0.0002,1.0317603692374206,0.33927416056394577,0.08057559188455343,0.08162318868562579,0.6247457265853882
1977,1977,3.691147565841675,3.6305415630340576,0.0002,1.0321521578904227,0.3389468193054199,0.08055844227783382,0.08161208149977028,0.6251450777053833
1978,1978,3.6271371841430664,3.620028018951416,0.0002,1.032702126994567,0.34010733664035797,0.08055928163230419,0.08161155530251563,0.625539168715477
1979,1979,3.6223156452178955,3.590913772583008,0.0002,1.0331084588649457,0.3388935625553131,0.08058574772439897,0.08164547709748149,0.6259476393461227
1980,1980,3.600574016571045,3.7019143104553223,0.0002,1.0334155882052642,0.3410227373242378,0.08058368554338813,0.0816193523351103,0.6263412684202194
1981,1981,3.619256019592285,3.7023048400878906,0.0002,1.0337391191024816,0.33960310369729996,0.08058068947866559,0.08162457146681845,0.6267499029636383
1982,1982,3.659423351287842,3.6514487266540527,0.0002,1.032336857637404,0.33837275207042694,0.08060502517037094,0.08165505179204047,0.6271625906229019
1983,1983,3.6051409244537354,3.5966718196868896,0.0002,1.030874454164377,0.33995329588651657,0.08060584287159145,0.08163896226324141,0.6275486797094345
1984,1984,3.5723299980163574,3.698871612548828,0.0002,1.0314146675685765,0.3377336114645004,0.08061155141331255,0.08164728782139719,0.6279467642307281
1985,1985,3.5821242332458496,3.5513110160827637,0.0002,1.0300941825411618,0.3399055749177933,0.08057659002952278,0.08162380196154118,0.6283390522003174
1986,1986,3.589827060699463,3.583977222442627,0.0002,1.030682057898093,0.3403896540403366,0.08059356943704188,0.08164114016108215,0.6287413686513901
1987,1987,3.587890148162842,3.633174419403076,0.0002,1.031249875489362,0.34122850745916367,0.08063187659718096,0.08166688750497997,0.6291414499282837
1988,1988,3.5934393405914307,3.608011245727539,0.0002,1.0319404138430421,0.33803601562976837,0.08061049366369843,0.08165834238752723,0.6295323669910431
1989,1989,3.619870185852051,3.6323294639587402,0.0002,1.0324048547592957,0.3380689322948456,0.08062657294794917,0.08165715145878494,0.6299247145652771
1990,1990,3.5604453086853027,3.582153797149658,0.0002,1.0328303400537122,0.3417316973209381,0.08062656060792506,0.08165594632737339,0.6303152143955231
1991,1991,3.6411943435668945,3.584505081176758,0.0002,1.034654632854069,0.34120000153779984,0.08063786989077926,0.08169049513526261,0.6307169198989868
1992,1992,3.585704803466797,3.6398026943206787,0.0002,1.035261574700225,0.3403157442808151,0.080596778774634,0.08164941077120602,0.6310981065034866
1993,1993,3.5915451049804688,3.598093032836914,0.0002,1.0353872929558088,0.3413746803998947,0.08062907587736845,0.08167319232597947,0.6314945071935654
1994,1994,3.6331167221069336,3.6403491497039795,0.0002,1.0354986777747373,0.342119000852108,0.0806226022541523,0.08166281203739345,0.6318852603435516
1995,1995,3.6069118976593018,3.795914649963379,0.0002,1.035646949440101,0.3423680067062378,0.08061932702548802,0.0816650043707341,0.6322789490222931
1996,1996,3.651585578918457,3.5961341857910156,0.0002,1.0356645920839258,0.34402133524417877,0.08060337253846228,0.08166383486241102,0.6326655000448227
1997,1997,3.572000741958618,3.6216912269592285,0.0002,1.0358421361571335,0.33862026035785675,0.0806394787505269,0.08169299480505288,0.6330549865961075
1998,1998,3.5853164196014404,3.6779098510742188,0.0002,1.0358847009605554,0.34248173236846924,0.08063144283369184,0.081682258984074,0.6334390938282013
1999,1999,3.562873363494873,3.617025375366211,0.0002,1.0359357765697546,0.34184638410806656,0.08064411929808557,0.0817009611055255,0.6338389664888382
2000,2000,3.6149182319641113,3.6343436241149902,0.0002,1.0360623832155735,0.344113327562809,0.08062011003494263,0.0816701918374747,0.6342209130525589
2001,2001,3.6110692024230957,3.535501718521118,0.0002,1.0343026323489732,0.33883144706487656,0.08064402639865875,0.08170235459692776,0.6346211433410645
2002,2002,3.7053046226501465,3.589158535003662,0.0002,0.9840885579490434,0.3423060327768326,0.08065276476554573,0.0817112720105797,0.6350168883800507
2003,2003,3.576195240020752,3.6795480251312256,0.0002,0.987688876194979,0.3428622633218765,0.08060890389606357,0.08166643069125712,0.6353970021009445
2004,2004,3.5775938034057617,3.6360843181610107,0.0002,0.9925146425744901,0.3418857678771019,0.08063613157719374,0.08167713950388134,0.6357936710119247
2005,2005,3.6086132526397705,3.6127405166625977,0.0002,0.9968943588932883,0.34252825379371643,0.0806443968322128,0.08170048682950437,0.6361949145793915
2006,2006,3.591762065887451,3.563478469848633,0.0002,1.0009418676699255,0.34340478479862213,0.08065759832970798,0.08171036350540817,0.636589765548706
2007,2007,3.5932655334472656,3.622934341430664,0.0002,1.0044801821992477,0.3429975137114525,0.08063446334563196,0.0817041655536741,0.6369766741991043
2008,2008,3.594027042388916,3.641552686691284,0.0002,1.0077311850366355,0.34209494292736053,0.08065669168718159,0.08171879011206329,0.6373719871044159
2009,2009,3.5948474407196045,3.6335339546203613,0.0002,1.0121483330906111,0.3432535231113434,0.08063104236498475,0.08169517992064357,0.6377615481615067
2010,2010,3.588644504547119,3.6592020988464355,0.0002,1.0149313678279692,0.3422692269086838,0.08065737457945943,0.08171198051422834,0.6381661742925644
2011,2011,3.5712244510650635,3.6731905937194824,0.0002,1.0170799783246256,0.339543417096138,0.08066752646118402,0.08173101092688739,0.6385719180107117
2012,2012,3.654973030090332,3.6899499893188477,0.0002,1.0190908418390476,0.3443819656968117,0.08067099517211318,0.08174286247231066,0.6389779448509216
2013,2013,3.6059296131134033,3.6054840087890625,0.0002,1.0208010532654535,0.34356602281332016,0.08064759336411953,0.08171219960786402,0.6393780410289764
2014,2014,3.61669921875,3.6090269088745117,0.0002,1.0223283613090297,0.3444984331727028,0.08064207900315523,0.08169239014387131,0.6397763341665268
2015,2015,3.589432716369629,3.655766010284424,0.0002,1.023856296522323,0.3422625735402107,0.08064214047044516,0.08168819290585816,0.640171155333519
2016,2016,3.612642765045166,3.6222786903381348,0.0002,1.0251701287402628,0.3438427895307541,0.08064506319351494,0.08169842837378383,0.6405661553144455
2017,2017,3.622286319732666,3.6114699840545654,0.0002,1.0262860574100547,0.34179019182920456,0.08067456795834005,0.08173482329584658,0.6409694105386734
2018,2018,3.602200508117676,3.6462974548339844,0.0002,1.0282223425281591,0.3441334068775177,0.08065281622111797,0.08170679467730224,0.6413582116365433
2019,2019,3.6055374145507812,3.6331777572631836,0.0002,1.0299524509531783,0.34365055710077286,0.08068290026858449,0.08173469384200871,0.6417593657970428
2020,2020,3.6696155071258545,3.6595523357391357,0.0002,1.0306826823218023,0.34457463026046753,0.08063719840720296,0.0817043068818748,0.6421438604593277
2021,2021,3.584043502807617,3.6314728260040283,0.0002,1.0313134351469349,0.3417607918381691,0.0806655518244952,0.08173032104969025,0.6425465792417526
2022,2022,3.552835464477539,3.636476993560791,0.0002,1.0318062289366243,0.34438831359148026,0.08065930963493884,0.08172898436896503,0.6429373472929001
2023,2023,3.587043523788452,3.6036248207092285,0.0002,1.0322779221806984,0.3459930419921875,0.0806817205157131,0.08175437874160707,0.6433445066213608
2024,2024,3.5807552337646484,3.603717565536499,0.0002,1.0327628179614747,0.3449242636561394,0.08062553615309298,0.08169659459963441,0.6437223851680756
2025,2025,3.5336952209472656,3.740931510925293,0.0002,1.0331291641006497,0.34515323489904404,0.08064135583117604,0.0817138496786356,0.6441240757703781
2026,2026,3.5666427612304688,3.630873680114746,0.0002,1.0335209996074017,0.3491329178214073,0.0806452208198607,0.08173172897659242,0.6445262879133224
2027,2027,3.5996837615966797,3.6069326400756836,0.0002,1.0338229774703465,0.3434581607580185,0.0806735351216048,0.08172745816409588,0.644924595952034
2028,2028,3.6253886222839355,3.6596319675445557,0.0002,1.035733100964339,0.3442631959915161,0.08064720267429948,0.08172675943933427,0.6453150063753128
2029,2029,3.686661958694458,3.6899335384368896,0.0002,1.036020842335463,0.34541239589452744,0.08067294163629413,0.08174352394416928,0.6457144618034363
2030,2030,3.5875301361083984,3.6051790714263916,0.0002,1.0361142527912681,0.34761611372232437,0.08067139075137675,0.08170923753641546,0.6461053341627121
2031,2031,3.592026948928833,3.6539111137390137,0.0002,1.0361696793500659,0.3461441770195961,0.08063979097642004,0.08170965337194502,0.646503210067749
2032,2032,3.644688606262207,3.641650676727295,0.0002,1.0359467094978285,0.34574079513549805,0.08067764644511044,0.08175199385732412,0.646913006901741
2033,2033,3.554718494415283,3.5929698944091797,0.0002,1.0262883095877215,0.3468448221683502,0.08064828300848603,0.0817195363342762,0.6473003476858139
2034,2034,3.5920395851135254,3.6432247161865234,0.0002,1.0272070821250596,0.3453932851552963,0.08064602385275066,0.08172364230267704,0.6476977318525314
2035,2035,3.6163525581359863,3.624268054962158,0.0002,1.028159834234727,0.3446921333670616,0.0806539326440543,0.08172100991941988,0.6480937302112579
2036,2036,3.619784355163574,3.6304192543029785,0.0002,1.0289917629960952,0.34911347180604935,0.08062373055145144,0.08170141419395804,0.6484836041927338
2037,2037,3.580573081970215,3.638874053955078,0.0002,1.0297519499373353,0.34380489587783813,0.08065407280810177,0.08173968573100865,0.6488916426897049
2038,2038,3.5791382789611816,3.590796709060669,0.0002,1.030467842010253,0.346256747841835,0.08065420878119767,0.08173002791590989,0.6492808759212494
2039,2039,3.750410556793213,3.624863624572754,0.0002,1.03106368574455,0.3454337939620018,0.08062732592225075,0.08170984988100827,0.6496649831533432
2040,2040,3.6016979217529297,3.55419921875,0.0002,1.0316166804109448,0.34700092673301697,0.08061969769187272,0.08171521406620741,0.6500625908374786
2041,2041,3.5519957542419434,3.631687641143799,0.0002,1.032108649766434,0.34702102094888687,0.08063883823342621,0.08170949830673635,0.6504545360803604
2042,2042,3.5570898056030273,3.6084372997283936,0.0002,1.0306750114663394,0.3475943058729172,0.08065471216104925,0.08173231151886284,0.6508563905954361
2043,2043,3.599421977996826,3.65901517868042,0.0002,1.0309993173410392,0.3473428636789322,0.08063848735764623,0.08172067324630916,0.6512506008148193
2044,2044,3.573962450027466,3.7380576133728027,0.0002,1.0319353961989102,0.34384842216968536,0.08065946749411523,0.08173902006819844,0.6516518890857697
2045,2045,3.596590995788574,3.6720142364501953,0.0002,1.032441318449191,0.34589920192956924,0.08063998119905591,0.0817130203358829,0.6520523726940155
2046,2046,3.6022439002990723,3.619600296020508,0.0002,1.0327149110509217,0.3491702377796173,0.08062663651071489,0.08169906074181199,0.6524585038423538
2047,2047,3.592064142227173,3.5768942832946777,0.0002,1.0347535681784794,0.3475387543439865,0.08067381917499006,0.0817675746511668,0.6528866291046143
2048,2048,3.5551671981811523,3.588045120239258,0.0002,1.0352508142905952,0.3475089520215988,0.08065073285251856,0.08173742517828941,0.6532854437828064
2049,2049,3.567356824874878,3.5919570922851562,0.0002,1.0353877390131039,0.3479553833603859,0.0806055124849081,0.08170267450623214,0.6536843925714493
2050,2050,3.5810372829437256,3.6091136932373047,0.0002,1.03550700694782,0.3480472192168236,0.0806247245054692,0.0817172524984926,0.6540968716144562
2051,2051,3.6147119998931885,3.6063895225524902,0.0002,1.0356011358935113,0.3488472178578377,0.08064002054743469,0.08171701850369573,0.6545037776231766
2052,2052,3.577225685119629,3.6597702503204346,0.0002,1.0356951001278452,0.34950364381074905,0.0806520413607359,0.08172861416824162,0.6549088209867477
2053,2053,3.546949863433838,3.5888309478759766,0.0002,1.035795085245583,0.3483627885580063,0.08064150647260249,0.08171752654016018,0.6553110331296921
2054,2054,3.586029291152954,3.5860378742218018,0.0002,1.0359207694994248,0.35072553902864456,0.08063967362977564,0.08173066470772028,0.6557210385799408
2055,2055,3.562152624130249,3.5651659965515137,0.0002,1.0359673576512467,0.3485025390982628,0.08061249391175807,0.08171737543307245,0.6561216115951538
2056,2056,3.586684465408325,3.6907780170440674,0.0002,1.0376875897819593,0.3514762669801712,0.08063653018325567,0.08171406551264226,0.6565213650465012
2057,2057,3.5693421363830566,3.593341588973999,0.0002,1.0378210221935764,0.3469160422682762,0.08063936186954379,0.08172924118116498,0.6569287180900574
2058,2058,3.547849416732788,3.629072666168213,0.0002,1.0377282440967028,0.34998390823602676,0.08064145362004638,0.08172171330079436,0.65732741355896
2059,2059,3.6023313999176025,3.6235928535461426,0.0002,1.0374762191219962,0.35014481097459793,0.08065184368751943,0.08173876581713557,0.6577306240797043
2060,2060,3.6394753456115723,3.6605005264282227,0.0002,1.0375374965048878,0.34894394874572754,0.08065371448174119,0.08173681399784982,0.6581342667341232
2061,2061,3.5858092308044434,3.5934059619903564,0.0002,1.0373419000159276,0.3512265086174011,0.08062598458491266,0.08171604666858912,0.6585265398025513
2062,2062,3.535599708557129,3.5759799480438232,0.0002,1.0373698053838052,0.3505783900618553,0.08062642416916788,0.08172055799514055,0.6589242666959763
2063,2063,3.5339646339416504,3.566084861755371,0.0002,1.037308488182917,0.3490566313266754,0.08061155886389315,0.08171162707731128,0.6593170315027237
2064,2064,3.5813822746276855,3.587210178375244,0.0002,1.037251980881691,0.3488536775112152,0.08063741819933057,0.08172545162960887,0.6597250550985336
2065,2065,3.566913604736328,3.565389394760132,0.0002,1.0379283350617396,0.34955381602048874,0.08063106564804912,0.0817370347213,0.6601269841194153
2066,2066,3.603304147720337,3.6549034118652344,0.0002,1.0387425404899262,0.35049156844615936,0.08063596044667065,0.08173988899216056,0.6605309545993805
2067,2067,3.5605368614196777,3.7120001316070557,0.0002,1.0386926491363846,0.35311730206012726,0.0806137842591852,0.08171595144085586,0.6609241664409637
2068,2068,3.5721447467803955,3.5827205181121826,0.0002,1.0384572062727926,0.3514121323823929,0.0806290996260941,0.08172598201781511,0.6613328754901886
2069,2069,3.5528054237365723,3.6109237670898438,0.0002,1.0383122699767493,0.351171538233757,0.08062414568848908,0.08171209320425987,0.6617340743541718
2070,2070,3.6311864852905273,3.6117892265319824,0.0002,1.038138203897268,0.3529389873147011,0.08061434049159288,0.08171430043876171,0.6621386110782623
2071,2071,3.599252223968506,3.6362743377685547,0.0002,1.0378653945542022,0.35417337715625763,0.08062835689634085,0.08171386923640966,0.6625369936227798
2072,2072,3.5565059185028076,3.6182193756103516,0.0002,1.0378431572521332,0.34979891777038574,0.08062866306863725,0.08171872003003955,0.6629407554864883
2073,2073,3.587894916534424,3.6244897842407227,0.0002,1.0377371486063849,0.3472612798213959,0.08063300792127848,0.08172436337918043,0.6633482426404953
2074,2074,3.5743658542633057,3.581773042678833,0.0002,1.0374864297127842,0.35211583971977234,0.08061050227843225,0.0817111050710082,0.6637505739927292
2075,2075,3.613706588745117,3.5646181106567383,0.0002,1.0390661227056546,0.3509211242198944,0.08063126518391073,0.08172630751505494,0.6641587167978287
2076,2076,3.6577887535095215,3.6222128868103027,0.0002,1.0389246953282758,0.3533780723810196,0.08063362375833094,0.08172646979801357,0.6645636558532715
2077,2077,3.637270927429199,3.6457459926605225,0.0002,1.0381857625523876,0.3529399558901787,0.08059651916846633,0.081674869870767,0.6649511307477951
2078,2078,3.590550422668457,3.6184802055358887,0.0002,1.0382061329901862,0.3497168645262718,0.08060049219056964,0.08169752638787031,0.6653599590063095
2079,2079,3.619762659072876,3.580383539199829,0.0002,1.0382965626345604,0.3505258411169052,0.08062017615884542,0.08172190515324473,0.6657654643058777
2080,2080,3.5596163272857666,3.583371639251709,0.0002,1.0384736422809258,0.3530570864677429,0.08058849326334894,0.08166604326106608,0.6661408543586731
2081,2081,3.642836809158325,3.603909969329834,0.0002,1.0382275313341647,0.3508728966116905,0.0805903160944581,0.08172007300890982,0.6665531396865845
2082,2082,3.5718069076538086,3.6409215927124023,0.0002,1.038140840607296,0.3521333411335945,0.0805810964666307,0.08168288879096508,0.6669371873140335
2083,2083,3.6009371280670166,3.6471076011657715,0.0002,1.0378677675932275,0.35381217300891876,0.08059827680699527,0.08169413241557777,0.6673371493816376
2084,2084,3.590216636657715,3.5766913890838623,0.0002,1.0386535017012648,0.351167194545269,0.08059890754520893,0.08169968076981604,0.6677336692810059
2085,2085,3.534769296646118,3.585818290710449,0.0002,1.0393987791047186,0.3537682890892029,0.08056506793946028,0.08166066301055253,0.6681133955717087
2086,2086,3.5795865058898926,3.6190385818481445,0.0002,1.0392298242624762,0.3524317145347595,0.08057452295906842,0.08167739189229906,0.6685224324464798
2087,2087,3.597637176513672,3.702455997467041,0.0002,1.0389741342135588,0.35170622915029526,0.08056601183488965,0.08166636829264462,0.6689156740903854
2088,2088,3.5701167583465576,3.5945544242858887,0.0002,1.0387008580965857,0.3493432253599167,0.08055518148466945,0.08166616130620241,0.6693133860826492
2089,2089,3.595116138458252,3.63820219039917,0.0002,1.0385139265768797,0.3533333092927933,0.08054945874027908,0.08165517775341868,0.6697096526622772
2090,2090,3.6704607009887695,3.5714502334594727,0.0002,1.0383183734887096,0.3533858433365822,0.08055621781386435,0.08165237074717879,0.6701078116893768
2091,2091,3.5234923362731934,3.6255760192871094,0.0002,1.038153828517169,0.35260142385959625,0.08054278674535453,0.08166572148911655,0.6705072969198227
2092,2092,3.561697006225586,3.6382856369018555,0.0002,1.0378970384430235,0.3557839095592499,0.08054310688748956,0.08162517915479839,0.670885369181633
2093,2093,3.573178291320801,3.5602049827575684,0.0002,1.0378862038801906,0.35443705320358276,0.08055902388878167,0.08165594330057502,0.6712966114282608
2094,2094,3.5615901947021484,3.6439619064331055,0.0002,1.0359729928877983,0.3528640568256378,0.08052300219424069,0.08162630046717823,0.6716772466897964
2095,2095,3.5804831981658936,3.647740364074707,0.0002,1.0359501150403212,0.35348742455244064,0.08053483278490603,0.08162924041971564,0.6720754057168961
2096,2096,3.621211528778076,3.607386589050293,0.0002,1.0343071503592123,0.3547550439834595,0.08055725833401084,0.08166625746525824,0.6724899411201477
2097,2097,3.577857494354248,3.547999382019043,0.0002,1.03441964375983,0.35421179234981537,0.08052294817753136,0.08163284766487777,0.672885462641716
2098,2098,3.6230554580688477,3.5944509506225586,0.0002,1.0328407524137888,0.35558120906352997,0.08050152380019426,0.08158579305745661,0.6732720136642456
2099,2099,3.53629207611084,3.566781997680664,0.0002,1.033061225166574,0.351553238928318,0.08050546981394291,0.08160498877987266,0.6736801415681839
2100,2100,3.5997135639190674,3.5835423469543457,0.0002,1.0331631257252198,0.35188575088977814,0.08048848039470613,0.08160953549668193,0.6740808486938477
2101,2101,3.517972230911255,3.601977825164795,0.0002,1.0327297541579972,0.3534212112426758,0.08048405102454126,0.08160858089104295,0.6744796931743622
2102,2102,3.553436040878296,3.6615889072418213,0.0002,1.0304590679589252,0.3563910275697708,0.08050371403805912,0.08161636511795223,0.6748924404382706
2103,2103,3.6780505180358887,3.616919994354248,0.0002,1.0294470817672052,0.3538450375199318,0.0804543576668948,0.08157495129853487,0.6752847731113434
2104,2104,3.5360188484191895,3.592967987060547,0.0002,1.0302371126360426,0.35440588742494583,0.0804683561436832,0.08157818834297359,0.6756896823644638
2105,2105,3.5501811504364014,3.580050468444824,0.0002,1.0308503053121145,0.3556717485189438,0.08044625562615693,0.0815580366179347,0.6760934889316559
2106,2106,3.5965940952301025,3.579502820968628,0.0002,1.0314457850816774,0.3519459590315819,0.08047822723165154,0.0815950920805335,0.676513671875
2107,2107,3.6005685329437256,3.5774168968200684,0.0002,1.0319486783836438,0.35854199528694153,0.08046008227393031,0.08156350557692349,0.6769099980592728
2108,2108,3.568185329437256,3.5842790603637695,0.0002,1.0324343208460536,0.35246772319078445,0.08047947590239346,0.08159386529587209,0.6773322373628616
2109,2109,3.523650646209717,3.591609477996826,0.0002,1.0327868625496621,0.35536399483680725,0.0804526936262846,0.08155834884382784,0.6777292191982269
2110,2110,3.6538941860198975,3.6914801597595215,0.0002,1.0332623280193338,0.3558039665222168,0.08042996097356081,0.0815335693769157,0.6781330704689026
2111,2111,3.5452749729156494,3.596857786178589,0.0002,1.0336628948060127,0.3570539280772209,0.08040863904170692,0.08154174289666116,0.6785456836223602
2112,2112,3.542388439178467,3.5773491859436035,0.0002,1.0347249727164494,0.35836632549762726,0.08042846689932048,0.08151191589422524,0.6789341270923615
2113,2113,3.577712059020996,3.650491237640381,0.0002,1.0357613709163243,0.35754094272851944,0.0804248156491667,0.08153849141672254,0.6793448328971863
2114,2114,3.5496373176574707,3.627126693725586,0.0002,1.0360100383992747,0.3555128052830696,0.08041427796706557,0.08151984214782715,0.6797371655702591
2115,2115,3.584493637084961,3.575526475906372,0.0002,1.0361243681887944,0.35668371617794037,0.08040883578360081,0.08151116664521396,0.6801313161849976
2116,2116,3.591318130493164,3.5618815422058105,0.0002,1.0360542608393106,0.3539440408349037,0.08039940637536347,0.08152140234597027,0.6805300861597061
2117,2117,3.5740346908569336,3.577925443649292,0.0002,1.0362016626574595,0.3534432724118233,0.08037705952301621,0.0815136986784637,0.6809280812740326
2118,2118,3.512777805328369,3.5806469917297363,0.0002,1.0362430620488032,0.35925648361444473,0.08040535217151046,0.08149560960009694,0.6813051700592041
2119,2119,3.5957367420196533,3.6149494647979736,0.0002,1.0363252712295625,0.35706495493650436,0.08040009415708482,0.08151271869428456,0.6817073225975037
2120,2120,3.561415433883667,3.5675101280212402,0.0002,1.0363604770270862,0.3568807691335678,0.08039129059761763,0.081515874247998,0.6821006834506989
2121,2121,3.5509212017059326,3.540355920791626,0.0002,1.0363904000947237,0.35559597611427307,0.0803762071300298,0.08148700115270913,0.6824904233217239
2122,2122,3.5610251426696777,3.6289758682250977,0.0002,1.0379470698884354,0.35721971839666367,0.08036551531404257,0.08148908289149404,0.6828879415988922
2123,2123,3.5904159545898438,3.7143263816833496,0.0002,1.0381688552060484,0.3591902479529381,0.08035140833817422,0.0814715230371803,0.6832825839519501
2124,2124,3.5543417930603027,3.610323429107666,0.0002,1.0379853514805055,0.35817398875951767,0.0803647895809263,0.08147533284500241,0.6836845725774765
2125,2125,3.537773609161377,3.629121780395508,0.0002,1.0378580737329308,0.3558441922068596,0.08035157830454409,0.08146930206567049,0.6840824782848358
2126,2126,3.5744214057922363,3.560667037963867,0.0002,1.0377563020092833,0.3579830750823021,0.08032597624696791,0.08143795956857502,0.684464156627655
2127,2127,3.591925621032715,3.5855770111083984,0.0002,1.0374817066483548,0.3563721776008606,0.0803477643057704,0.08147748792544007,0.6848785728216171
2128,2128,3.635012149810791,3.57950758934021,0.0002,1.0375256516584128,0.35716506093740463,0.08032310311682522,0.0814360675867647,0.6852653473615646
2129,2129,3.5845437049865723,3.5914506912231445,0.0002,1.0374196775645177,0.3579992800951004,0.0803328575566411,0.08145813131704926,0.6856798082590103
2130,2130,3.577460289001465,3.543041706085205,0.0002,1.0373718821712627,0.35829393565654755,0.08032982656732202,0.08145219273865223,0.6860815584659576
2131,2131,3.610531806945801,3.61881422996521,0.0002,1.0381037572470233,0.358769915997982,0.0803316340316087,0.0814644715283066,0.6864982843399048
2132,2132,3.5132153034210205,3.603891372680664,0.0002,1.03886409934665,0.35981424152851105,0.08029678463935852,0.08140254439786077,0.686888575553894
2133,2133,3.573507070541382,3.603886842727661,0.0002,1.038804703438648,0.3577939495444298,0.08031231677159667,0.08143674023449421,0.68732088804245
2134,2134,3.6045796871185303,3.570396900177002,0.0002,1.0385932876671784,0.35849443823099136,0.08029868733137846,0.0814139184076339,0.6877294331789017
2135,2135,3.6126651763916016,3.554053783416748,0.0002,1.0383699822815389,0.35975707322359085,0.08027915004640818,0.08139196783304214,0.6881332993507385
2136,2136,3.533055543899536,3.5918755531311035,0.0002,1.0381963117108515,0.3601166903972626,0.08029821934178472,0.08142744028009474,0.6885616779327393
2137,2137,3.511259078979492,3.5322341918945312,0.0002,1.0380188681452833,0.36354442685842514,0.08023531408980489,0.08133008982986212,0.6889334917068481
2138,2138,3.552932024002075,3.5562045574188232,0.0002,0.9879413382241369,0.35831212252378464,0.08026700839400291,0.08138365368358791,0.689356803894043
2139,2139,3.607067584991455,3.5602662563323975,0.0002,0.992866506730161,0.3600548803806305,0.08026721770875156,0.08138814941048622,0.6897658854722977
2140,2140,3.6074047088623047,3.577117443084717,0.0002,0.9989191076759968,0.3594248816370964,0.08025398687459528,0.0813767253421247,0.6901624202728271
2141,2141,3.580174446105957,3.6180858612060547,0.0002,1.0029453221805955,0.3637012243270874,0.08023705100640655,0.08135792170651257,0.6905658841133118
2142,2142,3.6059982776641846,3.5806381702423096,0.0002,1.0063374697811671,0.3594486936926842,0.08021772745996714,0.08133501699194312,0.690958634018898
2143,2143,3.5796170234680176,3.5545170307159424,0.0002,1.0093648479694053,0.36057833582162857,0.08021557983011007,0.08134947367943823,0.6913734674453735
2144,2144,3.555183172225952,3.6528468132019043,0.0002,1.0120595437487119,0.36024656146764755,0.08019336266443133,0.08131350437179208,0.6917562633752823
2145,2145,3.5734920501708984,3.6082727909088135,0.0002,1.0145565778818075,0.36008910834789276,0.080219003604725,0.08135812892578542,0.6921844035387039
2146,2146,3.6244590282440186,3.5572688579559326,0.0002,1.016769093561001,0.35929814726114273,0.08021477912552655,0.08133776625618339,0.692581295967102
2147,2147,3.603756904602051,3.5629372596740723,0.0002,1.0187643227628214,0.35778333991765976,0.08019584161229432,0.08131964271888137,0.6929833889007568
2148,2148,3.499953508377075,3.607722043991089,0.0002,1.0205454918617776,0.3616549223661423,0.08018272905610502,0.08130308287218213,0.6933911740779877
2149,2149,3.5220625400543213,3.714700222015381,0.0002,1.0230119280723016,0.35996267199516296,0.08018571278080344,0.08131684013642371,0.6938140541315079
2150,2150,3.545488119125366,3.5975277423858643,0.0002,1.0253240544796542,0.36074572801589966,0.08016530331224203,0.08129727700725198,0.6942185908555984
2151,2151,3.6170973777770996,3.6542840003967285,0.0002,1.027687912410538,0.3612888678908348,0.08015385316684842,0.08128874632529914,0.6946346461772919
2152,2152,3.556027889251709,3.613947868347168,0.0002,1.027357938283991,0.3611925020813942,0.0801584105938673,0.0812821569852531,0.6950507462024689
2153,2153,3.5617706775665283,3.559983015060425,0.0002,1.0284182347079411,0.35822664201259613,0.0801790552213788,0.08130735019221902,0.6954765766859055
2154,2154,3.7101080417633057,3.519648551940918,0.0002,1.0291684257586262,0.36134103685617447,0.0801375254523009,0.08126011723652482,0.695872038602829
2155,2155,3.615616798400879,3.5982580184936523,0.0002,0.9784987564291608,0.36071983724832535,0.08011351665481925,0.08123845304362476,0.6962795257568359
2156,2156,3.5289089679718018,3.577183723449707,0.0002,0.9844202452788414,0.36123909056186676,0.08011967386119068,0.08124243235215545,0.6966903656721115
2157,2157,3.5434036254882812,3.581451892852783,0.0002,0.9877924031110001,0.36169521510601044,0.08012174884788692,0.08125891303643584,0.697104424238205
2158,2158,3.535917282104492,3.613071918487549,0.0002,0.9907555822337266,0.36336273699998856,0.08011106215417385,0.08125998894684017,0.6975062787532806
2159,2159,3.565105438232422,3.6020419597625732,0.0002,0.9955388645769682,0.36198829114437103,0.08012829720973969,0.08124899677932262,0.6979108303785324
2160,2160,3.533207893371582,3.6050257682800293,0.0002,0.997834867303123,0.35919295996427536,0.08013285719789565,0.08126777759753168,0.6983316987752914
2161,2161,3.5981791019439697,3.562074661254883,0.0002,0.9998421970249279,0.36153843998908997,0.08008966268971562,0.08120491821318865,0.6987155675888062
2162,2162,3.595980167388916,3.58652400970459,0.0002,1.0035142573377684,0.36321209371089935,0.08007523603737354,0.08121227473020554,0.6991269290447235
2163,2163,3.557262897491455,3.561476945877075,0.0002,1.0069231616139385,0.36070840805768967,0.08008240954950452,0.08121304237283766,0.6995304077863693
2164,2164,3.546123504638672,3.6355912685394287,0.0002,1.0099228140137597,0.36553048342466354,0.0800634017214179,0.08119939197786152,0.699929416179657
2165,2165,3.506223678588867,3.6801364421844482,0.0002,1.012603552342728,0.3667205572128296,0.08006016700528562,0.08119589136913419,0.7003260850906372
2166,2166,3.5731070041656494,3.5679931640625,0.0002,1.0148723438612248,0.3625931218266487,0.0800823881290853,0.08122063893824816,0.700740784406662
2167,2167,3.541501045227051,3.585421323776245,0.0002,1.0186484531974263,0.36298900097608566,0.08006978873163462,0.08120946632698178,0.701139360666275
2168,2168,3.6159825325012207,3.5619938373565674,0.0002,1.0207969956775795,0.3610992729663849,0.08005913766101003,0.08119800547137856,0.7015413045883179
2169,2169,3.616783857345581,3.569204807281494,0.0002,1.0224022131341441,0.36419936269521713,0.080063410801813,0.08119099051691592,0.7019491493701935
2170,2170,3.5718953609466553,3.609184980392456,0.0002,1.0255449286925566,0.3655383810400963,0.0800301874987781,0.08116026874631643,0.702345460653305
2171,2171,3.5785861015319824,3.6341922283172607,0.0002,1.025016675174746,0.36519794166088104,0.08006190578453243,0.08119691791944206,0.7027719616889954
2172,2172,3.5219526290893555,3.5705714225769043,0.0002,1.0261527921705098,0.36221225559711456,0.0800384336616844,0.08118866779841483,0.7031860202550888
2173,2173,3.5415265560150146,3.623232364654541,0.0002,1.0272422648702757,0.3616480678319931,0.0800108767580241,0.08114247722551227,0.7035749554634094
2174,2174,3.6061670780181885,3.5203821659088135,0.0002,1.0280568521332953,0.36154861003160477,0.08003853936679661,0.08117702952586114,0.7040084004402161
2175,2175,3.5612144470214844,3.60305118560791,0.0002,1.0289620912400614,0.3621033728122711,0.08002705941908062,0.08117239736020565,0.7044223248958588
2176,2176,3.5474767684936523,3.6351656913757324,0.0002,1.0296961822309592,0.36068180948495865,0.07999975862912834,0.08114425512030721,0.7048161625862122
2177,2177,3.6242434978485107,3.6076457500457764,0.0002,1.0287152672101099,0.3648298904299736,0.08000406948849559,0.08113793912343681,0.7052341401576996
2178,2178,3.6273791790008545,3.628232955932617,0.0002,1.027607381018252,0.36604462563991547,0.08000194700434804,0.0811324545647949,0.7056357264518738
2179,2179,3.581714630126953,3.569153070449829,0.0002,1.0266867527421286,0.36263974010944366,0.08000493817962706,0.08113098447211087,0.7060397863388062
2180,2180,3.5742740631103516,3.6447038650512695,0.0002,1.0276827266649742,0.3651958033442497,0.08000028529204428,0.08113696007058024,0.7064548432826996
2181,2181,3.5443601608276367,3.5666861534118652,0.0002,1.0285808653007402,0.3647836968302727,0.0800231616012752,0.08115517953410745,0.7068760544061661
2182,2182,3.6887340545654297,3.593886613845825,0.0002,1.0292826904187613,0.3663528934121132,0.07996274624019861,0.08112435485236347,0.7072766721248627
2183,2183,3.578670024871826,3.5899524688720703,0.0002,1.030048593740082,0.36413074284791946,0.0799549815710634,0.08108196314424276,0.7076725959777832
2184,2184,3.5584630966186523,3.5920958518981934,0.0002,1.0306049649182862,0.36413271725177765,0.07994440523907542,0.08107531233690679,0.7080816775560379
2185,2185,3.573251247406006,3.6126205921173096,0.0002,1.0319187727668275,0.3618079125881195,0.07994525856338441,0.08109237253665924,0.7084972560405731
2186,2186,3.601344347000122,3.629580497741699,0.0002,1.0333922803363678,0.362566739320755,0.07995569333434105,0.081103197298944,0.7089152634143829
2187,2187,3.533010959625244,3.6232175827026367,0.0002,1.0340234395800358,0.36416154354810715,0.07993709528818727,0.08107877615839243,0.70931576192379
2188,2188,3.5182979106903076,3.5762856006622314,0.0002,1.0342994027014973,0.3665158748626709,0.07991691399365664,0.08103921473957598,0.7097079753875732
2189,2189,3.584056854248047,3.6453869342803955,0.0002,1.0345336711114648,0.36452917009592056,0.07990550831891596,0.08103857119567692,0.7101137787103653
2190,2190,3.7026119232177734,3.5315537452697754,0.0002,1.0347114845765657,0.36780019849538803,0.0799008491449058,0.08104784064926207,0.7105213403701782
2191,2191,3.5566816329956055,3.6070284843444824,0.0002,1.0349614024110594,0.3656522408127785,0.07987584476359189,0.08102690964005888,0.7109141200780869
2192,2192,3.613384962081909,3.5481388568878174,0.0002,1.0350036364718689,0.3659527525305748,0.07990901242010295,0.08103939797729254,0.7113253027200699
2193,2193,3.549421548843384,3.6296744346618652,0.0002,1.035308196561304,0.36509987711906433,0.07988322922028601,0.08101230766624212,0.7117081582546234
2194,2194,3.716033697128296,3.5397608280181885,0.0002,1.035332452858906,0.3647511452436447,0.07984913047403097,0.08096709940582514,0.7120812237262726
2195,2195,3.5443482398986816,3.5554561614990234,0.0002,1.0363313898392292,0.36591367423534393,0.0798778620082885,0.08102460484951735,0.7125159502029419
2196,2196,3.615729808807373,3.601099967956543,0.0002,1.0373703721106475,0.3664846196770668,0.07986258412711322,0.08100180025212467,0.7129005044698715
2197,2197,3.5631186962127686,3.633338451385498,0.0002,1.0373548421920362,0.36469564586877823,0.07984286756254733,0.08097636606544256,0.7132899016141891
2198,2198,3.570645332336426,3.567802906036377,0.0002,1.0373091228257385,0.36757711321115494,0.0798361066263169,0.08097261027432978,0.7136801332235336
2199,2199,3.5387182235717773,3.5856642723083496,0.0002,1.0372067497802642,0.3659416139125824,0.07981270388700068,0.08093748288229108,0.7140632718801498
2200,2200,3.61637806892395,3.5420565605163574,0.0002,1.0371582133601582,0.36736004799604416,0.07980983913876116,0.08095927466638386,0.714480996131897
2201,2201,3.5926036834716797,3.5707061290740967,0.0002,1.0370784154052206,0.36736373603343964,0.0797773718368262,0.08092351444065571,0.7148605585098267
2202,2202,3.620096445083618,3.567599058151245,0.0002,1.0370180456748326,0.3669322580099106,0.0797651307657361,0.08090875833295286,0.7152500003576279
2203,2203,3.5613903999328613,3.5571556091308594,0.0002,1.0370637740569981,0.365293487906456,0.07973675639368594,0.08087696367874742,0.7156306952238083
2204,2204,3.5704994201660156,3.5577969551086426,0.0002,1.0369656900939046,0.3688026890158653,0.07973102992400527,0.08087566494941711,0.7160276919603348
2205,2205,3.5594723224639893,3.543862819671631,0.0002,1.0352019977429434,0.3664906397461891,0.0797343603335321,0.08088038512505591,0.7164382636547089
2206,2206,3.5202784538269043,3.564046859741211,0.0002,1.0334581754047065,0.3691549375653267,0.07970862765796483,0.08083134796470404,0.7168036550283432
2207,2207,3.5507795810699463,3.5789060592651367,0.0002,1.0330773714241208,0.36734815686941147,0.0797129231505096,0.08085799613036215,0.717221587896347
2208,2208,3.518916130065918,3.5791945457458496,0.0002,1.0322019993701956,0.3678852766752243,0.0796641253400594,0.08080070372670889,0.7175902873277664
2209,2209,3.4986062049865723,3.5383739471435547,0.0002,1.03276729148869,0.368648998439312,0.07967223133891821,0.08082155347801745,0.7180077731609344
2210,2210,3.565870761871338,3.5680887699127197,0.0002,1.0331058969005875,0.3664787784218788,0.07963303104043007,0.08077822718769312,0.718390941619873
2211,2211,3.5227603912353516,3.570859432220459,0.0002,1.0334960915417646,0.3659624978899956,0.0796464728191495,0.08077617501839995,0.7187942415475845
2212,2212,3.532670736312866,3.527726888656616,0.0002,1.0337675385615754,0.3679267019033432,0.0796265562530607,0.08076272695325315,0.7191954106092453
2213,2213,3.65571665763855,3.501434087753296,0.0002,1.034071295006192,0.3650462478399277,0.07961197942495346,0.08075468637980521,0.719599112868309
2214,2214,3.574866533279419,3.5804975032806396,0.0002,0.9828583521132916,0.372706837952137,0.07959561585448682,0.08071610447950661,0.719991460442543
2215,2215,3.5619864463806152,3.620089054107666,0.0002,0.9885198669882427,0.3676251769065857,0.07956367428414524,0.08070891490206122,0.7203943878412247
2216,2216,3.5232110023498535,3.5481321811676025,0.0002,0.9934816390139748,0.36849428713321686,0.07954828953370452,0.08072425657883286,0.7208085060119629
2217,2217,3.5078370571136475,3.6150155067443848,0.0002,0.9977769837187351,0.37041788548231125,0.07952498318627477,0.08066322561353445,0.7211773246526718
2218,2218,3.542299509048462,3.656501293182373,0.0002,1.001705800732501,0.3708275333046913,0.07949662581086159,0.080631741322577,0.7215700447559357
2219,2219,3.536118507385254,3.5864005088806152,0.0002,1.00514791468856,0.3700079098343849,0.07953130197711289,0.0806789337657392,0.7220033705234528
2220,2220,3.5156776905059814,3.573525905609131,0.0002,1.0083123115764563,0.36897575855255127,0.07950765453279018,0.08064046478830278,0.7223850637674332
2221,2221,3.5993080139160156,3.600836992263794,0.0002,1.0111237083541331,0.370431087911129,0.07946162321604788,0.08060689340345562,0.72276671230793
2222,2222,3.5699727535247803,3.67130446434021,0.0002,1.0136786298960498,0.37131428718566895,0.07942418148741126,0.08055939548648894,0.7231448739767075
2223,2223,3.5337274074554443,3.604088306427002,0.0002,1.0142675008663413,0.367963507771492,0.0794487043749541,0.08058234979398549,0.7235606759786606
2224,2224,3.541107177734375,3.595639228820801,0.0002,1.0163619895136289,0.3671112656593323,0.07942408928647637,0.08055476751178503,0.7239354997873306
2225,2225,3.515709400177002,3.5502524375915527,0.0002,1.0166556858430242,0.3694963976740837,0.07940557412803173,0.08053915342316031,0.7243268638849258
2226,2226,3.5845184326171875,3.5597262382507324,0.0002,1.0168332032120082,0.3694382533431053,0.07939923834055662,0.08053431008011103,0.7247250378131866
2227,2227,3.558903217315674,3.545254707336426,0.0002,1.0187458566790213,0.37039805948734283,0.07937202067114413,0.08050527144223452,0.7251088321208954
2228,2228,3.5140395164489746,3.5531463623046875,0.0002,1.0205720553423552,0.37220387160778046,0.0793656266760081,0.08050827565602958,0.7255216538906097
2229,2229,3.565904378890991,3.610320806503296,0.0002,1.0221557164466695,0.3715781942009926,0.07932083425112069,0.080481719924137,0.725914478302002
2230,2230,3.549349069595337,3.582876443862915,0.0002,1.0236413699610887,0.37173992395401,0.07934105070307851,0.08049197751097381,0.7263365983963013
2231,2231,3.505171537399292,3.541025161743164,0.0002,1.0249180996035296,0.36726295948028564,0.07933602412231266,0.08048868225887418,0.726761594414711
2232,2232,3.5669684410095215,3.5436010360717773,0.0002,1.0276564864211004,0.3713507130742073,0.0792780986521393,0.08040942996740341,0.7271283864974976
2233,2233,3.5344996452331543,3.5550739765167236,0.0002,1.02883198728878,0.3708221763372421,0.07929166965186596,0.080452018417418,0.7275820225477219
2234,2234,3.521066188812256,3.538757085800171,0.0002,1.0296694138554991,0.3693430721759796,0.07926048897206783,0.08039538143202662,0.727968692779541
2235,2235,3.537402629852295,3.6164040565490723,0.0002,1.0303750516122092,0.37148617208004,0.07925468403846025,0.08041352173313498,0.728410005569458
2236,2236,3.591012954711914,3.5647594928741455,0.0002,1.030961683755371,0.3720872774720192,0.07920313510112464,0.08033333206549287,0.7287838608026505
2237,2237,3.590165376663208,3.6017017364501953,0.0002,1.0314980166761487,0.37214626371860504,0.0791997299529612,0.0803234230261296,0.7291861474514008
2238,2238,3.593435764312744,3.5451033115386963,0.0002,1.0320106616583244,0.3709503337740898,0.07919495995156467,0.08033232972957194,0.7295906841754913
2239,2239,3.5179171562194824,3.5285563468933105,0.0002,1.0325169926350335,0.37144413590431213,0.07920353300869465,0.08034642366692424,0.729997918009758
2240,2240,3.527411460876465,3.5664196014404297,0.0002,1.032936550772006,0.3697572946548462,0.07915557269006968,0.08030865713953972,0.7303785532712936
2241,2241,3.6039891242980957,3.5629477500915527,0.0002,1.0341567163537628,0.37544336169958115,0.0791281710844487,0.08024978684261441,0.7307412326335907
2242,2242,3.5890696048736572,3.633725881576538,0.0002,1.035336422275513,0.3728787675499916,0.07913046423345804,0.08027073182165623,0.7311513423919678
2243,2243,3.5043351650238037,3.5781846046447754,0.0002,1.035542371582227,0.3730071634054184,0.07912029977887869,0.08026528032496572,0.7315404564142227
2244,2244,3.4992876052856445,3.601276159286499,0.0002,1.03566247594107,0.37357379496097565,0.07912466395646334,0.08027445967309177,0.7319533675909042
2245,2245,3.5472850799560547,3.582043409347534,0.0002,1.0357366546706732,0.3711817041039467,0.07910624705255032,0.08025318547151983,0.732341930270195
2246,2246,3.5182385444641113,3.534862995147705,0.0002,1.0358144245208243,0.3721114620566368,0.07908963598310947,0.08021444920450449,0.7327187657356262
2247,2247,3.487041473388672,3.56569766998291,0.0002,1.0358808942535829,0.3732678219676018,0.07907859003171325,0.08022118802182376,0.7331258952617645
2248,2248,3.5511817932128906,3.5247554779052734,0.0002,1.0359706712746644,0.3729535788297653,0.07904325379058719,0.08020021254196763,0.7335183322429657
2249,2249,3.5577147006988525,3.515554904937744,0.0002,1.0359093418386573,0.36892884969711304,0.07906328327953815,0.0801969412714243,0.7339345961809158
2250,2250,3.501042366027832,3.5735771656036377,0.0002,1.0360880064724525,0.3710644021630287,0.07900574477389455,0.08015268156304955,0.7343115657567978
2251,2251,3.5405144691467285,3.571748733520508,0.0002,1.034295937842355,0.372653529047966,0.07900680182501674,0.08014883031137288,0.734719306230545
2252,2252,3.5095763206481934,3.5904693603515625,0.0002,1.0327809092938416,0.37189432978630066,0.07898482587188482,0.08012901619076729,0.7351123094558716
2253,2253,3.5712926387786865,3.6417899131774902,0.0002,1.0331256351619487,0.3730110675096512,0.07899124803952873,0.08015089272521436,0.7355529367923737
2254,2254,3.4817495346069336,3.5735349655151367,0.0002,1.031720399296323,0.3707388788461685,0.07893814332783222,0.08008383656851947,0.7359162271022797
2255,2255,3.5610713958740234,3.582531690597534,0.0002,1.0321421335249115,0.37364353239536285,0.07896935218013823,0.08009737846441567,0.7363443970680237
2256,2256,3.528322219848633,3.609744071960449,0.0002,1.0325987369997909,0.3719107508659363,0.0789201243314892,0.08007862931117415,0.7367479354143143
2257,2257,3.6514363288879395,3.5497374534606934,0.0002,1.033029509624801,0.3754103481769562,0.07889474229887128,0.08003801526501775,0.7371345609426498
2258,2258,3.4691810607910156,3.54598069190979,0.0002,1.0333938510396512,0.3737306594848633,0.07886472856625915,0.08001252333633602,0.7375276386737823
2259,2259,3.585387706756592,3.5830633640289307,0.0002,1.0337019377458203,0.3739021196961403,0.07888802117668092,0.08005433389917016,0.7379747778177261
2260,2260,3.5895776748657227,3.5614013671875,0.0002,1.0357028458430495,0.3745077922940254,0.078875687206164,0.08002030709758401,0.7383511662483215
2261,2261,3.552572250366211,3.60836124420166,0.0002,1.0359900753299727,0.37369440495967865,0.07884343015030026,0.07999516814015806,0.7387445718050003
2262,2262,3.5066301822662354,3.653493881225586,0.0002,1.0360477882618675,0.37496042251586914,0.0788208597805351,0.07997235981747508,0.7391384989023209
2263,2263,3.561544895172119,3.5516819953918457,0.0002,1.035997206220775,0.37489693611860275,0.07881642109714448,0.07997356285341084,0.7395565956830978
2264,2264,3.515410900115967,3.5494842529296875,0.0002,1.0361692915194165,0.3754221647977829,0.07882612850517035,0.07997934077866375,0.7399767935276031
2265,2265,3.5229108333587646,3.5493814945220947,0.0002,1.0362156900249415,0.3740357607603073,0.07875526533462107,0.07988460967317224,0.7403209358453751
2266,2266,3.583265781402588,3.526644706726074,0.0002,1.0373781934748703,0.3715473935008049,0.07877417863346636,0.07993499212898314,0.7407747060060501
2267,2267,3.54487943649292,3.5613231658935547,0.0002,1.0362407564698162,0.37650493532419205,0.07874728785827756,0.07989467890001833,0.7411748915910721
2268,2268,3.5811641216278076,3.5215532779693604,0.0002,1.0362483016353639,0.3762628510594368,0.07867941143922508,0.07981253927573562,0.7415235787630081
2269,2269,3.5340728759765625,3.604485273361206,0.0002,1.036189977976468,0.37404001504182816,0.07869474007748067,0.07983611267991364,0.7419497817754745
2270,2270,3.5084404945373535,3.549196243286133,0.0002,1.0345793011039863,0.37410762161016464,0.07870224327780306,0.0798438882920891,0.7423561215400696
2271,2271,3.506011724472046,3.51497745513916,0.0002,1.0347662006340612,0.37667377293109894,0.07864406798034906,0.07977982610464096,0.7427117079496384
2272,2272,3.5219407081604004,3.6126198768615723,0.0002,1.0330693550537144,0.3739408999681473,0.07865801407024264,0.07980905752629042,0.7431473135948181
2273,2273,3.5405867099761963,3.564483404159546,0.0002,1.0316089070032999,0.3730993866920471,0.07863860251381993,0.07978792698122561,0.7435311824083328
2274,2274,3.573493242263794,3.5139527320861816,0.0002,1.032123679640462,0.37305624037981033,0.07860372820869088,0.07974910526536405,0.7439085841178894
2275,2275,3.5485777854919434,3.576704978942871,0.0002,1.0325046459198468,0.371236652135849,0.07860827934928238,0.07977005001157522,0.7443485260009766
2276,2276,3.5524826049804688,3.5745022296905518,0.0002,1.0329602558406734,0.37871331721544266,0.07855113316327333,0.07968400605022907,0.7446839958429337
2277,2277,3.6118974685668945,3.5601134300231934,0.0002,1.033364132943385,0.37415551394224167,0.07853968953713775,0.07969944970682263,0.745123416185379
2278,2278,3.5215353965759277,3.671112537384033,0.0002,1.0335955452257906,0.37619155645370483,0.07850817544385791,0.0796742842067033,0.745522141456604
2279,2279,3.551502227783203,3.6063883304595947,0.0002,1.035599355742941,0.37256699800491333,0.07851245161145926,0.0796581613831222,0.745938628911972
2280,2280,3.49639892578125,3.5591835975646973,0.0002,1.0359663997096031,0.38032352179288864,0.07847841875627637,0.07962828385643661,0.7463297098875046
2281,2281,3.4936792850494385,3.523810863494873,0.0002,1.0360326468903993,0.3756222352385521,0.07846922264434397,0.07961982861161232,0.7467437833547592
2282,2282,3.5151824951171875,3.503464698791504,0.0002,1.0360997584593694,0.3760085552930832,0.07845032517798245,0.07960846647620201,0.747143417596817
2283,2283,3.5475025177001953,3.600872039794922,0.0002,1.036154431810491,0.3742109090089798,0.07843227777630091,0.079584457911551,0.7475398182868958
2284,2284,3.550466537475586,3.550053119659424,0.0002,1.036108573021259,0.377665176987648,0.07841367134824395,0.07957068574614823,0.7479364275932312
2285,2285,3.527383327484131,3.5090882778167725,0.0002,1.036239071907305,0.3765079230070114,0.0784101712051779,0.07958151819184422,0.7483695447444916
2286,2286,3.5617623329162598,3.530489444732666,0.0002,1.0363124225599267,0.3770516663789749,0.07837168965488672,0.07951748394407332,0.7487280368804932
2287,2287,3.613776922225952,3.581251621246338,0.0002,1.0363555218209997,0.3770037293434143,0.07839357759803534,0.07953647105023265,0.7491651326417923
2288,2288,3.512324810028076,3.625901222229004,0.0002,1.0372315515187482,0.37550681829452515,0.07837080699391663,0.0795232409145683,0.7495712488889694
2289,2289,3.5077996253967285,3.6489100456237793,0.0002,1.0380611871421808,0.375908225774765,0.07833819254301488,0.07947924523614347,0.7499593198299408
2290,2290,3.5227622985839844,3.510038137435913,0.0002,1.0380162811101625,0.3767038956284523,0.07831062353216112,0.07944178255274892,0.7503446787595749
2291,2291,3.5756959915161133,3.592435836791992,0.0002,1.0378687308228312,0.3734564557671547,0.07830584025941789,0.07947055227123201,0.7507929652929306
2292,2292,3.5267276763916016,3.5644326210021973,0.0002,1.037776030103745,0.3790934458374977,0.07827703701332211,0.07943256315775216,0.7511786669492722
2293,2293,3.489978313446045,3.5706071853637695,0.0002,1.037616842444277,0.3810077980160713,0.07824910641647875,0.07938870252110064,0.7515535801649094
2294,2294,3.544006586074829,3.574383020401001,0.0002,1.0375233316672234,0.3794581741094589,0.07821775879710913,0.07937814551405609,0.7519650459289551
2295,2295,3.6289639472961426,3.5480051040649414,0.0002,1.037482804652474,0.37977374345064163,0.07820246438495815,0.07934562675654888,0.7523469477891922
2296,2296,3.5687971115112305,3.537534475326538,0.0002,1.0373938874280761,0.37736812978982925,0.07821631361730397,0.07935043820179999,0.7527716010808945
2297,2297,3.617703914642334,3.5898637771606445,0.0002,1.0372601519552724,0.38225818425416946,0.07816939265467227,0.07933471444994211,0.7531689554452896
2298,2298,3.4889767169952393,3.516000270843506,0.0002,1.0375816843275338,0.37880074232816696,0.07816146081313491,0.07929760706610978,0.7535449266433716
2299,2299,3.521289348602295,3.605621576309204,0.0002,1.0388602431612974,0.38090191036462784,0.07814855896867812,0.079293058719486,0.7539689093828201
2300,2300,3.569830894470215,3.493858814239502,0.0002,1.0387632433924767,0.38112773001194,0.07808979786932468,0.07923994469456375,0.7543307095766068
2301,2301,3.5179667472839355,3.498333215713501,0.0002,0.9875562037153041,0.3780820444226265,0.07805495895445347,0.07919731410220265,0.7547061294317245
2302,2302,3.634711265563965,3.5871450901031494,0.0002,0.9909742483420086,0.3812108784914017,0.07802022364921868,0.07916695903986692,0.7550941854715347
2303,2303,3.543843984603882,3.530832052230835,0.0002,0.9937803199118019,0.375553235411644,0.07803052966482937,0.07919770246371627,0.7555412501096725
2304,2304,3.5309627056121826,3.5557808876037598,0.0002,0.998100427363459,0.37965821474790573,0.07803079322911799,0.0791614018380642,0.7559127509593964
2305,2305,3.508838415145874,3.619777202606201,0.0002,1.0019154022881214,0.378509059548378,0.07799389469437301,0.07914214697666466,0.7563061863183975
2306,2306,3.5538735389709473,3.5616791248321533,0.0002,1.0068896409813388,0.3785961791872978,0.07799345883540809,0.0791463702917099,0.7567257434129715
2307,2307,3.5806872844696045,3.5448548793792725,0.0002,1.01024467433976,0.37994668632745743,0.07796634756959975,0.0791241591796279,0.7571287602186203
2308,2308,3.545419454574585,3.476388454437256,0.0002,1.0128923454637044,0.38062383234500885,0.07790951291099191,0.07904728595167398,0.7574678361415863
2309,2309,3.5599403381347656,3.510755777359009,0.0002,0.9633220303280544,0.3791636526584625,0.07793318387120962,0.07906484347768128,0.7579091042280197
2310,2310,3.528836727142334,3.5429415702819824,0.0002,0.9709739531414672,0.37946343421936035,0.07790389517322183,0.07906918646767735,0.7583227902650833
2311,2311,3.599501609802246,3.5823917388916016,0.0002,0.9775848367417581,0.3785600960254669,0.07785103470087051,0.07898627640679479,0.7586679756641388
2312,2312,3.5321872234344482,3.541123151779175,0.0002,0.9835535937052527,0.37816887348890305,0.0778677947819233,0.07901367475278676,0.7591196298599243
2313,2313,3.5396242141723633,3.534421443939209,0.0002,0.9888435043274562,0.3774956911802292,0.07784873805940151,0.07899107970297337,0.7595207095146179
2314,2314,3.503716468811035,3.5452260971069336,0.0002,0.9936643466731105,0.3813614994287491,0.07781493058428168,0.07895799516700208,0.7599110901355743
2315,2315,3.535228729248047,3.660177230834961,0.0002,0.9961358961325757,0.3796122819185257,0.07778559532016516,0.07894444325938821,0.7603169232606888
2316,2316,3.4879934787750244,3.5182571411132812,0.0002,0.9983977159149449,0.3805600553750992,0.0777538763359189,0.0789082981646061,0.7607119977474213
2317,2317,3.5522520542144775,3.5192599296569824,0.0002,1.0003135197936432,0.38009799271821976,0.07774433493614197,0.07886444218456745,0.7610892653465271
2318,2318,3.5275962352752686,3.544872760772705,0.0002,1.0040398498975691,0.3811871036887169,0.07770280283875763,0.0788707179017365,0.7615116238594055
2319,2319,3.5601646900177,3.5794754028320312,0.0002,1.0072608825688205,0.3832343816757202,0.07768104807473719,0.07880735630169511,0.7618726491928101
2320,2320,3.4969890117645264,3.573495864868164,0.0002,1.0101752206356487,0.38167544454336166,0.07770494068972766,0.07886247895658016,0.7623335272073746
2321,2321,3.494875907897949,3.551853656768799,0.0002,1.012805610756925,0.3806615099310875,0.07760037365369499,0.078754244139418,0.7626474350690842
2322,2322,3.5555639266967773,3.5487236976623535,0.0002,1.0151540291321728,0.37883739173412323,0.0776600616518408,0.07880849437788129,0.7631173878908157
2323,2323,3.5125038623809814,3.5186595916748047,0.0002,1.0174979089582281,0.38271287083625793,0.07759566372260451,0.0787481942679733,0.7634674608707428
2324,2324,3.5418877601623535,3.5570530891418457,0.0002,1.0208432189263883,0.37721359729766846,0.0775593495927751,0.07871424872428179,0.7638530731201172
2325,2325,3.538320541381836,3.5317506790161133,0.0002,1.022723967129932,0.3821571171283722,0.07756484299898148,0.07869679457508028,0.7642570734024048
2326,2326,3.53975248336792,3.56411075592041,0.0002,1.02412767436873,0.38236095756292343,0.07755771349184215,0.07870452012866735,0.7646777927875519
2327,2327,3.5751070976257324,3.5337164402008057,0.0002,1.025301203046746,0.37859997153282166,0.07751689525321126,0.07865648274309933,0.7650440484285355
2328,2328,3.5704517364501953,3.471750020980835,0.0002,1.026520380615813,0.3836268112063408,0.07750076754018664,0.07864915276877582,0.7654646039009094
2329,2329,3.460207462310791,3.5926942825317383,0.0002,0.9747609901382928,0.3808746188879013,0.07747127092443407,0.07862585596740246,0.7658636122941971
2330,2330,3.4962894916534424,3.5547022819519043,0.0002,0.9791969018009806,0.38075561821460724,0.07743734144605696,0.0786023533437401,0.7662625163793564
2331,2331,3.568605661392212,3.556628704071045,0.0002,0.9831296522505346,0.3791685849428177,0.07742468942888081,0.07857555709779263,0.766663521528244
2332,2332,3.5849390029907227,3.566596269607544,0.0002,0.98958815863943,0.38403332978487015,0.07740758010186255,0.0785532807931304,0.7670669257640839
2333,2333,3.518954038619995,3.5957231521606445,0.0002,0.9949371504644832,0.3849651664495468,0.07735180365853012,0.07849515439011157,0.767437756061554
2334,2334,3.463418960571289,3.5790934562683105,0.0002,0.9991777333507658,0.38242265582084656,0.07734464341774583,0.07847805973142385,0.7678405940532684
2335,2335,3.5369396209716797,3.611462354660034,0.0002,1.0028849776766973,0.3781841993331909,0.07735213870182633,0.07850311743095517,0.7682929933071136
2336,2336,3.498647928237915,3.5271129608154297,0.0002,1.0062289812053422,0.38072602450847626,0.07730378885753453,0.0784458580892533,0.7686619907617569
2337,2337,3.5665040016174316,3.5359859466552734,0.0002,1.009367295767008,0.3810226768255234,0.07726149284280837,0.07840656116604805,0.7690621316432953
2338,2338,3.5301198959350586,3.4822208881378174,0.0002,1.01210402651248,0.3844163343310356,0.07725207274779677,0.07839190098457038,0.7694779485464096
2339,2339,3.4891862869262695,3.510890245437622,0.0002,1.0145692871987244,0.3835887238383293,0.07722140662372112,0.07834166148677468,0.7698418200016022
2340,2340,3.5286850929260254,3.536466121673584,0.0002,1.0167946314240952,0.38230376690626144,0.07717080437578261,0.07830683933570981,0.770235002040863
2341,2341,3.5141096115112305,3.6001691818237305,0.0002,1.0187107021364281,0.37944985926151276,0.07715903338976204,0.07829720014706254,0.7706647664308548
2342,2342,3.565418243408203,3.5455305576324463,0.0002,1.018801053450647,0.38213562965393066,0.07712774234823883,0.07826423551887274,0.7710471451282501
2343,2343,3.5276458263397217,3.5646820068359375,0.0002,1.0186828906213448,0.383358895778656,0.07706350111402571,0.07821057410910726,0.7714066207408905
2344,2344,3.597961187362671,3.556554079055786,0.0002,1.0186827789298165,0.3831588476896286,0.07705249986611307,0.07818672806024551,0.7718125283718109
2345,2345,3.4927237033843994,3.5501041412353516,0.0002,1.0205082326321413,0.3826247453689575,0.07703614747151732,0.07819028780795634,0.7722465395927429
2346,2346,3.4950618743896484,3.5316271781921387,0.0002,1.0221233801392733,0.38089364767074585,0.07698051235638559,0.07811340573243797,0.7725826054811478
2347,2347,3.5411224365234375,3.5754716396331787,0.0002,1.023655927801442,0.38120225071907043,0.07694521686062217,0.07808103784918785,0.7729767113924026
2348,2348,3.495863914489746,3.5611257553100586,0.0002,1.0248854289463054,0.3832423537969589,0.07694204105064273,0.07807049574330449,0.7733962535858154
2349,2349,3.541104793548584,3.5604147911071777,0.0002,1.026111778733315,0.38125744462013245,0.07691962970420718,0.0780373876914382,0.7737755924463272
2350,2350,3.508159875869751,3.562168836593628,0.0002,1.0271648095401007,0.3830007016658783,0.07689940161071718,0.07804158143699169,0.7742128223180771
2351,2351,3.5004119873046875,3.534996747970581,0.0002,1.0295746791784088,0.3830648437142372,0.0768442356493324,0.07795945229008794,0.774536594748497
2352,2352,3.530092239379883,3.4929394721984863,0.0002,1.0306674215707747,0.3833036869764328,0.07681348780170083,0.07793054520152509,0.7749408632516861
2353,2353,3.542369842529297,3.5892062187194824,0.0002,1.0313243917639188,0.3840801790356636,0.07680306560359895,0.0779218696989119,0.7753680795431137
2354,2354,3.492138385772705,3.560208320617676,0.0002,1.03168727906063,0.37964868545532227,0.07675051619298756,0.07788333459757268,0.775768980383873
2355,2355,3.5641565322875977,3.5721559524536133,0.0002,1.0323221497726989,0.3816736564040184,0.07670428021810949,0.07779346499592066,0.776096984744072
2356,2356,3.5281970500946045,3.5504372119903564,0.0002,1.032723316590491,0.3792811259627342,0.07667470700107515,0.07777865463867784,0.7765097320079803
2357,2357,3.522463321685791,3.5679593086242676,0.0002,1.0331438350022086,0.38274066895246506,0.07663834351114929,0.07776368199847639,0.776924341917038
2358,2358,3.5180673599243164,3.5256612300872803,0.0002,1.033406951300939,0.38284627348184586,0.0765798632055521,0.07767263520509005,0.7772420644760132
2359,2359,3.5425400733947754,3.562084674835205,0.0002,1.0336877524950994,0.38740716129541397,0.07655837759375572,0.07764186803251505,0.7776499837636948
2360,2360,3.480048894882202,3.5079030990600586,0.0002,1.033993759365719,0.38784343004226685,0.07654603361152112,0.07766309916041791,0.7781002372503281
2361,2361,3.497122049331665,3.4969639778137207,0.0002,1.0359868812804454,0.3836953118443489,0.0764621936250478,0.07753213285468519,0.7783553600311279
2362,2362,3.5420899391174316,3.553161144256592,0.0002,1.036293482414424,0.38599955290555954,0.07639028108678758,0.07752763410098851,0.7787909954786301
2363,2363,3.551295757293701,3.54825758934021,0.0002,1.0363411193646068,0.3803197517991066,0.07638753578066826,0.07750208931975067,0.7791822403669357
2364,2364,3.5184128284454346,3.5089316368103027,0.0002,1.036352717776872,0.3856802359223366,0.07633084827102721,0.07742613647133112,0.7795012891292572
2365,2365,3.565060615539551,3.5348806381225586,0.0002,1.03631737935679,0.3842243328690529,0.07629445567727089,0.07740651862695813,0.7799157798290253
2366,2366,3.4679672718048096,3.5086114406585693,0.0002,1.0364269976092828,0.3844088762998581,0.07625542115420103,0.07736424938775599,0.7802926748991013
2367,2367,3.5667173862457275,3.6159396171569824,0.0002,1.0363354176607706,0.38776347041130066,0.07621458289213479,0.0773144830018282,0.7806762009859085
2368,2368,3.5242671966552734,3.5302820205688477,0.0002,1.0364361738274244,0.3834463879466057,0.07612919923849404,0.07724655093625188,0.7810056954622269
2369,2369,3.5063655376434326,3.5651798248291016,0.0002,1.0364510387452395,0.38596111536026,0.07612703833729029,0.07721474696882069,0.7813938856124878
2370,2370,3.436929702758789,3.541043281555176,0.0002,1.0380084495230788,0.384868785738945,0.07606250955723226,0.07718790112994611,0.7818036675453186
2371,2371,3.510183334350586,3.510610818862915,0.0002,1.0382161142347541,0.38717834651470184,0.07603332749567926,0.07712120609357953,0.7821383774280548
2372,2372,3.5766139030456543,3.52962064743042,0.0002,1.0380644385036726,0.38554593175649643,0.07600614568218589,0.07708424283191562,0.7825350165367126
2373,2373,3.5076262950897217,3.4585981369018555,0.0002,1.0379393862688224,0.3870823606848717,0.07595855533145368,0.07702672225423157,0.7828873991966248
2374,2374,3.5141406059265137,3.5690369606018066,0.0002,0.9845617395313409,0.38503721356391907,0.07590887206606567,0.0770059518981725,0.7833078652620316
2375,2375,3.507575035095215,3.526442050933838,0.0002,0.9881514370969182,0.38618553429841995,0.07587103778496385,0.07697313278913498,0.7836944460868835
2376,2376,3.5523245334625244,3.5734951496124268,0.0002,0.9929569094146858,0.38303694874048233,0.07585050840862095,0.07695148256607354,0.784120187163353
2377,2377,3.535477876663208,3.55721378326416,0.0002,0.9973589171144381,0.38658179342746735,0.07580395042896271,0.076871502911672,0.7844361662864685
2378,2378,3.530721426010132,3.4949116706848145,0.0002,1.0021108821196971,0.387088842689991,0.0757722957059741,0.07686080946587026,0.7848939746618271
2379,2379,3.5799291133880615,3.529942035675049,0.0002,1.0064458636242293,0.3855464309453964,0.07573901326395571,0.07682335656136274,0.7852953523397446
2380,2380,3.5497946739196777,3.544832706451416,0.0002,1.0096053175823427,0.38639189302921295,0.0756995442789048,0.07677425630390644,0.7856806367635727
2381,2381,3.426629066467285,3.626382827758789,0.0002,1.0122944595451997,0.38650161772966385,0.07565525267273188,0.07672268291935325,0.7860772013664246
2382,2382,3.5034351348876953,3.5666685104370117,0.0002,1.0147248173072905,0.38820502907037735,0.07559493859298527,0.07666648994199932,0.7864537686109543
2383,2383,3.5082523822784424,3.6011781692504883,0.0002,1.016930202023001,0.39130281656980515,0.07557978038676083,0.07665832596831024,0.7869197726249695
2384,2384,3.5084829330444336,3.5294976234436035,0.0002,1.0188798097560234,0.3878954350948334,0.07548766676336527,0.07655990892089903,0.7872311323881149
2385,2385,3.5180277824401855,3.5737173557281494,0.0002,1.0206952581349782,0.38700611889362335,0.07547315838746727,0.07653661631047726,0.7876596748828888
2386,2386,3.4992313385009766,3.494415521621704,0.0002,1.022278048459217,0.39059021323919296,0.07545558363199234,0.0765347930137068,0.788114994764328
2387,2387,3.539978504180908,3.5469985008239746,0.0002,1.023688468418926,0.38427921384572983,0.07540140417404473,0.07648076326586306,0.7884912341833115
2388,2388,3.457728862762451,3.4651451110839844,0.0002,1.0265244047081001,0.38766568154096603,0.0753433529753238,0.07644605287350714,0.7889095544815063
2389,2389,3.525463581085205,3.5764474868774414,0.0002,1.0277781386395894,0.3863639757037163,0.07530295057222247,0.07638094061985612,0.7892744839191437
2390,2390,3.5244758129119873,3.5254483222961426,0.0002,1.0288162924821624,0.3835037872195244,0.07528855162672698,0.07636517425999045,0.7897326797246933
2391,2391,3.471064567565918,3.593437433242798,0.0002,1.0295455969837173,0.3871751055121422,0.07520707347430289,0.0762796204071492,0.7900773286819458
2392,2392,3.462103843688965,3.5246317386627197,0.0002,1.030243793838955,0.38675814121961594,0.07521964889019728,0.0762701400090009,0.7905376553535461
2393,2393,3.4925355911254883,3.587451934814453,0.0002,1.030880099134423,0.38700534403324127,0.07517786254175007,0.07624326157383621,0.7909571975469589
2394,2394,3.5449435710906982,3.5892467498779297,0.0002,1.0315325630746948,0.39108675718307495,0.07513853162527084,0.07621870306320488,0.7913954555988312
2395,2395,3.4803833961486816,3.5815622806549072,0.0002,1.0320448370093982,0.38740138709545135,0.07509307097643614,0.07612037449143827,0.7916969805955887
2396,2396,3.4946906566619873,3.531754970550537,0.0002,1.0324235705428255,0.3872081860899925,0.0750692836008966,0.07613358180969954,0.7921833246946335
2397,2397,3.524970293045044,3.5126099586486816,0.0002,1.0339333397145922,0.3900618553161621,0.07505799061618745,0.07609640480950475,0.7925969809293747
2398,2398,3.589202880859375,3.5443568229675293,0.0002,1.0349241355650798,0.3905579522252083,0.07501135324127972,0.07605636049993336,0.7929916083812714
2399,2399,3.4232728481292725,3.620236396789551,0.0002,1.0352057351262383,0.3888651579618454,0.07497916650027037,0.07601597113534808,0.7933846265077591
2400,2400,3.477006435394287,3.5747129917144775,0.0002,1.0365295800652323,0.3878321349620819,0.0749568254686892,0.07601347053423524,0.7938382476568222
2401,2401,3.5587477684020996,3.501624345779419,0.0002,1.0353623483197782,0.3864172175526619,0.07488959608599544,0.07591511681675911,0.7941336631774902
2402,2402,3.458901882171631,3.4513964653015137,0.0002,1.0356093978580485,0.3896332085132599,0.07488122140057385,0.07591194426640868,0.7945778071880341
2403,2403,3.4166946411132812,3.5184569358825684,0.0002,0.9828698574340248,0.3906407356262207,0.0748260507825762,0.075865110848099,0.7949501425027847
2404,2404,3.5305638313293457,3.593144416809082,0.0002,0.9867295836952141,0.39093776792287827,0.07479645241983235,0.07582871057093143,0.7953447997570038
2405,2405,3.5359339714050293,3.595273733139038,0.0002,0.9898882328880929,0.39014294743537903,0.07469878788106143,0.07575829816050828,0.7956731021404266
2406,2406,3.511150360107422,3.498776435852051,0.0002,0.9927616319555127,0.38822977244853973,0.074713793117553,0.07573313149623573,0.7960885614156723
2407,2407,3.4920077323913574,3.6310558319091797,0.0002,0.99694831344193,0.39196110516786575,0.07465465669520199,0.0757006707135588,0.7964747548103333
2408,2408,3.4656951427459717,3.57944917678833,0.0002,0.9992677751323021,0.392344705760479,0.07459867652505636,0.07562330388464034,0.796773761510849
2409,2409,3.4811789989471436,3.5112533569335938,0.0002,1.0011747306142027,0.39129478484392166,0.07455261633731425,0.07560200500302017,0.7971679717302322
2410,2410,3.5103917121887207,3.486802339553833,0.0002,1.0047179422321457,0.3908834755420685,0.07452282519079745,0.07552379253320396,0.7974612861871719
2411,2411,3.4654083251953125,3.5062522888183594,0.0002,1.007938998079698,0.3873456120491028,0.0744890479836613,0.07549525937065482,0.7978502064943314
2412,2412,3.5473361015319824,3.497851848602295,0.0002,1.0107842036733672,0.39224720001220703,0.07444043504074216,0.07544249016791582,0.7981948703527451
2413,2413,3.524120569229126,3.5412991046905518,0.0002,1.0134065676372663,0.38854576647281647,0.07436891715042293,0.07539443648420274,0.7985524982213974
2414,2414,3.4918885231018066,3.544626235961914,0.0002,1.0157398117912866,0.39111658930778503,0.07433422934263945,0.07535953703336418,0.7989434897899628
2415,2415,3.517155408859253,3.5537800788879395,0.0002,1.0194196367727586,0.3920619413256645,0.07426140829920769,0.07527448073960841,0.799203559756279
2416,2416,3.5139737129211426,3.5528364181518555,0.0002,1.021390929162924,0.39322665333747864,0.07421247567981482,0.07524074474349618,0.799608051776886
2417,2417,3.5249199867248535,3.58441162109375,0.0002,1.0229746665624952,0.390266016125679,0.07417885307222605,0.07519474788568914,0.7999930828809738
2418,2418,3.560206890106201,3.5573172569274902,0.0002,1.0242846132763672,0.39202263206243515,0.07413000799715519,0.07515075290575624,0.8003944605588913
2419,2419,3.6093101501464844,3.5092902183532715,0.0002,1.025542391063165,0.39135847985744476,0.07406914234161377,0.07506276480853558,0.800671249628067
2420,2420,3.4397244453430176,3.4977986812591553,0.0002,1.0266321009040364,0.38975686579942703,0.07403587130829692,0.07504496979527175,0.8011402934789658
2421,2421,3.595453977584839,3.4881672859191895,0.0002,1.0276824606743487,0.3911069557070732,0.07399491616524756,0.07501820428296924,0.801582932472229
2422,2422,3.5502755641937256,3.560340404510498,0.0002,1.0285418734275513,0.39119023084640503,0.07394202309660614,0.07491753762587905,0.8018375635147095
2423,2423,3.508824348449707,3.4512195587158203,0.0002,1.0293964058908047,0.3944283500313759,0.07388364966027439,0.07489710696972907,0.8022557199001312
2424,2424,3.4905154705047607,3.5812854766845703,0.0002,0.9773277628528223,0.38756749778985977,0.07383249723352492,0.07484643324278295,0.8026597946882248
2425,2425,3.547386646270752,3.504040241241455,0.0002,0.9816408580862515,0.39128437638282776,0.07384660234674811,0.07486424478702247,0.8031927794218063
2426,2426,3.5156235694885254,3.533723831176758,0.0002,0.9870371235566946,0.390718936920166,0.07378501212224364,0.07477870234288275,0.8034765869379044
2427,2427,3.576723575592041,3.595628261566162,0.0002,0.9920267020321881,0.39144962280988693,0.07375049311667681,0.07475641462951899,0.8039154410362244
2428,2428,3.517176389694214,3.4784061908721924,0.0002,0.9964763479667059,0.39170680940151215,0.073669453850016,0.07462574495002627,0.8041030913591385
2429,2429,3.5603232383728027,3.5150656700134277,0.0002,1.0005347876828468,0.39219675213098526,0.07364426483400166,0.0746579822152853,0.8046716004610062
2430,2430,3.4768881797790527,3.5632529258728027,0.0002,1.0041627005300793,0.392732635140419,0.07356700440868735,0.07457506726495922,0.8049977719783783
2431,2431,3.5070090293884277,3.5494604110717773,0.0002,1.0074485373031017,0.392792247235775,0.07354495883919299,0.0745606953278184,0.8054448813199997
2432,2432,3.540525436401367,3.4910993576049805,0.0002,1.0103604040376837,0.3916069492697716,0.07349266787059605,0.07446775399148464,0.8057359158992767
2433,2433,3.5013246536254883,3.5831751823425293,0.0002,1.0146354211039603,0.3903433009982109,0.07344495202414691,0.07443194044753909,0.8061508983373642
2434,2434,3.488551616668701,3.4789323806762695,0.0002,1.0170541599004657,0.38997550308704376,0.07341012847609818,0.0744072855450213,0.8065836131572723
2435,2435,3.5007176399230957,3.5014426708221436,0.0002,1.0190565819370343,0.39271584153175354,0.07335915230214596,0.07432851777411997,0.8068915158510208
2436,2436,3.549187421798706,3.5203194618225098,0.0002,1.0208116084226941,0.39311596006155014,0.07327225618064404,0.07424917002208531,0.8071999549865723
2437,2437,3.533442974090576,3.544679641723633,0.0002,1.02239069177654,0.38953931629657745,0.07325436756946146,0.07423534197732806,0.8076612651348114
2438,2438,3.5063958168029785,3.5635061264038086,0.0002,1.0238153907658059,0.3924047648906708,0.07322355173528194,0.07421938818879426,0.8081233352422714
2439,2439,3.467047691345215,3.5425262451171875,0.0002,1.0249173243351026,0.3884415403008461,0.07317122677341104,0.07412886735983193,0.8083948791027069
2440,2440,3.508516311645508,3.530548572540283,0.0002,1.0261916595496337,0.39543768763542175,0.07311143260449171,0.07407951238565147,0.8087577968835831
2441,2441,3.5045621395111084,3.464310646057129,0.0002,1.0272838588288302,0.39541590958833694,0.07304433383978903,0.07399808731861413,0.80906181037426
2442,2442,3.578409194946289,3.5143957138061523,0.0002,1.0297883933428489,0.3939870223402977,0.07297893078066409,0.07391949114389718,0.8093615174293518
2443,2443,3.487316846847534,3.489298105239868,0.0002,1.0307896908639778,0.39270199090242386,0.07290859567001462,0.07386661996133626,0.809717983007431
2444,2444,3.5076751708984375,3.6270394325256348,0.0002,1.0314009273646543,0.3937710374593735,0.07291507953777909,0.0738566848449409,0.8101887851953506
2445,2445,3.5368547439575195,3.508580207824707,0.0002,1.0317978906080907,0.39106277376413345,0.0728417644277215,0.07380985398776829,0.8105694949626923
2446,2446,3.501974582672119,3.483081817626953,0.0002,1.0323528405928393,0.39310475438833237,0.07276191678829491,0.07372595253400505,0.8108194470405579
2447,2447,3.4449782371520996,3.5344417095184326,0.0002,1.0328073213864615,0.393075093626976,0.07273609680123627,0.07370178075507283,0.8112727999687195
2448,2448,3.5087292194366455,3.536480665206909,0.0002,1.0331388432016326,0.3946795091032982,0.07265884592197835,0.07360200607217848,0.8115133494138718
2449,2449,3.5102500915527344,3.5016655921936035,0.0002,1.0334913701837325,0.3931921571493149,0.07262448268011212,0.07358342898078263,0.8119928389787674
2450,2450,3.507457733154297,3.4942879676818848,0.0002,1.0338707969727086,0.3933882787823677,0.07259935443289578,0.07359106373041868,0.812545970082283
2451,2451,3.5199387073516846,3.5535154342651367,0.0002,1.0341298679839028,0.39749500900506973,0.07254599872976542,0.07350663933902979,0.812828004360199
2452,2452,3.4515695571899414,3.538689613342285,0.0002,1.033485832876502,0.3932236507534981,0.07247213134542108,0.07342770439572632,0.8131107091903687
2453,2453,3.458280563354492,3.51277494430542,0.0002,1.0329196241491887,0.3929390460252762,0.07242730748839676,0.073382604168728,0.8135441094636917
2454,2454,3.490616798400879,3.563383102416992,0.0002,1.0314477934928734,0.3936600536108017,0.07245179242454469,0.07336243311874568,0.8140113353729248
2455,2455,3.473705291748047,3.4990808963775635,0.0002,1.0331240064936626,0.3911125212907791,0.07240296015515924,0.0733642962295562,0.8145595490932465
2456,2456,3.532609224319458,3.488429069519043,0.0002,1.0322814040013295,0.3934791833162308,0.07231115060858428,0.07325682207010686,0.814775362610817
2457,2457,3.5289082527160645,3.470292091369629,0.0002,1.0309525034024027,0.39346759021282196,0.07230432610958815,0.07327197748236358,0.8153322637081146
2458,2458,3.5005645751953125,3.4479198455810547,0.0002,1.0315263076345578,0.39489515125751495,0.07227227161638439,0.07319836621172726,0.8156494051218033
2459,2459,3.6629390716552734,3.5303144454956055,0.0002,0.9783040457546504,0.3915104418992996,0.07225922890938818,0.07318495283834636,0.8161330968141556
2460,2460,3.517888069152832,3.4893932342529297,0.0002,0.9863772045011386,0.39222583174705505,0.07218873896636069,0.07311531133018434,0.8164508640766144
2461,2461,3.424720048904419,3.5161795616149902,0.0002,0.9914305711176759,0.3953009322285652,0.07217363198287785,0.07312109554186463,0.8169542253017426
2462,2462,3.552257537841797,3.511445999145508,0.0002,0.9959169336744296,0.3923620730638504,0.07214043731801212,0.07306469953618944,0.8172922134399414
2463,2463,3.501434564590454,3.5412538051605225,0.0002,1.0001124985783403,0.3903360143303871,0.07211056142114103,0.0730220538098365,0.8176994621753693
2464,2464,3.477003335952759,3.511538505554199,0.0002,1.0037910135734123,0.39362187683582306,0.07204830716364086,0.07297397637739778,0.8180501610040665
2465,2465,3.5038678646087646,3.514429807662964,0.0002,1.0070805262340836,0.3905078247189522,0.07202395377680659,0.07296175416558981,0.8185075968503952
2466,2466,3.4854965209960938,3.4639110565185547,0.0002,1.0099895686005178,0.39452797919511795,0.07197317224927247,0.07288919342681766,0.818817675113678
2467,2467,3.52056622505188,3.5138099193573,0.0002,1.0126050661091262,0.3940393924713135,0.07194407959468663,0.07287927973084152,0.8192818462848663
2468,2468,3.481189727783203,3.590762138366699,0.0002,1.0150356465648644,0.39388734847307205,0.07187855220399797,0.07278167316690087,0.8195241987705231
2469,2469,3.5061941146850586,3.5287463665008545,0.0002,1.0181090756523437,0.39671491086483,0.07187357847578824,0.07274396438151598,0.8199230283498764
2470,2470,3.571751594543457,3.479498863220215,0.0002,1.0208805417903688,0.3943966329097748,0.0718390392139554,0.07276540203019977,0.820454478263855
2471,2471,3.5138697624206543,3.538696050643921,0.0002,1.0225263444349875,0.39713849127292633,0.07176853204146028,0.07266687625087798,0.8206918090581894
2472,2472,3.545886754989624,3.483733654022217,0.0002,1.0239573049594148,0.39664018154144287,0.07171388971619308,0.07261941418983042,0.8210698366165161
2473,2473,3.462071418762207,3.442399263381958,0.0002,1.0252376784152646,0.39507290720939636,0.07169154519215226,0.0726106942165643,0.8215252012014389
2474,2474,3.4474103450775146,3.544562816619873,0.0002,0.9744225250960488,0.3959917351603508,0.07163387653417885,0.07252550730481744,0.8218086659908295
2475,2475,3.581010103225708,3.5283942222595215,0.0002,0.9810984289065673,0.3944992944598198,0.07157156127505004,0.07250363100320101,0.8222680538892746
2476,2476,3.513383626937866,3.52467679977417,0.0002,0.9865779611943586,0.3949814960360527,0.07152907899580896,0.07245035236701369,0.8226216286420822
2477,2477,3.482534885406494,3.4779486656188965,0.0002,0.9915799687915335,0.3966183736920357,0.07147799083031714,0.07237304514274001,0.8229444921016693
2478,2478,3.607522487640381,3.5348587036132812,0.0002,0.994380836531556,0.395730160176754,0.07141258125193417,0.0722922645509243,0.8232375681400299
2479,2479,3.49766206741333,3.503322124481201,0.0002,0.9985369669551469,0.3937333673238754,0.071381910238415,0.07229695469141006,0.8237834125757217
2480,2480,3.4602267742156982,3.5409464836120605,0.0002,1.0023311824444734,0.39735034853219986,0.07131932047195733,0.07220581267029047,0.8240465670824051
2481,2481,3.443887710571289,3.48488450050354,0.0002,1.0058411851021405,0.3951474130153656,0.07127879792824388,0.07217598147690296,0.8244825303554535
2482,2482,3.4339427947998047,3.5183145999908447,0.0002,1.007098026722046,0.3972812816500664,0.07118909922428429,0.07211643736809492,0.8248583078384399
2483,2483,3.5308055877685547,3.584803581237793,0.0002,1.0100519922167612,0.3954417482018471,0.07116998010315001,0.0720828587654978,0.825298398733139
2484,2484,3.5283334255218506,3.5599608421325684,0.0002,1.0127136448330096,0.3942934051156044,0.07111756061203778,0.07200989173725247,0.8256211131811142
2485,2485,3.523782730102539,3.486013412475586,0.0002,1.0150743414022605,0.3947727382183075,0.07108252146281302,0.07194940932095051,0.8259761780500412
2486,2486,3.4726667404174805,3.4988503456115723,0.0002,1.0172588758232495,0.39011629670858383,0.07101134373806417,0.0719011768233031,0.826354593038559
2487,2487,3.551741123199463,3.496443748474121,0.0002,1.0191681310783678,0.39513708651065826,0.07096465514041483,0.07180850417353213,0.8266234248876572
2488,2488,3.4709560871124268,3.473600149154663,0.0002,1.0207809040931066,0.3945803940296173,0.07090571755543351,0.07176598929800093,0.8270348161458969
2489,2489,3.448836326599121,3.5120468139648438,0.0002,1.022549717011646,0.39550334960222244,0.07086711493320763,0.07173057273030281,0.8274813145399094
2490,2490,3.462406873703003,3.5296597480773926,0.0002,1.0239320895350683,0.3964976370334625,0.07078543002717197,0.0716644306667149,0.827841654419899
2491,2491,3.4357266426086426,3.4824657440185547,0.0002,1.025089560841379,0.3998720347881317,0.07073095184750855,0.07154698809608817,0.8280095756053925
2492,2492,3.4701244831085205,3.538057327270508,0.0002,1.026226315105967,0.3922173082828522,0.07065401063300669,0.0715474986936897,0.828618511557579
2493,2493,3.4170613288879395,3.4886319637298584,0.0002,1.027395357669336,0.397742822766304,0.07060301722958684,0.07148599019274116,0.828998014330864
2494,2494,3.5269839763641357,3.4675142765045166,0.0002,1.028282160126396,0.39789772778749466,0.07052532047964633,0.07140100630931556,0.8292940855026245
2495,2495,3.566478729248047,3.4984049797058105,0.0002,1.0291335731147706,0.39968588948249817,0.07043454446829855,0.07130504888482392,0.8295399248600006
2496,2496,3.5782060623168945,3.6011741161346436,0.0002,1.0299315810374532,0.3971455693244934,0.07039061398245394,0.07124031404964626,0.8298889100551605
2497,2497,3.4715805053710938,3.5125718116760254,0.0002,1.032384220873827,0.3943496569991112,0.07032402651384473,0.07118194177746773,0.8303065448999405
2498,2498,3.4716053009033203,3.4928793907165527,0.0002,1.0328620143227532,0.3986024633049965,0.07025871612131596,0.07111669168807566,0.8306582272052765
2499,2499,3.4689629077911377,3.505931854248047,0.0002,1.0332814465342093,0.39255648851394653,0.07022633333690464,0.07109323889017105,0.8311362266540527
2500,2500,3.536562919616699,3.5699875354766846,0.0002,1.0335242054231133,0.3975731357932091,0.07013336359523237,0.07099262019619346,0.8313810676336288
2501,2501,3.461189031600952,3.492241382598877,0.0002,1.0338060471895731,0.39637330919504166,0.07006865763105452,0.07091228826902807,0.8316794335842133
2502,2502,3.5210704803466797,3.4390578269958496,0.0002,1.0342149085963073,0.3966502770781517,0.07004886190406978,0.0709109497256577,0.832267239689827
2503,2503,3.5114152431488037,3.5075933933258057,0.0002,0.9844493565814383,0.3967171683907509,0.07000327971763909,0.07088230503723025,0.8327486962080002
2504,2504,3.48811411857605,3.495436668395996,0.0002,0.9899128082422617,0.39839962124824524,0.0699195854831487,0.07078905589878559,0.833027794957161
2505,2505,3.478107452392578,3.506282329559326,0.0002,0.9961975905784113,0.3962598517537117,0.06988334329798818,0.07076148223131895,0.8334954380989075
2506,2506,3.445374011993408,3.473357677459717,0.0002,1.0005158810195096,0.3979833498597145,0.06980575295165181,0.07065396499820054,0.8337117433547974
2507,2507,3.498201370239258,3.5920615196228027,0.0002,1.0040400336325905,0.3975145220756531,0.06976156169548631,0.07061345549300313,0.8341827243566513
2508,2508,3.485126495361328,3.468069076538086,0.0002,1.0074179900735014,0.3999497890472412,0.06969356467016041,0.07055472629144788,0.8345669358968735
2509,2509,3.4710888862609863,3.4807047843933105,0.0002,1.0102770043691705,0.39662280678749084,0.06963887298479676,0.07044797949492931,0.8347727507352829
2510,2510,3.442718505859375,3.573188304901123,0.0002,1.0129315768774965,0.3961711451411247,0.0695557042490691,0.07039570948109031,0.8352136611938477
2511,2511,3.4686942100524902,3.5410683155059814,0.0002,1.0153347954486036,0.40096235275268555,0.0695326067507267,0.07036101608537138,0.8357031643390656
2512,2512,3.5460143089294434,3.4537322521209717,0.0002,1.0174241327012346,0.39829331636428833,0.06942893238738179,0.07024637050926685,0.8359065055847168
2513,2513,3.497605800628662,3.572953224182129,0.0002,1.0193675178450954,0.4003838151693344,0.06932920287363231,0.0701502007432282,0.8361983448266983
2514,2514,3.478651285171509,3.4506382942199707,0.0002,1.0219047507871977,0.3974592164158821,0.06925012660212815,0.07007948774844408,0.8365959376096725
2515,2515,3.40912127494812,3.5234389305114746,0.0002,1.024192287407588,0.3998519852757454,0.06916066538542509,0.06993563030846417,0.8366584777832031
2516,2516,3.410644054412842,3.5080811977386475,0.0002,1.0256509160582072,0.3992382362484932,0.06907727336511016,0.0699106534011662,0.8372792452573776
2517,2517,3.48221492767334,3.524587631225586,0.0002,1.0267491521098528,0.39707333594560623,0.06898580235429108,0.0698197353631258,0.8375975787639618
2518,2518,3.5159409046173096,3.5140228271484375,0.0002,1.0277336001397173,0.3988739848136902,0.06884622573852539,0.06968071451410651,0.8377038389444351
2519,2519,3.5537545680999756,3.514674186706543,0.0002,1.02866190611643,0.3939584866166115,0.06881037540733814,0.06966176955029368,0.8383629024028778
2520,2520,3.5146586894989014,3.454376697540283,0.0002,1.0294709382317253,0.40010520815849304,0.06867933995090425,0.06948541523888707,0.8382751196622849
2521,2521,3.4330615997314453,3.495152235031128,0.0002,1.0300907906001613,0.399017296731472,0.06853143055923283,0.06934374873526394,0.8383950293064117
2522,2522,3.5031142234802246,3.6161088943481445,0.0002,1.0308279208361302,0.3989182189106941,0.06851237872615457,0.06939527904614806,0.8394264131784439
2523,2523,3.5102827548980713,3.5018606185913086,0.0002,1.0314084564099837,0.4008880481123924,0.06838678941130638,0.06924369418993592,0.8395048379898071
2524,2524,3.420363187789917,3.48728084564209,0.0002,1.0335686674911277,0.39933019131422043,0.06826148903928697,0.06911006197333336,0.8396202474832535
2525,2525,3.4418585300445557,3.519927978515625,0.0002,1.0340631249494412,0.39842018485069275,0.06819877005182207,0.06908785621635616,0.8403410315513611
2526,2526,3.507708787918091,3.600285053253174,0.0002,1.034294156679084,0.3996366411447525,0.06812936114147305,0.06898725405335426,0.8405926525592804
2527,2527,3.460732936859131,3.504281997680664,0.0002,1.0345637620684882,0.3999742716550827,0.06799565837718546,0.06880093086510897,0.8403608947992325
2528,2528,3.55216646194458,3.4826443195343018,0.0002,1.0347975914487135,0.3976910412311554,0.0679793122690171,0.06882652104832232,0.8413288295269012
2529,2529,3.4825778007507324,3.547297954559326,0.0002,1.0348153542281566,0.4005468860268593,0.06787074357271194,0.0686671209987253,0.8411685973405838
2530,2530,3.471837282180786,3.5062308311462402,0.0002,1.0350663523242785,0.3990586921572685,0.06782015622593462,0.06867478135973215,0.841992974281311
2531,2531,3.5199685096740723,3.6032371520996094,0.0002,1.0351926586356688,0.4009535238146782,0.06775014428421855,0.068575001321733,0.8422071486711502
2532,2532,3.4962539672851562,3.4499757289886475,0.0002,1.0354293096460352,0.400537833571434,0.06767935864627361,0.06853909301571548,0.8427298218011856
2533,2533,3.546168804168701,3.460120677947998,0.0002,1.036419904733198,0.4015320837497711,0.06764844083227217,0.06847989722155035,0.8431290090084076
2534,2534,3.474557876586914,3.507373332977295,0.0002,1.0372125404950545,0.40137288719415665,0.06753937411122024,0.06835983763448894,0.8431980907917023
2535,2535,3.5019288063049316,3.4545087814331055,0.0002,1.0373651629950429,0.397291898727417,0.0674784982111305,0.06833351030945778,0.8438065946102142
2536,2536,3.493340015411377,3.4795212745666504,0.0002,1.0372866885315648,0.40179964900016785,0.06739546870812774,0.06819900055415928,0.8437768369913101
2537,2537,3.453080177307129,3.476701259613037,0.0002,1.0372491067450595,0.4033055007457733,0.06734442198649049,0.06822962546721101,0.8446947932243347
2538,2538,3.4661340713500977,3.488536834716797,0.0002,1.037193691201076,0.3985591530799866,0.06726754340343177,0.06813794746994972,0.8449522405862808
2539,2539,3.4792838096618652,3.504179000854492,0.0002,1.0371676129121312,0.4023495391011238,0.06719976128078997,0.06806955812498927,0.8453056514263153
2540,2540,3.513580322265625,3.528282642364502,0.0002,1.0371322432364354,0.3988267704844475,0.0671328310854733,0.06795301218517125,0.8453851044178009
2541,2541,3.515078067779541,3.596595287322998,0.0002,1.0369543171822304,0.40111760050058365,0.06709345779381692,0.06790303019806743,0.8458127528429031
2542,2542,3.440335273742676,3.5362534523010254,0.0002,1.0370095070702259,0.3997207060456276,0.06702001160010695,0.06790362950414419,0.8465435653924942
2543,2543,3.5742900371551514,3.4993128776550293,0.0002,1.035218864071396,0.40007057785987854,0.06698545766994357,0.06788004795089364,0.8471488058567047
2544,2544,3.4752962589263916,3.508971691131592,0.0002,1.0335587746889574,0.3995336890220642,0.06692704325541854,0.06780940014868975,0.8474919348955154
2545,2545,3.4303879737854004,3.466165065765381,0.0002,1.0338424429253164,0.40499044954776764,0.06681033759377897,0.06759243225678802,0.8469331711530685
2546,2546,3.56443190574646,3.4877631664276123,0.0002,1.0322443431902273,0.40257999300956726,0.06676152814179659,0.0675895104650408,0.8476921021938324
2547,2547,3.4768905639648438,3.5003504753112793,0.0002,1.0325881741461165,0.399709552526474,0.0667014115024358,0.06759518152102828,0.8484599888324738
2548,2548,3.4531726837158203,3.4711339473724365,0.0002,1.0330349903752363,0.4041506424546242,0.06659456412307918,0.06741595081984997,0.8481650650501251
2549,2549,3.5141847133636475,3.5145864486694336,0.0002,1.033517424941551,0.40053338557481766,0.06656644563190639,0.06744959158822894,0.849119246006012
2550,2550,3.5031611919403076,3.5015459060668945,0.0002,1.0337884992448874,0.400216281414032,0.0664873793721199,0.06736447382718325,0.8493946939706802
2551,2551,3.531416416168213,3.4895591735839844,0.0002,1.0340747390381422,0.4010644555091858,0.06641154550015926,0.06726164510473609,0.8495470434427261
2552,2552,3.5387415885925293,3.5402755737304688,0.0002,1.0358557174019631,0.40036123991012573,0.06635055714286864,0.06722413445822895,0.8500721156597137
2553,2553,3.47933030128479,3.4864907264709473,0.0002,1.0362569310052252,0.40212637931108475,0.06632126867771149,0.06723059830255806,0.8507902324199677
2554,2554,3.433716297149658,3.4986732006073,0.0002,1.0362712239173144,0.40259310603141785,0.06619297503493726,0.0670121181756258,0.850304588675499
2555,2555,3.5462493896484375,3.4458227157592773,0.0002,1.0363047862049464,0.4061496928334236,0.06617440818808973,0.06704627932049334,0.8511922955513
2556,2556,3.4878177642822266,3.4239728450775146,0.0002,1.0364209580945716,0.40084823220968246,0.06610394502058625,0.06690839910879731,0.8511702418327332
2557,2557,3.541684865951538,3.553658962249756,0.0002,0.9845744296478769,0.4033113718032837,0.0660138875246048,0.06683118036016822,0.8514354079961777
2558,2558,3.4973995685577393,3.559633731842041,0.0002,0.9899289782897472,0.4026700034737587,0.06595410103909671,0.06678692065179348,0.8519004285335541
2559,2559,3.3876030445098877,3.4896152019500732,0.0002,0.9945954437016222,0.40004488080739975,0.06587322731502354,0.0667897833045572,0.8526651263237
2560,2560,3.432100534439087,3.5304973125457764,0.0002,0.9988208163557827,0.39872344583272934,0.06584451301023364,0.06675401516258717,0.853228285908699
2561,2561,3.548499584197998,3.4818530082702637,0.0002,1.0007304006537945,0.40403321385383606,0.0657312935218215,0.06661770236678421,0.8530638664960861
2562,2562,3.5073928833007812,3.571500301361084,0.0002,1.0024749425196426,0.40487227588891983,0.06567820510827005,0.0665030893869698,0.8531148582696915
2563,2563,3.524707794189453,3.4846527576446533,0.0002,1.0041611767803333,0.39951305091381073,0.06562382820993662,0.06648503779433668,0.8537352830171585
2564,2564,3.4687705039978027,3.6203243732452393,0.0002,1.0072838728523472,0.40049564838409424,0.065538095892407,0.0663685251493007,0.8538095951080322
2565,2565,3.5022315979003906,3.5141279697418213,0.0002,1.0103039009713015,0.40375442802906036,0.06547707540448755,0.06635280232876539,0.8544294238090515
2566,2566,3.506965160369873,3.5331883430480957,0.0002,1.0141508336414984,0.4015989527106285,0.06540544191375375,0.06631107185967267,0.8549749255180359
2567,2567,3.5097994804382324,3.5084662437438965,0.0002,1.003813044059428,0.4025581255555153,0.06534621771425009,0.06628782604821026,0.8555512577295303
2568,2568,3.427065849304199,3.4764723777770996,0.0002,1.0055292884014704,0.40567324310541153,0.0652668826514855,0.06609234842471778,0.8550331443548203
2569,2569,3.4826884269714355,3.5366454124450684,0.0002,1.0086313182504387,0.4053317755460739,0.06517854542471468,0.06606081849895418,0.8556230366230011
2570,2570,3.422368288040161,3.553295135498047,0.0002,1.01295301030077,0.402924045920372,0.06512050807941705,0.0659562167711556,0.8558046370744705
2571,2571,3.4330947399139404,3.5561249256134033,0.0002,1.015607716973369,0.4025205224752426,0.06501923769246787,0.06595291919074953,0.8566326647996902
2572,2572,3.4229393005371094,3.5449984073638916,0.0002,1.017629282863867,0.4015919715166092,0.06494357122574002,0.06584133394062519,0.856798529624939
2573,2573,3.4826087951660156,3.5485901832580566,0.0002,1.0196284499469508,0.40025537461042404,0.06489616690669209,0.06578836007975042,0.8572847694158554
2574,2574,3.395352840423584,3.483441114425659,0.0002,1.0213047103538946,0.40283510833978653,0.06478843442164361,0.0656871038954705,0.8574186861515045
2575,2575,3.5309910774230957,3.50071382522583,0.0002,1.0228499026559974,0.40013188123703003,0.06473732180893421,0.06567849474959075,0.8582303375005722
2576,2576,3.4134697914123535,3.5090954303741455,0.0002,1.0241485694536339,0.4024217799305916,0.0645992859499529,0.0654835058376193,0.857697069644928
2577,2577,3.4787240028381348,3.4886951446533203,0.0002,1.0254953665322282,0.39999259263277054,0.06456010427791625,0.0654636500403285,0.8584761172533035
2578,2578,3.460562229156494,3.504549026489258,0.0002,1.0266236963254451,0.4005458429455757,0.06450021849013865,0.06539948424324393,0.8589227050542831
2579,2579,3.4052863121032715,3.4889466762542725,0.0002,1.029117132439122,0.40086452662944794,0.06440950522664934,0.06533409585244954,0.8593883812427521
2580,2580,3.583153009414673,3.5954437255859375,0.0002,1.0302343313813445,0.4026383012533188,0.06435061397496611,0.0652356541249901,0.8595231473445892
2581,2581,3.442655563354492,3.546384811401367,0.0002,1.03085528753517,0.4011213630437851,0.0642292775446549,0.06512838043272495,0.8596805334091187
2582,2582,3.4530036449432373,3.509685516357422,0.0002,1.0314423379239128,0.4008021801710129,0.06419415422715247,0.0651218465063721,0.8604574948549271
2583,2583,3.4291563034057617,3.461634874343872,0.0002,1.0318544988662015,0.40239109843969345,0.06410453061107546,0.06502002477645874,0.8606347143650055
2584,2584,3.5445966720581055,3.4362072944641113,0.0002,1.032353084629227,0.4030698165297508,0.06403089303057641,0.06493489746935666,0.8609503209590912
2585,2585,3.4360151290893555,3.501288890838623,0.0002,1.0328763408767967,0.4028000608086586,0.06396746728569269,0.06492215697653592,0.8617385178804398
2586,2586,3.5406928062438965,3.566258430480957,0.0002,1.0332401421063353,0.4011897146701813,0.06389568524900824,0.06478827632963657,0.8615987449884415
2587,2587,3.4819703102111816,3.467747688293457,0.0002,1.0335085823207621,0.4042832627892494,0.06380688666831702,0.06470291828736663,0.8619904071092606
2588,2588,3.4957380294799805,3.4449570178985596,0.0002,1.03387438058405,0.40344586968421936,0.06373878906015307,0.06468954822048545,0.8627590388059616
2589,2589,3.487748622894287,3.4807019233703613,0.0002,1.0323372569415863,0.4030669257044792,0.06366462085861713,0.06454412383027375,0.8626494109630585
2590,2590,3.477823495864868,3.4814229011535645,0.0002,1.0321311642201516,0.40679405629634857,0.06353206746280193,0.06442986172623932,0.8627404123544693
2591,2591,3.4735381603240967,3.5343194007873535,0.0002,1.0313572950766106,0.404591366648674,0.06350491906050593,0.06444377382285893,0.8638769239187241
2592,2592,3.4622855186462402,3.4589874744415283,0.0002,1.0301335762454666,0.40217940509319305,0.06341015000361949,0.06436294666491449,0.8642221540212631
2593,2593,3.4487476348876953,3.479570150375366,0.0002,1.0307619659003733,0.40380390733480453,0.06330793141387403,0.06419484969228506,0.8639978021383286
2594,2594,3.4754624366760254,3.463296890258789,0.0002,1.0313385258639456,0.4041711688041687,0.06320636358577758,0.06415026541799307,0.864529550075531
2595,2595,3.5142059326171875,3.5067548751831055,0.0002,1.0317848118144173,0.40301413834095,0.06310930172912776,0.06400512740947306,0.8645862489938736
2596,2596,3.468005418777466,3.4892477989196777,0.0002,1.0323388641519133,0.4033667966723442,0.0630390594014898,0.06398845673538744,0.8655728250741959
2597,2597,3.6125526428222656,3.6072463989257812,0.0002,1.0326490651553273,0.40324312448501587,0.0629252087092027,0.06385957624297589,0.8655549883842468
2598,2598,3.4548158645629883,3.52524995803833,0.0002,1.034117845915572,0.4026975482702255,0.06282072863541543,0.06375511246733367,0.8658502697944641
2599,2599,3.5275461673736572,3.4605374336242676,0.0002,1.0312902336881604,0.40910476446151733,0.06270286091603339,0.0636205292539671,0.8658939898014069
2600,2600,3.522944927215576,3.5537445545196533,0.0002,1.0303669807665425,0.40748197585344315,0.06260468647815287,0.06352337345015258,0.8662915080785751
2601,2601,3.5518832206726074,3.485663414001465,0.0002,1.0309460573523157,0.4086229205131531,0.06247096916195005,0.06339872034732252,0.8665374964475632
2602,2602,3.438786506652832,3.5427608489990234,0.0002,1.029744732771768,0.40490618348121643,0.06234616145957261,0.06325188686605543,0.8666577935218811
2603,2603,3.5458908081054688,3.5854592323303223,0.0002,1.0303130284456932,0.4049808531999588,0.062196329003199935,0.06309021462220699,0.8666255623102188
2604,2604,3.4759199619293213,3.5348777770996094,0.0002,1.0310689838724774,0.40382158011198044,0.06210203003138304,0.06311234075110406,0.8681067228317261
2605,2605,3.478050470352173,3.4884252548217773,0.0002,1.031593706297759,0.4056500047445297,0.06192501413170248,0.06287260015960783,0.8674176037311554
2606,2606,3.4256277084350586,3.5108745098114014,0.0002,1.0320646357828869,0.4081931710243225,0.06182280776556581,0.06276209594216198,0.867823526263237
2607,2607,3.440390110015869,3.524718761444092,0.0002,1.0333191832423603,0.40417610108852386,0.06168659252580255,0.0626802503829822,0.8684928268194199
2608,2608,3.4780263900756836,3.562018871307373,0.0002,1.0346409753756471,0.40248334407806396,0.06160220084711909,0.06255358015187085,0.86858269572258
2609,2609,3.5481157302856445,3.5705373287200928,0.0002,1.034910293556414,0.40360932797193527,0.061444254708476365,0.062411452643573284,0.8686563223600388
2610,2610,3.4500107765197754,3.4944541454315186,0.0002,1.0351985749742156,0.4047731012105942,0.06131910707335919,0.062241047504357994,0.86836738884449
2611,2611,3.4603633880615234,3.5236892700195312,0.0002,1.035356583923234,0.40508797764778137,0.06123805732931942,0.062242950894869864,0.8698578923940659
2612,2612,3.5517053604125977,3.509056329727173,0.0002,1.0354569489119887,0.40170418471097946,0.06111866049468517,0.06217701593413949,0.8704230487346649
2613,2613,3.473860740661621,3.512995719909668,0.0002,1.0356058671556243,0.40632282942533493,0.06100513075944036,0.06187245307955891,0.8687513321638107
2614,2614,3.4746580123901367,3.568209648132324,0.0002,1.0355999168076093,0.40238285809755325,0.06093304406385869,0.06190593994688243,0.8705216497182846
2615,2615,3.455188274383545,3.4530906677246094,0.0002,1.0356882776901388,0.4066276252269745,0.060823888750746846,0.06183153309393674,0.8711305111646652
2616,2616,3.4701638221740723,3.482828140258789,0.0002,1.0358652180067276,0.4025696814060211,0.06069059914443642,0.061557038221508265,0.8697895109653473
2617,2617,3.4545607566833496,3.445101737976074,0.0002,1.0341421945781808,0.40612683445215225,0.06056024704594165,0.061538564623333514,0.8710119873285294
2618,2618,3.504438877105713,3.5126473903656006,0.0002,1.032545132092777,0.40659742802381516,0.06047164520714432,0.06146925420034677,0.8715091943740845
2619,2619,3.534853458404541,3.567110061645508,0.0002,1.031133704836786,0.4051032066345215,0.06037736381404102,0.06142520275898278,0.872406467795372
2620,2620,3.4390783309936523,3.4433579444885254,0.0002,1.0316607606768173,0.40192510187625885,0.0602836636826396,0.061367076355963945,0.8730853199958801
2621,2621,3.495297908782959,3.551734447479248,0.0002,1.0320972578478278,0.40755002200603485,0.06016767933033407,0.06123506580479443,0.8730793595314026
2622,2622,3.474381446838379,3.4410181045532227,0.0002,1.0324826259880524,0.40600959211587906,0.06004542484879494,0.06099075265228748,0.8718752861022949
2623,2623,3.5101284980773926,3.5571908950805664,0.0002,1.032946610462782,0.4061785191297531,0.05996338929980993,0.0610017292201519,0.8733769208192825
2624,2624,3.3824477195739746,3.4712953567504883,0.0002,1.033430377209756,0.4077306240797043,0.059834121726453304,0.06090443255379796,0.873730257153511
2625,2625,3.423201322555542,3.467763900756836,0.0002,1.0336485700409928,0.4089570567011833,0.05974229460116476,0.060792650328949094,0.8738966435194016
2626,2626,3.433537483215332,3.4442360401153564,0.0002,1.0356252390352552,0.40638870000839233,0.05962345073930919,0.06059630843810737,0.8732651472091675
2627,2627,3.434670925140381,3.583599090576172,0.0002,1.036044181616739,0.4064832180738449,0.05951681605074555,0.06056334974709898,0.8743307143449783
2628,2628,3.4725375175476074,3.4854514598846436,0.0002,1.0361066152929899,0.4033712223172188,0.059386560576967895,0.060421702452003956,0.874369814991951
2629,2629,3.5154480934143066,3.4689087867736816,0.0002,1.036138141369208,0.4081668332219124,0.059268089244142175,0.06028181535657495,0.8743446320295334
2630,2630,3.437643527984619,3.4919748306274414,0.0002,1.0361673955011566,0.4048086479306221,0.05914911173749715,0.06024830823298544,0.8756770342588425
2631,2631,3.493335247039795,3.4414291381835938,0.0002,1.0361822767635702,0.4069889038801193,0.058970104553736746,0.05997259542346001,0.8740959316492081
2632,2632,3.54378604888916,3.531533718109131,0.0002,1.0362723280016508,0.406570628285408,0.058874869253486395,0.05998884933069348,0.8761340975761414
2633,2633,3.49565052986145,3.4702682495117188,0.0002,1.0361861062481468,0.409920409321785,0.058697937056422234,0.05972992011811584,0.8748402148485184
2634,2634,3.4241952896118164,3.6101770401000977,0.0002,1.0363635858756812,0.40323012322187424,0.058563193888403475,0.05968751525506377,0.8762819617986679
2635,2635,3.4572174549102783,3.4288902282714844,0.0002,1.036377781799783,0.4063617214560509,0.058421890367753804,0.05955757899209857,0.8764572590589523
2636,2636,3.5832600593566895,3.4534268379211426,0.0002,1.0346609558138662,0.40412577986717224,0.05830097559373826,0.059489172766916454,0.8775618970394135
2637,2637,3.4150891304016113,3.5987937450408936,0.0002,1.034730597923939,0.405505008995533,0.05817442468833178,0.059308827156201005,0.8771043866872787
2638,2638,3.5197789669036865,3.5570192337036133,0.0002,1.0330738451969743,0.4058491438627243,0.057994746253825724,0.0590605151373893,0.876059278845787
2639,2639,3.5135140419006348,3.470311164855957,0.0002,1.0316967818584533,0.4059046059846878,0.05790661205537617,0.059106261702254415,0.8781814277172089
2640,2640,3.4517080783843994,3.5250015258789062,0.0002,1.032171052619796,0.4069698452949524,0.05774462083354592,0.05886999890208244,0.8770586848258972
2641,2641,3.4313228130340576,3.5130481719970703,0.0002,1.032616834509573,0.4116237089037895,0.057638745405711234,0.0588572557317093,0.8784189820289612
2642,2642,3.507272243499756,3.515623092651367,0.0002,1.0329713658264428,0.40451306104660034,0.05749709205701947,0.05864169483538717,0.8776567876338959
2643,2643,3.481199264526367,3.4302122592926025,0.0002,1.0332930847225377,0.40276866406202316,0.057367462664842606,0.058513235999271274,0.8778812438249588
2644,2644,3.3980324268341064,3.4639995098114014,0.0002,1.0337369064779045,0.4068920984864235,0.05726593779399991,0.05850794003345072,0.8796246200799942
2645,2645,3.4326887130737305,3.441732883453369,0.0002,1.0355525752349282,0.40847117453813553,0.0571400843327865,0.058369868667796254,0.8794803470373154
2646,2646,3.4195778369903564,3.62154221534729,0.0002,1.0359623878076176,0.4058586284518242,0.057021760498173535,0.05822528921999037,0.8793402314186096
2647,2647,3.4712936878204346,3.5123708248138428,0.0002,1.0360149419723377,0.40939275175333023,0.05688929511234164,0.05809753283392638,0.8793558031320572
2648,2648,3.4886233806610107,3.4715631008148193,0.0002,1.036131868144185,0.40904270857572556,0.05679116281680763,0.05799417837988585,0.8799302875995636
2649,2649,3.3517932891845703,3.599820137023926,0.0002,1.0360750760644466,0.4054946228861809,0.05666218581609428,0.057892144308425486,0.8803742676973343
2650,2650,3.4471940994262695,3.5209431648254395,0.0002,1.0362292224819598,0.41047024726867676,0.056528529967181385,0.057736089220270514,0.8799724876880646
2651,2651,3.4491353034973145,3.52691388130188,0.0002,1.0362696278912304,0.4086649492383003,0.05641083954833448,0.057646286324597895,0.8806293457746506
2652,2652,3.4766056537628174,3.453850269317627,0.0002,1.0363236160583804,0.40557263046503067,0.056221360922791064,0.05742210673633963,0.8794523030519485
2653,2653,3.464212417602539,3.4566516876220703,0.0002,1.036363393010463,0.4098166599869728,0.05614907119888812,0.05748502549249679,0.8824603706598282
2654,2654,3.451399087905884,3.5047168731689453,0.0002,1.037253861178892,0.40944793075323105,0.05598625307902694,0.05719918920658529,0.8804158717393875
2655,2655,3.4810032844543457,3.4948313236236572,0.0002,1.0381077103874052,0.4107721224427223,0.05587065080180764,0.05719833995681256,0.8825175017118454
2656,2656,3.4362692832946777,3.4261064529418945,0.0002,1.0380307961723203,0.4114135205745697,0.05570894805714488,0.05695316207129508,0.8810892105102539
2657,2657,3.4309277534484863,3.432124614715576,0.0002,1.0378514136867678,0.4085332006216049,0.05560475471429527,0.056987161631695926,0.8838247805833817
2658,2658,3.4588019847869873,3.486480236053467,0.0002,1.0376983333706429,0.40727198868989944,0.055459608673118055,0.05674158956389874,0.8822258412837982
2659,2659,3.42154860496521,3.4851932525634766,0.0002,1.0376442746145818,0.40979452431201935,0.055322507163509727,0.05667011660989374,0.8828962594270706
2660,2660,3.5017547607421875,3.4750356674194336,0.0002,1.0375458179234698,0.40704841911792755,0.05525692901574075,0.05669839819893241,0.8852150440216064
2661,2661,3.4667274951934814,3.4493319988250732,0.0002,1.0374677807009582,0.4099561795592308,0.055168484104797244,0.056583099300041795,0.8849494308233261
2662,2662,3.435765504837036,3.4991536140441895,0.0002,1.0374209053176413,0.40484511107206345,0.05503063276410103,0.05628901068121195,0.8820258527994156
2663,2663,3.494992971420288,3.463751792907715,0.0002,1.0373311309236137,0.4053574204444885,0.05497842584736645,0.056414050748571754,0.8857159316539764
2664,2664,3.4636850357055664,3.4898641109466553,0.0002,1.038889075704732,0.4064427316188812,0.05486041319090873,0.0561569087440148,0.8834224790334702
2665,2665,3.5487000942230225,3.504242420196533,0.0002,1.03891165369492,0.4077650234103203,0.054778612102381885,0.05615304270759225,0.8852011561393738
2666,2666,3.4232237339019775,3.4095091819763184,0.0002,1.038667079397374,0.4071277305483818,0.05464867420960218,0.05601162218954414,0.8846253752708435
2667,2667,3.4150166511535645,3.543910026550293,0.0002,0.9883846527642494,0.40818507969379425,0.054560803808271885,0.05587161402218044,0.8845717012882233
2668,2668,3.406679630279541,3.5135297775268555,0.0002,0.9938111965601742,0.4081115871667862,0.05442157562356442,0.055831812671385705,0.8859228491783142
2669,2669,3.3822238445281982,3.5084640979766846,0.0002,0.9980322101533249,0.410486601293087,0.0543076399480924,0.05578642291948199,0.8872107267379761
2670,2670,3.494356870651245,3.5398330688476562,0.0002,1.0018993653960024,0.4072640389204025,0.054147670743986964,0.05552471405826509,0.8850741684436798
2671,2671,3.553234815597534,3.451565980911255,0.0002,1.0053987529788861,0.4080558866262436,0.05404761619865894,0.055494905449450016,0.8864591419696808
2672,2672,3.4144651889801025,3.5069167613983154,0.0002,1.0094130127717675,0.4076329320669174,0.05392835091333836,0.05539174098521471,0.8869291692972183
2673,2673,3.4642958641052246,3.5916075706481934,0.0002,1.013022709903055,0.4137136787176132,0.05384423770010471,0.055296678678132594,0.8870037496089935
2674,2674,3.445100784301758,3.4761767387390137,0.0002,1.0155090218854337,0.41071978211402893,0.053727460792288184,0.055213317391462624,0.8871766328811646
2675,2675,3.4750096797943115,3.514991044998169,0.0002,1.0176381893459117,0.40714535117149353,0.053637771285139024,0.055091535788960755,0.8870684653520584
2676,2676,3.468906879425049,3.4727704524993896,0.0002,1.019558406060966,0.4105488732457161,0.05357368430122733,0.0550975042860955,0.888781413435936
2677,2677,3.4562630653381348,3.4458770751953125,0.0002,1.0212641311119592,0.4081505462527275,0.05350718821864575,0.05515949672553688,0.8911735862493515
2678,2678,3.4299745559692383,3.468698263168335,0.0002,1.0226804869518653,0.4121493250131607,0.05340645229443908,0.054901374387554824,0.8884645104408264
2679,2679,3.4582080841064453,3.533315658569336,0.0002,1.0241643836291539,0.4076332151889801,0.05333988356869668,0.05491637403611094,0.8899256139993668
2680,2680,3.436833381652832,3.4779744148254395,0.0002,1.0253597591483021,0.41049880534410477,0.0532677648589015,0.05475949391257018,0.8888711631298065
2681,2681,3.444180488586426,3.499986171722412,0.0002,1.026515751794687,0.40967167168855667,0.05321256653405726,0.05471142451278865,0.8897503614425659
2682,2682,3.481987714767456,3.452333927154541,0.0002,1.0281697543422752,0.40767528116703033,0.05310559191275388,0.05461579724214971,0.8902505934238434
2683,2683,3.4721295833587646,3.4132041931152344,0.0002,1.030037027885221,0.4128734841942787,0.05302312597632408,0.05458758620079607,0.8909345865249634
2684,2684,3.4241580963134766,3.4756622314453125,0.0002,1.0309266664408236,0.4082323908805847,0.052870361716486514,0.0544500375399366,0.8907955288887024
2685,2685,3.4867305755615234,3.4924349784851074,0.0002,1.0315026138147536,0.4113175496459007,0.05276267463341355,0.05439044639933854,0.8915649205446243
2686,2686,3.510593891143799,3.592341184616089,0.0002,1.0319052304934053,0.4086800664663315,0.05264804477337748,0.05423773091752082,0.891255721449852
2687,2687,3.38441801071167,3.4508018493652344,0.0002,1.0324763614680228,0.4090670123696327,0.052547218394465744,0.05418991390615702,0.8924792408943176
2688,2688,3.5215494632720947,3.49830961227417,0.0002,1.0329281871913925,0.4097016677260399,0.05237980268429965,0.05395939911250025,0.891097292304039
2689,2689,3.4784903526306152,3.594527244567871,0.0002,1.0332295825489997,0.41181210428476334,0.05227535031735897,0.05395164026413113,0.8923875838518143
2690,2690,3.4881796836853027,3.5177724361419678,0.0002,1.0336175486141956,0.40899181365966797,0.05216054222546518,0.05388585408218205,0.8936312794685364
2691,2691,3.470796585083008,3.427859306335449,0.0002,1.0353726315910796,0.4102523848414421,0.05202527530491352,0.05368106288369745,0.8922127187252045
2692,2692,3.4824986457824707,3.5604872703552246,0.0002,1.0358292464331933,0.41380108147859573,0.051893090130761266,0.05353396222926676,0.8919758051633835
2693,2693,3.419315814971924,3.5432956218719482,0.0002,1.0360269570617762,0.4117690473794937,0.05177715886384249,0.05346533365081996,0.8927677571773529
2694,2694,3.428636074066162,3.4774065017700195,0.0002,1.0359564837753272,0.4138055890798569,0.05163468059618026,0.053407634841278195,0.894018366932869
2695,2695,3.466083526611328,3.453993558883667,0.0002,1.036103515115795,0.4109966531395912,0.051488730940036476,0.053174944943748415,0.8926359117031097
2696,2696,3.4826669692993164,3.4572701454162598,0.0002,1.0361093783720425,0.4110550656914711,0.05135066481307149,0.053188474266789854,0.8952237814664841
2697,2697,3.4014225006103516,3.4330737590789795,0.0002,1.0362640668035747,0.41147129982709885,0.051204570452682674,0.052891490049660206,0.8921188712120056
2698,2698,3.511869430541992,3.434414863586426,0.0002,1.036274123781724,0.41332879662513733,0.05110121425241232,0.052842568373307586,0.8932794630527496
2699,2699,3.446814775466919,3.4830310344696045,0.0002,1.0362888990090686,0.4134978801012039,0.05096012551803142,0.05275914689991623,0.8946954309940338
2700,2700,3.4109325408935547,3.503445625305176,0.0002,1.0363779885031892,0.4104991555213928,0.05082856782246381,0.05266038072295487,0.8951223790645599
2701,2701,3.414139747619629,3.476447105407715,0.0002,1.03665256045938,0.40931011736392975,0.05067660624627024,0.05237353150732815,0.8921297937631607
2702,2702,3.397599697113037,3.4736790657043457,0.0002,1.0381807461291888,0.41409944742918015,0.050536549650132656,0.052251730347052217,0.8926045149564743
2703,2703,3.40975284576416,3.4821577072143555,0.0002,1.0380890300595746,0.4107343927025795,0.050384880509227514,0.052195427007973194,0.894361138343811
2704,2704,3.4332633018493652,3.43963623046875,0.0002,1.0379333240268427,0.4133473113179207,0.0502560039749369,0.052175267366692424,0.8964567631483078
2705,2705,3.447955846786499,3.54245662689209,0.0002,1.0378138925419051,0.4090966433286667,0.050113032455556095,0.052105141803622246,0.8984487503767014
2706,2706,3.482696056365967,3.5071287155151367,0.0002,1.0377540105801681,0.4128161519765854,0.04994147818069905,0.0517923841252923,0.8942252099514008
2707,2707,3.527625560760498,3.399463653564453,0.0002,1.0375143472136108,0.41144757717847824,0.04983390646521002,0.05173531349282712,0.8955669850111008
2708,2708,3.4407520294189453,3.4677867889404297,0.0002,0.987459361181685,0.4101295843720436,0.04971830907743424,0.05149998515844345,0.8931396007537842
2709,2709,3.5130910873413086,3.4666991233825684,0.0002,0.9941218617364281,0.4151274859905243,0.04958270338829607,0.05134709156118333,0.8928600698709488
2710,2710,3.430032253265381,3.5130743980407715,0.0002,0.9989795868616023,0.41320308297872543,0.049419576418586075,0.05118390347342938,0.8919931352138519
2711,2711,3.472440004348755,3.4311680793762207,0.0002,1.002509818844768,0.4141296148300171,0.04926642088685185,0.05112949793692678,0.8937494903802872
2712,2712,3.4946694374084473,3.444120407104492,0.0002,1.0059525685555977,0.41031400114297867,0.04908381379209459,0.051048439112491906,0.8965416252613068
2713,2713,3.506401300430298,3.48759388923645,0.0002,1.0089862911509782,0.4120124280452728,0.04889327590353787,0.05086817441042513,0.8954552114009857
2714,2714,3.3688316345214844,3.479710578918457,0.0002,1.011817107975103,0.40812356024980545,0.04872324864845723,0.05074932600837201,0.8971925973892212
2715,2715,3.435305595397949,3.516414165496826,0.0002,1.0142863920901657,0.4101247563958168,0.04857078951317817,0.05064646352548152,0.8976922631263733
2716,2716,3.48065185546875,3.514312744140625,0.0002,1.0165642682667886,0.41282621771097183,0.04843739734496921,0.05058475618716329,0.8992737680673599
2717,2717,3.460306167602539,3.4646224975585938,0.0002,1.0185694070971996,0.41425803303718567,0.0482839560136199,0.05028270045295358,0.8947381675243378
2718,2718,3.487147331237793,3.4840171337127686,0.0002,1.0203912141037155,0.4138943701982498,0.048172536538913846,0.050177962984889746,0.8953590989112854
2719,2719,3.405303478240967,3.5586180686950684,0.0002,1.0235990873679517,0.40902408957481384,0.048055014573037624,0.0500793675892055,0.8954235911369324
2720,2720,3.3928184509277344,3.434579372406006,0.0002,1.025092713419525,0.4134448394179344,0.04791375726927072,0.04995309899095446,0.8953190892934799
2721,2721,3.398712158203125,3.443002700805664,0.0002,1.0261987766383387,0.41286415606737137,0.047758582746610045,0.04970647732261568,0.8933937847614288
2722,2722,3.4997968673706055,3.5204086303710938,0.0002,1.0273630664075886,0.4147767797112465,0.04763158527202904,0.04972158535383642,0.8958571255207062
2723,2723,3.441788673400879,3.583674430847168,0.0002,1.0283209321300266,0.41301290690898895,0.04747970274183899,0.049716971116140485,0.8995038866996765
2724,2724,3.463792562484741,3.4763972759246826,0.0002,1.0291583340475463,0.4137941300868988,0.04737051692791283,0.049589053727686405,0.8988500684499741
2725,2725,3.458885431289673,3.494340419769287,0.0002,1.0298930551544616,0.4128313809633255,0.04722862096969038,0.049349952256307006,0.8957782238721848
2726,2726,3.4393222332000732,3.4510746002197266,0.0002,1.0305551849562338,0.41480984538793564,0.047099275630898774,0.049302344443276525,0.897382915019989
2727,2727,3.4928643703460693,3.523979663848877,0.0002,1.0311264448797457,0.4153040274977684,0.04698538314551115,0.04912989505100995,0.8963033854961395
2728,2728,3.472684860229492,3.4203896522521973,0.0002,1.0333803510482873,0.41414209455251694,0.04688692430499941,0.049193295650184155,0.900661438703537
2729,2729,3.4454760551452637,3.475043535232544,0.0002,1.0339055784060922,0.4119830057024956,0.04677408735733479,0.049073945148848,0.9000476151704788
2730,2730,3.4869213104248047,3.4063124656677246,0.0002,1.0341629327503241,0.41411399096250534,0.04668066441081464,0.0488982405513525,0.8983763754367828
2731,2731,3.3766658306121826,3.4459891319274902,0.0002,1.0342797406905746,0.41156696528196335,0.046556072193197906,0.04870879533700645,0.896077498793602
2732,2732,3.4102132320404053,3.502204656600952,0.0002,1.0346513900871606,0.4147328585386276,0.04647740500513464,0.04871775058563799,0.8984752595424652
2733,2733,3.4065706729888916,3.452577829360962,0.0002,1.0349020256594479,0.41139382869005203,0.04637535905931145,0.048725747503340244,0.9016562104225159
2734,2734,3.4473047256469727,3.4650955200195312,0.0002,1.0349880035739132,0.4155593514442444,0.046290816622786224,0.048673279117792845,0.901695504784584
2735,2735,3.4260053634643555,3.5887327194213867,0.0002,1.0351723575064744,0.4147174134850502,0.046203051577322185,0.04845241247676313,0.8982412815093994
2736,2736,3.457274913787842,3.486302375793457,0.0002,1.0353413608702615,0.41632646322250366,0.04611248383298516,0.04829472897108644,0.8962968438863754
2737,2737,3.4726665019989014,3.510230541229248,0.0002,1.0362982143946453,0.4141854792833328,0.04600900679361075,0.04826255782973021,0.8983738869428635
2738,2738,3.503486156463623,3.4447779655456543,0.0002,1.037266012882927,0.4148755967617035,0.04587098478805274,0.048055135761387646,0.8959198594093323
2739,2739,3.480236768722534,3.4978601932525635,0.0002,1.0372917982300351,0.4148331806063652,0.045753548853099346,0.04815027816221118,0.9015228450298309
2740,2740,3.516525983810425,3.5317955017089844,0.0002,1.0372087691154968,0.4153883680701256,0.04561768064741045,0.04801519145257771,0.9021255820989609
2741,2741,3.4271459579467773,3.4774603843688965,0.0002,1.0371261170095778,0.41422097384929657,0.04548235924448818,0.04780034790746868,0.8984776586294174
2742,2742,3.486816883087158,3.4391942024230957,0.0002,1.0370984223329427,0.4112515076994896,0.04538041795603931,0.04794265644159168,0.9057060331106186
2743,2743,3.4796266555786133,3.3979949951171875,0.0002,1.037096859014086,0.41410356760025024,0.04529378213919699,0.04781141970306635,0.9044303596019745
2744,2744,3.460531711578369,3.455808639526367,0.0002,0.9861482718763084,0.41520559042692184,0.04519277741201222,0.04761272738687694,0.901573657989502
2745,2745,3.370861053466797,3.5693187713623047,0.0002,0.9912205652152513,0.4172269478440285,0.045140368514694273,0.04746139736380428,0.9000639468431473
2746,2746,3.4614970684051514,3.3915202617645264,0.0002,0.9972724488940676,0.41310518234968185,0.04506471927743405,0.04748571489471942,0.9020423293113708
2747,2747,3.4286227226257324,3.5534911155700684,0.0002,0.9491943716349782,0.41651561856269836,0.04500622907653451,0.047457241686061025,0.9026907682418823
2748,2748,3.44808030128479,3.434852361679077,0.0002,0.9583788725234181,0.4127499684691429,0.044953423202969134,0.04738547408487648,0.902984157204628
2749,2749,3.3920698165893555,3.470742702484131,0.0002,0.9667427524142205,0.4154885560274124,0.04489730729255825,0.047422530013136566,0.9057062268257141
2750,2750,3.3698039054870605,3.4456191062927246,0.0002,0.973777196978807,0.4134574234485626,0.04484948283061385,0.04734069807454944,0.9051108658313751
2751,2751,3.47584867477417,3.5329418182373047,0.0002,0.9800949719702775,0.4137454777956009,0.04481487860903144,0.04736011894419789,0.9072341173887253
2752,2752,3.4195897579193115,3.477726697921753,0.0002,0.9858056590760439,0.4137333333492279,0.04475935501977801,0.047151593025773764,0.9040376245975494
2753,2753,3.5314810276031494,3.582719326019287,0.0002,0.9909263183275258,0.4123346284031868,0.04475516336970031,0.04738316033035517,0.9098869115114212
2754,2754,3.4384968280792236,3.4607009887695312,0.0002,0.9954235015543865,0.4156230464577675,0.044745732680894434,0.047190404147841036,0.906038761138916
2755,2755,3.4756762981414795,3.415001153945923,0.0002,1.0012244969716313,0.41738568991422653,0.04470009566284716,0.04704819293692708,0.9028687328100204
2756,2756,3.394460439682007,3.6511788368225098,0.0002,1.0048946045540472,0.41373931616544724,0.044672401272691786,0.04732740961480886,0.9113552570343018
2757,2757,3.4386205673217773,3.4799413681030273,0.0002,1.0081398831442,0.4181075841188431,0.044578106608241796,0.04680146463215351,0.9006902724504471
2758,2758,3.4297544956207275,3.4253668785095215,0.0002,1.0109790918030055,0.4171041250228882,0.044488875078968704,0.04690027248580009,0.9045125544071198
2759,2759,3.400186061859131,3.414379596710205,0.0002,1.0136172450292529,0.41602395474910736,0.04446705593727529,0.04717494989745319,0.9134776890277863
2760,2760,3.3764405250549316,3.485990285873413,0.0002,1.0158123548621212,0.41431907564401627,0.04434712964575738,0.04682966694235802,0.9075019657611847
2761,2761,3.423431396484375,3.454134225845337,0.0002,1.017871986014459,0.4192669317126274,0.04427178530022502,0.046686703455634415,0.9055727571249008
2762,2762,3.4318065643310547,3.4758901596069336,0.0002,1.0197428292490394,0.41643480211496353,0.04416600149124861,0.04656361020170152,0.9045534282922745
2763,2763,3.4285967350006104,3.4845118522644043,0.0002,1.021475061709775,0.4102640971541405,0.04407134500797838,0.04664548218715936,0.9102063924074173
2764,2764,3.425694465637207,3.419250965118408,0.0002,1.024194058170257,0.41508498787879944,0.043978945119306445,0.046604346367530525,0.9109938591718674
2765,2765,3.4985711574554443,3.463923931121826,0.0002,1.0261105657343896,0.41533689200878143,0.04388047964312136,0.046568471007049084,0.911816880106926
2766,2766,3.479602336883545,3.5049962997436523,0.0002,1.02729824930072,0.41402675956487656,0.04377641237806529,0.04625432216562331,0.9060312956571579
2767,2767,3.4367504119873047,3.488172769546509,0.0002,1.0282097313277787,0.41661176830530167,0.04367662814911455,0.046197400195524096,0.9075072556734085
2768,2768,3.4161157608032227,3.4038894176483154,0.0002,1.0290529668751183,0.4128521904349327,0.04357488942332566,0.04617292026523501,0.9103882908821106
2769,2769,3.458479642868042,3.556687831878662,0.0002,1.0298092358446964,0.41446416825056076,0.043459001230075955,0.04610955959651619,0.9115089774131775
2770,2770,3.4028398990631104,3.5589139461517334,0.0002,1.0305427639978095,0.41549666970968246,0.04332653374876827,0.045884944032877684,0.9071342051029205
2771,2771,3.4929192066192627,3.4420931339263916,0.0002,1.0311218693930904,0.41703157871961594,0.04322033317293972,0.04584526165854186,0.9100692868232727
2772,2772,3.4283316135406494,3.4733076095581055,0.0002,1.0316483475555458,0.41282905638217926,0.043085237964987755,0.045691801118664443,0.9085106253623962
2773,2773,3.44813871383667,3.460841178894043,0.0002,1.033199217110774,0.414497435092926,0.04295398970134556,0.04540484049357474,0.9033868312835693
2774,2774,3.4046244621276855,3.4284827709198,0.0002,1.034189779168884,0.41784197837114334,0.042822143994271755,0.04549010586924851,0.9099011570215225
2775,2775,3.357109546661377,3.4593453407287598,0.0002,1.034490544565737,0.4164084494113922,0.042689423193223774,0.04517347039654851,0.9035027474164963
2776,2776,3.5055885314941406,3.447556972503662,0.0002,1.0346726706854106,0.4178006052970886,0.04252550087403506,0.04501186206471175,0.9037591964006424
2777,2777,3.405035972595215,3.4697823524475098,0.0002,1.0348731365373496,0.41521061211824417,0.04234879417344928,0.045142310787923634,0.9098465293645859
2778,2778,3.46012020111084,3.512420177459717,0.0002,1.0351121814269193,0.4181607514619827,0.042231880594044924,0.04494021646678448,0.9070648401975632
2779,2779,3.4726145267486572,3.489176034927368,0.0002,1.0352101368142703,0.4180118218064308,0.04212188359815627,0.044866607524454594,0.9081310629844666
2780,2780,3.4053220748901367,3.41933012008667,0.0002,1.035462694803609,0.4170190989971161,0.04201578558422625,0.04471263207960874,0.9064856469631195
2781,2781,3.4622559547424316,3.4715232849121094,0.0002,1.0353880468569434,0.42072396725416183,0.041908638435415924,0.044544351287186146,0.9057634770870209
2782,2782,3.4195590019226074,3.469346523284912,0.0002,1.035720907273753,0.41931314021348953,0.04179688193835318,0.0445388468215242,0.9079383462667465
2783,2783,3.4924912452697754,3.4658360481262207,0.0002,1.0372425591479555,0.4200783595442772,0.04169982124585658,0.04451349866576493,0.9107484817504883
2784,2784,3.4505581855773926,3.5281670093536377,0.0002,1.0374408554511398,0.4166836738586426,0.04162296699360013,0.04435460676904768,0.9078967869281769
2785,2785,3.422056198120117,3.466759204864502,0.0002,1.0373539308242195,0.42062148451805115,0.041562322061508894,0.04419212485663593,0.9037655889987946
2786,2786,3.427067756652832,3.3923280239105225,0.0002,1.0373947581503065,0.4158690795302391,0.041484173154458404,0.04418846720363945,0.9065444767475128
2787,2787,3.3815648555755615,3.485466957092285,0.0002,1.037382964025755,0.42091236263513565,0.04145705688279122,0.044213046319782734,0.9089080542325974
2788,2788,3.4848756790161133,3.5494329929351807,0.0002,1.0387800795820843,0.41869256645441055,0.041430735611356795,0.04440740589052439,0.9145171940326691
2789,2789,3.38685941696167,3.427358865737915,0.0002,1.037139539228403,0.41683248430490494,0.04140766884665936,0.044261890230700374,0.9134514480829239
2790,2790,3.394549608230591,3.4345335960388184,0.0002,1.0396029477466353,0.41743943095207214,0.041402453440241516,0.04424782004207373,0.9126894474029541
2791,2791,3.438417911529541,3.4877312183380127,0.0002,1.0404240249895675,0.41731075197458267,0.04138080065604299,0.04406089161057025,0.9093542098999023
2792,2792,3.52797532081604,3.4428162574768066,0.0002,1.0417786737990609,0.419130876660347,0.041350447572767735,0.043959808303043246,0.9067520946264267
2793,2793,3.493576765060425,3.449650764465332,0.0002,1.0414737983785531,0.41890861839056015,0.041353812790475786,0.04424650012515485,0.9164188206195831
2794,2794,3.4018044471740723,3.4757080078125,0.0002,1.040988424692266,0.4200885221362114,0.04134345753118396,0.04418486496433616,0.9159881174564362
2795,2795,3.4370386600494385,3.5071969032287598,0.0002,1.0405212030355688,0.4175211563706398,0.04134883277583867,0.04419828217942268,0.9160008430480957
2796,2796,3.434877395629883,3.4139537811279297,0.0002,1.0401029047820582,0.41588325053453445,0.041347320191562176,0.04431465605739504,0.9194325953722
2797,2797,3.4409286975860596,3.4301626682281494,0.0002,1.0398317646840214,0.42006954550743103,0.041328455437906086,0.044045106624253094,0.9124347418546677
2798,2798,3.361978530883789,3.3881616592407227,0.0002,1.0395290985163936,0.41616520285606384,0.041329000261612236,0.04401226353365928,0.9134335219860077
2799,2799,3.3986124992370605,3.502717971801758,0.0002,0.9846726998680947,0.4203987643122673,0.04132015781942755,0.04410680464934558,0.9155157208442688
2800,2800,3.4017932415008545,3.420044422149658,0.0002,0.9905574104593161,0.41920948028564453,0.04128126206342131,0.04411698062904179,0.9177440106868744
2801,2801,3.46437931060791,3.527279853820801,0.0002,0.9949653917135214,0.41771477460861206,0.04124395060352981,0.043871753732673824,0.9131279289722443
2802,2802,3.383798360824585,3.4302518367767334,0.0002,0.9969830692700012,0.4229476898908615,0.041179527528584,0.04392924008425325,0.9143752902746201
2803,2803,3.4411497116088867,3.4773635864257812,0.0002,1.0012485032288791,0.4189359247684479,0.04114122979808599,0.04410128260497004,0.9226829260587692
2804,2804,3.500368595123291,3.512889862060547,0.0002,1.0059824926252559,0.42010845243930817,0.041069083381444216,0.04384195327293128,0.9168219119310379
2805,2805,3.480863571166992,3.4530301094055176,0.0002,1.0077938178004007,0.42125243693590164,0.041007077787071466,0.04373472824227065,0.9165495485067368
2806,2806,3.4025959968566895,3.4661245346069336,0.0002,1.0107924223291518,0.4168930873274803,0.040989969624206424,0.04383417160715908,0.9194499105215073
2807,2807,3.4474472999572754,3.4451117515563965,0.0002,1.0133597711681828,0.4198911041021347,0.04098067607264966,0.04389136622194201,0.9220045804977417
2808,2808,3.4148917198181152,3.4104270935058594,0.0002,1.0155977757422259,0.4200226441025734,0.04097085352987051,0.04371121933218092,0.9186650961637497
2809,2809,3.5169029235839844,3.435668468475342,0.0002,1.017636611635514,0.4198732152581215,0.040965448250062764,0.04401000146754086,0.926458939909935
2810,2810,3.4098896980285645,3.479865312576294,0.0002,1.0177832581801554,0.4197309985756874,0.040928965201601386,0.043848859844729304,0.924029067158699
2811,2811,3.535471200942993,3.4073190689086914,0.0002,1.0196827988085795,0.41889893263578415,0.040903009357862175,0.0436638833489269,0.9197547137737274
2812,2812,3.4469544887542725,3.5001285076141357,0.0002,1.0214444059385075,0.4168863371014595,0.04090984584763646,0.04374375392217189,0.9230251759290695
2813,2813,3.38850736618042,3.4242773056030273,0.0002,1.0229910524113077,0.4191580191254616,0.04088843846693635,0.04372917243745178,0.9224389791488647
2814,2814,3.4023728370666504,3.4631004333496094,0.0002,1.0244068398518171,0.42109931260347366,0.04080376913771033,0.04354862670879811,0.9195740222930908
2815,2815,3.472592353820801,3.470355987548828,0.0002,1.025537499133264,0.4175589010119438,0.040738732321187854,0.04344621335621923,0.9178670793771744
2816,2816,3.396249771118164,3.4725747108459473,0.0002,1.0266105276390725,0.41978348791599274,0.04065152665134519,0.043294104863889515,0.9162770956754684
2817,2817,3.3881993293762207,3.4214656352996826,0.0002,1.0276264600667904,0.42214538902044296,0.04054008354432881,0.04338857578113675,0.9239294826984406
2818,2818,3.4834909439086914,3.4130282402038574,0.0002,1.0286903861888352,0.4184129536151886,0.040404674131423235,0.043125030235387385,0.9175468981266022
2819,2819,3.4783668518066406,3.5368683338165283,0.0002,1.0294270008399558,0.42143934965133667,0.04024746431969106,0.04294441337697208,0.9158625155687332
2820,2820,3.483482599258423,3.4571022987365723,0.0002,1.0317444650989942,0.4235449731349945,0.040134316426701844,0.04289718600921333,0.9171880483627319
2821,2821,3.4031949043273926,3.4843971729278564,0.0002,1.0324089652821322,0.42105456441640854,0.04000069247558713,0.042746165534481406,0.9156731367111206
2822,2822,3.4534153938293457,3.4760589599609375,0.0002,1.032906336837151,0.41731761395931244,0.03985921503044665,0.04288427683059126,0.9243847578763962
2823,2823,3.491359233856201,3.4310405254364014,0.0002,1.0332913664909282,0.4232993721961975,0.039768368820659816,0.042639185092411935,0.9164068698883057
2824,2824,3.4362103939056396,3.4396331310272217,0.0002,1.0336519946947413,0.41924379020929337,0.039666802855208516,0.04252563207410276,0.9157721102237701
2825,2825,3.491368532180786,3.4680962562561035,0.0002,1.033919296521582,0.41945815086364746,0.03962340170983225,0.04256848490331322,0.9201227873563766
2826,2826,3.4625771045684814,3.450247049331665,0.0002,1.0342105211593762,0.41971027851104736,0.03956487460527569,0.042400256963446736,0.9163584858179092
2827,2827,3.3835244178771973,3.4901926517486572,0.0002,1.0344510347005282,0.42351865768432617,0.039509049616754055,0.042139604105614126,0.9094468057155609
2828,2828,3.4359257221221924,3.5261921882629395,0.0002,1.0345574905992216,0.4205302745103836,0.03945740370545536,0.0422237110324204,0.9129722863435745
2829,2829,3.4046316146850586,3.4302525520324707,0.0002,1.032987362600927,0.42196885496377945,0.039412726764567196,0.0421144999563694,0.9107324331998825
2830,2830,3.3932032585144043,3.452672004699707,0.0002,1.033353716058578,0.42018935829401016,0.039386163116432726,0.042182488017715514,0.9148598313331604
2831,2831,3.3743233680725098,3.4510974884033203,0.0002,1.0336865179200942,0.4237324222922325,0.03929216810502112,0.04188303626142442,0.9034567326307297
2832,2832,3.4924957752227783,3.4628920555114746,0.0002,1.0339838368984309,0.42267153412103653,0.03920299222227186,0.04220563708804548,0.9213125556707382
2833,2833,3.4661500453948975,3.463193893432617,0.0002,1.03426111654608,0.42085812240839005,0.03909370629116893,0.04188094998244196,0.9129189103841782
2834,2834,3.444611072540283,3.405777931213379,0.0002,1.0344749909040838,0.41870761662721634,0.03900243516545743,0.041907542501576245,0.9170970022678375
2835,2835,3.4997191429138184,3.415584087371826,0.0002,1.0346943436516,0.41844528168439865,0.03897601738572121,0.04199689719825983,0.9229136109352112
2836,2836,3.428417682647705,3.4074831008911133,0.0002,1.0348538887373804,0.42297278344631195,0.03894107311498374,0.04167360265273601,0.9114807993173599
2837,2837,3.4568276405334473,3.4433932304382324,0.0002,1.0349671133311529,0.4227408766746521,0.03893844853155315,0.041730455006472766,0.9146939218044281
2838,2838,3.5045604705810547,3.4485037326812744,0.0002,1.036708770055882,0.4195074513554573,0.038948200293816626,0.041782040731050074,0.917109027504921
2839,2839,3.421504497528076,3.4333794116973877,0.0002,1.037094316956182,0.42341824620962143,0.03895851341076195,0.04167255468200892,0.9123111814260483
2840,2840,3.4503841400146484,3.4113757610321045,0.0002,1.037053939832959,0.41933517903089523,0.03894911683164537,0.04186758596915752,0.9205086976289749
2841,2841,3.433931350708008,3.491386890411377,0.0002,1.0368517763830674,0.42038077861070633,0.03894426382612437,0.04172256914898753,0.9147269576787949
2842,2842,3.42562198638916,3.434671401977539,0.0002,1.0369861010179944,0.42372097820043564,0.038949422421865165,0.04186621552798897,0.9194662123918533
2843,2843,3.3915202617645264,3.5132064819335938,0.0002,1.0368610328603491,0.4209967851638794,0.03899452742189169,0.042015715851448476,0.9269215613603592
2844,2844,3.39635968208313,3.4202027320861816,0.0002,1.0369109919808621,0.41982146352529526,0.0390806415816769,0.04199163801968098,0.9250380098819733
2845,2845,3.3933053016662598,3.435488700866699,0.0002,1.036910979849427,0.41865721344947815,0.039161038235761225,0.04187139915302396,0.9187322854995728
2846,2846,3.4576780796051025,3.449671506881714,0.0002,1.0369105281894735,0.4208330512046814,0.039261810132302344,0.04238325986079872,0.9348859190940857
2847,2847,3.4636549949645996,3.392153263092041,0.0002,1.0376259427136203,0.42226681113243103,0.039346591336652637,0.04227902553975582,0.9300587028264999
2848,2848,3.4121851921081543,3.46211576461792,0.0002,1.0384775649012896,0.4240713194012642,0.03939575410913676,0.042070032679475844,0.9239343851804733
2849,2849,3.4427316188812256,3.5116920471191406,0.0002,1.0383376464377758,0.425833523273468,0.039467071648687124,0.04199011670425534,0.916476234793663
2850,2850,3.4636659622192383,3.4630892276763916,0.0002,1.0381570787672236,0.42243707925081253,0.03954822279047221,0.04240246512927115,0.9309892654418945
2851,2851,3.367018938064575,3.420210361480713,0.0002,1.0380584683486702,0.42148324847221375,0.03956051298882812,0.04227720317430794,0.9280575811862946
2852,2852,3.4536399841308594,3.448276996612549,0.0002,1.0378855630576211,0.41967690736055374,0.039557256968691945,0.04238954489119351,0.9308752417564392
2853,2853,3.363906145095825,3.46663761138916,0.0002,1.0376899010842366,0.42522353678941727,0.03960096824448556,0.04252608050592244,0.9356524795293808
2854,2854,3.3627419471740723,3.4350838661193848,0.0002,1.037805403781757,0.4223399832844734,0.03957937879022211,0.042395833879709244,0.9316264688968658
2855,2855,3.4319541454315186,3.3978822231292725,0.0002,1.0376379975121204,0.422418937087059,0.03959475480951369,0.04229253577068448,0.9283634126186371
2856,2856,3.484174966812134,3.4368550777435303,0.0002,1.037541049598833,0.42115145176649094,0.039558857562951744,0.04208369355183095,0.9229552000761032
2857,2857,3.4246020317077637,3.410926342010498,0.0002,1.0383625934795775,0.4236331507563591,0.039531211368739605,0.04236601374577731,0.9325025677680969
2858,2858,3.411224365234375,3.4864208698272705,0.0002,1.0389667728224468,0.4232213422656059,0.03944988490547985,0.04199560359120369,0.9236489683389664
2859,2859,3.3949763774871826,3.4113638401031494,0.0002,1.0388825289206947,0.42268746346235275,0.03942719707265496,0.04244668676983565,0.9411620795726776
2860,2860,3.4626667499542236,3.4273810386657715,0.0002,1.0387188704282058,0.4229678139090538,0.03931545757222921,0.042088629328645766,0.9310480058193207
2861,2861,3.424004077911377,3.401796579360962,0.0002,1.0384653987362917,0.4217151179909706,0.03927044791635126,0.04182845389004797,0.922863781452179
2862,2862,3.429245710372925,3.404958724975586,0.0002,1.038223192096823,0.42018306255340576,0.03920923941768706,0.042037279112264514,0.931695282459259
2863,2863,3.399994373321533,3.4094653129577637,0.0002,1.0381157655687807,0.42122286558151245,0.039161352440714836,0.042033509351313114,0.9355079978704453
2864,2864,3.425719738006592,3.4124765396118164,0.0002,1.0380067366770274,0.42591623216867447,0.03909486229531467,0.04185757541563362,0.9296907186508179
2865,2865,3.440948247909546,3.410818099975586,0.0002,1.0378790827396684,0.42047809809446335,0.039126464165747166,0.04224126506596804,0.942738801240921
2866,2866,3.4269795417785645,3.4379215240478516,0.0002,1.0385817165092226,0.42201705276966095,0.0391360871726647,0.041993746533989906,0.9342197775840759
2867,2867,3.37825345993042,3.4706828594207764,0.0002,1.0391657721271879,0.4229103699326515,0.03917969390749931,0.04193861270323396,0.9304137676954269
2868,2868,3.469810962677002,3.437976837158203,0.0002,1.0391438636693342,0.42645425349473953,0.03921631211414933,0.04201470536645502,0.9337174296379089
2869,2869,3.433013439178467,3.5714828968048096,0.0002,1.0388544949634089,0.42290497571229935,0.03924255329184234,0.04191490774974227,0.9287994354963303
2870,2870,3.388373374938965,3.4679489135742188,0.0002,1.0386495557678423,0.4249691963195801,0.039297071867622435,0.042073214310221374,0.9343567490577698
2871,2871,3.3637218475341797,3.3143768310546875,0.0002,1.038430310539784,0.42154599726200104,0.039293851354159415,0.04198621888644993,0.9311861097812653
2872,2872,3.453425645828247,3.4419021606445312,0.0002,0.9854342077109488,0.4240405037999153,0.03931348631158471,0.04203349503222853,0.9324175417423248
2873,2873,3.468667507171631,3.511364459991455,0.0002,0.9891038374273494,0.4250491186976433,0.03927065618336201,0.041856172727420926,0.9282152056694031
2874,2874,3.432149648666382,3.430426836013794,0.0002,0.9938369622907722,0.4232630282640457,0.03920546418521553,0.04192097077611834,0.932190477848053
2875,2875,3.421755790710449,3.4029533863067627,0.0002,0.9980615595043015,0.42430127412080765,0.03916465910151601,0.04176113475114107,0.9278218597173691
2876,2876,3.3603885173797607,3.4720816612243652,0.0002,1.0019707371833182,0.42544005811214447,0.03908174787648022,0.041657952475361526,0.9253003299236298
2877,2877,3.4128150939941406,3.511474132537842,0.0002,1.0053691973197287,0.4221993237733841,0.038971473928540945,0.04154710366856307,0.9246828705072403
2878,2878,3.423820972442627,3.445890426635742,0.0002,1.0085511389346404,0.42744940519332886,0.038923922227695584,0.04163729352876544,0.9313384592533112
2879,2879,3.4230098724365234,3.430980682373047,0.0002,1.0111435138149283,0.4261048883199692,0.038814593106508255,0.041519167833030224,0.9281550049781799
2880,2880,3.4695358276367188,3.396451234817505,0.0002,1.013939762763331,0.4257764667272568,0.03868200443685055,0.041168717201799154,0.9179488718509674
2881,2881,3.4045276641845703,3.418290853500366,0.0002,1.0160911924066849,0.4245993494987488,0.038642995175905526,0.041644698940217495,0.9397469460964203
2882,2882,3.3989670276641846,3.487809896469116,0.0002,1.0182331360239005,0.42890065908432007,0.03857094107661396,0.04140877421014011,0.9314377754926682
2883,2883,3.4771881103515625,3.4523258209228516,0.0002,1.020037921448509,0.421075664460659,0.03855971049051732,0.04149655322544277,0.9369097501039505
2884,2884,3.4137306213378906,3.395740032196045,0.0002,1.0231754319885613,0.42453533411026,0.038519841618835926,0.04134851787239313,0.9321560710668564
2885,2885,3.565464973449707,3.476562976837158,0.0002,1.0249542749660268,0.4247950538992882,0.03852156549692154,0.041165681555867195,0.9259514659643173
2886,2886,3.4403018951416016,3.3919548988342285,0.0002,1.0260768226962371,0.428721122443676,0.03853819414507598,0.04131060454528779,0.9317677021026611
2887,2887,3.4406089782714844,3.4444966316223145,0.0002,1.0271959400152255,0.42097940295934677,0.03858752583619207,0.04145322204567492,0.9361224174499512
2888,2888,3.4260435104370117,3.371626377105713,0.0002,1.0281066461286068,0.4277358055114746,0.0386210527503863,0.04146448627579957,0.9354783445596695
2889,2889,3.4247684478759766,3.4258875846862793,0.0002,1.0288967948187653,0.42463719844818115,0.038654285250231624,0.041202252032235265,0.9237958639860153
2890,2890,3.4416377544403076,3.4529190063476562,0.0002,1.0297515598138607,0.42436356097459793,0.03869549825321883,0.04149152594618499,0.9356194287538528
2891,2891,3.4263200759887695,3.4365010261535645,0.0002,1.0304159495377294,0.42682160437107086,0.03868858306668699,0.04127080284524709,0.9262295961380005
2892,2892,3.4723410606384277,3.4417648315429688,0.0002,1.0310791065007736,0.42589135468006134,0.038682371843606234,0.04139286943245679,0.9327925741672516
2893,2893,3.3750553131103516,3.3912465572357178,0.0002,1.031625714105225,0.42307838797569275,0.03868559142574668,0.04144349740818143,0.9362027198076248
2894,2894,3.4405910968780518,3.4940195083618164,0.0002,1.0303513169927083,0.42045411467552185,0.038699732860550284,0.041376569075509906,0.9322205036878586
2895,2895,3.3977303504943848,3.420344352722168,0.0002,1.0310698957401356,0.42503560334444046,0.03871318860910833,0.041227082489058375,0.9278640300035477
2896,2896,3.349163293838501,3.405625820159912,0.0002,1.0315342494327504,0.4284406378865242,0.038745395722799,0.04146393819246441,0.9338324218988419
2897,2897,3.4088234901428223,3.410123586654663,0.0002,1.0320538442198195,0.42632460594177246,0.03872562770266086,0.04140342806931585,0.9353301972150803
2898,2898,3.4993066787719727,3.4102845191955566,0.0002,1.0324827221066089,0.42642002552747726,0.038680841913446784,0.04107923118863255,0.9211118072271347
2899,2899,3.433284282684326,3.4442365169525146,0.0002,1.0328845640104576,0.4203709065914154,0.03869269054848701,0.0415864692768082,0.944416344165802
2900,2900,3.444258213043213,3.4055380821228027,0.0002,1.0332735334265715,0.4273943305015564,0.0386615302413702,0.04158196970820427,0.9448934495449066
2901,2901,3.4851484298706055,3.575446605682373,0.0002,1.0317824637154411,0.4236338287591934,0.038678424432873726,0.04167897521983832,0.9491791427135468
2902,2902,3.4534049034118652,3.4105076789855957,0.0002,1.0303546997512636,0.4251515865325928,0.038694110815413296,0.041455933707766235,0.9387890547513962
2903,2903,3.3792269229888916,3.478811264038086,0.0002,1.0326007450652859,0.424701489508152,0.038742531556636095,0.041669468861073256,0.9484128355979919
2904,2904,3.3558573722839355,3.39632511138916,0.0002,1.0333119440857939,0.4260636642575264,0.038797755260020494,0.041534547111950815,0.9419712871313095
2905,2905,3.378281593322754,3.4707093238830566,0.0002,1.0336348275008993,0.4284763038158417,0.03884748776908964,0.04153330880217254,0.939895749092102
2906,2906,3.413051128387451,3.461190700531006,0.0002,1.0339747741053664,0.42581821978092194,0.03896455653011799,0.041750659118406475,0.9467667639255524
2907,2907,3.4879519939422607,3.4088244438171387,0.0002,1.0342371004114406,0.4267805516719818,0.03901265643071383,0.04171994375064969,0.9448660612106323
2908,2908,3.407345771789551,3.4350337982177734,0.0002,1.0344943413265697,0.4231520891189575,0.039096124237403274,0.04182193800806999,0.9473512470722198
2909,2909,3.421088695526123,3.4969098567962646,0.0002,1.0346937001393945,0.4232736676931381,0.03912426938768476,0.041741632390767336,0.9417478889226913
2910,2910,3.391157627105713,3.426906108856201,0.0002,1.0348638758307098,0.42436130344867706,0.03916201484389603,0.04179177526384592,0.946068748831749
2911,2911,3.3525025844573975,3.4318299293518066,0.0002,1.0350782725788747,0.42314843088388443,0.03915947873611003,0.04181936883833259,0.9474578201770782
2912,2912,3.360045909881592,3.432105302810669,0.0002,1.0360247470943014,0.4279433935880661,0.039210643619298935,0.04197804362047464,0.9524861872196198
2913,2913,3.361210823059082,3.5159223079681396,0.0002,1.036976407475641,0.4240005761384964,0.03914720716420561,0.04149926651734859,0.9371387213468552
2914,2914,3.4886960983276367,3.4344398975372314,0.0002,1.0370293883342958,0.4325416013598442,0.03914916468784213,0.04170220100786537,0.9410830438137054
2915,2915,3.4025473594665527,3.3960065841674805,0.0002,1.037060747433597,0.42586422711610794,0.03909695765469223,0.041814513388089836,0.9492956548929214
2916,2916,3.368229627609253,3.4440855979919434,0.0002,1.0370228461576112,0.4249880760908127,0.03905925841536373,0.04175778885837644,0.9477968513965607
2917,2917,3.337463855743408,3.391444683074951,0.0002,1.03698829446233,0.4277975261211395,0.03896477515809238,0.04165775643195957,0.9458806216716766
2918,2918,3.4403305053710938,3.4073190689086914,0.0002,1.0381334328670175,0.42964011430740356,0.03889549628365785,0.04144510440528393,0.9393822699785233
2919,2919,3.419008731842041,3.4789047241210938,0.0002,1.036853629878099,0.42625075578689575,0.03883142408449203,0.041643130127340555,0.949869304895401
2920,2920,3.3917651176452637,3.486769676208496,0.0002,1.0385216212454604,0.43033772706985474,0.03878785762935877,0.04139594023581594,0.9428638368844986
2921,2921,3.4014625549316406,3.4234585762023926,0.0002,1.0372991932263032,0.4256073534488678,0.03876111202407628,0.04145220434293151,0.9465930610895157
2922,2922,3.412292957305908,3.479038953781128,0.0002,1.038344795456609,0.43101684749126434,0.038692289032042027,0.041227178066037595,0.9357386082410812
2923,2923,3.3982787132263184,3.4412741661071777,0.0002,1.038269321940673,0.42800386250019073,0.03865476755890995,0.04132005595602095,0.9443051666021347
2924,2924,3.3910398483276367,3.5857439041137695,0.0002,1.0381039554036953,0.4255487099289894,0.0385711460839957,0.041180958272889256,0.9443439692258835
2925,2925,3.464629888534546,3.422943115234375,0.0002,1.0378191917918973,0.4267747402191162,0.03858024661894888,0.04134653159417212,0.94797582924366
2926,2926,3.3890023231506348,3.4166228771209717,0.0002,1.0378563330519417,0.4228713884949684,0.03860431560315192,0.04134211130440235,0.9489733874797821
2927,2927,3.4422340393066406,3.398247241973877,0.0002,1.0377190523100377,0.4263325184583664,0.03859752998687327,0.04126629245001823,0.945810854434967
2928,2928,3.4517459869384766,3.4564461708068848,0.0002,1.0376386748910937,0.42438551783561707,0.038633947959169745,0.04119091818574816,0.9420529156923294
2929,2929,3.351950168609619,3.449423313140869,0.0002,1.037535932568339,0.4281478002667427,0.03866402106359601,0.04137901577632874,0.9499056935310364
2930,2930,3.459407329559326,3.389692544937134,0.0002,1.037483123642741,0.42892181873321533,0.038704599952325225,0.041236013756133616,0.9409345388412476
2931,2931,3.3737356662750244,3.4258012771606445,0.0002,1.038819499694487,0.4274992272257805,0.038701273035258055,0.04127041751053184,0.9422497600317001
2932,2932,3.430750846862793,3.461458683013916,0.0002,1.0389686800589413,0.426249697804451,0.03874906280543655,0.041596715222112834,0.9576336294412613
2933,2933,3.4183573722839355,3.44547963142395,0.0002,1.0387439506109677,0.42801137268543243,0.03874815511517227,0.0412826428655535,0.9428806751966476
2934,2934,3.4596710205078125,3.388201951980591,0.0002,1.0384677290614905,0.4217210114002228,0.03881428076419979,0.04155668430030346,0.9548551589250565
2935,2935,3.404707908630371,3.419436454772949,0.0002,1.0383486378458209,0.4259037747979164,0.0388368503190577,0.04161142744123936,0.9573346525430679
2936,2936,3.441420078277588,3.3813700675964355,0.0002,1.0381379113656215,0.42477841675281525,0.03886443504597992,0.041417150874622166,0.9496855735778809
2937,2937,3.424394369125366,3.4508166313171387,0.0002,1.037987007380816,0.4266132190823555,0.038899558945558965,0.04133616015315056,0.941742405295372
2938,2938,3.423485517501831,3.417093515396118,0.0002,1.0378547179449977,0.42825162410736084,0.03893268236424774,0.04167502641212195,0.9587827175855637
2939,2939,3.440575361251831,3.4955222606658936,0.0002,1.0378070730908895,0.42725927382707596,0.038925515254959464,0.04141942167188972,0.947411373257637
2940,2940,3.515394687652588,3.5047202110290527,0.0002,1.0376923365521467,0.42760270833969116,0.03896827553398907,0.041508283698931336,0.9495591819286346
2941,2941,3.388296604156494,3.482513427734375,0.0002,1.0358189376719344,0.42806921899318695,0.03895528893917799,0.04162287153303623,0.9575801938772202
2942,2942,3.3846607208251953,3.4385695457458496,0.0002,1.0340440029297249,0.4300576522946358,0.03890550427604467,0.04131166497245431,0.9439387619495392
2943,2943,3.407634735107422,3.4147112369537354,0.0002,1.0324775867635285,0.42844120413064957,0.038930317386984825,0.04161603411193937,0.959918737411499
2944,2944,3.398622751235962,3.401829719543457,0.0002,1.0328231623306068,0.426491841673851,0.038873629295267165,0.041432368801906705,0.9510074108839035
2945,2945,3.445263147354126,3.3480749130249023,0.0002,1.033241630428782,0.42611759155988693,0.03891176136676222,0.041413951897993684,0.9521847665309906
2946,2946,3.392782211303711,3.44566011428833,0.0002,1.0333851391520532,0.42836011201143265,0.03893030248582363,0.04138596309348941,0.9494334757328033
2947,2947,3.408259868621826,3.4412779808044434,0.0002,1.0336126920582542,0.4308970645070076,0.03897668200079352,0.041646532947197556,0.9613715410232544
2948,2948,3.3609862327575684,3.4550352096557617,0.0002,1.0338416777969435,0.428770050406456,0.03900967549998313,0.04157780157402158,0.9574895203113556
2949,2949,3.422332286834717,3.511029005050659,0.0002,1.0339471287530846,0.42646508663892746,0.03905284416396171,0.041693178354762495,0.9610800445079803
2950,2950,3.4126453399658203,3.4389543533325195,0.0002,1.0333573140945242,0.42614492774009705,0.03911558398976922,0.04178389045409858,0.9651003330945969
2951,2951,3.3747639656066895,3.418208599090576,0.0002,1.0329826850589539,0.42280474305152893,0.03911638306453824,0.04151143040508032,0.9509820938110352
2952,2952,3.38822078704834,3.431046962738037,0.0002,1.0334085699260844,0.42384692281484604,0.039168148883618414,0.041768255876377225,0.9637921452522278
2953,2953,3.408675193786621,3.387990951538086,0.0002,1.0319699323192943,0.4283699095249176,0.039160545566119254,0.04167941818013787,0.9597773998975754
2954,2954,3.462118625640869,3.3905348777770996,0.0002,1.0305531382172441,0.42719536274671555,0.03921556787099689,0.0416994207771495,0.9605856537818909
2955,2955,3.401287317276001,3.503830671310425,0.0002,1.0311501405332564,0.428921714425087,0.039168196148239076,0.041677412926219404,0.9572717398405075
2956,2956,3.408329486846924,3.438183546066284,0.0002,1.031742523622472,0.42680564522743225,0.03924397437367588,0.04187972017098218,0.967673197388649
2957,2957,3.373636484146118,3.4481077194213867,0.0002,1.0322064960658555,0.42676952481269836,0.0392347676679492,0.04178564320318401,0.9645706713199615
2958,2958,3.3182132244110107,3.4715890884399414,0.0002,1.0326042618101765,0.4273953437805176,0.03920565370935947,0.04162010527215898,0.9580808579921722
2959,2959,3.4516375064849854,3.4765069484710693,0.0002,1.03383437767268,0.4300088435411453,0.039209373062476516,0.041770683135837317,0.9647983610630035
2960,2960,3.374223232269287,3.4782891273498535,0.0002,1.0349347688906678,0.42972442507743835,0.039192074094899,0.0416184151545167,0.958642765879631
2961,2961,3.416534185409546,3.4997053146362305,0.0002,1.035209566602491,0.42604289948940277,0.039183760643936694,0.04140596464276314,0.9500354081392288
2962,2962,3.4163248538970947,3.409895896911621,0.0002,1.0352195141966114,0.42997800558805466,0.03918288869317621,0.04170104779768735,0.9660133719444275
2963,2963,3.44181489944458,3.3637185096740723,0.0002,1.0346295578809321,0.4307178109884262,0.0391578491544351,0.04148815432563424,0.9550660848617554
2964,2964,3.354322671890259,3.3888843059539795,0.0002,1.0319198521120383,0.4306376501917839,0.03910559928044677,0.04159511183388531,0.9627279937267303
2965,2965,3.3987538814544678,3.4212093353271484,0.0002,1.0289854686189295,0.4268065467476845,0.039055423345416784,0.041466754279099405,0.9592212587594986
2966,2966,3.324808359146118,3.465057373046875,0.0002,1.0288970191426086,0.42730190604925156,0.038996323477476835,0.04126572981476784,0.9546844959259033
2967,2967,3.3860650062561035,3.4508917331695557,0.0002,1.0266907071365932,0.4288833662867546,0.03898490674328059,0.04153229063376784,0.9673392474651337
2968,2968,3.3792929649353027,3.399751663208008,0.0002,1.0243518093964625,0.4246133640408516,0.03893234510906041,0.04138328926637769,0.9612490087747574
2969,2969,3.3993215560913086,3.3487329483032227,0.0002,1.0233835548386572,0.43380775302648544,0.038927623303607106,0.041241652448661625,0.9550077468156815
2970,2970,3.3980984687805176,3.3978614807128906,0.0002,1.0231102835666663,0.4291198179125786,0.038903270033188164,0.04135068808682263,0.9600908309221268
2971,2971,3.375851631164551,3.3890633583068848,0.0002,1.022644467075204,0.424847736954689,0.038905328954569995,0.04126994137186557,0.955819234251976
2972,2972,3.341269016265869,3.413774013519287,0.0002,1.02383452841956,0.42741577327251434,0.03895178821403533,0.04147425852715969,0.9659720212221146
2973,2973,3.3541243076324463,3.3920605182647705,0.0002,1.0244695718092283,0.4287320449948311,0.03896060527767986,0.04147224419284612,0.9662715345621109
2974,2974,3.3149828910827637,3.393126964569092,0.0002,1.0230826459787339,0.42957912385463715,0.038988550659269094,0.041388113400898874,0.9620609283447266
2975,2975,3.380201816558838,3.3862621784210205,0.0002,1.0225762421981563,0.42933354526758194,0.03904476261232048,0.04159566469024867,0.9702154397964478
2976,2976,3.361323356628418,3.4996542930603027,0.0002,1.022342297169206,0.42800140380859375,0.03910700499545783,0.04160709911957383,0.9675645977258682
2977,2977,3.50080943107605,3.4215755462646484,0.0002,1.0237348458714206,0.43020009249448776,0.039076659828424454,0.04138195305131376,0.9604283273220062
2978,2978,3.366217613220215,3.448883533477783,0.0002,1.0266633270868322,0.43226728588342667,0.039100644178688526,0.041426341980695724,0.9585119783878326
2979,2979,3.4667067527770996,3.4445691108703613,0.0002,1.0279532037142576,0.43046218156814575,0.03909328731242567,0.04136781976558268,0.9608987122774124
2980,2980,3.3831210136413574,3.5074009895324707,0.0002,1.0288264973608443,0.42987094819545746,0.03906310931779444,0.041459143278189,0.9644244015216827
2981,2981,3.3596341609954834,3.450531482696533,0.0002,1.02968785090636,0.42671333253383636,0.03893946507014334,0.04130982328206301,0.9617970734834671
2982,2982,3.362511396408081,3.3688671588897705,0.0002,1.030287331090636,0.42909036576747894,0.03891568700782955,0.04135732923168689,0.9645826667547226
2983,2983,3.4256997108459473,3.4026031494140625,0.0002,1.030927211999585,0.4289533942937851,0.03894396487157792,0.041347621590830386,0.9645737856626511
2984,2984,3.39815092086792,3.391268253326416,0.0002,1.031630139417226,0.42806266248226166,0.03891545219812542,0.041286489577032626,0.9628373086452484
2985,2985,3.3837127685546875,3.382537841796875,0.0002,1.0320507825387395,0.430368535220623,0.038907448295503855,0.041155757615342736,0.9552834033966064
2986,2986,3.403557777404785,3.417633056640625,0.0002,1.0325367913515164,0.4325411394238472,0.038902970496565104,0.04127377271652222,0.9667178839445114
2987,2987,3.3792061805725098,3.512885570526123,0.0002,1.0337978284138225,0.43007300049066544,0.03886977001093328,0.04111349559389055,0.9586019665002823
2988,2988,3.4031286239624023,3.4307377338409424,0.0002,1.0349247024758477,0.43021775037050247,0.03878614923451096,0.04096322972327471,0.9543171525001526
2989,2989,3.434460163116455,3.456721305847168,0.0002,1.0352906306259835,0.43275897204875946,0.03874593984801322,0.04100830457173288,0.9570575058460236
2990,2990,3.526338577270508,3.3798022270202637,0.0002,1.035417407132903,0.43106094002723694,0.03872514038812369,0.04112870653625578,0.9657410085201263
2991,2991,3.388077735900879,3.4404382705688477,0.0002,1.0354914410820402,0.4298044964671135,0.03863901365548372,0.0410550293745473,0.9647329300642014
2992,2992,3.445356845855713,3.4429407119750977,0.0002,1.0356686555171408,0.43152591586112976,0.038591829827055335,0.040916571277193725,0.9600299000740051
2993,2993,3.4022746086120605,3.4051296710968018,0.0002,1.0357704039834392,0.430557519197464,0.03867460193578154,0.041151532786898315,0.9706089794635773
2994,2994,3.334613561630249,3.4259958267211914,0.0002,1.035841716148386,0.4338550716638565,0.03869409067556262,0.04098364734090865,0.9599212110042572
2995,2995,3.437390089035034,3.3674089908599854,0.0002,1.035883882757541,0.43157242983579636,0.038730288739316165,0.0409763203933835,0.9596622586250305
2996,2996,3.4388937950134277,3.514289379119873,0.0002,1.0359879037959046,0.4350585415959358,0.03872492513619363,0.040891638956964016,0.9581402838230133
2997,2997,3.3261704444885254,3.401007890701294,0.0002,1.0342156203021293,0.43227604776620865,0.03878674015868455,0.041214442695491016,0.9708837270736694
2998,2998,3.3058791160583496,3.393230438232422,0.0002,1.03458131654327,0.43080274015665054,0.03882921871263534,0.04101990011986345,0.9617796242237091
2999,2999,3.3859543800354004,3.43174147605896,0.0002,1.0328838539318486,0.43384304642677307,0.0388230150565505,0.04117456846870482,0.9655016511678696
3000,3000,3.4785070419311523,3.3996191024780273,0.0002,1.0314793875137953,0.43085605651140213,0.03893110470380634,0.04119256080593914,0.9710801243782043
3001,3001,3.357391357421875,3.425760269165039,0.0002,1.0318184333703053,0.43510811030864716,0.03893958835396916,0.041302650002762675,0.9731186926364899
3002,3002,3.4327971935272217,3.325550079345703,0.0002,1.0323276770999257,0.4280538558959961,0.039004419115372,0.04148397454991937,0.9807973057031631
3003,3003,3.4257707595825195,3.3678736686706543,0.0002,1.0328420011179409,0.43119703978300095,0.039033724344335496,0.0413256969768554,0.9725569933652878
3004,3004,3.3413643836975098,3.411741018295288,0.0002,1.0332978336982606,0.43084272742271423,0.03911315684672445,0.041430968209169805,0.9759497791528702
3005,3005,3.345632791519165,3.502244710922241,0.0002,1.0335543464433234,0.43099550902843475,0.039115498890168965,0.04146400047466159,0.9768627732992172
3006,3006,3.4140992164611816,3.4213974475860596,0.0002,1.0353964361425458,0.4292185753583908,0.03915148286614567,0.041463967179879546,0.9764855355024338
3007,3007,3.377823829650879,3.3257625102996826,0.0002,1.035740400563315,0.43128545582294464,0.03914755512960255,0.04125321446917951,0.9689086824655533
3008,3008,3.3951969146728516,3.4760568141937256,0.0002,1.0359726093959278,0.4323674589395523,0.0391679402673617,0.04137023608200252,0.9736086428165436
3009,3009,3.3870351314544678,3.459583044052124,0.0002,1.0360008063012653,0.4347635805606842,0.03910746402107179,0.041239655460231006,0.9695493280887604
3010,3010,3.426462173461914,3.411930561065674,0.0002,1.0359975793375051,0.434574618935585,0.03902250435203314,0.04123295785393566,0.9705052971839905
3011,3011,3.3661868572235107,3.446312427520752,0.0002,1.036162123557106,0.4307674542069435,0.03900728246662766,0.04120214737486094,0.970877006649971
3012,3012,3.396902561187744,3.319962739944458,0.0002,1.0362250995581475,0.43223102390766144,0.03896705457009375,0.04119341471232474,0.973984569311142
3013,3013,3.372317314147949,3.3765368461608887,0.0002,1.0362491806742788,0.4324020445346832,0.03887537575792521,0.0409734642598778,0.9648436158895493
3014,3014,3.432957172393799,3.361133098602295,0.0002,1.036270853678797,0.43354830145835876,0.038868446834385395,0.04109530022833496,0.973346158862114
3015,3015,3.357038974761963,3.443382740020752,0.0002,1.0363282446460282,0.4343044236302376,0.03879385988693684,0.0409704118501395,0.9674358665943146
3016,3016,3.4014241695404053,3.5075273513793945,0.0002,1.0345380809629787,0.4351791590452194,0.03873375570401549,0.040856290026567876,0.964599683880806
3017,3017,3.4302449226379395,3.431786060333252,0.0002,1.0329741493933664,0.42945685237646103,0.03872223466169089,0.041098460904322565,0.9811843931674957
3018,3018,3.3279213905334473,3.453549861907959,0.0002,1.0332727082422435,0.4305282011628151,0.03867688786704093,0.04098009772133082,0.9761931300163269
3019,3019,3.456408977508545,3.412330150604248,0.0002,1.0318293563931509,0.4307406544685364,0.038679914898239076,0.04090366861782968,0.9721260070800781
3020,3020,3.3827450275421143,3.4431400299072266,0.0002,1.0322811233250726,0.4297129213809967,0.03872589336242527,0.040939333848655224,0.9764389544725418
3021,3021,3.3231253623962402,3.45574951171875,0.0002,1.0326111641540938,0.4315727725625038,0.03874583600554615,0.04086873319465667,0.9709056466817856
