step,iter,train/loss,val/loss,lr,mfu,token_embedding_act_abs_mean,attn_act_abs_mean,mlp_act_abs_mean,lm_head_act_abs_mean
0,0,4.174285411834717,4.17421817779541,2e-05,-100.0
1,1,4.1742401123046875,4.174295425415039,2e-05,-100.0,0.016032769344747066,6.121457408880815e-05,0.0003188489754393231,0.0011856165365315974
2,2,4.174304008483887,4.174351692199707,2e-05,-100.0,0.016035654116421938,6.170661981741432e-05,0.000318829015668598,0.0011848173453472555
3,3,4.1743855476379395,4.174382209777832,2e-05,-100.0,0.01603142824023962,6.101914459577529e-05,0.00031899109490041155,0.0011862620303872973
4,4,4.174210548400879,4.174435615539551,2e-05,-100.0,0.016024330630898476,6.274907696024457e-05,0.0003187567817803938,0.0011846258421428502
5,5,4.174183368682861,4.174289703369141,2e-05,-100.0,0.016048066318035126,6.28654524916783e-05,0.00031873454645392485,0.0011839933868031949
6,6,4.174140930175781,4.174201011657715,2e-05,2.1805669302792112,0.016013064421713352,6.207806723068643e-05,0.00031889080310065765,0.0011851163289975375
7,7,4.174287796020508,4.1742095947265625,2e-05,2.0470818963430513,0.016031943261623383,6.601572044928616e-05,0.0003193603060935857,0.0011822099622804672
8,8,4.17432165145874,4.174137115478516,2e-05,2.0865854045689844,0.016028038691729307,6.879637612655642e-05,0.0003200398768967716,0.0011874927731696516
9,9,4.1742401123046875,4.174106597900391,2e-05,1.9557586783720093,0.016032980754971504,7.338852401517215e-05,0.000320792732964037,0.0011849019501823932
10,10,4.174182415008545,4.1740546226501465,2e-05,1.832238283111868,0.016040791291743517,8.004706523934146e-05,0.00032181229289562907,0.0011841727537102997
11,11,4.174163818359375,4.1740875244140625,2e-05,1.7280980024522958,0.01603875495493412,8.694509961060248e-05,0.00032364109938498586,0.0011880969977937639
12,12,4.174033164978027,4.174158573150635,2e-05,1.7954451341968425,0.01603905577212572,9.560884745951626e-05,0.00032539023050048854,0.001187370391562581
13,13,4.174012184143066,4.1740570068359375,2e-05,1.8596425362084568,0.01603144034743309,0.00010516090333112516,0.000328101097693434,0.0011868088622577488
14,14,4.174136161804199,4.174187660217285,2e-05,1.9175771602782583,0.016029806807637215,0.00011589780206122668,0.00033096201696025673,0.001188077119877562
15,15,4.174101829528809,4.174185752868652,2e-05,1.969661997014988,0.016030746046453714,0.00012925234204885783,0.000334492340698489,0.0011885283456649631
16,16,4.174027442932129,4.174105644226074,2e-05,2.017878389438209,0.0160362902097404,0.00014210736389941303,0.00033842511402326636,0.001193355186842382
17,17,4.174077987670898,4.174102306365967,2e-05,2.0589372240542985,0.016018190421164036,0.0001567696317579248,0.0003432068278925726,0.001191607298096642
18,18,4.173958778381348,4.174079895019531,2e-05,2.0969509156892627,0.016025394201278687,0.0001715661201160401,0.0003484278659016127,0.0011921189725399017
19,19,4.173973083496094,4.174055099487305,2e-05,2.1311154422969145,0.016046919394284487,0.0001873330666057882,0.0003542666181601817,0.0011932030611205846
20,20,4.174016952514648,4.1740336418151855,2e-05,2.1587432237665625,0.01604439551010728,0.00020346341170807136,0.0003605121401051292,0.0011948025203309953
21,21,4.173930644989014,4.173894882202148,2e-05,2.022124594647868,0.016048832796514034,0.00021961048605589895,0.00036765257937076967,0.0011963935103267431
22,22,4.174015998840332,4.173911094665527,2e-05,1.899574434223085,0.016028378624469042,0.0002366280941714649,0.00037548351428995375,0.0012001209252048284
23,23,4.173931121826172,4.173870086669922,2e-05,1.9545221354298918,0.01605114061385393,0.0002540828372730175,0.000383977117962786,0.001200549944769591
24,24,4.173991680145264,4.17380428314209,2e-05,1.8386572554343232,0.016043171286582947,0.00027125556516693905,0.0003927559755538823,0.0012000666465610266
25,25,4.173850059509277,4.1738433837890625,2e-05,1.7269601257050502,0.01603632839396596,0.0002889050283556571,0.00040220362461695913,0.001203511783387512
26,26,4.1736297607421875,4.173827171325684,2e-05,1.7987431116428536,0.016031216364353895,0.0003070497332373634,0.0004125448667764431,0.0012062324676662683
27,27,4.173829078674316,4.173742294311523,2e-05,1.8634971248189593,0.01604388188570738,0.0003247979548177682,0.0004233402305544587,0.0012079543084837496
28,28,4.174012184143066,4.1737895011901855,2e-05,1.74808897892785,0.016062916722148657,0.00034307198984606657,0.0004344807930465322,0.0012131711409892887
29,29,4.173750877380371,4.173759460449219,2e-05,1.8118078105987774,0.016053094994276762,0.00036115663169766776,0.0004465329893719172,0.0012138104939367622
30,30,4.173758506774902,4.1735944747924805,2e-05,1.8713763352424824,0.016041587106883526,0.00037977366446284577,0.0004589204745570896,0.0012170990812592208
31,31,4.173681735992432,4.173575401306152,2e-05,1.7631674737242249,0.01605531619861722,0.00039806600034353323,0.00047194515354931355,0.001220478123286739
32,32,4.1735076904296875,4.17368745803833,2e-05,1.665695379011337,0.016061778645962477,0.00041688207420520484,0.0004855223323829705,0.00122347247088328
33,33,4.173697471618652,4.1734819412231445,2e-05,1.7403317837125793,0.016056446824222803,0.00043570019806793425,0.0004995666131435428,0.0012275117042008787
34,34,4.173643589019775,4.173558235168457,2e-05,1.6455750353060488,0.01605946756899357,0.0004546823984128423,0.0005140938301337883,0.0012325733550824225
35,35,4.173556327819824,4.173649787902832,2e-05,1.7257128545122375,0.01604728726670146,0.0004737936797027942,0.0005289620894473046,0.0012353113270364702
36,36,4.173657417297363,4.173525810241699,2e-05,1.7983897374079545,0.016055878251791,0.0004926322035316844,0.0005441013308882248,0.0012389763724058867
37,37,4.173605918884277,4.173556327819824,2e-05,1.8614736241531993,0.016046286094933748,0.0005122590664541349,0.0005598632196779363,0.00124145791050978
38,38,4.173473834991455,4.1735029220581055,2e-05,1.9189352586364954,0.01606720732524991,0.00053126939383219,0.0005761923312093131,0.0012473923561628908
39,39,4.1734819412231445,4.173362731933594,2e-05,1.9674654524038147,0.01607346860691905,0.000550715525605483,0.0005926176600041799,0.0012511225650087
40,40,4.173379421234131,4.173332691192627,2e-05,1.8507432726350828,0.016069283708930016,0.0005700348156096879,0.0006092786352382973,0.0012564184435177594
41,41,4.1733808517456055,4.173445701599121,2e-05,1.7446172100697588,0.016060688998550177,0.0005894962196180131,0.0006264359944907483,0.0012609085242729634
42,42,4.17330265045166,4.173382759094238,2e-05,1.8167243326017533,0.016081958543509245,0.0006090336974011734,0.0006441548903239891,0.001265456317923963
43,43,4.173393249511719,4.173308849334717,2e-05,1.8775301650627394,0.016060200054198503,0.0006283421680564061,0.0006615151360165328,0.0012684397224802524
44,44,4.173314094543457,4.173336029052734,2e-05,1.76938502898232,0.016067744698375463,0.0006477952156274114,0.0006793238208047114,0.0012743838306050748
45,45,4.1732282638549805,4.173250198364258,2e-05,1.8336858676912489,0.016071157529950142,0.0006673311472695787,0.0006973446616029833,0.0012783225101884454
46,46,4.173194408416748,4.173173904418945,2e-05,1.7303166593341766,0.01607290655374527,0.0006870021898066625,0.0007156247847888153,0.0012863019946962595
47,47,4.173215389251709,4.173147678375244,2e-05,1.6370072571522614,0.016086837742477655,0.0007065471363603137,0.0007339475523622241,0.0012924384791404009
48,48,4.173274040222168,4.17310905456543,2e-05,1.553091955850504,0.01608237950131297,0.0007260434758791234,0.0007524694010498933,0.0012971152027603239
49,49,4.173275470733643,4.173089981079102,2e-05,1.477501558553217,0.01608249032869935,0.0007456522544089239,0.0007714995081187226,0.0013033456052653491
50,50,4.173105716705322,4.17314338684082,2e-05,1.4094259060806569,0.01608696160838008,0.0007652567983313929,0.0007905326092441101,0.0013101643708068877
51,51,4.173043251037598,4.173218727111816,2e-05,1.5152005556334374,0.01609161961823702,0.0007850846996007022,0.000809259796369588,0.0013138850044924766
52,52,4.172974586486816,4.1730570793151855,2e-05,1.606822028253227,0.016097768675535917,0.0008046737675613258,0.0008287641794595402,0.0013242711720522493
53,53,4.17302131652832,4.173044204711914,2e-05,1.5257213423172067,0.016097027342766523,0.0008242360054282472,0.0008478479430777952,0.0013318562414497137
54,54,4.172998428344727,4.172886848449707,2e-05,1.4528709246384728,0.016100415494292974,0.0008441031059192028,0.0008665454552101437,0.0013353789981920272
55,55,4.172916412353516,4.172893524169922,2e-05,1.3868873263309291,0.016107888892292976,0.0008636110214865766,0.0008867779943102505,0.0013449297402985394
56,56,4.172849655151367,4.172978401184082,2e-05,1.4896837021057636,0.016115535516291857,0.0008835216576699167,0.0009060911579581443,0.0013539476785808802
57,57,4.172815322875977,4.172811031341553,2e-05,1.585992848331061,0.01612117001786828,0.000903052045032382,0.0009257161582354456,0.0013617748045362532
58,58,4.172717571258545,4.172789573669434,2e-05,1.5076241151229646,0.016119948588311672,0.0009227232403645758,0.0009447903285035864,0.0013661202683579177
59,59,4.172850608825684,4.1727824211120605,2e-05,1.4091834831425591,0.016124193090945482,0.0009424582167412154,0.0009650294632592704,0.0013771058002021164
60,60,4.172745704650879,4.172635078430176,2e-05,1.3468071266739363,0.01612937543541193,0.0009622715297155082,0.000984768383204937,0.0013861401821486652
61,61,4.17272424697876,4.172679901123047,2e-05,1.2904281914461364,0.01611739071086049,0.0009820421146287117,0.001004326892143581,0.001391751633491367
62,62,4.172724723815918,4.172764778137207,2e-05,1.3825632906866736,0.016126608941704035,0.0010021265916293487,0.001024431301630102,0.0014027977595105767
63,63,4.1727213859558105,4.172715187072754,2e-05,1.4664012267872117,0.016135276295244694,0.001021748365019448,0.001044417884259019,0.0014119250990916044
64,64,4.172562599182129,4.172672271728516,2e-05,1.5433560736112188,0.01613681437447667,0.0010418375895824283,0.0010644030116964132,0.0014188546629156917
65,65,4.172616004943848,4.172470569610596,2e-05,1.609324384704854,0.01613510027527809,0.0010616808285703883,0.0010847453886526637,0.0014333555882330984
66,66,4.172714710235596,4.17243766784668,2e-05,1.527887040611313,0.016138650942593813,0.0010812639957293868,0.0011042428886867128,0.0014401448133867234
67,67,4.1725053787231445,4.172540664672852,2e-05,1.4543823426263354,0.01615870324894786,0.0011016448042937554,0.0011245617861277424,0.0014493647613562644
68,68,4.172449111938477,4.172478199005127,2e-05,1.5495404782059021,0.016153518110513687,0.0011213162142666988,0.0011445904456195422,0.0014586017932742834
69,69,4.172428607940674,4.172465801239014,2e-05,1.6350532893350689,0.01615281542763114,0.0011413656247896142,0.0011645064732874744,0.0014705308130942285
70,70,4.1724138259887695,4.172426700592041,2e-05,1.7155869097256833,0.01613719528540969,0.0011610635920078494,0.0011841974119306542,0.001476451347116381
71,71,4.172317028045654,4.17241096496582,2e-05,1.623489775179701,0.016152058262377977,0.0011809062925749458,0.0012045304392813705,0.0014930609613656998
72,72,4.172452449798584,4.172429084777832,2e-05,1.5406059784483392,0.01615001540631056,0.001200548926135525,0.0012245068428455852,0.0015004271699581295
73,73,4.1723504066467285,4.172386169433594,2e-05,1.6318246236162934,0.016143557149916887,0.0012202899451949634,0.0012443916639313102,0.0015140498580876738
74,74,4.172345161437988,4.172225475311279,2e-05,1.5482214971163648,0.016168699134141207,0.0012400418127072044,0.0012640072964131832,0.001517511554993689
75,75,4.172411918640137,4.172243118286133,2e-05,1.4731814835357264,0.016163012012839317,0.0012594999134307727,0.0012842912328778766,0.0015314449847210199
76,76,4.172276496887207,4.172152519226074,2e-05,1.5704521648435814,0.01616937480866909,0.0012792872803402133,0.0013043567232671194,0.0015460521390195936
77,77,4.172109603881836,4.172179222106934,2e-05,1.4929710203743958,0.0161660541780293,0.0012986755536985584,0.0013240769403637387,0.001558340765768662
78,78,4.172276973724365,4.172246932983398,2e-05,1.5900091811657566,0.01617860747501254,0.0013183859118726104,0.0013439344402286224,0.0015731264429632574
79,79,4.1720075607299805,4.172305107116699,2e-05,1.6737179205008865,0.016179058700799942,0.0013378830190049484,0.001363896946713794,0.0015849104966036975
80,80,4.172091484069824,4.1721343994140625,2e-05,1.7481462815513131,0.016169491689652205,0.0013573240139521658,0.0013834998826496303,0.001594044966623187
81,81,4.171985626220703,4.172027111053467,2e-05,1.6529615471122805,0.016182875260710716,0.0013769254728686064,0.0014034680425538681,0.00160419219173491
82,82,4.172001361846924,4.1721296310424805,2e-05,1.567422875050474,0.016186014749109745,0.001396145140461158,0.0014230389788281173,0.001616094697965309
83,83,4.1720757484436035,4.17201042175293,2e-05,1.6504277236171812,0.016193687915802002,0.0014160145874484442,0.0014430329465540126,0.0016311214421875775
84,84,4.171994209289551,4.171900749206543,2e-05,1.565027949567254,0.016173313837498426,0.0014349656194099225,0.0014624109971919097,0.0016415838617831469
85,85,4.171945571899414,4.171960353851318,2e-05,1.4882144174912788,0.01618372928351164,0.0014543574361596256,0.0014821285221842118,0.0016527192201465368
86,86,4.171987533569336,4.171913146972656,2e-05,1.58078272740234,0.016198879573494196,0.0014736718367203139,0.0015017972691566683,0.001668714510742575
87,87,4.172055721282959,4.171799182891846,2e-05,1.6628514556986385,0.016203957609832287,0.0014929539102013223,0.0015214758896036074,0.0016844530764501542
88,88,4.171843528747559,4.171816825866699,2e-05,1.57622387416208,0.016213949769735336,0.0015116397116798908,0.0015408957842737436,0.001697257161140442
89,89,4.171932220458984,4.171923637390137,2e-05,1.6636099545267748,0.016213909722864628,0.0015309693553717807,0.001560677650559228,0.0017159735725726932
90,90,4.171671390533447,4.17169189453125,2e-05,1.7375400393684008,0.016224950086325407,0.0015504613984376192,0.0015803626083652489,0.0017294707358814776
91,91,4.171764850616455,4.171746253967285,2e-05,1.6430482190137818,0.01623891480267048,0.0015693263776483946,0.0015994138448149897,0.0017377316253259778
92,92,4.171740531921387,4.171563148498535,2e-05,1.72056536560729,0.016237264033406973,0.0015887593544903211,0.0016188901208806783,0.0017519529210403562
93,93,4.17152738571167,4.171765327453613,2e-05,1.6007221775380431,0.016238565556704998,0.0016080247733043507,0.0016385832714149728,0.0017726991791278124
94,94,4.171506404876709,4.17171049118042,2e-05,1.6823109227170736,0.01623478066176176,0.0016271150234388188,0.0016580765004619025,0.0017853910103440285
95,95,4.171564102172852,4.171656131744385,2e-05,1.7550239117530821,0.016247648280113935,0.0016465226581203751,0.0016776437623775564,0.00180230921250768
96,96,4.17160701751709,4.171665191650391,2e-05,1.823045389510685,0.01623919326812029,0.0016652488702675328,0.0016970216820482165,0.0018152772390749305
97,97,4.171294689178467,4.171403884887695,2e-05,1.8810534747864691,0.016242304351180792,0.0016845139980432577,0.0017164115270134062,0.0018279372015967965
98,98,4.171515941619873,4.17144775390625,2e-05,1.7646225335840933,0.016249348409473896,0.0017035151322488673,0.0017359125558868982,0.0018425708694849163
99,99,4.171324729919434,4.171468734741211,2e-05,1.8333497734591662,0.01626220205798745,0.001722334993246477,0.0017549970725667663,0.0018561870092526078
100,100,4.171551704406738,4.171424388885498,2e-05,1.8939392846458725,0.01624631928279996,0.0017413641398889013,0.00177419203100726,0.0018720038642641157
101,101,4.17129373550415,4.17141056060791,2e-05,1.9483623153057579,0.01625476311892271,0.0017603669257368892,0.0017941673577297479,0.0018944733892567456
102,102,4.171263694763184,4.171302318572998,2e-05,1.9975325631583565,0.016262257006019354,0.0017793790175346658,0.0018135482532670721,0.0019102834339719266
103,103,4.171354293823242,4.171369552612305,2e-05,1.8653536443468053,0.016285228077322245,0.0017985207377932966,0.001832869602367282,0.001927795383380726
104,104,4.171276092529297,4.17130184173584,2e-05,1.9203686758303842,0.016267602797597647,0.0018175964651163667,0.0018519461882533506,0.0019384638289920986
105,105,4.17114782333374,4.171338081359863,2e-05,1.8009632836286895,0.01628726301714778,0.0018364393763476983,0.00187133505824022,0.001957151893293485
106,106,4.17127799987793,4.171262741088867,2e-05,1.8626838890895514,0.01629950851202011,0.0018554561684140936,0.0018906122568296269,0.001974157174117863
107,107,4.1711554527282715,4.1712493896484375,2e-05,1.7550026631707665,0.016290254425257444,0.001874407840659842,0.0019100552235613577,0.0019909804686903954
108,108,4.171192169189453,4.171248435974121,2e-05,1.6528296328275036,0.01631746720522642,0.0018936576307169162,0.0019299219638924114,0.0020135306986048818
109,109,4.17104959487915,4.171124458312988,2e-05,1.5672082400855487,0.01630030432716012,0.0019123236925224774,0.0019483539435896091,0.002018827886786312
110,110,4.171059608459473,4.171064376831055,2e-05,1.4832143969549445,0.016299158334732056,0.0019311692158225924,0.00196824042359367,0.0020427118288353086
111,111,4.170956611633301,4.1711015701293945,2e-05,1.4067496110284543,0.016314420383423567,0.0019503001603879966,0.0019876081205438823,0.002057867415715009
112,112,4.170938968658447,4.1710052490234375,2e-05,1.5069587667189934,0.016312326304614544,0.001969317498151213,0.002007057933951728,0.0020795418531633914
113,113,4.170894622802734,4.171041488647461,2e-05,1.4354852470086399,0.016302017960697412,0.001987878800719045,0.002025973313720897,0.0020891762687824667
114,114,4.170927047729492,4.171034812927246,2e-05,1.5337469435627318,0.01632519019767642,0.002007551782298833,0.002045943241682835,0.0021147204097360373
115,115,4.170933723449707,4.170957565307617,2e-05,1.6254324112634444,0.01632213732227683,0.002025929599767551,0.0020648533245548606,0.0021287680719979107
116,116,4.170941352844238,4.170876502990723,2e-05,1.5350807921987712,0.01632648566737771,0.0020447151182452217,0.002083694445900619,0.0021404234576039016
117,117,4.170914649963379,4.170840263366699,2e-05,1.4602930339259423,0.016341164708137512,0.002063361302134581,0.002103322942275554,0.0021631699637509882
118,118,4.171092987060547,4.170856475830078,2e-05,1.3939012680727942,0.01634213514626026,0.0020825621468247846,0.00212288778857328,0.00219061499228701
119,119,4.170711517333984,4.170833110809326,2e-05,1.4990398947912045,0.016346876975148916,0.0021010971831856295,0.0021415583469206467,0.002195733308326453
120,120,4.17072868347168,4.17069149017334,2e-05,1.4287512434232543,0.016356367617845535,0.002119656521244906,0.0021608711685985327,0.0022167295101098716
121,121,4.170547962188721,4.170882225036621,2e-05,1.3646074679485656,0.01636102795600891,0.002139115531463176,0.0021808325254824013,0.002245089621283114
122,122,4.170820713043213,4.170656204223633,2e-05,1.4681382444156188,0.016367065254598856,0.0021572295372607186,0.0021990475215716287,0.002247382770292461
123,123,4.170565605163574,4.170629978179932,2e-05,1.401739946399838,0.016346030868589878,0.0021759397495770827,0.0022181211825227365,0.0022666496806778014
124,124,4.170448303222656,4.170642375946045,2e-05,1.3409026699048205,0.016366891097277403,0.002194704851717688,0.0022374721738742664,0.00228720810264349
125,125,4.170468330383301,4.170889854431152,2e-05,1.4488645116601646,0.016358825843781233,0.0022134357859613374,0.0022566431434825063,0.0023081712424755096
126,126,4.170619964599609,4.1708784103393555,2e-05,1.5484158977458768,0.01636320212855935,0.002232016748166643,0.0022750841017114,0.00232158723520115
127,127,4.170588493347168,4.1705522537231445,2e-05,1.6361927072137006,0.016375489067286253,0.002250822522910312,0.002294959660503082,0.0023513396736234426
128,128,4.170619964599609,4.170416831970215,2e-05,1.5521496827695624,0.01637285016477108,0.0022685768053634092,0.0023127561435103416,0.0023558081593364477
129,129,4.170534133911133,4.170461654663086,2e-05,1.4760132367502752,0.0163916340097785,0.0022871570399729535,0.0023326789523707703,0.0023853578604757786
130,130,4.170346260070801,4.170978546142578,2e-05,1.5690764151085983,0.016382605768740177,0.00230523943901062,0.0023505212884629145,0.0023945453576743603
131,131,4.170448303222656,4.170535564422607,2e-05,1.6540444582991225,0.016391868703067303,0.002323505003005266,0.0023694577248534188,0.0024174731806851923
132,132,4.170317649841309,4.170675754547119,2e-05,1.7308671189161806,0.016411757562309504,0.0023419044009642676,0.0023883614485384896,0.0024344343692064285
133,133,4.1703948974609375,4.170519828796387,2e-05,1.8019784129142715,0.016423679422587156,0.0023603196314070374,0.00240721543377731,0.0024570987443439662
134,134,4.170327663421631,4.170239448547363,2e-05,1.865575353938021,0.016393366269767284,0.0023781916534062475,0.0024253038136521354,0.0024704402312636375
135,135,4.170302391052246,4.170298099517822,2e-05,1.7586402518479913,0.01643367623910308,0.0023966285662027076,0.002444326368276961,0.002493024105206132
136,136,4.170239448547363,4.170239448547363,2e-05,1.8276589960946117,0.01642076065763831,0.0024145892675733194,0.0024629233084851876,0.002514694060664624
137,137,4.170300006866455,4.169928550720215,2e-05,1.8888124624191007,0.016420907340943813,0.0024330726446351036,0.002481701798387803,0.0025367956259287894
138,138,4.170015335083008,4.170231819152832,2e-05,1.779590419187576,0.016423551365733147,0.0024507416965207085,0.0025001473841257393,0.002552273392211646
139,139,4.170081615447998,4.170258522033691,2e-05,1.8458516333903572,0.01642071781679988,0.002468611754011363,0.002517821078072302,0.0025616787606850266
140,140,4.170165538787842,4.170131683349609,2e-05,1.9055089804597432,0.016451574862003326,0.0024873788643162698,0.0025375791447004303,0.002595061552710831
141,141,4.169963836669922,4.170300483703613,2e-05,1.9586215924513675,0.01645390084013343,0.0025055356381926686,0.002556017250753939,0.002614141907542944
142,142,4.16976261138916,4.170435428619385,2e-05,2.0068821606931935,0.01645331783220172,0.002523274495615624,0.002574204991105944,0.002628193295095116
143,143,4.169978618621826,4.1700520515441895,2e-05,2.050364571177931,0.016432648990303278,0.002540854024118744,0.0025914272700902075,0.0026314188144169748
144,144,4.170222759246826,4.170182228088379,2e-05,2.0914128576061435,0.016463372390717268,0.002559298256528564,0.0026106332370545715,0.0026624458259902894
145,145,4.170161247253418,4.170327186584473,2e-05,2.1234291023144722,0.016456130892038345,0.0025769464118639007,0.00262883395771496,0.0026803521323017776
146,146,4.1701459884643555,4.169912815093994,2e-05,2.1564863559142573,0.01647434802725911,0.002594758363557048,0.0026476799394004047,0.002701932331547141
147,147,4.1698198318481445,4.170005798339844,2e-05,2.020446510147702,0.01646282710134983,0.0026123207208001986,0.0026657963026082143,0.002719009411521256
148,148,4.170193195343018,4.16986608505249,2e-05,2.0583636330186454,0.016487558837980032,0.002629974638693966,0.002683567305211909,0.002735389396548271
149,149,4.169976234436035,4.170148849487305,2e-05,1.9326088334152318,0.016495157033205032,0.0026480240921955556,0.002702156954910606,0.002758963266387582
150,150,4.169851303100586,4.169832229614258,2e-05,1.9849124115585859,0.016505829989910126,0.002665480147697963,0.002720774195040576,0.0027843728894367814
151,151,4.16965389251709,4.1698222160339355,2e-05,1.8661266568160566,0.016502894461154938,0.0026834120944840834,0.0027393893687985837,0.0028091002022847533
152,152,4.169632911682129,4.169376850128174,2e-05,1.759012894311263,0.016491311136633158,0.0027013187791453674,0.0027570220263442025,0.0028239538660272956
153,153,4.16939640045166,4.169858932495117,2e-05,1.6628426248296055,0.016501224599778652,0.0027187468949705362,0.00277484321850352,0.002832649042829871
154,154,4.169688701629639,4.169787883758545,2e-05,1.7425197734290263,0.01649952447041869,0.002736448950599879,0.0027932366501772776,0.002854802005458623
155,155,4.169783592224121,4.169572353363037,2e-05,1.8112567239196278,0.016512912698090076,0.0027541430172277614,0.0028113804437452927,0.002873710938729346
156,156,4.16954231262207,4.169643402099609,2e-05,1.8735375415236601,0.016510804183781147,0.0027714939933503047,0.002828978220350109,0.00288946193177253
157,157,4.16969108581543,4.169768333435059,2e-05,1.930760599444157,0.016523384023457766,0.002789133315673098,0.002847172276233323,0.0029097148799337447
158,158,4.169520378112793,4.169465065002441,2e-05,1.9813599775388102,0.01649902341887355,0.002807171011227183,0.002865456059225835,0.0029359821346588433
159,159,4.169486999511719,4.1694183349609375,2e-05,2.026773380859912,0.016526770312339067,0.002824773167958483,0.0028841226594522595,0.002957861521281302
160,160,4.169300556182861,4.169493198394775,2e-05,2.068309452238433,0.016528524924069643,0.0028430613747332245,0.0029025151598034427,0.002985582803376019
161,161,4.169398307800293,4.169948101043701,2e-05,2.1053193533693095,0.016534070018678904,0.0028595248295459896,0.0029192409856477752,0.0029860788490623236
162,162,4.169900894165039,4.169907093048096,2e-05,2.138566849535007,0.016549037769436836,0.002877384045859799,0.002937556680990383,0.0030078410054557025
163,163,4.169309616088867,4.169278144836426,2e-05,2.16509905221446,0.016548856627196074,0.002895058918511495,0.002956259297206998,0.0030372394248843193
164,164,4.169112205505371,4.169340133666992,2e-05,2.027802318879039,0.016549704130738974,0.0029130073671694845,0.002974077797261998,0.0030550111550837755
165,165,4.169537544250488,4.169484615325928,2e-05,2.0664988277577256,0.016561235301196575,0.0029295531421666965,0.0029914173064753413,0.0030680358759127557
166,166,4.169245719909668,4.169308662414551,2e-05,2.0977756726186665,0.01655975729227066,0.0029474444017978385,0.0030098185234237462,0.003091500315349549
167,167,4.169204235076904,4.16946268081665,2e-05,2.1308633979741516,0.016564728692173958,0.0029653478850377724,0.003028222592547536,0.003117759188171476
168,168,4.1694231033325195,4.169203758239746,2e-05,2.1582953727054006,0.016570227686315775,0.002982487087137997,0.003045724719413556,0.0031318191904574633
169,169,4.169314861297607,4.16916036605835,2e-05,2.022551264340137,0.01658078422769904,0.003000582888489589,0.0030643610807601362,0.003159167245030403
170,170,4.169078350067139,4.169440269470215,2e-05,1.8929132334248027,0.01658458821475506,0.003017314986209385,0.0030810041062068194,0.003161784610711038
171,171,4.1692657470703125,4.169200897216797,2e-05,1.9453801215622928,0.016601184848695993,0.003035316782188602,0.0030992190877441317,0.003187158377841115
172,172,4.169234275817871,4.168961524963379,2e-05,1.9944187506676707,0.016587477177381516,0.0030525225593009964,0.0031173778406810015,0.003208099806215614
173,173,4.1691741943359375,4.169318199157715,2e-05,1.8747312548179178,0.016596749890595675,0.003069892423809506,0.0031344763265224174,0.0032232103403657675
174,174,4.168937683105469,4.169464588165283,2e-05,1.931812626163048,0.01661937450990081,0.00308781152125448,0.003153970537823625,0.003259227378293872
175,175,4.169172286987305,4.169338226318359,2e-05,1.9793790058588236,0.01658846577629447,0.003103627430391498,0.0031697953527327627,0.0032572210766375065
176,176,4.1689653396606445,4.16924524307251,2e-05,2.0239902616947227,0.01662086183205247,0.003122610636637546,0.003189227543771267,0.0032956465729512274
177,177,4.168935775756836,4.168933868408203,2e-05,2.0622723610201366,0.016625619493424892,0.00313941364584025,0.0032071465393528342,0.0033163396292366087
178,178,4.168839454650879,4.168800354003906,2e-05,1.9004515807133648,0.016637038439512253,0.003156754726660438,0.0032240273867500946,0.0033282817457802594
179,179,4.169046401977539,4.168975830078125,2e-05,1.782368738576454,0.01663511758670211,0.0031731826456962153,0.003242031511035748,0.003346873912960291
180,180,4.168869495391846,4.169032096862793,2e-05,1.8478345711470021,0.016632822807878256,0.0031918288877932355,0.0032607933244435117,0.0033811136381700635
181,181,4.1689863204956055,4.169004440307617,2e-05,1.9081216175622862,0.016636315267533064,0.0032089303131215274,0.0032784443465061486,0.0033955349936150014
182,182,4.169251918792725,4.169191360473633,2e-05,1.9561511043360815,0.01663534017279744,0.0032262184977298602,0.0032953834743238986,0.0034059027675539255
183,183,4.168705940246582,4.168859958648682,2e-05,2.001158947326616,0.016641313675791025,0.003243320810724981,0.0033131389354821295,0.0034253683988936245
184,184,4.168696880340576,4.168950080871582,2e-05,2.0448907247313195,0.016646110452711582,0.0032608446199446917,0.0033306999393971637,0.0034437260474078357
185,185,4.168732643127441,4.16876220703125,2e-05,2.084071978153631,0.016671267338097095,0.0032784693175926805,0.003349040969624184,0.003468147187959403
186,186,4.1687421798706055,4.169147491455078,2e-05,1.9541052825790723,0.01666633179411292,0.0032962465193122625,0.003367469209479168,0.0034956199815496802
187,187,4.16898250579834,4.168824195861816,2e-05,2.000693068479463,0.016659468412399292,0.003312701446702704,0.003384013907634653,0.003502388601191342
188,188,4.168683052062988,4.1683878898620605,2e-05,2.0444680208297914,0.016667514573782682,0.003330950334202498,0.003403351263841614,0.003537504409905523
189,189,4.168540954589844,4.1685357093811035,2e-05,1.9197268874845523,0.016686641611158848,0.0033472531067673117,0.0034203128598164767,0.0035458524362184107
190,190,4.168882369995117,4.168461322784424,2e-05,1.9717367584279828,0.01669780071824789,0.0033655906736385077,0.0034391580265946686,0.003579763346351683
191,191,4.1686553955078125,4.1689066886901855,2e-05,2.0199183190542915,0.01670999964699149,0.0033820039534475654,0.003456176054896787,0.0035867191036231816
192,192,4.168816566467285,4.168778419494629,2e-05,2.060487462717574,0.016708440147340298,0.003400496658287011,0.003474578814348206,0.0036125420010648668
193,193,4.168487071990967,4.168881893157959,2e-05,2.0996230338113073,0.016732338815927505,0.003418144420720637,0.0034936458396259695,0.0036469424376264215
194,194,4.168306827545166,4.168795108795166,2e-05,2.132323060242399,0.01671973243355751,0.003435059974435717,0.003510284615913406,0.0036536732804961503
195,195,4.168519973754883,4.168491363525391,2e-05,2.159821763879331,0.016707224305719137,0.003453079567407258,0.0035280462907394394,0.0036719333729706705
196,196,4.168130874633789,4.168333053588867,2e-05,2.183809624352872,0.016733313910663128,0.003469940187642351,0.0035461291117826477,0.0036921555874869227
197,197,4.168120384216309,4.168334007263184,2e-05,2.0450152683362406,0.016720153391361237,0.0034873686090577394,0.003563761245459318,0.003710875753313303
198,198,4.168807029724121,4.168192386627197,2e-05,2.085338010511334,0.016740203835070133,0.0035050438455073163,0.00358221166243311,0.0037384069873951375
199,199,4.1689066886901855,4.168379783630371,2e-05,1.9564444772922105,0.01673800451681018,0.0035218671400798485,0.0036000306135974824,0.0037548510590568185
200,200,4.168404579162598,4.168658256530762,2e-05,2.0024408818740085,0.016757797449827194,0.003539935714798048,0.0036177863948978484,0.0037752942298538983
201,201,4.168225288391113,4.16844367980957,2e-05,2.0424978168543815,0.0167605965398252,0.0035560208780225366,0.0036344565596664324,0.003782114654313773
202,202,4.168387413024902,4.168375015258789,2e-05,2.082061582213996,0.016760730650275946,0.003574237591237761,0.003653421314083971,0.0038153487257659435
203,203,4.168621063232422,4.168313026428223,2e-05,2.1173673797577854,0.016758086625486612,0.0035918243520427495,0.00367114192340523,0.0038371621631085873
204,204,4.16811466217041,4.1678876876831055,2e-05,2.149679846567101,0.01679753977805376,0.0036089298664592206,0.003689394216053188,0.003859150398056954
205,205,4.168130397796631,4.168439865112305,2e-05,1.9975006184063326,0.016768135596066713,0.0036257803440093994,0.003706554474774748,0.003874529735185206
206,206,4.168094635009766,4.1684770584106445,2e-05,2.0382024809225276,0.01677901903167367,0.0036433337081689388,0.003724354595760815,0.003892058681230992
207,207,4.168208122253418,4.167855739593506,2e-05,2.075015156612218,0.016772424802184105,0.003659918365883641,0.0037409514043247327,0.0039028353639878333
208,208,4.168352127075195,4.168050289154053,2e-05,1.940260208704751,0.016775491647422314,0.0036780571681447327,0.0037594866880681366,0.003931357525289059
209,209,4.168296813964844,4.1680827140808105,2e-05,1.9901006328445054,0.016786986030638218,0.0036953310191165656,0.003777656951569952,0.003953461186029017
210,210,4.1683549880981445,4.168057441711426,2e-05,2.036276612190596,0.016782539896667004,0.0037124641821719706,0.0037948349199723452,0.00396887247916311
211,211,4.168543815612793,4.168419361114502,2e-05,2.0748979499244946,0.0168094951659441,0.003729837088030763,0.0038125710270833224,0.003991819103248417
212,212,4.167680740356445,4.167842864990234,2e-05,2.1116421055193997,0.016820407938212156,0.0037471705727512017,0.0038311693933792412,0.00402337487321347
213,213,4.168157577514648,4.168560028076172,2e-05,1.9793400353905473,0.01681408751755953,0.003763297601835802,0.003847417072393,0.004030398791655898
214,214,4.167671203613281,4.168145656585693,2e-05,2.0201854850191494,0.01682552183046937,0.0037811158545082435,0.0038664263993268833,0.0040652110474184155
215,215,4.16798210144043,4.1679182052612305,2e-05,2.06108810344113,0.016830117907375097,0.003797971527092159,0.0038837031315779313,0.004081672290340066
216,216,4.168019771575928,4.167951583862305,2e-05,2.098762135724257,0.016814731061458588,0.0038146596489241347,0.003901017887983471,0.004099084530025721
217,217,4.167682647705078,4.168568134307861,2e-05,2.1330377289737483,0.016855041962116957,0.003833520313492045,0.003919885930372402,0.004130185930989683
218,218,4.167494297027588,4.168255805969238,2e-05,2.1630588578745216,0.016850322484970093,0.0038500788796227425,0.003937149595003575,0.004146733437664807
219,219,4.167845726013184,4.167706489562988,2e-05,2.1918872673256775,0.016843564342707396,0.0038671268266625702,0.003954799496568739,0.004165036370977759
220,220,4.167350769042969,4.168421745300293,2e-05,2.0523411748301124,0.01685179304331541,0.003884282734361477,0.00397232425166294,0.004178590723313391
221,221,4.167567253112793,4.167497634887695,2e-05,2.085232154815779,0.016872128006070852,0.0039009903848636895,0.003989145683590323,0.004187093582004309
222,222,4.16744327545166,4.167908191680908,2e-05,1.9486081471026269,0.016847652848809958,0.003918700764188543,0.004006605653557926,0.004207540303468704
223,223,4.167673110961914,4.16739559173584,2e-05,2.0000947862426277,0.01686415495350957,0.003935284010367468,0.004024524532724172,0.0042307202238589525
224,224,4.16774845123291,4.167600631713867,2e-05,1.8788704173415816,0.016879944130778313,0.003953525505494326,0.004042601678520441,0.004256237763911486
225,225,4.167455673217773,4.167581558227539,2e-05,1.9346843775825013,0.016896061599254608,0.003970688674598932,0.004061410407302901,0.004289028234779835
226,226,4.16746711730957,4.167407989501953,2e-05,1.985461874329103,0.01689272467046976,0.0039872384804766625,0.00407756248023361,0.004292748169973493
227,227,4.167716979980469,4.167996406555176,2e-05,2.031007632048217,0.016888905316591263,0.004005230701295659,0.004096417978871614,0.004328765091486275
228,228,4.167381763458252,4.167774200439453,2e-05,2.0717152979483773,0.016891523730009794,0.004021003667730838,0.004112594528123736,0.004330887226387858
229,229,4.167266845703125,4.167577743530273,2e-05,2.108352197258521,0.016909304074943066,0.004038918268634006,0.004131260619033128,0.004362468374893069
230,230,4.167302131652832,4.167702674865723,2e-05,2.1415200395299427,0.01688873954117298,0.004056090489029884,0.004148168751271442,0.0043786498717963696
231,231,4.167346000671387,4.167437553405762,2e-05,2.1711867007769445,0.016922700218856335,0.004072529089171439,0.004166313767200336,0.004403658909723163
232,232,4.16762638092041,4.167515277862549,2e-05,2.197999349698142,0.01691174227744341,0.004089877067599446,0.004183984478004277,0.004428801126778126
233,233,4.167365074157715,4.167730808258057,2e-05,2.2218015991995634,0.016909936908632517,0.004106509935809299,0.004199695744318888,0.004429331980645657
234,234,4.167269706726074,4.167428970336914,2e-05,2.2437116745295276,0.016944714821875095,0.004123576247366145,0.004218573507387191,0.004463791265152395
235,235,4.167588710784912,4.168022155761719,2e-05,2.2611876520722483,0.016953364480286837,0.004140866018133238,0.004235896514728665,0.004484276287257671
236,236,4.167340278625488,4.167728424072266,2e-05,2.281522627855076,0.01693243207409978,0.004157362564001232,0.0042530974897090346,0.004504186217673123
237,237,4.167301177978516,4.167098045349121,2e-05,2.2984374213449086,0.01692313887178898,0.004174123576376587,0.004270042787538841,0.004519137670286
238,238,4.1672563552856445,4.16708517074585,2e-05,2.1483657694908365,0.016951464116573334,0.004190818028291687,0.004287390795070678,0.004538693116046488
239,239,4.166845321655273,4.167341232299805,2e-05,2.0132930653714056,0.01696936460211873,0.0042092540534213185,0.004306451854063198,0.004576476872898638
240,240,4.1674113273620605,4.167084693908691,2e-05,2.0535258767605624,0.016945631708949804,0.004225435201078653,0.004323167580878362,0.004590389784425497
241,241,4.166975498199463,4.168015480041504,2e-05,1.927075252017001,0.016963343136012554,0.0042421713878866285,0.0043398480920586735,0.004602688597515225
242,242,4.167494297027588,4.1677141189575195,2e-05,1.9787712736059542,0.016958422493189573,0.0042595911072567105,0.0043568561668507755,0.0046177448239177465
243,243,4.167159557342529,4.167248725891113,2e-05,2.02494506035775,0.01699790358543396,0.004277026804629713,0.004375861608423293,0.004652052186429501
244,244,4.167562007904053,4.168034553527832,2e-05,2.0662487481913776,0.017023561988025904,0.0042929261981043965,0.004393047041958198,0.004665527259930968
245,245,4.166779041290283,4.167557716369629,2e-05,2.104849603801308,0.01697203377261758,0.004310530464863405,0.0044105467677582055,0.004688177490606904
246,246,4.166858673095703,4.167067527770996,2e-05,2.1375197453562413,0.01698833517730236,0.004327662958530709,0.00442802460747771,0.004707677639089525
247,247,4.1668701171875,4.166910171508789,2e-05,1.9933376839338137,0.016980518121272326,0.004344376618973911,0.004445301543455571,0.004726060898974538
248,248,4.167319297790527,4.167123794555664,2e-05,1.8733101171322672,0.01699389284476638,0.00436183693818748,0.004463316057808697,0.0047508018324151635
249,249,4.166939735412598,4.167515754699707,2e-05,1.9259788937056865,0.016986857168376446,0.004377425851998851,0.004479454451939091,0.004756969399750233
250,250,4.166741371154785,4.166973114013672,2e-05,1.9743500796692903,0.017010162118822336,0.004393811715999618,0.004496397799812257,0.004774415516294539
251,251,4.167501449584961,4.167080402374268,2e-05,2.017867483776109,0.017035644967108965,0.004412162466906011,0.004514754167757928,0.004805341828614473
252,252,4.166616439819336,4.167489528656006,2e-05,2.056958191310431,0.017058785539120436,0.004430427245097235,0.00453383888816461,0.004842446884140372
253,253,4.1667375564575195,4.166826248168945,2e-05,2.091641309666602,0.017040750943124294,0.004444941238034517,0.0045490315242204815,0.0048458268865942955
254,254,4.167168617248535,4.167330741882324,2e-05,1.9571054106404113,0.01703997189179063,0.0044623462308663875,0.004567343654343858,0.004877846920862794
255,255,4.166977882385254,4.167640686035156,2e-05,2.003300780132369,0.017044140957295895,0.004479452851228416,0.004583482019370422,0.004882135312072933
256,256,4.167247772216797,4.166959762573242,2e-05,2.049175422540798,0.017074265517294407,0.004495745553867891,0.0046017498534638435,0.004913787357509136
257,257,4.166686058044434,4.166799545288086,2e-05,2.08152037015732,0.017058339435607195,0.00451232009800151,0.0046181265788618475,0.004922515945509076
258,258,4.166975975036621,4.166825294494629,2e-05,1.9496042086555179,0.017068943940103054,0.004529760481091216,0.004635647783288732,0.004946330329403281
259,259,4.166796684265137,4.16690731048584,2e-05,1.9902761369365258,0.01708149630576372,0.004547578253550455,0.004654670832678676,0.004979679477401078
260,260,4.167078971862793,4.166950225830078,2e-05,2.0346533129266873,0.01709043374285102,0.004563754075206816,0.004670188820455223,0.0049844690365716815
261,261,4.166996002197266,4.16658878326416,2e-05,2.0753363669981395,0.017072312533855438,0.004579636472044513,0.004687122331233695,0.004998739110305905
262,262,4.167146682739258,4.16657829284668,2e-05,1.9448685138918227,0.01708809845149517,0.00459728404530324,0.004704953695181757,0.005026788800023496
263,263,4.166548728942871,4.166753768920898,2e-05,1.8282844734094477,0.017140732146799564,0.004614736215444282,0.004723653488326818,0.005055339192040265
264,264,4.166355609893799,4.167243003845215,2e-05,1.889522325204128,0.017136259004473686,0.0046311632031574845,0.004740191652672365,0.005069679114967585
265,265,4.166808128356934,4.167483329772949,2e-05,1.9454356532065307,0.017120547126978636,0.004647490772185847,0.004757461516419426,0.005090859369374812
266,266,4.166232109069824,4.166926860809326,2e-05,1.993593292619467,0.017144684214144945,0.00466612572199665,0.0047766907955519855,0.005128853488713503
267,267,4.166099548339844,4.167234420776367,2e-05,2.0393130854484265,0.01710450416430831,0.004680265119532123,0.004791221028426662,0.005125244264490902
268,268,4.1664934158325195,4.1668195724487305,2e-05,2.0776560413582335,0.017153057269752026,0.004698519944213331,0.00481021567247808,0.005158185842446983
269,269,4.166080474853516,4.166566848754883,2e-05,2.115383964321924,0.017128395847976208,0.004714894312201068,0.004826765274628997,0.005172286415472627
270,270,4.166326522827148,4.166320323944092,2e-05,1.9834327196537154,0.01714103715494275,0.004732198169222102,0.00484492743271403,0.005196710815653205
271,271,4.166286468505859,4.167162895202637,2e-05,1.862587166334832,0.01715791830793023,0.004749825864564627,0.0048617119318805635,0.005211338400840759
272,272,4.166250228881836,4.166301727294922,2e-05,1.9141317696745732,0.01715688966214657,0.004766096797538921,0.004879244166659191,0.005232566152699292
273,273,4.165928840637207,4.165874004364014,2e-05,1.8022169517473157,0.017126520164310932,0.004782513889949769,0.004894982965197414,0.005237531731836498
274,274,4.166276931762695,4.166547775268555,2e-05,1.6944227690543632,0.01718893274664879,0.004800283350050449,0.0049148388497997075,0.005278732744045556
275,275,4.166219234466553,4.166684150695801,2e-05,1.7676512719715896,0.01718169031664729,0.0048176141863223165,0.0049325522559229285,0.005302530596964061
276,276,4.166251182556152,4.166382312774658,2e-05,1.8296917815146123,0.01718231663107872,0.004833327315282077,0.004948936606524512,0.005312409019097686
277,277,4.165916442871094,4.1668009757995605,2e-05,1.8875467854818941,0.017199278343468904,0.004851345060160384,0.004968386405380443,0.005349865881726146
278,278,4.166460037231445,4.166574001312256,2e-05,1.9390633039492862,0.017174409702420235,0.004868287418503314,0.004984235041774809,0.005354762892238796
279,279,4.165821552276611,4.1666765213012695,2e-05,1.985409947121547,0.017185903154313564,0.004885065514827147,0.00500167696736753,0.005375101929530501
280,280,4.166011810302734,4.166756629943848,2e-05,2.027783047728589,0.017231472302228212,0.004902776388917118,0.005020884709665552,0.005406971322372556
281,281,4.165816307067871,4.16621732711792,2e-05,2.068059774082939,0.017192639876157045,0.004918785154586658,0.005036419082898647,0.00541282189078629
282,282,4.166027545928955,4.1662187576293945,2e-05,2.101956536103059,0.017226913012564182,0.004936484678182751,0.005055318062659353,0.00544284435454756
283,283,4.16597843170166,4.16587495803833,2e-05,2.136147287660391,0.017240756656974554,0.004954192350851372,0.005073459964478388,0.005465364782139659
284,284,4.165677070617676,4.166686058044434,2e-05,2.1657912105447057,0.017239871434867382,0.004971899004885927,0.005090643564471975,0.005483700893819332
285,285,4.165740966796875,4.166005611419678,2e-05,2.190037936058321,0.01723597990348935,0.00498841775697656,0.005109251505928114,0.005512755480594933
286,286,4.166276931762695,4.166711807250977,2e-05,2.211507639594613,0.017228898592293262,0.005005529732443392,0.005125085008330643,0.005518276360817254
287,287,4.165761947631836,4.166007041931152,2e-05,2.2300116706225426,0.017280148342251778,0.005023582518333569,0.005144661146914586,0.005551483249291778
288,288,4.166539192199707,4.166561126708984,2e-05,2.2487603284620925,0.017288627102971077,0.005040686257416382,0.005162154644494876,0.0055691635934636
289,289,4.16561222076416,4.166470050811768,2e-05,2.266990199909448,0.01727281417697668,0.005056772759417072,0.005179162661079317,0.005582699668593705
290,290,4.166074752807617,4.166193008422852,2e-05,2.285879872290256,0.01726276660338044,0.005073983338661492,0.005196477082790807,0.005600825999863446
291,291,4.1661577224731445,4.166043758392334,2e-05,2.2989243589343316,0.01726964069530368,0.005090159014798701,0.005214513570535928,0.005624272860586643
292,292,4.1659932136535645,4.166431427001953,2e-05,2.3100343318110457,0.017277916893363,0.005109160876600072,0.0052334259380586445,0.005655318847857416
293,293,4.166043281555176,4.1660356521606445,2e-05,2.3258757279528792,0.017343598417937756,0.005127322772750631,0.005251870927168056,0.005678412620909512
294,294,4.165853500366211,4.166032314300537,2e-05,2.338479373728966,0.017294783610850573,0.005144820752320811,0.005269586341455579,0.005700630717910826
295,295,4.165304660797119,4.165938854217529,2e-05,2.3473377126498765,0.01731825014576316,0.005161497101653367,0.005287448177114129,0.005719304201193154
296,296,4.165657997131348,4.16548490524292,2e-05,2.353568017498943,0.017327782697975636,0.005178447579964995,0.00530535212601535,0.005740251624956727
297,297,4.165557861328125,4.165915489196777,2e-05,2.1973504444027525,0.01736378064379096,0.005196947458898649,0.005323559860698879,0.005759451654739678
298,298,4.165325164794922,4.166175842285156,2e-05,2.219813883717589,0.017317559104412794,0.00521288244635798,0.005339941621059552,0.005767969065345824
299,299,4.165708541870117,4.16539192199707,2e-05,2.238125232728572,0.017340343445539474,0.005231809831457213,0.005358633847208694,0.005793271702714264
300,300,4.166018009185791,4.165953636169434,2e-05,2.093302495258824,0.01734720729291439,0.005248156521702185,0.0053761494345963,0.00580983585678041
301,301,4.165285110473633,4.165879726409912,2e-05,2.1265669966407943,0.017309971619397402,0.005267031228868291,0.005393804487539455,0.005832099821418524
302,302,4.165401458740234,4.1659650802612305,2e-05,2.1596427421620956,0.017344146501272917,0.00528318528085947,0.0054119996493682265,0.005853184033185244
303,303,4.165593147277832,4.1668243408203125,2e-05,2.186084198010422,0.017382757738232613,0.005300603981595486,0.005430402728961781,0.005879048723727465
304,304,4.165725231170654,4.16580057144165,2e-05,2.2128102845207875,0.017368844710290432,0.005317573843058199,0.00544691935647279,0.005891162320040166
305,305,4.16583251953125,4.165544509887695,2e-05,2.2342439854339027,0.01740182563662529,0.005335220630513504,0.005465751455631107,0.005920897237956524
306,306,4.165752410888672,4.165980339050293,2e-05,2.251826996471477,0.01739654131233692,0.005354034423362464,0.005485229543410242,0.00595775421243161
307,307,4.165179252624512,4.165661811828613,2e-05,2.2690837590045962,0.017351371701806784,0.005368555517634377,0.005500531231518835,0.005958609865047038
308,308,4.165126800537109,4.165383338928223,2e-05,2.2829579614654216,0.0174101241864264,0.005388224351918325,0.005519864324014634,0.005990728386677802
309,309,4.165632247924805,4.165637016296387,2e-05,2.1346606253864167,0.01742523442953825,0.005403864575782791,0.00553698992007412,0.006004749098792672
310,310,4.165539264678955,4.165496826171875,2e-05,2.163924509225371,0.01739779906347394,0.0054212395043578,0.005554980773013085,0.00602868536952883
311,311,4.165199279785156,4.165557861328125,2e-05,2.1901572150591155,0.017418849281966686,0.00543841120088473,0.005572693858994171,0.006046847905963659
312,312,4.16602897644043,4.165981769561768,2e-05,2.216396566700977,0.01743958191946149,0.00545509927906096,0.005589219304965809,0.006056626792997122
313,313,4.165158748626709,4.165406703948975,2e-05,2.2372824316138953,0.017421897500753403,0.005472657911013812,0.005606496008113027,0.006075567449443042
314,314,4.165204048156738,4.165849685668945,2e-05,2.2587989045448245,0.01746042724698782,0.005492153781233355,0.0056268647604156286,0.006116368807852268
315,315,4.165083408355713,4.165517807006836,2e-05,2.2755509287369313,0.017419285140931606,0.005507267313078046,0.005642340343911201,0.0061226277612149715
316,316,4.165262222290039,4.165186405181885,2e-05,2.2931335802484067,0.017449998762458563,0.0055254456819966435,0.005660897208144888,0.00615148595534265
317,317,4.165082931518555,4.16745138168335,2e-05,2.1433990128470457,0.017470458522439003,0.005541695078136399,0.005678299145074561,0.0061672471929341555
318,318,4.1661787033081055,4.1654815673828125,2e-05,2.169087005191768,0.017448544967919588,0.005558341013966128,0.005695183965144679,0.0061835512751713395
319,319,4.165205478668213,4.165994644165039,2e-05,2.197329846614679,0.017467087134718895,0.005575349263381213,0.005711949022952467,0.006196604110300541
320,320,4.164856910705566,4.165557384490967,2e-05,2.2206112098748525,0.017449017148464918,0.005590825458057225,0.005728258052840829,0.006207553669810295
321,321,4.165151596069336,4.165288925170898,2e-05,2.238609402161291,0.017477395944297314,0.005610276770312339,0.00574886123649776,0.00625379744451493
322,322,4.16495943069458,4.16524600982666,2e-05,2.2606282983920414,0.01750379940494895,0.005627830163575709,0.005766602320363745,0.006277003441937268
323,323,4.165270805358887,4.1663899421691895,2e-05,2.272793132466943,0.017504521179944277,0.00564364148885943,0.005783911939943209,0.006296996725723147
324,324,4.165012359619141,4.165949821472168,2e-05,2.2864395748702773,0.017492521554231644,0.005660923023242503,0.005801458464702591,0.006318613654002547
325,325,4.1654462814331055,4.165258407592773,2e-05,2.3016194009530753,0.017507120966911316,0.005677419656421989,0.005817362980451435,0.006327640498057008
326,326,4.164824962615967,4.165040493011475,2e-05,2.3154041498045084,0.017549782060086727,0.0056954580068122596,0.005836710246512666,0.006362647982314229
327,327,4.164679527282715,4.1650896072387695,2e-05,2.1634434341820565,0.017523545306175947,0.00571212315117009,0.005853224138263613,0.006375724449753761
328,328,4.165421485900879,4.165493011474609,2e-05,2.1888405296693287,0.01755204936489463,0.005729943397454917,0.0058718576619867235,0.006402878207154572
329,329,4.165236949920654,4.165009498596191,2e-05,2.2111774477124113,0.017545505426824093,0.00574573507765308,0.005888377025257796,0.006414200994186103
330,330,4.165630340576172,4.166140556335449,2e-05,2.0696116044187614,0.017534755636006594,0.005761558481026441,0.005904917052248493,0.0064289538422599435
331,331,4.164865016937256,4.164605140686035,2e-05,2.1044019461477736,0.017553715500980616,0.005780854553449899,0.005923161486862227,0.00645290978718549
332,332,4.1644697189331055,4.164481163024902,2e-05,1.973208432214825,0.017586873844265938,0.005797496734885499,0.0059416086005512625,0.00648023234680295
333,333,4.16495418548584,4.164789199829102,2e-05,1.8555107500806811,0.017538648564368486,0.00581329147098586,0.005956733075436205,0.0064844765001907945
334,334,4.16448974609375,4.1651411056518555,2e-05,1.912389016632459,0.017562436871230602,0.00583148209261708,0.0059774658002424985,0.006530447164550424
335,335,4.164520263671875,4.165397644042969,2e-05,1.9675271806101207,0.017580147832632065,0.005847181921126321,0.005993897415464744,0.006539649213664234
336,336,4.164729118347168,4.165431976318359,2e-05,2.0162109258784033,0.017568549141287804,0.00586358446162194,0.0060100060945842415,0.006550111924298108
337,337,4.164251804351807,4.16499137878418,2e-05,2.0533120299060976,0.01757832756265998,0.005881627585040405,0.006027580297086388,0.00657242420129478
338,338,4.164646625518799,4.164994716644287,2e-05,2.089789370086479,0.01761497277766466,0.005899654614040628,0.006047942995792255,0.006613146513700485
339,339,4.164722442626953,4.164693832397461,2e-05,2.1235978831704796,0.017619911581277847,0.0059170525055378675,0.006063846667530015,0.006620978121645749
340,340,4.1638078689575195,4.165802001953125,2e-05,2.1513850958899634,0.017639099154621363,0.005933665350312367,0.006082135310862213,0.006646366906352341
341,341,4.164674282073975,4.164914131164551,2e-05,2.178214651510244,0.017632146831601858,0.005950174294412136,0.006098756421124563,0.0066595657262951136
342,342,4.1651291847229,4.164392471313477,2e-05,2.2025681035643867,0.017633985728025436,0.005968941317405552,0.006117946264566854,0.0066923454869538546
343,343,4.164223670959473,4.164165496826172,2e-05,2.0619209924526114,0.01761826127767563,0.005983938171993941,0.006133841874543577,0.006700353231281042
344,344,4.163774490356445,4.164534568786621,2e-05,1.9349172220349615,0.017640800215303898,0.006001365778502077,0.006151712499558926,0.00672138505615294
345,345,4.164303779602051,4.16490364074707,2e-05,1.9808744327020642,0.017673995811492205,0.00601881809416227,0.00616881568566896,0.006739465286955237
346,346,4.1648640632629395,4.1649580001831055,2e-05,2.0235130097459004,0.017662199679762125,0.006036511156708002,0.0061871268844697624,0.006764669436961412
347,347,4.1644287109375,4.163938045501709,2e-05,2.0646379320258013,0.01766931125894189,0.006053490535123274,0.006204755773069337,0.006784918950870633
348,348,4.164249420166016,4.16530179977417,2e-05,1.9377887492938266,0.017698907293379307,0.006072154123103246,0.006224056094652042,0.006818173220381141
349,349,4.164417743682861,4.164705276489258,2e-05,1.9851056658357922,0.017715897411108017,0.006089627335313708,0.006241241586394608,0.006832716520875692
350,350,4.164724826812744,4.1644182205200195,2e-05,2.028643845135654,0.017687594518065453,0.006105762091465294,0.006258936075028032,0.0068536350736394525
351,351,4.164357662200928,4.1642842292785645,2e-05,2.0683640779406027,0.01768879545852542,0.006124056992121041,0.006277526787016541,0.006877178326249123
352,352,4.164139270782471,4.165316104888916,2e-05,2.108229189269153,0.017681035678833723,0.006139279576018453,0.00629281354486011,0.006880940170958638
353,353,4.1641154289245605,4.164981842041016,2e-05,2.1389935106886035,0.017683593090623617,0.006156343122711405,0.006311253644526005,0.006905194488354027
354,354,4.164844512939453,4.16473913192749,2e-05,2.169268208254997,0.017715860158205032,0.006175248621730134,0.0063313618884421885,0.006941642612218857
355,355,4.1649274826049805,4.165681838989258,2e-05,2.195238846962562,0.01776547497138381,0.006194084882736206,0.006350281706545502,0.006966253626160324
356,356,4.164022445678711,4.165285587310791,2e-05,2.2195046274291617,0.01775324624031782,0.006210085062775761,0.00636699894675985,0.006976782577112317
357,357,4.163900375366211,4.16487979888916,2e-05,2.241868601286723,0.017770471516996622,0.00622736374498345,0.0063835998880676925,0.0069875530898571014
358,358,4.164053916931152,4.164790630340576,2e-05,2.2577923357252074,0.01773102581501007,0.006245652795769274,0.0064018692064564675,0.0070117724826559424
359,359,4.164737701416016,4.164254665374756,2e-05,2.273930769247933,0.017761284485459328,0.006262838403927162,0.006421031575882807,0.007039030664600432
360,360,4.16444206237793,4.165029048919678,2e-05,2.2885780314594104,0.017784242052584887,0.006281229201704264,0.0064390407933387905,0.007057899376377463
361,361,4.163977146148682,4.1643853187561035,2e-05,2.306025889398638,0.01776073221117258,0.00629793934058398,0.0064563260530121624,0.007074514986015856
362,362,4.164090633392334,4.164637565612793,2e-05,2.317332569909386,0.017773421481251717,0.006315444130450487,0.006475757982116193,0.007103823823854327
363,363,4.164012908935547,4.163768768310547,2e-05,2.330618117809747,0.017799373250454664,0.00633352340082638,0.006493286957265809,0.00712124933488667
364,364,4.163963317871094,4.164077281951904,2e-05,2.150758771086429,0.017772018909454346,0.006346864014631137,0.006507017242256552,0.007114152889698744
365,365,4.163965225219727,4.164642333984375,2e-05,2.177312016638401,0.017780099995434284,0.006365956796798855,0.006526723591377959,0.00714786141179502
366,366,4.164159774780273,4.164485454559326,2e-05,2.203344897597681,0.017810629680752754,0.006384336709743366,0.006546158983837813,0.007182221859693527
367,367,4.164149761199951,4.164543151855469,2e-05,2.2266739178755115,0.01782513502985239,0.006400151265552267,0.006561962858540937,0.007190139032900333
368,368,4.163466930389404,4.164064407348633,2e-05,2.248165176113163,0.01782840071246028,0.006419238809030503,0.006582085828995332,0.007229468552395701
369,369,4.164473533630371,4.164738655090332,2e-05,2.267286808349556,0.01785339694470167,0.006437088595703244,0.006599387794267386,0.007248598267324269
370,370,4.163660049438477,4.1643829345703125,2e-05,2.2839544159938203,0.017833924386650324,0.006452906352933496,0.006615226127905771,0.007258014287799597
371,371,4.163761615753174,4.164394378662109,2e-05,2.3000465499094305,0.017838993575423956,0.0064675451430957764,0.006631426978856325,0.007268737070262432
372,372,4.16425085067749,4.164071083068848,2e-05,2.3135453419917575,0.01784604089334607,0.006486305414000526,0.00664985814364627,0.007294769398868084
373,373,4.163853645324707,4.163768768310547,2e-05,2.327252693367791,0.01787075912579894,0.006502436765003949,0.006666696106549352,0.007310487795621157
374,374,4.164387226104736,4.1640777587890625,2e-05,2.337548551541101,0.017864095512777567,0.006519982329336926,0.006684873107587919,0.007338832947425544
375,375,4.163335800170898,4.164155006408691,2e-05,2.347419726021155,0.017902007326483727,0.006536611967021599,0.00670263048959896,0.0073602128541097045
376,376,4.163608551025391,4.1641387939453125,2e-05,2.3566927766857746,0.0178618379868567,0.006553865678142756,0.00671916498686187,0.007376274559646845
377,377,4.1638336181640625,4.1637983322143555,2e-05,2.364917255184798,0.017899504397064447,0.006571804260602221,0.006737723771948367,0.0074039819883182645
378,378,4.164304256439209,4.163708209991455,2e-05,2.3726166901464865,0.01791749056428671,0.006588931573787704,0.006754627247573808,0.0074199826922267675
379,379,4.16365909576416,4.164320945739746,2e-05,2.2119768051628976,0.017881812993437052,0.006604182824958116,0.006771144951926544,0.007437225081957877
380,380,4.16359806060791,4.1635589599609375,2e-05,2.233055073655422,0.01791801815852523,0.0066215519909746945,0.006788678147131577,0.007458446896634996
381,381,4.163519859313965,4.163991928100586,2e-05,2.089053601918501,0.017913561780005693,0.0066388584964443,0.006806234072428197,0.007480334024876356
382,382,4.164005756378174,4.164643287658691,2e-05,2.1237725679800796,0.01793003175407648,0.006654690689174458,0.006822872848715633,0.00749499851372093
383,383,4.163261413574219,4.163853645324707,2e-05,2.155270290271901,0.017985187005251646,0.006674184667645022,0.006843223265605047,0.007533340016379952
384,384,4.163853645324707,4.165338039398193,2e-05,2.1834255158089606,0.017934721894562244,0.006690341513603926,0.006859587389044464,0.007546055945567787
385,385,4.163704872131348,4.163745403289795,2e-05,2.2088794523084196,0.017937528435140848,0.006706307496642694,0.006876624538563192,0.007562841521576047
386,386,4.163128852844238,4.164857387542725,2e-05,2.2319911517846722,0.017964990343898535,0.0067241711367387325,0.006894245481817052,0.007583932369016111
387,387,4.163455963134766,4.1639862060546875,2e-05,2.2528087687214517,0.017996361013501883,0.006742075725924224,0.006912552489666268,0.007607073406688869
388,388,4.163568496704102,4.16544771194458,2e-05,2.2722782150449676,0.017957135569304228,0.006757595983799547,0.006928632006747648,0.007619088632054627
389,389,4.164252281188965,4.164149761199951,2e-05,2.288108815549683,0.018009654711931944,0.0067760875972453505,0.0069479867233894765,0.007650164421647787
390,390,4.163634777069092,4.16375732421875,2e-05,2.3039709198554337,0.0179658611305058,0.006791203981265426,0.006962411425774917,0.007649783161468804
391,391,4.163754463195801,4.1636481285095215,2e-05,2.316849463298199,0.017985265236347914,0.006808153440942988,0.006981041835388169,0.007677798625081778
392,392,4.163745880126953,4.163335800170898,2e-05,2.3287309424459557,0.017970262560993433,0.006825593678513542,0.0069990405172575265,0.0077020073076710105
393,393,4.163439750671387,4.163302421569824,2e-05,2.1756805587689754,0.018001388758420944,0.006843901792308316,0.0070165900979191065,0.007724081980995834
394,394,4.163834571838379,4.164294242858887,2e-05,2.0378411511813455,0.018023688811808825,0.006860746303573251,0.0070352307229768485,0.007750809658318758
395,395,4.163178443908691,4.163959503173828,2e-05,2.0732791075214774,0.018021433614194393,0.006875537190353498,0.007050782267469913,0.007759460248053074
396,396,4.164087295532227,4.163234710693359,2e-05,2.1062422770636333,0.018023475538939238,0.00689419632544741,0.007069423649227247,0.00778886629268527
397,397,4.162467002868652,4.163558483123779,2e-05,1.9748950204247964,0.018055766820907593,0.006911159725859761,0.007087559584761038,0.007811017450876534
398,398,4.163490295410156,4.164124488830566,2e-05,2.016207881861902,0.018061287235468626,0.006928596849320456,0.00710419804090634,0.007824956090189517
399,399,4.1635918617248535,4.163246154785156,2e-05,2.0569675308128414,0.018043048679828644,0.006945195113075897,0.007121143658878282,0.007842666702345014
400,400,4.163013458251953,4.164981842041016,2e-05,2.0924783900645303,0.018096141517162323,0.006964216125197709,0.007141463545849547,0.007879395503550768
401,401,4.163445949554443,4.164484977722168,2e-05,2.1270458041309026,0.01809431565925479,0.006980548467254266,0.007158420223277062,0.007894786074757576
402,402,4.163748741149902,4.165288925170898,2e-05,2.157917864979419,0.018121646717190742,0.006997863558353856,0.007175498816650361,0.007910553133115172
403,403,4.163352966308594,4.164153575897217,2e-05,2.18755216942986,0.018082320224493742,0.007015695708105341,0.007194568868726492,0.00794073031283915
404,404,4.163424968719482,4.163838863372803,2e-05,2.2112161742712333,0.018098234198987484,0.00703349630930461,0.007211856282083318,0.00795787712559104
405,405,4.163231372833252,4.163073539733887,2e-05,2.2313322282813624,0.01810066308826208,0.007049655308946967,0.00722841065726243,0.00796803180128336
406,406,4.163668632507324,4.164823532104492,2e-05,2.087457763454074,0.01811508648097515,0.007067156460834667,0.0072473779146093875,0.007993330247700214
407,407,4.1631269454956055,4.162977695465088,2e-05,2.122356755503125,0.018133833073079586,0.007086307479767129,0.007265904831001535,0.008017652202397585
408,408,4.162772178649902,4.163592338562012,2e-05,1.9780276777256554,0.018172957468777895,0.007104564254404977,0.007284976803930476,0.0080427301581949
409,409,4.163020133972168,4.162937641143799,2e-05,2.0248291925352695,0.018112191930413246,0.007121070520952344,0.007301216945052147,0.00805491441860795
410,410,4.163364410400391,4.162832736968994,2e-05,1.901583763247306,0.018160551320761442,0.0071376685227733105,0.007318961579585448,0.008069703122600913
411,411,4.162914276123047,4.163231372833252,2e-05,1.7908253797729072,0.018136204686015844,0.0071554511960130185,0.0073372348851989955,0.008092220639809966
412,412,4.16292667388916,4.163050174713135,2e-05,1.856458786807427,0.018163666129112244,0.0071742983418516815,0.007356870773946866,0.008122486295178533
413,413,4.1633782386779785,4.162810802459717,2e-05,1.9147169075554762,0.018171363975852728,0.007191138080088422,0.0073739174695219845,0.008136681979522109
414,414,4.162454605102539,4.162909507751465,2e-05,1.8028449135695017,0.018189791589975357,0.007208323397208005,0.00739230596809648,0.008158447686582804
415,415,4.162528991699219,4.16253662109375,2e-05,1.8674827813147794,0.018198772333562374,0.007225789857329801,0.007409763726172969,0.008176819188520312
416,416,4.162448883056641,4.163163185119629,2e-05,1.7602793220324124,0.018205879721790552,0.007243571511935443,0.007427072909194976,0.008194317342713475
417,417,4.162188529968262,4.163702964782715,2e-05,1.8299526454166697,0.018193598370999098,0.007260284997755662,0.007445205032126978,0.008216211572289467
418,418,4.1636505126953125,4.162097930908203,2e-05,1.891604598484,0.018231026362627745,0.007279224781086668,0.007464228750905022,0.008242568001151085
419,419,4.161913871765137,4.163354873657227,2e-05,1.7827190509464783,0.018217694014310837,0.007294919720152393,0.007480521162506193,0.008255717810243368
420,420,4.1622209548950195,4.16273832321167,2e-05,1.8454795626002145,0.018225740641355515,0.007314373477129266,0.007499769708374515,0.008284209994599223
421,421,4.161887168884277,4.163111686706543,2e-05,1.8993907760971558,0.018259032629430294,0.0073311112355440855,0.007518831145716831,0.00831188028678298
422,422,4.16314697265625,4.163073539733887,2e-05,1.955966465321047,0.018271968234330416,0.007348366285441443,0.007536639051977545,0.008331884862855077
423,423,4.163323402404785,4.162970542907715,2e-05,2.00650845052015,0.01828149799257517,0.007366387464571744,0.0075541223341133446,0.008349881274625659
424,424,4.162491798400879,4.1629557609558105,2e-05,2.04791307716979,0.01822944777086377,0.0073819167737383395,0.007569572393549606,0.008355178637430072
425,425,4.162769317626953,4.163357734680176,2e-05,2.0840975107364934,0.01828502956777811,0.007401159702567384,0.007590176566736773,0.008389148861169815
426,426,4.162181377410889,4.1632184982299805,2e-05,2.1183247429742194,0.018290407955646515,0.007418677269015461,0.007607816427480429,0.008407113375142217
427,427,4.162746429443359,4.162106990814209,2e-05,2.146965765818922,0.018223857507109642,0.007434582628775388,0.00762437452794984,0.008420601254329085
428,428,4.162141799926758,4.162906169891357,2e-05,2.1762637081883254,0.018278931733220816,0.007454316219082102,0.007644843630259857,0.008452449226751924
429,429,4.162829875946045,4.162616729736328,2e-05,2.202336634915297,0.01832755794748664,0.007472501427400857,0.007661812822334468,0.008465870749205351
430,430,4.162787437438965,4.162585258483887,2e-05,2.225878991897243,0.01828332105651498,0.007486779271857813,0.007677808869630098,0.008475678274407983
431,431,4.162073135375977,4.163276672363281,2e-05,2.2470824635639466,0.01828961819410324,0.0075060347153339535,0.007696101209148765,0.008498371113091707
432,432,4.162245750427246,4.162500381469727,2e-05,2.2680737402717592,0.018314245156943798,0.007524295389885083,0.007715508341789246,0.008526961086317897
433,433,4.16173791885376,4.163273811340332,2e-05,2.2836501754670677,0.018345754593610764,0.007541410566773266,0.007733080099569634,0.008546087658032775
434,434,4.162322044372559,4.162483215332031,2e-05,2.302331251780409,0.0183493010699749,0.0075589426851365715,0.007751655502943322,0.008570579113438725
435,435,4.162487030029297,4.162829875946045,2e-05,2.312900672973137,0.01832760265097022,0.0075746867805719376,0.0077681227412540466,0.00858446373604238
436,436,4.162734031677246,4.162351608276367,2e-05,2.326736278472654,0.018383567221462727,0.0075948904268443584,0.007788101152982563,0.008616376901045442
437,437,4.161754608154297,4.161678314208984,2e-05,2.3329141224377086,0.018361852038651705,0.007612342422362417,0.007806350040482357,0.008639204781502485
438,438,4.16262149810791,4.162844657897949,2e-05,2.1788699315725317,0.018388526514172554,0.007629575178725645,0.007824195577995852,0.008658023783937097
439,439,4.162143707275391,4.163214683532715,2e-05,2.202279079562723,0.018397974781692028,0.007645881705684587,0.007841005659429356,0.008671432500705123
440,440,4.161844253540039,4.161940574645996,2e-05,2.2238630709686626,0.01837609987705946,0.007662635965971276,0.00785828396328725,0.008688103873282671
441,441,4.161651611328125,4.16293478012085,2e-05,2.2404707641351553,0.018374220468103886,0.007680838432861492,0.007875021605286747,0.008702581748366356
442,442,4.1629638671875,4.161822319030762,2e-05,2.257479449175518,0.018444455694407225,0.007700715039391071,0.007895749295130372,0.008735623676329851
443,443,4.1620659828186035,4.164066314697266,2e-05,2.274481742953777,0.018396716099232435,0.0077166176051832736,0.007912479864899069,0.008750565815716982
444,444,4.162538528442383,4.162193775177002,2e-05,2.291500560368308,0.01841064728796482,0.007732583559118211,0.007928590988740325,0.00876135821454227
445,445,4.161548614501953,4.161667823791504,2e-05,2.306387744495899,0.018441843334585428,0.00775081233587116,0.007948361686430871,0.008792236680164933
446,446,4.162571907043457,4.1625871658325195,2e-05,2.156502379184383,0.018400205299258232,0.007767582050291821,0.00796422641724348,0.008802350610494614
447,447,4.161479949951172,4.161994934082031,2e-05,2.1829210657254334,0.018463673535734415,0.007784668618114665,0.007983080868143588,0.008828701684251428
448,448,4.161829948425293,4.162012100219727,2e-05,2.2089553875708345,0.018473300151526928,0.007804188964655623,0.008002735732588917,0.008860779693350196
449,449,4.161243915557861,4.162146091461182,2e-05,2.2309251414311024,0.018521893303841352,0.0078200115240179,0.008019104308914393,0.0088714431039989
450,450,4.161651611328125,4.163280963897705,2e-05,2.2516427623491237,0.018482051324099302,0.007836919627152383,0.00803634594194591,0.008889631135389209
451,451,4.161978721618652,4.161233425140381,2e-05,2.2663510561077174,0.018470505718141794,0.00785478251054883,0.008051833137869835,0.008899230509996414
452,452,4.161782264709473,4.162166595458984,2e-05,2.1189916590027646,0.018533112481236458,0.00787386012962088,0.008074474695604295,0.00894369138404727
453,453,4.162496566772461,4.162195205688477,2e-05,2.1533877082119552,0.018524232786148787,0.007888882653787732,0.008089599956292659,0.008950605988502502
454,454,4.163242340087891,4.1621222496032715,2e-05,2.180697748410235,0.018514026887714863,0.007907113817054778,0.008108375710435212,0.008976420853286982
455,455,4.162602424621582,4.1620869636535645,2e-05,2.203505429481145,0.01854803692549467,0.00792456598719582,0.008125592488795519,0.008992456132546067
456,456,4.162430763244629,4.162487506866455,2e-05,2.2235587009292104,0.01854557730257511,0.007942934753373265,0.008144461724441499,0.00901995343156159
457,457,4.161588668823242,4.1620988845825195,2e-05,2.2445226351880994,0.018528623040765524,0.007960102579090744,0.00816222361754626,0.009040892822667956
458,458,4.161253929138184,4.162285327911377,2e-05,2.2639692493599375,0.018581959418952465,0.007975729589816183,0.00817959161940962,0.009056385373696685
459,459,4.161380290985107,4.161748886108398,2e-05,2.2813483448974186,0.018553677946329117,0.007993907784111798,0.008196463866624981,0.009074168279767036
460,460,4.1615800857543945,4.16217041015625,2e-05,2.294658459425088,0.018566965591162443,0.008010952326003462,0.008213925291784108,0.009092155145481229
461,461,4.162014007568359,4.162930011749268,2e-05,2.3119063599062213,0.018572416622191668,0.008030298806261271,0.008233330678194761,0.009122150018811226
462,462,4.1615376472473145,4.162363052368164,2e-05,2.325620868544714,0.018560510128736496,0.008045669586863369,0.008249834761954844,0.009134527761489153
463,463,4.16140604019165,4.162237167358398,2e-05,2.332028195948404,0.01861721510067582,0.008064843364991248,0.008269385434687138,0.009163208771497011
464,464,4.1613593101501465,4.1615190505981445,2e-05,2.339959542402453,0.0185830513946712,0.008078409708105028,0.008283763832878321,0.009166192961856723
465,465,4.162358283996582,4.161873817443848,2e-05,2.349756664736076,0.01864473382011056,0.00809882435714826,0.008304867777042091,0.009203989990055561
466,466,4.162001609802246,4.161542892456055,2e-05,2.3581823873931835,0.01861442346125841,0.008114918833598495,0.008320834022015333,0.009215748636052012
467,467,4.162442207336426,4.161585807800293,2e-05,2.366111179233123,0.018637098371982574,0.008133409428410232,0.008339002844877541,0.00923678046092391
468,468,4.161828994750977,4.162111759185791,2e-05,2.3729881942359605,0.018617510329931974,0.008150649897288531,0.008357130514923483,0.009260631632059813
469,469,4.161038398742676,4.161451816558838,2e-05,2.3805291265068216,0.018637143541127443,0.008165853680111468,0.008372856536880136,0.00926897767931223
470,470,4.161590576171875,4.161929130554199,2e-05,2.385920116731105,0.01864085253328085,0.008184540434740484,0.008392174378968775,0.009300012607127428
471,471,4.161373138427734,4.161074638366699,2e-05,2.392293510932466,0.018637325149029493,0.008201970718801022,0.008408896916080266,0.009313544258475304
472,472,4.161563873291016,4.161780834197998,2e-05,2.2327459511795915,0.01869038725271821,0.008219610317610204,0.008426805085036904,0.009335702750831842
473,473,4.160373687744141,4.161691188812256,2e-05,2.2484686348412573,0.018694805447012186,0.008235857472755015,0.008445209183264524,0.009358441922813654
474,474,4.161364555358887,4.161960124969482,2e-05,2.264520876480758,0.018655686173588037,0.0082534016110003,0.008462019904982299,0.009376402711495757
475,475,4.1611528396606445,4.162735939025879,2e-05,2.2774042372377474,0.018741664942353964,0.008274994732346386,0.008483265351969749,0.009412378538399935
476,476,4.161350250244141,4.161576747894287,2e-05,2.2912443540374006,0.018692173529416323,0.008287952980026603,0.008498241542838514,0.009418156230822206
477,477,4.162110328674316,4.161996841430664,2e-05,2.3072386939137925,0.018703877460211515,0.008305670868139714,0.008515920664649457,0.009439041838049889
478,478,4.160861968994141,4.161309242248535,2e-05,2.319058915948098,0.01875055441632867,0.008324259368237108,0.008535266330000013,0.009465196868404746
479,479,4.1612348556518555,4.161696434020996,2e-05,2.3337166336258375,0.018727985210716724,0.00833979225717485,0.008552097482606769,0.009481703164055943
480,480,4.1613383293151855,4.162147045135498,2e-05,2.341601014841536,0.018758506048470736,0.008358297229278833,0.008569895522668958,0.009501000633463264
481,481,4.16163444519043,4.1624603271484375,2e-05,2.3525838316443877,0.01877633761614561,0.00837746076285839,0.008589928911533207,0.00952992681413889
482,482,4.160898685455322,4.161204814910889,2e-05,2.3599472264322428,0.018710406497120857,0.008392712799832225,0.008605334209278226,0.009540044004097581
483,483,4.160797595977783,4.1621222496032715,2e-05,2.365300456068492,0.018733680248260498,0.008412263647187501,0.008624962356407195,0.009567358298227191
484,484,4.160978317260742,4.161292552947998,2e-05,2.3685455927298396,0.01878917822614312,0.008428967266809195,0.008641888794954866,0.009580733953043818
485,485,4.1618571281433105,4.1614460945129395,2e-05,2.37462236210784,0.01876536663621664,0.008446677587926388,0.008660218969453126,0.009604470571503043
486,486,4.161385536193848,4.161975860595703,2e-05,2.3781725364963755,0.018772604875266552,0.008464002457913011,0.008677072532009333,0.009619547287002206
487,487,4.160844802856445,4.161357879638672,2e-05,2.3762284882107365,0.018741562962532043,0.008480888558551669,0.008694535819813609,0.009639013791456819
488,488,4.161774635314941,4.161545276641846,2e-05,2.373943569448197,0.018808423541486263,0.00849941378692165,0.008714856405276805,0.009670560946688056
489,489,4.16111946105957,4.162018775939941,2e-05,2.372350588035601,0.01881800778210163,0.00851496373070404,0.008730638364795595,0.009680712362751365
490,490,4.16146183013916,4.161212921142578,2e-05,2.37193456795428,0.01882041059434414,0.008533565618563443,0.008748545602429658,0.00970219005830586
491,491,4.1610894203186035,4.162407875061035,2e-05,2.378884364516078,0.018887510523200035,0.008553238410968333,0.008769249601755291,0.009736065985634923
492,492,4.160329341888428,4.162405014038086,2e-05,2.380800813458417,0.018830282147973776,0.008567772572860122,0.008784300822298974,0.009741424582898617
493,493,4.1610260009765625,4.161587238311768,2e-05,2.3808002728379067,0.01884683733806014,0.008586951880715787,0.00880401738686487,0.009772844845429063
494,494,4.16110897064209,4.161367416381836,2e-05,2.385614318694799,0.018857695162296295,0.008601842913776636,0.00881892116740346,0.009778370149433613
495,495,4.1607985496521,4.160794258117676,2e-05,2.387228027696132,0.018906509969383478,0.008620800683274865,0.00883825559867546,0.009803737048059702
496,496,4.160771369934082,4.163063049316406,2e-05,2.2224304714808474,0.018863013945519924,0.00863690284313634,0.008855677966494113,0.009825463639572263
497,497,4.160334587097168,4.160501956939697,2e-05,2.2420715043471784,0.01887899124994874,0.008654102974105626,0.008871175698004663,0.00983462342992425
498,498,4.161239147186279,4.16066837310791,2e-05,2.0968512747889982,0.01891229161992669,0.008671953401062638,0.008890678407624364,0.009863889310508966
499,499,4.161580562591553,4.161236763000488,2e-05,2.128616115520839,0.018890812061727047,0.008690351794939488,0.00890898541547358,0.00988972163759172
500,500,4.160892963409424,4.161290645599365,2e-05,2.1543377632099356,0.018900636583566666,0.008705859770998359,0.008924949914216995,0.009900744771584868
501,501,4.1605424880981445,4.161351203918457,2e-05,2.1795518677569103,0.01895141415297985,0.00872561614960432,0.008945443667471409,0.009935454465448856
502,502,4.1605424880981445,4.162425994873047,2e-05,2.2023543039871107,0.01890023471787572,0.008740887395106256,0.008959831029642373,0.009941874537616968
503,503,4.160062313079834,4.160810470581055,2e-05,2.2180543668809034,0.01897787069901824,0.008760379394516349,0.008981380669865757,0.009976808214560151
504,504,4.160935401916504,4.160947799682617,2e-05,2.237074776760899,0.01895592361688614,0.008776751754339784,0.008998719335068017,0.009995518485084176
505,505,4.161159038543701,4.1611833572387695,2e-05,2.253464657672496,0.018935374915599823,0.008791988308075815,0.009013072121888399,0.009999428177252412
506,506,4.1598358154296875,4.160745620727539,2e-05,2.268195699259603,0.018999903928488493,0.008810969768092036,0.009032889211084694,0.01002821745350957
507,507,4.161062717437744,4.160970687866211,2e-05,2.2810671926910753,0.01894305646419525,0.008826496894471347,0.009047879953868687,0.01003579911775887
508,508,4.161150932312012,4.160506248474121,2e-05,2.2908530887683276,0.019012230448424816,0.008848319645039737,0.009069645602721721,0.010072705568745732
509,509,4.16041374206543,4.160849571228027,2e-05,2.2982942450136234,0.019005426671355963,0.008865231298841536,0.009088678169064224,0.010097861988469958
510,510,4.160715103149414,4.161043167114258,2e-05,2.3031070377674574,0.019023983273655176,0.00888223119545728,0.009105584060307592,0.01011144882068038
511,511,4.161355018615723,4.160191059112549,2e-05,2.3101849052214933,0.019044787157326937,0.008900785178411752,0.009124055271968246,0.010136522352695465
512,512,4.160767078399658,4.160741806030273,2e-05,2.156492667181833,0.018991447519510984,0.008915799728129059,0.009140709938947111,0.01015071733854711
513,513,4.160671710968018,4.16185188293457,2e-05,2.179716158826553,0.01905634766444564,0.008934643759857863,0.00915858254302293,0.01017109421081841
514,514,4.160310745239258,4.160778522491455,2e-05,2.1991945869824727,0.01901125069707632,0.008949473907705396,0.00917475437745452,0.010183221893385053
515,515,4.1601457595825195,4.160739898681641,2e-05,2.220778647544535,0.019053288735449314,0.008968247100710869,0.009193299163598567,0.010205844417214394
516,516,4.160566806793213,4.160246849060059,2e-05,2.239179258817002,0.01909819385036826,0.008988026645965874,0.009214032033924013,0.010239811381325126
517,517,4.160211086273193,4.161200523376465,2e-05,2.2519179200634274,0.019100926350802183,0.009004825726151466,0.009231059753801674,0.010255260393023491
518,518,4.160235404968262,4.160379886627197,2e-05,2.2637642661559605,0.01907678972929716,0.009022444603033364,0.009248473914340138,0.010274403030052781
519,519,4.15985107421875,4.160956382751465,2e-05,2.271668775083511,0.019063663203269243,0.009037703566718847,0.00926406984217465,0.010284443385899067
520,520,4.160349369049072,4.161106109619141,2e-05,2.2840660696381967,0.01914113899692893,0.009059888019692153,0.00928670761641115,0.010325199458748102
521,521,4.161713600158691,4.160477638244629,2e-05,2.2924559700403577,0.01911195833235979,0.00907365878811106,0.009301078098360449,0.010329770389944315
522,522,4.159568786621094,4.160749912261963,2e-05,2.297814674444826,0.01915502129122615,0.009092446765862405,0.009320648561697453,0.010358843486756086
523,523,4.160186767578125,4.160623550415039,2e-05,2.304990746748296,0.019157707691192627,0.009109363832976669,0.009338691888842732,0.01038104365579784
524,524,4.1600446701049805,4.161401748657227,2e-05,2.312491530428008,0.019142418168485165,0.009127734752837569,0.009356315422337502,0.010400602361187339
525,525,4.159958362579346,4.16011381149292,2e-05,2.3182273144220202,0.019157765433192253,0.009144422481767833,0.009372433996759355,0.010412583593279123
526,526,4.161288261413574,4.159926414489746,2e-05,2.1650822443117894,0.019181113224476576,0.00916171568678692,0.009390824125148356,0.0104356175288558
527,527,4.16056489944458,4.159611701965332,2e-05,2.0283231055644158,0.019168642349541187,0.009180120250675827,0.009410082537215203,0.01046328735537827
528,528,4.160874366760254,4.159968376159668,2e-05,1.9052150652183033,0.01921178074553609,0.009198421437758952,0.009428831283003092,0.010486293584108353
529,529,4.159416198730469,4.160637855529785,2e-05,1.9593528008141299,0.01921740686520934,0.009213326149620116,0.009444736235309392,0.010497837560251355
530,530,4.159660339355469,4.160497665405273,2e-05,2.0072447166684837,0.01923556113615632,0.00923204142600298,0.0094642469775863,0.010524853598326445
531,531,4.160634517669678,4.161856651306152,2e-05,2.0508398208083123,0.019208916928619146,0.00925086362985894,0.009480074280872941,0.010537676978856325
532,532,4.159653663635254,4.16141939163208,2e-05,2.0894295726948413,0.019247813150286674,0.009269533096812665,0.009500661515630782,0.010569279082119465
533,533,4.160170555114746,4.160430908203125,2e-05,2.1249330267958584,0.019221907015889883,0.009283869934733957,0.009515523677691817,0.010577187640592456
534,534,4.160196304321289,4.159610748291016,2e-05,2.1556033104159367,0.01930743921548128,0.009303606988396496,0.009537085250485688,0.010611984878778458
535,535,4.159788608551025,4.160541534423828,2e-05,2.019222490864378,0.019231204874813557,0.00932104984531179,0.009551472729071975,0.010617145104333758
536,536,4.1595282554626465,4.162343978881836,2e-05,2.0598477098441847,0.01934627117589116,0.00933927926234901,0.009572431619744748,0.010648844530805945
537,537,4.159814834594727,4.160591125488281,2e-05,2.09756564528796,0.019256829284131527,0.009353549045044929,0.009585935156792402,0.010652818251401186
538,538,4.160037994384766,4.159306526184082,2e-05,2.131412968301525,0.01928488304838538,0.009373510838486254,0.009605903993360698,0.010682124178856611
539,539,4.160421371459961,4.159637451171875,2e-05,1.9978502803504379,0.019283076748251915,0.009390585822984576,0.009624687780160457,0.010704863583669066
540,540,4.161114692687988,4.159907341003418,2e-05,2.0432754512062927,0.019303443375974894,0.009407816163729876,0.009641666780225933,0.010722406441345811
541,541,4.1602301597595215,4.159327507019043,2e-05,2.0793981711577874,0.0193376112729311,0.009425254131201655,0.00965969281969592,0.010741051053628325
542,542,4.160016059875488,4.160819053649902,2e-05,2.113424738975842,0.019305629655718803,0.009443183022085577,0.009676014422439039,0.010757106356322765
543,543,4.159420967102051,4.161444664001465,2e-05,2.1408748093144205,0.019357089418917894,0.009462486137636006,0.009698109060991555,0.010794732253998518
544,544,4.15972375869751,4.160284519195557,2e-05,2.167012143875651,0.019339944701641798,0.009479211061261594,0.009713609528262168,0.01080557657405734
545,545,4.161036968231201,4.160246849060059,2e-05,2.195476270540368,0.019369448069483042,0.00949817948276177,0.009733629412949085,0.010832814499735832
546,546,4.159167766571045,4.159335136413574,2e-05,2.218809172001675,0.019371025264263153,0.009512441058177501,0.009749113698489964,0.010843815747648478
547,547,4.159589767456055,4.160667419433594,2e-05,2.2413798109320004,0.019421884324401617,0.009533750242553651,0.009770345699507743,0.010877285152673721
548,548,4.160757064819336,4.158980369567871,2e-05,2.2602493985502456,0.01939454209059477,0.009549506765324622,0.009785083821043372,0.010884647024795413
549,549,4.159049034118652,4.161686420440674,2e-05,2.113460867540199,0.01936631230637431,0.009566608408931643,0.009802159504033625,0.010901304194703698
550,550,4.160191535949707,4.161684989929199,2e-05,2.1437372013006835,0.01938118040561676,0.00958279543556273,0.009820388513617218,0.010924491100013256
551,551,4.159160614013672,4.160625457763672,2e-05,2.1740158519957333,0.019463020842522383,0.009603373939171433,0.009841002407483757,0.010954175842925906
552,552,4.159999847412109,4.159876823425293,2e-05,2.199532046666606,0.019422335550189018,0.009619273710995913,0.009856949909590185,0.010968057438731194
553,553,4.159128189086914,4.1586480140686035,2e-05,2.2245528590447137,0.019431715831160545,0.00963641086127609,0.009873527917079628,0.010983800981193781
554,554,4.159825325012207,4.159941673278809,2e-05,2.0815538748320037,0.019464178010821342,0.009654294699430466,0.009892450529150665,0.011006513610482216
555,555,4.160186290740967,4.159577369689941,2e-05,2.1126764122809685,0.01947033079341054,0.009671535750385374,0.009910277440212667,0.011027888162061572
556,556,4.158750534057617,4.160982608795166,2e-05,2.1456307388986517,0.01944278320297599,0.009689958416856825,0.00992768385913223,0.011047267122194171
557,557,4.158531665802002,4.159157752990723,2e-05,2.173834816561749,0.019524383824318647,0.009708081430289894,0.009948052756953984,0.011075612856075168
558,558,4.159748554229736,4.159252643585205,2e-05,2.201451189094073,0.019469668623059988,0.009725100127980113,0.009963859745766968,0.011089209700003266
559,559,4.1583967208862305,4.160081386566162,2e-05,2.224381448023189,0.019542197231203318,0.009743437694851309,0.00998311530565843,0.011114780558273196
560,560,4.158843040466309,4.160095691680908,2e-05,2.2451900676375534,0.019529429730027914,0.009761787892784923,0.010000804264564067,0.011134285246953368
561,561,4.159918785095215,4.159128665924072,2e-05,2.26590887274844,0.019530370365828276,0.009776834573131055,0.010018370812758803,0.011152755236253142
562,562,4.159860610961914,4.158710479736328,2e-05,2.282168044104332,0.019459513947367668,0.009793510136660188,0.010034830658696592,0.011168919270858169
563,563,4.159544944763184,4.1603851318359375,2e-05,2.298378788797029,0.019507459364831448,0.009811420110054314,0.01005190028809011,0.011184689123183489
564,564,4.158755779266357,4.160876274108887,2e-05,2.311480707323667,0.019562795292586088,0.00983026169706136,0.010072575998492539,0.011214584344998002
565,565,4.159101963043213,4.159082412719727,2e-05,2.3245768590359366,0.01955067180097103,0.009847945475485176,0.0100895935902372,0.011231021955609322
566,566,4.159708023071289,4.160719871520996,2e-05,2.335883255755463,0.019518084824085236,0.009862956241704524,0.010105222754646093,0.011242987355217338
567,567,4.160022735595703,4.159531593322754,2e-05,2.347284448856947,0.01959862234070897,0.009887482679914683,0.010128969966899604,0.011285478714853525
568,568,4.15858268737793,4.159297466278076,2e-05,2.3553485292292162,0.019511290825903416,0.00989813229534775,0.010140411963220686,0.011280298931524158
569,569,4.159150123596191,4.159364700317383,2e-05,2.3601793482137796,0.019603983033448458,0.00992095860419795,0.01016192662063986,0.011313894763588905
570,570,4.1585307121276855,4.159419059753418,2e-05,2.3646249533834074,0.019607377238571644,0.00993768364423886,0.010180228506214917,0.011335805989801884
571,571,4.15869140625,4.159189701080322,2e-05,2.373219173138334,0.01960255252197385,0.009954737091902643,0.010198491858318448,0.011356855276972055
572,572,4.159228324890137,4.158530235290527,2e-05,2.3749142075908143,0.01958401221781969,0.009969238424673676,0.010213936737272888,0.011368254432454705
573,573,4.159258842468262,4.159005641937256,2e-05,2.217062508590253,0.019623395521193743,0.009987169411033392,0.010231972497422248,0.01138871954753995
574,574,4.160196781158447,4.159852981567383,2e-05,2.23271087080042,0.01963658444583416,0.010006799187976867,0.010252126725390553,0.011418074369430542
575,575,4.159056663513184,4.158919334411621,2e-05,2.250275617467703,0.01963653415441513,0.010024365095887333,0.01026813848875463,0.011431395541876554
576,576,4.159391403198242,4.15994930267334,2e-05,2.2690155490391315,0.019665393512696028,0.010041789268143475,0.010286801436450332,0.011454714462161064
577,577,4.159684181213379,4.160462379455566,2e-05,2.2860965538271043,0.019639368634670973,0.01005880261072889,0.010303659131750464,0.011473040794953704
578,578,4.158330917358398,4.159868240356445,2e-05,2.300857686872437,0.01970451371744275,0.010078835708554834,0.010323439142666757,0.01149992668069899
579,579,4.159654140472412,4.159064292907715,2e-05,2.3115378590680984,0.01968257362022996,0.010093729884829372,0.01034055685158819,0.011518444865942001
580,580,4.15793514251709,4.1599040031433105,2e-05,2.3227189963276373,0.01972414366900921,0.01011373900109902,0.010359391395468265,0.011541334679350257
581,581,4.160100936889648,4.161158561706543,2e-05,2.3321650579055087,0.019717042800039053,0.010132248746231198,0.010378316335845739,0.011565555585548282
582,582,4.157959938049316,4.158817768096924,2e-05,2.3402697603869758,0.01973567996174097,0.010149696317967027,0.010395859077107161,0.011584688210859895
583,583,4.158814430236816,4.159473419189453,2e-05,2.346454351266088,0.019708274863660336,0.01016402937239036,0.010412030154839158,0.01159802870824933
584,584,4.158447265625,4.1583709716796875,2e-05,2.35493178288799,0.019699611235409975,0.010182212048675865,0.010429427900817245,0.011616639560088515
585,585,4.158476829528809,4.158978462219238,2e-05,2.1983545059766416,0.019777238368988037,0.010202534322161227,0.010448606044519693,0.011640304001048207
586,586,4.159283638000488,4.159748077392578,2e-05,2.2193382442877323,0.019768170546740294,0.010218259587418288,0.010466749488841742,0.011661667842417955
587,587,4.157835006713867,4.159505844116211,2e-05,2.239144181634987,0.019793285056948662,0.010235110064968467,0.01048261224059388,0.011673190863803029
588,588,4.15949821472168,4.1593828201293945,2e-05,2.2577924275837926,0.01975555857643485,0.010252889071125537,0.01050176698481664,0.011699479771777987
589,589,4.157820701599121,4.1593804359436035,2e-05,2.2772320121057303,0.019796043168753386,0.010271360049955547,0.01052014750894159,0.011721676215529442
590,590,4.158823013305664,4.160253524780273,2e-05,2.2926910648812457,0.01977670332416892,0.010290253965649754,0.010538263013586402,0.011744518298655748
591,591,4.15918493270874,4.1592631340026855,2e-05,2.3081172811299147,0.01980689773336053,0.01030678057577461,0.010556206747423857,0.011764890514314175
592,592,4.159340858459473,4.15882682800293,2e-05,2.3196421615810756,0.019833529833704233,0.010325810115318745,0.010576087050139904,0.011791510507464409
593,593,4.158981800079346,4.158014297485352,2e-05,2.3293808162377228,0.019772359635680914,0.010342529625631869,0.010592046601232141,0.01180467032827437
594,594,4.1583571434021,4.1598100662231445,2e-05,2.1561875466272507,0.019871613010764122,0.010362719825934619,0.010613212594762444,0.011835741577669978
595,595,4.159102439880371,4.159190654754639,2e-05,2.185257241382,0.019865522161126137,0.010377895610872656,0.010629790485836565,0.011849981499835849
596,596,4.159081935882568,4.160800457000732,2e-05,2.2105194767369514,0.019882014486938715,0.010397313570138067,0.010648600640706718,0.011872563976794481
597,597,4.158709526062012,4.160287857055664,2e-05,2.233262311378433,0.01990319089964032,0.010415246768388897,0.010665644542314112,0.01188699807971716
598,598,4.157689094543457,4.159122943878174,2e-05,2.2573435218571754,0.01987948315218091,0.01043151703197509,0.010683050088118762,0.011906133498996496
599,599,4.15777587890625,4.160487651824951,2e-05,2.2718505479379703,0.019939313177019358,0.010450553905684501,0.010702938947360963,0.01193177211098373
600,600,4.15902042388916,4.158456802368164,2e-05,2.290141725390215,0.019889188930392265,0.01046913448954001,0.010721218190155923,0.011952533386647701
601,601,4.157794952392578,4.158738613128662,2e-05,2.3038659539490687,0.01989495102316141,0.010485194972716272,0.010737710166722536,0.011965876910835505
602,602,4.15848445892334,4.158509731292725,2e-05,2.318663675919652,0.019933204166591167,0.010505626269150525,0.01075733610196039,0.011990579077973962
603,603,4.159769535064697,4.1581196784973145,2e-05,2.3298879484353803,0.01992778107523918,0.010521275515202433,0.010774765571113676,0.012008010409772396
604,604,4.158285140991211,4.157789707183838,2e-05,2.342042071878848,0.019931634422391653,0.010540021758060902,0.010792635672260076,0.01202776120044291
605,605,4.158392429351807,4.159475326538086,2e-05,2.186443819997659,0.0199749618768692,0.010558258043602109,0.010812904336489737,0.012054052902385592
606,606,4.158286094665527,4.158905029296875,2e-05,2.2134418014973405,0.0199430868960917,0.010577886714600027,0.01083173742517829,0.01207735389471054
607,607,4.15871524810791,4.159399032592773,2e-05,2.236899529933544,0.020040803588926792,0.01059567678021267,0.010848429868929088,0.012090257136151195
608,608,4.1596598625183105,4.1596999168396,2e-05,2.255155800388787,0.020017544738948345,0.01061501185176894,0.010869809309951961,0.012121135368943214
609,609,4.158448219299316,4.158626556396484,2e-05,2.274275414632149,0.01999680744484067,0.010631613433361053,0.010886298026889563,0.012135828146710992
610,610,4.158246040344238,4.157778739929199,2e-05,2.2908355581141535,0.02003313973546028,0.010650227311998606,0.010903341113589704,0.01215088996104896
611,611,4.157576560974121,4.158198356628418,2e-05,2.140632352516546,0.020065424032509327,0.01066721323877573,0.01092351641273126,0.01217639958485961
612,612,4.157488822937012,4.159760475158691,2e-05,2.171130479887607,0.02004013629630208,0.010686241497751325,0.01094110804842785,0.012194345472380519
613,613,4.157880783081055,4.158200263977051,2e-05,2.198138449052409,0.02004994498565793,0.010703095991630107,0.010959115577861667,0.012213800335302949
614,614,4.158825874328613,4.158895015716553,2e-05,2.2219472270436813,0.020048719365149736,0.01072292949538678,0.010978412174154073,0.012237704824656248
615,615,4.1582770347595215,4.158310413360596,2e-05,2.2439487988406563,0.020065659191459417,0.010742240061517805,0.01099850854370743,0.01226352108642459
616,616,4.158823490142822,4.157907962799072,2e-05,2.2632225408518254,0.02008975949138403,0.010758724878542125,0.011016697681043297,0.012282889569178224
617,617,4.157588005065918,4.158744812011719,2e-05,2.2809597478746952,0.02008871827274561,0.010777759831398726,0.011034386174287647,0.012301572831347585
618,618,4.157309532165527,4.158381462097168,2e-05,2.296636382627003,0.02005842560902238,0.01079443929484114,0.011050561850424856,0.012314261170104146
619,619,4.15883731842041,4.156835079193115,2e-05,2.307210809893337,0.020149568561464548,0.010813326516654342,0.011071352346334606,0.012341920053586364
620,620,4.157202243804932,4.15942907333374,2e-05,2.152078307137042,0.020126053132116795,0.010830126062501222,0.01108814514009282,0.01235808921046555
621,621,4.158210754394531,4.157900810241699,2e-05,2.1818634401739647,0.020214412361383438,0.010851202299818397,0.011108738253824413,0.01238557486794889
622,622,4.1584553718566895,4.159471035003662,2e-05,2.208061787294152,0.020144192036241293,0.010867181699723005,0.011124531796667725,0.012399979401379824
623,623,4.158036708831787,4.15739107131958,2e-05,2.230963428495331,0.0201650052331388,0.010886212287005037,0.011144222342409194,0.012423658976331353
624,624,4.158459186553955,4.159317493438721,2e-05,2.2531497818853383,0.020168413408100605,0.010902941867243499,0.011161584581714123,0.012441215105354786
625,625,4.156389236450195,4.158724308013916,2e-05,2.2706036466651014,0.020135773345828056,0.01092087256256491,0.011178706830833107,0.012458576587960124
626,626,4.157830238342285,4.158330917358398,2e-05,2.2845123573327637,0.020121469628065825,0.010939796280581504,0.011198116757441312,0.012484045000746846
627,627,4.157333850860596,4.159050941467285,2e-05,2.296229640739543,0.02021858375519514,0.010959376115351915,0.011217879771720618,0.012507805833593011
628,628,4.158267974853516,4.158947944641113,2e-05,2.309843252949483,0.020226563327014446,0.010976786841638386,0.011236030724830925,0.012528814375400543
629,629,4.158611297607422,4.15833854675293,2e-05,2.3228039087336434,0.020158556289970875,0.0109921446419321,0.011251077870838344,0.012539203278720379
630,630,4.1589789390563965,4.157458305358887,2e-05,2.3342262242884724,0.0202429941855371,0.011011808004695922,0.011272402247413993,0.012569155544042587
631,631,4.157073020935059,4.157865524291992,2e-05,2.344885287958357,0.020242247264832258,0.011028659006115049,0.011288943875115365,0.012583766132593155
632,632,4.158381938934326,4.157976150512695,2e-05,2.353993834563257,0.020257210824638605,0.011047985753975809,0.011307716951705515,0.012606321601197124
633,633,4.1568145751953125,4.1563310623168945,2e-05,2.3637615171572155,0.020195129327476025,0.011068041494581848,0.011325981235131621,0.012628577649593353
634,634,4.156966209411621,4.157665252685547,2e-05,2.1999288345631633,0.02026514010503888,0.011084813566412777,0.011345522478222847,0.012652103556320071
635,635,4.158267021179199,4.1586809158325195,2e-05,2.2248875803679837,0.02030943986028433,0.011100689647719264,0.011361401178874075,0.01266479236073792
636,636,4.157464981079102,4.157841682434082,2e-05,2.246096415471557,0.020259915851056576,0.011118492402601987,0.01137848338112235,0.012683096108958125
637,637,4.157588958740234,4.158998489379883,2e-05,2.262861476139704,0.020292026456445456,0.011136447254102677,0.011397395690437406,0.012707053683698177
638,638,4.157499313354492,4.158482074737549,2e-05,2.2789254211163197,0.02026170725002885,0.01115255948388949,0.011412985681090504,0.012720166938379407
639,639,4.157364845275879,4.159636974334717,2e-05,2.292083637641003,0.020343330688774586,0.011173237639013678,0.011434292362537235,0.01275024120695889
640,640,4.157017707824707,4.157129287719727,2e-05,2.30757747031917,0.02028161007910967,0.011189514421857893,0.01145054423250258,0.012765895808115602
641,641,4.158653259277344,4.157339572906494,2e-05,2.3199341085124168,0.02033212874084711,0.01120634883409366,0.011469366028904915,0.012789590982720256
642,642,4.156488418579102,4.157401084899902,2e-05,2.331658745240364,0.02039047982543707,0.01122633006889373,0.011488133866805583,0.01281309430487454
643,643,4.156822681427002,4.157425403594971,2e-05,2.338843620596627,0.020341317635029554,0.011242737644352019,0.011504336667712778,0.012828211765736341
644,644,4.15867805480957,4.157994270324707,2e-05,2.348668783016046,0.020347869023680687,0.011261005187407136,0.011523683497216552,0.012852676678448915
645,645,4.157904624938965,4.157699108123779,2e-05,2.3544049199014423,0.020367687568068504,0.011275180440861732,0.011538422375451773,0.01286382949911058
646,646,4.158257484436035,4.157991409301758,2e-05,2.3600652240696456,0.02035644743591547,0.011293211427982897,0.01155721303075552,0.01288696937263012
647,647,4.1574859619140625,4.1584320068359375,2e-05,2.3669917240175016,0.020396344363689423,0.011313346622046083,0.01157660223543644,0.01291197375394404
648,648,4.1575751304626465,4.157273769378662,2e-05,2.370824148578397,0.02044983021914959,0.011330303852446377,0.011593232804443687,0.01292884862050414
649,649,4.156968116760254,4.157288551330566,2e-05,2.3778063233133673,0.020473205018788576,0.01135084341512993,0.011614428367465734,0.012959497049450874
650,650,4.157259464263916,4.157804489135742,2e-05,2.383153646928615,0.020448146387934685,0.011366975784767419,0.011631314642727375,0.0129759490955621
651,651,4.159326553344727,4.157919406890869,2e-05,2.38913216417329,0.02046598680317402,0.011383933306206018,0.01164834521478042,0.01299450034275651
652,652,4.157022953033447,4.159564018249512,2e-05,2.394165636702702,0.02052149921655655,0.011403754237107933,0.011669092578813434,0.013020715909078717
653,653,4.156694412231445,4.157773017883301,2e-05,2.4002149295360153,0.02050071395933628,0.01142020185943693,0.011685916979331523,0.013038099510595202
654,654,4.157331466674805,4.157547950744629,2e-05,2.4025401580257166,0.020508117508143187,0.011439494148362428,0.01170291646849364,0.013054874259978533
655,655,4.157012462615967,4.157052993774414,2e-05,2.407632740700812,0.02046262566000223,0.011454368417616934,0.011720273236278445,0.013072279281914234
656,656,4.1575822830200195,4.158560752868652,2e-05,2.405395563359942,0.020478630438447,0.011473004298750311,0.011739859823137522,0.01309671625494957
657,657,4.157468795776367,4.1572394371032715,2e-05,2.4055155224666094,0.020509093068540096,0.011491635930724442,0.011756804131437093,0.01311437482945621
658,658,4.156208038330078,4.156327247619629,2e-05,2.4090781462795587,0.02050598058849573,0.011509599804412574,0.011773782374802977,0.013130661332979798
659,659,4.156872749328613,4.157181739807129,2e-05,2.2477095216186784,0.020539322402328253,0.01152792852371931,0.011794447025749832,0.0131580566521734
660,660,4.157614707946777,4.156460762023926,2e-05,2.2679970080198166,0.020565876737236977,0.01154667278751731,0.011811702279374003,0.013176496140658855
661,661,4.1565728187561035,4.157434463500977,2e-05,2.2854843383696166,0.02058708854019642,0.011562594037968665,0.011831326351966709,0.013201672583818436
662,662,4.15754508972168,4.157589912414551,2e-05,2.3008672235315464,0.02055022493004799,0.011581688420847058,0.011848069028928876,0.013218956999480724
663,663,4.1563215255737305,4.157855033874512,2e-05,2.3146213475331114,0.020585003308951855,0.01159783051116392,0.01186605088878423,0.013238668907433748
664,664,4.157144546508789,4.15829610824585,2e-05,2.3269744658526257,0.020538337528705597,0.011617039563134313,0.011885200277902186,0.013264351058751345
665,665,4.158199310302734,4.158346176147461,2e-05,2.3356266432441224,0.020582594443112612,0.011633337824605405,0.011901185906026512,0.013277553487569094
666,666,4.158481597900391,4.157120227813721,2e-05,2.3449191153336315,0.020618373528122902,0.011652497109025717,0.011920006654690951,0.013299590209499002
667,667,4.156135559082031,4.156853675842285,2e-05,2.35075971816321,0.020652065984904766,0.011671272222884,0.011939309595618397,0.013323223451152444
668,668,4.1563005447387695,4.157447338104248,2e-05,2.359673139757737,0.02062662271782756,0.01168566505657509,0.011955791327636689,0.013339597266167402
669,669,4.156421661376953,4.157046318054199,2e-05,2.3675978748230126,0.020616942085325718,0.011706053745001554,0.011974261200521141,0.013362298021093011
670,670,4.155950546264648,4.156691074371338,2e-05,2.3721542817711665,0.020625040866434574,0.011721667659003288,0.011990068014711142,0.01337521942332387
671,671,4.155940055847168,4.15714168548584,2e-05,2.375487055662316,0.02069338271394372,0.011741954309400171,0.01201020076405257,0.013401702744886279
672,672,4.156281471252441,4.157447814941406,2e-05,2.3779728577040085,0.020655101165175438,0.011759739834815264,0.012028380064293742,0.013423469383269548
673,673,4.155105113983154,4.157750129699707,2e-05,2.383113675541641,0.020710574463009834,0.011779549298807979,0.01204772456549108,0.013447314966470003
674,674,4.156951904296875,4.156716346740723,2e-05,2.385226027618446,0.020687068346887827,0.011792830482590944,0.012063334987033159,0.013460957212373614
675,675,4.155735492706299,4.156280517578125,2e-05,2.39041635850419,0.02072698390111327,0.011815487872809172,0.0120843046461232,0.01348903332836926
676,676,4.156622886657715,4.15626859664917,2e-05,2.2309896969429963,0.020752767100930214,0.011831533629447222,0.012102133012376726,0.013510182732716203
677,677,4.156108856201172,4.156617164611816,2e-05,2.0821199168425677,0.02073452388867736,0.01185030332999304,0.012119435472413898,0.01352811441756785
678,678,4.155876159667969,4.155896186828613,2e-05,2.1174130739223957,0.020756416022777557,0.011866209679283202,0.012136851786635816,0.013546292437240481
679,679,4.155773162841797,4.15999698638916,2e-05,1.9859685075051567,0.020698965527117252,0.011884254636242986,0.012152543640695512,0.013560922117903829
680,680,4.155179500579834,4.157040596008301,2e-05,2.0323663430784005,0.020776330027729273,0.011904572427738458,0.012174998875707388,0.013592772651463747
681,681,4.156832695007324,4.156757354736328,2e-05,2.0731532765192044,0.0207645739428699,0.011923290614504367,0.012192533118650317,0.0136130026075989
682,682,4.157965660095215,4.1579413414001465,2e-05,2.1099230545546273,0.02080413280054927,0.011939405638258904,0.012209580570925027,0.013628291431814432
683,683,4.157697677612305,4.15878963470459,2e-05,2.1427238256730323,0.02080261195078492,0.011958036862779409,0.012228180654346943,0.013651325833052397
684,684,4.1566057205200195,4.156566619873047,2e-05,2.172203589047643,0.02082490874454379,0.011971698724664748,0.012245461519341916,0.013669473584741354
685,685,4.1558427810668945,4.157120227813721,2e-05,2.1988889368655213,0.02083581779152155,0.011996071261819452,0.012268055346794426,0.013702129479497671
686,686,4.157780647277832,4.15630578994751,2e-05,2.2229313621778606,0.020837840158492327,0.0120118327322416,0.01228213042486459,0.013711605221033096
687,687,4.156457901000977,4.156704902648926,2e-05,2.244496137487961,0.02079551015049219,0.012030019250232726,0.01230116403894499,0.013735116459429264
688,688,4.154965400695801,4.157238006591797,2e-05,2.2640495857364384,0.020809758454561234,0.012048345350194722,0.012318699795287102,0.013753630919381976
689,689,4.1567769050598145,4.156198501586914,2e-05,2.2811650922145583,0.020844567101448774,0.012063343194313347,0.012336025421973318,0.013770036865025759
690,690,4.155750274658203,4.156428337097168,2e-05,2.2986615110341315,0.02085284935310483,0.012082761037163436,0.012356372724752873,0.013797076651826501
691,691,4.15775203704834,4.157460689544678,2e-05,2.3118249624583322,0.02093309722840786,0.012104094494134188,0.012376068567391485,0.01382173621095717
692,692,4.157772541046143,4.156429767608643,2e-05,2.325267355726657,0.020824070554226637,0.012118967133574188,0.012390787131153047,0.013834373094141483
693,693,4.157708168029785,4.157259941101074,2e-05,2.3359364524396806,0.020900519099086523,0.012134892807807773,0.012407338304910809,0.013850210467353463
694,694,4.15732479095459,4.15751314163208,2e-05,2.347275496143468,0.02096319617703557,0.012155292788520455,0.012428718386217952,0.013879926642403007
695,695,4.156088829040527,4.15639591217041,2e-05,2.35478347270241,0.02092768345028162,0.012174304982181638,0.01244660490192473,0.013901417143642902
696,696,4.155444145202637,4.157367706298828,2e-05,2.360420936898242,0.020950837526470423,0.012192115653306246,0.012463467137422413,0.013918403768911958
697,697,4.156533241271973,4.157395362854004,2e-05,2.371186955280926,0.020903170574456453,0.012205873208586127,0.012480730016250163,0.013936521951109171
698,698,4.154973983764648,4.15635871887207,2e-05,2.3791835864201802,0.02097998419776559,0.012226503866259009,0.012499743432272226,0.01395895006135106
699,699,4.155445098876953,4.158895015716553,2e-05,2.3842304349936634,0.02095242077484727,0.012242566095665097,0.012516799091827124,0.013977227034047246
700,700,4.155135154724121,4.156164169311523,2e-05,2.39064886360805,0.02096979273483157,0.012261973810382187,0.01253502769395709,0.013998889364302158
701,701,4.154773235321045,4.156890869140625,2e-05,2.3940656177763837,0.020962191745638847,0.012278384412638843,0.012551587249618024,0.014016782632097602
702,702,4.155937194824219,4.1561279296875,2e-05,2.3998071484059937,0.020979165099561214,0.0122964060283266,0.012570987513754517,0.014039905741810799
703,703,4.155658721923828,4.158227443695068,2e-05,2.4030002018841654,0.0210266150534153,0.012313407089095563,0.012586864701006562,0.014055286766961217
704,704,4.154867649078369,4.155765533447266,2e-05,2.403309842594653,0.02106871409341693,0.012334573199041188,0.012608667311724275,0.01408666861243546
705,705,4.155217170715332,4.157049179077148,2e-05,2.237938294666157,0.021009009797126055,0.012353346683084965,0.01262677094200626,0.014107596827670932
706,706,4.1563310623168945,4.1565375328063965,2e-05,2.257770494833705,0.021070668008178473,0.012368468625936657,0.012643335561733693,0.014124883338809013
707,707,4.154963493347168,4.156006813049316,2e-05,2.273503660162097,0.021045268047600985,0.012387568305712193,0.01266172475880012,0.014145218068733811
708,708,4.1555304527282715,4.15549373626709,2e-05,2.2886399970631337,0.021048908587545156,0.012405017158016562,0.012679161387495697,0.014164087362587452
709,709,4.155283451080322,4.155745506286621,2e-05,2.1390627095379937,0.0211027218028903,0.012423194071743637,0.012698056816589087,0.014185774838551879
710,710,4.154547691345215,4.156982421875,2e-05,2.1710310699765327,0.021123120561242104,0.012441896891687065,0.012716694443952292,0.014207686530426145
711,711,4.155944347381592,4.156002998352051,2e-05,2.1968034126491616,0.02113523008301854,0.01246053638169542,0.012736989359837025,0.014234041096642613
712,712,4.1552629470825195,4.156161308288574,2e-05,2.221020241876645,0.02106631128117442,0.0124754523858428,0.012749200279358774,0.014238784555345774
713,713,4.156054496765137,4.1552934646606445,2e-05,2.242677184448433,0.021163285709917545,0.012493551068473607,0.012769589142408222,0.01426580362021923
714,714,4.154700756072998,4.1571855545043945,2e-05,2.0981421279543158,0.02117534726858139,0.012515377369709313,0.012790005304850638,0.014291092287749052
715,715,4.155405521392822,4.156559944152832,2e-05,2.128531202459464,0.021185208577662706,0.012532720109447837,0.012808715749997646,0.014314395608380437
716,716,4.155409812927246,4.156130790710449,2e-05,2.1562910661060473,0.021164164878427982,0.012549091887194663,0.012824946083128452,0.014329219469800591
717,717,4.155102729797363,4.156956195831299,2e-05,2.1845676662180846,0.021154759917408228,0.012566442892421037,0.01284352014772594,0.01435106061398983
718,718,4.15703010559082,4.159656047821045,2e-05,2.2096483850054063,0.021189679857343435,0.012583784176968038,0.012860284885391593,0.014367014169692993
719,719,4.158185958862305,4.157297134399414,2e-05,2.232672939915714,0.021238906774669886,0.012605005118530244,0.01288083306280896,0.014393302146345377
720,720,4.1552228927612305,4.1551737785339355,2e-05,2.2498442966445173,0.02114011626690626,0.012620880675967783,0.012895948369987309,0.01440660865046084
721,721,4.155362606048584,4.155791282653809,2e-05,2.103696670513242,0.021214605774730444,0.012638501008041203,0.012915375351440161,0.014430261915549636
722,722,4.15550422668457,4.1553239822387695,2e-05,2.1349913184905036,0.02127084881067276,0.0126599979121238,0.012935752863995731,0.014458526158705354
723,723,4.154501914978027,4.157437324523926,2e-05,2.165300615746435,0.021222420036792755,0.012674605939537287,0.012951182841788977,0.014470767695456743
724,724,4.155643463134766,4.155712127685547,2e-05,2.1927650731230877,0.0212108101695776,0.012694625067524612,0.012970618845429271,0.014496179297566414
725,725,4.15573263168335,4.156248092651367,2e-05,2.217450626642391,0.021279032807797194,0.012710962328128517,0.01298710482660681,0.01451174565590918
726,726,4.155758857727051,4.155745506286621,2e-05,2.239229432911063,0.021274873986840248,0.012727066699881107,0.013005339715164155,0.014533362351357937
727,727,4.1547932624816895,4.155128002166748,2e-05,2.259483960432331,0.021253428887575865,0.012747162487357855,0.013023594568949193,0.014554728986695409
728,728,4.154540538787842,4.1583356857299805,2e-05,2.1125271408768542,0.021335002034902573,0.012762790138367563,0.01304231263929978,0.014576608315110207
729,729,4.156368255615234,4.157382965087891,2e-05,2.1417047822309256,0.02138672210276127,0.012783325102645904,0.013060819124802947,0.014597526984289289
730,730,4.155807971954346,4.155634880065918,2e-05,2.1704893466618516,0.021329976618289948,0.012801900855265558,0.01307856838684529,0.014617272419854999
731,731,4.155133247375488,4.156780242919922,2e-05,2.195812419329886,0.021322237327694893,0.012817785667721182,0.013096334238070995,0.014637259766459465
732,732,4.15524959564209,4.155730724334717,2e-05,2.2188360627407535,0.02135050669312477,0.012837078189477324,0.01311515155248344,0.014659360982477665
733,733,4.156611442565918,4.15551233291626,2e-05,2.2422075296144506,0.021392662543803453,0.01285414706217125,0.013132629333995283,0.014678232604637742
734,734,4.156597137451172,4.156890392303467,2e-05,2.260389134022231,0.021365745924413204,0.012872524792328477,0.013150373531971127,0.014699074905365705
735,735,4.154746055603027,4.156077861785889,2e-05,2.279819535606952,0.021372939459979534,0.012891836406197399,0.013167987810447812,0.014717618934810162
736,736,4.155402183532715,4.1567535400390625,2e-05,2.2937770857463886,0.021322352811694145,0.012907795957289636,0.013184570823796093,0.014735457487404346
737,737,4.155172348022461,4.153924942016602,2e-05,2.3057473294512225,0.02143901912495494,0.012928108277264982,0.013206718140281737,0.01476421533152461
738,738,4.155388832092285,4.155031204223633,2e-05,2.154327465856509,0.021482335403561592,0.012945691822096705,0.013223967049270868,0.014782983344048262
739,739,4.155923366546631,4.155843257904053,2e-05,2.180852703177508,0.02137588430196047,0.012963064946234226,0.013240672997198999,0.014800104545429349
740,740,4.15579891204834,4.155811309814453,2e-05,2.2054939975141497,0.021488269791007042,0.012981961306650192,0.013260773965157568,0.014825406949967146
741,741,4.155523300170898,4.155913352966309,2e-05,2.2260220404925506,0.02152794972062111,0.01300015242304653,0.013279419275932014,0.01484633726067841
742,742,4.153478145599365,4.155653953552246,2e-05,2.2469947750147203,0.02139792265370488,0.013012584007810801,0.013291005860082805,0.014852283988147974
743,743,4.155813217163086,4.1561689376831055,2e-05,2.266021868788712,0.021472387947142124,0.01303527009440586,0.01331300474703312,0.014882107730954885
744,744,4.154185771942139,4.156082630157471,2e-05,2.2839055419753516,0.021413156762719154,0.013049742905423045,0.013328547996934503,0.014897325774654746
745,745,4.154551029205322,4.155628681182861,2e-05,2.2989963150346395,0.021528631448745728,0.01306907954858616,0.013350095134228468,0.014925935538485646
746,746,4.15535831451416,4.1544904708862305,2e-05,2.3133528909013807,0.02152702072635293,0.013085605402011424,0.013366941013373435,0.01494350004941225
747,747,4.155362129211426,4.1563005447387695,2e-05,2.325667481276991,0.021466093137860298,0.013105453865136951,0.013383127050474286,0.014960253611207008
748,748,4.154221057891846,4.15577507019043,2e-05,2.3370235141251174,0.02152455458417535,0.013124322809744626,0.013404053228441626,0.014986827271059155
749,749,4.154455661773682,4.154344081878662,2e-05,2.3473344771547624,0.021508642472326756,0.013142680400051177,0.013422184041701257,0.015008810674771667
750,750,4.155447959899902,4.156115531921387,2e-05,2.357538883636566,0.021463304292410612,0.013155890046618879,0.013435610220767558,0.015018477104604244
751,751,4.154801368713379,4.156325340270996,2e-05,2.3642379529282618,0.021575154270976782,0.013172591978218406,0.013454268453642726,0.015041465871036053
752,752,4.154725074768066,4.156240463256836,2e-05,2.371904392885356,0.021604462526738644,0.01319467683788389,0.013474617095198482,0.015066388761624694
753,753,4.153975486755371,4.156847953796387,2e-05,2.378640149710148,0.02163872681558132,0.01321451656986028,0.013494511716999114,0.015092422487214208
754,754,4.156489372253418,4.154572486877441,2e-05,2.384751861094847,0.02158003393560648,0.013231528515461832,0.013511637807823718,0.015112185152247548
755,755,4.1533427238464355,4.156183242797852,2e-05,2.3899844949159568,0.02158204885199666,0.01325038360664621,0.013527942704968154,0.015127971768379211
756,756,4.155157566070557,4.154539585113525,2e-05,2.3962342137713017,0.02158647309988737,0.013267422618810087,0.013546513393521309,0.015149497427046299
757,757,4.154520034790039,4.15541410446167,2e-05,2.3993305938848355,0.021635362412780523,0.013285869790706784,0.013565599219873548,0.015172076877206564
758,758,4.154317855834961,4.154984951019287,2e-05,2.4004849852844004,0.02161705493927002,0.013300719030667096,0.013581209408584982,0.015186655567958951
759,759,4.1568684577941895,4.154736518859863,2e-05,2.407001840759291,0.021632943768054247,0.01332081767031923,0.013599458616226912,0.015207869233563542
760,760,4.154823303222656,4.1551289558410645,2e-05,2.40760448188815,0.02168160118162632,0.013338039861992002,0.013618586759548634,0.015230244025588036
761,761,4.156225204467773,4.158327102661133,2e-05,2.413704602331263,0.021681982558220625,0.013357287796679884,0.013636374729685485,0.015251859091222286
762,762,4.154213905334473,4.153712272644043,2e-05,2.4173012701582364,0.021693992894142866,0.013374234375078231,0.013653702393639833,0.015270834788680077
763,763,4.154549598693848,4.155550479888916,2e-05,2.243354491738179,0.021665650885552168,0.013391475833486766,0.013673149747774005,0.015295046847313643
764,764,4.153651237487793,4.154943466186523,2e-05,2.2650690320598006,0.021757968701422215,0.013407563848886639,0.013688679435290396,0.01531059155240655
765,765,4.1568193435668945,4.156252861022949,2e-05,2.281234598749191,0.021693773102015257,0.013424466247670352,0.013704525015782565,0.015325821936130524
766,766,4.153350830078125,4.1557297706604,2e-05,2.2981213294463365,0.02173735946416855,0.013442743511404842,0.013723728130571544,0.015349389985203743
767,767,4.155120849609375,4.154842376708984,2e-05,2.3113201547709665,0.021768054459244013,0.013463042094372213,0.01374371611746028,0.015374688664451241
768,768,4.154322624206543,4.1548919677734375,2e-05,2.3233517255935343,0.02174932137131691,0.01347874419298023,0.013761528010945767,0.015395343769341707
769,769,4.155130863189697,4.1546454429626465,2e-05,2.3352025797090463,0.02174747223034501,0.01349904021481052,0.01377928419969976,0.015415245434269309
770,770,4.155822277069092,4.155315399169922,2e-05,2.345688801121316,0.021800773218274117,0.013516971142962575,0.013797391147818416,0.015436064451932907
771,771,4.155007362365723,4.154343605041504,2e-05,2.354921526528294,0.021758640184998512,0.013533911085687578,0.013815574697218835,0.015457440400496125
772,772,4.1557207107543945,4.154390811920166,2e-05,2.3596475648980335,0.0217687482945621,0.01355204451829195,0.013833853765390813,0.015478532994166017
773,773,4.153656959533691,4.155753135681152,2e-05,2.365575284318487,0.02182211633771658,0.01357133942656219,0.01385157514596358,0.015498952241614461
774,774,4.156174182891846,4.154898643493652,2e-05,2.371962634829617,0.021885756868869066,0.013589619833510369,0.013870973663870245,0.015522784553468227
775,775,4.154394149780273,4.155636787414551,2e-05,2.37943592112685,0.021839264314621687,0.01360728353029117,0.013886726927012205,0.01553760003298521
776,776,4.153743267059326,4.155421257019043,2e-05,2.384576185654508,0.021734739188104868,0.01362014445476234,0.013901208236347884,0.015551264397799969
777,777,4.154732704162598,4.156014919281006,2e-05,2.3912097561837027,0.021837639156728983,0.0136415523593314,0.013922629121225327,0.015580024803057313
778,778,4.155634880065918,4.155936241149902,2e-05,2.3945619842506627,0.02188730612397194,0.013659412041306496,0.013940359523985535,0.015600535552948713
779,779,4.155064582824707,4.153520584106445,2e-05,2.4000746360955385,0.021932858508080244,0.01367862633196637,0.013961000426206738,0.015627137385308743
780,780,4.155523300170898,4.154332160949707,2e-05,2.239257121038056,0.021867290139198303,0.013695376459509134,0.013977214694023132,0.015644308179616928
781,781,4.15444278717041,4.154550552368164,2e-05,2.2588603838673067,0.021935326978564262,0.01371061900863424,0.013993453874718398,0.015661321114748716
782,782,4.15501070022583,4.155047416687012,2e-05,2.2735159052314815,0.02191399270668626,0.013729147205594927,0.014010882878210396,0.01568048680201173
783,783,4.153752326965332,4.155000686645508,2e-05,2.287672855597427,0.02197597036138177,0.013748674653470516,0.014031254861038178,0.015706499572843313
784,784,4.155293941497803,4.15364933013916,2e-05,2.3016845619929573,0.022018676158040762,0.013768390694167465,0.014050043828319758,0.015727980062365532
785,785,4.15387487411499,4.153520584106445,2e-05,2.312173959085348,0.021919975522905588,0.013786023133434355,0.014065978757571429,0.01574598951265216
786,786,4.153243064880371,4.1546311378479,2e-05,2.324754757046216,0.021965084597468376,0.013802300731185824,0.014083403802942485,0.01576537173241377
787,787,4.1537089347839355,4.157647132873535,2e-05,2.3360365428608754,0.02202961640432477,0.013819994986988604,0.014103050983976573,0.01579019334167242
788,788,4.153816223144531,4.15578556060791,2e-05,2.3462856802999257,0.021972697228193283,0.013837289006914943,0.014119115192443132,0.015806545969098806
789,789,4.154629230499268,4.1540021896362305,2e-05,2.355370045917522,0.02203834941610694,0.01385602809023112,0.014139348932076246,0.015831737779080868
790,790,4.153308868408203,4.155291557312012,2e-05,2.3640361815245043,0.021964734885841608,0.013869356189388782,0.0141539255855605,0.01584563869982958
791,791,4.153548240661621,4.153881072998047,2e-05,2.3713812990483416,0.02210189960896969,0.013894475996494293,0.014176826691254973,0.015876625198870897
792,792,4.153575897216797,4.156209945678711,2e-05,2.3784394636448507,0.022102128248661757,0.013911920366808772,0.014193826238624752,0.01589531358331442
793,793,4.154487609863281,4.154088497161865,2e-05,2.3840887547081904,0.02206424903124571,0.0139239642303437,0.01420645194593817,0.01590386312454939
794,794,4.155168533325195,4.154504299163818,2e-05,2.389759855577728,0.022071646992117167,0.013947211380582303,0.01422797265695408,0.015933005139231682
795,795,4.153016567230225,4.153127670288086,2e-05,2.3947835147270498,0.022077294066548347,0.013964867335744202,0.014246202248614281,0.01595411216840148
796,796,4.155877590179443,4.158135890960693,2e-05,2.2345309426513964,0.022067766170948744,0.01398288703057915,0.014262050681281835,0.01597024267539382
797,797,4.153652667999268,4.154950141906738,2e-05,2.2524692723228315,0.022118831519037485,0.014004266995470971,0.0142847754759714,0.016001703217625618
798,798,4.15403938293457,4.155460357666016,2e-05,2.270875632056289,0.022065838798880577,0.014013672713190317,0.014296434121206403,0.016008330043405294
799,799,4.154302597045898,4.153532028198242,2e-05,2.2874737318205156,0.022168545052409172,0.01403764309361577,0.014319416135549545,0.016039983369410038
800,800,4.153898239135742,4.154077529907227,2e-05,2.3028918522505712,0.022162094712257385,0.01405524235451594,0.014337644446641207,0.01606276724487543
801,801,4.153907775878906,4.155026435852051,2e-05,2.316592060436363,0.022166885901242495,0.014071479439735413,0.01435512927128002,0.01608119485899806
802,802,4.155152320861816,4.1535491943359375,2e-05,2.3287805265300916,0.022220968268811703,0.014092038094531745,0.014374302001670003,0.016105596907436848
803,803,4.1529083251953125,4.154253005981445,2e-05,2.339772332447478,0.022229226306080818,0.014109738578554243,0.01439174625556916,0.016124428249895573
804,804,4.152752876281738,4.153460502624512,2e-05,2.3495984105825,0.022215886041522026,0.014128109498415142,0.014410751347895712,0.016147713642567396
805,805,4.153968811035156,4.1528825759887695,2e-05,2.3548733224071654,0.022220764309167862,0.014140902494546026,0.014426584297325462,0.016163026448339224
806,806,4.153193473815918,4.154750823974609,2e-05,2.1993453483284324,0.0223018666729331,0.014160997816361487,0.014444332802668214,0.01618277793750167
807,807,4.154781341552734,4.154079437255859,2e-05,2.2250826195096813,0.02219975832849741,0.014176528609823436,0.014460518839769065,0.01619978714734316
808,808,4.154333591461182,4.155577182769775,2e-05,2.246215718691438,0.02212744066491723,0.014192495902534574,0.014476103708148003,0.016216392628848553
809,809,4.153154373168945,4.154487609863281,2e-05,2.2633121080329293,0.022254143375903368,0.01421190082328394,0.014497560390736908,0.01624446641653776
810,810,4.153305530548096,4.154414176940918,2e-05,2.2791642305332913,0.02228671219199896,0.014232887246180326,0.014516019029542804,0.016266542952507734
811,811,4.153520584106445,4.15350341796875,2e-05,2.292080312075503,0.022316386457532644,0.014252339431550354,0.014533942739944905,0.01628736825659871
812,812,4.155055046081543,4.155139446258545,2e-05,2.306629542387234,0.022244826890528202,0.014269003819208592,0.014552055217791349,0.0163102550432086
813,813,4.152677536010742,4.154130935668945,2e-05,2.319790371718336,0.02230086177587509,0.014286330319009721,0.014568054873961955,0.016325352247804403
814,814,4.154915809631348,4.153775215148926,2e-05,2.3319802500959304,0.022307780105620623,0.01430210069520399,0.014585958677344024,0.01634717872366309
815,815,4.155006408691406,4.155753135681152,2e-05,2.3423980347933684,0.02234299434348941,0.014322350325528532,0.014604967785999179,0.01637134188786149
816,816,4.154355049133301,4.152237892150879,2e-05,2.3528587092937268,0.022349287290126085,0.014338869892526418,0.014622288756072521,0.01639018999412656
817,817,4.154375076293945,4.155910491943359,2e-05,2.197131278772409,0.022363161202520132,0.01435866201063618,0.014640624227467924,0.016412375960499048
818,818,4.15297794342041,4.15421199798584,2e-05,2.2178153309455086,0.022371599916368723,0.014376057719346136,0.014657922612968832,0.016430757474154234
819,819,4.152833461761475,4.154240131378174,2e-05,2.238335017983613,0.022429434582591057,0.014394257625099272,0.014677721832413226,0.01645624917000532
820,820,4.153726577758789,4.153453350067139,2e-05,2.253547983505006,0.02237517014145851,0.014407325768843293,0.01469155226368457,0.01646908512338996
821,821,4.152312755584717,4.155641555786133,2e-05,2.2688377420648944,0.02246660552918911,0.014428536524064839,0.014713140903040767,0.016496026888489723
822,822,4.153886795043945,4.153591632843018,2e-05,2.287141735778276,0.02237326977774501,0.014445844863075763,0.014727364643476903,0.01650950824841857
823,823,4.15323543548584,4.153748512268066,2e-05,2.300806313330086,0.022366581484675407,0.014467411499936134,0.014749054156709462,0.01653949823230505
824,824,4.152017593383789,4.153430938720703,2e-05,2.315934155282956,0.022483188193291426,0.014480747748166323,0.014765959582291543,0.016557302325963974
825,825,4.1544718742370605,4.155052661895752,2e-05,2.326738038256888,0.02244506496936083,0.014500100049190223,0.014783831662498415,0.016578529961407185
826,826,4.151869773864746,4.154560565948486,2e-05,2.3394678548948766,0.02248799754306674,0.01451903156703338,0.014802517427597195,0.016600776929408312
827,827,4.1523661613464355,4.152740001678467,2e-05,2.3483948261745184,0.022447459865361452,0.014536395610775799,0.014820195967331529,0.016619762405753136
828,828,4.153814315795898,4.154427528381348,2e-05,2.3585965485135123,0.02247042628005147,0.014553747896570712,0.014839127892628312,0.01664304407313466
829,829,4.15264368057251,4.153003692626953,2e-05,2.3652185341912992,0.022502897307276726,0.014574883796740323,0.01485780579969287,0.016663850750774145
830,830,4.152740478515625,4.153903484344482,2e-05,2.3696957557837317,0.022510621696710587,0.014592018269468099,0.014873870823066682,0.01668066531419754
831,831,4.152338981628418,4.15285587310791,2e-05,2.379866894173701,0.02260487386956811,0.014612292870879173,0.014895565283950418,0.016707670409232378
832,832,4.152996063232422,4.153051376342773,2e-05,2.386611618755661,0.022513214498758316,0.01462958287447691,0.01491258799796924,0.016727089416235685
833,833,4.152093410491943,4.152851581573486,2e-05,2.3905857506130115,0.02254837052896619,0.014648059848695993,0.01493227988248691,0.01675086561590433
834,834,4.152467727661133,4.153747081756592,2e-05,2.3967270211767833,0.022548274137079716,0.01466504397103563,0.014947690418921411,0.016766061075031757
835,835,4.151848793029785,4.154909610748291,2e-05,2.3998130138889144,0.02260781964287162,0.014683041779790074,0.014966918854042888,0.016788532491773367
836,836,4.152867317199707,4.1527814865112305,2e-05,2.4048677478471485,0.02263810345903039,0.014702257525641471,0.014986324415076524,0.016812025103718042
837,837,4.152265548706055,4.152881145477295,2e-05,2.406793448799158,0.022594969253987074,0.014719409227836877,0.015003358654212207,0.016831279266625643
838,838,4.153065204620361,4.153700351715088,2e-05,2.410310398420585,0.02270399546250701,0.014739452337380499,0.015023162413854152,0.01685485476627946
839,839,4.15312385559082,4.154476165771484,2e-05,2.4131099669757488,0.022689280565828085,0.014759506389964372,0.015040812664665282,0.016874422319233418
840,840,4.153193473815918,4.152618408203125,2e-05,2.4158857857957545,0.022664345800876617,0.014771423127967864,0.015056168369483203,0.016889264341443777
841,841,4.153207302093506,4.154125213623047,2e-05,2.4179624211824917,0.022709191776812077,0.01479513110825792,0.01507830515038222,0.016918345354497433
842,842,4.153509140014648,4.15355110168457,2e-05,2.4198688854924355,0.022684451658278704,0.014811644155997783,0.015093768131919205,0.01693293498829007
843,843,4.152778148651123,4.152627944946289,2e-05,2.4219294924249337,0.022675227373838425,0.014825683494564146,0.015110349981114268,0.016951669938862324
844,844,4.153043270111084,4.1533684730529785,2e-05,2.423403461101298,0.022692407481372356,0.014846666366793215,0.01513031212380156,0.01697537349537015
845,845,4.153151035308838,4.152815341949463,2e-05,2.4249124936339057,0.022711744997650385,0.014864184311591089,0.015149589802604169,0.016998739913105965
846,846,4.152349472045898,4.1531829833984375,2e-05,2.4264824148495387,0.022720354609191418,0.014885352866258472,0.015167570789344609,0.017018779180943966
847,847,4.153043270111084,4.152446746826172,2e-05,2.4274533896187216,0.022679148241877556,0.014900241396389902,0.015183462179265916,0.017035679891705513
848,848,4.152718544006348,4.154504776000977,2e-05,2.4288495933930543,0.022782467305660248,0.014917785592842847,0.015201949747279286,0.017055422067642212
849,849,4.15311861038208,4.152011394500732,2e-05,2.430635901862142,0.02279738150537014,0.014937969448510557,0.015221321256831288,0.01708031352609396
850,850,4.153012275695801,4.154390335083008,2e-05,2.267006877023175,0.022776078898459673,0.014957752777263522,0.015241192246321589,0.017104592639952898
851,851,4.152189254760742,4.153743743896484,2e-05,2.282348209759845,0.022747863084077835,0.014969838492106646,0.015256234910339117,0.017119561322033405
852,852,4.15206241607666,4.1533355712890625,2e-05,2.294596843901752,0.022753420285880566,0.01499157416401431,0.015273812809027731,0.017140695359557867
853,853,4.153576850891113,4.153192520141602,2e-05,2.309010431737703,0.022871078923344612,0.015010849281679839,0.01529411767842248,0.0171646848320961
854,854,4.153618812561035,4.153827667236328,2e-05,2.322013387992725,0.022863586898893118,0.01502862706547603,0.015312093950342387,0.017186602111905813
855,855,4.152013778686523,4.1534624099731445,2e-05,2.3334636323972835,0.022793214302510023,0.015043969440739602,0.015328182838857174,0.017203595023602247
856,856,4.152843952178955,4.154322624206543,2e-05,2.3450138074575277,0.022903979755938053,0.015068038424942642,0.015349727589637041,0.017230423633009195
857,857,4.151411533355713,4.152935981750488,2e-05,2.3533963412418326,0.022798603400588036,0.015079958306159824,0.015364958439022303,0.01724697556346655
858,858,4.153266906738281,4.152623176574707,2e-05,2.3617883928970644,0.022874209564179182,0.015095960989128798,0.015383734367787838,0.0172686162404716
859,859,4.1521477699279785,4.152744770050049,2e-05,2.3697459646243253,0.02287708828225732,0.015114600246306509,0.01539946289267391,0.017284938134253025
860,860,4.151972770690918,4.153575897216797,2e-05,2.3769659512988577,0.022899070754647255,0.015135421243030578,0.015418559894897044,0.0173079208470881
861,861,4.15268087387085,4.154167175292969,2e-05,2.38291923563472,0.022903268691152334,0.015147947997320443,0.015434593544341624,0.01732445927336812
862,862,4.1520466804504395,4.151124954223633,2e-05,2.388461333025445,0.022910998202860355,0.015167123463470489,0.015453285304829478,0.01734718168154359
863,863,4.150934219360352,4.1529951095581055,2e-05,2.229206532716033,0.022933355532586575,0.01518751069670543,0.015470707148779184,0.01736697182059288
864,864,4.151541709899902,4.151983261108398,2e-05,2.2528058784709017,0.022929076105356216,0.015203853836283088,0.015488379634916782,0.01738655660301447
865,865,4.152779579162598,4.15391731262207,2e-05,2.2661232532253033,0.022986240684986115,0.015225167910102755,0.015508629381656647,0.017412410583347082
866,866,4.151695728302002,4.153018951416016,2e-05,2.2815798523622615,0.022968843579292297,0.015240134845953435,0.015524821705184877,0.017429141327738762
867,867,4.151984214782715,4.151419639587402,2e-05,2.2965803627358907,0.02292927075177431,0.015258444705978036,0.015543612302280962,0.017453310545533895
868,868,4.150826454162598,4.1516289710998535,2e-05,2.306363032204287,0.022960312198847532,0.015275829064194113,0.01555996504612267,0.017470008227974176
869,869,4.153262138366699,4.151973724365234,2e-05,2.3184803500625737,0.02301865490153432,0.015296610072255135,0.015579995815642178,0.017495911102741957
870,870,4.152984619140625,4.1534576416015625,2e-05,2.324422652195797,0.02305819420143962,0.01531271229032427,0.015596041572280228,0.017512309830635786
871,871,4.152593612670898,4.152400970458984,2e-05,2.332961127964064,0.023086561355739832,0.015331134607549757,0.015615907439496368,0.01753781409934163
872,872,4.1527862548828125,4.152923583984375,2e-05,2.343599749543137,0.02308328077197075,0.015352336748037487,0.015634085575584322,0.0175587204284966
873,873,4.152410507202148,4.1518402099609375,2e-05,2.353063558158649,0.02310233423486352,0.01536652777576819,0.015646949061192572,0.017569767776876688
874,874,4.152997016906738,4.15280294418335,2e-05,2.3615980486975032,0.023119216784834862,0.015386512328404933,0.015669708896894008,0.017599526327103376
875,875,4.154013633728027,4.154677391052246,2e-05,2.369379809243337,0.023141367826610804,0.015405367594212294,0.015688785118982196,0.017623479012399912
876,876,4.1515913009643555,4.151427745819092,2e-05,2.376185448775767,0.023082689847797155,0.015421931690070778,0.015705224766861647,0.017641272861510515
877,877,4.1517839431762695,4.154852867126465,2e-05,2.3789209696244167,0.023130538407713175,0.015436772257089615,0.015720011142548174,0.01765452465042472
878,878,4.150161266326904,4.152508735656738,2e-05,2.3887793420233843,0.023145544808357954,0.015458278299774975,0.015741713519673795,0.01768331741914153
879,879,4.153924465179443,4.154180526733398,2e-05,2.393795163988647,0.02314560580998659,0.015475205902475864,0.015757257293444127,0.017698892392218113
880,880,4.152017116546631,4.151741981506348,2e-05,2.3951050856766423,0.02312356699258089,0.015491737169213593,0.01577523711603135,0.017721550073474646
881,881,4.152101516723633,4.15501594543457,2e-05,2.4028791121417417,0.02320503955706954,0.015512058103922755,0.015796124294865876,0.01774659240618348
882,882,4.152579307556152,4.151493549346924,2e-05,2.407489460444978,0.023158279713243246,0.01552807615371421,0.0158119861735031,0.017764709889888763
883,883,4.15144681930542,4.153002738952637,2e-05,2.4099261628193207,0.02314213616773486,0.015546052134595811,0.015828417148441076,0.017782763112336397
884,884,4.152087688446045,4.152566909790039,2e-05,2.413747494843414,0.023222535382956266,0.015556723228655756,0.01584241073578596,0.017795837484300137
885,885,4.152771949768066,4.151608467102051,2e-05,2.4147683576192236,0.023187018930912018,0.015581444720737636,0.01586325012613088,0.01782349543645978
886,886,4.1524338722229,4.152534008026123,2e-05,2.418443063799389,0.023144321981817484,0.015592504641972482,0.01587808458134532,0.017840078100562096
887,887,4.152214527130127,4.151926517486572,2e-05,2.4191951973411707,0.023313384037464857,0.015618474746588618,0.015903081162832677,0.017873317934572697
888,888,4.151534557342529,4.152738094329834,2e-05,2.422465170840536,0.023261240683496,0.015633368864655495,0.01591569127049297,0.017885505687445402
889,889,4.15238094329834,4.153467178344727,2e-05,2.422980731204851,0.023315600119531155,0.01564638107083738,0.015932997222989798,0.017905343323946
890,890,4.151957035064697,4.153722763061523,2e-05,2.425618790507598,0.02326079271733761,0.015671723114792258,0.015952485147863626,0.017931259237229824
891,891,4.151528835296631,4.152027130126953,2e-05,2.426115333466051,0.023287157993763685,0.01568996493006125,0.0159702057717368,0.017951488960534334
892,892,4.150227069854736,4.153685569763184,2e-05,2.428240370882548,0.023316774051636457,0.015700660354923457,0.015984266763553023,0.017965442966669798
893,893,4.152281284332275,4.152936935424805,2e-05,2.428110776777282,0.023276420310139656,0.015718129056040198,0.016001307521946728,0.0179858417250216
894,894,4.152210235595703,4.152652740478516,2e-05,2.4304978192653204,0.023298674263060093,0.01573490531882271,0.01601951301563531,0.01800915924832225
895,895,4.151074409484863,4.1511945724487305,2e-05,2.4298369048652337,0.023356955498456955,0.015752750274259597,0.016037230961956084,0.018030017148703337
896,896,4.151688098907471,4.15284538269043,2e-05,2.430583195299625,0.02336551807820797,0.01577233721036464,0.016055310028605163,0.018052623141556978
897,897,4.1535844802856445,4.152947425842285,2e-05,2.431817044974737,0.023376090452075005,0.015789202298037708,0.016072117839939892,0.01807171804830432
898,898,4.150805473327637,4.1506876945495605,2e-05,2.4326759989850246,0.023363927844911814,0.015804652823135257,0.016086474526673555,0.018088756129145622
899,899,4.150856018066406,4.1521406173706055,2e-05,2.257247702521082,0.02343669766560197,0.015828756499104202,0.016110469587147236,0.018121023196727037
900,900,4.150979518890381,4.152207374572754,2e-05,2.276359243197371,0.023458927869796753,0.015840473352000117,0.016124450601637363,0.01813550991937518
901,901,4.153631210327148,4.154721736907959,2e-05,2.2929812384760795,0.02348287170752883,0.015858675935305655,0.016143908025696874,0.01816023327410221
902,902,4.1517767906188965,4.1544189453125,2e-05,2.307409685903935,0.023539616726338863,0.015878810780122876,0.016159431543201208,0.01817739848047495
903,903,4.151440620422363,4.1503777503967285,2e-05,2.3207880241576695,0.02343758987262845,0.015892999595962465,0.01617490267381072,0.018194645643234253
904,904,4.150010108947754,4.153276443481445,2e-05,2.168298554961935,0.023483341094106436,0.015914442599751055,0.016197049990296364,0.01822347240522504
905,905,4.150236129760742,4.151375770568848,2e-05,2.1967462159016153,0.023459230549633503,0.015928699052892625,0.01621107943356037,0.018237360753118992
906,906,4.151481628417969,4.151313304901123,2e-05,2.2222058895500614,0.023532687686383724,0.015952675719745457,0.01623384328559041,0.018267132807523012
907,907,4.150575637817383,4.1507978439331055,2e-05,2.242289890609218,0.023500962182879448,0.015966270468197763,0.01624765049200505,0.018280158285051584
908,908,4.1529083251953125,4.1505889892578125,2e-05,2.2646280003071,0.0235273246653378,0.01598551729694009,0.01626815041527152,0.018306926358491182
909,909,4.150883197784424,4.151889801025391,2e-05,2.2799804559229893,0.023603057954460382,0.016004740493372083,0.016286237514577806,0.01832646131515503
910,910,4.150589942932129,4.151121139526367,2e-05,2.2927949419482077,0.02359165856614709,0.016023421892896295,0.016303834388963878,0.018348178826272488
911,911,4.151267051696777,4.15123987197876,2e-05,2.304987168213516,0.023589906748384237,0.016030769678764045,0.016315822955220938,0.018357992637902498
912,912,4.151429176330566,4.151379585266113,2e-05,2.31635070480479,0.023632864467799664,0.016056874650530517,0.01633853663224727,0.018386962823569775
913,913,4.151618003845215,4.153105735778809,2e-05,2.32931648275536,0.02360827522352338,0.01607420959044248,0.016356415348127484,0.018408653791993856
914,914,4.1508259773254395,4.151736736297607,2e-05,2.339394097958359,0.023600376676768064,0.016090192482806742,0.016372815240174532,0.018426054622977972
915,915,4.152416229248047,4.151370048522949,2e-05,2.3499439791510692,0.02364656561985612,0.0161101792473346,0.01639311295002699,0.01845128694549203
916,916,4.151308059692383,4.1527018547058105,2e-05,2.358055485529527,0.023705707397311926,0.01612746703904122,0.016410062205977738,0.018470682203769684
917,917,4.150571823120117,4.1539306640625,2e-05,2.367911350709022,0.023576332721859217,0.016144979745149612,0.01642674463801086,0.018489733338356018
918,918,4.150580406188965,4.151972770690918,2e-05,2.3735967939905205,0.023674678057432175,0.016164625412784517,0.016446359921246767,0.018513476010411978
919,919,4.151155471801758,4.1509246826171875,2e-05,2.380069429255238,0.023662404622882605,0.016181870480068028,0.016463453299365938,0.018533216323703527
920,920,4.15031623840332,4.151333808898926,2e-05,2.385915278054852,0.023663051426410675,0.016198626719415188,0.016479438403621316,0.018548449035733938
921,921,4.150386810302734,4.15047550201416,2e-05,2.392501166797447,0.02363345306366682,0.016213768511079252,0.0164964267751202,0.018569164909422398
922,922,4.1514739990234375,4.150617599487305,2e-05,2.3959201398911985,0.023768052458763123,0.016238372772932053,0.016518531483598053,0.018596482928842306
923,923,4.152198791503906,4.151414394378662,2e-05,2.4013589918580056,0.023780288640409708,0.016255235532298684,0.01653663709294051,0.018617939669638872
924,924,4.150121212005615,4.1530842781066895,2e-05,2.4038262888845927,0.023765594232827425,0.01627116126473993,0.016553014516830444,0.018636681605130434
925,925,4.149373531341553,4.150375843048096,2e-05,2.408671116273118,0.02369106560945511,0.016286140657030046,0.01656838203780353,0.018652813974767923
926,926,4.1518754959106445,4.151191234588623,2e-05,2.2473622634023886,0.0237751598469913,0.01630712824407965,0.016587068676017225,0.018675812054425478
927,927,4.1498870849609375,4.151450157165527,2e-05,2.267022726915044,0.02379185240715742,0.01632378075737506,0.016606077668257058,0.018697550054639578
928,928,4.150254249572754,4.15116548538208,2e-05,2.2814345972297305,0.023814192973077297,0.01634436787571758,0.016624747193418443,0.018719734624028206
929,929,4.151635646820068,4.150863170623779,2e-05,2.29585211307547,0.023822905030101538,0.01635980128776282,0.016641481081023812,0.018739969935268164
930,930,4.150111198425293,4.151857852935791,2e-05,2.306874901204434,0.023896264377981424,0.016381504596211016,0.016660513007082045,0.018762988969683647
931,931,4.151773452758789,4.150295257568359,2e-05,2.3209618047560356,0.023835525382310152,0.016396524384617805,0.01667882315814495,0.018784294370561838
932,932,4.151653289794922,4.153220176696777,2e-05,2.167744010288737,0.02381727658212185,0.016412402503192425,0.016695789294317365,0.018804251216351986
933,933,4.152339935302734,4.15194845199585,2e-05,2.1946723156880568,0.023822541814297438,0.01642810774501413,0.01670951710548252,0.01881748763844371
934,934,4.150419235229492,4.152556896209717,2e-05,2.219233778844274,0.02380605833604932,0.01644857006613165,0.016729511437006295,0.018842089921236038
935,935,4.150849342346191,4.151721954345703,2e-05,2.2412827107910105,0.023843106348067522,0.01646956254262477,0.01674768957309425,0.018862906843423843
936,936,4.149614334106445,4.151918411254883,2e-05,2.2571096036267146,0.023929611779749393,0.01648474927060306,0.016766383196227252,0.01888525579124689
937,937,4.150303840637207,4.150490760803223,2e-05,2.269629564702798,0.023899501655250788,0.016501521575264633,0.016781370737589896,0.018901399802416563
938,938,4.15132999420166,4.151123046875,2e-05,2.2850908897990108,0.023912054486572742,0.016520321485586464,0.016800053766928613,0.018923123832792044
939,939,4.1510443687438965,4.151026725769043,2e-05,2.2974392762967324,0.023922296706587076,0.01653691870160401,0.016818627482280135,0.01894624764099717
940,940,4.149782180786133,4.151342868804932,2e-05,2.3113912374258394,0.023903765715658665,0.016555416397750378,0.016835515038110316,0.018965265713632107
941,941,4.149940490722656,4.151551246643066,2e-05,2.3204355322310084,0.02394895115867257,0.016572479624301195,0.01685424637980759,0.018988141790032387
942,942,4.14955997467041,4.150447845458984,2e-05,2.330375167746382,0.023955798242241144,0.01659162831492722,0.01687267457600683,0.01900983601808548
943,943,4.15077018737793,4.152207374572754,2e-05,2.3397450674191305,0.02393218781799078,0.016608443460427225,0.016889883670955896,0.01902956748381257
944,944,4.1502485275268555,4.151243209838867,2e-05,2.3508548541956538,0.0239570545963943,0.016624395037069917,0.0169060449115932,0.019047176465392113
945,945,4.151384353637695,4.152388572692871,2e-05,2.358365808697809,0.0240083709359169,0.016643904498778284,0.016923854942433536,0.019068573135882616
946,946,4.14973258972168,4.150040149688721,2e-05,2.367877553855325,0.024069673381745815,0.01666434365324676,0.01694368536118418,0.019092954695224762
947,947,4.148877143859863,4.15134334564209,2e-05,2.210539759165683,0.02403835952281952,0.016679303953424096,0.016959138913080096,0.019109783228486776
948,948,4.150498390197754,4.151968955993652,2e-05,2.2345476688243235,0.02407643897458911,0.016698577790521085,0.016980421030893922,0.019136955495923758
949,949,4.1480817794799805,4.1495280265808105,2e-05,2.2512829430420265,0.024090321268886328,0.016717092017643154,0.016996388090774417,0.01915490347892046
950,950,4.150983810424805,4.15131139755249,2e-05,2.105354677064414,0.024032825604081154,0.01673188852146268,0.017011036747135222,0.019169955514371395
951,951,4.14971923828125,4.1499924659729,2e-05,2.1378810223438025,0.024099322501569986,0.016752469586208463,0.017032297677360475,0.019196414854377508
952,952,4.1494221687316895,4.150669097900391,2e-05,2.1666268821775003,0.024094995111227036,0.01677131711039692,0.017051092232577503,0.019218350760638714
953,953,4.153159141540527,4.150442123413086,2e-05,2.1906918773665227,0.024121473543345928,0.01678631571121514,0.017067121458239853,0.019236325286328793
954,954,4.150645732879639,4.151820182800293,2e-05,2.215436236674923,0.024213159456849098,0.016806767671369016,0.01708773709833622,0.01926194317638874
955,955,4.15123176574707,4.150907516479492,2e-05,2.234100868009855,0.024199142586439848,0.01682379364501685,0.01710296783130616,0.019277002196758986
956,956,4.149560451507568,4.149559020996094,2e-05,2.2584359660160924,0.024196878541260958,0.016842729062773287,0.017120793112553656,0.019298488274216652
957,957,4.151371002197266,4.148236274719238,2e-05,2.2762507678089214,0.024155312683433294,0.016857677255757153,0.017138458439148962,0.019318985287100077
958,958,4.150028705596924,4.152242183685303,2e-05,2.1282270243942514,0.02419615490362048,0.016875310335308313,0.017156176967546344,0.019339907448738813
959,959,4.151020526885986,4.150900363922119,2e-05,2.1616786477707843,0.024252521339803934,0.016897046589292586,0.017176257679238915,0.019364170264452696
960,960,4.150753974914551,4.152562141418457,2e-05,2.18821536874389,0.02414538897573948,0.016907564480789006,0.017190190264955163,0.01937758643180132
961,961,4.150111198425293,4.152165412902832,2e-05,2.2107384408238744,0.024220755323767662,0.016931995516642928,0.017210476915352046,0.01940405834466219
962,962,4.149251937866211,4.151642799377441,2e-05,2.235940663196565,0.024205011315643787,0.01694602961651981,0.01722496235743165,0.019419452641159296
963,963,4.1505279541015625,4.1508636474609375,2e-05,2.253410696821539,0.024262892547994852,0.016964931623078883,0.017246411414816976,0.01944586168974638
964,964,4.149519920349121,4.151029109954834,2e-05,2.275268200196393,0.024321995209902525,0.016987901530228555,0.017266170238144696,0.019471329171210527
965,965,4.14849853515625,4.152489185333252,2e-05,2.292724008997249,0.024355227127671242,0.01700264075770974,0.017284143017604947,0.01949222106486559
966,966,4.149202346801758,4.150265693664551,2e-05,2.306064939451551,0.024315275251865387,0.01702054846100509,0.01730015769135207,0.01950942212715745
967,967,4.150956153869629,4.15087366104126,2e-05,2.320775679362101,0.02428578305989504,0.017035843688063323,0.017316779703833163,0.019527606200426817
968,968,4.151461124420166,4.149120330810547,2e-05,2.3275201158151453,0.024342128075659275,0.01705827086698264,0.017336309887468815,0.019550487399101257
969,969,4.149602890014648,4.149575710296631,2e-05,2.3352465802605513,0.024357545655220747,0.0170750169781968,0.01735398906748742,0.01957148313522339
970,970,4.149754047393799,4.152502059936523,2e-05,2.3420577519402297,0.02439738903194666,0.01709678501356393,0.01737534417770803,0.019598597194999456
971,971,4.148190498352051,4.149867534637451,2e-05,2.3477096858718864,0.02435443690046668,0.017112000146880746,0.017392193200066686,0.01961723668500781
972,972,4.151341915130615,4.148748874664307,2e-05,2.349815713473636,0.024408976081758738,0.017128975363448262,0.01740865397732705,0.019636375829577446
973,973,4.149365425109863,4.153249740600586,2e-05,2.3483880140657645,0.02432930190116167,0.017142195836640894,0.01742192590609193,0.019649050664156675
974,974,4.14919376373291,4.15007209777832,2e-05,2.347548522719068,0.024364898446947336,0.017164653283543885,0.017443216289393604,0.019676119089126587
975,975,4.15034294128418,4.150160789489746,2e-05,2.353257210438167,0.024557518307119608,0.017188166151754558,0.01746671972796321,0.019704933743923903
976,976,4.148841857910156,4.151096820831299,2e-05,2.3583502324076027,0.024600797798484564,0.01720509328879416,0.017484843265265226,0.019726242404431105
977,977,4.1518449783325195,4.151849746704102,2e-05,2.363534288113496,0.02445650566369295,0.01721889222972095,0.017498502507805824,0.01973956311121583
978,978,4.1505937576293945,4.152967929840088,2e-05,2.3739837269448274,0.024368266109377146,0.017237303196452558,0.017513463739305735,0.019757014699280262
979,979,4.151241779327393,4.149907112121582,2e-05,2.381754145322906,0.024568005464971066,0.01725458400323987,0.01753492548596114,0.0197826586663723
980,980,4.148975372314453,4.148776531219482,2e-05,2.386452487559745,0.02448732452467084,0.017272363766096532,0.017551263561472297,0.019802094902843237
981,981,4.149659156799316,4.150646209716797,2e-05,2.3928570602604995,0.02453286899253726,0.017291970900259912,0.017570841475389898,0.019825525116175413
982,982,4.148959159851074,4.148867607116699,2e-05,2.396468813767514,0.024491642601788044,0.017308011651039124,0.01758716080803424,0.019844077061861753
983,983,4.149390697479248,4.149660110473633,2e-05,2.401582570925169,0.02450171858072281,0.017326375120319426,0.017605150933377445,0.019865496084094048
984,984,4.149239540100098,4.150092124938965,2e-05,2.403865462865143,0.024606731720268726,0.017344252206385136,0.017622898565605283,0.019886315800249577
985,985,4.149970531463623,4.151315689086914,2e-05,2.4087374422726193,0.024522714782506227,0.01736453443299979,0.017641511047258973,0.019909990951418877
986,986,4.1492767333984375,4.150445461273193,2e-05,2.4109322932682815,0.02466059010475874,0.01738445390947163,0.017660746118053794,0.019933023490011692
987,987,4.148167610168457,4.14888334274292,2e-05,2.4107015342168943,0.024579820223152637,0.017393482383340597,0.01767200545873493,0.01994473673403263
988,988,4.149120330810547,4.148855209350586,2e-05,2.4160136727852253,0.024540983140468597,0.017411777516826987,0.01769064541440457,0.0199672719463706
989,989,4.149980545043945,4.150483131408691,2e-05,2.4183487476063417,0.02462622430175543,0.017434689099900424,0.017712930217385292,0.019996801391243935
990,990,4.148388862609863,4.150075435638428,2e-05,2.4216999154762484,0.024680903181433678,0.017450033454224467,0.017728048260323703,0.020013398956507444
991,991,4.150595188140869,4.149330139160156,2e-05,2.4223021497982975,0.024615643545985222,0.01746862626168877,0.01774375792592764,0.020030903164297342
992,992,4.148078918457031,4.150579452514648,2e-05,2.4235566648623976,0.024643593933433294,0.01748475630301982,0.017761815222911537,0.020053603686392307
993,993,4.147899627685547,4.149479389190674,2e-05,2.425280974716514,0.024614022579044104,0.01750161882955581,0.017778911511413753,0.02007416682317853
994,994,4.148080825805664,4.149364471435547,2e-05,2.4266346840284387,0.024675988592207432,0.017519343295134604,0.01779780094511807,0.02009837469086051
995,995,4.150454044342041,4.148852348327637,2e-05,2.424272238793369,0.024765975773334503,0.017537816427648067,0.017815348226577044,0.020118408370763063
996,996,4.149786949157715,4.149268627166748,2e-05,2.4234305802698244,0.024695254862308502,0.017552447388879955,0.017831651377491653,0.020138791762292385
997,997,4.149811744689941,4.149779319763184,2e-05,2.4237532319886226,0.024722397327423096,0.01757277944125235,0.01785028399899602,0.02016071928665042
998,998,4.150681495666504,4.150221347808838,2e-05,2.4225538001939055,0.024714996106922626,0.01758939283899963,0.017866701586171985,0.020180716644972563
999,999,4.14789342880249,4.148107051849365,2e-05,2.4229945535598314,0.02484778594225645,0.01760757516603917,0.017884602304548025,0.020201906096190214
1000,1000,4.149775981903076,4.14957332611084,2e-05,2.259935471301878,0.024742101319134235,0.017626148415729403,0.017903636675328016,0.02022572048008442
1001,1001,4.148768901824951,4.1480607986450195,2e-05,2.2735983674832436,0.024759448133409023,0.01764269161503762,0.017919314559549093,0.02024380536749959
1002,1002,4.1488189697265625,4.149346828460693,2e-05,2.125098886336939,0.024797675665467978,0.017658735043369234,0.017935852287337184,0.02026180224493146
1003,1003,4.150163650512695,4.1491007804870605,2e-05,2.1559631858293917,0.024847875349223614,0.01768206211272627,0.017957600648514926,0.02029051398858428
1004,1004,4.148576736450195,4.148772239685059,2e-05,2.1856668310783736,0.02485005185008049,0.01769626175519079,0.01797240844462067,0.020306150894612074
1005,1005,4.150085926055908,4.148197174072266,2e-05,2.2095429838787246,0.024797767866402864,0.017712719389237463,0.017986840335652232,0.02032296545803547
1006,1006,4.147603988647461,4.150519371032715,2e-05,2.229955027714252,0.024883076548576355,0.017731820815242827,0.01800872466992587,0.020350468810647726
1007,1007,4.148128509521484,4.149518013000488,2e-05,2.2538725724371345,0.024897963739931583,0.017749221064150333,0.01802662096451968,0.020372324623167515
1008,1008,4.148534297943115,4.149981498718262,2e-05,2.273213291470965,0.024909573141485453,0.017766039702109993,0.018042371259070933,0.020389828830957413
1009,1009,4.1507697105407715,4.150130271911621,2e-05,2.2885188085174346,0.024932106025516987,0.01778664079029113,0.018062509247101843,0.02041505090892315
1010,1010,4.15029764175415,4.149482727050781,2e-05,2.3046495564861864,0.024916035123169422,0.017803568742237985,0.01808100286871195,0.02043688530102372
1011,1011,4.147889137268066,4.14931058883667,2e-05,2.317309163961764,0.025007258635014296,0.01782365224789828,0.018099778098985553,0.020460357423871756
1012,1012,4.1512980461120605,4.148604393005371,2e-05,2.330471343503266,0.024914803449064493,0.01783715351484716,0.018116849940270185,0.02047901228070259
1013,1013,4.149687767028809,4.1481404304504395,2e-05,2.339872105829069,0.02498261397704482,0.017855665530078113,0.0181306810118258,0.02049429202452302
1014,1014,4.149127960205078,4.148435592651367,2e-05,2.351174498230919,0.024927874095737934,0.017872200696729124,0.01814794261008501,0.020514129661023617
1015,1015,4.148792266845703,4.148331642150879,2e-05,2.358695721321192,0.025001796893775463,0.01789425895549357,0.01816894905641675,0.020539830904453993
1016,1016,4.1496381759643555,4.149962425231934,2e-05,2.3668172510894765,0.02505502477288246,0.017913321033120155,0.018189102062024176,0.02056431770324707
1017,1017,4.149969100952148,4.149023056030273,2e-05,2.3705327060308696,0.025063667446374893,0.017930708709172904,0.018207096378318965,0.020585912745445967
1018,1018,4.148379325866699,4.14918327331543,2e-05,2.3740907578120267,0.02509197359904647,0.01794962293934077,0.01822586706839502,0.020609052386134863
1019,1019,4.148656845092773,4.151407718658447,2e-05,2.381514552289866,0.025117757264524698,0.01796684879809618,0.018242206424474716,0.02062651189044118
1020,1020,4.1473307609558105,4.150911331176758,2e-05,2.3858784908372606,0.024939750786870718,0.017980986973270774,0.018255682080052793,0.020641782321035862
1021,1021,4.148506164550781,4.1504621505737305,2e-05,2.3884665331576795,0.02505311742424965,0.017994998837821186,0.018272741930559278,0.02066094893962145
1022,1022,4.148099899291992,4.147061347961426,2e-05,2.3924614759725213,0.02508091926574707,0.018017623806372285,0.018292845925316215,0.02068642433732748
1023,1023,4.148708343505859,4.149711608886719,2e-05,2.2328688863040718,0.025169286411255598,0.018038155045360327,0.018313899403437972,0.020712466910481453
1024,1024,4.147266387939453,4.149206638336182,2e-05,2.250672784665782,0.025074553210288286,0.018049286329187453,0.01832787913735956,0.020728421863168478
1025,1025,4.147649765014648,4.15015983581543,2e-05,2.2695453638188945,0.025148875080049038,0.018073486629873514,0.01834581035654992,0.020747902803122997
1026,1026,4.149229049682617,4.150449275970459,2e-05,2.2867443450237808,0.02512588119134307,0.018088479060679674,0.01836339954752475,0.02077056560665369
1027,1027,4.148781776428223,4.149172782897949,2e-05,2.3015920775018452,0.025168499443680048,0.01810606650542468,0.018382137641310692,0.020792162511497736
1028,1028,4.14735221862793,4.151612758636475,2e-05,2.315769577807287,0.025176721159368753,0.018119650310836732,0.01839705230668187,0.02080968813970685
1029,1029,4.148201942443848,4.150106430053711,2e-05,2.3288656058872768,0.025195449590682983,0.018142708344385028,0.018418731284327805,0.020837266463786364
1030,1030,4.1477155685424805,4.147934913635254,2e-05,2.3390832534767987,0.025162353180348873,0.0181611335137859,0.0184336417587474,0.020853758323937654
1031,1031,4.147924900054932,4.1479291915893555,2e-05,2.3503713228598637,0.025207137688994408,0.018177979858592153,0.018453163444064558,0.020877533592283726
1032,1032,4.1497650146484375,4.149181365966797,2e-05,2.35752762396789,0.025148774031549692,0.01819505274761468,0.01846870011650026,0.020896426867693663
1033,1033,4.147770881652832,4.150014877319336,2e-05,2.3629257160294563,0.025195642840117216,0.018211961607448757,0.018488302011974156,0.020920252427458763
1034,1034,4.148942947387695,4.1495232582092285,2e-05,2.3737265392824263,0.025280915200710297,0.018232273519970477,0.018507215660065413,0.020942160859704018
1035,1035,4.147911071777344,4.149045944213867,2e-05,2.381154074076778,0.025354722514748573,0.01824857748579234,0.0185228674672544,0.02095955004915595
1036,1036,4.149914741516113,4.1492414474487305,2e-05,2.38622940691475,0.025349638424813747,0.018269549123942852,0.018542530247941613,0.020984021481126547
1037,1037,4.147429943084717,4.14900016784668,2e-05,2.388337475884447,0.025279868859797716,0.01828251825645566,0.01855787227395922,0.021002427209168673
1038,1038,4.148996829986572,4.149576663970947,2e-05,2.3959348102388907,0.025328435003757477,0.01830272120423615,0.018576252041384578,0.021023400127887726
1039,1039,4.147420883178711,4.152980804443359,2e-05,2.402822963984054,0.025376377161592245,0.01831721537746489,0.01859291165601462,0.021042207721620798
1040,1040,4.148870468139648,4.1507978439331055,2e-05,2.403917041868826,0.02529333671554923,0.018338487832807004,0.018611645326018333,0.02106662094593048
1041,1041,4.149335861206055,4.148890495300293,2e-05,2.4086803292559495,0.025366599205881357,0.018358068773522973,0.01863012497778982,0.021087467204779387
1042,1042,4.147390842437744,4.1500020027160645,2e-05,2.4104780060761355,0.025329058524221182,0.01837139157578349,0.018646095762960613,0.02110662218183279
1043,1043,4.147766590118408,4.151455879211426,2e-05,2.410547685417569,0.025453543290495872,0.018387828255072236,0.01866110449191183,0.02112338552251458
1044,1044,4.148102283477783,4.154269218444824,2e-05,2.416349987710066,0.02541408408433199,0.018411189201287925,0.01868372969329357,0.021152053494006395
1045,1045,4.147092819213867,4.149500370025635,2e-05,2.4147825719076748,0.025425692088901997,0.018425967660732567,0.0187006751075387,0.021172326523810625
1046,1046,4.149269104003906,4.151313304901123,2e-05,2.420954416084332,0.025393910240381956,0.01844457897823304,0.018717445083893836,0.021191952284425497
1047,1047,4.148219585418701,4.149227619171143,2e-05,2.4226827580457244,0.025509378407150507,0.018462267937138677,0.018736075842753053,0.021215039305388927
1048,1048,4.148399353027344,4.149198532104492,2e-05,2.4245218175902203,0.025390710681676865,0.01847708923742175,0.018749842885881662,0.02122955536469817
1049,1049,4.147060871124268,4.148468971252441,2e-05,2.425763820232227,0.02546966588124633,0.01849916810169816,0.018771791947074234,0.021256490610539913
1050,1050,4.1482343673706055,4.148359298706055,2e-05,2.4271836657216377,0.025583948008716106,0.018521200283430517,0.018792179180309176,0.021281426306813955
1051,1051,4.149959564208984,4.148738384246826,2e-05,2.4282651988317947,0.025500258430838585,0.018532054498791695,0.018806034233421087,0.0212970282882452
1052,1052,4.149142265319824,4.147604942321777,2e-05,2.429172069610381,0.025561926420778036,0.018550460692495108,0.0188245513709262,0.021320014260709286
1053,1053,4.14842414855957,4.148249626159668,2e-05,2.430136669432919,0.025541994255036116,0.018567105289548635,0.018841493409126997,0.02133857924491167
1054,1054,4.148852348327637,4.150801658630371,2e-05,2.4318148885184936,0.025438229087740183,0.018583389348350465,0.018856287701055408,0.021355786360800266
1055,1055,4.146888732910156,4.147294044494629,2e-05,2.431522393395796,0.025535393971949816,0.018603377044200897,0.0188751487294212,0.02137845940887928
1056,1056,4.146985054016113,4.149335861206055,2e-05,2.432368090154116,0.025566250551491976,0.018619460170157254,0.018894274020567536,0.021402107551693916
1057,1057,4.148990631103516,4.149146556854248,2e-05,2.433117257642221,0.025484633166342974,0.018638559384271502,0.01891017344314605,0.02142026647925377
1058,1058,4.148728370666504,4.150417327880859,2e-05,2.433993269797314,0.02571748849004507,0.018661629990674555,0.018932905979454517,0.02144748345017433
1059,1059,4.148481369018555,4.152035713195801,2e-05,2.4341995334548816,0.025520754978060722,0.018673976650461555,0.018945018411614,0.021461315918713808
1060,1060,4.149746894836426,4.147356033325195,2e-05,2.4362039424128574,0.02568275760859251,0.018694559577852488,0.018965902272611856,0.021485903300344944
1061,1061,4.146227836608887,4.147241115570068,2e-05,2.4348308629451134,0.02563517540693283,0.018712533288635314,0.01898306212387979,0.021506290417164564
1062,1062,4.14760160446167,4.147749900817871,2e-05,2.4366252930864754,0.02574192825704813,0.018726893584243953,0.01899736816994846,0.021522507537156343
1063,1063,4.148173809051514,4.150760650634766,2e-05,2.4355625817978424,0.02570784231647849,0.018746607238426805,0.01901858695782721,0.021548852790147066
1064,1064,4.145373344421387,4.147426605224609,2e-05,2.437175114690619,0.025665900204330683,0.018762007355690002,0.01903417962603271,0.021566754207015038
1065,1065,4.149293899536133,4.147561073303223,2e-05,2.435984812854587,0.02576699759811163,0.018780998303554952,0.019053846830502152,0.021590216550976038
1066,1066,4.1497297286987305,4.14915657043457,2e-05,2.4378383551137652,0.025722057092934847,0.018799950485117733,0.019070470123551786,0.021609436720609665
1067,1067,4.146245002746582,4.149637699127197,2e-05,2.436350685088531,0.025821118149906397,0.018818660522811115,0.019090642337687314,0.02163410186767578
1068,1068,4.146354675292969,4.148827075958252,2e-05,2.4381105956448197,0.025666006840765476,0.018831705092452466,0.019105091225355864,0.021650382317602634
1069,1069,4.146201133728027,4.147497177124023,2e-05,2.4368031151513443,0.025786636862903833,0.018852287787012756,0.019122150726616383,0.021670381538569927
1070,1070,4.147594451904297,4.148641586303711,2e-05,2.4381898599115495,0.0257365214638412,0.018872557091526687,0.019141217577271163,0.021692569833248854
1071,1071,4.148920059204102,4.150336265563965,2e-05,2.4375734959245174,0.025699018500745296,0.018886793055571616,0.019158676150254905,0.0217136493884027
1072,1072,4.147073745727539,4.150233745574951,2e-05,2.4383929584049286,0.02582042431458831,0.01890490436926484,0.0191779644228518,0.021736321970820427
1073,1073,4.1458420753479,4.14918327331543,2e-05,2.4371653046693824,0.025815625209361315,0.018922150717116892,0.019194362801499665,0.021756000816822052
1074,1074,4.146151542663574,4.149261474609375,2e-05,2.4387780985217593,0.02586150262504816,0.018937351065687835,0.019211117643862963,0.021775633096694946
1075,1075,4.147451400756836,4.147595405578613,2e-05,2.4371745531242333,0.02581863198429346,0.018959786742925644,0.01922948902938515,0.021796769928187132
1076,1076,4.149113178253174,4.14771842956543,2e-05,2.43771159297778,0.02588276844471693,0.0189735860330984,0.019246150040999055,0.021816388703882694
1077,1077,4.14805793762207,4.147089004516602,2e-05,2.4378837069153922,0.02586460206657648,0.018994076177477837,0.019264554721303284,0.02183875720947981
1078,1078,4.146712303161621,4.14849328994751,2e-05,2.4376838969833057,0.02580692945048213,0.019011899130418897,0.01928199571557343,0.02185938274487853
1079,1079,4.147414207458496,4.147796630859375,2e-05,2.4378724439397157,0.025929886382073164,0.01903371070511639,0.019301815540529788,0.021883293986320496
1080,1080,4.1477556228637695,4.148693084716797,2e-05,2.437808361271154,0.025998461991548538,0.019048263086006045,0.019319454208016396,0.02190306782722473
1081,1081,4.147656440734863,4.150863170623779,2e-05,2.4382323768270933,0.025902656372636557,0.019064854132011533,0.019335102173499763,0.021921110339462757
1082,1082,4.148067951202393,4.147433757781982,2e-05,2.4385387082046073,0.02589767938479781,0.01908711390569806,0.019356219097971916,0.021947162691503763
1083,1083,4.144997596740723,4.1476731300354,2e-05,2.438212110293364,0.025946632027626038,0.019102264544926584,0.019372593378648162,0.021966184955090284
1084,1084,4.147574424743652,4.148077964782715,2e-05,2.434408872609094,0.025966537185013294,0.01912187284324318,0.019391051377169788,0.021988026332110167
1085,1085,4.1474480628967285,4.147983074188232,2e-05,2.4351677026502467,0.02604435198009014,0.01913898636121303,0.019409014959819615,0.022008156403899193
1086,1086,4.146772384643555,4.147095203399658,2e-05,2.4331243262576447,0.025947291869670153,0.019152807421050966,0.019424633705057204,0.022026838269084692
1087,1087,4.147917747497559,4.148815155029297,2e-05,2.4297191461459544,0.026020845398306847,0.01916756120044738,0.01943887851666659,0.02204249845817685
1088,1088,4.1464362144470215,4.147218704223633,2e-05,2.428518862746773,0.026108861435204744,0.019192172680050135,0.01946179394144565,0.022070943843573332
1089,1089,4.145239353179932,4.146563529968262,2e-05,2.427623280243312,0.026045157108455896,0.019212269107811153,0.019479356706142426,0.022091683000326157
1090,1090,4.148142337799072,4.1449995040893555,2e-05,2.248022912717609,0.02602225821465254,0.019225026946514845,0.019495160202495754,0.022109657991677523
1091,1091,4.147014141082764,4.1466827392578125,2e-05,2.102944709246656,0.026032287627458572,0.019243810093030334,0.01951305556576699,0.022131583653390408
1092,1092,4.147502422332764,4.149161338806152,2e-05,2.1349143959435706,0.026027345564216375,0.01925926236435771,0.01952881459146738,0.022150032222270966
1093,1093,4.14652156829834,4.147468566894531,2e-05,2.1648889722409717,0.02608177624642849,0.01927448937203735,0.019547061761841178,0.02217184379696846
1094,1094,4.146308898925781,4.148310661315918,2e-05,2.192462955090817,0.02609692607074976,0.019295867648907006,0.019565052585676312,0.022193513810634613
1095,1095,4.148093223571777,4.146609306335449,2e-05,2.213509396964477,0.02616297686472535,0.019314492703415453,0.019584019202739,0.02221648022532463
1096,1096,4.147427558898926,4.148643493652344,2e-05,2.2373928171796087,0.026162315625697374,0.019334394484758377,0.019603624939918518,0.022239260375499725
1097,1097,4.146956920623779,4.148393154144287,2e-05,2.256234775105178,0.026198294945061207,0.01935211755335331,0.019619904342107475,0.02225877856835723
1098,1098,4.148647308349609,4.150579452514648,2e-05,2.2762380767373065,0.026223935186862946,0.01936973736155778,0.019637399702332914,0.022280076052993536
1099,1099,4.148678302764893,4.147217273712158,2e-05,2.2912613903398666,0.026258300058543682,0.01938348193652928,0.019654850591905415,0.022300156764686108
1100,1100,4.145910263061523,4.146489143371582,2e-05,2.3068649464322446,0.026173240039497614,0.019402985810302198,0.019672196940518916,0.022320983465760946
1101,1101,4.14730167388916,4.148031234741211,2e-05,2.3187208549296803,0.026260322891175747,0.01942375034559518,0.0196926110656932,0.022345613688230515
1102,1102,4.1464948654174805,4.14736795425415,2e-05,2.330715214446942,0.026306011248379946,0.019442119519226253,0.019708661129698157,0.022363533731549978
1103,1103,4.147369384765625,4.148283004760742,2e-05,2.3414691827431047,0.026244584936648607,0.01945852010976523,0.019728132989257574,0.022386624477803707
1104,1104,4.147286891937256,4.14715576171875,2e-05,2.3476199732539857,0.02621810371056199,0.01947564084548503,0.01974364253692329,0.022405347786843777
1105,1105,4.148861885070801,4.146144866943359,2e-05,2.3545994148340648,0.026246540248394012,0.019492046674713492,0.01976192055735737,0.022427255753427744
1106,1106,4.146135330200195,4.145076751708984,2e-05,2.3613783675783697,0.026301895268261433,0.019511964172124863,0.019779550260864198,0.02244847873225808
1107,1107,4.14902925491333,4.146653175354004,2e-05,2.3709019445529806,0.026357644703239202,0.019531504483893514,0.019798572408035398,0.0224700509570539
1108,1108,4.145927429199219,4.1451592445373535,2e-05,2.3767447724525033,0.02634739875793457,0.019547337316907942,0.019815067993476987,0.022489345632493496
1109,1109,4.146908760070801,4.147970199584961,2e-05,2.3839668335072255,0.026364261750131845,0.01956924598198384,0.01983549410942942,0.022514026146382093
1110,1110,4.146883010864258,4.146834373474121,2e-05,2.388004551920936,0.02635398553684354,0.01958753284998238,0.019853814388625324,0.022535602562129498
1111,1111,4.146339416503906,4.147479057312012,2e-05,2.3899567292843877,0.026394551154226065,0.019608452450484037,0.01987305225338787,0.022558583412319422
1112,1112,4.145864009857178,4.151639461517334,2e-05,2.3909624977158552,0.026351551990956068,0.019623205065727234,0.019888669485226274,0.022576643154025078
1113,1113,4.146108627319336,4.145730018615723,2e-05,2.3956235094635505,0.02633365523070097,0.019638803671114147,0.019906338304281235,0.02259655436500907
1114,1114,4.146710395812988,4.145897388458252,2e-05,2.3998644698969653,0.02644532360136509,0.01965831033885479,0.019928045687265694,0.022622948046773672
1115,1115,4.148336410522461,4.1459431648254395,2e-05,2.4039460316096584,0.026439007371664047,0.019675059360451996,0.019943896564655006,0.022640555631369352
1116,1116,4.145035743713379,4.146622180938721,2e-05,2.407436649222509,0.026468596421182156,0.019697146955877542,0.019963402999565005,0.02266420843079686
1117,1117,4.146478652954102,4.1463303565979,2e-05,2.410440014879516,0.026464585214853287,0.01971035765018314,0.019979164702817798,0.022682285867631435
1118,1118,4.145007133483887,4.147939205169678,2e-05,2.414727065017254,0.026471846271306276,0.019727579434402287,0.01999569684267044,0.02270196145400405
1119,1119,4.145974159240723,4.147523880004883,2e-05,2.415570743853169,0.026533052790910006,0.019753056578338146,0.02001675229985267,0.022727227304130793
1120,1120,4.14658784866333,4.145092487335205,2e-05,2.419419018284269,0.02647752221673727,0.019762432551942766,0.020029824343509972,0.02274111332371831
1121,1121,4.14654541015625,4.148130416870117,2e-05,2.419985758831048,0.026492438279092312,0.019786049029789865,0.020052756648510695,0.022769834846258163
1122,1122,4.144476890563965,4.145838260650635,2e-05,2.423192205096643,0.026567765045911074,0.019806333468295634,0.020071823615580797,0.022791997995227575
1123,1123,4.148212432861328,4.147477626800537,2e-05,2.4235015202413575,0.026497781742364168,0.019823789945803583,0.02008819836191833,0.022810502909123898
1124,1124,4.145591735839844,4.146056175231934,2e-05,2.422215468161852,0.026515038684010506,0.01983720378484577,0.020106649375520647,0.022832912392914295
1125,1125,4.147252082824707,4.146063804626465,2e-05,2.419240630827799,0.026611723005771637,0.019851482938975096,0.02012137498240918,0.022848939057439566
1126,1126,4.146618843078613,4.146539688110352,2e-05,2.4214085128970435,0.026544533669948578,0.01987428544089198,0.020139480475336313,0.022870338521897793
1127,1127,4.145696640014648,4.1486711502075195,2e-05,2.423310029322682,0.026559505611658096,0.019890160765498877,0.02015722112264484,0.022891561035066843
1128,1128,4.1473517417907715,4.147357940673828,2e-05,2.4244416400181152,0.02663667220622301,0.019910411327145994,0.020177904749289155,0.0229160375893116
1129,1129,4.144923210144043,4.147031784057617,2e-05,2.426248546845817,0.026594458147883415,0.019928538938984275,0.020194411976262927,0.02293468313291669
1130,1130,4.143928050994873,4.14521598815918,2e-05,2.427580628815976,0.026686911936849356,0.019943277118727565,0.020211547962389886,0.022954804822802544
1131,1131,4.145068168640137,4.149466514587402,2e-05,2.428762423554069,0.02665712870657444,0.01996609300840646,0.020232294802553952,0.02297941129654646
1132,1132,4.144155979156494,4.146675109863281,2e-05,2.429723614805357,0.026746229734271765,0.01998194435145706,0.02024825382977724,0.022997602820396423
1133,1133,4.143679141998291,4.145186901092529,2e-05,2.4319856132364004,0.02672384725883603,0.020000630989670753,0.02026687772013247,0.023020303808152676
1134,1134,4.1488447189331055,4.147605895996094,2e-05,2.431349716025065,0.02663602354004979,0.02001893299166113,0.020284069003537297,0.023039572406560183
1135,1135,4.146916389465332,4.14547872543335,2e-05,2.4333731857255674,0.026776505634188652,0.02003646153025329,0.02030105423182249,0.02305961214005947
1136,1136,4.146437644958496,4.148270606994629,2e-05,2.4324635220249355,0.026776956859976053,0.02005760360043496,0.020320273004472256,0.02308255946263671
1137,1137,4.146328926086426,4.1457414627075195,2e-05,2.43451540678572,0.026775970589369535,0.02007671259343624,0.020340635208413005,0.023106110747903585
1138,1138,4.145387649536133,4.145758628845215,2e-05,2.4297092185333455,0.02681651432067156,0.020091277780011296,0.020356691908091307,0.023125123232603073
1139,1139,4.144678115844727,4.146631240844727,2e-05,2.42389582101145,0.026719140354543924,0.020108498400077224,0.02037260343786329,0.02314324351027608
1140,1140,4.145554065704346,4.146139144897461,2e-05,2.4186427812778115,0.026870310306549072,0.0201318891486153,0.020396190229803324,0.023172019980847836
1141,1141,4.146921157836914,4.145756721496582,2e-05,2.416135324461359,0.02677993942052126,0.020142310648225248,0.020408851909451187,0.023184530902653933
1142,1142,4.145973205566406,4.145301818847656,2e-05,2.414902387802859,0.02684625703841448,0.020164472283795476,0.020429088734090328,0.023209174629300833
1143,1143,4.14685583114624,4.1476593017578125,2e-05,2.4113892507812014,0.02682906622067094,0.02018044248688966,0.02044397732242942,0.02322555659338832
1144,1144,4.143955707550049,4.149176597595215,2e-05,2.409918307918677,0.026927204336971045,0.02019908290822059,0.020463720778934658,0.023249068297445774
1145,1145,4.144968509674072,4.145564079284668,2e-05,2.408932877843134,0.026810511481016874,0.020211523165926337,0.020477429847232997,0.023264641873538494
1146,1146,4.146804332733154,4.147980213165283,2e-05,2.4065118157878462,0.026895882561802864,0.020233538118191063,0.02049757877830416,0.023288128897547722
1147,1147,4.143921852111816,4.146477699279785,2e-05,2.4086802305992574,0.027012310922145844,0.020253619644790888,0.020517653552815318,0.023313284385949373
1148,1148,4.143336296081543,4.147390365600586,2e-05,2.4082044120705888,0.0268895598128438,0.02026830636896193,0.020533130620606244,0.023330343887209892
1149,1149,4.148559093475342,4.148031234741211,2e-05,2.408706850462368,0.02692816313356161,0.02028888277709484,0.020551614346913993,0.023352558724582195
1150,1150,4.1441240310668945,4.1467742919921875,2e-05,2.4107573323400273,0.026934231631457806,0.020307963131926954,0.020570774213410914,0.023375654127448797
1151,1151,4.14780855178833,4.146287441253662,2e-05,2.4102082149840136,0.026938218157738447,0.02032479434274137,0.020588891115039587,0.02339755278080702
1152,1152,4.145378589630127,4.146484375,2e-05,2.412764034747219,0.026995547115802765,0.02034362673293799,0.020606154575943947,0.0234184549190104
1153,1153,4.142698287963867,4.147868633270264,2e-05,2.409364006108801,0.026990759652107954,0.020361685077659786,0.020624843542464077,0.02344064600765705
1154,1154,4.145421028137207,4.1450605392456055,2e-05,2.413073105416453,0.027036469895392656,0.02038015064317733,0.02064147242344916,0.02346079796552658
1155,1155,4.1435651779174805,4.1453351974487305,2e-05,2.4140282681061915,0.02697740262374282,0.020392761914990842,0.020658035995438695,0.02348114224150777
1156,1156,4.144847393035889,4.145391464233398,2e-05,2.4181189683950866,0.026956919115036726,0.02041065937373787,0.020672698388807476,0.023496773559600115
1157,1157,4.146920680999756,4.145265579223633,2e-05,2.4183743143385614,0.027071976102888584,0.020429277908988297,0.02069258678238839,0.023522472009062767
1158,1158,4.143505096435547,4.145815849304199,2e-05,2.422049437157985,0.02701493538916111,0.020448571536689997,0.02071151020936668,0.023544323164969683
1159,1159,4.144036293029785,4.146887302398682,2e-05,2.4184195849328654,0.0271442630328238,0.020468294387683272,0.02072917972691357,0.02356590935960412
1160,1160,4.146412372589111,4.14703893661499,2e-05,2.4174833936420392,0.027021680492907763,0.020479540689848363,0.020743545494042337,0.02358224242925644
1161,1161,4.146843910217285,4.147586822509766,2e-05,2.4206092189526074,0.027053521014750004,0.020495963282883167,0.020760869956575334,0.0236034719273448
1162,1162,4.144367694854736,4.144741535186768,2e-05,2.4213340554753726,0.02720903605222702,0.020522044505923986,0.020782871288247406,0.0236298986710608
1163,1163,4.144038200378418,4.14511775970459,2e-05,2.2546425908687855,0.02713946346193552,0.020533107686787844,0.02079664170742035,0.02364615024998784
1164,1164,4.144102096557617,4.146038055419922,2e-05,2.272401325216245,0.0270844679325819,0.020552064874209464,0.02081460738554597,0.02366873435676098
1165,1165,4.145294666290283,4.146009922027588,2e-05,2.286532550843669,0.027141372207552195,0.020571563160046935,0.020833579706959426,0.023690903093665838
1166,1166,4.144765853881836,4.145271301269531,2e-05,2.3005365558477218,0.027197955176234245,0.02058781567029655,0.02084927272517234,0.023709882982075214
1167,1167,4.146918296813965,4.146326065063477,2e-05,2.311227215860981,0.027103181462734938,0.020603494718670845,0.020866781007498503,0.023731570690870285
1168,1168,4.1455230712890625,4.147163391113281,2e-05,2.3237577812406234,0.0271754520945251,0.020619015325792134,0.020883357501588762,0.023751279339194298
1169,1169,4.146266937255859,4.145441055297852,2e-05,2.3350250678682407,0.027264773845672607,0.02064221736509353,0.02090381144080311,0.023775982670485973
1170,1170,4.144951343536377,4.144888877868652,2e-05,2.3454572954568964,0.02722722478210926,0.020663581672124565,0.02092254103627056,0.02379806712269783
1171,1171,4.144649028778076,4.143735408782959,2e-05,2.354810443601854,0.02733219088986516,0.020677604945376515,0.02093860344029963,0.02381823491305113
1172,1172,4.145342826843262,4.151978969573975,2e-05,2.1960297797511137,0.027243201155215502,0.020692559890449047,0.020954598439857364,0.023836791515350342
1173,1173,4.145618915557861,4.14439582824707,2e-05,2.2210482565603824,0.027313076425343752,0.020714652491733432,0.020973469247110188,0.023859459906816483
1174,1174,4.147180557250977,4.1482014656066895,2e-05,2.2428627968382946,0.027383331675082445,0.020729306736029685,0.020990121411159635,0.023880066815763712
1175,1175,4.145631313323975,4.146113395690918,2e-05,2.263959399284019,0.027274833992123604,0.02074683492537588,0.021007932140491903,0.023902409709990025
1176,1176,4.144252777099609,4.144433975219727,2e-05,2.2801734122350075,0.02738182106986642,0.020767863024957478,0.021028590272180736,0.02392621524631977
1177,1177,4.145717144012451,4.14886474609375,2e-05,2.2934421867672086,0.027363763190805912,0.020781687228009105,0.0210425213444978,0.02394363610073924
1178,1178,4.14536714553833,4.147647380828857,2e-05,2.3121977171908235,0.027348462026566267,0.020799293532036245,0.021059446851722896,0.023964449763298035
1179,1179,4.143914222717285,4.146903991699219,2e-05,2.324619306604466,0.02734262216836214,0.02081768191419542,0.02107775490731001,0.023986296262592077
1180,1180,4.1431379318237305,4.14826774597168,2e-05,2.334666018319225,0.027425977401435375,0.020836424082517624,0.021093989140354097,0.02400563331320882
1181,1181,4.143861770629883,4.146012783050537,2e-05,2.3465339227987108,0.027483624406158924,0.020855564041994512,0.02111514483112842,0.024031014181673527
1182,1182,4.146047592163086,4.146604061126709,2e-05,2.3543385493647104,0.027379732578992844,0.02087183273397386,0.02113052736967802,0.024049565196037292
1183,1183,4.146145820617676,4.146122932434082,2e-05,2.3602526467077127,0.02746184542775154,0.02089148573577404,0.021152152796275914,0.024076012894511223
1184,1184,4.146646976470947,4.145814418792725,2e-05,2.370951609969056,0.027458240278065205,0.020907343248836696,0.021166091202758253,0.02409262303262949
1185,1185,4.14639949798584,4.145035266876221,2e-05,2.37897349993376,0.027469022199511528,0.020921810995787382,0.021182557800784707,0.024112666491419077
1186,1186,4.147093296051025,4.144753932952881,2e-05,2.383503804812309,0.02749343728646636,0.020942879607900977,0.021201171563006938,0.024135750252753496
1187,1187,4.143720626831055,4.1452507972717285,2e-05,2.386329315735223,0.02749463263899088,0.020957592176273465,0.021219549933448434,0.02415675576776266
1188,1188,4.145018577575684,4.143190383911133,2e-05,2.390257359730413,0.027504125609993935,0.02097975299693644,0.021237852866761386,0.024179871659725904
1189,1189,4.146117210388184,4.143942356109619,2e-05,2.2305961703437958,0.027530047576874495,0.020997361512854695,0.02125717233866453,0.02420230722054839
1190,1190,4.144570350646973,4.144003391265869,2e-05,2.2515618300262497,0.027512492146342993,0.021010091877542436,0.021270171157084405,0.024219028186053038
1191,1191,4.144604682922363,4.144449234008789,2e-05,2.271785073104924,0.02750033838674426,0.021027995040640235,0.021288207382895052,0.024240026250481606
1192,1192,4.145959377288818,4.144927978515625,2e-05,2.287113520378078,0.02756895963102579,0.021047660964541137,0.02130678470712155,0.02426215959712863
1193,1193,4.1434526443481445,4.145377159118652,2e-05,2.303887047708435,0.02757631940767169,0.021063297986984253,0.021322071785107255,0.024280198849737644
1194,1194,4.145110607147217,4.145497798919678,2e-05,2.312042402075933,0.027556943707168102,0.021082714782096446,0.021340891369618475,0.024303114041686058
1195,1195,4.145664215087891,4.14764928817749,2e-05,2.322037425779491,0.027620166074484587,0.021099023637361825,0.02136081550270319,0.02432712446898222
1196,1196,4.144256591796875,4.146341800689697,2e-05,2.3330719574483005,0.027694108430296183,0.02111620910000056,0.021374712698161602,0.024343725759536028
1197,1197,4.143648147583008,4.145707130432129,2e-05,2.343627793249096,0.027549040038138628,0.021131767076440156,0.021390497451648116,0.02436335338279605
1198,1198,4.142495632171631,4.146418571472168,2e-05,2.3533552491741068,0.02763201529160142,0.02114957175217569,0.02140956826042384,0.024386305827647448
1199,1199,4.144735813140869,4.1433610916137695,2e-05,2.3616644926511543,0.02781803859397769,0.021172544918954372,0.021432115929201245,0.024413196370005608
1200,1200,4.143895149230957,4.144771575927734,2e-05,2.370146978709622,0.027650782838463783,0.021183939301408827,0.021443858044221997,0.024427217431366444
1201,1201,4.143219470977783,4.145256042480469,2e-05,2.376389234241643,0.027657410129904747,0.021203197888098657,0.021464611985720694,0.024452919140458107
1202,1202,4.143892288208008,4.147510528564453,2e-05,2.382502456759393,0.02766807423904538,0.021219127345830202,0.021480533527210355,0.024472173769026995
1203,1203,4.14668083190918,4.149352073669434,2e-05,2.388308253321404,0.027740551624447107,0.021241092472337186,0.021498091518878937,0.02449291804805398
1204,1204,4.144298553466797,4.145097255706787,2e-05,2.3947428590673154,0.027782440185546875,0.021257193642668426,0.021515963948331773,0.02451535454019904
1205,1205,4.145535945892334,4.145264625549316,2e-05,2.397804223396175,0.027800607029348612,0.021277063176967204,0.021534428698942065,0.02453773468732834
1206,1206,4.143526077270508,4.144536018371582,2e-05,2.4030943045865416,0.027748630847781897,0.021287777926772833,0.02154712483752519,0.02455269219353795
1207,1207,4.1460113525390625,4.147297382354736,2e-05,2.4017821529075127,0.027821093797683716,0.021312543656677008,0.021570564713329077,0.024581747129559517
1208,1208,4.144867897033691,4.14356803894043,2e-05,2.4066158510042146,0.027861387468874454,0.02132973726838827,0.021587151917628944,0.024602013174444437
1209,1209,4.145739555358887,4.144839286804199,2e-05,2.41240103443553,0.027813921216875315,0.021344050765037537,0.0216017032507807,0.024619759991765022
1210,1210,4.14286994934082,4.1456708908081055,2e-05,2.4124136347909997,0.027968472335487604,0.021366477478295565,0.021623937878757715,0.024647006299346685
1211,1211,4.142991065979004,4.145552635192871,2e-05,2.4177132013310505,0.02786641288548708,0.021378668840043247,0.021636425866745412,0.024661392904818058
1212,1212,4.144649982452393,4.144898414611816,2e-05,2.4212539337911876,0.027909972239285707,0.02140188473276794,0.021657898207195103,0.024687369354069233
1213,1213,4.144679069519043,4.143551826477051,2e-05,2.4216000567990883,0.02794798882678151,0.021419620723463595,0.02167491940781474,0.024708297569304705
1214,1214,4.143310546875,4.144323825836182,2e-05,2.420570879763346,0.02791400672867894,0.02143252152018249,0.02168897504452616,0.024725324474275112
1215,1215,4.144355773925781,4.1457743644714355,2e-05,2.418708800041105,0.027955912053585052,0.021449875086545944,0.021707355161197484,0.02474676351994276
1216,1216,4.143047332763672,4.146504878997803,2e-05,2.4203005336646966,0.02788965729996562,0.021466513047926128,0.02172471582889557,0.024767507798969746
1217,1217,4.145643711090088,4.144977569580078,2e-05,2.4220021660776414,0.02787531027570367,0.021483527612872422,0.02174083993304521,0.024788121227174997
1218,1218,4.1432576179504395,4.143240928649902,2e-05,2.423557505772845,0.02794111054390669,0.021498405491001904,0.021757176611572504,0.02480723336338997
1219,1219,4.145845413208008,4.1451263427734375,2e-05,2.4282881413536272,0.027940732426941395,0.02152102009858936,0.021776916342787445,0.024831639602780342
1220,1220,4.143039226531982,4.14242696762085,2e-05,2.4262069695303445,0.028000276535749435,0.02153601311147213,0.021793486084789038,0.024852335918694735
1221,1221,4.143167018890381,4.14399528503418,2e-05,2.2626212084032664,0.028015580493956804,0.021556091611273587,0.021811358514241874,0.02487346576526761
1222,1222,4.142876625061035,4.145270347595215,2e-05,2.2796500104192012,0.028030585031956434,0.02157303283456713,0.02182763919699937,0.024892864748835564
1223,1223,4.143982887268066,4.144237518310547,2e-05,2.295375785134325,0.02817147644236684,0.021591183845885098,0.021847462747246027,0.024917825125157833
1224,1224,4.141988754272461,4.144631385803223,2e-05,2.309844686004067,0.028094887267798185,0.021605190937407315,0.021861438173800707,0.02493494190275669
1225,1225,4.143714904785156,4.142668724060059,2e-05,2.3238945295961515,0.028120380826294422,0.02162560902070254,0.021882841363549232,0.02496100077405572
1226,1226,4.1481614112854,4.146613121032715,2e-05,2.3343449803378937,0.028084433171898127,0.021640320192091167,0.021897220751270652,0.024978159926831722
1227,1227,4.144100189208984,4.143671989440918,2e-05,2.3459809858340885,0.028097293805330992,0.0216548367170617,0.021912682219408453,0.024997328873723745
1228,1228,4.143342018127441,4.145468711853027,2e-05,2.350460517786181,0.028197051025927067,0.021677437820471823,0.02193386503495276,0.0250229574739933
1229,1229,4.145838260650635,4.144349098205566,2e-05,2.3573002251545203,0.028173447586596012,0.021696634241379797,0.021950526162981987,0.025043600238859653
1230,1230,4.143024444580078,4.14446496963501,2e-05,2.3648968036334583,0.028180426452308893,0.02170691196806729,0.021965026739053428,0.02506052330136299
1231,1231,4.141790390014648,4.143991470336914,2e-05,2.3728072415437915,0.028160599060356617,0.021728694322519004,0.021986129344440997,0.025085678789764643
1232,1232,4.143927097320557,4.142561435699463,2e-05,2.378048662942896,0.028172312304377556,0.02174990763887763,0.0220033077057451,0.025106666143983603
1233,1233,4.142269611358643,4.146872520446777,2e-05,2.383794900056752,0.028254262637346983,0.02176579472143203,0.022021673037670553,0.025128790643066168
1234,1234,4.141578674316406,4.143204212188721,2e-05,2.390741279830612,0.028176867868751287,0.02178145362995565,0.02203373343218118,0.025142664089798927
1235,1235,4.143282890319824,4.1455397605896,2e-05,2.394261902755403,0.02823425969108939,0.021800185786560178,0.02205512160435319,0.02516855439171195
1236,1236,4.142451763153076,4.1430888175964355,2e-05,2.398410651051288,0.028314939700067043,0.021816528867930174,0.022071754676289856,0.025188726373016834
1237,1237,4.143838882446289,4.143436908721924,2e-05,2.4029954204420534,0.028339332900941372,0.021835033199749887,0.02209056308493018,0.02521152887493372
1238,1238,4.141312599182129,4.143820285797119,2e-05,2.4065793921645966,0.02830198546871543,0.021850764635019004,0.022107821889221668,0.025232914835214615
1239,1239,4.14448881149292,4.147062301635742,2e-05,2.4096207504939415,0.028279092628508806,0.021869502612389624,0.022124711540527642,0.025252904277294874
1240,1240,4.144489288330078,4.14423131942749,2e-05,2.4123801324307026,0.028359889052808285,0.021890921285375953,0.022142168134450912,0.0252736434340477
1241,1241,4.141915321350098,4.148226737976074,2e-05,2.409501784146839,0.02829487156122923,0.02190219284966588,0.022157451952807605,0.025293674785643816
1242,1242,4.145147323608398,4.143625259399414,2e-05,2.412633291830887,0.028392457868903875,0.0219274623086676,0.022179611027240753,0.025320013985037804
1243,1243,4.141933441162109,4.1428070068359375,2e-05,2.4138077379993144,0.028445332311093807,0.02193812094628811,0.022192624281160533,0.02533622644841671
1244,1244,4.144775390625,4.144159317016602,2e-05,2.4176457914797,0.028302840422838926,0.021958889439702034,0.02221387322060764,0.02536121103912592
1245,1245,4.142786979675293,4.142930030822754,2e-05,2.419019347313669,0.02843501139432192,0.021977572585456073,0.02223086159210652,0.025381087325513363
1246,1246,4.143342971801758,4.144439697265625,2e-05,2.4177054762596937,0.02838415326550603,0.021992780384607613,0.022247358923777938,0.02540168585255742
1247,1247,4.143244743347168,4.149752140045166,2e-05,2.4186614932881167,0.028344586957246065,0.022009846521541476,0.022262786864303052,0.025420598685741425
1248,1248,4.142967700958252,4.145430564880371,2e-05,2.417313658487969,0.028433008585125208,0.0220303040696308,0.02228338096756488,0.025445907842367887
1249,1249,4.143801689147949,4.142816066741943,2e-05,2.417330440295166,0.028412786312401295,0.022045274497941136,0.022301476215943694,0.025467072147876024
1250,1250,4.140810966491699,4.143034934997559,2e-05,2.417982891565996,0.02848092233762145,0.022067788406275213,0.02231992792803794,0.0254895375110209
1251,1251,4.142409801483154,4.1457295417785645,2e-05,2.4168191879979704,0.02856960939243436,0.022084220312535763,0.022336008842103183,0.025509969796985388
1252,1252,4.144399166107178,4.143366813659668,2e-05,2.418715613173767,0.028473748825490475,0.022097437060438097,0.022353218868374825,0.02553038951009512
1253,1253,4.144970893859863,4.146723747253418,2e-05,2.4208778737732346,0.02857211185619235,0.02212283795233816,0.02237421169411391,0.02555604139342904
1254,1254,4.142263412475586,4.142623424530029,2e-05,2.422786313908545,0.028509745839983225,0.02213404793292284,0.022386745433323085,0.025570712983608246
1255,1255,4.14362907409668,4.143077850341797,2e-05,2.4242802920574675,0.028537012171000242,0.02215139544568956,0.02240586036350578,0.02559433737769723
1256,1256,4.142789840698242,4.145196914672852,2e-05,2.425403366259867,0.028483618516474962,0.022168063675053418,0.02242174104321748,0.025613098870962858
1257,1257,4.144086837768555,4.143838405609131,2e-05,2.4270627469359427,0.02863555122166872,0.02218964754138142,0.022442606394179165,0.025638264138251543
1258,1258,4.143707275390625,4.142310619354248,2e-05,2.428374913230042,0.02870331658050418,0.02220417733769864,0.022457905230112374,0.02565657999366522
1259,1259,4.143864154815674,4.1428093910217285,2e-05,2.25899961968278,0.028612795285880566,0.022224797285161912,0.022476701880805194,0.02567896293476224
1260,1260,4.145676136016846,4.144513130187988,2e-05,2.275805934008309,0.028685938101261854,0.0222395135788247,0.02249274228233844,0.02569960942491889
1261,1261,4.142698287963867,4.143049240112305,2e-05,2.2922865111865023,0.02872362546622753,0.02225878951139748,0.022510748356580734,0.02572166919708252
1262,1262,4.143438339233398,4.1446709632873535,2e-05,2.3065187725991834,0.028706050477921963,0.02227383351419121,0.02252679818775505,0.02574063604697585
1263,1263,4.143326759338379,4.143650054931641,2e-05,2.3201299517664657,0.02863141894340515,0.02229357766918838,0.022545922081917524,0.02576391352340579
1264,1264,4.14111328125,4.14252233505249,2e-05,2.3286668192947455,0.02883855765685439,0.02230852749198675,0.022563994163647294,0.0257865684106946
1265,1265,4.140870094299316,4.143416404724121,2e-05,2.336502876793685,0.028762711212038994,0.02232608140911907,0.022580037941224873,0.02580488147214055
1266,1266,4.143404483795166,4.142339706420898,2e-05,2.3474774786284747,0.028666530270129442,0.02234281355049461,0.02259417448658496,0.02582286251708865
1267,1267,4.1442155838012695,4.1430158615112305,2e-05,2.355375162322267,0.028821168933063745,0.02236094221007079,0.02261477755382657,0.02584828808903694
1268,1268,4.144114017486572,4.142002582550049,2e-05,2.361015206808753,0.028819984756410122,0.02238014282193035,0.02263315813615918,0.02587023936212063
1269,1269,4.1440043449401855,4.143092155456543,2e-05,2.204955147327101,0.02881347993388772,0.022399220266379416,0.022652566782198846,0.02589408867061138
1270,1270,4.143050193786621,4.143664360046387,2e-05,2.2280124383594986,0.02869830746203661,0.022413769736886024,0.022666265722364187,0.02591039054095745
1271,1271,4.141568183898926,4.1454267501831055,2e-05,2.250620000118482,0.028795610181987286,0.022434743703342974,0.02268586424179375,0.025933766271919012
1272,1272,4.14316987991333,4.146714210510254,2e-05,2.2678221577282143,0.028841624967753887,0.022448079893365502,0.02270050544757396,0.025952127296477556
1273,1273,4.14385461807251,4.144634246826172,2e-05,2.2863865404330594,0.028839217964559793,0.02246854268014431,0.022721473942510784,0.0259769088588655
1274,1274,4.143263339996338,4.143304824829102,2e-05,2.300726647676994,0.02887704037129879,0.02248341031372547,0.022736914921551943,0.025995654985308647
1275,1275,4.142640113830566,4.143802642822266,2e-05,2.3137191869663605,0.02891012327745557,0.022507690242491663,0.022757710656151175,0.02602110942825675
1276,1276,4.143742561340332,4.146077632904053,2e-05,2.3265367174574734,0.028933299705386162,0.022520277416333556,0.022773709264583886,0.02604092750698328
1277,1277,4.144386291503906,4.142385482788086,2e-05,2.3377597316891516,0.02893655700609088,0.02254047989845276,0.022791739087551832,0.02606210159137845
1278,1278,4.142965316772461,4.146386623382568,2e-05,2.3480192895489,0.028863439802080393,0.022557251038961112,0.022807191708125174,0.026081368792802095
1279,1279,4.144408702850342,4.142795562744141,2e-05,2.3569660962702974,0.028954849112778902,0.02257726830430329,0.022825763560831547,0.026104166638106108
1280,1280,4.141733169555664,4.146201133728027,2e-05,2.3650369799614666,0.028978100512176752,0.022593164583668113,0.022841765428893268,0.02612347062677145
1281,1281,4.1416802406311035,4.142690658569336,2e-05,2.368544642243025,0.02892483863979578,0.022610128507949412,0.02285999502055347,0.026145322248339653
1282,1282,4.142302989959717,4.143035888671875,2e-05,2.3741330139269112,0.02901755878701806,0.02263009117450565,0.022879684111103415,0.026169130112975836
1283,1283,4.144377708435059,4.144977569580078,2e-05,2.378909779137844,0.029069638345390558,0.022642093594186008,0.022894083871506155,0.026186826638877392
1284,1284,4.143038272857666,4.1436872482299805,2e-05,2.3826764121541357,0.02900627674534917,0.022668070276267827,0.022916494170203805,0.026213801000267267
1285,1285,4.143800258636475,4.1448655128479,2e-05,2.3905056807220135,0.028941448777914047,0.022675483021885157,0.022926499834284186,0.026226536836475134
1286,1286,4.143527030944824,4.141787528991699,2e-05,2.398750177747516,0.02906826324760914,0.022700410801917315,0.02294873760547489,0.026252968702465296
1287,1287,4.142072677612305,4.142317295074463,2e-05,2.2383365351900277,0.029026014264672995,0.022715054103173316,0.022964303381741047,0.026272754650563
1288,1288,4.145181179046631,4.142032623291016,2e-05,2.257478254298558,0.029035859741270542,0.022731016273610294,0.022979609784670174,0.02629120508208871
1289,1289,4.144092082977295,4.1490678787231445,2e-05,2.275533740248472,0.028982487972825766,0.02274625690188259,0.02299774542916566,0.02631339943036437
1290,1290,4.1421332359313965,4.144067764282227,2e-05,2.292051794131393,0.02910685632377863,0.022767458925954998,0.02301785326562822,0.026337850838899612
1291,1291,4.14198112487793,4.145445346832275,2e-05,2.3067540287586477,0.029182179365307093,0.02278892125468701,0.023036642698571086,0.026361264288425446
1292,1292,4.1443705558776855,4.143078804016113,2e-05,2.3200765619806827,0.029133477248251438,0.022796240635216236,0.02305075980257243,0.0263776364736259
1293,1293,4.142424583435059,4.1424102783203125,2e-05,2.331855159629929,0.02917129546403885,0.022821011021733284,0.023070741561241448,0.026401673909276724
1294,1294,4.1435394287109375,4.142373085021973,2e-05,2.3425907171098705,0.029158272780478,0.02284012350719422,0.023087517474777997,0.026423653587698936
1295,1295,4.141326904296875,4.142428398132324,2e-05,2.3520803810751714,0.029201879631727934,0.022857115720398724,0.023105440195649862,0.026444390881806612
1296,1296,4.143689155578613,4.143838405609131,2e-05,2.360667125282831,0.02923076506704092,0.022873898735269904,0.02312343241646886,0.026466376148164272
1297,1297,4.146198272705078,4.14463996887207,2e-05,2.3685129488916137,0.029082281980663538,0.02288342220708728,0.023135344847105443,0.02648173039779067
1298,1298,4.143104553222656,4.142633438110352,2e-05,2.375594680677683,0.02932715555652976,0.022913875989615917,0.02316035924013704,0.026512376964092255
1299,1299,4.141924858093262,4.142394065856934,2e-05,2.381872646216609,0.029148660600185394,0.022919534472748637,0.02317219669930637,0.026526695117354393
1300,1300,4.141733169555664,4.142722129821777,2e-05,2.3874085433203582,0.0293425340205431,0.0229424387216568,0.023190962616354227,0.026548971887677908
1301,1301,4.143136978149414,4.142111778259277,2e-05,2.389137866988451,0.029192704241722822,0.022954732179641724,0.023202971438877285,0.02656422322615981
1302,1302,4.1408233642578125,4.142826557159424,2e-05,2.397884742879316,0.029376105405390263,0.022979298373684287,0.02322915568947792,0.02659488469362259
1303,1303,4.140506744384766,4.145209789276123,2e-05,2.402130090508229,0.029285552445799112,0.022995765786617994,0.023245326825417578,0.026616146322339773
1304,1304,4.142897605895996,4.142258167266846,2e-05,2.3997366319665425,0.029357393737882376,0.023010300588794053,0.023260024841874838,0.02663295902311802
1305,1305,4.14280366897583,4.143238067626953,2e-05,2.40357139787487,0.029361662920564413,0.023028314230032265,0.023277261992916465,0.026654252782464027
1306,1306,4.1433539390563965,4.14594841003418,2e-05,2.40611679738607,0.029437816701829433,0.02304631774313748,0.023295119986869395,0.02667628461495042
1307,1307,4.1391143798828125,4.145899295806885,2e-05,2.4093681491930883,0.02937689470127225,0.023065177141688764,0.023311887518502772,0.0266977627761662
1308,1308,4.140758514404297,4.141456127166748,2e-05,2.4122295281431825,0.029354806523770094,0.02308117551729083,0.023328755283728242,0.026718087028712034
1309,1309,4.14285135269165,4.142582893371582,2e-05,2.250648299393458,0.02944586705416441,0.02310468873474747,0.02334816090296954,0.0267418771982193
1310,1310,4.146011829376221,4.14223575592041,2e-05,2.2702547372625053,0.02944219671189785,0.023115049698390067,0.02336351084522903,0.026761398650705814
1311,1311,4.142119407653809,4.1424760818481445,2e-05,2.28709912210665,0.02945214370265603,0.023134171380661428,0.023380686179734766,0.02678263606503606
1312,1312,4.14128303527832,4.144407749176025,2e-05,2.3023171136139258,0.029441717080771923,0.023151378030888736,0.02339927584398538,0.02680466463789344
1313,1313,4.141966342926025,4.140494346618652,2e-05,2.316003060701405,0.029472722206264734,0.02316765335854143,0.02341420773882419,0.026823731139302254
1314,1314,4.138994216918945,4.143223762512207,2e-05,2.155164812042877,0.029471999034285545,0.02318063599523157,0.023430051747709513,0.026844128035008907
1315,1315,4.141237258911133,4.1416096687316895,2e-05,2.181153523951957,0.02957046404480934,0.023202399956062436,0.02344906551297754,0.026866780128329992
1316,1316,4.141195297241211,4.141817092895508,2e-05,2.2074742940569134,0.029519089497625828,0.023215746856294572,0.02346468239556998,0.0268861991353333
1317,1317,4.141206741333008,4.143060684204102,2e-05,2.2333777407211355,0.02955686440691352,0.02324108500033617,0.023488242411985993,0.026914755813777447
1318,1318,4.139806747436523,4.139094352722168,2e-05,2.2529103376866444,0.0296314749866724,0.023259060108102858,0.023503777803853154,0.026933847460895777
1319,1319,4.1424946784973145,4.148494720458984,2e-05,2.1073300780779,0.029602536000311375,0.023272012360394,0.02352015650831163,0.026954929810017347
1320,1320,4.1397705078125,4.14145565032959,2e-05,2.1420127897142374,0.02967218728736043,0.023289409116841853,0.02353808854240924,0.026976624503731728
1321,1321,4.141725540161133,4.147042751312256,2e-05,2.1717274617305122,0.02965893317013979,0.023308597854338586,0.023555011488497257,0.02699778089299798
1322,1322,4.142229080200195,4.143889904022217,2e-05,2.1983580269372305,0.029637247323989868,0.023324123700149357,0.02357243944425136,0.02701929584145546
1323,1323,4.139105796813965,4.142237186431885,2e-05,2.222402324067806,0.0296973567456007,0.023346312693320215,0.023589987540617585,0.027041136287152767
1324,1324,4.139626502990723,4.141787528991699,2e-05,2.2440438984446014,0.02961884532123804,0.023355982964858413,0.02360619092360139,0.02706174924969673
1325,1325,4.144034385681152,4.141213893890381,2e-05,2.263574242975621,0.029568725265562534,0.023372826166450977,0.02362107450608164,0.027080789674073458
1326,1326,4.139521598815918,4.142186164855957,2e-05,2.2807304762529887,0.029676317237317562,0.023395378841087222,0.023640932864509523,0.027104143518954515
1327,1327,4.141155242919922,4.14322566986084,2e-05,2.296930759360605,0.029664804693311453,0.023403343511745334,0.023652950767427683,0.0271198358386755
1328,1328,4.142244815826416,4.14005708694458,2e-05,2.310977893854231,0.029771738220006227,0.023427151725627482,0.023673105402849615,0.027144954074174166
1329,1329,4.1426591873168945,4.141960144042969,2e-05,2.321566210386716,0.029793914407491684,0.02344432461541146,0.02368930634111166,0.027165453881025314
1330,1330,4.143789291381836,4.141016960144043,2e-05,2.335549959800752,0.029822159092873335,0.023465365171432495,0.023708549444563687,0.02718835324048996
1331,1331,4.142026424407959,4.142657279968262,2e-05,2.3432593607519117,0.02979979570955038,0.023477834067307413,0.023724467726424336,0.02720863139256835
1332,1332,4.139555931091309,4.143061637878418,2e-05,2.355946243505164,0.029772800859063864,0.02349306282121688,0.02374153700657189,0.027230418287217617
1333,1333,4.141927719116211,4.140899181365967,2e-05,2.3611242147529907,0.029760907869786024,0.023514422005973756,0.023757569142617285,0.027249834965914488
1334,1334,4.141721725463867,4.143589973449707,2e-05,2.37202811431892,0.029838611837476492,0.023535565938800573,0.023780537536367774,0.027277755085378885
1335,1335,4.139118194580078,4.140220642089844,2e-05,2.3796702159119074,0.02983870031312108,0.023546235403046012,0.02379306056536734,0.0272936150431633
1336,1336,4.140669822692871,4.142791271209717,2e-05,2.3839151467352107,0.029749190900474787,0.023559532943181694,0.02380850922781974,0.027313241735100746
1337,1337,4.141577243804932,4.142402648925781,2e-05,2.386843169030037,0.029927140101790428,0.02358091331552714,0.023825682466849685,0.02733437204733491
1338,1338,4.139205455780029,4.142922878265381,2e-05,2.38860082111913,0.029966020956635475,0.023601783788762987,0.02384648798033595,0.027359253261238337
1339,1339,4.141176223754883,4.142210960388184,2e-05,2.3929077192185075,0.02994833653792739,0.023618917912244797,0.023863217211328447,0.02738099079579115
1340,1340,4.140861988067627,4.1418843269348145,2e-05,2.3973435185721206,0.02995187509804964,0.02362792333588004,0.023876105900853872,0.027397632133215666
1341,1341,4.1395063400268555,4.145155429840088,2e-05,2.3978869911244374,0.0298971738666296,0.023651057155802846,0.0238962130388245,0.027421948965638876
1342,1342,4.141778945922852,4.142034530639648,2e-05,2.4000831612593005,0.029878693632781506,0.02367046568542719,0.02391307766083628,0.027443254366517067
1343,1343,4.144031047821045,4.1415815353393555,2e-05,2.4024569683014496,0.03005797928199172,0.023689439287409186,0.023933129268698394,0.027467072010040283
1344,1344,4.14013671875,4.1398420333862305,2e-05,2.4061835813024683,0.030028173699975014,0.023702742997556925,0.023947836365550756,0.027485818602144718
1345,1345,4.14067268371582,4.142709732055664,2e-05,2.40944532299652,0.029989096336066723,0.023721189005300403,0.02396347012836486,0.027506647631525993
1346,1346,4.140475273132324,4.140667915344238,2e-05,2.4124628515284803,0.02998707303777337,0.023736879811622202,0.023980058263987303,0.027526645455509424
1347,1347,4.140382766723633,4.141148567199707,2e-05,2.4149857650771622,0.030020298436284065,0.02375458087772131,0.023998641059733927,0.027550076134502888
1348,1348,4.14170503616333,4.140969276428223,2e-05,2.4173843590618453,0.03013907140120864,0.02377211465500295,0.02401647111400962,0.027572418097406626
1349,1349,4.14307975769043,4.142454147338867,2e-05,2.4195328509604406,0.030078365467488766,0.023785462486557662,0.024033586960285902,0.027593213133513927
1350,1350,4.139996528625488,4.141035556793213,2e-05,2.4215313785575185,0.030087099876254797,0.023802678217180073,0.0240499455248937,0.02761337673291564
1351,1351,4.139983177185059,4.141237258911133,2e-05,2.4231559666778866,0.030177603475749493,0.023823064053431153,0.024069239501841366,0.02763688564300537
1352,1352,4.141618728637695,4.141297340393066,2e-05,2.4244544764793012,0.030161704402416945,0.023838571505621076,0.024083231342956424,0.02765520103275776
1353,1353,4.142844200134277,4.142285346984863,2e-05,2.4273210814246133,0.03005613572895527,0.02386163140181452,0.02410323452204466,0.027680206578224897
1354,1354,4.1446213722229,4.140140533447266,2e-05,2.4271094308561145,0.03015135135501623,0.02387978311162442,0.0241222872864455,0.02770304912701249
1355,1355,4.1392502784729,4.141654014587402,2e-05,2.428598205072565,0.03018019301816821,0.023892191238701344,0.024135631858371198,0.02772060828283429
1356,1356,4.14141845703125,4.141283988952637,2e-05,2.4295246384126234,0.030282855965197086,0.02391055366024375,0.024154153186827898,0.027741798665374517
1357,1357,4.140727996826172,4.143624305725098,2e-05,2.4304471536611905,0.030176306143403053,0.023926762863993645,0.02417140081524849,0.027763182297348976
1358,1358,4.143190383911133,4.141149520874023,2e-05,2.4312569365972387,0.030118553899228573,0.023946038563735783,0.024188670329749584,0.027784482575953007
1359,1359,4.139248847961426,4.139681816101074,2e-05,2.4336455270782995,0.030159366317093372,0.02396214089822024,0.024204781744629145,0.02780434675514698
1360,1360,4.140780448913574,4.140790939331055,2e-05,2.4338422922773675,0.03025384107604623,0.023980857222341,0.024224106688052416,0.02782811550423503
1361,1361,4.140329360961914,4.1428070068359375,2e-05,2.435151667420394,0.030353544745594263,0.023996949894353747,0.02423903637100011,0.027846388053148985
1362,1362,4.142342567443848,4.139265060424805,2e-05,2.433396389543784,0.030311337672173977,0.024019685806706548,0.024260364822112024,0.027872977312654257
1363,1363,4.141594886779785,4.142538070678711,2e-05,2.435263498294552,0.03026250470429659,0.024027682258747518,0.024271980859339237,0.027888162061572075
1364,1364,4.140577793121338,4.141571998596191,2e-05,2.4343015011445024,0.030307716224342585,0.024047802900895476,0.024289833498187363,0.027910071425139904
1365,1365,4.142453670501709,4.142298698425293,2e-05,2.43223267753627,0.030467186588793993,0.02406747394707054,0.0243111610179767,0.02793547371402383
1366,1366,4.139505386352539,4.141872406005859,2e-05,2.4313207398410346,0.030468419194221497,0.02408935409039259,0.024331770604476333,0.027960066683590412
1367,1367,4.140435695648193,4.1411542892456055,2e-05,2.4290627914662766,0.030372148845344782,0.024100944283418357,0.02434294787235558,0.02797489846125245
1368,1368,4.140549182891846,4.141803741455078,2e-05,2.4297978734523737,0.03035037312656641,0.024117255466990173,0.024361134972423315,0.02799789560958743
1369,1369,4.142780303955078,4.140949249267578,2e-05,2.4272949024828834,0.030344506725668907,0.024132555699907243,0.024377144291065633,0.02801733836531639
1370,1370,4.142569541931152,4.139966011047363,2e-05,2.4262917578127277,0.030377196613699198,0.024147628573700786,0.024392980383709073,0.028037622570991516
1371,1371,4.140002727508545,4.1407928466796875,2e-05,2.4267939308951236,0.030477878637611866,0.024166671792045236,0.024407814838923514,0.028056816197931767
1372,1372,4.141071796417236,4.141721248626709,2e-05,2.424787351282681,0.03045490477234125,0.024183831410482526,0.02442677679937333,0.028079730458557606
1373,1373,4.139512538909912,4.141793251037598,2e-05,2.4251654452099176,0.030525374691933393,0.0242030966328457,0.02444549452047795,0.028102729469537735
1374,1374,4.1416168212890625,4.141765594482422,2e-05,2.4230278381761403,0.030592226423323154,0.024224804481491446,0.024465043912641704,0.02812666120007634
1375,1375,4.139898300170898,4.141139030456543,2e-05,2.426083746194519,0.030458351131528616,0.024235863238573074,0.024478001636452973,0.02814359311014414
1376,1376,4.13897705078125,4.143121719360352,2e-05,2.4257647978605674,0.03042671037837863,0.02425666677299887,0.02449714276008308,0.028167027048766613
1377,1377,4.139490604400635,4.139684200286865,2e-05,2.4297327369380057,0.030575305223464966,0.02427182684186846,0.02451567491516471,0.02818968566134572
1378,1378,4.138375282287598,4.139388084411621,2e-05,2.4281893559335987,0.030424797907471657,0.024286611005663872,0.024529186892323196,0.02820740593597293
1379,1379,4.138345241546631,4.139692306518555,2e-05,2.4265730235507705,0.030566101893782616,0.02430591091979295,0.02455066458787769,0.02823314629495144
1380,1380,4.141142845153809,4.140427589416504,2e-05,2.4304863095395235,0.030619027093052864,0.02432430407498032,0.024568591150455177,0.02825435157865286
1381,1381,4.141078948974609,4.140594482421875,2e-05,2.4325926701595773,0.030544648878276348,0.02434118848759681,0.02458332374226302,0.02827393263578415
1382,1382,4.142187118530273,4.145207405090332,2e-05,2.432644712226126,0.03057072777301073,0.024356094771064818,0.02459972258657217,0.028294531162828207
1383,1383,4.140208721160889,4.142387866973877,2e-05,2.434226874520224,0.030580428428947926,0.02437507943250239,0.024616074049845338,0.02831466030329466
1384,1384,4.139719486236572,4.142981052398682,2e-05,2.4335882538351794,0.030677036847919226,0.024398498004302382,0.02463512436952442,0.02833837829530239
1385,1385,4.143026351928711,4.139503479003906,2e-05,2.435146622957858,0.030625494197010994,0.024409422650933266,0.02465226163621992,0.028359383810311556
1386,1386,4.141219139099121,4.144335746765137,2e-05,2.434422794174689,0.030671641696244478,0.024430005811154842,0.024666912155225873,0.028378290124237537
1387,1387,4.139881134033203,4.146337032318115,2e-05,2.4317764047568518,0.030740096233785152,0.02444774005562067,0.024688094505108893,0.028403370641171932
1388,1388,4.139998435974121,4.141002655029297,2e-05,2.435291550359333,0.030717576388269663,0.02445858728606254,0.024703955627046525,0.028423601761460304
1389,1389,4.141972541809082,4.142876148223877,2e-05,2.432771471887422,0.030789214186370373,0.024480326799675822,0.02472167310770601,0.02844567410647869
1390,1390,4.140797138214111,4.142027854919434,2e-05,2.4355929726140717,0.030722437892109156,0.02450011868495494,0.024739079410210252,0.028467121999710798
1391,1391,4.140498161315918,4.141547203063965,2e-05,2.4328079346873475,0.030745464842766523,0.024517935351468623,0.024755599908530712,0.028487097937613726
1392,1392,4.142276287078857,4.139987468719482,2e-05,2.4315489875664906,0.030706127174198627,0.024533716146834195,0.02477363671641797,0.028509151190519333
1393,1393,4.140453338623047,4.142216682434082,2e-05,2.4306312989986343,0.030839532613754272,0.024550923029892147,0.02479049633257091,0.02853037277236581
1394,1394,4.141312599182129,4.14065408706665,2e-05,2.433004632428066,0.030836165882647038,0.024566599866375327,0.024807958747260273,0.028551653493195772
1395,1395,4.139404296875,4.140222549438477,2e-05,2.428158443321256,0.03084784373641014,0.02458544517867267,0.024824442458339036,0.028571929316967726
1396,1396,4.1377668380737305,4.140655040740967,2e-05,2.4263700138888766,0.0307582332752645,0.024603139027021825,0.02484425820875913,0.028595864307135344
1397,1397,4.141059875488281,4.140665054321289,2e-05,2.427265391552097,0.030959734227508307,0.024625980644486845,0.024864058708772063,0.02861938951537013
1398,1398,4.140425205230713,4.1413726806640625,2e-05,2.4285094540016585,0.030865720007568598,0.024633573833853006,0.024875890696421266,0.02863537147641182
1399,1399,4.140172004699707,4.137408256530762,2e-05,2.4306049720321172,0.03090474335476756,0.02465932082850486,0.024897077004425228,0.02866089902818203
1400,1400,4.138967514038086,4.141214370727539,2e-05,2.261374642795624,0.030915997456759214,0.02467435842845589,0.024914676207117736,0.028682665899395943
1401,1401,4.1375732421875,4.142536163330078,2e-05,2.28044737740696,0.030987512320280075,0.02469566452782601,0.024933055858127773,0.028704843018203974
1402,1402,4.1406450271606445,4.140011787414551,2e-05,2.296194010522692,0.030973292887210846,0.024709150660783052,0.02494854514952749,0.028724612668156624
1403,1403,4.1391191482543945,4.140341281890869,2e-05,2.3103369867817936,0.030986866913735867,0.02472677663899958,0.02496517903637141,0.028744802344590425
1404,1404,4.139703750610352,4.142031669616699,2e-05,2.3247864379986183,0.030917123425751925,0.02473716519307345,0.024980728165246546,0.02876395545899868
1405,1405,4.13877010345459,4.139432907104492,2e-05,2.335093552616782,0.031099036801606417,0.024761029751971364,0.02499982505105436,0.028787089977413416
1406,1406,4.137303829193115,4.145462512969971,2e-05,2.342263660400496,0.030906371772289276,0.024771332391537726,0.025012103375047445,0.0288038388825953
1407,1407,4.140064716339111,4.139243125915527,2e-05,2.3510363895910134,0.030925138853490353,0.02479141717776656,0.025032004923559725,0.028827183414250612
1408,1408,4.141304016113281,4.139548301696777,2e-05,2.356437784193457,0.031128549948334694,0.02481166773941368,0.025051801931113005,0.028850830625742674
1409,1409,4.138730049133301,4.137928009033203,2e-05,2.3645120533533004,0.031107919290661812,0.024830848211422563,0.025072495685890317,0.028875763062387705
1410,1410,4.1415910720825195,4.138093948364258,2e-05,2.3719870441312985,0.03108316659927368,0.024842979502864182,0.025083504850044847,0.028890406247228384
1411,1411,4.141119480133057,4.140408515930176,2e-05,2.379733081253708,0.031189121305942535,0.02486822777427733,0.02510681515559554,0.028918011114001274
1412,1412,4.140571117401123,4.13689661026001,2e-05,2.3843933773063255,0.031142187770456076,0.024889431078918278,0.02512361784465611,0.02893888670951128
1413,1413,4.140327453613281,4.139967441558838,2e-05,2.2240503102121214,0.031140584032982588,0.024900026386603713,0.02513882319908589,0.028957581613212824
1414,1414,4.136613845825195,4.141585350036621,2e-05,2.241247339774276,0.03115120530128479,0.02492380072362721,0.02515975886490196,0.02898320136591792
1415,1415,4.14040994644165,4.139749526977539,2e-05,2.261442181603525,0.031159681268036366,0.0249342389870435,0.02517356665339321,0.029000557959079742
1416,1416,4.140593528747559,4.145452499389648,2e-05,2.277451001529519,0.03110706340521574,0.02495032816659659,0.025187251740135252,0.0290185259655118
1417,1417,4.139861106872559,4.138897895812988,2e-05,2.2933029767773028,0.03117003431543708,0.02496624190825969,0.025204134406521916,0.02903910167515278
1418,1418,4.13827657699585,4.139101028442383,2e-05,2.308189511844611,0.03114464832469821,0.024984165909700096,0.025223541189916432,0.02906295843422413
1419,1419,4.137556552886963,4.139824867248535,2e-05,2.3211841077052027,0.03119997028261423,0.025005251518450677,0.025242313742637634,0.02908667689189315
1420,1420,4.1405029296875,4.139854431152344,2e-05,2.3330158016884295,0.031227448023855686,0.025022172485478222,0.02525929140392691,0.029107372276484966
1421,1421,4.141329288482666,4.139369010925293,2e-05,2.3398479825626777,0.031221282202750444,0.025036980863660574,0.0252728215418756,0.029124312568455935
1422,1422,4.139726161956787,4.13787841796875,2e-05,2.3475425849167517,0.03121958766132593,0.02505179715808481,0.025289590936154127,0.029147012159228325
1423,1423,4.143160820007324,4.139781951904297,2e-05,2.355516581929292,0.031319133937358856,0.02506671182345599,0.0253074555657804,0.029167921282351017
1424,1424,4.137907028198242,4.13812780380249,2e-05,2.3651130161436114,0.03130878508090973,0.02508813003078103,0.02532632346265018,0.029191206209361553
1425,1425,4.14217472076416,4.144721984863281,2e-05,2.3711356765973286,0.03133754199370742,0.025105220614932477,0.02534234500490129,0.029212489258497953
1426,1426,4.139090538024902,4.13945198059082,2e-05,2.375355016983534,0.0313849039375782,0.025123832165263593,0.025360700557939708,0.029234707355499268
1427,1427,4.142106533050537,4.139499664306641,2e-05,2.3805291727368862,0.031350435223430395,0.025136259966529906,0.025376162957400084,0.02925457525998354
1428,1428,4.138284206390381,4.141687393188477,2e-05,2.382735855419045,0.03132216352969408,0.025154368253424764,0.025391547358594835,0.02927426155656576
1429,1429,4.1388163566589355,4.138578414916992,2e-05,2.388574735723172,0.03142122458666563,0.025171936838887632,0.02540681348182261,0.02929381700232625
1430,1430,4.139925956726074,4.137874126434326,2e-05,2.39358712072125,0.031345128547400236,0.025183982332237065,0.025422388222068548,0.02931375289335847
1431,1431,4.137818813323975,4.140532493591309,2e-05,2.3956432468881865,0.03133075451478362,0.025200233794748783,0.02544103644322604,0.029336492996662855
1432,1432,4.137197494506836,4.139341354370117,2e-05,2.4024542457731766,0.03143350873142481,0.025225062388926744,0.02546333649661392,0.029363032430410385
1433,1433,4.139742374420166,4.141958236694336,2e-05,2.407446633070501,0.031584011390805244,0.025242670089937747,0.0254782538395375,0.02938282722607255
1434,1434,4.137139320373535,4.14239501953125,2e-05,2.40523133218402,0.03145864699035883,0.025257181376218796,0.025495450478047132,0.02940390259027481
1435,1435,4.139524459838867,4.14162540435791,2e-05,2.405480794563961,0.0315341716632247,0.025276117492467165,0.025511659565381706,0.029426252003759146
1436,1436,4.136889457702637,4.1403093338012695,2e-05,2.4089255255214512,0.03151283320039511,0.0252905081724748,0.025528806494548917,0.029446291737258434
1437,1437,4.143682479858398,4.139108657836914,2e-05,2.4119130727936047,0.03156552091240883,0.02530980738811195,0.025543562835082412,0.029465694911777973
1438,1438,4.141467094421387,4.139736175537109,2e-05,2.4154652123004343,0.03158537298440933,0.025327682960778475,0.025562341324985027,0.029489201493561268
1439,1439,4.136968612670898,4.141472816467285,2e-05,2.4168144573954615,0.031545658595860004,0.025343837216496468,0.025577917229384184,0.029508468694984913
1440,1440,4.14046573638916,4.138236045837402,2e-05,2.4189380289202167,0.0316348671913147,0.025367039954289794,0.025601317174732685,0.029536787420511246
1441,1441,4.138463973999023,4.141232013702393,2e-05,2.4174430646306666,0.03153085242956877,0.025379400118254125,0.025614882819354534,0.029555010609328747
1442,1442,4.138148307800293,4.145504951477051,2e-05,2.4177037953416676,0.031450239941477776,0.025392594281584024,0.025627849157899618,0.029572641011327505
1443,1443,4.139091491699219,4.1431121826171875,2e-05,2.4146000180595943,0.031623153015971184,0.025414419127628207,0.02564727538265288,0.02959585702046752
1444,1444,4.140036582946777,4.1397552490234375,2e-05,2.413854395561956,0.03168354835361242,0.025428295601159334,0.02566706424113363,0.029620039742439985
1445,1445,4.137388229370117,4.1405439376831055,2e-05,2.4170011416584662,0.031650668010115623,0.02544709644280374,0.025681881001219153,0.02963990392163396
1446,1446,4.139353275299072,4.14113187789917,2e-05,2.418517230071035,0.03170901909470558,0.025469110463745892,0.025700999423861504,0.029663205612450838
1447,1447,4.139618873596191,4.139815330505371,2e-05,2.4204432330400514,0.031692749820649624,0.02548059227410704,0.025714061222970486,0.02968214964494109
1448,1448,4.137944221496582,4.139737606048584,2e-05,2.4224224774846905,0.03171329200267792,0.025495968875475228,0.025731380213983357,0.029702574014663696
1449,1449,4.137814521789551,4.139368057250977,2e-05,2.4251456356106935,0.03167561627924442,0.02551450510509312,0.02574676857329905,0.029723110608756542
1450,1450,4.139769077301025,4.138635635375977,2e-05,2.425273124237562,0.03177909553050995,0.02553038310725242,0.025765266036614776,0.02974644396454096
1451,1451,4.13978385925293,4.139995574951172,2e-05,2.4265320656611205,0.03172086365520954,0.0255513220326975,0.02578412799630314,0.029769320972263813
1452,1452,4.139553070068359,4.1415019035339355,2e-05,2.4278153011946473,0.03182636387646198,0.025562661583535373,0.025797898299060762,0.02978864684700966
1453,1453,4.13626766204834,4.140688896179199,2e-05,2.426661218164413,0.03175504691898823,0.02558451273944229,0.025816069450229406,0.029811293352395296
1454,1454,4.138609886169434,4.139822006225586,2e-05,2.430523816189465,0.0317870257422328,0.025599241955205798,0.025833964929915965,0.02983407350257039
1455,1455,4.138707160949707,4.139087677001953,2e-05,2.432297423780953,0.031886979937553406,0.025617828010581434,0.025851988466456532,0.02985684433951974
1456,1456,4.138920783996582,4.140524864196777,2e-05,2.4317367711763533,0.03177481610327959,0.02563204278703779,0.025865142699331045,0.029875418171286583
1457,1457,4.138238906860352,4.141280174255371,2e-05,2.4337888244877854,0.03181385062634945,0.02565117075573653,0.025884712813422084,0.029899127781391144
1458,1458,4.139586448669434,4.138396263122559,2e-05,2.432927023724419,0.031922295689582825,0.025668089161626995,0.025903111672960222,0.02992231957614422
1459,1459,4.139521598815918,4.142040252685547,2e-05,2.43472033872809,0.03188876900821924,0.02568500640336424,0.025920767919160426,0.02994442731142044
1460,1460,4.138416767120361,4.135943412780762,2e-05,2.433650662224506,0.03180610481649637,0.025698072277009487,0.025930838310159743,0.029959427192807198
1461,1461,4.138828277587891,4.14079475402832,2e-05,2.269277351562742,0.03185710683465004,0.025711228139698505,0.025947873946279287,0.02998210908845067
1462,1462,4.135881423950195,4.137826919555664,2e-05,2.28611028842995,0.03180850576609373,0.025732917827554047,0.025967724854126573,0.03000612184405327
1463,1463,4.138036251068115,4.141703128814697,2e-05,2.3027163611408104,0.03188304230570793,0.025744981016032398,0.025979328667744994,0.030022920109331608
1464,1464,4.13964319229126,4.138700485229492,2e-05,2.3151459297603183,0.03191094845533371,0.025764354737475514,0.02599863219074905,0.030047192238271236
1465,1465,4.137650012969971,4.1407575607299805,2e-05,2.3247438113536854,0.03195134922862053,0.025783109827898443,0.026017209398560226,0.030069848988205194
1466,1466,4.1392974853515625,4.139936447143555,2e-05,2.331970386854646,0.032050044275820255,0.02580766601022333,0.026038294774480164,0.03009592881426215
1467,1467,4.13899040222168,4.140327453613281,2e-05,2.342089754342084,0.0319915022701025,0.025821413029916584,0.02605461433995515,0.030116950627416372
1468,1468,4.139336109161377,4.140660285949707,2e-05,2.353294769853183,0.03205542825162411,0.025836737477220595,0.026067994884215295,0.030134405475109816
1469,1469,4.136759281158447,4.138606071472168,2e-05,2.3608509004406844,0.03213746100664139,0.025857034255750477,0.026087424368597567,0.03015880472958088
1470,1470,4.13596248626709,4.139779090881348,2e-05,2.3686544452562552,0.03223280981183052,0.025871819932945073,0.026104358141310513,0.030180694069713354
1471,1471,4.137768745422363,4.138311386108398,2e-05,2.375491707158823,0.032060363329946995,0.025888323201797903,0.026118115172721446,0.030198433436453342
1472,1472,4.135921955108643,4.142883777618408,2e-05,2.3817322016057965,0.032135747373104095,0.025903202360495925,0.02613705990370363,0.03022258309647441
1473,1473,4.137935638427734,4.1403350830078125,2e-05,2.3876731575048273,0.03212932962924242,0.02591869211755693,0.026152412057854235,0.0302429492585361
1474,1474,4.136995315551758,4.138704299926758,2e-05,2.392756926926339,0.03211673442274332,0.025940031511709094,0.026172220474109054,0.030265981797128916
1475,1475,4.139650344848633,4.142160892486572,2e-05,2.3972265597397886,0.032361690886318684,0.025962027604691684,0.026190824806690216,0.030288901645690203
1476,1476,4.137063026428223,4.143669605255127,2e-05,2.402247350552,0.03208755701780319,0.025966425659134984,0.02620021696202457,0.03030427871271968
1477,1477,4.1384968757629395,4.142141819000244,2e-05,2.40593685904723,0.03222791105508804,0.02598931931424886,0.026221318752504885,0.03032964328303933
1478,1478,4.1352949142456055,4.1387410163879395,2e-05,2.4099371535605716,0.032228484749794006,0.026008310611359775,0.026239149388857186,0.03035227069631219
1479,1479,4.141164779663086,4.140131950378418,2e-05,2.411722430159787,0.03223320096731186,0.02602499327622354,0.026255030650645494,0.03037199378013611
1480,1480,4.138132095336914,4.13901424407959,2e-05,2.4153228613391007,0.03220468293875456,0.02603419660590589,0.026267664041370153,0.030388967599719763
1481,1481,4.138578414916992,4.141080856323242,2e-05,2.416387015126911,0.032268060371279716,0.026053990586660802,0.026285538799129426,0.030412593856453896
1482,1482,4.138019561767578,4.137375354766846,2e-05,2.4198481227248014,0.03227682504802942,0.02607400866691023,0.02630477340426296,0.030435354448854923
1483,1483,4.138995170593262,4.136502742767334,2e-05,2.4205678962025052,0.032343785278499126,0.02608962496742606,0.02632364584133029,0.030459036119282246
1484,1484,4.137981414794922,4.136991500854492,2e-05,2.4201670415458216,0.03229584079235792,0.026100659277290106,0.026334775146096945,0.030475547537207603
1485,1485,4.139616966247559,4.136486053466797,2e-05,2.42046503761236,0.03234767261892557,0.026122711366042495,0.02635457436554134,0.030499055981636047
1486,1486,4.137212753295898,4.13790225982666,2e-05,2.4199672552896745,0.032371118664741516,0.026136948610655963,0.026368802064098418,0.030517805833369493
1487,1487,4.1370697021484375,4.136020660400391,2e-05,2.4209306545891547,0.03221977688372135,0.02614908735267818,0.026381000061519444,0.03053599176928401
1488,1488,4.136447429656982,4.142246723175049,2e-05,2.422307007381145,0.032405794598162174,0.026174250873737037,0.026405975222587585,0.030564323998987675
1489,1489,4.138371467590332,4.138156890869141,2e-05,2.4249521922207546,0.03229338303208351,0.026184474700130522,0.026416661334224045,0.03058107616379857
1490,1490,4.136432647705078,4.14197301864624,2e-05,2.4256341355133118,0.03240044042468071,0.02620799222495407,0.02644062228500843,0.030609449837356806
1491,1491,4.137486457824707,4.140183448791504,2e-05,2.426754680717115,0.03237737063318491,0.026220677071250975,0.026452922262251377,0.030626456253230572
1492,1492,4.136734485626221,4.141609191894531,2e-05,2.4281848378767403,0.032447388395667076,0.026234470307826996,0.026469001197256148,0.030646619852632284
1493,1493,4.13763427734375,4.137287616729736,2e-05,2.430426516146052,0.03247928246855736,0.026255063712596893,0.02648756036069244,0.030670349951833487
1494,1494,4.139549255371094,4.1363725662231445,2e-05,2.4304185523533133,0.03244508523494005,0.02627329877577722,0.026504474226385355,0.03069222765043378
1495,1495,4.139185905456543,4.138687610626221,2e-05,2.432768219794109,0.03255494963377714,0.026291249901987612,0.026521927793510258,0.030714450869709253
1496,1496,4.137934684753418,4.136979103088379,2e-05,2.431784193653658,0.03249611798673868,0.026300379424355924,0.026533312164247036,0.030730843544006348
1497,1497,4.138188362121582,4.136959075927734,2e-05,2.4337935422081634,0.03253356646746397,0.026318602031096816,0.026553521514870226,0.030755700543522835
1498,1498,4.1397199630737305,4.137922763824463,2e-05,2.4331678090660627,0.03254668600857258,0.026344429585151374,0.026570779737085104,0.030778163578361273
1499,1499,4.137683868408203,4.139867782592773,2e-05,2.430633606520742,0.03260322567075491,0.026353359571658075,0.026586167979985476,0.03079844079911709
1500,1500,4.1364898681640625,4.139664649963379,2e-05,2.427266255763464,0.03259678743779659,0.026373912929557264,0.02660361025482416,0.030820146668702364
1501,1501,4.1356658935546875,4.139081954956055,2e-05,2.428082222167412,0.032680826261639595,0.026389122009277344,0.026619064155966043,0.03084130259230733
1502,1502,4.13620662689209,4.138138294219971,2e-05,2.429137031496296,0.03262457437813282,0.026405624230392277,0.026635878602974117,0.030862760730087757
1503,1503,4.138344764709473,4.137823104858398,2e-05,2.42649618217646,0.03269744198769331,0.026423499337397516,0.02665436384268105,0.03088595485314727
1504,1504,4.138713836669922,4.139072418212891,2e-05,2.4258969912617676,0.032607583329081535,0.026435646461322904,0.026669143117032945,0.030905450228601694
1505,1505,4.134556770324707,4.139298915863037,2e-05,2.425551238620551,0.03263659868389368,0.026454987353645265,0.026687665726058185,0.03092845529317856
1506,1506,4.135337829589844,4.137196063995361,2e-05,2.4242337861957473,0.03269721008837223,0.026469469303265214,0.026701253838837147,0.03094707801938057
1507,1507,4.136359214782715,4.137188911437988,2e-05,2.424762062232023,0.032650542445480824,0.026485691429115832,0.02671885839663446,0.030968999955803156
1508,1508,4.135573387145996,4.136573791503906,2e-05,2.422712893499396,0.032660617493093014,0.02650720940437168,0.026736355386674404,0.030991398263722658
1509,1509,4.137994766235352,4.137453079223633,2e-05,2.421647546751833,0.03264892194420099,0.02651831996627152,0.02674961613956839,0.031009485945105553
1510,1510,4.1388163566589355,4.137443542480469,2e-05,2.4260847911311063,0.032786318100988865,0.026545766973868012,0.02677458932157606,0.031039373483508825
1511,1511,4.135573863983154,4.141602516174316,2e-05,2.424830951225564,0.03284901846200228,0.026560567901469767,0.02678962517529726,0.031058902852237225
1512,1512,4.1354780197143555,4.138043403625488,2e-05,2.4294009563752472,0.03267135005444288,0.026572675327770412,0.026802494772709906,0.03107679821550846
1513,1513,4.1352643966674805,4.138669013977051,2e-05,2.4271037557037554,0.03286662418395281,0.026591401547193527,0.02681763214059174,0.031097038183361292
1514,1514,4.135427474975586,4.137121677398682,2e-05,2.4271909807688434,0.03276725299656391,0.026606502360664308,0.0268382232170552,0.03112241020426154
1515,1515,4.136757850646973,4.140132427215576,2e-05,2.4295010255659557,0.0326662240549922,0.026617137365974486,0.02684826240874827,0.03113750834017992
1516,1516,4.139909267425537,4.140167236328125,2e-05,2.426636701311997,0.03278752602636814,0.026639631716534495,0.026869266759604216,0.031163121573626995
1517,1517,4.137553691864014,4.139480113983154,2e-05,2.427413532409701,0.03289387375116348,0.026661430951207876,0.026888761087320745,0.03118697414174676
1518,1518,4.136038780212402,4.137213706970215,2e-05,2.4289095536125136,0.032952780835330486,0.026677423855289817,0.026906537706963718,0.031209835316985846
1519,1519,4.138091087341309,4.1375837326049805,2e-05,2.429192366570033,0.03285416681319475,0.02667879778891802,0.02691420027986169,0.03122250596061349
1520,1520,4.1360063552856445,4.1373701095581055,2e-05,2.4303428482061333,0.03293258510529995,0.02670515759382397,0.026935926522128284,0.03124917484819889
1521,1521,4.135674953460693,4.136418342590332,2e-05,2.4275118506860998,0.032954527996480465,0.026729130186140537,0.026957048452459276,0.03127515874803066
1522,1522,4.13825798034668,4.135985851287842,2e-05,2.4196005595510814,0.03287857584655285,0.02674086787737906,0.026968241552822292,0.03129091486334801
1523,1523,4.137604713439941,4.137279033660889,2e-05,2.4236644339948765,0.03308644983917475,0.026762546156533062,0.026988392462953925,0.03131633251905441
1524,1524,4.13662052154541,4.138498306274414,2e-05,2.4217781262963904,0.03301252983510494,0.026777233462780714,0.02700485079549253,0.03133812826126814
1525,1525,4.137327194213867,4.13838005065918,2e-05,2.4209566246642416,0.03302040230482817,0.026793533354066312,0.027022322174161673,0.0313597759231925
1526,1526,4.134222507476807,4.135436534881592,2e-05,2.421580763688481,0.032976383343338966,0.02680718619376421,0.02703527722042054,0.03137771878391504
1527,1527,4.138256072998047,4.139266014099121,2e-05,2.2586964118811603,0.03307182062417269,0.02682117815129459,0.027050426579080522,0.031398965045809746
1528,1528,4.13802433013916,4.142710208892822,2e-05,2.2774344875227857,0.03306656237691641,0.02684247645083815,0.027067503542639315,0.03142042085528374
1529,1529,4.137008190155029,4.138370513916016,2e-05,2.2936548077089123,0.03299868665635586,0.026853027753531933,0.027083804365247488,0.03144116513431072
1530,1530,4.135754585266113,4.138821125030518,2e-05,2.3045704651816283,0.03306751325726509,0.02687156235333532,0.027100570499897003,0.03146328032016754
1531,1531,4.135246276855469,4.141481876373291,2e-05,2.316141989334702,0.032975589856505394,0.026887136860750616,0.02711613057181239,0.031484576873481274
1532,1532,4.13346004486084,4.137122631072998,2e-05,2.327262809540318,0.03311386611312628,0.026904098223894835,0.02713351894635707,0.031506688334047794
1533,1533,4.134032249450684,4.141083717346191,2e-05,2.3352292918707134,0.033136299811303616,0.0269242754438892,0.027153873816132545,0.0315312622115016
1534,1534,4.137237548828125,4.135241508483887,2e-05,2.3445073470219926,0.033236618153750896,0.026946049416437745,0.02717266243416816,0.03155510500073433
1535,1535,4.135794639587402,4.136322975158691,2e-05,2.189420616607273,0.03317620884627104,0.02695501083508134,0.027185833314433694,0.03157326765358448
1536,1536,4.137979984283447,4.136950492858887,2e-05,2.210787864470792,0.03317341674119234,0.02697324869222939,0.0272034730296582,0.03159550577402115
1537,1537,4.137765884399414,4.137134552001953,2e-05,2.2304234573320336,0.033147551119327545,0.026993192615918815,0.027219860930927098,0.031616901978850365
1538,1538,4.1349945068359375,4.139330863952637,2e-05,2.250915192746153,0.033347039483487606,0.027005163952708244,0.02723248698748648,0.03163492027670145
1539,1539,4.134651184082031,4.135910987854004,2e-05,2.2698780063103565,0.03314353432506323,0.027026431169360876,0.027252329629845917,0.031659300439059734
1540,1540,4.137897491455078,4.138555526733398,2e-05,2.2820301870281696,0.03333163447678089,0.02704567462205887,0.027272498817183077,0.03168374765664339
1541,1541,4.1360626220703125,4.135239601135254,2e-05,2.296106486512773,0.03318468853831291,0.027051552664488554,0.027284153271466494,0.03170137945562601
1542,1542,4.136483192443848,4.137426376342773,2e-05,2.136377870087426,0.03314930107444525,0.02707763179205358,0.027303267503157258,0.0317248459905386
1543,1543,4.135608673095703,4.136436462402344,2e-05,2.16337965422487,0.03336766827851534,0.027090207557193935,0.02731576655060053,0.031742664985358715
1544,1544,4.136309623718262,4.136904716491699,2e-05,2.1911148263487656,0.03332795016467571,0.027112194802612066,0.02733572735451162,0.031766570173203945
1545,1545,4.138251781463623,4.136877536773682,2e-05,2.216478911588023,0.03325322922319174,0.027123251580633223,0.02735193760599941,0.03178900294005871
1546,1546,4.1353912353515625,4.13629150390625,2e-05,2.2381729152577834,0.03331459127366543,0.027141154278069735,0.027369349729269743,0.03180997725576162
1547,1547,4.1356000900268555,4.136338233947754,2e-05,2.258063443662599,0.033407934941351414,0.02716377761680633,0.027389593655243516,0.03183587081730366
1548,1548,4.135592460632324,4.1365227699279785,2e-05,2.276202080375448,0.03344622254371643,0.027172850677743554,0.027401677332818508,0.03185231797397137
1549,1549,4.135624885559082,4.137484550476074,2e-05,2.29367133750212,0.03335542790591717,0.027189006679691374,0.027418870944529772,0.031875028274953365
1550,1550,4.134651184082031,4.136676788330078,2e-05,2.3073321112287286,0.0333945183083415,0.02721388451755047,0.027438269229605794,0.031898897141218185
1551,1551,4.137000560760498,4.136751651763916,2e-05,2.3213543808622035,0.033432564698159695,0.027224293677136302,0.027452131500467658,0.031917860731482506
1552,1552,4.1349663734436035,4.139470100402832,2e-05,2.3316213001452084,0.0334456255659461,0.027244201861321926,0.027469481574371457,0.03194004949182272
1553,1553,4.136183261871338,4.137729644775391,2e-05,2.343992484643077,0.033355397172272205,0.02726086904294789,0.027488911524415016,0.03196409530937672
1554,1554,4.135739803314209,4.138566493988037,2e-05,2.351998966243305,0.03342816233634949,0.027279110858216882,0.027504056692123413,0.031984275206923485
1555,1555,4.133629322052002,4.136604309082031,2e-05,2.3620248000480424,0.033486269414424896,0.027293745893985033,0.02751849719788879,0.03200407046824694
1556,1556,4.134834289550781,4.136186599731445,2e-05,2.368373164844061,0.03346071019768715,0.0273092242423445,0.027535833069123328,0.032026467844843864
1557,1557,4.13430118560791,4.1345367431640625,2e-05,2.3731448656972733,0.033580318093299866,0.02732966747134924,0.027555434964597225,0.03205063473433256
1558,1558,4.141468048095703,4.13961124420166,2e-05,2.2154062619400245,0.03353598061949015,0.027344102039933205,0.027570703998208046,0.032070932909846306
1559,1559,4.134791374206543,4.137497425079346,2e-05,2.2342578402772793,0.03372412174940109,0.027363998349756002,0.0275885418523103,0.03209339268505573
1560,1560,4.1330060958862305,4.13569450378418,2e-05,2.251133079417325,0.03350984305143356,0.027380118845030665,0.02760317432694137,0.03211386874318123
1561,1561,4.135842323303223,4.137555122375488,2e-05,2.266720848155914,0.03365257382392883,0.027396041667088866,0.027620769455097616,0.032136849127709866
1562,1562,4.135898113250732,4.135251998901367,2e-05,2.283707161734761,0.03356052841991186,0.02740886330138892,0.02763587422668934,0.0321558928117156
1563,1563,4.138479232788086,4.138188362121582,2e-05,2.2992148384502,0.033583058044314384,0.02742764598224312,0.027652678661979735,0.03217780124396086
1564,1564,4.137211322784424,4.1387505531311035,2e-05,2.3131632131755753,0.03366733994334936,0.02744456904474646,0.02767120278440416,0.03220102842897177
1565,1565,4.137299537658691,4.135960578918457,2e-05,2.325863623973265,0.03369605354964733,0.02746050979476422,0.027686444926075637,0.03222082369029522
1566,1566,4.135079860687256,4.139226913452148,2e-05,2.3370089473553532,0.03369980677962303,0.027482430334202945,0.027707095257937908,0.03224667347967625
1567,1567,4.136643409729004,4.138477802276611,2e-05,2.3470601985617323,0.03371220733970404,0.027494250796735287,0.0277205080492422,0.03226515557616949
1568,1568,4.138919830322266,4.135019302368164,2e-05,2.3561523725749622,0.033713240176439285,0.02751340193208307,0.02773640595842153,0.03228619787842035
1569,1569,4.1336894035339355,4.1361541748046875,2e-05,2.364550449759623,0.03366946056485176,0.027528703561984003,0.027753181871958077,0.03230809420347214
1570,1570,4.1333513259887695,4.135936737060547,2e-05,2.3719413704395382,0.03373113367706537,0.027543545817025006,0.027769650449045002,0.03232961427420378
1571,1571,4.133245468139648,4.133533000946045,2e-05,2.379346364787228,0.0337809631600976,0.02756214013788849,0.027787172701209784,0.03235191851854324
1572,1572,4.135952949523926,4.1384406089782715,2e-05,2.217317779689841,0.03371975477784872,0.027580179274082184,0.027804262354038656,0.032374356873333454
1573,1573,4.141349792480469,4.1387481689453125,2e-05,2.2376633349133668,0.03378509730100632,0.02759544167201966,0.027820428484119475,0.03239540196955204
1574,1574,4.134784698486328,4.138102054595947,2e-05,2.2605199453966396,0.0338007565587759,0.027613410376943648,0.027836783207021654,0.03241701424121857
1575,1575,4.138001441955566,4.137360572814941,2e-05,2.278146797110965,0.03389319684356451,0.027628059033304453,0.027852640370838344,0.032437785528600216
1576,1576,4.136874198913574,4.136615753173828,2e-05,2.2945660679872226,0.03385424055159092,0.027649352559819818,0.02787127869669348,0.032461684197187424
1577,1577,4.134162902832031,4.138130187988281,2e-05,2.309059565942247,0.03388277720659971,0.02766575792338699,0.02788862376473844,0.032483527436852455
1578,1578,4.13340950012207,4.136630058288574,2e-05,2.3219449802044503,0.034079328179359436,0.027683166903443635,0.027904510963708162,0.03250505868345499
1579,1579,4.135227203369141,4.138613700866699,2e-05,2.330084654206909,0.03382506500929594,0.027693464304320514,0.027916368329897523,0.03252281993627548
1580,1580,4.133614540100098,4.133607864379883,2e-05,2.3389921763058954,0.03393772803246975,0.027709363726899028,0.027933288482017815,0.03254451882094145
1581,1581,4.134885311126709,4.1391191482543945,2e-05,2.3470895921380257,0.03391252923756838,0.027725726482458413,0.027952037169598043,0.032568600960075855
1582,1582,4.133269786834717,4.137350559234619,2e-05,2.357943363814429,0.034009795635938644,0.02774202113505453,0.027968049398623407,0.032589199021458626
1583,1583,4.134765625,4.1358866691589355,2e-05,2.3645530711381353,0.0339551018550992,0.027760148979723454,0.02798475173767656,0.03261093609035015
1584,1584,4.135960102081299,4.1360626220703125,2e-05,2.373370100875295,0.03404525015503168,0.0277801810298115,0.0280034972820431,0.03263472765684128
1585,1585,4.133442401885986,4.13526725769043,2e-05,2.3782433595379167,0.033975351601839066,0.027798580704256892,0.028021539328619838,0.03265752922743559
1586,1586,4.136343002319336,4.139641761779785,2e-05,2.382061551652452,0.03391063492745161,0.02780771825928241,0.028033024398609996,0.032674605026841164
1587,1587,4.135409355163574,4.137541770935059,2e-05,2.386571816537337,0.03410518914461136,0.02782957802992314,0.028052307898178697,0.03269871789962053
1588,1588,4.135316371917725,4.133465766906738,2e-05,2.3888403905336317,0.03412220720201731,0.027850293670780957,0.02807068102993071,0.03272219840437174
1589,1589,4.13526725769043,4.136374473571777,2e-05,2.2287699735398796,0.03418788593262434,0.027868058532476425,0.028088933089748025,0.032744831405580044
1590,1590,4.135481834411621,4.13750696182251,2e-05,2.2448804196865546,0.03416898474097252,0.02788796357344836,0.028106942656449974,0.03276767674833536
1591,1591,4.135729789733887,4.137182235717773,2e-05,2.264831929745263,0.0340714892372489,0.027891823323443532,0.028116335859522223,0.032782609574496746
1592,1592,4.136655807495117,4.136656284332275,2e-05,2.280784825316975,0.03418636694550514,0.02791141381021589,0.028136461973190308,0.03280756529420614
1593,1593,4.137296676635742,4.138881683349609,2e-05,2.2976993065359044,0.034163786098361015,0.02792943047825247,0.028150475583970547,0.03282730933278799
1594,1594,4.133120536804199,4.136107444763184,2e-05,2.310942028965947,0.034115539863705635,0.027950086630880833,0.028170192381367087,0.03285098262131214
1595,1595,4.133563041687012,4.137241840362549,2e-05,2.324907988126338,0.034046330489218235,0.027964104199782014,0.028184374794363976,0.03287032898515463
1596,1596,4.134027004241943,4.1360039710998535,2e-05,2.3351319186788984,0.034191230311989784,0.02797925693448633,0.02820464747492224,0.03289572615176439
1597,1597,4.1337785720825195,4.134646892547607,2e-05,2.3421768930431734,0.03420163691043854,0.027999335201457143,0.028220443055033684,0.032916816882789135
1598,1598,4.134654521942139,4.133750915527344,2e-05,2.3510498438465492,0.034219734370708466,0.028019030462019145,0.02823943574912846,0.03293949645012617
1599,1599,4.1327805519104,4.137951850891113,2e-05,2.356664227634803,0.03420201130211353,0.028031591093167663,0.02825342398136854,0.03295876644551754
1600,1600,4.130940914154053,4.134463787078857,2e-05,2.3646476843370707,0.03422900754958391,0.028048595180734992,0.028269345173612237,0.03298020362854004
1601,1601,4.133656978607178,4.1376752853393555,2e-05,2.372093744650969,0.03431765176355839,0.028063211939297616,0.028287495602853596,0.03300298750400543
1602,1602,4.136037349700928,4.135359764099121,2e-05,2.3788105662992,0.03423116263002157,0.028078922885470092,0.02830291574355215,0.03302347473800182
1603,1603,4.136237144470215,4.139063835144043,2e-05,2.381020250814437,0.03428644873201847,0.028095115558244288,0.02831840456929058,0.03304403554648161
1604,1604,4.1349592208862305,4.138981819152832,2e-05,2.388439429667581,0.034470877610147,0.028114569489844143,0.028335790731944144,0.03306613955646753
1605,1605,4.134078025817871,4.134879112243652,2e-05,2.396333691363028,0.034482828341424465,0.02813557826448232,0.02835869579575956,0.033093870617449284
1606,1606,4.1336894035339355,4.133443355560303,2e-05,2.4012702676363262,0.03437218349426985,0.028151142178103328,0.028369366307742894,0.03311015758663416
1607,1607,4.137408256530762,4.135010242462158,2e-05,2.240737119176937,0.03443405590951443,0.02816647116560489,0.028389171231538057,0.033134679310023785
1608,1608,4.136408805847168,4.133868217468262,2e-05,2.2568087532167525,0.03452889062464237,0.02818533533718437,0.028406401397660375,0.03315708879381418
1609,1609,4.136272430419922,4.138321876525879,2e-05,2.2722019847901267,0.03438616916537285,0.028197574196383357,0.02841986157000065,0.033175461925566196
1610,1610,4.138766765594482,4.14017391204834,2e-05,2.2881097422576984,0.034520162269473076,0.028218110091984272,0.028439813875593245,0.03320001158863306
1611,1611,4.139277935028076,4.137255668640137,2e-05,2.299611392258781,0.03444910328835249,0.02823549637105316,0.028456337633542717,0.033221819438040257
1612,1612,4.139168739318848,4.136916160583496,2e-05,2.3114185291747864,0.03450893331319094,0.028248510439880192,0.028470737859606743,0.03324097953736782
1613,1613,4.137697219848633,4.136149883270264,2e-05,2.3234419595009426,0.034464106895029545,0.028267111163586378,0.028485703514888883,0.03326112497597933
1614,1614,4.134507179260254,4.137391567230225,2e-05,2.3320668388850203,0.034467874094843864,0.028285327134653926,0.028504920657724142,0.03328497055917978
1615,1615,4.133690357208252,4.133930206298828,2e-05,2.345139702803652,0.03453646041452885,0.028303058817982674,0.02852418622933328,0.03330925013870001
1616,1616,4.135448455810547,4.1361083984375,2e-05,2.3518283357338183,0.034547279588878155,0.028315787902101874,0.028535215300507843,0.033326088450849056
1617,1617,4.131604194641113,4.13435697555542,2e-05,2.3629146062066635,0.03458538558334112,0.028337367926724255,0.02855704794637859,0.0333520881831646
1618,1618,4.1328277587890625,4.137462615966797,2e-05,2.3672311450225085,0.034579853527247906,0.028352422872558236,0.028574616881087422,0.0333743067458272
1619,1619,4.134039878845215,4.135622024536133,2e-05,2.372227668557861,0.03474715072661638,0.028371397638693452,0.028589652618393302,0.033394974656403065
1620,1620,4.135668754577637,4.135784149169922,2e-05,2.377466294792351,0.03476414829492569,0.02838704700116068,0.028604738763533533,0.03341510519385338
1621,1621,4.132144927978516,4.1322126388549805,2e-05,2.3849246874618157,0.03455420210957527,0.0283948362339288,0.028619513497687876,0.03343527019023895
1622,1622,4.1353912353515625,4.13607120513916,2e-05,2.225979035101494,0.03465317469090223,0.028416027082130313,0.02863723214250058,0.03345812391489744
1623,1623,4.136212348937988,4.134062767028809,2e-05,2.2476339145770843,0.03482648357748985,0.028438534238375723,0.028656548587605357,0.03348240256309509
1624,1624,4.131923675537109,4.134387016296387,2e-05,2.264236865342776,0.034708721563220024,0.028453538892790675,0.028673219378106296,0.03350334893912077
1625,1625,4.1349639892578125,4.138886451721191,2e-05,2.28066831522242,0.0347198024392128,0.028465200681239367,0.028688032878562808,0.03352384455502033
1626,1626,4.135742664337158,4.132589817047119,2e-05,2.2932078216972407,0.03463818598538637,0.028476616134867072,0.02870123984757811,0.03354284446686506
1627,1627,4.133971214294434,4.1346435546875,2e-05,2.307560773494877,0.03465864807367325,0.028500593034550548,0.028720375150442123,0.03356631379574537
1628,1628,4.137668609619141,4.13576602935791,2e-05,2.320775297750161,0.034760297276079655,0.02851823589298874,0.028737553278915584,0.03358817286789417
1629,1629,4.134498596191406,4.135660171508789,2e-05,2.3333948091021033,0.034793815575540066,0.02853131329175085,0.028753815218806267,0.03360991086810827
1630,1630,4.137326240539551,4.137816429138184,2e-05,2.3430900160137593,0.03474240284413099,0.028550892136991024,0.02877077111043036,0.03363181557506323
1631,1631,4.13240909576416,4.133547306060791,2e-05,2.353944630490938,0.03492078837007284,0.028569600894115865,0.02878825436346233,0.03365414962172508
1632,1632,4.132156848907471,4.135496616363525,2e-05,2.360984569206277,0.034910536371171474,0.028580624843016267,0.02880372805520892,0.03367486409842968
1633,1633,4.135152816772461,4.134762287139893,2e-05,2.3662056492539967,0.03489275276660919,0.028600919758901,0.028818915830925107,0.033695817925035954
1634,1634,4.132707595825195,4.134659290313721,2e-05,2.3723353230244077,0.034888858906924725,0.028620208031497896,0.02883747743908316,0.03371923789381981
1635,1635,4.1364545822143555,4.132551193237305,2e-05,2.380258507148339,0.034912971779704094,0.028637945069931448,0.028855115408077836,0.0337415374815464
1636,1636,4.134902000427246,4.136674880981445,2e-05,2.3849237186824808,0.034873309545218945,0.028648051666095853,0.028868096182122827,0.03376033157110214
1637,1637,4.135427474975586,4.13507080078125,2e-05,2.386826868335328,0.03484764788299799,0.028667955193668604,0.02888572309166193,0.03378231730312109
1638,1638,4.133751392364502,4.138955593109131,2e-05,2.39206525494473,0.034924544394016266,0.02868147986009717,0.028900222619995475,0.03380219824612141
1639,1639,4.136741638183594,4.134369850158691,2e-05,2.3904706962705613,0.03510008379817009,0.028702529380097985,0.028920461889356375,0.033826601691544056
1640,1640,4.136388778686523,4.1360931396484375,2e-05,2.391840710829968,0.03484845068305731,0.028711822698824108,0.02893209212925285,0.03384411986917257
1641,1641,4.135019302368164,4.135269641876221,2e-05,2.3956489566182912,0.03493893891572952,0.02873441786505282,0.02895254280883819,0.03386949095875025
1642,1642,4.133537292480469,4.1361541748046875,2e-05,2.3967502252326316,0.03497347515076399,0.028744415729306638,0.028966889367438853,0.0338890478014946
1643,1643,4.132455825805664,4.135189056396484,2e-05,2.3982427478872914,0.03512714430689812,0.02876695222221315,0.028986037825234234,0.033912491984665394
1644,1644,4.134998798370361,4.137722015380859,2e-05,2.404473675075772,0.03503124136477709,0.02878197852987796,0.0290036624064669,0.03393529914319515
1645,1645,4.132556915283203,4.1375226974487305,2e-05,2.4082859394188865,0.034997147507965565,0.028796303551644087,0.02901663677766919,0.03395362012088299
1646,1646,4.134801864624023,4.134037017822266,2e-05,2.411282835217855,0.03504140954464674,0.028811805532313883,0.029034396866336465,0.033975970931351185
1647,1647,4.132822513580322,4.135873317718506,2e-05,2.415537433825623,0.03509173821657896,0.02883583481889218,0.02905316126998514,0.03400024864822626
1648,1648,4.13352108001709,4.136488914489746,2e-05,2.4165615525056654,0.035090076737105846,0.02884966495912522,0.029070291086100042,0.03402199316769838
1649,1649,4.133973121643066,4.134059906005859,2e-05,2.419989690773536,0.03511911258101463,0.028866121778264642,0.02908307278994471,0.034040726721286774
1650,1650,4.1333465576171875,4.133879661560059,2e-05,2.4213088269466736,0.035138620994985104,0.02888172189705074,0.029101001331582665,0.034063538536429405
1651,1651,4.134356498718262,4.132357120513916,2e-05,2.423566063473742,0.035089331679046154,0.02889961877372116,0.029118337552063167,0.03408498503267765
1652,1652,4.135677337646484,4.1365647315979,2e-05,2.423802519043871,0.035319745540618896,0.028916860930621624,0.02913621673360467,0.034108298830688
1653,1653,4.133744716644287,4.132809638977051,2e-05,2.4266687093469645,0.03528784215450287,0.028932949528098106,0.029150710674002767,0.03412739560008049
1654,1654,4.134420871734619,4.132498741149902,2e-05,2.4264834789414063,0.0352595467120409,0.028950631385669112,0.029168796492740512,0.0341508025303483
1655,1655,4.136346817016602,4.136275291442871,2e-05,2.429204189567889,0.035329670645296574,0.028968975646421313,0.02918538893572986,0.03417219314724207
1656,1656,4.129755973815918,4.133919715881348,2e-05,2.4291389070250213,0.0351402573287487,0.028985534911043942,0.02920230757445097,0.03419411834329367
1657,1657,4.134600639343262,4.133359909057617,2e-05,2.4311336036526665,0.03528767358511686,0.02900066925212741,0.02921989094465971,0.03421580884605646
1658,1658,4.134972095489502,4.133052825927734,2e-05,2.426947053784027,0.03523931372910738,0.029013877967372537,0.029232175322249532,0.03423357289284468
1659,1659,4.1306304931640625,4.136300086975098,2e-05,2.4295402246676123,0.03542018309235573,0.02903637709096074,0.02925268455874175,0.03425833862274885
1660,1660,4.1326904296875,4.1357879638671875,2e-05,2.4263828359883686,0.03546223882585764,0.029057594132609665,0.02927288576029241,0.034282770939171314
1661,1661,4.135235786437988,4.133576393127441,2e-05,2.4267453422689997,0.03544567711651325,0.029067824478261173,0.029285211814567447,0.03430083021521568
1662,1662,4.1331987380981445,4.13670539855957,2e-05,2.4295539579371037,0.03542027808725834,0.029086775495670736,0.029305227217264473,0.0343251321464777
1663,1663,4.133693695068359,4.1339216232299805,2e-05,2.429080202672532,0.035217552445828915,0.029102563159540296,0.029317451524548233,0.03434361331164837
1664,1664,4.132421493530273,4.1383585929870605,2e-05,2.4313409734778397,0.035427204333245754,0.029121157596819103,0.02933736238628626,0.0343674523755908
1665,1665,4.133794784545898,4.132839679718018,2e-05,2.4269225308879903,0.03535463102161884,0.029132878640666604,0.02935136598534882,0.03438693378120661
1666,1666,4.132683753967285,4.137112617492676,2e-05,2.4248698489453777,0.03534197714179754,0.02915123465936631,0.029368405928835273,0.034408981911838055
1667,1667,4.135184288024902,4.134093284606934,2e-05,2.426346632989245,0.03541640471667051,0.02917129942215979,0.029387146700173616,0.03443241585046053
1668,1668,4.139176845550537,4.13498592376709,2e-05,2.42739081594431,0.03537173382937908,0.029181972960941494,0.029401441104710102,0.03445248864591122
1669,1669,4.132712364196777,4.134942054748535,2e-05,2.42867359315427,0.03550395928323269,0.02920331957284361,0.02942099270876497,0.03447662480175495
1670,1670,4.132602691650391,4.137977600097656,2e-05,2.4296777992251584,0.03550162445753813,0.029222676646895707,0.02944071835372597,0.03450058400630951
1671,1671,4.133007049560547,4.1319756507873535,2e-05,2.4271918147006346,0.035546883940696716,0.029239082476124167,0.029454167815856636,0.034519429318606853
1672,1672,4.130835056304932,4.133528232574463,2e-05,2.2556594266357832,0.03555428422987461,0.029257642454467714,0.029473809292539954,0.03454397805035114
1673,1673,4.132627487182617,4.135809898376465,2e-05,2.270093272258851,0.035473816096782684,0.029270261758938432,0.029488023021258414,0.03456294909119606
1674,1674,4.134425640106201,4.1335554122924805,2e-05,2.284026360256602,0.03552008140832186,0.02928351901937276,0.029501757584512234,0.034582789056003094
1675,1675,4.136160373687744,4.1379714012146,2e-05,2.293394589777574,0.03555521368980408,0.029299055226147175,0.029518859926611185,0.03460440691560507
1676,1676,4.136455059051514,4.13677978515625,2e-05,2.307636880274802,0.03549903258681297,0.02931437490042299,0.0295348537620157,0.0346251642331481
1677,1677,4.132430553436279,4.136314392089844,2e-05,2.3195287624748815,0.03562657814472914,0.02933664817828685,0.02955417276825756,0.03464887198060751
1678,1678,4.133901596069336,4.133030891418457,2e-05,2.332718804514399,0.035675727762281895,0.029357863124459982,0.029573115287348628,0.03467255365103483
1679,1679,4.130703926086426,4.1341552734375,2e-05,2.342298675264497,0.035601163282990456,0.029370886040851474,0.029586996999569237,0.03469163365662098
1680,1680,4.1332526206970215,4.1333112716674805,2e-05,2.352666222114393,0.035563538782298565,0.029388123308308423,0.02960521134082228,0.0347148897126317
1681,1681,4.13438606262207,4.134238243103027,2e-05,2.361660944029896,0.035664938390254974,0.029401020845398307,0.029619820998050272,0.034734850749373436
1682,1682,4.13154935836792,4.132766246795654,2e-05,2.367988302723785,0.03574224095791578,0.02942098188214004,0.02963646803982556,0.03475586697459221
1683,1683,4.1344428062438965,4.134185791015625,2e-05,2.3715302753428364,0.035594724118709564,0.029433574178256094,0.02965151926036924,0.034775907173752785
1684,1684,4.135357856750488,4.134705543518066,2e-05,2.376209286274713,0.035752592608332634,0.02945852663833648,0.02967101556714624,0.03479983750730753
1685,1685,4.133709907531738,4.1323137283325195,2e-05,2.3810261329987576,0.03576312307268381,0.029468130553141236,0.029684267938137054,0.03481903579086065
1686,1686,4.134688854217529,4.137092590332031,2e-05,2.38897698415763,0.035805365070700645,0.029487537103705108,0.029705390566959977,0.03484372701495886
1687,1687,4.132780075073242,4.132052898406982,2e-05,2.391807308263298,0.035797505639493465,0.029506289632990956,0.029718651669099927,0.03486356604844332
1688,1688,4.129770278930664,4.134213924407959,2e-05,2.3978505820424116,0.035869477316737175,0.02951690531335771,0.02973523549735546,0.03488530404865742
1689,1689,4.1357808113098145,4.135743141174316,2e-05,2.4013190808175455,0.03593077417463064,0.02954366779886186,0.02975407405756414,0.034908710047602654
1690,1690,4.134003639221191,4.13395881652832,2e-05,2.4042167752634054,0.03598069306463003,0.029554544133134186,0.02977318095508963,0.034932791255414486
1691,1691,4.13187313079834,4.1327595710754395,2e-05,2.4077605748061814,0.03588458988815546,0.029570845887064934,0.029786035767756402,0.03495131805539131
1692,1692,4.131858825683594,4.133203506469727,2e-05,2.4111927920492287,0.03593188710510731,0.029587620752863586,0.029804185964167118,0.034974733367562294
1693,1693,4.132816314697266,4.134124279022217,2e-05,2.413835890155677,0.03592885285615921,0.02960633544716984,0.029821633244864643,0.034996832720935345
1694,1694,4.133732795715332,4.131896495819092,2e-05,2.4163409359997483,0.035835716873407364,0.02961529663298279,0.029831852298229933,0.03501354996114969
1695,1695,4.134344100952148,4.133372783660889,2e-05,2.254266372734084,0.035932461731135845,0.029641295899637043,0.02985338040161878,0.03503901977092028
1696,1696,4.132481575012207,4.133722305297852,2e-05,2.2741673324979392,0.036095546558499336,0.029653931851498783,0.029868667828850448,0.035059573128819466
1697,1697,4.131383419036865,4.130382537841797,2e-05,2.2867239414592637,0.03603406623005867,0.029668576549738646,0.029884299961850047,0.035081214271485806
1698,1698,4.135161399841309,4.133022785186768,2e-05,2.138106248931914,0.03595261089503765,0.02968728297855705,0.029900209279730916,0.03510231338441372
1699,1699,4.134687423706055,4.133223533630371,2e-05,2.168980636941336,0.03610021807253361,0.02970708324573934,0.02992059790994972,0.03512727469205856
1700,1700,4.133462905883789,4.135711669921875,2e-05,2.1963730297438313,0.03602425288408995,0.029714857577346265,0.029931071330793202,0.03514376003295183
1701,1701,4.132218360900879,4.136577606201172,2e-05,2.2147681020974987,0.036182062700390816,0.02973696985282004,0.02995351597201079,0.035170950926840305
1702,1702,4.132157325744629,4.134636878967285,2e-05,2.2357560593163486,0.03605496883392334,0.02975246694404632,0.02996657940093428,0.035189819522202015
1703,1703,4.133225440979004,4.132704734802246,2e-05,2.252433426951903,0.03610839415341616,0.029771954519674182,0.02998581831343472,0.03521376010030508
1704,1704,4.131160736083984,4.133813858032227,2e-05,2.268874513812848,0.03619054984301329,0.02978572028223425,0.030002290848642588,0.03523498773574829
1705,1705,4.132327079772949,4.133678436279297,2e-05,2.284679815035772,0.036195565946400166,0.029801587690599263,0.03001494938507676,0.03525367006659508
1706,1706,4.131974220275879,4.1362199783325195,2e-05,2.301655212269184,0.03627451043576002,0.029818250215612352,0.03003397525753826,0.03527771029621363
1707,1707,4.1305975914001465,4.1306867599487305,2e-05,2.3139291532225323,0.03614314645528793,0.02983565500471741,0.03005351102910936,0.035301283933222294
1708,1708,4.132927894592285,4.13508415222168,2e-05,2.327924304284757,0.03607796411961317,0.02985440648626536,0.03006833919789642,0.03532211855053902
1709,1709,4.134865760803223,4.133465766906738,2e-05,2.3373421426064316,0.03616717457771301,0.02986993675585836,0.030084493686445057,0.03534350823611021
1710,1710,4.132681846618652,4.136265277862549,2e-05,2.3487370500465397,0.03624426480382681,0.02988944761455059,0.030100078089162707,0.03536415193229914
1711,1711,4.132052421569824,4.132701873779297,2e-05,2.3528966934379882,0.03615167550742626,0.029906349256634712,0.030119244824163616,0.03538800124078989
1712,1712,4.1309027671813965,4.133445739746094,2e-05,2.358201732657546,0.03622666746377945,0.029919567168690264,0.030131565406918526,0.03540628682821989
1713,1713,4.1349992752075195,4.135135650634766,2e-05,2.3659871500290897,0.03622310422360897,0.029942085267975926,0.03015455591958016,0.03543339855968952
1714,1714,4.132452011108398,4.137408256530762,2e-05,2.3741250057892826,0.036199769005179405,0.029949852963909507,0.030165474279783666,0.03545121289789677
1715,1715,4.1331329345703125,4.131476402282715,2e-05,2.3799321031693297,0.03618339542299509,0.029967124108225107,0.030181852751411498,0.03547176253050566
1716,1716,4.1335554122924805,4.131221771240234,2e-05,2.385714913325872,0.03627110365778208,0.029982258682139218,0.03019772015977651,0.035493130795657635
1717,1717,4.128820419311523,4.130722522735596,2e-05,2.3885883710106954,0.036235653795301914,0.030004234984517097,0.030215672217309475,0.03551631513983011
1718,1718,4.131216526031494,4.132637023925781,2e-05,2.3960735044877737,0.03632153104990721,0.030026149353943765,0.030236972030252218,0.03554167877882719
1719,1719,4.13370418548584,4.134646892547607,2e-05,2.397912776097664,0.03639647085219622,0.030037752585485578,0.030251635471358895,0.03556127194315195
1720,1720,4.132007598876953,4.132467269897461,2e-05,2.4008057995514003,0.03638734668493271,0.030054270871914923,0.030265743611380458,0.035582185722887516
1721,1721,4.132192611694336,4.133267402648926,2e-05,2.40123855359037,0.03638272825628519,0.030066184466704726,0.030281148152425885,0.035602022893726826
1722,1722,4.132396697998047,4.132320880889893,2e-05,2.405087008062497,0.036297619342803955,0.030083808582276106,0.030298849334940314,0.035624586045742035
1723,1723,4.133204460144043,4.132097244262695,2e-05,2.40866683262802,0.03644725680351257,0.030103959725238383,0.030316420481540263,0.035647666081786156
1724,1724,4.13074254989624,4.130509853363037,2e-05,2.411439806902813,0.03648469317704439,0.030117171467281878,0.030332123045809567,0.03566898684948683
1725,1725,4.133584976196289,4.1312642097473145,2e-05,2.414005350691613,0.036423180252313614,0.030135485343635082,0.030348360305652022,0.035690431483089924
1726,1726,4.130809307098389,4.1370086669921875,2e-05,2.416623256610145,0.03651880193501711,0.030151970335282385,0.030367347062565386,0.03571431431919336
1727,1727,4.130902290344238,4.131424903869629,2e-05,2.4187557132643076,0.03642715886235237,0.030171451275236905,0.030382250668480992,0.035734097473323345
1728,1728,4.133578300476074,4.130453109741211,2e-05,2.422052383127817,0.036463224329054356,0.030185292824171484,0.03039661841467023,0.035754287615418434
1729,1729,4.131828784942627,4.130860805511475,2e-05,2.422436828822392,0.03660934139043093,0.030203018919564784,0.03041680809110403,0.03577893506735563
1730,1730,4.13253116607666,4.129392623901367,2e-05,2.424914247063851,0.03641131613403559,0.030213418183848262,0.030428791884332895,0.0357976695522666
1731,1731,4.13136100769043,4.129640579223633,2e-05,2.2616761721484324,0.03661646880209446,0.030238987528719008,0.030451814294792712,0.03582422714680433
1732,1732,4.133755207061768,4.135434627532959,2e-05,2.2758974425665426,0.03651459142565727,0.03025297331623733,0.030464998329989612,0.03584272973239422
1733,1733,4.131661891937256,4.135329723358154,2e-05,2.292291966395627,0.03663565497845411,0.030260243103839457,0.030477419844828546,0.03586097527295351
1734,1734,4.129646301269531,4.1330461502075195,2e-05,2.307048746259581,0.03658472187817097,0.030284260399639606,0.030497512314468622,0.03588597755879164
1735,1735,4.1341776847839355,4.130906105041504,2e-05,2.3200022700280614,0.036681336350739,0.030300991260446608,0.030514775775372982,0.03590825665742159
1736,1736,4.13002872467041,4.1338934898376465,2e-05,2.332988116725576,0.036717071197927,0.030324677238240838,0.03053574205841869,0.035933032631874084
1737,1737,4.132545471191406,4.135096549987793,2e-05,2.3422384614748,0.0365423820912838,0.030329335131682456,0.030545553425326943,0.03594901505857706
1738,1738,4.134762763977051,4.134138107299805,2e-05,2.3522793840787863,0.03680535964667797,0.030344512430019677,0.03055992699228227,0.03596986085176468
1739,1739,4.130423545837402,4.129462242126465,2e-05,2.3608052967814204,0.03674860205501318,0.030371592030860484,0.030581369646824896,0.035995409823954105
1740,1740,4.133848667144775,4.133923530578613,2e-05,2.36954215554685,0.03679199703037739,0.030379605595953763,0.03059547778684646,0.036015305668115616
1741,1741,4.132808685302734,4.131156921386719,2e-05,2.3755717844461945,0.03671472892165184,0.030397656024433672,0.030610318877734244,0.03603622131049633
1742,1742,4.131627082824707,4.1344804763793945,2e-05,2.3828491965832064,0.036763811483979225,0.030415013898164034,0.0306294122710824,0.036060014739632607
1743,1743,4.128883361816406,4.132108211517334,2e-05,2.387551510274932,0.03678702004253864,0.030435100197792053,0.03064672544132918,0.036081925965845585
1744,1744,4.136738300323486,4.134261608123779,2e-05,2.3935415250997716,0.03684516530483961,0.03045733575709164,0.030666364007629454,0.03610695339739323
1745,1745,4.129973411560059,4.131186485290527,2e-05,2.397286492564097,0.03682926297187805,0.030465420219115913,0.030678712646476924,0.03612526599317789
1746,1746,4.131776809692383,4.133853912353516,2e-05,2.4027559634734548,0.0368109829723835,0.03048009390477091,0.030692463275045156,0.03614508546888828
1747,1747,4.130809307098389,4.13192081451416,2e-05,2.405443880188967,0.03688128013163805,0.030496617662720382,0.030712230247445405,0.03616942558437586
1748,1748,4.128711700439453,4.132114410400391,2e-05,2.4096240308224046,0.03681275434792042,0.03051798779051751,0.030727645615115762,0.03619028814136982
1749,1749,4.131486892700195,4.135928153991699,2e-05,2.411084222689144,0.03678292315453291,0.030529410345479846,0.030740939429961145,0.03620946779847145
1750,1750,4.1333208084106445,4.131904602050781,2e-05,2.415318943871619,0.03691498003900051,0.030547951348125935,0.030759323155507445,0.03623266611248255
1751,1751,4.130988597869873,4.133345603942871,2e-05,2.4169896714885795,0.03700989484786987,0.030567226698622108,0.030776608153246343,0.03625538665801287
1752,1752,4.131864547729492,4.1322832107543945,2e-05,2.415596699252802,0.036896590143442154,0.030573560041375458,0.030787973199039698,0.036273228004574776
1753,1753,4.135447025299072,4.134090423583984,2e-05,2.4169192508384216,0.03693487122654915,0.030598516925238073,0.030809101066552103,0.03629915975034237
1754,1754,4.133909702301025,4.133980751037598,2e-05,2.4157323593161246,0.03707351163029671,0.030615079915151,0.030825321096926928,0.03632062766700983
1755,1755,4.13476037979126,4.131864070892334,2e-05,2.4183673981081766,0.03690789453685284,0.0306266414700076,0.030838817823678255,0.03634003456681967
1756,1756,4.129998207092285,4.131357192993164,2e-05,2.41658666385293,0.03703783079981804,0.030648991581983864,0.030859141028486192,0.03636489436030388
1757,1757,4.1317901611328125,4.132241249084473,2e-05,2.416953205930488,0.036940181627869606,0.030658372561447322,0.030869408161379397,0.036382338963449
1758,1758,4.1350274085998535,4.1302642822265625,2e-05,2.417778342911402,0.037101998925209045,0.03067527257371694,0.03088703181128949,0.03640513401478529
1759,1759,4.1293253898620605,4.133447647094727,2e-05,2.4166517135376377,0.03701782878488302,0.030695612309500575,0.030906669446267188,0.036429804749786854
1760,1760,4.130314826965332,4.131307601928711,2e-05,2.418204442440719,0.03714879509061575,0.030707675497978926,0.030922166886739433,0.03645120467990637
1761,1761,4.133578300476074,4.133879661560059,2e-05,2.416860814572394,0.03706788644194603,0.030726176220923662,0.030938365031033754,0.03647343162447214
1762,1762,4.131082534790039,4.135425567626953,2e-05,2.4160505238642833,0.037092650309205055,0.03074325155466795,0.03095403767656535,0.03649509139358997
1763,1763,4.129652976989746,4.133625507354736,2e-05,2.4213305274692156,0.03697132412344217,0.03075064334552735,0.030967096565291286,0.036515066400170326
1764,1764,4.129211902618408,4.135324954986572,2e-05,2.4205621450168042,0.037177516147494316,0.03076978516764939,0.03098352369852364,0.03653708565980196
1765,1765,4.130786895751953,4.129408359527588,2e-05,2.4212781563847976,0.03714591916650534,0.030791116529144347,0.031001340365037322,0.03656008746474981
1766,1766,4.138883590698242,4.1302642822265625,2e-05,2.4196902399752003,0.03715090826153755,0.030810296186245978,0.031018217094242573,0.036582901142537594
1767,1767,4.132762908935547,4.131610870361328,2e-05,2.4215757142798475,0.03726920299232006,0.030824270099401474,0.031034238636493683,0.0366045581176877
1768,1768,4.132133483886719,4.132039546966553,2e-05,2.423149828631278,0.0372634157538414,0.03083437425084412,0.031048035714775324,0.03662540577352047
1769,1769,4.13385534286499,4.132007122039795,2e-05,2.424950732065302,0.037307968363165855,0.030855909804813564,0.031067522359080613,0.036649852991104126
1770,1770,4.132960319519043,4.135335922241211,2e-05,2.4262350903614003,0.037189300172030926,0.030868795467540622,0.031082136440090835,0.03666990902274847
1771,1771,4.128927230834961,4.1307053565979,2e-05,2.4284014513752563,0.037172590382397175,0.030886105960235,0.03109698335174471,0.03669184073805809
1772,1772,4.1325178146362305,4.13128662109375,2e-05,2.428662122256349,0.037274361588060856,0.030903778155334294,0.03111469279974699,0.03671499341726303
1773,1773,4.131506443023682,4.133608818054199,2e-05,2.429500320935865,0.037445247173309326,0.030918639386072755,0.0311311106197536,0.03673726785928011
1774,1774,4.132580757141113,4.13008975982666,2e-05,2.4267419856375736,0.03727202769368887,0.030936736380681396,0.031146173714660108,0.03675862308591604
1775,1775,4.132586479187012,4.135479927062988,2e-05,2.431566609843102,0.037294574081897736,0.03095276199746877,0.031162190483883023,0.03678056597709656
1776,1776,4.13558292388916,4.131172180175781,2e-05,2.4323925085506777,0.0373986242339015,0.030967599130235612,0.03117879235651344,0.03680307697504759
1777,1777,4.129619598388672,4.1308488845825195,2e-05,2.430069018707251,0.03735268767923117,0.03098713606595993,0.031196985044516623,0.03682636097073555
1778,1778,4.129388809204102,4.132917404174805,2e-05,2.430018853525063,0.03738936688750982,0.031004035263322294,0.031213073758408427,0.03684787265956402
1779,1779,4.1298394203186035,4.13301944732666,2e-05,2.4279877099595324,0.03733427170664072,0.031018221750855446,0.03122806770261377,0.03686931449919939
1780,1780,4.133716106414795,4.132556915283203,2e-05,2.4289990740247105,0.03737880662083626,0.031035947613418102,0.031246330472640693,0.03689295053482056
1781,1781,4.13247013092041,4.130603790283203,2e-05,2.429725196256403,0.03744129370898008,0.031050563673488796,0.03126026829704642,0.036913095973432064
1782,1782,4.127638816833496,4.129624366760254,2e-05,2.4302203936902083,0.037568580359220505,0.031071834499016404,0.03127882303670049,0.036937007680535316
1783,1783,4.131331920623779,4.133208274841309,2e-05,2.4314254574836625,0.03762791119515896,0.031086161267012358,0.031296759960241616,0.03696004766970873
1784,1784,4.130005836486816,4.134347915649414,2e-05,2.4317234129641996,0.03761445824056864,0.031102056265808642,0.03130997717380524,0.03698000777512789
1785,1785,4.133665084838867,4.132710933685303,2e-05,2.4286765584563086,0.037495014257729053,0.031120177707634866,0.03132775297854096,0.037003193981945515
1786,1786,4.137134552001953,4.13004207611084,2e-05,2.422433347539215,0.03754354640841484,0.03113816981203854,0.03134662308730185,0.03702628519386053
1787,1787,4.131612777709961,4.12943172454834,2e-05,2.4178878882510224,0.03763907589018345,0.03115592640824616,0.03136361250653863,0.03704870771616697
1788,1788,4.1318278312683105,4.130670547485352,2e-05,2.4127074765285554,0.03770396579056978,0.031174382660537958,0.03137884696479887,0.03706980496644974
1789,1789,4.131575584411621,4.135466575622559,2e-05,2.412380810183416,0.03763346467167139,0.031184865278191864,0.031393475481309,0.037090945057570934
1790,1790,4.12837028503418,4.129629135131836,2e-05,2.4151440825052934,0.03770574647933245,0.03120499523356557,0.03141298983246088,0.03711477108299732
1791,1791,4.129900932312012,4.131823539733887,2e-05,2.41819103687748,0.037709059193730354,0.031222205376252532,0.03142965387087315,0.03713671863079071
1792,1792,4.127821922302246,4.131324768066406,2e-05,2.4228291605568932,0.037749296985566616,0.031236610375344753,0.03144355013500899,0.037156613543629646
1793,1793,4.128261089324951,4.130743026733398,2e-05,2.421834031097677,0.037766716443002224,0.03125196322798729,0.03146150999236852,0.03717964235693216
1794,1794,4.132611274719238,4.133033752441406,2e-05,2.4243665729997197,0.0376987224444747,0.03126917197369039,0.031478109769523144,0.03720153868198395
1795,1795,4.1302289962768555,4.131803512573242,2e-05,2.4241839673314667,0.03767908178269863,0.03128518594894558,0.03149465867318213,0.03722372371703386
1796,1796,4.1271772384643555,4.131134033203125,2e-05,2.4271985763698978,0.03784073516726494,0.031306028249673545,0.03151352424174547,0.03724728990346193
1797,1797,4.130857467651367,4.129403114318848,2e-05,2.4267731993837436,0.03773322142660618,0.03132337029092014,0.03152895881794393,0.0372682586312294
1798,1798,4.130415916442871,4.130091667175293,2e-05,2.4255123903084197,0.03767959773540497,0.0313331913203001,0.03154222061857581,0.037287402898073196
1799,1799,4.130690097808838,4.134787082672119,2e-05,2.42568264352384,0.037769244983792305,0.031350652454420924,0.031560537638142705,0.03731103241443634
1800,1800,4.132883071899414,4.13107967376709,2e-05,2.424758583020334,0.037799119018018246,0.0313643995905295,0.031575906090438366,0.037331605330109596
1801,1801,4.130741596221924,4.1306891441345215,2e-05,2.4251988110974407,0.03771621081978083,0.03138329554349184,0.03158935182727873,0.037351020611822605
1802,1802,4.130308151245117,4.130873680114746,2e-05,2.4262623822480878,0.03777697682380676,0.03139786492101848,0.0316074569709599,0.03737472742795944
1803,1803,4.130291938781738,4.130105495452881,2e-05,2.4278649590059787,0.03779119253158569,0.03141231008339673,0.03162293415516615,0.037395428866147995
1804,1804,4.128483772277832,4.131228446960449,2e-05,2.4284713512690335,0.037916552275419235,0.03144004428759217,0.031646250979974866,0.03742223419249058
1805,1805,4.12960147857666,4.131871223449707,2e-05,2.429832490865795,0.03796061873435974,0.03145035821944475,0.03166037052869797,0.0374431349337101
1806,1806,4.131565093994141,4.130054473876953,2e-05,2.4306320844064553,0.03793828468769789,0.031471824971958995,0.0316786493640393,0.03746570274233818
1807,1807,4.130681991577148,4.13283109664917,2e-05,2.4327652706965543,0.03787482436746359,0.03148111724294722,0.03169013373553753,0.03748347796499729
1808,1808,4.133299350738525,4.129703521728516,2e-05,2.431999073817157,0.03804139792919159,0.031503927893936634,0.03171161259524524,0.0375099815428257
1809,1809,4.130502700805664,4.128308296203613,2e-05,2.434111219028683,0.037900310941040516,0.03151614451780915,0.03172336774878204,0.03752785362303257
1810,1810,4.129530429840088,4.131492614746094,2e-05,2.2620351049614387,0.03815146069973707,0.03153585526160896,0.03174464451149106,0.03755346592515707
1811,1811,4.131222724914551,4.130169868469238,2e-05,2.276036537643659,0.03801750671118498,0.031550818122923374,0.03175887232646346,0.03757385816425085
1812,1812,4.129997253417969,4.1319684982299805,2e-05,2.2892387585736356,0.03810825198888779,0.03156244789715856,0.03177324705757201,0.03759465366601944
1813,1813,4.129859924316406,4.12966251373291,2e-05,2.3043042761271204,0.03798982221633196,0.03158578148577362,0.03179136570543051,0.037617990747094154
1814,1814,4.132208824157715,4.1281514167785645,2e-05,2.3176942198138044,0.038040400482714176,0.031603774754330516,0.03180844080634415,0.03763985261321068
1815,1815,4.129854202270508,4.1309590339660645,2e-05,2.16650415938904,0.03814376890659332,0.03161527682095766,0.03182312101125717,0.037660569883883
1816,1816,4.131519794464111,4.130466461181641,2e-05,2.189120167005699,0.038104962557554245,0.03163666697219014,0.03184450278058648,0.03768552839756012
1817,1817,4.1351423263549805,4.132490634918213,2e-05,2.2107978751696016,0.0381247578188777,0.031651882687583566,0.03185809007845819,0.03770584426820278
1818,1818,4.130222797393799,4.129120826721191,2e-05,2.2337707111162737,0.03827233240008354,0.03166831214912236,0.031873669475317,0.037726571783423424
1819,1819,4.130805492401123,4.133779525756836,2e-05,2.2545728219415535,0.03799377288669348,0.03168758959509432,0.03189155668951571,0.037750205025076866
1820,1820,4.128323554992676,4.130166530609131,2e-05,2.2739466897080267,0.03814467880874872,0.03170143044553697,0.03190773748792708,0.037771886214613914
1821,1821,4.127198696136475,4.130908966064453,2e-05,2.2890741662907073,0.038077592849731445,0.03170697228051722,0.03191874269396067,0.03778853453695774
1822,1822,4.131381988525391,4.131494045257568,2e-05,2.3011874957527807,0.03820521105080843,0.03173061297275126,0.031940818298608065,0.03781551122665405
1823,1823,4.131413459777832,4.133575439453125,2e-05,2.311587060706167,0.038284650072455406,0.03174609295092523,0.031954928301274776,0.03783527947962284
1824,1824,4.128804683685303,4.129739761352539,2e-05,2.323405421581122,0.03834514319896698,0.03176577016711235,0.03197050420567393,0.037856632843613625
1825,1825,4.127007484436035,4.131689071655273,2e-05,2.3357705128628323,0.03823044802993536,0.031780185643583536,0.03199090203270316,0.0378809655085206
1826,1826,4.127593994140625,4.130166053771973,2e-05,2.345185778447869,0.03842187114059925,0.031798020703718066,0.03200546489097178,0.03790203481912613
1827,1827,4.132871150970459,4.129194259643555,2e-05,2.354865206492791,0.03821226581931114,0.03181540593504906,0.03202254557982087,0.03792466130107641
1828,1828,4.129791259765625,4.131274223327637,2e-05,2.3629365988222952,0.038280132226645947,0.031830372055992484,0.032037308206781745,0.037944805808365345
1829,1829,4.128502368927002,4.129399299621582,2e-05,2.3707554047860975,0.03832795098423958,0.03184940852224827,0.03205245826393366,0.037965632043778896
1830,1830,4.128743648529053,4.1332902908325195,2e-05,2.377430305104661,0.03835234697908163,0.03186284750699997,0.03206974524073303,0.037988546304404736
1831,1831,4.133353233337402,4.130869388580322,2e-05,2.3836322556733034,0.03835886251181364,0.031883435091003776,0.03208864713087678,0.03801216743886471
1832,1832,4.126287460327148,4.137357711791992,2e-05,2.38909451984683,0.03826861921697855,0.031893382547423244,0.03210109774954617,0.03803144861012697
1833,1833,4.130684852600098,4.132287979125977,2e-05,2.394010557603004,0.03834895510226488,0.03191174054518342,0.032118938863277435,0.03805465344339609
1834,1834,4.126850605010986,4.131243705749512,2e-05,2.398668962950756,0.03838891722261906,0.03193199122324586,0.032136223977431655,0.038076953031122684
1835,1835,4.135367393493652,4.132047653198242,2e-05,2.399641229646831,0.03831083234399557,0.03194309351965785,0.03215205669403076,0.03809851408004761
1836,1836,4.129674911499023,4.129380702972412,2e-05,2.4028271182826377,0.03839265834540129,0.031960392370820045,0.032165494514629245,0.03811897709965706
1837,1837,4.1297407150268555,4.12999153137207,2e-05,2.403398552181869,0.03848137054592371,0.0319770195055753,0.032184348441660404,0.03814275749027729
1838,1838,4.128961086273193,4.127999305725098,2e-05,2.406694947382487,0.0384707422927022,0.031994355376809835,0.032200776506215334,0.03816496953368187
1839,1839,4.128625392913818,4.130163669586182,2e-05,2.2402666621350056,0.03858566004782915,0.032013642601668835,0.032218107720837,0.038187296129763126
1840,1840,4.131404876708984,4.128085136413574,2e-05,2.253800123429732,0.03866650629788637,0.032027520006522536,0.03223338816314936,0.038209034129977226
1841,1841,4.128684043884277,4.128551959991455,2e-05,2.266233169115674,0.03864089027047157,0.032041943399235606,0.03225025278516114,0.03823183011263609
1842,1842,4.127079963684082,4.132180690765381,2e-05,2.282926258377009,0.038627336733043194,0.032060630386695266,0.032265011919662356,0.03825266659259796
1843,1843,4.1309733390808105,4.131478309631348,2e-05,2.295243293438213,0.038635133765637875,0.03207337949424982,0.03228114917874336,0.038274066522717476
1844,1844,4.126838684082031,4.133017063140869,2e-05,2.309510334950819,0.0385732427239418,0.032093380112200975,0.032297577476128936,0.03829636611044407
1845,1845,4.130044460296631,4.130911827087402,2e-05,2.3223967350624317,0.03868718817830086,0.03210941213183105,0.032314015086740255,0.038318781182169914
1846,1846,4.126870155334473,4.129048824310303,2e-05,2.3345366107478642,0.038580856285989285,0.032124616438522935,0.03232924616895616,0.03834023326635361
1847,1847,4.126932144165039,4.130500793457031,2e-05,2.3444401402584636,0.03867751453071833,0.03213894576765597,0.03234396711923182,0.03836076334118843
1848,1848,4.125759124755859,4.136889934539795,2e-05,2.355334087327041,0.03869154118001461,0.032152908155694604,0.03236128413118422,0.03838357236236334
1849,1849,4.132224082946777,4.1312127113342285,2e-05,2.3621339163863255,0.03873591870069504,0.03217101586051285,0.032378284027799964,0.03840598836541176
1850,1850,4.1302056312561035,4.130420207977295,2e-05,2.3715126790650807,0.03857118729501963,0.03218691889196634,0.03239116468466818,0.03842588700354099
1851,1851,4.128147602081299,4.133159160614014,2e-05,2.3728303727605535,0.03873798903077841,0.03220313065685332,0.0324096605181694,0.03844916261732578
1852,1852,4.128474712371826,4.129682540893555,2e-05,2.3761055017166632,0.03876661602407694,0.03221774962730706,0.03242468577809632,0.038470422849059105
1853,1853,4.128294944763184,4.134086608886719,2e-05,2.382434809164688,0.03866247273981571,0.032231299206614494,0.032439061207696795,0.03849151264876127
1854,1854,4.130900859832764,4.128708839416504,2e-05,2.388100449630268,0.03878340218216181,0.032249807147309184,0.03245548019185662,0.03851347789168358
1855,1855,4.128110885620117,4.129645347595215,2e-05,2.393283215081127,0.038831387646496296,0.032274188939481974,0.03247665683738887,0.03853925224393606
1856,1856,4.12805700302124,4.130710601806641,2e-05,2.3940489433938392,0.03882753197103739,0.03228897275403142,0.0324936683755368,0.03856224846094847
1857,1857,4.128976821899414,4.131897926330566,2e-05,2.397297929444691,0.038967917673289776,0.03230494726449251,0.032508503179997206,0.038583461195230484
1858,1858,4.128504753112793,4.13303279876709,2e-05,2.400370812725383,0.0388141255825758,0.03231844515539706,0.03252378501929343,0.03860468231141567
1859,1859,4.1307172775268555,4.130992889404297,2e-05,2.4043675533696893,0.03892095386981964,0.032334862276911736,0.03254063590429723,0.038627722300589085
1860,1860,4.128819465637207,4.128509521484375,2e-05,2.406929893263287,0.03876290936022997,0.03234179690480232,0.03254829556681216,0.038643794134259224
1861,1861,4.1271562576293945,4.130618095397949,2e-05,2.407150999256155,0.03893544152379036,0.03236945113167167,0.03257122170180082,0.03867100831121206
1862,1862,4.13110876083374,4.130230903625488,2e-05,2.4128756957984665,0.0387954730540514,0.03238301048986614,0.03258423740044236,0.03869044408202171
1863,1863,4.130523681640625,4.127011299133301,2e-05,2.4155621443000976,0.038837796077132225,0.03239190182648599,0.03259841236285865,0.03871115669608116
1864,1864,4.125877380371094,4.1302056312561035,2e-05,2.2536252702421242,0.038974568247795105,0.032419257797300816,0.032621286110952497,0.038738726638257504
1865,1865,4.128466606140137,4.13260555267334,2e-05,2.2695872941667212,0.039042199961841106,0.03242569579742849,0.0326313644181937,0.038756837137043476
1866,1866,4.1287641525268555,4.126790523529053,2e-05,2.282932902391835,0.038959688507020473,0.03244300023652613,0.032649488421157,0.03878064081072807
1867,1867,4.1282854080200195,4.130903720855713,2e-05,2.1296401917250827,0.03897523321211338,0.03246375476010144,0.03266543732024729,0.03880284074693918
1868,1868,4.1293559074401855,4.128701210021973,2e-05,2.157548633045158,0.039003126323223114,0.032477115048095584,0.03268185630440712,0.03882456477731466
1869,1869,4.127361297607422,4.128449440002441,2e-05,2.185115273217501,0.03904111962765455,0.03249251004308462,0.032697300193831325,0.03884658310562372
1870,1870,4.126435279846191,4.126922130584717,2e-05,2.2107949063759196,0.0391337601467967,0.032504535745829344,0.032711046282202005,0.03886661399155855
1871,1871,4.130047798156738,4.1284871101379395,2e-05,2.2336638125766144,0.03900040406733751,0.032523449743166566,0.0327279232442379,0.03888941369950771
1872,1872,4.1303911209106445,4.126580715179443,2e-05,2.2553127904098704,0.03904503118246794,0.03254452859982848,0.03274387703277171,0.038911540992558
1873,1873,4.127275466918945,4.13400411605835,2e-05,2.107782503635568,0.03914816305041313,0.032557369908317924,0.03276197286322713,0.03893543127924204
1874,1874,4.130078315734863,4.130398750305176,2e-05,2.1391640229738442,0.03916105628013611,0.03257330460473895,0.032776270527392626,0.03895635809749365
1875,1875,4.126259803771973,4.127315521240234,2e-05,2.171984078160804,0.03912441153079271,0.032590632094070315,0.0327925372403115,0.03897771332412958
1876,1876,4.128636837005615,4.126883506774902,2e-05,2.196056749574724,0.03908464126288891,0.032598098274320364,0.03280457644723356,0.03899814747273922
1877,1877,4.1286163330078125,4.128106117248535,2e-05,2.2168930436093484,0.03916564304381609,0.03262508357875049,0.032825567526742816,0.039023762568831444
1878,1878,4.126230716705322,4.1299285888671875,2e-05,2.2380656463702384,0.03907782398164272,0.03263420914299786,0.03283845796249807,0.03904260974377394
1879,1879,4.125250816345215,4.129950523376465,2e-05,2.2581784476671647,0.039229814894497395,0.03265006863512099,0.03285454446449876,0.039065418764948845
1880,1880,4.126837730407715,4.128758907318115,2e-05,2.276138328876568,0.03917014133185148,0.03266569948755205,0.03286809450946748,0.03908615559339523
1881,1881,4.127752780914307,4.131341457366943,2e-05,2.292940043346529,0.03933580871671438,0.03267977153882384,0.03288507997058332,0.0391088891774416
1882,1882,4.127128601074219,4.1272382736206055,2e-05,2.3070814379499254,0.03921642154455185,0.032694048481062055,0.0329005871899426,0.03913069702684879
1883,1883,4.126756191253662,4.128824234008789,2e-05,2.320191959354929,0.03918811120092869,0.03271151939406991,0.03291540523059666,0.039152588695287704
1884,1884,4.126935958862305,4.132110118865967,2e-05,2.333438194497488,0.03932169359177351,0.03273113747127354,0.03293348872102797,0.0391758531332016
1885,1885,4.129682540893555,4.1311235427856445,2e-05,2.342785437296715,0.03933867532759905,0.03274283464998007,0.03294820711016655,0.03919804189354181
1886,1886,4.130445957183838,4.132187843322754,2e-05,2.352259039508958,0.03936806786805391,0.032763757510110736,0.03296621050685644,0.03922151122242212
1887,1887,4.129047393798828,4.132413864135742,2e-05,2.3624367560217396,0.039436597377061844,0.0327769136056304,0.03298130678012967,0.039242738857865334
1888,1888,4.125044822692871,4.12967586517334,2e-05,2.3685650877537845,0.039392322301864624,0.0327941277064383,0.032995783956721425,0.03926457464694977
1889,1889,4.127490997314453,4.132195949554443,2e-05,2.3770240857223053,0.03948226198554039,0.032809285214170814,0.03301295987330377,0.039287556894123554
1890,1890,4.1260762214660645,4.131708145141602,2e-05,2.382000907571692,0.03939018398523331,0.03281993744894862,0.03302482725121081,0.03930743411183357
1891,1891,4.128814697265625,4.126710891723633,2e-05,2.3887007975735663,0.0394525658339262,0.032840775558725,0.03304633032530546,0.03933301754295826
1892,1892,4.127032279968262,4.127500534057617,2e-05,2.3927078604112446,0.039477366022765636,0.032845891546458006,0.03305574110709131,0.03935044165700674
1893,1893,4.12592887878418,4.132832050323486,2e-05,2.3984248705466853,0.039412474259734154,0.03286918974481523,0.033073262544348836,0.039374275133013725
1894,1894,4.129337310791016,4.130679130554199,2e-05,2.4012261253525393,0.039477864280343056,0.032886347733438015,0.03309245337732136,0.03939817380160093
1895,1895,4.127350330352783,4.132914066314697,2e-05,2.4061395481644112,0.03949667979031801,0.03290687268599868,0.033107918221503496,0.039420196786522865
1896,1896,4.127582550048828,4.127574920654297,2e-05,2.4080460509219326,0.03955776058137417,0.03291679988615215,0.033121284330263734,0.03944079764187336
1897,1897,4.126615047454834,4.127669811248779,2e-05,2.4125604068215702,0.039519645273685455,0.03292823722586036,0.033136562211439013,0.03946222085505724
1898,1898,4.127758026123047,4.13045597076416,2e-05,2.4139379703174013,0.039599111303687096,0.03295081201940775,0.03315477236174047,0.03948553744703531
1899,1899,4.1309075355529785,4.129179000854492,2e-05,2.417707789364215,0.03952663857489824,0.032960918033495545,0.03316562343388796,0.03950431663542986
1900,1900,4.128905296325684,4.129915237426758,2e-05,2.41875153052087,0.03970039822161198,0.03298551635816693,0.03318567853420973,0.03953003138303757
1901,1901,4.130457401275635,4.128307819366455,2e-05,2.422217793443524,0.03959580697119236,0.033000069204717875,0.033204711275175214,0.039553712122142315
1902,1902,4.1272687911987305,4.129258155822754,2e-05,2.422324195908732,0.03968784585595131,0.033016429748386145,0.03321831743232906,0.039574962109327316
1903,1903,4.12693452835083,4.13128137588501,2e-05,2.423898499490564,0.0396236889064312,0.03303068829700351,0.033235713839530945,0.03959787078201771
1904,1904,4.12842321395874,4.130500316619873,2e-05,2.4251500106742325,0.03965121041983366,0.0330421885009855,0.03324530064128339,0.039615764282643795
1905,1905,4.126960277557373,4.129579544067383,2e-05,2.4266944707148617,0.03961051627993584,0.03306177374906838,0.03326583141461015,0.039641471579670906
1906,1906,4.127402305603027,4.129841327667236,2e-05,2.4289697651789153,0.03968810848891735,0.03307880903594196,0.033279585652053356,0.039661357179284096
1907,1907,4.124542236328125,4.127457141876221,2e-05,2.425199640820353,0.03969152923673391,0.03309014067053795,0.033293124521151185,0.039683242328464985
1908,1908,4.129549503326416,4.130352973937988,2e-05,2.424553682447027,0.03981437627226114,0.033110664458945394,0.03331221570260823,0.039707847870886326
1909,1909,4.131877899169922,4.128687858581543,2e-05,2.4247200921546184,0.03981663752347231,0.03312293719500303,0.03332664049230516,0.039728375151753426
1910,1910,4.125314712524414,4.127318859100342,2e-05,2.42735306435035,0.03972345497459173,0.03314112056978047,0.03334254748187959,0.039750974625349045
1911,1911,4.128055095672607,4.1294097900390625,2e-05,2.4269223479294775,0.03982562478631735,0.03315415349788964,0.03335518529638648,0.03977078106254339
1912,1912,4.128786087036133,4.133439540863037,2e-05,2.429690782097797,0.03972814045846462,0.033173733623698354,0.033375589875504375,0.03979675564914942
1913,1913,4.128667831420898,4.128799915313721,2e-05,2.425244535015291,0.0398680679500103,0.033184121595695615,0.03338998928666115,0.03981807455420494
1914,1914,4.128544807434082,4.126827239990234,2e-05,2.420087629879828,0.03981016296893358,0.03320152754895389,0.03340503270737827,0.03983976785093546
1915,1915,4.128363132476807,4.127604007720947,2e-05,2.422314529395414,0.039871799759566784,0.03322118707001209,0.03342325612902641,0.03986365348100662
1916,1916,4.131321907043457,4.129168510437012,2e-05,2.4274624143688652,0.03990510478615761,0.03322784882038832,0.03343258216045797,0.03988169599324465
1917,1917,4.134213447570801,4.1283698081970215,2e-05,2.4294252434659076,0.04003805108368397,0.03325370769016445,0.03345484402962029,0.039908744394779205
1918,1918,4.129787445068359,4.132357120513916,2e-05,2.4295123216469308,0.039906686171889305,0.033262465381994843,0.0334673912730068,0.039928129874169827
1919,1919,4.127591133117676,4.129134178161621,2e-05,2.428116508978922,0.040027400478720665,0.0332808387465775,0.03348512854427099,0.039952284656465054
1920,1920,4.129131317138672,4.1314191818237305,2e-05,2.4313426859778016,0.03995692450553179,0.033300214214250445,0.03350004903040826,0.03997426759451628
1921,1921,4.12623405456543,4.127988815307617,2e-05,2.4294962039764942,0.039965019561350346,0.03330973908305168,0.03351437975652516,0.03999499697238207
1922,1922,4.127419471740723,4.129125595092773,2e-05,2.43300555417155,0.03997492976486683,0.03332517924718559,0.03352942573837936,0.040017031133174896
1923,1923,4.129689693450928,4.129152774810791,2e-05,2.4349445366470115,0.03996071219444275,0.03334178822115064,0.03354393946938217,0.04003902245312929
1924,1924,4.129058361053467,4.128086090087891,2e-05,2.43401950150408,0.03999915532767773,0.033355000196024776,0.033559929113835096,0.04006164148449898
1925,1925,4.127950668334961,4.129865646362305,2e-05,2.4359416938998,0.04000905901193619,0.03337133536115289,0.033572314539924264,0.04008168634027243
1926,1926,4.12861442565918,4.124853610992432,2e-05,2.434805543355691,0.040064685977995396,0.03338041505776346,0.033586819656193256,0.04010216426104307
1927,1927,4.12625789642334,4.128927707672119,2e-05,2.267275050623497,0.040092408657073975,0.03340201755054295,0.03360608662478626,0.040126764215528965
1928,1928,4.128141403198242,4.136565208435059,2e-05,2.28566114795849,0.040078526362776756,0.03342402819544077,0.03362371143884957,0.040151067078113556
1929,1929,4.126772880554199,4.128411293029785,2e-05,2.301077592854527,0.040142036974430084,0.033434155164286494,0.03363727545365691,0.040171803906559944
1930,1930,4.126450538635254,4.130777359008789,2e-05,2.3145413668315493,0.040145293809473515,0.033451740397140384,0.03365370980463922,0.04019424878060818
1931,1931,4.125698089599609,4.128696918487549,2e-05,2.327280101944968,0.040141817182302475,0.03346677031368017,0.03366843541152775,0.04021575767546892
1932,1932,4.129063606262207,4.125873565673828,2e-05,2.3387329848358935,0.040139440447092056,0.03348027286119759,0.033686050679534674,0.04023874830454588
1933,1933,4.122993469238281,4.13178825378418,2e-05,2.345738807450065,0.040211780928075314,0.0334997505415231,0.03370318911038339,0.040262396447360516
1934,1934,4.127157211303711,4.13034725189209,2e-05,2.353965911043409,0.040271298959851265,0.033521469915285707,0.033718708669766784,0.04028442595154047
1935,1935,4.125460147857666,4.126408576965332,2e-05,2.363700166128174,0.04012038931250572,0.033525539096444845,0.033728276612237096,0.04030228592455387
1936,1936,4.124715805053711,4.1275715827941895,2e-05,2.3697308205721206,0.04033735580742359,0.03354582283645868,0.03374649561010301,0.0403260700404644
1937,1937,4.129881858825684,4.129463195800781,2e-05,2.3746972422150403,0.04030061140656471,0.03355764062143862,0.03376054693944752,0.04034749511629343
1938,1938,4.127573490142822,4.126306056976318,2e-05,2.3801182048362604,0.04036805033683777,0.033579307375475764,0.03378100227564573,0.0403720261529088
1939,1939,4.127777576446533,4.1287102699279785,2e-05,2.385665999783575,0.04034802783280611,0.0335856054443866,0.03379070642404258,0.040390849113464355
1940,1940,4.126241207122803,4.127292156219482,2e-05,2.39114176752056,0.04032917506992817,0.033606502460315824,0.033806218300014734,0.04041231796145439
1941,1941,4.130537033081055,4.124579429626465,2e-05,2.3958906223141296,0.040444718673825264,0.0336183519102633,0.0338221020065248,0.04043440334498882
1942,1942,4.125922203063965,4.12700080871582,2e-05,2.2359558463641847,0.04030250944197178,0.03363941237330437,0.033841193886473775,0.04045873507857323
1943,1943,4.124730587005615,4.125855922698975,2e-05,2.2567843816404793,0.04036330711096525,0.03365179430693388,0.03385508037172258,0.040479766204953194
1944,1944,4.128101348876953,4.126572608947754,2e-05,2.275081669832145,0.0405468950048089,0.03366801957599819,0.033870447194203734,0.04050175193697214
1945,1945,4.127041339874268,4.125641345977783,2e-05,2.292851019284804,0.04049494583159685,0.03368640621192753,0.033888427540659904,0.04052510391920805
1946,1946,4.12319278717041,4.132338523864746,2e-05,2.3056718446113416,0.04043142404407263,0.03369983145967126,0.03390092798508704,0.040544417686760426
1947,1947,4.125054359436035,4.129034996032715,2e-05,2.321008789765777,0.040502121672034264,0.03371243108995259,0.03391533414833248,0.040565330535173416
1948,1948,4.127214431762695,4.124818325042725,2e-05,2.3312563177944208,0.040532306768000126,0.03373510856181383,0.03393688122741878,0.04059095960110426
1949,1949,4.127385139465332,4.1280388832092285,2e-05,2.339428498142043,0.04041769541800022,0.03374420292675495,0.033945518312975764,0.04060820024460554
1950,1950,4.126931190490723,4.124905586242676,2e-05,2.3520318116505354,0.04046671278774738,0.03376009943895042,0.033963872119784355,0.040631613694131374
1951,1951,4.133966445922852,4.125998497009277,2e-05,2.3581548528074125,0.040595514699816704,0.03378181508742273,0.03398262429982424,0.04065549839287996
1952,1952,4.126973628997803,4.125404357910156,2e-05,2.3649780404400365,0.040464747697114944,0.03378999326378107,0.03398913377895951,0.04067142494022846
1953,1953,4.1253814697265625,4.126650810241699,2e-05,2.3692844469170877,0.040488868951797485,0.03380936826579273,0.03401084430515766,0.040697164833545685
1954,1954,4.127673149108887,4.128715515136719,2e-05,2.3759275354878544,0.04060729406774044,0.03381814039312303,0.0340246616397053,0.04071817547082901
1955,1955,4.127121448516846,4.126397132873535,2e-05,2.378663981050684,0.04062988795340061,0.03383997012861073,0.03404080402106047,0.04073990695178509
1956,1956,4.12203311920166,4.12696647644043,2e-05,2.382923698312141,0.04055097699165344,0.033853184431791306,0.03405426046811044,0.040760972537100315
1957,1957,4.1229753494262695,4.124813079833984,2e-05,2.386801196307764,0.0406870748847723,0.03387260460294783,0.03407159633934498,0.04078437015414238
1958,1958,4.125401496887207,4.12631893157959,2e-05,2.3933968665602547,0.04066236689686775,0.033888690173625946,0.034090652130544186,0.04080831818282604
1959,1959,4.127971649169922,4.128868103027344,2e-05,2.39694955988413,0.040622370317578316,0.03390056313946843,0.03410322335548699,0.04082870204001665
1960,1960,4.124889373779297,4.125627040863037,2e-05,2.402244122572747,0.0406016418710351,0.033917063381522894,0.03411665000021458,0.04084969777613878
1961,1961,4.12396240234375,4.12818717956543,2e-05,2.4043478921250325,0.04073507338762283,0.033930867444723845,0.03413201658986509,0.04087137710303068
1962,1962,4.12613582611084,4.134218215942383,2e-05,2.4040038440576867,0.040688411332666874,0.033947079442441463,0.034148912178352475,0.04089461360126734
1963,1963,4.124054908752441,4.130505084991455,2e-05,2.4054707496230185,0.04077327996492386,0.033967620227485895,0.03416814492084086,0.04091937467455864
1964,1964,4.129170894622803,4.127939224243164,2e-05,2.407624879394306,0.04072560556232929,0.0339802831877023,0.034181333146989346,0.04094007704406977
1965,1965,4.129502773284912,4.126259803771973,2e-05,2.4118743048423283,0.040823543444275856,0.03399530122987926,0.03419519145973027,0.040961298160254955
1966,1966,4.126224994659424,4.127566814422607,2e-05,2.4139947854989763,0.04075879044830799,0.034006910398602486,0.034212631871923804,0.04098514840006828
1967,1967,4.12715482711792,4.126291275024414,2e-05,2.417141222073348,0.0408962769433856,0.03403054573573172,0.0342308699619025,0.04100975953042507
1968,1968,4.1256890296936035,4.128934383392334,2e-05,2.4179441815514258,0.040696045383811,0.03404146246612072,0.03424019133672118,0.04102705977857113
1969,1969,4.122140407562256,4.12465763092041,2e-05,2.4214462735152322,0.04090559855103493,0.03406047401949763,0.0342607784550637,0.04105378035455942
1970,1970,4.124449729919434,4.13283634185791,2e-05,2.4224533545187095,0.04067555256187916,0.034070164896547794,0.03427244839258492,0.04107261076569557
1971,1971,4.124539375305176,4.126559257507324,2e-05,2.424951465853029,0.04089781455695629,0.03408924420364201,0.03428972535766661,0.04109680652618408
1972,1972,4.128346920013428,4.127684593200684,2e-05,2.4249666494579842,0.040951565839350224,0.034108394058421254,0.03430828335694969,0.041121442802250385
1973,1973,4.128432273864746,4.1266913414001465,2e-05,2.4235257459660637,0.040802973322570324,0.03411868633702397,0.034319971688091755,0.041140804067254066
1974,1974,4.126209259033203,4.125027656555176,2e-05,2.423779745868303,0.04098717588931322,0.03413402079604566,0.0343339538667351,0.04116220399737358
1975,1975,4.1283745765686035,4.127366542816162,2e-05,2.422304207398456,0.04103520046919584,0.034145435551181436,0.03434894373640418,0.041184392757713795
1976,1976,4.132389068603516,4.126585960388184,2e-05,2.425078808929873,0.04106760583817959,0.03416326502338052,0.03436703537590802,0.04120808653533459
1977,1977,4.129014015197754,4.125547409057617,2e-05,2.4213732915164705,0.040869633667171,0.034179957350715995,0.034380739787593484,0.041229662485420704
1978,1978,4.123630523681641,4.126104831695557,2e-05,2.42012674040805,0.041015833616256714,0.03419691859744489,0.0343973720446229,0.04125254321843386
1979,1979,4.124563217163086,4.129834175109863,2e-05,2.42192078953995,0.041033562272787094,0.03421516390517354,0.034415145637467504,0.04127612430602312
1980,1980,4.130510330200195,4.129015922546387,2e-05,2.423318974226045,0.041091316379606724,0.03422458400018513,0.034426246071234345,0.04129526298493147
1981,1981,4.127411842346191,4.125543117523193,2e-05,2.4250038089186874,0.04108736105263233,0.03424525028094649,0.03444373467937112,0.04131909180432558
1982,1982,4.125757217407227,4.131129264831543,2e-05,2.4263101511995235,0.04096890054643154,0.03425668436102569,0.03445681487210095,0.041339471004903316
1983,1983,4.129683494567871,4.126377105712891,2e-05,2.4275848428022133,0.04106744844466448,0.03427468123845756,0.03447674890048802,0.041365254670381546
1984,1984,4.1243791580200195,4.127572536468506,2e-05,2.428779879178404,0.04115764144808054,0.034288995899260044,0.03448967798613012,0.041385513730347157
1985,1985,4.128651142120361,4.126213073730469,2e-05,2.429814427397629,0.04122241027653217,0.03430437808856368,0.034505177987739444,0.04140815883874893
1986,1986,4.124284744262695,4.1247100830078125,2e-05,2.43045901429203,0.04108121991157532,0.03431595768779516,0.03452013712376356,0.04143025632947683
1987,1987,4.126242637634277,4.1309356689453125,2e-05,2.431460608344569,0.04118735436350107,0.034339044243097305,0.03453651792369783,0.041453540325164795
1988,1988,4.126742362976074,4.127101898193359,2e-05,2.4323552060178737,0.04115192126482725,0.03435237891972065,0.03455060627311468,0.04147443734109402
1989,1989,4.125319480895996,4.128971099853516,2e-05,2.433004906189902,0.04112941399216652,0.03436245187185705,0.0345619423314929,0.04149438440799713
1990,1990,4.1252946853637695,4.1319708824157715,2e-05,2.4333764454903974,0.04115076642483473,0.03438299358822405,0.034582586493343115,0.04152028728276491
1991,1991,4.129166126251221,4.127073287963867,2e-05,2.4337193513385595,0.04128735698759556,0.034395546885207295,0.034596442710608244,0.04154133051633835
1992,1992,4.128963470458984,4.1278791427612305,2e-05,2.4308258922316237,0.04116256441920996,0.034408395644277334,0.03460692218504846,0.04156044032424688
1993,1993,4.125204086303711,4.127316951751709,2e-05,2.429407618037047,0.041367197409272194,0.03442126652225852,0.03462396585382521,0.04158393293619156
1994,1994,4.124625205993652,4.12545108795166,2e-05,2.429963496781188,0.04129536543041468,0.03444826835766435,0.034644169034436345,0.041609443724155426
1995,1995,4.126265048980713,4.12524938583374,2e-05,2.4298646066361336,0.041385963559150696,0.0344605497084558,0.034657401498407125,0.04163027182221413
1996,1996,4.127419471740723,4.12835693359375,2e-05,2.430782145401312,0.04136599972844124,0.034477445064112544,0.034675812581554055,0.041654049418866634
1997,1997,4.124829292297363,4.126497745513916,2e-05,2.4313418848274693,0.041251057758927345,0.034487528493627906,0.03468896099366248,0.041675375774502754
1998,1998,4.123940944671631,4.128245830535889,2e-05,2.432284253240188,0.041324593126773834,0.034511744510382414,0.03470722562633455,0.0416993061080575
1999,1999,4.125509262084961,4.125982284545898,2e-05,2.433009348572581,0.041432139463722706,0.034518254455178976,0.03471891093067825,0.04171966761350632
2000,2000,4.124615669250488,4.131124496459961,2e-05,2.4335987556537186,0.04144293814897537,0.034535400569438934,0.034734472166746855,0.041741964407265186
2001,2001,4.1246490478515625,4.12727165222168,2e-05,2.4342111899195107,0.04150758497416973,0.034554342506453395,0.03475371631793678,0.04176617041230202
2002,2002,4.124805927276611,4.124232292175293,2e-05,2.4354098083832203,0.04150443524122238,0.03456717077642679,0.03476875205524266,0.04178807884454727
2003,2003,4.123437881469727,4.125691890716553,2e-05,2.2670615208329936,0.04162868671119213,0.03458434552885592,0.03478339035063982,0.041810180991888046
2004,2004,4.12331485748291,4.128277778625488,2e-05,2.2854258722796783,0.041422625072300434,0.03460055077448487,0.03479416435584426,0.04182928800582886
2005,2005,4.125451564788818,4.130125045776367,2e-05,2.300628610557794,0.04151127114892006,0.03461857163347304,0.03481506719253957,0.04185546934604645
2006,2006,4.124539375305176,4.124782562255859,2e-05,2.3123189289652615,0.041566865518689156,0.03463099873624742,0.03482802864164114,0.04187635239213705
2007,2007,4.12529182434082,4.124425411224365,2e-05,2.3272152359867735,0.041548711247742176,0.03464721795171499,0.03484355704858899,0.04189905431121588
2008,2008,4.124553203582764,4.1238694190979,2e-05,2.335858382682606,0.04170725028961897,0.03466486278921366,0.034862770698964596,0.041923170909285545
2009,2009,4.129807472229004,4.126152992248535,2e-05,2.1823121670128187,0.04157128185033798,0.034675566945225,0.03487404715269804,0.04194247256964445
2010,2010,4.123532295227051,4.1249189376831055,2e-05,2.2038990394570455,0.04166414774954319,0.03469562577083707,0.03489375440403819,0.041968170553445816
2011,2011,4.1249871253967285,4.122852802276611,2e-05,2.224117134947852,0.04156441893428564,0.03470264351926744,0.03490610234439373,0.0419887313619256
2012,2012,4.124468803405762,4.125768661499023,2e-05,2.081446476910998,0.0417826846241951,0.0347286481410265,0.034925507148727775,0.04201339650899172
2013,2013,4.1267805099487305,4.1258697509765625,2e-05,2.1170744387596754,0.041792748495936394,0.034735299879685044,0.03493506577797234,0.042032419703900814
2014,2014,4.124761581420898,4.127545356750488,2e-05,2.1491413098784022,0.04148190934211016,0.0347422722261399,0.034948386484757066,0.04205223359167576
2015,2015,4.128439426422119,4.1258440017700195,2e-05,2.1781960722928617,0.041716462932527065,0.03477594302967191,0.03497205558232963,0.04208018723875284
2016,2016,4.1260666847229,4.124902725219727,2e-05,2.203856090962511,0.041569932363927364,0.03477892722003162,0.03498201770707965,0.04209950752556324
2017,2017,4.12422513961792,4.1229658126831055,2e-05,2.2291059187407694,0.04170431662350893,0.03479827777482569,0.034998599672690034,0.04212223831564188
2018,2018,4.125344276428223,4.128759860992432,2e-05,2.2450418869368614,0.04177480470389128,0.03481424553319812,0.03501279838383198,0.04214346222579479
2019,2019,4.122991561889648,4.12530517578125,2e-05,2.2614434654456357,0.041841221041977406,0.034829376032575965,0.035029105842113495,0.04216653946787119
2020,2020,4.123140335083008,4.125195503234863,2e-05,2.278822987833983,0.041901085525751114,0.03484900901094079,0.035046535078436136,0.042189921252429485
2021,2021,4.126780033111572,4.124865531921387,2e-05,2.294593976016326,0.04181953426450491,0.03486078348942101,0.035061272559687495,0.042211541905999184
2022,2022,4.122188568115234,4.127994537353516,2e-05,2.3092282334927785,0.04186615627259016,0.03487178264185786,0.03507553250528872,0.042232717387378216
2023,2023,4.125859260559082,4.12822151184082,2e-05,2.3217612195283466,0.04201077576726675,0.034897331148386,0.03509385487996042,0.042255996726453304
2024,2024,4.125290393829346,4.123706817626953,2e-05,2.333872128727293,0.042024148628115654,0.034906910732388496,0.03510567522607744,0.042276639491319656
2025,2025,4.1240925788879395,4.12556791305542,2e-05,2.3444128195725047,0.04187803063541651,0.0349284578114748,0.035125311464071274,0.04230079147964716
2026,2026,4.128406524658203,4.125617504119873,2e-05,2.353602677534543,0.041911207139492035,0.03494700975716114,0.03514299122616649,0.042324526235461235
2027,2027,4.124515056610107,4.131039619445801,2e-05,2.3622847774964315,0.041908287443220615,0.03495678165927529,0.035154522862285376,0.04234440252184868
2028,2028,4.122306823730469,4.129805088043213,2e-05,2.370574757469464,0.041765172965824604,0.034963654121384025,0.03516772645525634,0.04236420150846243
2029,2029,4.125508785247803,4.125122547149658,2e-05,2.37683198884156,0.041892435401678085,0.034989182371646166,0.03518592566251755,0.042389387264847755
2030,2030,4.1233038902282715,4.127265930175781,2e-05,2.3829521013371733,0.042035588063299656,0.03500833362340927,0.035204606829211116,0.042413318529725075
2031,2031,4.12311315536499,4.125422477722168,2e-05,2.3883476669604997,0.04196958802640438,0.03501326194964349,0.03521361225284636,0.04243144113570452
2032,2032,4.123666763305664,4.130303859710693,2e-05,2.3967781325070616,0.042076521553099155,0.03503964585252106,0.03523489856161177,0.042457688599824905
2033,2033,4.121498107910156,4.12899112701416,2e-05,2.394217496952148,0.04208953119814396,0.03505525109358132,0.03524955874308944,0.04247961100190878
2034,2034,4.126316070556641,4.133032321929932,2e-05,2.3953190425264297,0.04211154021322727,0.035063841845840216,0.035263906698673964,0.04250180162489414
2035,2035,4.12595272064209,4.127599716186523,2e-05,2.39981241499062,0.042113407514989376,0.035075687104836106,0.03527461574412882,0.04252152517437935
2036,2036,4.124723434448242,4.12941312789917,2e-05,2.403532175466636,0.04204214457422495,0.03509615804068744,0.03529389132745564,0.04254520684480667
2037,2037,4.124289035797119,4.127194404602051,2e-05,2.407105154033301,0.04212799854576588,0.035104939015582204,0.035307300044223666,0.04256697744131088
2038,2038,4.123086929321289,4.121471405029297,2e-05,2.410223540784526,0.04219519533216953,0.035128079587593675,0.03532745037227869,0.04259148519486189
2039,2039,4.1229753494262695,4.125626564025879,2e-05,2.2480424497784077,0.04226011224091053,0.03514280682429671,0.03534174128435552,0.042613628320395947
2040,2040,4.130912780761719,4.125940322875977,2e-05,2.2695177526077,0.042211005464196205,0.03516090428456664,0.03535960032604635,0.04263746924698353
2041,2041,4.123567581176758,4.12632417678833,2e-05,2.281067584240957,0.04210579488426447,0.035171642201021314,0.03536919271573424,0.04265573527663946
2042,2042,4.1275739669799805,4.128431797027588,2e-05,2.2940599537231234,0.04204169753938913,0.035188998794183135,0.03538301447406411,0.042676787823438644
2043,2043,4.123363494873047,4.126437664031982,2e-05,2.3084862730145805,0.0421515628695488,0.03520445968024433,0.03540500206872821,0.042703538201749325
2044,2044,4.1236042976379395,4.127188682556152,2e-05,2.3216988162921464,0.04220143239945173,0.0352199908811599,0.035421138629317284,0.04272557143121958
2045,2045,4.12540340423584,4.126248836517334,2e-05,2.3348323523050807,0.0421978235244751,0.035234101582318544,0.0354322821367532,0.042744637466967106
2046,2046,4.124118804931641,4.125361442565918,2e-05,2.343699209665158,0.04226828459650278,0.03525216272100806,0.035450976341962814,0.04276830330491066
2047,2047,4.125199317932129,4.1258978843688965,2e-05,2.350700646847691,0.04220598563551903,0.03526916936971247,0.035464547807350755,0.04278890322893858
2048,2048,4.125103950500488,4.1243391036987305,2e-05,2.362093039280696,0.04233779665082693,0.03528318414464593,0.035478204721584916,0.042810418643057346
2049,2049,4.124493598937988,4.124434471130371,2e-05,2.3710439015565443,0.04227024782449007,0.03529051458463073,0.03549063787795603,0.042829934507608414
2050,2050,4.128396987915039,4.124056339263916,2e-05,2.3766288833181783,0.042383523657917976,0.03531932318583131,0.03551191417500377,0.042855498380959034
2051,2051,4.126398086547852,4.123552322387695,2e-05,2.380563285763942,0.042432013899087906,0.03533017891459167,0.035528191132470965,0.042877793312072754
2052,2052,4.127201080322266,4.119603157043457,2e-05,2.3893815180014557,0.042389228008687496,0.03534583072178066,0.03554173209704459,0.042898389510810375
2053,2053,4.120842456817627,4.13228702545166,2e-05,2.2299575082280656,0.0423814682289958,0.03536123130470514,0.035555832320824265,0.0429194550961256
2054,2054,4.122917175292969,4.123814582824707,2e-05,2.2493978459514974,0.04237591102719307,0.03537042369134724,0.03557276399806142,0.04294204246252775
2055,2055,4.121880531311035,4.124483108520508,2e-05,2.267220138804716,0.042433290742337704,0.03539609326981008,0.03559065982699394,0.04296602588146925
2056,2056,4.122735977172852,4.126466751098633,2e-05,2.2812457672363253,0.04244237206876278,0.0354101515840739,0.035605262499302626,0.04298779461532831
2057,2057,4.123095512390137,4.122824668884277,2e-05,2.296912561369121,0.04244981333613396,0.035420008935034275,0.03561571170575917,0.043006161227822304
2058,2058,4.125678062438965,4.1268720626831055,2e-05,2.307419625036412,0.042398652993142605,0.035435210447758436,0.03563232277520001,0.04302921984344721
2059,2059,4.121796131134033,4.123652458190918,2e-05,2.3172906464253002,0.042420501820743084,0.0354506962466985,0.035648594377562404,0.04305184632539749
2060,2060,4.123274326324463,4.127664089202881,2e-05,2.330526987657242,0.04260679427534342,0.03545743110589683,0.035662289476022124,0.04307256639003754
2061,2061,4.122045516967773,4.123060703277588,2e-05,2.3399778679625247,0.04257544223219156,0.03548847674392164,0.03568239416927099,0.04309783037751913
2062,2062,4.124883651733398,4.127662658691406,2e-05,2.3501216239024774,0.04255479667335749,0.035491677932441235,0.03569267876446247,0.043117063120007515
2063,2063,4.1217145919799805,4.122804641723633,2e-05,2.358890598565231,0.042620168067514896,0.035512025002390146,0.03570913872681558,0.04313982184976339
2064,2064,4.120799541473389,4.122366905212402,2e-05,2.366973848539872,0.04250696115195751,0.03552285209298134,0.03572224988602102,0.04316088370978832
2065,2065,4.122488498687744,4.124284267425537,2e-05,2.3740593063131246,0.042432382702827454,0.03553983522579074,0.035738682141527534,0.0431834077462554
2066,2066,4.124134063720703,4.121784210205078,2e-05,2.38060860432543,0.04262195713818073,0.0355618114117533,0.03575567156076431,0.04320724215358496
2067,2067,4.125309944152832,4.125899314880371,2e-05,2.386344231973242,0.042706405743956566,0.03557213838212192,0.03576983883976936,0.04322833567857742
2068,2068,4.125821590423584,4.126328468322754,2e-05,2.3923123742704786,0.042600758373737335,0.03558761440217495,0.03578392625786364,0.04325015842914581
2069,2069,4.1257734298706055,4.132290840148926,2e-05,2.3960073845246033,0.042694367468357086,0.035599635215476155,0.03580016363412142,0.043273487128317356
2070,2070,4.121597766876221,4.125916004180908,2e-05,2.4014237280511366,0.04258456639945507,0.03561016102321446,0.0358106738422066,0.04329240880906582
2071,2071,4.121725082397461,4.128531455993652,2e-05,2.4039014438316126,0.042749371379613876,0.03563625714741647,0.03582945326343179,0.04331692587584257
2072,2072,4.124653339385986,4.125392436981201,2e-05,2.407827449093639,0.04276482202112675,0.03565082815475762,0.03584541962482035,0.04334043152630329
2073,2073,4.124053955078125,4.128376007080078,2e-05,2.407198325765042,0.0426615197211504,0.03566343756392598,0.03586334316059947,0.0433637909591198
2074,2074,4.123926639556885,4.120087146759033,2e-05,2.4042753215676864,0.04276837129145861,0.035685194889083505,0.035880770767107606,0.0433880565688014
2075,2075,4.122262954711914,4.127904415130615,2e-05,2.4103102465286916,0.04274484608322382,0.03569425246678293,0.03588867047801614,0.04340518731623888
2076,2076,4.126408576965332,4.122462749481201,2e-05,2.4133301359882138,0.04282909631729126,0.03570999507792294,0.035907409619539976,0.04342972673475742
2077,2077,4.12385892868042,4.123312950134277,2e-05,2.4161489292113094,0.042749310843646526,0.035725576570257545,0.03592178341932595,0.04345202539116144
2078,2078,4.127523422241211,4.128984451293945,2e-05,2.4181123802657725,0.04277985729277134,0.03574337903410196,0.03593571064993739,0.043474056757986546
2079,2079,4.125950813293457,4.128395080566406,2e-05,2.420292244139599,0.04297245293855667,0.035748799331486225,0.035945181269198656,0.043492432683706284
2080,2080,4.120208740234375,4.122959136962891,2e-05,2.4220288076843683,0.04279637709259987,0.035770813236013055,0.03596833604387939,0.043518977239727974
2081,2081,4.123575210571289,4.1270060539245605,2e-05,2.42353886056352,0.04291505180299282,0.035783614264801145,0.035981540102511644,0.04354114271700382
2082,2082,4.126764297485352,4.1241865158081055,2e-05,2.425436045336681,0.04278684500604868,0.035791466012597084,0.03599195531569421,0.04356027860194445
2083,2083,4.12767219543457,4.124085426330566,2e-05,2.4278130783490295,0.04295267537236214,0.035816055024042726,0.03601145092397928,0.0435850964859128
2084,2084,4.124582290649414,4.128757476806641,2e-05,2.4277549535395426,0.042900167405605316,0.03582812799140811,0.0360245977062732,0.04360630922019482
2085,2085,4.123386383056641,4.12504768371582,2e-05,2.4286872781161826,0.042834365740418434,0.03583140904083848,0.036034717690199614,0.04362586420029402
2086,2086,4.125136375427246,4.121419906616211,2e-05,2.4267842928022767,0.04290223214775324,0.035858811577782035,0.03605738561600447,0.043653713539242744
2087,2087,4.126091480255127,4.124429702758789,2e-05,2.4275089529174365,0.04302125982940197,0.03587235789746046,0.036068889079615474,0.04367345478385687
2088,2088,4.119773864746094,4.123787879943848,2e-05,2.4251469452586467,0.04288249835371971,0.035883065313100815,0.036080868914723396,0.04369370173662901
2089,2089,4.122410774230957,4.128290176391602,2e-05,2.4275787141634066,0.04305908642709255,0.035898723639547825,0.0360973144415766,0.04371806047856808
2090,2090,4.12076473236084,4.124802589416504,2e-05,2.4282868586388244,0.04314280766993761,0.035912686260417104,0.036111098481342196,0.04373920988291502
2091,2091,4.122903347015381,4.122387886047363,2e-05,2.4286149715355605,0.04316650237888098,0.03592904284596443,0.03612565994262695,0.04376168828457594
2092,2092,4.125289440155029,4.124849319458008,2e-05,2.429814644961028,0.04299295134842396,0.03594861109741032,0.03614585194736719,0.04378717020153999
2093,2093,4.120716094970703,4.1258649826049805,2e-05,2.4304626169320187,0.04300432000309229,0.03596240608021617,0.0361581917386502,0.04380779340863228
2094,2094,4.125621795654297,4.127141952514648,2e-05,2.4309470322195037,0.04304539132863283,0.03596934652887285,0.03616692288778722,0.043826594948768616
2095,2095,4.125809669494629,4.122753143310547,2e-05,2.4320760085915696,0.04316963069140911,0.035984832560643554,0.0361845048610121,0.04385055601596832
2096,2096,4.121368408203125,4.128310680389404,2e-05,2.433749456164124,0.04329217318445444,0.036009920528158545,0.036206059623509645,0.04387763701379299
2097,2097,4.123747825622559,4.1230621337890625,2e-05,2.4332990646195105,0.043135374784469604,0.036010802956297994,0.03621147689409554,0.043893405236303806
2098,2098,4.121386528015137,4.126976490020752,2e-05,2.4341859909025985,0.04323594365268946,0.036037209210917354,0.03623321745544672,0.04392050113528967
2099,2099,4.122616767883301,4.125781536102295,2e-05,2.434265733955866,0.043257770128548145,0.03605070011690259,0.03624441218562424,0.04394041281193495
2100,2100,4.1220598220825195,4.121309757232666,2e-05,2.4359355215917264,0.04318335000425577,0.036061738384887576,0.036258273059502244,0.04396292194724083
2101,2101,4.121093273162842,4.121651649475098,2e-05,2.4353224250850922,0.043177731335163116,0.03608286869712174,0.03627974493429065,0.04398832842707634
2102,2102,4.120512008666992,4.124734878540039,2e-05,2.4354451733280613,0.04322618246078491,0.036096304189413786,0.03629171894863248,0.04400916025042534
2103,2103,4.123865127563477,4.123937129974365,2e-05,2.4358131921323207,0.043283228762447834,0.036109921522438526,0.03630586666986346,0.044031442143023014
2104,2104,4.126250267028809,4.123647212982178,2e-05,2.436212724241046,0.04328631702810526,0.03612425993196666,0.03631987515836954,0.04405340552330017
2105,2105,4.124284267425537,4.124898910522461,2e-05,2.4365535126485534,0.04337084945291281,0.036140648648142815,0.03633414814248681,0.04407561291009188
2106,2106,4.120797157287598,4.121448993682861,2e-05,2.433620855581217,0.043304803781211376,0.036151267820969224,0.03634723415598273,0.04409691412001848
2107,2107,4.123415946960449,4.123638153076172,2e-05,2.4334206594024725,0.04335996601730585,0.03617256204597652,0.036367327673360705,0.04412254225462675
2108,2108,4.122097969055176,4.129652976989746,2e-05,2.4307796701425466,0.0432498836889863,0.036175540648400784,0.03637396008707583,0.04413985926657915
2109,2109,4.12138557434082,4.123017311096191,2e-05,2.430663522062132,0.043517800979316235,0.036196967121213675,0.036391368601471186,0.04416432045400143
2110,2110,4.122376441955566,4.123157024383545,2e-05,2.4285479157303733,0.04356589633971453,0.03621524968184531,0.036411877954378724,0.04419036861509085
2111,2111,4.123470783233643,4.123603820800781,2e-05,2.422950767419401,0.043463824316859245,0.03622655593790114,0.03642260120250285,0.04421058762818575
2112,2112,4.121253967285156,4.122849941253662,2e-05,2.416398038890987,0.043409314937889576,0.03623433317989111,0.03643501736223698,0.04423119965940714
2113,2113,4.1194353103637695,4.126082420349121,2e-05,2.4154825922461796,0.04344932083040476,0.036257457453757524,0.036452512722462416,0.04425508342683315
2114,2114,4.1240973472595215,4.124859809875488,2e-05,2.4109563470642166,0.04350099712610245,0.03627187781967223,0.03646689001470804,0.04427745658904314
2115,2115,4.126801490783691,4.122637748718262,2e-05,2.409896873517296,0.043540031649172306,0.03628556220792234,0.03648189874365926,0.04429995361715555
2116,2116,4.120791912078857,4.126078128814697,2e-05,2.410011318897345,0.0435834601521492,0.03629696019925177,0.03649385878816247,0.044320941902697086
2117,2117,4.12261962890625,4.123857021331787,2e-05,2.41048023407864,0.043554204516112804,0.03631374170072377,0.03651291225105524,0.04434597212821245
2118,2118,4.122859954833984,4.121982097625732,2e-05,2.4114809565542172,0.04345426056534052,0.03632903168909252,0.03652639780193567,0.04436755459755659
2119,2119,4.1273345947265625,4.122064113616943,2e-05,2.4114803774904647,0.043589649721980095,0.03634455939754844,0.03654060047119856,0.04438953846693039
2120,2120,4.12394380569458,4.124539375305176,2e-05,2.4112064653507637,0.043573398143053055,0.036361104575917125,0.036555113503709435,0.04441190417855978
2121,2121,4.120860576629639,4.122185707092285,2e-05,2.4167786048938535,0.043716625310480595,0.03637443366460502,0.03657276392914355,0.044436714611947536
2122,2122,4.123508453369141,4.124319553375244,2e-05,2.4203040410210073,0.0435393862426281,0.03638554899953306,0.03658438031561673,0.04445661511272192
2123,2123,4.121949195861816,4.123044013977051,2e-05,2.4207552774480448,0.04382048640400171,0.036401633406057954,0.03659767541103065,0.044478388503193855
2124,2124,4.124693870544434,4.124936103820801,2e-05,2.4200795353693043,0.04352797660976648,0.03641395806334913,0.03661325015127659,0.04450066480785608
2125,2125,4.122261047363281,4.122643947601318,2e-05,2.424820270081391,0.04355141054838896,0.036433988250792027,0.03663204098120332,0.04452563915401697
2126,2126,4.1177568435668945,4.1298956871032715,2e-05,2.423704585296652,0.04364253208041191,0.03645404661074281,0.03664635284803808,0.04454738460481167
2127,2127,4.120587348937988,4.123364448547363,2e-05,2.423233319813581,0.043677705340087414,0.036461684154346585,0.036661074263975024,0.04456953424960375
2128,2128,4.120781421661377,4.1202592849731445,2e-05,2.4215778143741735,0.04376961197704077,0.0364788300357759,0.036675787065178156,0.04459186922758818
2129,2129,4.122468948364258,4.123513698577881,2e-05,2.4230682086882482,0.043753151781857014,0.03649080893956125,0.03669131686910987,0.04461483098566532
2130,2130,4.125638961791992,4.128995418548584,2e-05,2.4209017686767402,0.04384699184447527,0.03651283052749932,0.03670628019608557,0.04463751334697008
2131,2131,4.122370719909668,4.123342514038086,2e-05,2.4173687162170046,0.043807088397443295,0.03652061917819083,0.036718465853482485,0.04465901106595993
2132,2132,4.123135566711426,4.121411323547363,2e-05,2.417791614297136,0.04373573325574398,0.03652975056320429,0.0367292866576463,0.044678445905447006
2133,2133,4.122749328613281,4.1326422691345215,2e-05,2.4169315453330533,0.04394061304628849,0.036554497899487615,0.03675007331185043,0.04470440186560154
2134,2134,4.120276927947998,4.125540256500244,2e-05,2.415831438107202,0.043885442428290844,0.03656997578218579,0.036766340490430593,0.0447281775996089
2135,2135,4.124532699584961,4.124362468719482,2e-05,2.4103164586454224,0.04385310132056475,0.03658481501042843,0.036780509166419506,0.04474985506385565
2136,2136,4.117178440093994,4.12198543548584,2e-05,2.4048215939727244,0.04390022158622742,0.0365939955227077,0.036791516933590174,0.04476980399340391
2137,2137,4.1187238693237305,4.125480651855469,2e-05,2.3995137634434407,0.04390250984579325,0.03661249065771699,0.036808799020946026,0.044793764129281044
2138,2138,4.120982646942139,4.1243510246276855,2e-05,2.393222758752195,0.04392307065427303,0.036635377909988165,0.036829240154474974,0.04481966141611338
2139,2139,4.130030632019043,4.12299108505249,2e-05,2.395598323978468,0.04386998899281025,0.036647236440330744,0.03683803603053093,0.04483805596828461
2140,2140,4.121416091918945,4.121438980102539,2e-05,2.391567312275335,0.0440171780064702,0.03666175901889801,0.036858415929600596,0.04486363101750612
2141,2141,4.122058391571045,4.121990203857422,2e-05,2.3900517174246834,0.04397714510560036,0.03667866135947406,0.036871852120384574,0.044884885661304
2142,2142,4.119658470153809,4.122919082641602,2e-05,2.388357512530929,0.04408707842230797,0.0366887548007071,0.03688546200282872,0.04490664601325989
2143,2143,4.120475769042969,4.125736236572266,2e-05,2.38849773130943,0.044157493859529495,0.03670685878023505,0.03690237319096923,0.044930702075362206
2144,2144,4.123218059539795,4.121188163757324,2e-05,2.390310797991981,0.04418347682803869,0.03672610432840884,0.03691643080674112,0.04495261423289776
2145,2145,4.121124267578125,4.120013236999512,2e-05,2.3889451680048475,0.04412759095430374,0.036733576795086265,0.03693255875259638,0.04497569054365158
2146,2146,4.121164321899414,4.120872974395752,2e-05,2.3877923153401444,0.04414040129631758,0.036752395797520876,0.03695163386873901,0.04500062484294176
2147,2147,4.120166778564453,4.129452705383301,2e-05,2.386114126691246,0.04416116699576378,0.03676288481801748,0.036959988763555884,0.045019377022981644
2148,2148,4.12055778503418,4.121770858764648,2e-05,2.3832817514172158,0.04403874184936285,0.03678406146354973,0.036977332551032305,0.04504347313195467
2149,2149,4.120303630828857,4.119504928588867,2e-05,2.3820739811969407,0.04394569527357817,0.03678207844495773,0.03698582272045314,0.04506240785121918
2150,2150,4.124415397644043,4.12286376953125,2e-05,2.2133281821729964,0.044076952151954174,0.03681214828975499,0.03700828063301742,0.04508935287594795
2151,2151,4.118551254272461,4.121679306030273,2e-05,2.2212587684087755,0.044148217886686325,0.03682669601403177,0.03702414175495505,0.045112879015505314
2152,2152,4.123823642730713,4.126224040985107,2e-05,2.2426023098188037,0.044130684807896614,0.03683724091388285,0.03703391319140792,0.045132086612284184
2153,2153,4.122042655944824,4.12075138092041,2e-05,2.254376661712314,0.04406573250889778,0.03685954282991588,0.03705349727533758,0.045157307758927345
2154,2154,4.121196746826172,4.118812561035156,2e-05,2.266880345725776,0.04427358601242304,0.03687358554452658,0.03706779703497887,0.04517896752804518
2155,2155,4.119452953338623,4.122637748718262,2e-05,2.1187640569734456,0.04439184907823801,0.0368937395978719,0.03708431986160576,0.04520300216972828
2156,2156,4.119386672973633,4.121959686279297,2e-05,2.15143356640037,0.04429069720208645,0.03689770097844303,0.037097497144714,0.04522446356713772
2157,2157,4.121124744415283,4.123645782470703,2e-05,2.179812376740776,0.044392677024006844,0.03691968647763133,0.03711553057655692,0.04524853080511093
2158,2158,4.123569488525391,4.118551254272461,2e-05,2.206279265333135,0.04431182984262705,0.03693492943421006,0.03712974092923105,0.045270344242453575
2159,2159,4.124734878540039,4.120039463043213,2e-05,2.0651600377095582,0.044335709884762764,0.03694406943395734,0.037139339139685035,0.045290286652743816
2160,2160,4.12013053894043,4.125154972076416,2e-05,2.105066401972751,0.04427912179380655,0.036960382014513016,0.037156846141442657,0.045313041657209396
2161,2161,4.125435829162598,4.122121810913086,2e-05,2.1379696524671,0.044361239299178123,0.036982303485274315,0.03717675618827343,0.0453389473259449
2162,2162,4.122424125671387,4.120697021484375,2e-05,2.1695849496912256,0.044515895657241344,0.037002182099968195,0.037191807525232434,0.04536168556660414
2163,2163,4.126331806182861,4.129505157470703,2e-05,2.1951013457292268,0.04432128742337227,0.03700707131065428,0.037203512620180845,0.04538201354444027
2164,2164,4.119625091552734,4.119379997253418,2e-05,2.220565228201072,0.04453274328261614,0.037027538288384676,0.037222826620563865,0.045407059602439404
2165,2165,4.12335729598999,4.123755931854248,2e-05,2.2408925146034493,0.04456780105829239,0.03704113909043372,0.0372347563970834,0.04542851075530052
2166,2166,4.121890068054199,4.1285858154296875,2e-05,2.2623037088663853,0.04450227040797472,0.03705510450527072,0.037247970001772046,0.04544949531555176
2167,2167,4.12455415725708,4.119632720947266,2e-05,2.278563415939833,0.044377582147717476,0.03706307616084814,0.03725864156149328,0.04546951409429312
2168,2168,4.1215057373046875,4.121870994567871,2e-05,2.295917273236748,0.04445970617234707,0.03707839665003121,0.037274653557688,0.04549219459295273
2169,2169,4.121087551116943,4.122286319732666,2e-05,2.3088595079811514,0.04452484380453825,0.03709695115685463,0.03729292401112616,0.04551666509360075
2170,2170,4.124093055725098,4.122716903686523,2e-05,2.32311475081183,0.04459682106971741,0.03711325046606362,0.037309379084035754,0.04553952906280756
2171,2171,4.119268894195557,4.121206283569336,2e-05,2.3333980266384993,0.04448319040238857,0.03712665243074298,0.03732042689807713,0.04556012060493231
2172,2172,4.1235671043396,4.126164436340332,2e-05,2.3454929585129083,0.04450872726738453,0.03713264316320419,0.037329204147681594,0.045578693971037865
2173,2173,4.120402812957764,4.123224258422852,2e-05,2.3531977142933362,0.044591606594622135,0.037160636158660054,0.03735670633614063,0.045608336105942726
2174,2174,4.117271423339844,4.123848915100098,2e-05,2.3633403409816793,0.044665589928627014,0.03717377805151045,0.03736960096284747,0.0456294771283865
2175,2175,4.125309944152832,4.125446796417236,2e-05,2.3694120369480474,0.044536164961755276,0.03718909970484674,0.03738571563735604,0.04565238766372204
2176,2176,4.120384216308594,4.126752853393555,2e-05,2.3763594681128817,0.044692812487483025,0.03720362135209143,0.0373950304929167,0.04567133542150259
2177,2177,4.124527931213379,4.1212568283081055,2e-05,2.382225266707833,0.044768933206796646,0.03721843543462455,0.037412434350699186,0.0456953477114439
2178,2178,4.120183944702148,4.123665809631348,2e-05,2.3885143343727036,0.0445936331525445,0.03723087487742305,0.037426425609737635,0.04571726731956005
2179,2179,4.1199188232421875,4.120361328125,2e-05,2.393028589994407,0.044825841672718525,0.03724583680741489,0.03744182945229113,0.045739997178316116
2180,2180,4.1193952560424805,4.122121334075928,2e-05,2.3980572991236286,0.044698203913867474,0.03726000478491187,0.03745506121776998,0.04576149955391884
2181,2181,4.120125770568848,4.122433185577393,2e-05,2.4028266645821654,0.04477529041469097,0.03727531270124018,0.03747211443260312,0.04578506201505661
2182,2182,4.122138023376465,4.126283645629883,2e-05,2.4051928091434243,0.044780726544559,0.037297392496839166,0.03748920443467796,0.045808701775968075
2183,2183,4.121258735656738,4.120914459228516,2e-05,2.4089400093288207,0.04486730229109526,0.0373059322591871,0.037501378217712045,0.04582991823554039
2184,2184,4.12217903137207,4.1173996925354,2e-05,2.4120593228380955,0.04493193235248327,0.03732195496559143,0.03751903213560581,0.04585403949022293
2185,2185,4.123912811279297,4.1195173263549805,2e-05,2.25133243782032,0.044872296042740345,0.03733712946996093,0.037532464135438204,0.04587607737630606
2186,2186,4.12232780456543,4.122167110443115,2e-05,2.270559891279383,0.04485230706632137,0.03734753071330488,0.03754369798116386,0.04589642304927111
2187,2187,4.115696907043457,4.123388290405273,2e-05,2.2838546520317444,0.04475594870746136,0.03736836579628289,0.037561996607109904,0.04592077061533928
2188,2188,4.121430397033691,4.120229721069336,2e-05,2.3024644960826204,0.04494752734899521,0.03737588203512132,0.037572803907096386,0.045941065065562725
2189,2189,4.1210150718688965,4.1194000244140625,2e-05,2.318030234396904,0.044716378673911095,0.037393216509371996,0.03758643544279039,0.04596325941383839
2190,2190,4.122339725494385,4.116376876831055,2e-05,2.3301090177407895,0.04495082888752222,0.03741250280290842,0.0376040821429342,0.04598689638078213
2191,2191,4.122991561889648,4.1205034255981445,2e-05,2.1773124142887212,0.044837445951998234,0.037422699155285954,0.03761553158983588,0.04600752145051956
2192,2192,4.117646217346191,4.1210808753967285,2e-05,2.2057458879931007,0.044924914836883545,0.0374394606333226,0.03763243113644421,0.04603159427642822
2193,2193,4.117410182952881,4.119929790496826,2e-05,2.2291401925960903,0.044963098131120205,0.037456280551850796,0.037647722056135535,0.04605439864099026
2194,2194,4.120675086975098,4.123600959777832,2e-05,2.2501762780902284,0.04501380119472742,0.03746956819668412,0.03766323416493833,0.04607665445655584
2195,2195,4.121806621551514,4.1259565353393555,2e-05,2.2679613265063665,0.04489702545106411,0.03748080204240978,0.03767516929656267,0.046097914688289165
2196,2196,4.1194257736206055,4.1236395835876465,2e-05,2.2884111263214697,0.04504901170730591,0.0375006296671927,0.037693439051508904,0.04612302500754595
2197,2197,4.118518829345703,4.122380256652832,2e-05,2.3007542518973954,0.04514886997640133,0.03750892449170351,0.037704676389694214,0.04614276625216007
2198,2198,4.125171184539795,4.123745918273926,2e-05,2.3151320978062713,0.04503400158137083,0.0375273039098829,0.03772173565812409,0.04616671893745661
2199,2199,4.120324611663818,4.119024753570557,2e-05,2.326146097658674,0.04497580137103796,0.03753805160522461,0.03773424192331731,0.04618818871676922
2200,2200,4.12088680267334,4.122164249420166,2e-05,2.3396110177053506,0.04511091113090515,0.037552797235548496,0.03774990839883685,0.046211594715714455
2201,2201,4.12103796005249,4.12416934967041,2e-05,2.3470731175256025,0.04502788931131363,0.03756606834940612,0.037763627944514155,0.04623260162770748
2202,2202,4.12491512298584,4.124710559844971,2e-05,2.3577849822878556,0.045163240283727646,0.037585388170555234,0.03777895262464881,0.0462561659514904
2203,2203,4.116948127746582,4.122621536254883,2e-05,2.366153158730254,0.0452208174392581,0.03760918718762696,0.037799625657498837,0.04628158453851938
2204,2204,4.121329307556152,4.125665664672852,2e-05,2.37188287876206,0.045176262967288494,0.03761772718280554,0.0378102280665189,0.04630185756832361
2205,2205,4.121903419494629,4.1177778244018555,2e-05,2.3783052909508506,0.0451368298381567,0.03762788372114301,0.037823325488716364,0.046323347836732864
2206,2206,4.122594356536865,4.119142532348633,2e-05,2.384307076519535,0.04536011256277561,0.03764929319731891,0.03784055449068546,0.04634733125567436
2207,2207,4.119562149047852,4.122933387756348,2e-05,2.39087105519134,0.04526857379823923,0.03765688417479396,0.03785564634017646,0.0463703079149127
2208,2208,4.120962142944336,4.119477272033691,2e-05,2.394939051607271,0.04534429404884577,0.037675071973353624,0.03786918264813721,0.04639221355319023
2209,2209,4.121721267700195,4.121243476867676,2e-05,2.3999052776582843,0.045314863324165344,0.03768969560042024,0.037882949924096465,0.04641397576779127
2210,2210,4.121662139892578,4.123713493347168,2e-05,2.4027969714033555,0.04535222426056862,0.03769903304055333,0.03789734933525324,0.046436809934675694
2211,2211,4.118030071258545,4.128453731536865,2e-05,2.4060819971932355,0.045348855666816235,0.03771880269050598,0.0379120297729969,0.046459248289465904
2212,2212,4.11924409866333,4.119457244873047,2e-05,2.4096683806108765,0.0454874774441123,0.0377466503996402,0.037935232277959585,0.04648617189377546
2213,2213,4.1189141273498535,4.125560760498047,2e-05,2.4131805410580975,0.04544233623892069,0.037749756360426545,0.037943616043776274,0.046505579724907875
2214,2214,4.1224164962768555,4.120980739593506,2e-05,2.4151041571958944,0.045434433966875076,0.03776644403114915,0.03795698727481067,0.04652712866663933
2215,2215,4.1154632568359375,4.122141361236572,2e-05,2.417206144731497,0.0453109722584486,0.03777600405737758,0.03797313594259322,0.04655056074261665
2216,2216,4.1193952560424805,4.129707336425781,2e-05,2.4198770776604115,0.045325242914259434,0.03778721624985337,0.037979808170348406,0.046568723395466805
2217,2217,4.123579025268555,4.1198296546936035,2e-05,2.4221558509941095,0.045436021871864796,0.03780586505308747,0.03799817874096334,0.04659293033182621
2218,2218,4.116820335388184,4.127833366394043,2e-05,2.423311054322742,0.04557860363274813,0.037825914565473795,0.03802123828791082,0.04662023391574621
2219,2219,4.116549015045166,4.122383117675781,2e-05,2.426279912722388,0.04531015269458294,0.03784131212159991,0.0380324930883944,0.04664049483835697
2220,2220,4.122615814208984,4.123623847961426,2e-05,2.4267917530208467,0.0455084927380085,0.037851392989978194,0.038043606095016,0.046661412343382835
2221,2221,4.1221394538879395,4.122456073760986,2e-05,2.4302060113115065,0.04544567130506039,0.037860777927562594,0.03805807954631746,0.046683941036462784
2222,2222,4.118629455566406,4.122590065002441,2e-05,2.4281211612980824,0.04535737633705139,0.03788037528283894,0.03807738982141018,0.04670896381139755
2223,2223,4.117570877075195,4.126862049102783,2e-05,2.4307973835558676,0.04554358962923288,0.037892431020736694,0.03808904602192342,0.046730322763323784
2224,2224,4.119692325592041,4.123337268829346,2e-05,2.4305237052698017,0.04550553951412439,0.03790959413163364,0.03810138604603708,0.04675054457038641
2225,2225,4.122994422912598,4.118801116943359,2e-05,2.4321443206035402,0.04550282470881939,0.03792490717023611,0.03811956779100001,0.04677548911422491
2226,2226,4.122117519378662,4.120748519897461,2e-05,2.431651380789448,0.04551692586392164,0.03794070752337575,0.038134500151500106,0.046798511408269405
2227,2227,4.120733261108398,4.119280815124512,2e-05,2.43376203259377,0.04540474619716406,0.03795061935670674,0.03814448951743543,0.04681786708533764
2228,2228,4.1209187507629395,4.117343902587891,2e-05,2.43278312783662,0.0456082746386528,0.03797095688059926,0.03816402447409928,0.04684379231184721
2229,2229,4.118953704833984,4.124608039855957,2e-05,2.4349032506044836,0.045436980202794075,0.037980780471116304,0.03817615914158523,0.04686457198113203
2230,2230,4.120690822601318,4.121516227722168,2e-05,2.4342934540593784,0.04573951195925474,0.03799752821214497,0.03819613694213331,0.04689024668186903
2231,2231,4.116621494293213,4.12839937210083,2e-05,2.435741715158305,0.04569928254932165,0.03801223495975137,0.03820826020091772,0.046911769546568394
2232,2232,4.122180461883545,4.120209693908691,2e-05,2.4345547250441415,0.04562585428357124,0.03802404925227165,0.03821610566228628,0.046930511482059956
2233,2233,4.11793327331543,4.123612403869629,2e-05,2.4363284346889205,0.04561822395771742,0.03804391319863498,0.038238160545006394,0.04695720411837101
2234,2234,4.124348163604736,4.121011734008789,2e-05,2.4368200290643567,0.045751853846013546,0.038059320067986846,0.03825016785413027,0.04697853606194258
2235,2235,4.119555473327637,4.119579315185547,2e-05,2.4353196761950824,0.04579960834234953,0.03806741791777313,0.03826243453659117,0.04699948988854885
2236,2236,4.122705459594727,4.119770050048828,2e-05,2.435667808399873,0.04581227991729975,0.03808808187022805,0.0382814621552825,0.047024243511259556
2237,2237,4.119527816772461,4.122105598449707,2e-05,2.436448016118227,0.04580910224467516,0.03810212132520974,0.03829643712379038,0.047047555446624756
2238,2238,4.125540733337402,4.118846893310547,2e-05,2.4377410687036845,0.04594042245298624,0.038111744448542595,0.03830754035152495,0.04706842638552189
2239,2239,4.120111465454102,4.1230902671813965,2e-05,2.436524560385369,0.04583271685987711,0.0381300738081336,0.03832295769825578,0.04709132108837366
2240,2240,4.118985176086426,4.119937896728516,2e-05,2.437022200427864,0.0460105799138546,0.03814875311218202,0.038342014187946916,0.047116005793213844
2241,2241,4.1177778244018555,4.118195533752441,2e-05,2.4371522950488473,0.045803277753293514,0.03815881256014109,0.038351026363670826,0.047135693952441216
2242,2242,4.118985176086426,4.125443935394287,2e-05,2.4384627623267976,0.04577489756047726,0.038173922803252935,0.0383675592020154,0.047159502282738686
2243,2243,4.1218342781066895,4.119884014129639,2e-05,2.4370323348077263,0.04602991510182619,0.03818690660409629,0.03838114929385483,0.04718147870153189
2244,2244,4.118587017059326,4.126198768615723,2e-05,2.4371290010092745,0.045770615339279175,0.03819568338803947,0.038393420865759254,0.04720309004187584
2245,2245,4.116584300994873,4.118535995483398,2e-05,2.433569722489114,0.04591786954551935,0.03820623690262437,0.038403040962293744,0.047222807072103024
2246,2246,4.1198930740356445,4.118010997772217,2e-05,2.438854236638683,0.045999644324183464,0.03823546972125769,0.03842679155059159,0.047250786796212196
2247,2247,4.123152256011963,4.1191558837890625,2e-05,2.438251242578355,0.04601641744375229,0.03824653825722635,0.03844073205254972,0.047272445634007454
2248,2248,4.1241936683654785,4.118797779083252,2e-05,2.4381765591176925,0.04598988313227892,0.03826662967912853,0.038456846261397004,0.04729632753878832
2249,2249,4.121730327606201,4.118533611297607,2e-05,2.4384063986876647,0.04607159364968538,0.03826785204000771,0.03846345213241875,0.047314250841736794
2250,2250,4.1210246086120605,4.1210126876831055,2e-05,2.4416521449769646,0.045962137170135975,0.038288815412670374,0.038482640171423554,0.04733942449092865
2251,2251,4.120190620422363,4.126046657562256,2e-05,2.43908924678605,0.04626583959907293,0.038309641648083925,0.03850111085921526,0.047364735044538975
2252,2252,4.119932174682617,4.1261115074157715,2e-05,2.439721088499213,0.04600604809820652,0.03831498511135578,0.03850795887410641,0.04738264996558428
2253,2253,4.118564605712891,4.118578910827637,2e-05,2.438266061334704,0.04597423318773508,0.03832518542185426,0.038520690286532044,0.04740443453192711
2254,2254,4.116981506347656,4.118588447570801,2e-05,2.4354935490261846,0.04623550642281771,0.03834957163780928,0.03854276775382459,0.047431834042072296
2255,2255,4.118856906890869,4.122110843658447,2e-05,2.4382202605786443,0.04609572794288397,0.038358537247404456,0.03855283628217876,0.04745178855955601
2256,2256,4.117597579956055,4.121703624725342,2e-05,2.4402000182818138,0.0461622541770339,0.0383774668443948,0.03857007157057524,0.04747548885643482
2257,2257,4.121715545654297,4.118387222290039,2e-05,2.438801794405926,0.04615318216383457,0.03839339851401746,0.038581182016059756,0.04749657120555639
2258,2258,4.116535186767578,4.121128082275391,2e-05,2.4396925697080305,0.04626902285963297,0.03840453294105828,0.038598549319431186,0.04752078279852867
2259,2259,4.120957851409912,4.123489856719971,2e-05,2.4381931418494194,0.04606673214584589,0.03842375217936933,0.03861424303613603,0.047543928027153015
2260,2260,4.11875581741333,4.12028694152832,2e-05,2.439874273387758,0.04624987579882145,0.03843756439164281,0.038628047332167625,0.047565944492816925
2261,2261,4.121567726135254,4.120561599731445,2e-05,2.438653997601944,0.04621136002242565,0.03844765410758555,0.0386416541878134,0.04758830834180117
2262,2262,4.118892669677734,4.122401237487793,2e-05,2.439690299866621,0.04622308257967234,0.03846310870721936,0.03865673299878836,0.04761101305484772
2263,2263,4.118131637573242,4.1197967529296875,2e-05,2.4380511369935536,0.04628362599760294,0.03847429109737277,0.038668652065098286,0.04763196408748627
2264,2264,4.11911678314209,4.120816230773926,2e-05,2.4395390797974272,0.046138945966959,0.03848955943249166,0.0386844442691654,0.04765517357736826
2265,2265,4.11819314956665,4.118179798126221,2e-05,2.438095502007943,0.046420217491686344,0.03850605944171548,0.03869974846020341,0.04767834488302469
2266,2266,4.115386009216309,4.125674724578857,2e-05,2.4384052586512763,0.04644064698368311,0.03852056758478284,0.0387139783706516,0.047700666822493076
2267,2267,4.117336273193359,4.120616912841797,2e-05,2.4392205392092907,0.0464012436568737,0.038537485525012016,0.03872866742312908,0.04772351123392582
2268,2268,4.120085716247559,4.123660087585449,2e-05,2.4381282349095743,0.04632206819951534,0.0385469445027411,0.038742378586903214,0.047745171934366226
2269,2269,4.122201919555664,4.12347412109375,2e-05,2.4393635095268116,0.04633804131299257,0.038566176779568195,0.03875998733565211,0.047768937423825264
2270,2270,4.1175079345703125,4.119531631469727,2e-05,2.438350019060171,0.0462784580886364,0.03857798338867724,0.03877331269904971,0.04779091943055391
2271,2271,4.120131492614746,4.1170854568481445,2e-05,2.4393186456276017,0.04645620472729206,0.03859152877703309,0.03878203593194485,0.047809907235205173
2272,2272,4.118640899658203,4.120202541351318,2e-05,2.438226684766199,0.04636081121861935,0.038600591477006674,0.038797307992354035,0.04783259332180023
2273,2273,4.116763591766357,4.119731903076172,2e-05,2.438253394932316,0.04646777827292681,0.03861667518503964,0.03881140472367406,0.047854943200945854
2274,2274,4.119081497192383,4.118430137634277,2e-05,2.4396744976465654,0.04655395820736885,0.03863816009834409,0.03883000439964235,0.04787933360785246
2275,2275,4.122211456298828,4.119635105133057,2e-05,2.43759784456637,0.04654182121157646,0.038658648962154984,0.03885001712478697,0.04790468327701092
2276,2276,4.114628314971924,4.118230819702148,2e-05,2.438409722149002,0.04649392981082201,0.038674423936754465,0.03886446380056441,0.047926705330610275
2277,2277,4.117077350616455,4.122378826141357,2e-05,2.4391730325162815,0.04653915297240019,0.0386721973773092,0.038869405165314674,0.04794363956898451
2278,2278,4.1219282150268555,4.121194839477539,2e-05,2.438359937442903,0.046634591184556484,0.03869740944355726,0.0388894104398787,0.04796931054443121
2279,2279,4.11971378326416,4.120528221130371,2e-05,2.4384774643550244,0.04650687426328659,0.03870331612415612,0.03890103893354535,0.047990744933485985
2280,2280,4.118732452392578,4.117589950561523,2e-05,2.438920174416151,0.04643630515784025,0.038718713680282235,0.03891619900241494,0.04801349155604839
2281,2281,4.117530822753906,4.118993759155273,2e-05,2.4416371372737466,0.04669563286006451,0.03873838856816292,0.03893182706087828,0.04803644958883524
2282,2282,4.11910343170166,4.120570659637451,2e-05,2.445218608353595,0.04666448477655649,0.03875329811125994,0.03894827328622341,0.04806002229452133
2283,2283,4.120134353637695,4.115782260894775,2e-05,2.4456104990814147,0.046631318517029285,0.038762067910283804,0.038956586038693786,0.04807872511446476
2284,2284,4.123233795166016,4.121025085449219,2e-05,2.2783150023762575,0.04655082616955042,0.038778039859607816,0.03897359245456755,0.04810282215476036
2285,2285,4.116006851196289,4.120872497558594,2e-05,2.2898238824140495,0.04654241446405649,0.0387944090180099,0.038988573709502816,0.04812521114945412
2286,2286,4.11804723739624,4.120748996734619,2e-05,2.3034835463605825,0.04653475806117058,0.03880940959788859,0.03899934166111052,0.048145453445613384
2287,2287,4.116422176361084,4.120989799499512,2e-05,2.316986276896519,0.04678143095225096,0.03882077266462147,0.03901428868994117,0.04816856607794762
2288,2288,4.117517471313477,4.127564907073975,2e-05,2.3303805622561935,0.04671227093786001,0.03883580700494349,0.039031149353832006,0.04819213878363371
2289,2289,4.1177978515625,4.119210720062256,2e-05,2.33989841610956,0.04661285877227783,0.03885504021309316,0.03904723166488111,0.048215288668870926
2290,2290,4.117566108703613,4.118184566497803,2e-05,2.350917042279507,0.04678993485867977,0.03886457020416856,0.03905915888026357,0.04823622666299343
2291,2291,4.116733074188232,4.120340347290039,2e-05,2.358871892387668,0.04691570810973644,0.038886508671566844,0.03907749685458839,0.04826109670102596
2292,2292,4.121405601501465,4.1156816482543945,2e-05,2.367076648300926,0.04679396655410528,0.0388990503270179,0.03909056005068123,0.04828283842653036
2293,2293,4.11600399017334,4.120759010314941,2e-05,2.2085255130346932,0.04676845669746399,0.038908853428438306,0.03910155035555363,0.04830359388142824
2294,2294,4.1133856773376465,4.117793083190918,2e-05,2.233057571921413,0.04681527987122536,0.038926480105146766,0.039119637571275234,0.04832773655653
2295,2295,4.114927291870117,4.119193077087402,2e-05,2.2524496385404635,0.04695908818393946,0.03893981408327818,0.03913306072354317,0.048349907621741295
2296,2296,4.118364334106445,4.119973659515381,2e-05,2.2723562166285047,0.046978277154266834,0.03895612619817257,0.039148007752373815,0.048372237011790276
2297,2297,4.123541831970215,4.12477970123291,2e-05,2.288358869212413,0.0469509931281209,0.03897225996479392,0.039162687258794904,0.04839463625103235
2298,2298,4.121110916137695,4.116788864135742,2e-05,2.3045314500720746,0.046787410974502563,0.03897711983881891,0.03917227080091834,0.04841393232345581
2299,2299,4.118014335632324,4.120235919952393,2e-05,2.316930056266405,0.04708228260278702,0.03899657935835421,0.03918585227802396,0.04843580350279808
2300,2300,4.118011951446533,4.121814727783203,2e-05,2.3297675202169197,0.04701139125972986,0.03901168401353061,0.039204363944008946,0.04845983535051346
2301,2301,4.114893913269043,4.11920166015625,2e-05,2.339463238090598,0.046872008591890335,0.039029674837365746,0.03922393638640642,0.048485211096704006
2302,2302,4.122808456420898,4.121315002441406,2e-05,2.352513974381322,0.04693579766899347,0.039042584830895066,0.03923619887791574,0.04850591253489256
2303,2303,4.117523670196533,4.11454439163208,2e-05,2.365358793041765,0.04698640666902065,0.039050782565027475,0.039248766377568245,0.048528109677135944
2304,2304,4.116164207458496,4.12101936340332,2e-05,2.2085366055752726,0.04689119104295969,0.03906467230990529,0.0392616200260818,0.04854896757751703
2305,2305,4.119167327880859,4.121206283569336,2e-05,2.2285837156265362,0.04699358157813549,0.03908699029125273,0.039281591307371855,0.0485742362216115
2306,2306,4.1172637939453125,4.116919994354248,2e-05,2.2528117302219486,0.04714188911020756,0.039092148188501596,0.039289926178753376,0.048594593070447445
2307,2307,4.116028308868408,4.11790657043457,2e-05,2.2687231427895194,0.047086707316339016,0.039110999554395676,0.0393061947543174,0.04861745610833168
2308,2308,4.118064880371094,4.119081497192383,2e-05,2.2841975499538703,0.046999589540064335,0.03912369394674897,0.039319383446127176,0.04863849841058254
2309,2309,4.115029335021973,4.118039131164551,2e-05,2.296883596011609,0.04728072043508291,0.039147995645180345,0.03933810465969145,0.04866395704448223
2310,2310,4.12166690826416,4.122317314147949,2e-05,2.310739530628721,0.04709911625832319,0.0391608530189842,0.0393525124527514,0.0486863823607564
2311,2311,4.116393089294434,4.123455047607422,2e-05,2.323892680728324,0.04717734269797802,0.03917692881077528,0.03936930699273944,0.04871005564928055
2312,2312,4.114218711853027,4.117044448852539,2e-05,2.3358178492559687,0.04724956676363945,0.039190459065139294,0.03938498185016215,0.04873306676745415
2313,2313,4.116774082183838,4.118470668792725,2e-05,2.345245327808907,0.04706963989883661,0.039200585801154375,0.0393922352232039,0.048751828260719776
2314,2314,4.1170196533203125,4.120265007019043,2e-05,2.3558706121905493,0.04722685273736715,0.03921468695625663,0.03940856736153364,0.04877514950931072
2315,2315,4.1196184158325195,4.120917797088623,2e-05,2.3633572331206314,0.04722232185304165,0.039230137364938855,0.03942201822064817,0.04879788402467966
2316,2316,4.114882469177246,4.1203508377075195,2e-05,2.3712092477278834,0.04733582679182291,0.03924234211444855,0.03943729377351701,0.04882040433585644
2317,2317,4.117368698120117,4.1153717041015625,2e-05,2.37727736590145,0.04721671994775534,0.03926206240430474,0.03945521335117519,0.04884470906108618
2318,2318,4.11814022064209,4.121109962463379,2e-05,2.3836894614504605,0.047372639179229736,0.03927706950344145,0.03946742368862033,0.04886549338698387
2319,2319,4.119978904724121,4.118913650512695,2e-05,2.389320160012509,0.04743477329611778,0.03929429338313639,0.039487908594310284,0.04889177344739437
2320,2320,4.117593288421631,4.117880821228027,2e-05,2.3952967313414053,0.04736130218952894,0.03930729627609253,0.0395000078715384,0.04891268629580736
2321,2321,4.117547988891602,4.116174221038818,2e-05,2.3982183288460663,0.04743159003555775,0.03932718699797988,0.03951573511585593,0.04893600661307573
2322,2322,4.11545467376709,4.119081497192383,2e-05,2.4039938433803085,0.04739570431411266,0.039341032737866044,0.03953201160766184,0.04895951226353645
2323,2323,4.117392539978027,4.119645595550537,2e-05,2.406447902838211,0.04726746864616871,0.03934826538898051,0.03954142518341541,0.048979438841342926
2324,2324,4.1148223876953125,4.115870475769043,2e-05,2.4106239412321906,0.04735211469233036,0.039361660135909915,0.039555506547912955,0.04900218266993761
2325,2325,4.1190996170043945,4.120772361755371,2e-05,2.4124200688296544,0.04753032047301531,0.03938516159541905,0.03957522311247885,0.04902855586260557
2326,2326,4.117875099182129,4.115797519683838,2e-05,2.415919789690885,0.04741568677127361,0.03939573001116514,0.039589675376191735,0.04905120097100735
2327,2327,4.119194030761719,4.120413780212402,2e-05,2.417035777582777,0.04738627467304468,0.03940633847378194,0.039601128781214356,0.04907221719622612
2328,2328,4.115914344787598,4.117693901062012,2e-05,2.420817079192664,0.04759443271905184,0.03942684177309275,0.039617817383259535,0.04909681063145399
2329,2329,4.114691734313965,4.119485378265381,2e-05,2.4209086053290587,0.04739668220281601,0.03943699598312378,0.03963226196356118,0.04911958426237106
2330,2330,4.117236137390137,4.121790409088135,2e-05,2.4240055127160245,0.04740901384502649,0.03944825893267989,0.03964361967518926,0.049140763469040394
2331,2331,4.126852989196777,4.122818946838379,2e-05,2.4241946454517787,0.04741041827946901,0.039460696978494525,0.039657438173890114,0.04916340485215187
2332,2332,4.120418548583984,4.119493007659912,2e-05,2.4272289334858432,0.04762839246541262,0.03948198934085667,0.039675879292190075,0.049188110046088696
2333,2333,4.115795135498047,4.117152690887451,2e-05,2.4272647349670677,0.047541490755975246,0.039496093755587935,0.03968821233138442,0.049209791235625744
2334,2334,4.117556095123291,4.120419025421143,2e-05,2.4294382422294043,0.04771145433187485,0.03951472113840282,0.03970591304823756,0.049234237521886826
2335,2335,4.115776062011719,4.114257335662842,2e-05,2.4289659343934837,0.04766031261533499,0.03952643903903663,0.03971671871840954,0.04925531800836325
2336,2336,4.121198654174805,4.12025260925293,2e-05,2.26065587909231,0.04763632453978062,0.039542817045003176,0.03973549813963473,0.04927970003336668
2337,2337,4.123491287231445,4.119620323181152,2e-05,2.2807028450392064,0.04757166653871536,0.03954864991828799,0.039744989946484566,0.04929956700652838
2338,2338,4.120085716247559,4.1245317459106445,2e-05,2.295392946662591,0.04771796707063913,0.03956704353913665,0.03976048855111003,0.04932308290153742
2339,2339,4.117105960845947,4.119436740875244,2e-05,2.3071481221872983,0.047527885995805264,0.03958462364971638,0.039779972517862916,0.04934767447412014
2340,2340,4.1139607429504395,4.117170810699463,2e-05,2.323498672418468,0.047722662799060345,0.03960376209579408,0.03979235701262951,0.049369338899850845
2341,2341,4.1163506507873535,4.1179280281066895,2e-05,2.3360470646940317,0.04776223283261061,0.03961707837879658,0.039807897759601474,0.04939190577715635
2342,2342,4.114612102508545,4.116363048553467,2e-05,2.3454651806909355,0.04788978584110737,0.0396266330499202,0.039818527875468135,0.049413145519793034
2343,2343,4.121045112609863,4.116979598999023,2e-05,2.355528096611527,0.047723946161568165,0.03964099753648043,0.03983164159581065,0.049435023218393326
2344,2344,4.120532989501953,4.117954254150391,2e-05,2.362414749130641,0.047544785775244236,0.039654325461015105,0.039850165136158466,0.049458786845207214
2345,2345,4.117045879364014,4.120264530181885,2e-05,2.3716425892045208,0.047829472459852695,0.0396712115034461,0.03986171237193048,0.04947969131171703
2346,2346,4.116904258728027,4.119229316711426,2e-05,2.3774808148360744,0.04764990974217653,0.0396865454968065,0.039881321834400296,0.04950531851500273
2347,2347,4.113743782043457,4.117919921875,2e-05,2.3845707646518055,0.04782094247639179,0.03970450605265796,0.03989924886263907,0.049529134295880795
2348,2348,4.117973804473877,4.119637489318848,2e-05,2.388586891871955,0.047837463207542896,0.039715288672596216,0.039907443802803755,0.0495483111590147
2349,2349,4.120852470397949,4.121048927307129,2e-05,2.3952372972361604,0.04783833399415016,0.03972685267217457,0.039922057650983334,0.04957077093422413
2350,2350,4.115409851074219,4.119338035583496,2e-05,2.3977303708631026,0.04780224710702896,0.039746741531416774,0.039939544163644314,0.049595264717936516
2351,2351,4.118340492248535,4.115852355957031,2e-05,2.402280335841054,0.04792889952659607,0.03975898842327297,0.0399522187653929,0.04961637873202562
2352,2352,4.122623920440674,4.114645957946777,2e-05,2.406627397627848,0.04785378184169531,0.03977386420592666,0.03996798908337951,0.049640629440546036
2353,2353,4.123350143432617,4.118843078613281,2e-05,2.4086371277604335,0.047903125174343586,0.03978692018426955,0.0399792050011456,0.04966118559241295
2354,2354,4.114840984344482,4.115203380584717,2e-05,2.411730351639131,0.04802510794252157,0.03980739531107247,0.040000366512686014,0.04968680161982775
2355,2355,4.118051528930664,4.120479583740234,2e-05,2.4146441319927985,0.0481622414663434,0.03981608618050814,0.04001072025857866,0.049707735888659954
2356,2356,4.11767578125,4.116644382476807,2e-05,2.4178836337224947,0.04780232813209295,0.03982069133780897,0.04001798154786229,0.049725983291864395
2357,2357,4.117903709411621,4.116747856140137,2e-05,2.4190774203917136,0.04802092257887125,0.03984740935266018,0.04003947274759412,0.0497525604441762
2358,2358,4.117644786834717,4.1264848709106445,2e-05,2.4209081838044697,0.04801381845027208,0.03986117662861943,0.040055030258372426,0.049775696359574795
2359,2359,4.118429660797119,4.118496417999268,2e-05,2.4230273517039786,0.04811243154108524,0.039877177216112614,0.04007117776200175,0.049799234606325626
2360,2360,4.114543914794922,4.119875907897949,2e-05,2.4257296388048433,0.0481592183932662,0.039888408267870545,0.040082076797261834,0.0498199500143528
2361,2361,4.115906238555908,4.119258403778076,2e-05,2.4257987271122965,0.048213131725788116,0.039904131554067135,0.040100127225741744,0.04984452482312918
2362,2362,4.117740154266357,4.1186370849609375,2e-05,2.4280379629496673,0.04801037721335888,0.039920258335769176,0.04011130100116134,0.04986506141722202
2363,2363,4.117293834686279,4.118216037750244,2e-05,2.4284232096010556,0.04794727545231581,0.03993575507774949,0.0401272929739207,0.04988855589181185
2364,2364,4.114875793457031,4.119750022888184,2e-05,2.430424081198177,0.048208474181592464,0.03995182062499225,0.04014349612407386,0.04991312883794308
2365,2365,4.115640640258789,4.117565155029297,2e-05,2.4297199670637584,0.0481386287137866,0.03995857457630336,0.0401558387093246,0.04993377439677715
2366,2366,4.114595890045166,4.119227409362793,2e-05,2.4323435867180097,0.048227427527308464,0.039982178481295705,0.04017363768070936,0.04995899926871061
2367,2367,4.118198871612549,4.125788688659668,2e-05,2.432010074066081,0.048283676616847515,0.039996924344450235,0.040189438965171576,0.04998192097991705
2368,2368,4.115842342376709,4.12556791305542,2e-05,2.4334597197217627,0.048186635598540306,0.04000187409110367,0.040198486763983965,0.05000204127281904
2369,2369,4.118391036987305,4.117302894592285,2e-05,2.4329181158851374,0.04832661896944046,0.040014760103076696,0.040211096638813615,0.05002362374216318
2370,2370,4.116664886474609,4.120693206787109,2e-05,2.4349418110405225,0.048149620182812214,0.04003305942751467,0.0402275025844574,0.050046914257109165
2371,2371,4.115972518920898,4.121209621429443,2e-05,2.433580475421694,0.048386016860604286,0.04005122254602611,0.040243406081572175,0.050070771016180515
2372,2372,4.114198684692383,4.117449760437012,2e-05,2.4357799671320683,0.048161089420318604,0.040053240256384015,0.04025328694842756,0.05009077861905098
2373,2373,4.115935325622559,4.115231990814209,2e-05,2.435131605389626,0.048390958458185196,0.04008130356669426,0.04027493158355355,0.05011720675975084
2374,2374,4.120141506195068,4.1155853271484375,2e-05,2.4364117543615365,0.048182171769440174,0.04009554977528751,0.040287199430167675,0.05013864114880562
2375,2375,4.120384216308594,4.116802215576172,2e-05,2.4355918674617856,0.04820973239839077,0.04009742010384798,0.0402938355691731,0.05015703197568655
2376,2376,4.120396614074707,4.118721008300781,2e-05,2.436801916029866,0.04848191700875759,0.04012034251354635,0.040312384720891714,0.05018151272088289
2377,2377,4.114123821258545,4.118292808532715,2e-05,2.435812786675855,0.048456305637955666,0.04013476683758199,0.04033036599867046,0.050206528045237064
2378,2378,4.113992691040039,4.116959095001221,2e-05,2.437578106485936,0.04845174215734005,0.040147006046026945,0.04034376027993858,0.05022851936519146
2379,2379,4.113844871520996,4.1230621337890625,2e-05,2.4368397284148573,0.04839628841727972,0.040172668639570475,0.04036121047101915,0.0502528166398406
2380,2380,4.116345405578613,4.121279239654541,2e-05,2.433703957641638,0.0483416048809886,0.04017964075319469,0.04037235048599541,0.05027356743812561
2381,2381,4.117295742034912,4.124590873718262,2e-05,2.437001898720152,0.04843106586486101,0.04019590839743614,0.04038767819292843,0.05029692407697439
2382,2382,4.114840507507324,4.119533061981201,2e-05,2.437038509346159,0.04845459759235382,0.04020392848178744,0.040397112257778645,0.05031712632626295
2383,2383,4.116729259490967,4.115627288818359,2e-05,2.438482750818791,0.048412613570690155,0.040218348847702146,0.04041215218603611,0.05034051928669214
2384,2384,4.118895530700684,4.114609241485596,2e-05,2.4373728768347873,0.04851200897246599,0.0402380817104131,0.04043255839496851,0.05036594998091459
2385,2385,4.120630264282227,4.119049072265625,2e-05,2.4374201373766526,0.048565348610281944,0.04025101428851485,0.04044511984102428,0.050388017669320107
2386,2386,4.123753547668457,4.115775108337402,2e-05,2.437483140903289,0.048586404882371426,0.04026015941053629,0.040457517141476274,0.05040959361940622
2387,2387,4.116716384887695,4.119173049926758,2e-05,2.437746432454472,0.04852318670600653,0.040277302730828524,0.04047062527388334,0.050431705079972744
2388,2388,4.118935585021973,4.117929458618164,2e-05,2.438120174573146,0.04848853498697281,0.04029145208187401,0.04048529313877225,0.050454956479370594
2389,2389,4.115013599395752,4.117060661315918,2e-05,2.4397135059322483,0.04847188387066126,0.04030209197662771,0.04049656167626381,0.050475841388106346
2390,2390,4.115099906921387,4.119039058685303,2e-05,2.4380450604007162,0.0487511595711112,0.04032406187616289,0.04051616578362882,0.05050193704664707
2391,2391,4.112656593322754,4.116894245147705,2e-05,2.437793360125752,0.048421068117022514,0.040322566172108054,0.04052247945219278,0.05051986686885357
2392,2392,4.114880084991455,4.119087219238281,2e-05,2.4378855894994915,0.0487075112760067,0.04034533351659775,0.04053970403037965,0.05054459907114506
2393,2393,4.114668846130371,4.117137908935547,2e-05,2.439222703346373,0.048633589409291744,0.04036427102982998,0.04055602243170142,0.05056838132441044
2394,2394,4.113666534423828,4.114296913146973,2e-05,2.438316475795027,0.04861979838460684,0.040374955628067255,0.04056795849464834,0.05059001687914133
2395,2395,4.122171401977539,4.117725849151611,2e-05,2.4394278478801876,0.04871801659464836,0.040387331042438745,0.040582060581073165,0.05061245430260897
2396,2396,4.115113258361816,4.115964889526367,2e-05,2.438122046403544,0.04866172559559345,0.04039054224267602,0.040589074371382594,0.05063030403107405
2397,2397,4.117650032043457,4.112630844116211,2e-05,2.4394493107580373,0.048859105445444584,0.04041643510572612,0.04061074205674231,0.050657378509640694
2398,2398,4.115752696990967,4.117973327636719,2e-05,2.2750924403717043,0.04878394305706024,0.040430652210488915,0.04062420455738902,0.05067955609411001
2399,2399,4.122899532318115,4.118006229400635,2e-05,2.2919541760971835,0.04877010826021433,0.04044166998937726,0.040638826321810484,0.05070216488093138
2400,2400,4.11396598815918,4.117893218994141,2e-05,2.307008117184755,0.04898278694599867,0.04045983706600964,0.040651842253282666,0.05072441138327122
2401,2401,4.1132612228393555,4.119717597961426,2e-05,2.3194997430349162,0.04885618854314089,0.04046833631582558,0.040662632789462805,0.0507447998970747
2402,2402,4.117269992828369,4.120132923126221,2e-05,2.3327996632421244,0.0488373264670372,0.04048721329309046,0.0406803151126951,0.050769202411174774
2403,2403,4.111539363861084,4.115417003631592,2e-05,2.3423900679555345,0.04908877704292536,0.04050333518534899,0.04069775016978383,0.05079347360879183
2404,2404,4.117380142211914,4.113083839416504,2e-05,2.353388873034623,0.048758176155388355,0.040512022795155644,0.04070777376182377,0.050813390873372555
2405,2405,4.115294456481934,4.116154670715332,2e-05,2.360509691687495,0.04878998827189207,0.04052817728370428,0.040722080040723085,0.0508364774286747
2406,2406,4.115025520324707,4.118968963623047,2e-05,2.3694258505788452,0.04884461686015129,0.04054342326708138,0.04073623847216368,0.05085850227624178
2407,2407,4.11771297454834,4.118276596069336,2e-05,2.375570513847655,0.04868949204683304,0.040549642173573375,0.04074565600603819,0.05087848100811243
2408,2408,4.115321159362793,4.117784023284912,2e-05,2.382686448323608,0.04888663440942764,0.04057306027971208,0.04076488642022014,0.05090453755110502
2409,2409,4.114129066467285,4.114398002624512,2e-05,2.386703860317007,0.048962163738906384,0.04058753023855388,0.040781835094094276,0.05092812143266201
2410,2410,4.111922264099121,4.1196489334106445,2e-05,2.391790735804588,0.04897716362029314,0.04059684509411454,0.04079390596598387,0.05095010530203581
2411,2411,4.116937637329102,4.121288776397705,2e-05,2.3980308387389417,0.049095893278717995,0.04061679891310632,0.040808602003380656,0.05097298137843609
2412,2412,4.114152908325195,4.12071418762207,2e-05,2.400547510506041,0.049063265323638916,0.04062437475658953,0.04082372481934726,0.050996202044188976
2413,2413,4.114858627319336,4.115354061126709,2e-05,2.4045419642405315,0.04897747002542019,0.04063761932775378,0.0408323600422591,0.051015829667449
2414,2414,4.1176018714904785,4.116789817810059,2e-05,2.4079985965640835,0.04912232514470816,0.04065454192459583,0.04084714991040528,0.05103936418890953
2415,2415,4.114116668701172,4.1192426681518555,2e-05,2.4121486442010975,0.048970322124660015,0.040666671469807625,0.04086110554635525,0.05106210708618164
2416,2416,4.110714912414551,4.1138386726379395,2e-05,2.414858268313611,0.04909992404282093,0.04068315774202347,0.040876658633351326,0.05108573753386736
2417,2417,4.113038063049316,4.123081207275391,2e-05,2.416388484265541,0.04916459880769253,0.04070384125225246,0.0408964843954891,0.051111454144120216
2418,2418,4.113393306732178,4.117049217224121,2e-05,2.4187356123425032,0.049168599769473076,0.04071723320521414,0.04090766259469092,0.05113280192017555
2419,2419,4.116728782653809,4.117526054382324,2e-05,2.4205085231693158,0.04920915700495243,0.040734454058110714,0.04092481592670083,0.05115733202546835
2420,2420,4.115835189819336,4.113184928894043,2e-05,2.422612899227993,0.049158583395183086,0.040741291362792253,0.04093578387983143,0.051178582943975925
2421,2421,4.112385272979736,4.119411945343018,2e-05,2.424897524429463,0.04928210284560919,0.040748090017586946,0.04094394133426249,0.05119800753891468
2422,2422,4.1150946617126465,4.117879390716553,2e-05,2.4262878718108154,0.049250018782913685,0.0407715633045882,0.04096383322030306,0.051223781891167164
2423,2423,4.1144914627075195,4.118146896362305,2e-05,2.427807469993855,0.049022138118743896,0.04078163066878915,0.040976493852213025,0.051245613023638725
2424,2424,4.112920761108398,4.109770774841309,2e-05,2.4280190398657897,0.04929675068706274,0.04079813091084361,0.04099316615611315,0.05126996152102947
2425,2425,4.117774963378906,4.114336967468262,2e-05,2.2647753946357936,0.049280110746622086,0.04081452265381813,0.04100652318447828,0.0512923626229167
2426,2426,4.120067596435547,4.1153998374938965,2e-05,2.277498577780827,0.049031754955649376,0.04082180140540004,0.04101559356786311,0.051312677562236786
2427,2427,4.11602783203125,4.115234375,2e-05,2.2923130726821506,0.04936192650347948,0.04084688425064087,0.04103706404566765,0.05133906379342079
2428,2428,4.114775657653809,4.11798095703125,2e-05,2.307235283000711,0.04941680748015642,0.040853436570614576,0.041048897895962,0.05136092659085989
2429,2429,4.108516693115234,4.115611553192139,2e-05,2.3210387921989497,0.04939370136708021,0.04086934798397124,0.04106060042977333,0.05138270743191242
2430,2430,4.114330768585205,4.115089416503906,2e-05,2.3317815865389653,0.049250283278524876,0.04088445566594601,0.04107645736075938,0.05140626337379217
2431,2431,4.111128807067871,4.114402770996094,2e-05,2.342727865729397,0.049297367222607136,0.04090052819810808,0.04109178273938596,0.05142968334257603
2432,2432,4.115811347961426,4.118183612823486,2e-05,2.3526188618358725,0.04945866856724024,0.04091142816469073,0.04110230039805174,0.05145172867923975
2433,2433,4.117387771606445,4.115103721618652,2e-05,2.362069483376876,0.04934781324118376,0.040920801693573594,0.04111865442246199,0.05147520266473293
2434,2434,4.111076354980469,4.116126537322998,2e-05,2.3688972228610545,0.049689335748553276,0.04094074945896864,0.04113348922692239,0.05149856302887201
2435,2435,4.113162517547607,4.113194942474365,2e-05,2.3764316204876623,0.04955452308058739,0.04095947975292802,0.041150563629344106,0.051522865891456604
2436,2436,4.117619514465332,4.111185550689697,2e-05,2.3823242417052257,0.049480206333100796,0.0409657524432987,0.0411618878133595,0.05154452193528414
2437,2437,4.113228797912598,4.114508628845215,2e-05,2.3886325839264715,0.049445388838648796,0.04097655578516424,0.041170886950567365,0.05156398471444845
2438,2438,4.113307952880859,4.119268417358398,2e-05,2.3927057353671692,0.04965844191610813,0.040996980387717485,0.04119054600596428,0.051590364426374435
2439,2439,4.114450931549072,4.115603446960449,2e-05,2.4014166101223893,0.04958837665617466,0.04100595391355455,0.04120321827940643,0.05161192361265421
2440,2440,4.1147918701171875,4.116667747497559,2e-05,2.4082842658251162,0.04943916294723749,0.04102691146545112,0.041218775091692805,0.05163544975221157
2441,2441,4.117302894592285,4.115239143371582,2e-05,2.411172182154081,0.049524253234267235,0.041036841459572315,0.041232304414734244,0.05165810137987137
2442,2442,4.114093780517578,4.117183208465576,2e-05,2.414242701857988,0.04957085940986872,0.0410519284196198,0.04124522511847317,0.05168052390217781
2443,2443,4.113381385803223,4.113678932189941,2e-05,2.417580789514256,0.04939858801662922,0.04107115441001952,0.041261939564719796,0.0517043536528945
2444,2444,4.1157546043396,4.117099761962891,2e-05,2.4184444885151244,0.049640266224741936,0.041078641545027494,0.041275985073298216,0.05172701273113489
2445,2445,4.115100383758545,4.114969730377197,2e-05,2.4206304434286374,0.049601152539253235,0.041094437474384904,0.04128934512846172,0.05174976494163275
2446,2446,4.116412162780762,4.11634635925293,2e-05,2.4224833500734717,0.049726841039955616,0.041115045780315995,0.04130664165131748,0.05177410505712032
2447,2447,4.113226890563965,4.114535331726074,2e-05,2.425267604128217,0.04976922646164894,0.04112296923995018,0.04131541564129293,0.05179465934634209
2448,2448,4.114721298217773,4.113325119018555,2e-05,2.4254302156326837,0.04975640308111906,0.04113279585726559,0.041329801082611084,0.05181707162410021
2449,2449,4.11539363861084,4.114120006561279,2e-05,2.4267229213379204,0.04970391560345888,0.04115775180980563,0.04134968435391784,0.051842737942934036
2450,2450,4.115460395812988,4.119633674621582,2e-05,2.428209279229331,0.04959734342992306,0.04116529878228903,0.04135683039203286,0.05186195578426123
2451,2451,4.1151838302612305,4.11741304397583,2e-05,2.4301971395873774,0.04986542742699385,0.0411745123565197,0.04137103329412639,0.051884543150663376
2452,2452,4.114213466644287,4.116813659667969,2e-05,2.4299699508866035,0.0497851250693202,0.04119780566543341,0.04139130539260805,0.05191022716462612
2453,2453,4.113066673278809,4.114969253540039,2e-05,2.4305768433403037,0.04973837547004223,0.041200629668310285,0.041396279353648424,0.051927619613707066
2454,2454,4.115932464599609,4.115833759307861,2e-05,2.4317188763083357,0.04983263369649649,0.04122500563971698,0.04141820105724037,0.051954615861177444
2455,2455,4.116518020629883,4.116562366485596,2e-05,2.4338642225332072,0.049965787678956985,0.04124199762009084,0.041432409547269344,0.05197688192129135
2456,2456,4.114158630371094,4.115682601928711,2e-05,2.432819465178112,0.04975021630525589,0.04125210759229958,0.041447356110438704,0.051999688148498535
2457,2457,4.114502906799316,4.111432075500488,2e-05,2.4351781504668915,0.04997273255139589,0.04126482689753175,0.0414619967341423,0.052022929303348064
2458,2458,4.111582279205322,4.110565185546875,2e-05,2.434307456696493,0.049963727593421936,0.041280272183939815,0.04147599241696298,0.05204553250223398
2459,2459,4.1164069175720215,4.116998672485352,2e-05,2.436017904655637,0.0500560300424695,0.041294328635558486,0.04149045771919191,0.052068283781409264
2460,2460,4.11672306060791,4.12000846862793,2e-05,2.4351748090198826,0.04999082814902067,0.04131148918531835,0.041506231762468815,0.05209245998412371
2461,2461,4.117535591125488,4.115437984466553,2e-05,2.4361123142086956,0.05014781188219786,0.04132132697850466,0.041515258606523275,0.05211234465241432
2462,2462,4.11568546295166,4.117530822753906,2e-05,2.4355900269931885,0.049803576432168484,0.0413371070753783,0.04153171321377158,0.052136633545160294
2463,2463,4.117003917694092,4.112637996673584,2e-05,2.4369912637567452,0.05005316250026226,0.041353063425049186,0.04154863324947655,0.05216122139245272
2464,2464,4.1144537925720215,4.113412857055664,2e-05,2.4360863544079576,0.05006036628037691,0.04136845166794956,0.04156085243448615,0.05218291003257036
2465,2465,4.1130876541137695,4.121962070465088,2e-05,2.4372968275157625,0.05005029961466789,0.041382794035598636,0.041578346164897084,0.052207496017217636
2466,2466,4.1133317947387695,4.123976230621338,2e-05,2.4360167284099137,0.05011287797242403,0.041398311499506235,0.04159292858093977,0.052231100387871265
2467,2467,4.116673946380615,4.118503093719482,2e-05,2.4396960807793167,0.050107963383197784,0.04141460754908621,0.041608315194025636,0.052254147827625275
2468,2468,4.113255500793457,4.112348556518555,2e-05,2.4437944284078466,0.04999240580946207,0.04141513677313924,0.0416155734565109,0.05227320361882448
2469,2469,4.115484714508057,4.114617347717285,2e-05,2.4442857085084917,0.05010871682316065,0.04144215560518205,0.041634683730080724,0.05229902267456055
2470,2470,4.111146450042725,4.120124816894531,2e-05,2.4424772262432324,0.050056503154337406,0.041446296498179436,0.04164282022975385,0.05231929197907448
2471,2471,4.117465496063232,4.113999843597412,2e-05,2.443880525948894,0.05026083905249834,0.04146745637990534,0.041663536336272955,0.052345236763358116
2472,2472,4.113576889038086,4.115472316741943,2e-05,2.4379777564848375,0.05005551502108574,0.04147441522218287,0.041672348976135254,0.052365380339324474
2473,2473,4.113964080810547,4.113697052001953,2e-05,2.436079173882948,0.05028806533664465,0.041498524602502584,0.041689035249873996,0.05239013768732548
2474,2474,4.114733695983887,4.118072509765625,2e-05,2.4350879664174117,0.05020523350685835,0.04151182947680354,0.04170419881120324,0.05241337697952986
2475,2475,4.1134796142578125,4.11366081237793,2e-05,2.435541230607283,0.0502671068534255,0.041523844469338655,0.0417173586320132,0.052435385063290596
2476,2476,4.115752220153809,4.115635871887207,2e-05,2.4378582690249595,0.05018522311002016,0.04153623292222619,0.041729462100192904,0.05245713330805302
2477,2477,4.115439414978027,4.116765975952148,2e-05,2.4358491061227734,0.05030863080173731,0.04155195248313248,0.04174651065841317,0.052481405436992645
2478,2478,4.112743854522705,4.115657329559326,2e-05,2.437795779867195,0.05020524375140667,0.041562422178685665,0.04175716987811029,0.052502757869660854
2479,2479,4.115643501281738,4.114843368530273,2e-05,2.4365248442556813,0.05033565778285265,0.04158256924711168,0.04177266708575189,0.05252568610012531
2480,2480,4.116269111633301,4.110883712768555,2e-05,2.436375806903383,0.05026701558381319,0.041589319705963135,0.041784068336710334,0.05254817754030228
2481,2481,4.112435340881348,4.1149702072143555,2e-05,2.4367993967920687,0.05030014272779226,0.041602089535444975,0.041797292651608586,0.052570425905287266
2482,2482,4.110311031341553,4.113631248474121,2e-05,2.4381106983145795,0.05037249531596899,0.0416216382291168,0.04181389603763819,0.052594282664358616
2483,2483,4.116987228393555,4.110929489135742,2e-05,2.4369670282309897,0.05020766146481037,0.04162670159712434,0.04182471544481814,0.05261572357267141
2484,2484,4.113262176513672,4.115823745727539,2e-05,2.4376910162264056,0.05045189429074526,0.041642673313617706,0.0418374422006309,0.0526383938267827
2485,2485,4.114120960235596,4.112967491149902,2e-05,2.437554757999071,0.050418795086443424,0.041656623128801584,0.04185367841273546,0.052661994472146034
2486,2486,4.113664627075195,4.117005348205566,2e-05,2.441099612665645,0.050461336970329285,0.041674439096823335,0.04186933138407767,0.05268561840057373
2487,2487,4.116095542907715,4.116036891937256,2e-05,2.440435255132726,0.05032864958047867,0.04168562195263803,0.04188213590532541,0.0527077279984951
2488,2488,4.112789630889893,4.114933967590332,2e-05,2.4456486256185137,0.05043705087155104,0.041701660957187414,0.04189741378650069,0.05273158568888903
2489,2489,4.113078594207764,4.116545677185059,2e-05,2.4436447386253746,0.05048782657831907,0.04171214997768402,0.04190827580168843,0.05275323614478111
2490,2490,4.116830825805664,4.116302490234375,2e-05,2.444418009148006,0.05043303873389959,0.041731313336640596,0.04192558955401182,0.05277770012617111
2491,2491,4.11110782623291,4.117599010467529,2e-05,2.442997335743295,0.050576258450746536,0.04174242168664932,0.04193623224273324,0.05279965791851282
2492,2492,4.113302230834961,4.114818572998047,2e-05,2.4421738254234566,0.05046708229929209,0.04175623250193894,0.04195095528848469,0.052822936326265335
2493,2493,4.118099689483643,4.116111755371094,2e-05,2.44184849192216,0.05067083705216646,0.041776161873713136,0.04196617892012,0.05284662824124098
2494,2494,4.10947847366333,4.120020866394043,2e-05,2.44272897541433,0.050633504055440426,0.04178675776347518,0.04197964956983924,0.052869328297674656
2495,2495,4.1121826171875,4.113536834716797,2e-05,2.441417896806737,0.05059670563787222,0.0417980111669749,0.04199300822801888,0.05289280507713556
2496,2496,4.112343788146973,4.115612506866455,2e-05,2.4407846593431293,0.05056038126349449,0.04181520454585552,0.04200809705071151,0.052915697917342186
2497,2497,4.111045837402344,4.113949775695801,2e-05,2.4407314701256495,0.05044584907591343,0.041820519836619496,0.042016247287392616,0.05293554440140724
2498,2498,4.116741180419922,4.116710186004639,2e-05,2.440209426521231,0.05060569662600756,0.04184467205777764,0.042038200655952096,0.05296277720481157
2499,2499,4.113544464111328,4.112011909484863,2e-05,2.440453252620574,0.05059920530766249,0.04185055126436055,0.042043508030474186,0.052980812266469
2500,2500,4.111385345458984,4.1202287673950195,2e-05,2.4412425179401485,0.05077164340764284,0.04186457209289074,0.04206339153461158,0.05300726555287838
2501,2501,4.110829830169678,4.113406658172607,2e-05,2.4397518703241214,0.05072457157075405,0.041886211140081286,0.04208106826990843,0.053032335825264454
2502,2502,4.109993934631348,4.116934299468994,2e-05,2.4430120898762344,0.0507393553853035,0.04189545731060207,0.042090784991160035,0.053052847273647785
2503,2503,4.113119125366211,4.111302375793457,2e-05,2.44665880172029,0.05087857320904732,0.04190305108204484,0.042102556908503175,0.05307474825531244
2504,2504,4.11456823348999,4.1143388748168945,2e-05,2.445688810307041,0.05073725897818804,0.041918203234672546,0.04211483569815755,0.05309672001749277
2505,2505,4.112198352813721,4.110630035400391,2e-05,2.4465252780927544,0.0507139815017581,0.04194559855386615,0.0421340346802026,0.053122169338166714
2506,2506,4.113031387329102,4.116503715515137,2e-05,2.445645359823256,0.05083775147795677,0.04195230803452432,0.04214741429314017,0.05314481072127819
2507,2507,4.116046905517578,4.113706588745117,2e-05,2.4447869392468813,0.05093201529234648,0.04196371859870851,0.0421586639713496,0.05316680297255516
2508,2508,4.110038757324219,4.121677398681641,2e-05,2.4440365214084574,0.050850353203713894,0.04197271866723895,0.04216986917890608,0.053188152611255646
2509,2509,4.111283302307129,4.114091873168945,2e-05,2.442625186138932,0.05088871065527201,0.041995320469141006,0.042190563632175326,0.05321424175053835
2510,2510,4.110393524169922,4.114055633544922,2e-05,2.442212046167776,0.05080283433198929,0.0420044525526464,0.0422001366969198,0.053234824910759926
2511,2511,4.115711212158203,4.11389684677124,2e-05,2.44227102230125,0.0510062649846077,0.0420195700135082,0.042214169865474105,0.05325758084654808
2512,2512,4.118016242980957,4.115738868713379,2e-05,2.442541788788561,0.05095663480460644,0.042034601559862494,0.04222618113271892,0.05327926483005285
2513,2513,4.111185073852539,4.117408752441406,2e-05,2.441103822078238,0.05096010956913233,0.042048937641084194,0.0422422846313566,0.05330284312367439
2514,2514,4.117680072784424,4.1158318519592285,2e-05,2.4405479480162815,0.050891151651740074,0.042058432241901755,0.042255499167367816,0.05332524701952934
2515,2515,4.112357139587402,4.119098663330078,2e-05,2.440477421300392,0.05092326086014509,0.04207982402294874,0.04227445414289832,0.05335001554340124
2516,2516,4.110649108886719,4.112914085388184,2e-05,2.44198202700475,0.050944315269589424,0.04209314379841089,0.04228764935396612,0.05337251350283623
2517,2517,4.111783504486084,4.109759330749512,2e-05,2.4407032976896397,0.05106726661324501,0.04210154036991298,0.04229716467671096,0.05339314229786396
2518,2518,4.111070156097412,4.113492965698242,2e-05,2.272633389452875,0.05097163561731577,0.04211976006627083,0.042315480997785926,0.05341795179992914
2519,2519,4.116274833679199,4.110929012298584,2e-05,2.2894107090153484,0.051092369481921196,0.04213057551532984,0.04232549876905978,0.05343893449753523
2520,2520,4.112964630126953,4.111905097961426,2e-05,2.3044897879978885,0.051059456542134285,0.04214957891963422,0.04234218457713723,0.05346296541392803
2521,2521,4.115549087524414,4.113787651062012,2e-05,2.3179994538878796,0.0510219968855381,0.04216361162252724,0.042356924153864384,0.05348639748990536
2522,2522,4.112754821777344,4.110503196716309,2e-05,2.3312200363269286,0.05111871939152479,0.0421725760679692,0.042367050889879465,0.05350713059306145
2523,2523,4.111502170562744,4.1174211502075195,2e-05,2.3407924756772243,0.05109420511871576,0.04218717059120536,0.042383707128465176,0.05353161785751581
2524,2524,4.114959716796875,4.116066932678223,2e-05,2.351264292183087,0.051186516880989075,0.0421943471301347,0.04239519382826984,0.05355322640389204
2525,2525,4.115742206573486,4.112945556640625,2e-05,2.3594644639591684,0.051117285154759884,0.04221790540032089,0.04241397464647889,0.0535777872428298
2526,2526,4.116935729980469,4.113772392272949,2e-05,2.36721220196428,0.05135736335068941,0.04222364071756601,0.0424231959041208,0.05359918996691704
2527,2527,4.116339683532715,4.120560169219971,2e-05,2.3751021329415902,0.0511843990534544,0.04224962554872036,0.04244367335923016,0.05362487584352493
2528,2528,4.115006446838379,4.116791725158691,2e-05,2.3820108959549273,0.051058629527688026,0.04225952993147075,0.04245511838234961,0.05364649463444948
2529,2529,4.108732223510742,4.1116743087768555,2e-05,2.3865820322291085,0.051264187321066856,0.04227226134389639,0.04246664373204112,0.05366808362305164
2530,2530,4.113323211669922,4.113959312438965,2e-05,2.3918841817549352,0.0514033418148756,0.042291901307180524,0.04248721897602081,0.053694280795753
2531,2531,4.110085487365723,4.113218307495117,2e-05,2.3969690943123565,0.051145671866834164,0.042299952590838075,0.04249557666480541,0.0537145035341382
2532,2532,4.1172685623168945,4.114006042480469,2e-05,2.4017803476677484,0.051335837692022324,0.04231663444079459,0.042510919040068984,0.053738055750727654
2533,2533,4.10797119140625,4.114517688751221,2e-05,2.404146404326658,0.0514760622754693,0.042332412442192435,0.04252565372735262,0.05376143753528595
2534,2534,4.112928867340088,4.114795207977295,2e-05,2.409410498584335,0.05137640982866287,0.042347345035523176,0.042541437316685915,0.053784807212650776
2535,2535,4.110325813293457,4.109987258911133,2e-05,2.4107352907611013,0.05119612440466881,0.04235838819295168,0.04255351098254323,0.05380683671683073
2536,2536,4.11436653137207,4.119803428649902,2e-05,2.415307588643402,0.05144537705928087,0.04237305489368737,0.04256955464370549,0.053830474615097046
2537,2537,4.1117682456970215,4.111363410949707,2e-05,2.416395229021474,0.05124306492507458,0.04237966635264456,0.042576381703838706,0.05385008826851845
2538,2538,4.112927436828613,4.113725185394287,2e-05,2.4193874653824103,0.05155188776552677,0.04240785771980882,0.042597982566803694,0.05387613642960787
2539,2539,4.110897541046143,4.110592842102051,2e-05,2.4204749312938416,0.05143666546791792,0.04240985959768295,0.04260338726453483,0.05389511398971081
2540,2540,4.1124348640441895,4.111860275268555,2e-05,2.4232155885202595,0.05148715618997812,0.042431188048794866,0.04262567753903568,0.053920949809253216
2541,2541,4.113703727722168,4.11138391494751,2e-05,2.4239490607954424,0.051447486504912376,0.04244507383555174,0.04263892536982894,0.05394328944385052
2542,2542,4.113182067871094,4.11016845703125,2e-05,2.426216832624566,0.05158544052392244,0.04245759127661586,0.04265287145972252,0.053965818136930466
2543,2543,4.110038757324219,4.114274501800537,2e-05,2.426707838353616,0.05147507134824991,0.042475792579352856,0.04266929836012423,0.053989652544260025
2544,2544,4.119124889373779,4.113484859466553,2e-05,2.428691143130323,0.05129763204604387,0.042485104175284505,0.04267967608757317,0.054010690189898014
2545,2545,4.113224029541016,4.116588592529297,2e-05,2.4284691500935818,0.05143103934824467,0.04249921697191894,0.042693714844062924,0.05403358116745949
2546,2546,4.111531734466553,4.113245964050293,2e-05,2.429430664189205,0.05145278945565224,0.04251238517463207,0.042705247178673744,0.05405519995838404
2547,2547,4.11409330368042,4.116572380065918,2e-05,2.4302226933382522,0.05157442856580019,0.042532764142379165,0.04272543825209141,0.054080985486507416
2548,2548,4.110414981842041,4.113372802734375,2e-05,2.4314960186984416,0.051571368239820004,0.0425371543969959,0.04273270326666534,0.054100144654512405
2549,2549,4.11000919342041,4.116293907165527,2e-05,2.4330984591870024,0.05171975027769804,0.04255996202118695,0.04275531182065606,0.054127469658851624
2550,2550,4.1095428466796875,4.116785526275635,2e-05,2.4326471349889847,0.05162271484732628,0.04257230996154249,0.04276661854237318,0.05414917413145304
2551,2551,4.114152908325195,4.1161370277404785,2e-05,2.433199380614559,0.051645456813275814,0.04258652008138597,0.04277971480041742,0.05417145509272814
2552,2552,4.113521575927734,4.114891529083252,2e-05,2.4339371942141317,0.05160216335207224,0.04259641468524933,0.042794015258550644,0.05419384129345417
2553,2553,4.1108317375183105,4.115387439727783,2e-05,2.434955593296665,0.051667469553649426,0.04261118243448436,0.04280429007485509,0.054215963929891586
2554,2554,4.113570690155029,4.114289283752441,2e-05,2.434674538890684,0.05173203814774752,0.04262365447357297,0.04282069928012788,0.05423947889357805
2555,2555,4.110685348510742,4.110602378845215,2e-05,2.435182811357329,0.05180805642157793,0.04264531028456986,0.04283740883693099,0.054263931699097157
2556,2556,4.109549522399902,4.119999885559082,2e-05,2.4354200865245637,0.0519652059301734,0.042657726211473346,0.04285196051932871,0.05428699869662523
2557,2557,4.114941596984863,4.114402770996094,2e-05,2.43691755960121,0.05178758967667818,0.042667444329708815,0.042862900998443365,0.05430807080119848
2558,2558,4.113767623901367,4.115411281585693,2e-05,2.4359709689392695,0.0518153440207243,0.04267820599488914,0.04287487850524485,0.05433070845901966
2559,2559,4.1159563064575195,4.113317489624023,2e-05,2.4371809403663103,0.051704537123441696,0.04268961516208947,0.042889153584837914,0.05435367580503225
2560,2560,4.111410140991211,4.118536472320557,2e-05,2.4364907538065,0.051719216629862785,0.042712974129244685,0.04290691460482776,0.05437848437577486
2561,2561,4.109631061553955,4.113046169281006,2e-05,2.4365341584929667,0.051732094027101994,0.04272699588909745,0.042917839251458645,0.05439999047666788
2562,2562,4.113070487976074,4.116072654724121,2e-05,2.4373597411519783,0.051813870668411255,0.0427370083052665,0.04292966169305146,0.05442196037620306
2563,2563,4.117659091949463,4.113058567047119,2e-05,2.438596061799057,0.0519379498437047,0.042749926913529634,0.042943963315337896,0.054445190355181694
2564,2564,4.111324310302734,4.116162300109863,2e-05,2.4370107200738014,0.051795280538499355,0.04276973404921591,0.04296540189534426,0.054471700452268124
2565,2565,4.1229023933410645,4.114026069641113,2e-05,2.439404819742163,0.051819756627082825,0.04276831238530576,0.04296729573979974,0.05448909290134907
2566,2566,4.110884666442871,4.108725070953369,2e-05,2.437264490868462,0.05198083072900772,0.042789526749402285,0.04298302927054465,0.05451289750635624
2567,2567,4.113165855407715,4.112907886505127,2e-05,2.2740064952730257,0.051921227015554905,0.04280220624059439,0.04300161846913397,0.05453804973512888
2568,2568,4.1093597412109375,4.112064361572266,2e-05,2.2912994501164863,0.05197405256330967,0.04282089346088469,0.04301304346881807,0.05455993767827749
2569,2569,4.110698699951172,4.1137800216674805,2e-05,2.3053313944842153,0.05196670535951853,0.04283775947988033,0.04303047456778586,0.05458451434969902
2570,2570,4.110292911529541,4.121786117553711,2e-05,2.3200377929284106,0.0520304711535573,0.04284927574917674,0.0430448311381042,0.05460712965577841
2571,2571,4.115100860595703,4.109292030334473,2e-05,2.330687894025805,0.05178888700902462,0.042856727028265595,0.04305130452848971,0.05462638009339571
2572,2572,4.108017921447754,4.1155524253845215,2e-05,2.3425259705907573,0.05209818761795759,0.04287288058549166,0.04306947602890432,0.05465194582939148
2573,2573,4.117545127868652,4.115791320800781,2e-05,2.3513555343643406,0.052180725149810314,0.04289255547337234,0.04308463796041906,0.05467536859214306
2574,2574,4.110028266906738,4.118504524230957,2e-05,2.361192275690183,0.05214903224259615,0.04290067101828754,0.04309991025365889,0.0546986386179924
2575,2575,4.108644485473633,4.110474586486816,2e-05,2.367583378311423,0.05198592320084572,0.042912337463349104,0.04311028588563204,0.05472004599869251
2576,2576,4.108161926269531,4.115435600280762,2e-05,2.3764656722868707,0.05214807018637657,0.04292904841713607,0.043123905546963215,0.05474315397441387
2577,2577,4.109503746032715,4.115417957305908,2e-05,2.3774236030682134,0.051998517476022243,0.0429438604041934,0.0431379247456789,0.05476532783359289
2578,2578,4.108870506286621,4.118622779846191,2e-05,2.384347356557571,0.05223245266824961,0.04296164587140083,0.04315538192167878,0.0547907380387187
2579,2579,4.115900039672852,4.114007949829102,2e-05,2.3931673256199026,0.052086551673710346,0.04297484061680734,0.043169174110516906,0.054812826216220856
2580,2580,4.109135150909424,4.109224319458008,2e-05,2.398819443327856,0.052222128957509995,0.0429866521153599,0.043182487366721034,0.05483625177294016
2581,2581,4.11135196685791,4.118494033813477,2e-05,2.401941678243251,0.05206644907593727,0.04299357533454895,0.04319061106070876,0.05485668405890465
2582,2582,4.111636638641357,4.110835552215576,2e-05,2.4064256505813924,0.05224449094384909,0.04300466971471906,0.04320271802134812,0.054878787137568
2583,2583,4.112033843994141,4.112697601318359,2e-05,2.4085113410274688,0.05226537398993969,0.04303372255526483,0.04322528396733105,0.05490630213171244
2584,2584,4.108589172363281,4.113697052001953,2e-05,2.412884211530165,0.052273339591920376,0.043034108355641365,0.04323066212236881,0.054925196804106236
2585,2585,4.112000465393066,4.113179683685303,2e-05,2.4137740739515174,0.052164661698043346,0.04304782673716545,0.043246139073744416,0.054949005134403706
2586,2586,4.109657287597656,4.10981559753418,2e-05,2.4138014695381913,0.05222803819924593,0.04307417036034167,0.04326859419234097,0.05497624073177576
2587,2587,4.1084980964660645,4.1134233474731445,2e-05,2.4193273716079022,0.052224100567400455,0.04308322514407337,0.043278013123199344,0.054997448809444904
2588,2588,4.111155986785889,4.11311149597168,2e-05,2.4182088303529317,0.052403043024241924,0.04308924754150212,0.043290320318192244,0.05501993652433157
2589,2589,4.111230850219727,4.117137908935547,2e-05,2.4232887477484324,0.052352406084537506,0.043111955747008324,0.04330765316262841,0.055045051500201225
2590,2590,4.109016418457031,4.1138410568237305,2e-05,2.4258374794784534,0.05236992612481117,0.04311477625742555,0.043312331195920706,0.05506327096372843
2591,2591,4.109785079956055,4.10694694519043,2e-05,2.4280934832250654,0.052284007892012596,0.04313615895807743,0.04333251854404807,0.0550897978246212
2592,2592,4.110989093780518,4.110466003417969,2e-05,2.2611715056442776,0.05241986829787493,0.04315115581266582,0.043348045786842704,0.05511367321014404
2593,2593,4.1158037185668945,4.1124043464660645,2e-05,2.2787826311661137,0.052421003580093384,0.04316565440967679,0.04335900233127177,0.05513618793338537
2594,2594,4.111684799194336,4.113203048706055,2e-05,2.2956701645793545,0.05242712143808603,0.04317846265621483,0.04337347042746842,0.05515935271978378
2595,2595,4.109753131866455,4.1111626625061035,2e-05,2.308806043351531,0.052585866302251816,0.043191811768338084,0.04338904796168208,0.05518340598791838
2596,2596,4.106584548950195,4.1135969161987305,2e-05,2.323349801319842,0.05230414588004351,0.04319654358550906,0.04339649947360158,0.05520358867943287
2597,2597,4.10894250869751,4.119429588317871,2e-05,2.333893656731246,0.05253273621201515,0.04322342458181083,0.043414103565737605,0.0552287632599473
2598,2598,4.109182357788086,4.119263172149658,2e-05,2.3452597718144688,0.052674056962132454,0.04323160322383046,0.04342752625234425,0.05525163374841213
2599,2599,4.111634254455566,4.116847038269043,2e-05,2.353271133059627,0.0524548776447773,0.043246876215562224,0.043443064438179135,0.055276136845350266
2600,2600,4.110487937927246,4.112264633178711,2e-05,2.3635223268740955,0.05264266673475504,0.043255994096398354,0.0434495797380805,0.05529571324586868
2601,2601,4.109037399291992,4.111797332763672,2e-05,2.369994767086256,0.052626198157668114,0.043277094373479486,0.04347100434824824,0.05532302241772413
2602,2602,4.111448764801025,4.116652011871338,2e-05,2.37784020340251,0.0526238102465868,0.04328071651980281,0.0434792994055897,0.05534339230507612
2603,2603,4.113239765167236,4.112260341644287,2e-05,2.382022567996092,0.05263557285070419,0.04330227384343743,0.04349644994363189,0.05536884628236294
2604,2604,4.108398914337158,4.117059230804443,2e-05,2.387961853932688,0.05260690953582525,0.04331785929389298,0.04351144074462354,0.055392323061823845
2605,2605,4.106565952301025,4.114168167114258,2e-05,2.3946211501776267,0.052611599676311016,0.04332933365367353,0.04352510115131736,0.05541582405567169
2606,2606,4.113714694976807,4.112716197967529,2e-05,2.390676712062537,0.05259109474718571,0.043343556113541126,0.043538660975173116,0.05543871410191059
2607,2607,4.107944488525391,4.113255500793457,2e-05,2.3848549241702934,0.05279594473540783,0.043356729904189706,0.0435504550114274,0.05546177551150322
2608,2608,4.111445426940918,4.116578102111816,2e-05,2.384887364645285,0.0526486923918128,0.04336928157135844,0.04356405697762966,0.05548483319580555
2609,2609,4.108734607696533,4.1181864738464355,2e-05,2.3925303052716007,0.05260256864130497,0.043373112101107836,0.043567782267928123,0.055503387935459614
2610,2610,4.107515335083008,4.1170501708984375,2e-05,2.397106176898996,0.05273538455367088,0.04339649714529514,0.04359069652855396,0.0555306738242507
2611,2611,4.1097259521484375,4.114972114562988,2e-05,2.401860835758363,0.053024799562990665,0.04341052705422044,0.04360480327159166,0.05555450823158026
2612,2612,4.108431816101074,4.114453315734863,2e-05,2.4066642708595567,0.052757225930690765,0.04342056717723608,0.04361587902531028,0.05557634495198727
2613,2613,4.107423305511475,4.111989974975586,2e-05,2.408268739190198,0.0528014600276947,0.04342929180711508,0.04362585605122149,0.05559789855033159
2614,2614,4.109588146209717,4.116613388061523,2e-05,2.4129959435539012,0.05278715491294861,0.043452390702441335,0.043648055056110024,0.05562522541731596
2615,2615,4.108974456787109,4.110231399536133,2e-05,2.4139335593873037,0.0528011592105031,0.04345974838361144,0.04365712217986584,0.05564567632973194
2616,2616,4.106631278991699,4.109263896942139,2e-05,2.4181081261959725,0.05293348990380764,0.04347511404193938,0.04367139143869281,0.055670068599283695
2617,2617,4.109433174133301,4.111029148101807,2e-05,2.4192540502649127,0.052825916558504105,0.0434860996901989,0.04368290468119085,0.05569210462272167
2618,2618,4.113371849060059,4.111794471740723,2e-05,2.4220188129495255,0.05299611296504736,0.043502981308847666,0.043697176268324256,0.05571573134511709
2619,2619,4.1076154708862305,4.112653732299805,2e-05,2.4228617907034176,0.052985262125730515,0.04350779461674392,0.04370838473550975,0.05573728773742914
2620,2620,4.112868309020996,4.117796421051025,2e-05,2.4240722521809213,0.05303231906145811,0.043526431545615196,0.043721680296584964,0.055760554037988186
2621,2621,4.108366966247559,4.110849380493164,2e-05,2.426609768498369,0.05300329718738794,0.04354341281577945,0.04374032071791589,0.055786182172596455
2622,2622,4.110614776611328,4.109818458557129,2e-05,2.4265604337534787,0.05287265498191118,0.04355894634500146,0.04375445796176791,0.05580891855061054
2623,2623,4.111939430236816,4.11121940612793,2e-05,2.4274588985239984,0.05306093022227287,0.0435694248881191,0.043765370501205325,0.05583107937127352
2624,2624,4.107874870300293,4.111589431762695,2e-05,2.4289897643651597,0.05297095514833927,0.043577709468081594,0.04377591679804027,0.055852522142231464
2625,2625,4.106838226318359,4.110090732574463,2e-05,2.431164738810255,0.052909499034285545,0.04359759180806577,0.04379320121370256,0.05587714537978172
2626,2626,4.110023498535156,4.116167068481445,2e-05,2.430664974851988,0.05310589913278818,0.04361057956703007,0.04380723787471652,0.05590070132166147
2627,2627,4.108920097351074,4.121212959289551,2e-05,2.4312841403366448,0.053119318559765816,0.043613284826278687,0.043812538497149944,0.055920185521245
2628,2628,4.107884407043457,4.110433578491211,2e-05,2.4323024009741645,0.05310175567865372,0.04363148310221732,0.0438312953338027,0.055945154279470444
2629,2629,4.110983848571777,4.115175247192383,2e-05,2.4340444556390244,0.053227164782583714,0.04364932677708566,0.04384523374028504,0.05596969462931156
2630,2630,4.109584808349609,4.113034248352051,2e-05,2.4331857898093343,0.05303881783038378,0.043665835401043296,0.04386283946223557,0.05599391274154186
2631,2631,4.109436511993408,4.107980251312256,2e-05,2.43373365583863,0.05294268671423197,0.04366873670369387,0.043869087006896734,0.05601336341351271
2632,2632,4.108267784118652,4.114602565765381,2e-05,2.4344864384804272,0.05313188675791025,0.04369024350307882,0.04388680984266102,0.05603872146457434
2633,2633,4.1062397956848145,4.110546112060547,2e-05,2.435540810276066,0.05326378159224987,0.04370893049053848,0.0439011063426733,0.056062509305775166
2634,2634,4.111255645751953,4.112147331237793,2e-05,2.4351537094597497,0.053089071065187454,0.043718637665733695,0.04391501867212355,0.05608535744249821
2635,2635,4.10617733001709,4.107804298400879,2e-05,2.4366519747408457,0.0533041525632143,0.043735472951084375,0.04392743809148669,0.05610793549567461
2636,2636,4.106203079223633,4.117947101593018,2e-05,2.4357454720965706,0.053335643373429775,0.04374535195529461,0.04394344473257661,0.056132485158741474
2637,2637,4.112943649291992,4.111644744873047,2e-05,2.4377457704520853,0.05326907429844141,0.04375892039388418,0.04395275400020182,0.056153750978410244
2638,2638,4.1118059158325195,4.112610816955566,2e-05,2.4361343290568036,0.05331356730312109,0.04377184063196182,0.043967836536467075,0.05617778189480305
2639,2639,4.115272521972656,4.111788749694824,2e-05,2.4377000378671387,0.05315849278122187,0.043782326858490705,0.04397967271506786,0.056199559941887856
2640,2640,4.112147808074951,4.108614921569824,2e-05,2.4365703966193104,0.05343802087008953,0.04379307175986469,0.04398711840622127,0.05622060503810644
2641,2641,4.109048366546631,4.115980625152588,2e-05,2.438266865779539,0.05320920702069998,0.04380865767598152,0.04400737537071109,0.05624644458293915
2642,2642,4.10493803024292,4.111261367797852,2e-05,2.436817244347185,0.053394182585179806,0.04382681823335588,0.04402106744237244,0.056269929744303226
2643,2643,4.111721038818359,4.113259315490723,2e-05,2.434431661059911,0.05326623935252428,0.04383761482313275,0.04403365170583129,0.05629241373389959
2644,2644,4.108186721801758,4.10601806640625,2e-05,2.4380153232293913,0.05346715543419123,0.04384804796427488,0.044047361705452204,0.056315526366233826
2645,2645,4.109771728515625,4.110372543334961,2e-05,2.2744580151807336,0.05338217783719301,0.04386954149231315,0.044062904082238674,0.05633915588259697
2646,2646,4.1041646003723145,4.112854957580566,2e-05,2.293600251413334,0.05337108485400677,0.04387489892542362,0.04407044989056885,0.05636002216488123
2647,2647,4.1085357666015625,4.1126203536987305,2e-05,2.307268133748821,0.05346684716641903,0.043892680667340755,0.04408742347732186,0.05638443399220705
2648,2648,4.104875564575195,4.115316867828369,2e-05,2.3202218707711406,0.05350024253129959,0.043908876134082675,0.0441055353730917,0.05640943069010973
2649,2649,4.107283592224121,4.112016677856445,2e-05,2.328618426707279,0.05344552360475063,0.04391708504408598,0.044116134056821465,0.056431873701512814
2650,2650,4.108960151672363,4.107405185699463,2e-05,2.3447979184448067,0.05345710553228855,0.043937450274825096,0.044130905298516154,0.05645447224378586
2651,2651,4.118990421295166,4.10768461227417,2e-05,2.353064983007487,0.053480155766010284,0.04393693991005421,0.04413712746463716,0.05647481698542833
2652,2652,4.112771034240723,4.11016845703125,2e-05,2.3612483191096665,0.05342205334454775,0.04396290285512805,0.044158856151625514,0.05650082137435675
2653,2653,4.107946395874023,4.113247871398926,2e-05,2.369065052614284,0.05353261064738035,0.04396848031319678,0.0441673188470304,0.05652222875505686
2654,2654,4.1083149909973145,4.112575531005859,2e-05,2.3776313209206172,0.05348974000662565,0.04398631490767002,0.04418387939222157,0.05654625128954649
2655,2655,4.112084865570068,4.109714508056641,2e-05,2.382692861728125,0.05350540857762098,0.04399644327349961,0.04419598798267543,0.056568446569144726
2656,2656,4.106807708740234,4.111350059509277,2e-05,2.3893975926000803,0.05362023040652275,0.044013688806444407,0.0442112167365849,0.0565922474488616
2657,2657,4.110366344451904,4.112773895263672,2e-05,2.3934857408168932,0.0536026069894433,0.044021826004609466,0.04421982239000499,0.0566136809065938
2658,2658,4.108005523681641,4.114424705505371,2e-05,2.398727713291407,0.053568631410598755,0.04403538629412651,0.04423172725364566,0.056635906919837
2659,2659,4.110464572906494,4.109025478363037,2e-05,2.4016220935152286,0.05359517224133015,0.04404860851354897,0.04424705030396581,0.05665901955217123
2660,2660,4.1106109619140625,4.110898017883301,2e-05,2.4070347297288777,0.05363123305141926,0.044071869226172566,0.04426694964058697,0.05668524745851755
2661,2661,4.106245517730713,4.110459327697754,2e-05,2.4083228482720442,0.053894163109362125,0.044079114217311144,0.04427574807778001,0.056705805473029613
2662,2662,4.108855247497559,4.111831188201904,2e-05,2.4131381221693573,0.053599584847688675,0.04408354894258082,0.044284779112786055,0.05672681424766779
2663,2663,4.114049911499023,4.111590385437012,2e-05,2.414447777294946,0.05373939871788025,0.0441083675250411,0.04430667241103947,0.056753198616206646
2664,2664,4.110011100769043,4.109259128570557,2e-05,2.416361889798071,0.05384362954646349,0.0441240209620446,0.044319266686216,0.05677598807960749
2665,2665,4.112488746643066,4.107362747192383,2e-05,2.4182819113686893,0.05392401944845915,0.04414233425632119,0.04433541791513562,0.05679983086884022
2666,2666,4.1114501953125,4.109773635864258,2e-05,2.420955020209343,0.05382063426077366,0.04414612799882889,0.044344812631607056,0.05682125315070152
2667,2667,4.107252597808838,4.113070487976074,2e-05,2.423816313497952,0.05365508142858744,0.044149596244096756,0.04435202619060874,0.05684086587280035
2668,2668,4.111454963684082,4.119057655334473,2e-05,2.423747697276194,0.053844109177589417,0.044172725174576044,0.044370744144544005,0.05686594732105732
2669,2669,4.1069488525390625,4.1086225509643555,2e-05,2.426868184267472,0.05372091569006443,0.04418908478692174,0.044385436456650496,0.05688945762813091
2670,2670,4.113643646240234,4.1106858253479,2e-05,2.4268234180286634,0.053959243930876255,0.044204711681231856,0.044396432815119624,0.056911446154117584
2671,2671,4.106222152709961,4.113236427307129,2e-05,2.427700691656738,0.05400985758751631,0.04421769827604294,0.04441201710142195,0.056935543194413185
2672,2672,4.10894775390625,4.119129180908203,2e-05,2.4293924687912476,0.05370610672980547,0.044222830561921,0.044423201121389866,0.05695683695375919
2673,2673,4.10423469543457,4.112687587738037,2e-05,2.429756036318512,0.05386403761804104,0.044249838683754206,0.044443897902965546,0.05698403902351856
2674,2674,4.109511375427246,4.112788200378418,2e-05,2.4310777401611694,0.0540246469900012,0.0442538196220994,0.04444972309283912,0.05700382869690657
2675,2675,4.107687473297119,4.112225532531738,2e-05,2.4331749882937523,0.053965295664966106,0.044269811594858766,0.04446435417048633,0.05702714156359434
2676,2676,4.110803604125977,4.11068868637085,2e-05,2.4321233314995765,0.05386481061577797,0.04427899373695254,0.04447687533684075,0.057049769908189774
2677,2677,4.108489513397217,4.112262725830078,2e-05,2.4330645159363944,0.05398893915116787,0.044298362685367465,0.044496247079223394,0.057075876742601395
2678,2678,4.110513687133789,4.113672256469727,2e-05,2.4337303741739187,0.05407978035509586,0.04431074112653732,0.04450923879630864,0.05709824152290821
2679,2679,4.106692314147949,4.110976219177246,2e-05,2.43523666421272,0.05389541294425726,0.0443212715908885,0.044516582041978836,0.05711941793560982
2680,2680,4.109318733215332,4.108528137207031,2e-05,2.4348680997265126,0.05399629473686218,0.04433474806137383,0.044531835708767176,0.057142673060297966
2681,2681,4.110284328460693,4.10874080657959,2e-05,2.4365104114546123,0.05413905903697014,0.044349424773827195,0.04454533662647009,0.057166244834661484
2682,2682,4.109950065612793,4.109426975250244,2e-05,2.435609609004962,0.05402858555316925,0.04436867218464613,0.044566017808392644,0.05719249416142702
2683,2683,4.1070098876953125,4.107836723327637,2e-05,2.4326101359080408,0.054034508764743805,0.04437752813100815,0.044576199259608984,0.05721410270780325
2684,2684,4.111479759216309,4.111693382263184,2e-05,2.4359022637236065,0.05411727726459503,0.04438919061794877,0.044585951371118426,0.05723600648343563
2685,2685,4.107051849365234,4.1116533279418945,2e-05,2.437886882916418,0.05395474098622799,0.044402134604752064,0.04460187931545079,0.05726052075624466
2686,2686,4.114903926849365,4.114158630371094,2e-05,2.4368754950232927,0.05411413870751858,0.04441913263872266,0.044615458929911256,0.057283285073935986
2687,2687,4.109676837921143,4.108521461486816,2e-05,2.437988134243558,0.054096304811537266,0.044433012837544084,0.04462892538867891,0.057306984439492226
2688,2688,4.112170219421387,4.106637001037598,2e-05,2.4370867803522667,0.05407432746142149,0.04444222035817802,0.04464275133796036,0.057330040261149406
2689,2689,4.107717037200928,4.115462303161621,2e-05,2.438180010902978,0.0541039789095521,0.04445776785723865,0.04465798637829721,0.057353971526026726
2690,2690,4.108861446380615,4.1039581298828125,2e-05,2.4369854771552046,0.0542551726102829,0.044473410584032536,0.04467026283964515,0.057376076467335224
2691,2691,4.105471611022949,4.112395286560059,2e-05,2.273624214413139,0.054186793975532055,0.044488207902759314,0.044684546533972025,0.05740025267004967
2692,2692,4.108077049255371,4.108630657196045,2e-05,2.2889596167830173,0.05430660955607891,0.04450391628779471,0.044698504731059074,0.05742429941892624
2693,2693,4.1118011474609375,4.106626510620117,2e-05,2.3063257971357465,0.05430829990655184,0.04451571265235543,0.044712339993566275,0.057446593418717384
2694,2694,4.110672950744629,4.106596946716309,2e-05,2.3211902037848238,0.054303050972521305,0.044526375364512205,0.04472403577528894,0.05746976099908352
2695,2695,4.112367630004883,4.113727569580078,2e-05,2.332475973090155,0.05424847733229399,0.04454334359616041,0.044738859636709094,0.057493231259286404
2696,2696,4.113640785217285,4.118987083435059,2e-05,2.3435633705037495,0.05439173895865679,0.04455775138922036,0.044754782458767295,0.057517929933965206
2697,2697,4.108633518218994,4.110700607299805,2e-05,2.3518355691077533,0.054350873455405235,0.04456689418293536,0.04476693458855152,0.05754082649946213
2698,2698,4.106269836425781,4.109217166900635,2e-05,2.362088475526273,0.05431618168950081,0.04458415415138006,0.04478272283449769,0.05756501667201519
2699,2699,4.107448101043701,4.106727600097656,2e-05,2.368550407796308,0.05438513495028019,0.04459320055320859,0.044792613945901394,0.05758620612323284
2700,2700,4.109000205993652,4.110281944274902,2e-05,2.3766177261189054,0.05460205767303705,0.044619640335440636,0.04481346206739545,0.057613163255155087
2701,2701,4.110198020935059,4.107814311981201,2e-05,2.3815473264576856,0.054360032081604004,0.044621896231547,0.04481918038800359,0.05763239040970802
2702,2702,4.110377311706543,4.112435817718506,2e-05,2.38888266174578,0.054644362069666386,0.04464047425426543,0.04484051093459129,0.05765865743160248
2703,2703,4.110893249511719,4.110103607177734,2e-05,2.3924692865783257,0.054318951442837715,0.04464437300339341,0.04484413377940655,0.05767714511603117
2704,2704,4.106606960296631,4.1169867515563965,2e-05,2.3980122279704896,0.05455171503126621,0.04466814827173948,0.04486455162987113,0.057703375816345215
2705,2705,4.106921195983887,4.109775543212891,2e-05,2.4010475240870623,0.05439129285514355,0.04467452992685139,0.04487317567691207,0.05772367864847183
2706,2706,4.106359958648682,4.106634616851807,2e-05,2.406011551568896,0.054652308113873005,0.04468829347752035,0.04488562233746052,0.05774637404829264
2707,2707,4.110233783721924,4.114458084106445,2e-05,2.408309549176671,0.05477958545088768,0.044714695075526834,0.0449084984138608,0.05777349695563316
2708,2708,4.111782073974609,4.10626220703125,2e-05,2.412139554260104,0.05458411294966936,0.04471400659531355,0.04491469915956259,0.057792142033576965
2709,2709,4.1116485595703125,4.110262870788574,2e-05,2.4136115901586463,0.05455133505165577,0.04473346774466336,0.04493513377383351,0.05781844351440668
2710,2710,4.110956192016602,4.10733699798584,2e-05,2.4164878055865637,0.05458246357738972,0.044749262277036905,0.04494593827985227,0.0578395863994956
2711,2711,4.110652923583984,4.108734130859375,2e-05,2.418381617008202,0.05469717178493738,0.0447560572065413,0.044955810997635126,0.057861173525452614
2712,2712,4.112574100494385,4.108578205108643,2e-05,2.4206422403073935,0.054637384600937366,0.044775172835215926,0.044972462113946676,0.05788509175181389
2713,2713,4.108222961425781,4.109442234039307,2e-05,2.422054239531145,0.054540956392884254,0.0447950738016516,0.04499187879264355,0.057910431176424026
2714,2714,4.107231140136719,4.1064887046813965,2e-05,2.423911695651973,0.054818324744701385,0.04480679985135794,0.0450037969276309,0.05793202202767134
2715,2715,4.107954978942871,4.108806610107422,2e-05,2.4265341623138466,0.05469486955553293,0.04482124978676438,0.04501855722628534,0.05795613955706358
2716,2716,4.11329984664917,4.109439849853516,2e-05,2.426266241382809,0.05488335434347391,0.04483385104686022,0.04503084206953645,0.05797841213643551
2717,2717,4.111544609069824,4.114933967590332,2e-05,2.427620468566485,0.05489817634224892,0.044848033925518394,0.04504679259844124,0.058002169243991375
2718,2718,4.1061553955078125,4.104616165161133,2e-05,2.428994832726804,0.05478166043758392,0.04485639720223844,0.04505735565908253,0.05802372004836798
2719,2719,4.113606929779053,4.108667373657227,2e-05,2.431045256747546,0.05496549978852272,0.0448715949896723,0.04507150431163609,0.05804732255637646
2720,2720,4.104311943054199,4.111683368682861,2e-05,2.430770480694004,0.05487767793238163,0.044876328902319074,0.04507903731428087,0.05806770920753479
2721,2721,4.105301380157471,4.115604400634766,2e-05,2.432232482820383,0.054765610024333,0.044898121850565076,0.04509967425838113,0.058093586936593056
2722,2722,4.103447914123535,4.117380142211914,2e-05,2.4325245939468014,0.05491774342954159,0.04491682955995202,0.04511228087358177,0.05811690166592598
2723,2723,4.10549259185791,4.112593650817871,2e-05,2.433826631379043,0.05506486725062132,0.04492478258907795,0.045121742179617286,0.05813854280859232
2724,2724,4.1068830490112305,4.110540390014648,2e-05,2.4333295758139584,0.055046034045517445,0.044941487489268184,0.04513684054836631,0.05816198233515024
2725,2725,4.107946872711182,4.110340595245361,2e-05,2.435415794747376,0.054812921211123466,0.04495528806000948,0.045152510749176145,0.05818582512438297
2726,2726,4.111929416656494,4.119183540344238,2e-05,2.4346836592808376,0.05478139128535986,0.04495996376499534,0.045163380447775126,0.05820845067501068
2727,2727,4.106887340545654,4.108497619628906,2e-05,2.4361565911707483,0.05500451195985079,0.044977884739637375,0.045176473911851645,0.05823101568967104
2728,2728,4.104978561401367,4.1160569190979,2e-05,2.434938230555901,0.05501449294388294,0.04499797453172505,0.045191054698079824,0.058255502954125404
2729,2729,4.109928131103516,4.107498645782471,2e-05,2.43694312353109,0.05503700394183397,0.04499263712204993,0.04519549594260752,0.058274002745747566
2730,2730,4.107649803161621,4.10872745513916,2e-05,2.4359804484525154,0.05495568085461855,0.04502180335111916,0.045219278894364834,0.058302681893110275
2731,2731,4.10333251953125,4.114439964294434,2e-05,2.437284105632135,0.05504463892430067,0.04503179853782058,0.045233945827931166,0.05832540336996317
2732,2732,4.1071929931640625,4.110496997833252,2e-05,2.4359951572491885,0.054966227151453495,0.04503623582422733,0.04524020804092288,0.05834563169628382
2733,2733,4.1083502769470215,4.110439300537109,2e-05,2.438589924530209,0.055103542283177376,0.04506255476735532,0.0452613674569875,0.058371925726532936
2734,2734,4.107172012329102,4.1108245849609375,2e-05,2.436865460150547,0.05496608931571245,0.04506802186369896,0.04526719031855464,0.058392155915498734
2735,2735,4.110861778259277,4.112340450286865,2e-05,2.4339049344495343,0.055099242366850376,0.045081694377586246,0.04528174549341202,0.05841542035341263
2736,2736,4.104508876800537,4.11223030090332,2e-05,2.4332934329598546,0.05512511171400547,0.04510427499189973,0.04529976029880345,0.058440592139959335
2737,2737,4.102458477020264,4.108308792114258,2e-05,2.4348004005922657,0.05519628059118986,0.0451099609490484,0.04530888702720404,0.05846253130584955
2738,2738,4.1072516441345215,4.108060836791992,2e-05,2.4383682059588785,0.05522179324179888,0.04513048357330263,0.045325318817049265,0.05848655942827463
2739,2739,4.101233005523682,4.106415748596191,2e-05,2.439433087387862,0.055109795182943344,0.045141319278627634,0.045339004369452596,0.058509363792836666
2740,2740,4.108763694763184,4.112554550170898,2e-05,2.438212961674492,0.05526695307344198,0.0451580579392612,0.045353474328294396,0.058533335104584694
2741,2741,4.105688095092773,4.110956192016602,2e-05,2.4382581105172725,0.055211263708770275,0.045158292865380645,0.04535945621319115,0.05855242908000946
2742,2742,4.103623390197754,4.106759548187256,2e-05,2.4393288377655176,0.055249557830393314,0.045178110245615244,0.04537660349160433,0.05857744533568621
2743,2743,4.103485107421875,4.1152496337890625,2e-05,2.4378910946894736,0.0551521023735404,0.04518558830022812,0.04538940452039242,0.0586004126816988
2744,2744,4.105920314788818,4.109958648681641,2e-05,2.4380076919431684,0.05513181257992983,0.04519735788926482,0.045401111943647265,0.05862273462116718
2745,2745,4.104124069213867,4.108678817749023,2e-05,2.4381963161597,0.05523951072245836,0.04521897388622165,0.045417236629873514,0.05864722281694412
2746,2746,4.11300802230835,4.108213424682617,2e-05,2.4395541010918107,0.055224450305104256,0.04522927384823561,0.04542681481689215,0.05866867955774069
2747,2747,4.11131477355957,4.105540752410889,2e-05,2.438276231237372,0.05529472604393959,0.045243478612974286,0.04544251109473407,0.05869247578084469
2748,2748,4.1145806312561035,4.105482578277588,2e-05,2.439374410400892,0.055415078066289425,0.045255766017362475,0.045454282546415925,0.058714693412184715
2749,2749,4.107834815979004,4.110100746154785,2e-05,2.438553050843294,0.055357035249471664,0.04527318454347551,0.04547116672620177,0.058739449828863144
2750,2750,4.1078033447265625,4.105352401733398,2e-05,2.4395082540241244,0.055287688970565796,0.045280234422534704,0.045480175176635385,0.0587602062150836
2751,2751,4.103649139404297,4.107734680175781,2e-05,2.437974963858962,0.05517609231173992,0.04529787483625114,0.045497644459828734,0.058784881606698036
2752,2752,4.110527038574219,4.1072587966918945,2e-05,2.43816856937347,0.05530789494514465,0.0453068925999105,0.04550828435458243,0.0588074978441
2753,2753,4.103756427764893,4.107930660247803,2e-05,2.4383496485340226,0.05537267029285431,0.04531457112170756,0.04551643971353769,0.05882822256535292
2754,2754,4.1072211265563965,4.106765270233154,2e-05,2.439528319907691,0.05532572232186794,0.045331669971346855,0.04553622636012733,0.058854348957538605
2755,2755,4.109834671020508,4.11464786529541,2e-05,2.438527142572772,0.055412896908819675,0.045345121528953314,0.045545472763478756,0.05887575913220644
2756,2756,4.0974225997924805,4.10996150970459,2e-05,2.4399847538698847,0.05546878557652235,0.04536223318427801,0.04555701347999275,0.058898160234093666
2757,2757,4.105267524719238,4.109651565551758,2e-05,2.4381578294124475,0.055661143735051155,0.04537143022753298,0.04557442502118647,0.058923738077282906
2758,2758,4.104604721069336,4.107844352722168,2e-05,2.4397888830581773,0.05558175593614578,0.04539117100648582,0.04558908869512379,0.05894744675606489
2759,2759,4.109435081481934,4.112067699432373,2e-05,2.4381718870970537,0.05544252134859562,0.04539301455952227,0.04559604893438518,0.05896717216819525
2760,2760,4.105019569396973,4.111410617828369,2e-05,2.4399243518025986,0.05553650110960007,0.04540762095712125,0.04560904856771231,0.0589898657053709
2761,2761,4.108816146850586,4.111771583557129,2e-05,2.438123666609457,0.05572707112878561,0.04543335922062397,0.045631068758666515,0.05901732202619314
2762,2762,4.109622478485107,4.104662895202637,2e-05,2.4400160206558934,0.055379134602844715,0.04543835809454322,0.04563829628750682,0.05903749354183674
2763,2763,4.107686519622803,4.111438751220703,2e-05,2.438551757016909,0.055368561297655106,0.04544787551276386,0.045649001840502024,0.059058986604213715
2764,2764,4.10673713684082,4.107874870300293,2e-05,2.4394004962441946,0.055433906614780426,0.045466377632692456,0.04566582781262696,0.059083360247313976
2765,2765,4.1087846755981445,4.1044158935546875,2e-05,2.437938712340937,0.05563411023467779,0.04548153420910239,0.04567753151059151,0.059106724336743355
2766,2766,4.1081390380859375,4.11224365234375,2e-05,2.4396556654969945,0.055837723426520824,0.04549185116775334,0.04569057375192642,0.05912880785763264
2767,2767,4.110761642456055,4.10734224319458,2e-05,2.438548620667978,0.05576394312083721,0.04550784663297236,0.045705246506258845,0.05915265250951052
2768,2768,4.106590270996094,4.112044334411621,2e-05,2.4395094269638937,0.055690497159957886,0.04551842366345227,0.04571832367219031,0.05917596071958542
2769,2769,4.110108852386475,4.110752582550049,2e-05,2.4385169150141843,0.055906481109559536,0.045540931168943644,0.045736306346952915,0.05920111108571291
2770,2770,4.107147216796875,4.111699104309082,2e-05,2.4392660719438153,0.05576643440872431,0.04554671957157552,0.04574661678634584,0.05922318994998932
2771,2771,4.109088897705078,4.106098175048828,2e-05,2.4387561571173957,0.05569713935256004,0.04556264029815793,0.045760587323457,0.05924683902412653
2772,2772,4.113064765930176,4.110570907592773,2e-05,2.438527013466719,0.05579265393316746,0.04557548020966351,0.045771226985380054,0.0592684056609869
2773,2773,4.102021217346191,4.104796409606934,2e-05,2.4392425409240777,0.055861144326627254,0.045577646465972066,0.045777387684211135,0.059288352727890015
2774,2774,4.106754779815674,4.108992099761963,2e-05,2.437843808414686,0.05577454715967178,0.045591169968247414,0.045797523111104965,0.059314873069524765
2775,2775,4.112939834594727,4.106081008911133,2e-05,2.438170183229632,0.055777435190975666,0.045611234148964286,0.04581121657975018,0.05933797545731068
2776,2776,4.108007431030273,4.108087539672852,2e-05,2.4383340162286262,0.0558351818472147,0.04562320141121745,0.04582594055682421,0.059361462481319904
2777,2777,4.109918594360352,4.107996940612793,2e-05,2.4393111228709228,0.05580051522701979,0.045645734993740916,0.0458402163349092,0.059385267086327076
2778,2778,4.1048078536987305,4.104922294616699,2e-05,2.438307951897991,0.055996838957071304,0.04565248033031821,0.04585150186903775,0.0594076132401824
2779,2779,4.103376865386963,4.108066558837891,2e-05,2.4382139572062136,0.055776672437787056,0.04566108831204474,0.04585721995681524,0.05942753981798887
2780,2780,4.109463691711426,4.104459762573242,2e-05,2.438315342461418,0.05615527834743261,0.045684902695938945,0.04588250629603863,0.059455979615449905
2781,2781,4.105295181274414,4.102614402770996,2e-05,2.439430271645901,0.05583228264003992,0.0456767650321126,0.04588482133112848,0.05947398021817207
2782,2782,4.107110500335693,4.109444618225098,2e-05,2.269278949381992,0.055914994329214096,0.04569574468769133,0.0458984209690243,0.05949748121201992
2783,2783,4.104424476623535,4.107733726501465,2e-05,2.2874250053254044,0.05623016506433487,0.04571731621399522,0.04591755918227136,0.05952283460646868
2784,2784,4.106014251708984,4.106129169464111,2e-05,2.2969231993401107,0.055939238518476486,0.04573313263244927,0.04593331506475806,0.05954650975763798
2785,2785,4.103604316711426,4.1059417724609375,2e-05,2.3057455469197157,0.05589152965694666,0.045745296170935035,0.0459447514731437,0.05956911575049162
2786,2786,4.112578868865967,4.106188774108887,2e-05,2.3112423553106276,0.05604799184948206,0.04575781850144267,0.04595944914035499,0.05959238391369581
2787,2787,4.103550910949707,4.109328746795654,2e-05,2.322096267131588,0.05619629751890898,0.045768461655825377,0.04596940823830664,0.0596145074814558
2788,2788,4.102520942687988,4.105570316314697,2e-05,2.3301379574455656,0.05607406608760357,0.04578329250216484,0.04598456365056336,0.05963815003633499
2789,2789,4.104727268218994,4.109556198120117,2e-05,2.3446001328541897,0.05603671167045832,0.045785559341311455,0.04599206289276481,0.05965860467404127
2790,2790,4.1038103103637695,4.101888656616211,2e-05,2.3548870045113963,0.0561174713075161,0.04581187549047172,0.04601152637042105,0.05968495365232229
2791,2791,4.106414794921875,4.111683368682861,2e-05,2.199713553198536,0.05621864553540945,0.04582171910442412,0.04602347640320659,0.059706710278987885
2792,2792,4.1081061363220215,4.109050750732422,2e-05,2.2260130424902163,0.056110747158527374,0.04584101866930723,0.04603967349976301,0.05973122175782919
2793,2793,4.106362819671631,4.105286598205566,2e-05,2.245526076800202,0.056519657373428345,0.0458493425976485,0.046047936193645,0.05975220538675785
2794,2794,4.104814529418945,4.103508949279785,2e-05,2.266761382035808,0.056174238212406635,0.04586165910586715,0.046060971450060606,0.05977433640509844
2795,2795,4.107776641845703,4.108297348022461,2e-05,2.283013185146388,0.056285008788108826,0.04587222193367779,0.046077056089416146,0.05979904066771269
2796,2796,4.10496711730957,4.10788106918335,2e-05,2.3012353539101897,0.056280467659235,0.04588910564780235,0.04608842497691512,0.05982098914682865
2797,2797,4.1053876876831055,4.1074090003967285,2e-05,2.3153166702022254,0.056357840076088905,0.04590063588693738,0.04610221879556775,0.05984364077448845
2798,2798,4.103947639465332,4.1096906661987305,2e-05,2.332824557642902,0.05637561623007059,0.04591285530477762,0.04611612483859062,0.05986692849546671
2799,2799,4.103047847747803,4.103327751159668,2e-05,2.3384754658113063,0.05643244460225105,0.04592801886610687,0.04612882900983095,0.05988981481641531
2800,2800,4.103168487548828,4.105460166931152,2e-05,2.3536959559023227,0.05633158981800079,0.045942094177007675,0.04614332690834999,0.059912534430623055
2801,2801,4.101905822753906,4.112771987915039,2e-05,2.360995450085586,0.05627964157611132,0.045960142742842436,0.04616046999581158,0.059937561862170696
2802,2802,4.102392196655273,4.108563423156738,2e-05,2.3699233248933265,0.056335076689720154,0.045970197301357985,0.04616958531551063,0.05995903816074133
2803,2803,4.105134963989258,4.105060577392578,2e-05,2.376250796755804,0.05621979292482138,0.04598250752314925,0.04617970739491284,0.05997937358915806
2804,2804,4.108670234680176,4.108057022094727,2e-05,2.383024121131487,0.05643006879836321,0.045994194922968745,0.046193980146199465,0.060003360733389854
2805,2805,4.100778579711914,4.1020002365112305,2e-05,2.387253982942404,0.056364817544817924,0.04601317388005555,0.04620867618359625,0.06002745218575001
2806,2806,4.102658271789551,4.108094692230225,2e-05,2.394025571010816,0.05649777501821518,0.04601898486725986,0.04622059501707554,0.060049064457416534
2807,2807,4.108121395111084,4.112366199493408,2e-05,2.396890540381976,0.056336876936256886,0.046031911158934236,0.04623235366307199,0.06007175147533417
2808,2808,4.107475280761719,4.107247352600098,2e-05,2.402617205787906,0.05647547263652086,0.046049632132053375,0.046248736092820764,0.060096172615885735
2809,2809,4.103239059448242,4.104459762573242,2e-05,2.4053783076754227,0.056617842987179756,0.046066705137491226,0.046265744837000966,0.06012092903256416
2810,2810,4.101651191711426,4.10596227645874,2e-05,2.4099040860255556,0.05664464272558689,0.04607296618632972,0.04627469554543495,0.060141852125525475
2811,2811,4.109029769897461,4.102527618408203,2e-05,2.4110364278704726,0.05664361361414194,0.046088007278740406,0.04628918948583305,0.06016586534678936
2812,2812,4.10548210144043,4.104984760284424,2e-05,2.4158247675146325,0.056516765616834164,0.04609364038333297,0.046298834728077054,0.0601867251098156
2813,2813,4.106922149658203,4.107423305511475,2e-05,2.4177100078226146,0.05647007375955582,0.046117291087284684,0.046314366394653916,0.060211011208593845
2814,2814,4.106001853942871,4.105492115020752,2e-05,2.4181829535253136,0.05651662778109312,0.04612768511287868,0.046331821475178,0.06023539509624243
2815,2815,4.108112335205078,4.107390880584717,2e-05,2.421583485453099,0.05648182984441519,0.04613535036332905,0.04633972933515906,0.06025603599846363
2816,2816,4.109269618988037,4.10862398147583,2e-05,2.4225072977404483,0.056558363139629364,0.04615217610262334,0.046355779748409986,0.060279966332018375
2817,2817,4.110988616943359,4.108950138092041,2e-05,2.424857416397453,0.05672081187367439,0.04616190982051194,0.04636456165462732,0.06030123773962259
2818,2818,4.104028224945068,4.105538368225098,2e-05,2.425199732114786,0.05661546252667904,0.04618143220432103,0.04637953266501427,0.06032463628798723
2819,2819,4.10841703414917,4.105659484863281,2e-05,2.42701304031693,0.05660814139991999,0.046197459334507585,0.04639881942421198,0.06035035662353039
2820,2820,4.107220649719238,4.10429573059082,2e-05,2.427633239762096,0.05666739959269762,0.046203031903132796,0.04640551586635411,0.060370638966560364
2821,2821,4.108208656311035,4.10575008392334,2e-05,2.428787574234758,0.05673616845160723,0.04621251975186169,0.04641763702966273,0.060392980463802814
2822,2822,4.106306076049805,4.114815711975098,2e-05,2.429828182745233,0.056641194969415665,0.04622905934229493,0.04643359989859164,0.060416510328650475
2823,2823,4.111284255981445,4.112321853637695,2e-05,2.431902079563977,0.05666972417384386,0.0462364093400538,0.04644405352883041,0.060438357293605804
2824,2824,4.106510162353516,4.112356662750244,2e-05,2.4314824060147804,0.05688406899571419,0.046260374365374446,0.04646304459311068,0.060464042238891125
2825,2825,4.105968952178955,4.105545997619629,2e-05,2.4318920783920857,0.05674016196280718,0.04627231205813587,0.04647180484607816,0.06048463936895132
2826,2826,4.1017537117004395,4.108928680419922,2e-05,2.433024159476334,0.056919462978839874,0.046293784165754914,0.04649189370684326,0.06051141396164894
2827,2827,4.110302448272705,4.107018947601318,2e-05,2.434224759172382,0.05694468505680561,0.04630113625898957,0.04650437831878662,0.060533635318279266
2828,2828,4.10481595993042,4.1084885597229,2e-05,2.4339370251305956,0.056694275699555874,0.04631178919225931,0.0465117609128356,0.060553944669663906
2829,2829,4.106514930725098,4.105094909667969,2e-05,2.4359867013545253,0.056849485263228416,0.04631507652811706,0.04651835351251066,0.06057405564934015
2830,2830,4.102096080780029,4.1076836585998535,2e-05,2.4348123127855654,0.05671964678913355,0.046330192591995,0.046534979017451406,0.06059834826737642
2831,2831,4.1029791831970215,4.103387832641602,2e-05,2.436249997521015,0.05681076738983393,0.0463457009755075,0.046548752347007394,0.06062138359993696
2832,2832,4.103026390075684,4.112288475036621,2e-05,2.435730902062478,0.056942603550851345,0.046367032919079065,0.04657030641101301,0.06064810510724783
2833,2833,4.103096961975098,4.106267929077148,2e-05,2.4368239256524094,0.05684503447264433,0.04638187284581363,0.04658117424696684,0.06067054718732834
2834,2834,4.106289863586426,4.107858657836914,2e-05,2.4358393568983603,0.05692521948367357,0.04639407224021852,0.04659862304106355,0.06069462280720472
2835,2835,4.105896472930908,4.108769416809082,2e-05,2.4379185669268555,0.05699782259762287,0.04640269582159817,0.04660496115684509,0.06071453448385
2836,2836,4.105249404907227,4.1048665046691895,2e-05,2.43674679881976,0.05687766522169113,0.04642029129900038,0.04662065580487251,0.06073990184813738
2837,2837,4.100122451782227,4.101258277893066,2e-05,2.4380340805136442,0.056980254128575325,0.04642846225760877,0.04663384868763387,0.06076254416257143
2838,2838,4.104449272155762,4.108597755432129,2e-05,2.270842516923671,0.05720177758485079,0.046440674690529704,0.04664296214468777,0.060784065164625645
2839,2839,4.099088668823242,4.103350639343262,2e-05,2.2881720981500604,0.05699101556092501,0.04645615769550204,0.04665625561028719,0.060807645320892334
2840,2840,4.101794242858887,4.106356143951416,2e-05,2.303998670587241,0.05705541372299194,0.04646943253464997,0.046671027317643166,0.06083168741315603
2841,2841,4.101202964782715,4.103548526763916,2e-05,2.316127701235059,0.0569085069000721,0.04648284404538572,0.046682192012667656,0.06085354648530483
2842,2842,4.10385274887085,4.10394287109375,2e-05,2.3290574137233993,0.05711129121482372,0.046490608947351575,0.04669662797823548,0.06087821628898382
2843,2843,4.100486755371094,4.105439186096191,2e-05,2.340886524168758,0.057101246900856495,0.04650556738488376,0.04671044647693634,0.06090144161134958
2844,2844,4.108964920043945,4.105701923370361,2e-05,2.3494348550632576,0.057145632803440094,0.04652599501423538,0.04672546382062137,0.06092595215886831
2845,2845,4.102594375610352,4.1045403480529785,2e-05,2.359353488588264,0.05698733124881983,0.04653323697857559,0.04673799476586282,0.060949274338781834
2846,2846,4.109914302825928,4.117710113525391,2e-05,2.367585344298216,0.05690974276512861,0.046534643741324544,0.04674377618357539,0.06096904445439577
2847,2847,4.104409217834473,4.10762357711792,2e-05,2.374241801781636,0.05712276138365269,0.046549572609364986,0.046760761411860585,0.060994721949100494
2848,2848,4.104093551635742,4.111055374145508,2e-05,2.379463053160112,0.057257006876170635,0.04656951641663909,0.04677350306883454,0.06101818382740021
2849,2849,4.0990519523620605,4.106241226196289,2e-05,2.3855027243476172,0.05704884137958288,0.046584205236285925,0.046786388382315636,0.06104139890521765
2850,2850,4.101943492889404,4.104658603668213,2e-05,2.3912240702014627,0.057153286412358284,0.04659451451152563,0.04679773864336312,0.06106432434171438
2851,2851,4.1002020835876465,4.106688499450684,2e-05,2.396693926656398,0.05714328587055206,0.04660380841232836,0.04680901113897562,0.06108670495450497
2852,2852,4.1049394607543945,4.11052942276001,2e-05,2.400015156331353,0.05737057141959667,0.04662891197949648,0.046827076468616724,0.06111262645572424
2853,2853,4.104120254516602,4.108236789703369,2e-05,2.4039039826366135,0.05718308221548796,0.04663462191820145,0.04683844139799476,0.061135550029575825
2854,2854,4.103625297546387,4.110075950622559,2e-05,2.4077543827691605,0.0574097940698266,0.046643154229968786,0.046847506891936064,0.06115726660937071
2855,2855,4.108198165893555,4.105692386627197,2e-05,2.41158837848193,0.057462191209197044,0.04666800075210631,0.04687154688872397,0.06118526868522167
2856,2856,4.098649024963379,4.116334915161133,2e-05,2.4134710091789953,0.05755505617707968,0.04667999316006899,0.046879711328074336,0.06120690889656544
2857,2857,4.105339050292969,4.102517127990723,2e-05,2.415509996078626,0.0575120709836483,0.04669112665578723,0.04689301853068173,0.06123088113963604
2858,2858,4.106612205505371,4.104175567626953,2e-05,2.41842427302003,0.05745736975222826,0.046703326515853405,0.046905468218028545,0.06125341262668371
2859,2859,4.102376461029053,4.112441539764404,2e-05,2.421445685483009,0.057213676162064075,0.04670966765843332,0.04691464710049331,0.06127556972205639
2860,2860,4.099281311035156,4.1040167808532715,2e-05,2.4218485850009523,0.057253241539001465,0.04672695230692625,0.046927222749218345,0.06129847280681133
2861,2861,4.101814270019531,4.1047139167785645,2e-05,2.4251762807541364,0.05746748764067888,0.04673608811572194,0.04694091249257326,0.0613225307315588
2862,2862,4.10917329788208,4.11134147644043,2e-05,2.425554419003793,0.05743046198040247,0.04675270360894501,0.04695435706526041,0.0613463819026947
2863,2863,4.107818603515625,4.105220794677734,2e-05,2.4277819685216047,0.05754575226455927,0.046770265558734536,0.04697292856872082,0.06137210875749588
2864,2864,4.107806205749512,4.105567455291748,2e-05,2.4275394219050352,0.05755872931331396,0.04677691659890115,0.04698218242265284,0.06139445770531893
2865,2865,4.1055779457092285,4.099907875061035,2e-05,2.430261711960574,0.057666278444230556,0.0467853166628629,0.04699111892841756,0.06141612492501736
2866,2866,4.105167388916016,4.110576629638672,2e-05,2.264499038034682,0.057465397752821445,0.04680030490271747,0.04700277582742274,0.06143934838473797
2867,2867,4.1087846755981445,4.102631568908691,2e-05,2.282264255323993,0.05736418813467026,0.046810524770990014,0.0470169335603714,0.06146345008164644
2868,2868,4.101717472076416,4.106691837310791,2e-05,2.2984242349592314,0.05759687442332506,0.046829260885715485,0.047030451241880655,0.061487327329814434
2869,2869,4.105966567993164,4.102840423583984,2e-05,2.3119985038312705,0.0577214527875185,0.046847943449392915,0.04704667557962239,0.06151213217526674
2870,2870,4.103777885437012,4.105262756347656,2e-05,2.325327406973833,0.057520002126693726,0.046857824781909585,0.04706069896928966,0.06153698265552521
2871,2871,4.1030683517456055,4.11082124710083,2e-05,2.3369755593618717,0.05770891346037388,0.046868029050529,0.04706931603141129,0.06155809294432402
2872,2872,4.101576328277588,4.106975555419922,2e-05,2.3475324985916552,0.057649146765470505,0.046881265472620726,0.04708493850193918,0.061582962051033974
2873,2873,4.1033220291137695,4.104403495788574,2e-05,2.355805461182162,0.05758392997086048,0.04689018032513559,0.04709524614736438,0.06160559970885515
2874,2874,4.110174655914307,4.105404376983643,2e-05,2.3669369146560912,0.057834142819046974,0.04689619620330632,0.04710385552607477,0.06162692699581385
2875,2875,4.1046342849731445,4.111427307128906,2e-05,2.3739459296186753,0.05755401123315096,0.0469219668302685,0.047121190931648016,0.06165195256471634
2876,2876,4.103104591369629,4.105768203735352,2e-05,2.381896207609172,0.057693968527019024,0.04693275480531156,0.047133840853348374,0.0616753613576293
2877,2877,4.106342315673828,4.108458518981934,2e-05,2.3900644911059272,0.05758801382035017,0.0469489973038435,0.04714946704916656,0.06169915571808815
2878,2878,4.106536388397217,4.102873802185059,2e-05,2.3957911748917757,0.05791574250906706,0.04696035059168935,0.04716376727446914,0.0617235004901886
2879,2879,4.109195709228516,4.10894775390625,2e-05,2.3993467992780504,0.05775794107466936,0.046961375046521425,0.04716983437538147,0.06174398958683014
2880,2880,4.104284286499023,4.105449676513672,2e-05,2.4045567623197304,0.05776055436581373,0.046987779438495636,0.04719267622567713,0.06177109759300947
2881,2881,4.10135555267334,4.10506534576416,2e-05,2.407034108442578,0.05779771786183119,0.04699479741975665,0.047199980122968554,0.061791772954165936
2882,2882,4.100687026977539,4.106715202331543,2e-05,2.409616524431789,0.057821343652904034,0.047011478105559945,0.04721451364457607,0.061815861612558365
2883,2883,4.10689640045166,4.107129096984863,2e-05,2.412792993554686,0.05789031833410263,0.04700972558930516,0.04721907898783684,0.06183566804975271
2884,2884,4.104313850402832,4.108065128326416,2e-05,2.415540679908177,0.05783439986407757,0.04702970618382096,0.04723655362613499,0.061860750429332256
2885,2885,4.097734451293945,4.1037068367004395,2e-05,2.4187782016857127,0.057814604602754116,0.04704979062080383,0.047254440607503057,0.06188608147203922
2886,2886,4.105790615081787,4.117401599884033,2e-05,2.420523004413654,0.05804541986435652,0.04705485817976296,0.04726220411248505,0.061907961033284664
2887,2887,4.111461639404297,4.112447738647461,2e-05,2.4222228499142027,0.05796817224472761,0.04707214003428817,0.04727619304321706,0.0619308166205883
2888,2888,4.1025590896606445,4.107000827789307,2e-05,2.425083134607793,0.05809348355978727,0.04707561223767698,0.04728257260285318,0.06195237301290035
2889,2889,4.102601528167725,4.105236053466797,2e-05,2.425331824702893,0.05809951573610306,0.04710171325132251,0.04730511922389269,0.06197895761579275
2890,2890,4.103761672973633,4.106863975524902,2e-05,2.4272810714713695,0.058094910345971584,0.047117030480876565,0.04731887439265847,0.06200296897441149
2891,2891,4.100426197052002,4.107985496520996,2e-05,2.4270801739572625,0.05806422792375088,0.047123437048867345,0.04732788261026144,0.062024615705013275
2892,2892,4.10929012298584,4.10557746887207,2e-05,2.4299885472315155,0.05792497843503952,0.04713729163631797,0.0473410259000957,0.06204813253134489
2893,2893,4.1055498123168945,4.10338830947876,2e-05,2.429360013952364,0.05818409193307161,0.047146732453256845,0.047352526569738984,0.0620708204805851
2894,2894,4.105106353759766,4.108574867248535,2e-05,2.431722249520406,0.05809208005666733,0.0471645335201174,0.047364616533741355,0.06209408864378929
2895,2895,4.1079816818237305,4.105192184448242,2e-05,2.4309709329233007,0.05795885808765888,0.047174456994980574,0.04738066904246807,0.062118672765791416
2896,2896,4.105643272399902,4.1116509437561035,2e-05,2.4332135281533906,0.058105056174099445,0.04718995513394475,0.04739308217540383,0.062141334637999535
2897,2897,4.106586933135986,4.113759517669678,2e-05,2.432208560675692,0.05811018776148558,0.047196010360494256,0.04740095301531255,0.06216259300708771
2898,2898,4.10353946685791,4.107106685638428,2e-05,2.4345210191205116,0.058156438171863556,0.04721128707751632,0.047419513342902064,0.0621886532753706
2899,2899,4.1029510498046875,4.102293014526367,2e-05,2.433531997456158,0.058126808144152164,0.04722687718458474,0.047429141821339726,0.06221086625009775
2900,2900,4.096274375915527,4.10443115234375,2e-05,2.4351579817480906,0.05806442350149155,0.04723371006548405,0.04744134983047843,0.062233816832304
2901,2901,4.101533889770508,4.102066993713379,2e-05,2.4343974958787964,0.057991353794932365,0.04726179735735059,0.04746463312767446,0.06226194091141224
2902,2902,4.107616424560547,4.102631568908691,2e-05,2.435708069486578,0.0582748968154192,0.04726622812449932,0.0474692543502897,0.06228212546557188
2903,2903,4.10671329498291,4.103522300720215,2e-05,2.4349027226991162,0.05842803884297609,0.04727783566340804,0.047483194852247834,0.062306211329996586
2904,2904,4.104167938232422,4.105098247528076,2e-05,2.435845143498377,0.058301813900470734,0.04728689487092197,0.047496322775259614,0.06233008485287428
2905,2905,4.10076379776001,4.1010966300964355,2e-05,2.4357028311885918,0.05836399178951979,0.04729930520989001,0.04750305530615151,0.06235139910131693
2906,2906,4.103189468383789,4.107195854187012,2e-05,2.4361509890574258,0.05809206049889326,0.04731404944323003,0.04751669033430517,0.062375481240451336
2907,2907,4.103658676147461,4.110434532165527,2e-05,2.436439889580475,0.058041940443217754,0.04732909565791488,0.04753667348995805,0.06240228470414877
2908,2908,4.100733757019043,4.103202819824219,2e-05,2.436234701063949,0.0584531594067812,0.04734662058763206,0.04754638532176614,0.062424841336905956
2909,2909,4.100142955780029,4.103836536407471,2e-05,2.436814371156289,0.05836936179548502,0.04734891280531883,0.04755744570866227,0.06244755629450083
2910,2910,4.1052093505859375,4.106846809387207,2e-05,2.4371240359410637,0.0582277150824666,0.047363483579829335,0.0475713717751205,0.06247170548886061
2911,2911,4.099055767059326,4.100650787353516,2e-05,2.437180831048487,0.05836660321801901,0.04738002107478678,0.04758181422948837,0.06249369494616985
2912,2912,4.098104476928711,4.103274345397949,2e-05,2.4371415941976275,0.058401720598340034,0.04738674405962229,0.04759876918978989,0.0625193640589714
2913,2913,4.110352516174316,4.1057820320129395,2e-05,2.437592928389973,0.058301481418311596,0.047403983771800995,0.04760776087641716,0.06254080310463905
2914,2914,4.1050190925598145,4.111915588378906,2e-05,2.437771785398685,0.05838001240044832,0.047413675813004375,0.04762228578329086,0.062565378844738
2915,2915,4.098756790161133,4.104686737060547,2e-05,2.4376495976102945,0.05861639976501465,0.04743231646716595,0.047636017901822925,0.06258931756019592
2916,2916,4.098925590515137,4.104033470153809,2e-05,2.437831326796006,0.05846735090017319,0.047444821102544665,0.04764894279651344,0.0626123808324337
2917,2917,4.102434158325195,4.104649543762207,2e-05,2.4378190982251278,0.05850616190582514,0.047456592321395874,0.047660748241469264,0.0626353956758976
2918,2918,4.102506160736084,4.10715913772583,2e-05,2.4383481989857376,0.058527071960270405,0.0474639181047678,0.04767216742038727,0.06265854462981224
2919,2919,4.107000350952148,4.104927062988281,2e-05,2.4395735411441497,0.05850255396217108,0.047476982697844505,0.047686992678791285,0.06268315762281418
2920,2920,4.106596946716309,4.105874061584473,2e-05,2.4380505887941677,0.05864200182259083,0.04749249177984893,0.04770139930769801,0.06270670518279076
2921,2921,4.093817234039307,4.105619430541992,2e-05,2.4395938559420474,0.05832776799798012,0.04751347051933408,0.04771548416465521,0.06273095682263374
2922,2922,4.10069465637207,4.106684684753418,2e-05,2.4381262358645808,0.058525833301246166,0.04752118396572769,0.047727253288030624,0.06275486946105957
2923,2923,4.101988792419434,4.096120357513428,2e-05,2.4396343004303986,0.05851823277771473,0.04753121640533209,0.047741212882101536,0.0627780631184578
2924,2924,4.10830020904541,4.1002373695373535,2e-05,2.272863675923978,0.05879439227283001,0.04754193406552076,0.047750722616910934,0.06280037574470043
2925,2925,4.106106758117676,4.110817909240723,2e-05,2.2912595075066085,0.05852574482560158,0.0475522403139621,0.04776271362788975,0.06282401271164417
2926,2926,4.104671478271484,4.1038970947265625,2e-05,2.3056387055200323,0.058676536194980145,0.047568671870976686,0.04777432605624199,0.06284705922007561
2927,2927,4.1006364822387695,4.103189468383789,2e-05,2.3189020309037955,0.05860789027065039,0.04758026939816773,0.047784964088350534,0.06286922842264175
2928,2928,4.111444473266602,4.108969688415527,2e-05,2.327839338853853,0.058589959517121315,0.047589631052687764,0.04779999773018062,0.06289326027035713
2929,2929,4.102469444274902,4.103183746337891,2e-05,2.3419212204827655,0.058820636942982674,0.047610471956431866,0.04781834199093282,0.06291927583515644
2930,2930,4.10423469543457,4.1061506271362305,2e-05,2.351733869112748,0.058708516880869865,0.04761911556124687,0.04782356950454414,0.06293892301619053
2931,2931,4.105710029602051,4.10382080078125,2e-05,2.3604183937293595,0.05874939914792776,0.04763575526885688,0.04784374660812318,0.06296535022556782
2932,2932,4.099011421203613,4.10753059387207,2e-05,2.3697957308712367,0.058951557613909245,0.04764433018863201,0.04785607964731753,0.06298804841935635
2933,2933,4.10444974899292,4.104935646057129,2e-05,2.375857626329372,0.05901432316750288,0.047663697972893715,0.04787222621962428,0.06301277503371239
2934,2934,4.100628852844238,4.107693195343018,2e-05,2.3830239060548393,0.058831773698329926,0.047672579530626535,0.04787827515974641,0.06303289718925953
2935,2935,4.102571487426758,4.105840682983398,2e-05,2.3871710990950827,0.05871847365051508,0.047690718434751034,0.04789873003028333,0.0630596112459898
2936,2936,4.099483966827393,4.10146951675415,2e-05,2.3935555223721043,0.058760602958500385,0.047707841731607914,0.04790937737561762,0.06308206357061863
2937,2937,4.099449157714844,4.105881690979004,2e-05,2.396703549205901,0.05897609889507294,0.047716537956148386,0.047923372592777014,0.06310642138123512
2938,2938,4.105727195739746,4.107994079589844,2e-05,2.402474844133842,0.05899116396903992,0.047727648401632905,0.04793407139368355,0.063128761947155
2939,2939,4.097485065460205,4.101447582244873,2e-05,2.4045943094543794,0.05892192292958498,0.04774302872829139,0.047948335064575076,0.06315301917493343
2940,2940,4.102331161499023,4.108251571655273,2e-05,2.409486659708484,0.05895193200558424,0.047751480946317315,0.04795706435106695,0.06317545659840107
2941,2941,4.099035263061523,4.104743957519531,2e-05,2.410854379075276,0.0589523920789361,0.047763985581696033,0.04797165957279503,0.0631989873945713
2942,2942,4.103915691375732,4.099992752075195,2e-05,2.4152002181969987,0.0590033745393157,0.047784094233065844,0.0479880515486002,0.06322386488318443
2943,2943,4.104554653167725,4.109537124633789,2e-05,2.416301974329593,0.05895180907100439,0.047787854447960854,0.047996593872085214,0.06324559450149536
2944,2944,4.102683067321777,4.1025590896606445,2e-05,2.4200391075756515,0.059076497331261635,0.047807591734454036,0.04801271134056151,0.0632706955075264
2945,2945,4.1108317375183105,4.103639602661133,2e-05,2.420599549497492,0.05923721008002758,0.047822310123592615,0.04802837083116174,0.06329502537846565
2946,2946,4.10238790512085,4.102901458740234,2e-05,2.4239138367391915,0.059070258401334286,0.04782834509387612,0.0480309862177819,0.06331420876085758
2947,2947,4.103908061981201,4.10227108001709,2e-05,2.4235510237365094,0.059041330590844154,0.04783962480723858,0.048046702751889825,0.06333941966295242
2948,2948,4.10483980178833,4.101444721221924,2e-05,2.4253614149749665,0.05909130722284317,0.047855166951194406,0.04806237015873194,0.06336350180208683
2949,2949,4.0987229347229,4.105196475982666,2e-05,2.4264359735424663,0.059270103462040424,0.04786929045803845,0.04807856515981257,0.06338799372315407
2950,2950,4.1030731201171875,4.100801944732666,2e-05,2.427653701037377,0.05910424143075943,0.047881921054795384,0.0480867272708565,0.06340968981385231
2951,2951,4.103574752807617,4.102239608764648,2e-05,2.42897856618356,0.059117069467902184,0.04789648554287851,0.048102950444445014,0.06343474611639977
2952,2952,4.10421085357666,4.100826263427734,2e-05,2.429497401933166,0.05928607750684023,0.04791125073097646,0.04811645788140595,0.06345913745462894
2953,2953,4.101753234863281,4.108741760253906,2e-05,2.4307799004349873,0.05903848446905613,0.04792462824843824,0.048130573239177465,0.06348230317234993
2954,2954,4.098441123962402,4.101949214935303,2e-05,2.4315547021166264,0.05898585729300976,0.047929126769304276,0.04813934094272554,0.06350375339388847
2955,2955,4.098188400268555,4.099845886230469,2e-05,2.4324279266299875,0.05912243481725454,0.047949794214218855,0.04815564537420869,0.06352928653359413
2956,2956,4.102527618408203,4.107433795928955,2e-05,2.4326868793732284,0.05912106670439243,0.04795571160502732,0.04816529504023492,0.06355131790041924
2957,2957,4.101611137390137,4.11564826965332,2e-05,2.4337737477407133,0.059245810844004154,0.0479704316239804,0.04817901225760579,0.06357488222420216
2958,2958,4.103118896484375,4.104568004608154,2e-05,2.4341672770753644,0.059179311618208885,0.04798309924080968,0.04819296137429774,0.06359903700649738
2959,2959,4.103239059448242,4.1110005378723145,2e-05,2.43458115776505,0.059419297613203526,0.04799628350883722,0.04820602387189865,0.06362344324588776
2960,2960,4.0988688468933105,4.107612609863281,2e-05,2.435073146742292,0.059108369052410126,0.048009755089879036,0.04821504489518702,0.06364477053284645
2961,2961,4.09886360168457,4.104992866516113,2e-05,2.435227638200778,0.05946591217070818,0.0480263689532876,0.048232750268653035,0.06367036700248718
2962,2962,4.1035637855529785,4.10512113571167,2e-05,2.4358173402267314,0.05935234855860472,0.048038578825071454,0.04824454872868955,0.06369312480092049
2963,2963,4.1028242111206055,4.101991653442383,2e-05,2.4355333240894814,0.059302632696926594,0.048051300924271345,0.0482531797606498,0.06371455639600754
2964,2964,4.106245040893555,4.100554466247559,2e-05,2.4369057939677905,0.059360722079873085,0.048061521258205175,0.04826803086325526,0.06373846344649792
2965,2965,4.097606658935547,4.102578163146973,2e-05,2.4381151953300546,0.059351971372962,0.04807543754577637,0.048284396762028337,0.06376325525343418
2966,2966,4.108586311340332,4.103583335876465,2e-05,2.4365459381728436,0.05941164307296276,0.048089105635881424,0.04829524760134518,0.06378601491451263
2967,2967,4.1018805503845215,4.098724842071533,2e-05,2.434257686578959,0.059250665828585625,0.04809419484809041,0.04830615408718586,0.06380807422101498
2968,2968,4.099799156188965,4.100040435791016,2e-05,2.4373972719243935,0.0594344362616539,0.048106859903782606,0.04831671807914972,0.06383096799254417
2969,2969,4.09924840927124,4.1021599769592285,2e-05,2.434535000643888,0.05916428845375776,0.04812700883485377,0.04833509470336139,0.06385672092437744
2970,2970,4.10284948348999,4.101146697998047,2e-05,2.434238299340118,0.059499580413103104,0.04813916771672666,0.04834831599146128,0.063879719004035
2971,2971,4.10966682434082,4.1004252433776855,2e-05,2.435707565343785,0.05967444274574518,0.04815460764802992,0.048362613655626774,0.06390407308936119
2972,2972,4.103060722351074,4.101478576660156,2e-05,2.439242469843352,0.059397210367023945,0.048160638427361846,0.04837270895950496,0.06392642669379711
2973,2973,4.105820655822754,4.106086254119873,2e-05,2.440097775106271,0.05947391036897898,0.04817650467157364,0.04838216304779053,0.06394840590655804
2974,2974,4.0989460945129395,4.102779865264893,2e-05,2.438665859658249,0.0596378268674016,0.04817747720517218,0.04839333542622626,0.0639712754637003
2975,2975,4.1060357093811035,4.1065673828125,2e-05,2.440090603424261,0.05958853289484978,0.04820071556605399,0.04841062496416271,0.0639962013810873
2976,2976,4.101738929748535,4.1090545654296875,2e-05,2.438620569722956,0.05955586675554514,0.04821713175624609,0.048427240224555135,0.06402096897363663
2977,2977,4.105151653289795,4.109182357788086,2e-05,2.439844530126773,0.05962358973920345,0.04823237028904259,0.048440782353281975,0.06404470652341843
2978,2978,4.098711013793945,4.107104301452637,2e-05,2.4383079737902253,0.05963809974491596,0.04824447236023843,0.048453325405716896,0.06406757608056068
2979,2979,4.10211181640625,4.099019527435303,2e-05,2.438186700890284,0.059702133759856224,0.04825137718580663,0.04845926375128329,0.0640882533043623
2980,2980,4.097286224365234,4.1003923416137695,2e-05,2.438451426682316,0.05978357791900635,0.0482713223900646,0.048476810567080975,0.06411341577768326
2981,2981,4.104190349578857,4.102155685424805,2e-05,2.4387786215967497,0.05963264312595129,0.048279960406944156,0.048489089822396636,0.06413640640676022
2982,2982,4.100447177886963,4.101065635681152,2e-05,2.4383735801422235,0.05974937882274389,0.048287519719451666,0.04850206011906266,0.06415998004376888
2983,2983,4.106950759887695,4.101870059967041,2e-05,2.4383668305252235,0.05978694371879101,0.04831062350422144,0.048512774519622326,0.06418199092149734
2984,2984,4.100695610046387,4.101521015167236,2e-05,2.438810328222953,0.05988757964223623,0.04832219495438039,0.048533071065321565,0.06420897878706455
2985,2985,4.102406978607178,4.099835395812988,2e-05,2.438732606780427,0.059815000742673874,0.04833398154005408,0.048542654141783714,0.06423057988286018
2986,2986,4.098101615905762,4.108528137207031,2e-05,2.43859273676415,0.059683678671717644,0.048347434028983116,0.04855665750801563,0.06425474397838116
2987,2987,4.1145782470703125,4.099535942077637,2e-05,2.4386442918353404,0.05979814846068621,0.04836002504453063,0.048570775892585516,0.06427842378616333
2988,2988,4.102404594421387,4.105922698974609,2e-05,2.4386872766922005,0.059845369309186935,0.048377403523772955,0.04858524561859667,0.06430233456194401
2989,2989,4.103740692138672,4.102548599243164,2e-05,2.438580926334352,0.05980213638395071,0.04838666343130171,0.048594290390610695,0.06432447582483292
2990,2990,4.098420143127441,4.098667144775391,2e-05,2.438500559677036,0.05968547239899635,0.04840435925871134,0.048610041150823236,0.06434911862015724
2991,2991,4.099364280700684,4.101198196411133,2e-05,2.4387988890734538,0.059927958995103836,0.04841292416676879,0.048623692942783237,0.06437308341264725
2992,2992,4.098526954650879,4.099388599395752,2e-05,2.4386370477452974,0.0598576869815588,0.04842745908536017,0.04863521223887801,0.06439666450023651
2993,2993,4.103060722351074,4.106118202209473,2e-05,2.438913175109923,0.05993730202317238,0.04844542616046965,0.048652032390236855,0.0644214116036892
2994,2994,4.104086399078369,4.100195407867432,2e-05,2.4401596019840994,0.060118718072772026,0.048450629226863384,0.048661730950698256,0.06444426998496056
2995,2995,4.099142074584961,4.106586933135986,2e-05,2.43848362121578,0.05993904918432236,0.04846591083332896,0.0486712537240237,0.06446677073836327
2996,2996,4.104788780212402,4.100636005401611,2e-05,2.4401495432349862,0.060134392231702805,0.048476182855665684,0.04868658143095672,0.0644911378622055
2997,2997,4.104331970214844,4.106394290924072,2e-05,2.438547064648211,0.05973773542791605,0.04849412781186402,0.04870391939766705,0.06451584585011005
2998,2998,4.09675407409668,4.102347373962402,2e-05,2.4399077340350734,0.06008301768451929,0.048512107226997614,0.048716683872044086,0.06453977897763252
2999,2999,4.103316307067871,4.098173141479492,2e-05,2.438432354407947,0.06014802772551775,0.04852147423662245,0.04872993961907923,0.06456330046057701
3000,3000,4.10115909576416,4.098875045776367,2e-05,2.439946083107537,0.059920099563896656,0.04853294719941914,0.04874462471343577,0.06458768248558044
3001,3001,4.101768970489502,4.102294921875,2e-05,2.4382274238055968,0.060045378282666206,0.04855110216885805,0.048760073725134134,0.06461257673799992
3002,3002,4.100644111633301,4.104091644287109,2e-05,2.439687377664578,0.059995612129569054,0.04856644617393613,0.04877398652024567,0.06463724188506603
3003,3003,4.102137565612793,4.10178279876709,2e-05,2.4381766587439913,0.060191560536623,0.048574134008958936,0.04877946502529085,0.06465779803693295
3004,3004,4.097105979919434,4.10598087310791,2e-05,2.4399736522128923,0.06016959995031357,0.04859175020828843,0.048801379511132836,0.06468510441482067
3005,3005,4.099183559417725,4.104794502258301,2e-05,2.438378644360829,0.05998029466718435,0.04859145265072584,0.04880336532369256,0.06470520235598087
3006,3006,4.099205017089844,4.102422714233398,2e-05,2.4396612795476615,0.060233283787965775,0.048613291233778,0.048819085117429495,0.0647298451513052
3007,3007,4.098842144012451,4.102266788482666,2e-05,2.4381717299452954,0.06030529737472534,0.04862493835389614,0.04883557767607272,0.0647550281137228
3008,3008,4.100426197052002,4.100065231323242,2e-05,2.439834247972554,0.06018441449850798,0.04862989019602537,0.04884139075875282,0.06477624550461769
3009,3009,4.103805065155029,4.104244709014893,2e-05,2.4381183496475405,0.060263062827289104,0.048648721538484097,0.04885634523816407,0.06480070576071739
3010,3010,4.099533557891846,4.10845947265625,2e-05,2.438219050819852,0.060328684747219086,0.04866510280407965,0.04887267667800188,0.06482535228133202
3011,3011,4.101310729980469,4.100499629974365,2e-05,2.4383199267136924,0.060251387767493725,0.048678920371457934,0.04888445511460304,0.06484876945614815
3012,3012,4.097067832946777,4.103148460388184,2e-05,2.439398242759282,0.06045010220259428,0.048688339069485664,0.048899563029408455,0.06487283110618591
3013,3013,4.098505973815918,4.101700305938721,2e-05,2.4393368113722698,0.060348411090672016,0.04870025138370693,0.04890794074162841,0.0648950394243002
3014,3014,4.101950645446777,4.0991387367248535,2e-05,2.4382464188184954,0.06052371487021446,0.04871839447878301,0.0489236053545028,0.06491971015930176
3015,3015,4.099935531616211,4.099018096923828,2e-05,2.4381909756381757,0.06023266166448593,0.04872901691123843,0.04893927718512714,0.0649441760033369
3016,3016,4.100944519042969,4.106820583343506,2e-05,2.4347640826056156,0.060346185229718685,0.048737808130681515,0.0489480250980705,0.06496573612093925
3017,3017,4.09996223449707,4.101444721221924,2e-05,2.438770676315271,0.0603149738162756,0.04875258496031165,0.048962999833747745,0.06499041616916656
3018,3018,4.097204208374023,4.114612579345703,2e-05,2.439002654174504,0.06043540872633457,0.048765330109745264,0.04897704627364874,0.06501422449946404
3019,3019,4.1004719734191895,4.109401702880859,2e-05,2.438779530891665,0.06025693193078041,0.04877292620949447,0.04898581840097904,0.06503632478415966
3020,3020,4.101071834564209,4.1041178703308105,2e-05,2.4387100069074803,0.06027488876134157,0.04878525133244693,0.04899789276532829,0.06505963578820229
3021,3021,4.098285675048828,4.105489730834961,2e-05,2.4387737405922123,0.060494862496852875,0.048801749711856246,0.04901079228147864,0.06508291140198708
3022,3022,4.0996294021606445,4.105002403259277,2e-05,2.4330475042550965,0.06048965826630592,0.048818005714565516,0.04902880499139428,0.0651081707328558
3023,3023,4.099847316741943,4.109678268432617,2e-05,2.4336074920955695,0.060377717949450016,0.04882690217345953,0.04903895827010274,0.06513097882270813
3024,3024,4.093600273132324,4.101165771484375,2e-05,2.4330003639647275,0.06046482175588608,0.04884096630848944,0.04905353859066963,0.06515502370893955
3025,3025,4.099300861358643,4.105596542358398,2e-05,2.4336111563158602,0.0604404853656888,0.048854104708880186,0.04906711238436401,0.06517853029072285
3026,3026,4.100458145141602,4.107290744781494,2e-05,2.4341694066182242,0.060487949289381504,0.048867763951420784,0.04907860513776541,0.065201535820961
3027,3027,4.093194961547852,4.09760046005249,2e-05,2.434479037231865,0.0604348611086607,0.04888379434123635,0.0490931929089129,0.06522614322602749
3028,3028,4.095582485198975,4.112704753875732,2e-05,2.4350136932005646,0.060579960234463215,0.04888847516849637,0.04910141183063388,0.06524726375937462
3029,3029,4.098379135131836,4.101062297821045,2e-05,2.435342932277731,0.06073473021388054,0.04891294217668474,0.04912018100731075,0.06527307070791721
3030,3030,4.10429573059082,4.098172664642334,2e-05,2.43550623219033,0.060610062442719936,0.04891822929494083,0.049129948019981384,0.06529524177312851
3031,3031,4.101741790771484,4.10372257232666,2e-05,2.432376010834229,0.060557883232831955,0.048932908568531275,0.04914266895502806,0.06531865708529949
3032,3032,4.100171089172363,4.103939056396484,2e-05,2.433107303153106,0.0606746943667531,0.0489483755081892,0.04916145489551127,0.06534409523010254
3033,3033,4.094963073730469,4.102619171142578,2e-05,2.4368163961911202,0.060580261051654816,0.04895653924904764,0.049168284982442856,0.06536518409848213
3034,3034,4.104605674743652,4.102301597595215,2e-05,2.437490312876816,0.06070627085864544,0.04897496500052512,0.04918498615734279,0.06539012305438519
3035,3035,4.101202964782715,4.112495422363281,2e-05,2.437769976314158,0.06064683571457863,0.04897783324122429,0.049192040460184216,0.06541106104850769
3036,3036,4.1048479080200195,4.097497940063477,2e-05,2.437481111608892,0.061065384186804295,0.04900047555565834,0.04921076982282102,0.06543665938079357
3037,3037,4.0982561111450195,4.096344947814941,2e-05,2.4377411885600244,0.06065984722226858,0.049008411122485995,0.04922230145893991,0.06545901671051979
3038,3038,4.102590560913086,4.099808216094971,2e-05,2.4390461917949278,0.06070924550294876,0.04902917449362576,0.049240043153986335,0.0654845591634512
3039,3039,4.097124099731445,4.097111701965332,2e-05,2.4383391022951906,0.060687615536153316,0.04903123248368502,0.0492474352940917,0.06550631299614906
3040,3040,4.09731912612915,4.104092121124268,2e-05,2.4395343349396676,0.060909368097782135,0.04904443584382534,0.04925807937979698,0.06552857719361782
3041,3041,4.104254722595215,4.0982866287231445,2e-05,2.4379512228897013,0.06094001233577728,0.04906145320273936,0.04927422618493438,0.0655534416437149
3042,3042,4.096229076385498,4.098326683044434,2e-05,2.4396444389883247,0.06077179033309221,0.049077672651037574,0.04928777925670147,0.0655765850096941
3043,3043,4.106856822967529,4.096279621124268,2e-05,2.437954259544142,0.06100457068532705,0.0490935267880559,0.04930454213172197,0.06560130789875984
3044,3044,4.100675582885742,4.099892616271973,2e-05,2.4395399876829855,0.061154017224907875,0.04910993413068354,0.04931904817931354,0.06562614440917969
3045,3045,4.0979790687561035,4.105330944061279,2e-05,2.4381148866212294,0.060789745301008224,0.04911447688937187,0.0493283374235034,0.06564735434949398
3046,3046,4.104743003845215,4.105961799621582,2e-05,2.439720845926402,0.060826221480965614,0.04912497359327972,0.04933436424471438,0.0656684897840023
3047,3047,4.097830295562744,4.102820873260498,2e-05,2.4380028129654807,0.060819159261882305,0.04914853093214333,0.04935584869235754,0.06569494865834713
3048,3048,4.102012634277344,4.099255561828613,2e-05,2.4395681345306794,0.06077555846422911,0.049154384061694145,0.04936858988367021,0.06571808457374573
3049,3049,4.097792625427246,4.104574680328369,2e-05,2.438030542861971,0.061221989803016186,0.04917138908058405,0.04938258999027312,0.06574184633791447
3050,3050,4.103812217712402,4.103087425231934,2e-05,2.439537814130164,0.06104812119156122,0.04917601961642504,0.04938779794611037,0.06576274335384369
3051,3051,4.101049423217773,4.10130500793457,2e-05,2.434406037106402,0.06118155922740698,0.04920002119615674,0.049409505212679505,0.06578929722309113
3052,3052,4.099992752075195,4.10377311706543,2e-05,2.439880454736596,0.06107120309025049,0.0492086298763752,0.049417875707149506,0.0658113919198513
3053,3053,4.097261905670166,4.105568885803223,2e-05,2.438439877329181,0.06103971414268017,0.04921976709738374,0.049435434164479375,0.06583683378994465
3054,3054,4.099107265472412,4.098232269287109,2e-05,2.43592712617647,0.060863676480948925,0.04923084145411849,0.049440975999459624,0.06585707515478134
3055,3055,4.098656177520752,4.1029815673828125,2e-05,2.438870110496593,0.06095675379037857,0.04923885641619563,0.04945314908400178,0.06588024087250233
3056,3056,4.096176624298096,4.104341983795166,2e-05,2.43884101097482,0.06103552505373955,0.049258224898949265,0.049468790646642447,0.06590504013001919
3057,3057,4.096518039703369,4.097137928009033,2e-05,2.4401636575824845,0.06105047184973955,0.049270675517618656,0.04947931109927595,0.06592678278684616
3058,3058,4.095158576965332,4.099145889282227,2e-05,2.4389651960918086,0.061128197237849236,0.049282161286100745,0.04949631076306105,0.06595208868384361
3059,3059,4.0984272956848145,4.1024370193481445,2e-05,2.4389095228373474,0.061191667802631855,0.04929704964160919,0.04950980911962688,0.06597578898072243
3060,3060,4.099408149719238,4.098591327667236,2e-05,2.439586799357643,0.061080568470060825,0.04930852563120425,0.04952102690003812,0.06599823385477066
3061,3061,4.096826553344727,4.1076741218566895,2e-05,2.4388596019594107,0.0612765196710825,0.04932022746652365,0.049531039549037814,0.06602126732468605
3062,3062,4.094943046569824,4.098140239715576,2e-05,2.43864737573083,0.06121043488383293,0.04934232099913061,0.049550911877304316,0.06604650989174843
3063,3063,4.095283508300781,4.102963447570801,2e-05,2.438541604917199,0.06147218868136406,0.049354313407093287,0.04956471128389239,0.06607080809772015
3064,3064,4.096970558166504,4.106518268585205,2e-05,2.4386324255045877,0.061462873592972755,0.04936128039844334,0.049574692035093904,0.06609336100518703
3065,3065,4.094790458679199,4.095296382904053,2e-05,2.4388594182040495,0.061311906203627586,0.0493772947229445,0.04958899226039648,0.06611724384129047
3066,3066,4.095034122467041,4.102226257324219,2e-05,2.2739861890832698,0.06128302216529846,0.049381972989067435,0.04959287028759718,0.0661373995244503
3067,3067,4.103095054626465,4.099087715148926,2e-05,2.289949859773255,0.06135173700749874,0.049400445306673646,0.049611856462433934,0.06616274453699589
3068,3068,4.097933292388916,4.103137016296387,2e-05,2.30640516833032,0.061436617746949196,0.04940974712371826,0.0496239117346704,0.0661859717220068
3069,3069,4.095146179199219,4.099444389343262,2e-05,2.3179631352523997,0.061277675442397594,0.04942738823592663,0.04963503056205809,0.06620864570140839
3070,3070,4.109949111938477,4.103498458862305,2e-05,2.32997013310693,0.061273714527487755,0.049439792055636644,0.04965139366686344,0.06623362563550472
3071,3071,4.098601341247559,4.098883152008057,2e-05,2.3410359998701793,0.06146162003278732,0.049456282053142786,0.04966477840207517,0.06625775247812271
3072,3072,4.103604316711426,4.099617958068848,2e-05,2.3503354892785486,0.06133262533694506,0.04945391369983554,0.04967236518859863,0.06627934612333775
3073,3073,4.102771759033203,4.104882717132568,2e-05,2.3607401324953794,0.06154262460768223,0.0494758163113147,0.049689581617712975,0.06630476005375385
3074,3074,4.097782135009766,4.097999095916748,2e-05,2.367489099952035,0.06141769792884588,0.049483496928587556,0.04969533905386925,0.06632525101304054
3075,3075,4.098866939544678,4.098667621612549,2e-05,2.3748304252067522,0.061381627805531025,0.049499065382406116,0.04971214244142175,0.0663504246622324
3076,3076,4.097490310668945,4.107113838195801,2e-05,2.3809683022494923,0.06170770339667797,0.04951078863814473,0.04972392483614385,0.06637394614517689
3077,3077,4.092644691467285,4.101605415344238,2e-05,2.38672085066728,0.061553679406642914,0.04952222644351423,0.04973449627868831,0.06639646179974079
3078,3078,4.091283321380615,4.100201606750488,2e-05,2.391957886982601,0.061537192203104496,0.04953859141096473,0.04974968824535608,0.06642096489667892
3079,3079,4.101294040679932,4.1027045249938965,2e-05,2.39674978322956,0.061488459818065166,0.049543934408575296,0.04975749575532973,0.06644211523234844
3080,3080,4.097947597503662,4.10085391998291,2e-05,2.4008133103585316,0.06145134195685387,0.04956321930512786,0.04977651569060981,0.06646795570850372
3081,3081,4.099163055419922,4.105937957763672,2e-05,2.404615493089427,0.061460889875888824,0.04958159103989601,0.049793622456490993,0.06649363040924072
3082,3082,4.10139274597168,4.10156774520874,2e-05,2.4078293818195533,0.06153492070734501,0.049586626002565026,0.04980071447789669,0.06651448830962181
3083,3083,4.102605819702148,4.10246467590332,2e-05,2.412191086607083,0.06142600905150175,0.0495988039765507,0.049813068471848965,0.06653803773224354
3084,3084,4.098581314086914,4.098934650421143,2e-05,2.413673182679964,0.06157602835446596,0.04961457196623087,0.049828600604087114,0.06656238250434399
3085,3085,4.105443954467773,4.103429794311523,2e-05,2.4177959323458302,0.06179530080407858,0.049626410473138094,0.049836415797472,0.06658438220620155
3086,3086,4.101133346557617,4.09853458404541,2e-05,2.418579003223552,0.061524076387286186,0.04964912682771683,0.049861006205901504,0.06661221198737621
3087,3087,4.095688819885254,4.097663879394531,2e-05,2.422100528982496,0.06184812542051077,0.04965336131863296,0.049866365967318416,0.06663402356207371
3088,3088,4.098660469055176,4.097579002380371,2e-05,2.421819900861522,0.06176567170768976,0.049664795165881515,0.049875450786203146,0.06665606237947941
3089,3089,4.097540378570557,4.0985918045043945,2e-05,2.292102590069799,0.0617728540673852,0.049678225768730044,0.04989080410450697,0.06668010726571083
3090,3090,4.0952863693237305,4.10042667388916,2e-05,2.305247480550186,0.061744123697280884,0.04969253437593579,0.049904881278052926,0.06670460477471352
3091,3091,4.098382949829102,4.099844455718994,2e-05,2.3203408545162345,0.061607763171195984,0.04970231908373535,0.04991672746837139,0.06672749482095242
3092,3092,4.0996856689453125,4.100505828857422,2e-05,2.3313991050982983,0.06190858967602253,0.0497210007160902,0.049931254237890244,0.0667522493749857
3093,3093,4.095211029052734,4.098352432250977,2e-05,2.342775936428266,0.061732118017971516,0.04972489131614566,0.0499414496589452,0.06677478924393654
3094,3094,4.100212097167969,4.102731704711914,2e-05,2.3508467497906604,0.06189120560884476,0.04974152892827988,0.049954038579016924,0.06679879128932953
3095,3095,4.104628086090088,4.102254867553711,2e-05,2.361087944591129,0.06165754050016403,0.0497527620755136,0.0499652826692909,0.06682160682976246
3096,3096,4.0958943367004395,4.096307277679443,2e-05,2.3680680943373784,0.0620569447055459,0.049767703749239445,0.04998149210587144,0.06684721074998379
3097,3097,4.098667144775391,4.099592685699463,2e-05,2.3760631934895784,0.06187697593122721,0.049778147134929895,0.04999181115999818,0.06687009334564209
3098,3098,4.101748466491699,4.100781440734863,2e-05,2.380785055950181,0.06193148624151945,0.04979475773870945,0.05000643478706479,0.06689433194696903
3099,3099,4.102664947509766,4.096325874328613,2e-05,2.3878201527525054,0.06193398404866457,0.0498076812364161,0.05001915153115988,0.06691756471991539
3100,3100,4.102477073669434,4.098248481750488,2e-05,2.3915653471102845,0.06192713417112827,0.04982329695485532,0.05003390461206436,0.06694237887859344
3101,3101,4.092055320739746,4.111225605010986,2e-05,2.396423835665991,0.061982777900993824,0.04982960945926607,0.05004216940142214,0.06696425192058086
3102,3102,4.097866535186768,4.0966057777404785,2e-05,2.400624004863947,0.062029747292399406,0.04983569192700088,0.050053737591952085,0.06698780879378319
3103,3103,4.097903251647949,4.095089912414551,2e-05,2.404385387947378,0.061856742948293686,0.04985620477236807,0.0500692434143275,0.06701269000768661
3104,3104,4.091182708740234,4.099185943603516,2e-05,2.2429242814440964,0.06205139867961407,0.049867825815454125,0.05007971473969519,0.06703446991741657
3105,3105,4.099516868591309,4.099276542663574,2e-05,2.263754077289646,0.06218490097671747,0.04987797141075134,0.05009229411371052,0.06705855950713158
3106,3106,4.099479675292969,4.102478981018066,2e-05,2.279929514361504,0.06200467050075531,0.04989408585242927,0.050108380848541856,0.06708314083516598
3107,3107,4.099039554595947,4.103310585021973,2e-05,2.2976187621003814,0.061816686764359474,0.04990455904044211,0.050119694555178285,0.06710579991340637
3108,3108,4.102657318115234,4.106291770935059,2e-05,2.309905631773784,0.06211955286562443,0.04991886392235756,0.05013626697473228,0.06713071279227734
3109,3109,4.101178169250488,4.10087251663208,2e-05,2.324102836516277,0.06236056797206402,0.04993218299932778,0.050142485881224275,0.06715260818600655
3110,3110,4.099056243896484,4.095414161682129,2e-05,2.334354882676872,0.06204202305525541,0.04993959539569914,0.05015508201904595,0.06717546470463276
3111,3111,4.097648620605469,4.0946760177612305,2e-05,2.346328200004118,0.06230758596211672,0.04995161481201649,0.05016759387217462,0.06719889491796494
3112,3112,4.100184440612793,4.100467681884766,2e-05,2.1926790766699313,0.06220337562263012,0.04997233231551945,0.0501877183560282,0.0672256276011467
3113,3113,4.090756893157959,4.09773063659668,2e-05,2.212621744453267,0.06207571364939213,0.04998882836662233,0.05020163976587355,0.06724928319454193
3114,3114,4.096103191375732,4.098714828491211,2e-05,2.2356243387594064,0.06206884142011404,0.04999151872470975,0.05020981305278838,0.067271051928401
3115,3115,4.096163749694824,4.099932670593262,2e-05,2.254531733995658,0.06220976356416941,0.05001095263287425,0.050222629215568304,0.06729534454643726
3116,3116,4.0991339683532715,4.100973129272461,2e-05,2.270271146185858,0.06237016059458256,0.05002607544884086,0.05023915017955005,0.06732087209820747
3117,3117,4.100756645202637,4.097465515136719,2e-05,2.289668142333868,0.062193093821406364,0.050025301752611995,0.05024330480955541,0.06734054908156395
3118,3118,4.1045331954956055,4.105125427246094,2e-05,2.302137912259382,0.06211400218307972,0.05004157358780503,0.05025895242579281,0.06736571714282036
3119,3119,4.096766471862793,4.101659774780273,2e-05,2.3189842281153,0.06227558758109808,0.05005659395828843,0.0502725038677454,0.06738992221653461
3120,3120,4.099267482757568,4.094034194946289,2e-05,2.3320529333638698,0.06223067827522755,0.050078352680429816,0.05028776195831597,0.06741428934037685
3121,3121,4.096752166748047,4.100643157958984,2e-05,2.179066924458045,0.06234385725110769,0.05008015036582947,0.05029673362150788,0.06743685901165009
3122,3122,4.095615386962891,4.100541591644287,2e-05,2.205670110561341,0.06222247611731291,0.05009620659984648,0.05031156842596829,0.0674608089029789
3123,3123,4.097580909729004,4.097598552703857,2e-05,2.229001977195854,0.06233986280858517,0.050105410162359476,0.050325902411714196,0.06748538464307785
3124,3124,4.101815223693848,4.093827724456787,2e-05,2.2502741170589338,0.06234084069728851,0.05012428527697921,0.05033697513863444,0.06750853918492794
3125,3125,4.0980305671691895,4.101451873779297,2e-05,2.1048474931795687,0.06235041841864586,0.05013382178731263,0.05034997616894543,0.06753257662057877
3126,3126,4.097296237945557,4.096095561981201,2e-05,2.140987433406834,0.06243427563458681,0.050150789553299546,0.0503632016479969,0.06755643524229527
3127,3127,4.102687835693359,4.096489906311035,2e-05,2.169373705497208,0.06266740523278713,0.050166160101071,0.05037790420465171,0.06758121587336063
3128,3128,4.101744651794434,4.100013732910156,2e-05,2.1978416837639045,0.06224738247692585,0.05017251777462661,0.0503876325674355,0.0676032043993473
3129,3129,4.096329212188721,4.0990309715271,2e-05,2.220240848691169,0.06247234437614679,0.05018866388127208,0.05040558218024671,0.06762977503240108
3130,3130,4.095448017120361,4.099383354187012,2e-05,2.23957809032827,0.06248294189572334,0.05019958410412073,0.050414405995979905,0.06765216402709484
3131,3131,4.099145412445068,4.097056865692139,2e-05,2.26197121851633,0.06253514811396599,0.05021764454431832,0.0504328494425863,0.06767827831208706
3132,3132,4.0946526527404785,4.100302219390869,2e-05,2.2812658941692003,0.06269621290266514,0.05022530700080097,0.050441241124644876,0.06770055927336216
3133,3133,4.098698616027832,4.098426342010498,2e-05,2.295408515684988,0.0624616164714098,0.05024089943617582,0.05045637674629688,0.0677256640046835
3134,3134,4.096042156219482,4.096070289611816,2e-05,2.3123231482827666,0.06239729840308428,0.05025529069826007,0.050466041546314955,0.0677485354244709
3135,3135,4.094749450683594,4.0987396240234375,2e-05,2.322735037303368,0.062465169467031956,0.05025825183838606,0.05048047564923763,0.06777319684624672
3136,3136,4.093767166137695,4.103214740753174,2e-05,2.3358582408691935,0.06262145563960075,0.050271749729290605,0.05048725428059697,0.06779513321816921
3137,3137,4.093183517456055,4.101424694061279,2e-05,2.3446123962123644,0.0627585370093584,0.05029088305309415,0.050504194339737296,0.06782085634768009
3138,3138,4.098488807678223,4.1051926612854,2e-05,2.353898187170386,0.0625764848664403,0.050301406998187304,0.05051774554885924,0.06784469448029995
3139,3139,4.095409393310547,4.0996551513671875,2e-05,2.3625404812823128,0.06284651905298233,0.050312652019783854,0.050531018525362015,0.06786955706775188
3140,3140,4.095552444458008,4.105934143066406,2e-05,2.369951647120394,0.06267939321696758,0.050330925500020385,0.05054693343117833,0.0678942147642374
3141,3141,4.1004815101623535,4.102568626403809,2e-05,2.3770279103161225,0.0627768449485302,0.05033989739604294,0.05055866949260235,0.06791822426021099
3142,3142,4.105121612548828,4.100043296813965,2e-05,2.383256438283402,0.06291217543184757,0.05035374220460653,0.05057367659173906,0.06794236786663532
3143,3143,4.094209671020508,4.096977233886719,2e-05,2.388754578024887,0.06298785842955112,0.05036372528411448,0.05058114603161812,0.06796488165855408
3144,3144,4.099220275878906,4.097841262817383,2e-05,2.393766048027178,0.06280799768865108,0.050383098889142275,0.050600397400557995,0.06799095124006271
3145,3145,4.09827995300293,4.096085548400879,2e-05,2.39807169778871,0.06281650252640247,0.05039647058583796,0.050612656166777015,0.06801408343017101
3146,3146,4.094106674194336,4.100921154022217,2e-05,2.402419756385448,0.06281457096338272,0.05040584923699498,0.050626374781131744,0.06803783215582371
3147,3147,4.097545623779297,4.096057891845703,2e-05,2.405987915808035,0.06262725591659546,0.05042597930878401,0.05063650989905,0.06806105375289917
3148,3148,4.09644079208374,4.095606803894043,2e-05,2.4089283118029545,0.06279623880982399,0.0504361332859844,0.05065609351731837,0.06808721087872982
3149,3149,4.101438522338867,4.093494415283203,2e-05,2.4133095439776264,0.06283931247889996,0.0504439624492079,0.050660885870456696,0.06810775958001614
3150,3150,4.094325065612793,4.101168155670166,2e-05,2.2518296536209044,0.06302034854888916,0.05045976210385561,0.05067486921325326,0.06813197396695614
3151,3151,4.098774433135986,4.099173545837402,2e-05,2.268118408718943,0.06286277435719967,0.05047383694909513,0.050690060248598456,0.06815616227686405
3152,3152,4.103521347045898,4.103673458099365,2e-05,2.2865944441090362,0.06298902072012424,0.05049214465543628,0.050710778683423996,0.06818313896656036
3153,3153,4.096207618713379,4.096818447113037,2e-05,2.30053312865724,0.06312607415020466,0.050498897675424814,0.050714182667434216,0.06820364855229855
3154,3154,4.101813316345215,4.101162910461426,2e-05,2.315867882175994,0.06280178390443325,0.050507194362580776,0.0507250945083797,0.06822647340595722
3155,3155,4.093479633331299,4.095042705535889,2e-05,2.3266682753600616,0.063088309019804,0.05053074657917023,0.05074502364732325,0.06825228035449982
3156,3156,4.096334457397461,4.098657608032227,2e-05,2.339394698682519,0.06303187645971775,0.05053409258835018,0.050754009280353785,0.06827523931860924
3157,3157,4.094163417816162,4.10333776473999,2e-05,2.3480753173998568,0.06289291940629482,0.05054917698726058,0.050767654087394476,0.06829887814819813
3158,3158,4.102875709533691,4.097314357757568,2e-05,2.358334841935211,0.06315419636666775,0.0505653650034219,0.05078062484972179,0.06832223385572433
3159,3159,4.102136611938477,4.0975141525268555,2e-05,2.3650606447903186,0.06323231384158134,0.05057994439266622,0.05079485662281513,0.06834742426872253
3160,3160,4.094998359680176,4.0959248542785645,2e-05,2.3741553899197894,0.06303067691624165,0.05058875842951238,0.050805259961634874,0.06836932711303234
3161,3161,4.097332000732422,4.099312782287598,2e-05,2.3788138205570104,0.06297684274613857,0.050599468406289816,0.050816781586036086,0.06839285977184772
3162,3162,4.095115661621094,4.096161365509033,2e-05,2.3863671730395684,0.06305491179227829,0.05061595048755407,0.050833961460739374,0.0684175081551075
3163,3163,4.097082614898682,4.102114677429199,2e-05,2.3902458495119925,0.06313920766115189,0.05063305562362075,0.050849951105192304,0.06844247132539749
3164,3164,4.098154067993164,4.100222587585449,2e-05,2.392272023197109,0.06309046410024166,0.05064809904433787,0.05086251022294164,0.06846554018557072
3165,3165,4.096953392028809,4.101399898529053,2e-05,2.399639839082354,0.06326698698103428,0.050650397315621376,0.050867437617853284,0.06848673522472382
3166,3166,4.0977091789245605,4.101191997528076,2e-05,2.405008634130505,0.0633027795702219,0.05067349737510085,0.0508901858702302,0.06851344183087349
3167,3167,4.095415115356445,4.096114635467529,2e-05,2.407732461925026,0.06323975510895252,0.05068133142776787,0.05089936638250947,0.06853587739169598
3168,3168,4.09288215637207,4.099822521209717,2e-05,2.4101041372115626,0.06319948099553585,0.050693808356299996,0.0509121585637331,0.06855904683470726
3169,3169,4.09592342376709,4.094743728637695,2e-05,2.414246990236318,0.06314784847199917,0.05069937859661877,0.05091738095507026,0.06857980787754059
3170,3170,4.095654010772705,4.116908073425293,2e-05,2.4154069085311995,0.06308839097619057,0.050720673287287354,0.05093610193580389,0.06860531866550446
3171,3171,4.097501754760742,4.096353054046631,2e-05,2.4178231543328206,0.06338566541671753,0.05073448736220598,0.05095018376596272,0.06863013096153736
3172,3172,4.093310832977295,4.096531391143799,2e-05,2.419960204833489,0.06324142776429653,0.05074719828553498,0.05095843272283673,0.06865155324339867
3173,3173,4.092347145080566,4.099864482879639,2e-05,2.4215527451095924,0.0633949525654316,0.05076266615651548,0.05097799678333104,0.06867797113955021
3174,3174,4.099725723266602,4.097530841827393,2e-05,2.4234500940622654,0.0631940346211195,0.05076820682734251,0.05098531977273524,0.06869926117360592
3175,3175,4.09984016418457,4.104416370391846,2e-05,2.4261945498202557,0.0632578395307064,0.05077922437340021,0.05099715036340058,0.06872287951409817
3176,3176,4.092193603515625,4.102029800415039,2e-05,2.426235734718981,0.06332000531256199,0.05078455898910761,0.05100961332209408,0.06874622218310833
3177,3177,4.098748683929443,4.097241401672363,2e-05,2.4273404373333474,0.06361458450555801,0.05079894186928868,0.05101897637359798,0.06876887194812298
3178,3178,4.101508140563965,4.0983567237854,2e-05,2.4286692736739552,0.06336270458996296,0.0508149575907737,0.05103699630126357,0.06879416666924953
3179,3179,4.09519100189209,4.100470542907715,2e-05,2.4306575826451304,0.06351237744092941,0.05083430092781782,0.051052707713097334,0.06881888210773468
3180,3180,4.0954694747924805,4.0984206199646,2e-05,2.4306265122024837,0.06341604329645634,0.050840406678617,0.05105868657119572,0.06884017400443554
3181,3181,4.098982334136963,4.0955915451049805,2e-05,2.4311984078773796,0.06346370838582516,0.0508565257769078,0.051074713468551636,0.06886454112827778
3182,3182,4.0939531326293945,4.097314834594727,2e-05,2.4319552530670676,0.06360093876719475,0.050874071195721626,0.051091884495690465,0.06888953968882561
3183,3183,4.0947136878967285,4.097326755523682,2e-05,2.434109781361616,0.0634158793836832,0.05088629433885217,0.051102767465636134,0.0689120963215828
3184,3184,4.096145153045654,4.10563850402832,2e-05,2.433447350765159,0.06338982842862606,0.050898400600999594,0.05111296405084431,0.06893487833440304
3185,3185,4.099637985229492,4.102879524230957,2e-05,2.435324894494753,0.06366881355643272,0.05090950825251639,0.05112826987169683,0.06895973160862923
3186,3186,4.096042156219482,4.104026794433594,2e-05,2.433715111007166,0.06355326436460018,0.050920488545671105,0.05113864107988775,0.06898322142660618
3187,3187,4.104747295379639,4.099410057067871,2e-05,2.4357610478737453,0.06353634223341942,0.05092415167018771,0.05114670796319842,0.06900476850569248
3188,3188,4.097532272338867,4.093125343322754,2e-05,2.4359899603506716,0.06345425173640251,0.0509442996699363,0.05116348061710596,0.0690302811563015
3189,3189,4.0969557762146,4.0952911376953125,2e-05,2.2719018403827214,0.06357165239751339,0.05095808464102447,0.051177634159103036,0.06905526295304298
3190,3190,4.0923051834106445,4.094511032104492,2e-05,2.286453095249927,0.06372326426208019,0.0509732102509588,0.05119102937169373,0.06907897256314754
3191,3191,4.095328330993652,4.097169399261475,2e-05,2.3053347393542345,0.06350836530327797,0.050977476174011827,0.05119485058821738,0.06909995153546333
3192,3192,4.100901126861572,4.100881576538086,2e-05,2.319947633095044,0.06383712403476238,0.05099773686379194,0.05121389334090054,0.06912645697593689
3193,3193,4.095738410949707,4.097284317016602,2e-05,2.330235557245274,0.06382904760539532,0.0510073509067297,0.051228096475824714,0.06915096938610077
3194,3194,4.098562240600586,4.095278739929199,2e-05,2.342505058023975,0.06379015371203423,0.051020813174545765,0.05124056339263916,0.06917423568665981
3195,3195,4.103009223937988,4.099061965942383,2e-05,2.350677147170557,0.06334801763296127,0.05102731799706817,0.05124692898243666,0.06919558160007
3196,3196,4.090864658355713,4.094870090484619,2e-05,2.359336003728965,0.06372316554188728,0.0510367585811764,0.05125807295553386,0.06921880505979061
3197,3197,4.094081878662109,4.092728614807129,2e-05,2.367468702491694,0.06381750106811523,0.05105426628142595,0.051274792989715934,0.06924436800181866
3198,3198,4.097479820251465,4.093557834625244,2e-05,2.1974940920053947,0.06364196538925171,0.05106310988776386,0.05128633347339928,0.0692677516490221
3199,3199,4.090775489807129,4.095595836639404,2e-05,2.2227290340531534,0.0638415701687336,0.05107951769605279,0.05130011681467295,0.06929166428744793
3200,3200,4.100768566131592,4.094067573547363,2e-05,2.2445155917558903,0.06388365291059017,0.05109972250647843,0.05131840659305453,0.06931707821786404
3201,3201,4.099495887756348,4.095569610595703,2e-05,2.263744582977503,0.06388953141868114,0.0510985441505909,0.05132107040844858,0.06933718919754028
3202,3202,4.090848922729492,4.109589576721191,2e-05,2.2815031146704112,0.06395765766501427,0.05111910915002227,0.051337403478100896,0.06936207599937916
3203,3203,4.102479934692383,4.097785949707031,2e-05,2.2972329030276692,0.06375782378017902,0.05113514489494264,0.051352729788050056,0.0693870522081852
3204,3204,4.096333980560303,4.094571113586426,2e-05,2.311456301671643,0.06374664045870304,0.05114389909431338,0.05136533686891198,0.06941043399274349
3205,3205,4.104578018188477,4.092622756958008,2e-05,2.323958847255971,0.06396985612809658,0.051146322628483176,0.051367979031056166,0.06943066976964474
3206,3206,4.09370231628418,4.09202241897583,2e-05,2.168986291632466,0.06399770826101303,0.051175972213968635,0.0513905652333051,0.06945802085101604
3207,3207,4.095764636993408,4.108915328979492,2e-05,2.0318115678613404,0.06409058533608913,0.0511783875990659,0.051397002302110195,0.06947925873100758
3208,3208,4.09831428527832,4.102579116821289,2e-05,2.0729328570353034,0.0640301052480936,0.05119029385969043,0.05141256400384009,0.06950403563678265
3209,3209,4.0957136154174805,4.097153663635254,2e-05,2.1100516898357196,0.06393825821578503,0.05120712425559759,0.05142399575561285,0.06952690333127975
3210,3210,4.094936370849609,4.098780632019043,2e-05,2.1427390009192644,0.06407956406474113,0.051218807930126786,0.051440275739878416,0.0695517249405384
3211,3211,4.0974931716918945,4.099165916442871,2e-05,2.173571806387247,0.06396234035491943,0.05122948857024312,0.05144943087361753,0.06957435235381126
3212,3212,4.097642421722412,4.10233211517334,2e-05,2.198903997665811,0.06414990685880184,0.051249076845124364,0.05146601004526019,0.06959941610693932
3213,3213,4.094438076019287,4.104445934295654,2e-05,2.2230252035407423,0.06423723883926868,0.051253802608698606,0.05147312115877867,0.06962111033499241
3214,3214,4.100942611694336,4.102609634399414,2e-05,2.2443878971529805,0.06413583271205425,0.05126337776891887,0.051483894465491176,0.06964366510510445
3215,3215,4.092306137084961,4.091229438781738,2e-05,2.263921417268846,0.06409857794642448,0.05128238908946514,0.05149942939169705,0.06966815143823624
3216,3216,4.094696998596191,4.090054512023926,2e-05,2.1167563159108456,0.06406478770077229,0.05129148089326918,0.05151338619180024,0.0696924515068531
3217,3217,4.096380233764648,4.101163864135742,2e-05,1.9738763179290388,0.06402811221778393,0.05129772727377713,0.05152216902934015,0.06971422210335732
3218,3218,4.098872184753418,4.094051361083984,2e-05,2.0156664219368863,0.06418677605688572,0.05131157394498587,0.05153587297536433,0.06973801180720329
3219,3219,4.101212978363037,4.099009037017822,2e-05,2.0584519088773194,0.0642721839249134,0.05133197782561183,0.05155473644845188,0.06976349279284477
3220,3220,4.092393398284912,4.095579147338867,2e-05,2.0949180480479788,0.06441444158554077,0.05134111363440752,0.05156034301035106,0.06978507153689861
3221,3221,4.095963478088379,4.096032619476318,2e-05,2.126717371590618,0.06426165625452995,0.05136038642376661,0.051580985775217414,0.06981143914163113
3222,3222,4.093629837036133,4.108437538146973,2e-05,2.161014683977915,0.06426631845533848,0.051368348300457,0.051591980969533324,0.06983424536883831
3223,3223,4.092051982879639,4.0959577560424805,2e-05,2.1898837880841246,0.06400665268301964,0.05137747502885759,0.05159943923354149,0.06985634379088879
3224,3224,4.093111991882324,4.099494934082031,2e-05,2.2145674391951973,0.06436261162161827,0.05139512033201754,0.05161490710452199,0.06988091580569744
3225,3225,4.092053413391113,4.102084159851074,2e-05,2.23726934530088,0.06430414319038391,0.05140826432034373,0.051629328867420554,0.06990573927760124
3226,3226,4.097229957580566,4.099095821380615,2e-05,2.2558503707601987,0.0641969796270132,0.05141860316507518,0.051641510566696525,0.0699294488877058
3227,3227,4.088169574737549,4.099757671356201,2e-05,2.2713961623283456,0.0643070824444294,0.05142967193387449,0.051649142522364855,0.06995071284472942
3228,3228,4.094709396362305,4.092738151550293,2e-05,2.2908533094757892,0.06401919573545456,0.0514444166328758,0.05166626372374594,0.06997621059417725
3229,3229,4.093290328979492,4.096236228942871,2e-05,2.3071767841231443,0.06446012854576111,0.051460826536640525,0.05167929409071803,0.07000086270272732
3230,3230,4.09048318862915,4.10041618347168,2e-05,2.3191755257609596,0.06441999599337578,0.05147143476642668,0.051688229432329535,0.07002274133265018
3231,3231,4.096906661987305,4.09844970703125,2e-05,2.3311039388407417,0.06433592736721039,0.05147961061447859,0.05169968563131988,0.07004665024578571
3232,3232,4.095067977905273,4.098766326904297,2e-05,2.341558267886883,0.0643213652074337,0.05149450246244669,0.051711037987843156,0.07007051631808281
3233,3233,4.093048572540283,4.101973533630371,2e-05,2.351549115769378,0.064247602596879,0.05149639188311994,0.051722822012379766,0.07009338587522507
3234,3234,4.097301959991455,4.092378616333008,2e-05,2.360274304016739,0.06444047205150127,0.051523164846003056,0.0517429627943784,0.07011974789202213
3235,3235,4.096559524536133,4.099196910858154,2e-05,2.3642731138068185,0.06464068405330181,0.051533749559894204,0.051756292348727584,0.07014394737780094
3236,3236,4.099677085876465,4.102355003356934,2e-05,2.37660622037117,0.06455645151436329,0.05154498992487788,0.05176478927023709,0.07016600482165813
3237,3237,4.095029830932617,4.094172477722168,2e-05,2.3819379152053726,0.06451023370027542,0.051557972794398665,0.05177898216061294,0.07019069045782089
3238,3238,4.09236478805542,4.097281455993652,2e-05,2.387467285410245,0.06448759324848652,0.05156983295455575,0.05179131170734763,0.07021353021264076
3239,3239,4.102307319641113,4.105290412902832,2e-05,2.392648460587161,0.06449128314852715,0.051585397217422724,0.05180527735501528,0.07023799605667591
3240,3240,4.093231201171875,4.0941972732543945,2e-05,2.3970215684947336,0.06458575464785099,0.05159400939010084,0.05181636079214513,0.07026122137904167
3241,3241,4.093499183654785,4.097299098968506,2e-05,2.4013053881487765,0.06459045596420765,0.05161076504737139,0.05182958673685789,0.07028509676456451
3242,3242,4.094395637512207,4.099372386932373,2e-05,2.4050805560565407,0.06448957324028015,0.05162280658259988,0.05184260499663651,0.07030884362757206
3243,3243,4.087751865386963,4.097654342651367,2e-05,2.4084201725882517,0.06457218900322914,0.05163671309128404,0.051854509161785245,0.07033270038664341
3244,3244,4.091845512390137,4.100914478302002,2e-05,2.41164787362253,0.06451761163771152,0.05164848151616752,0.05186943686567247,0.07035761512815952
3245,3245,4.090934753417969,4.098224639892578,2e-05,2.4144553960914408,0.06466475315392017,0.051653322065249085,0.05187332700006664,0.07037864625453949
3246,3246,4.0977325439453125,4.092629432678223,2e-05,2.417997652658862,0.06460299529135227,0.051668183179572225,0.05188841442577541,0.0704034324735403
3247,3247,4.094854354858398,4.091800212860107,2e-05,2.41513125132567,0.06461529433727264,0.05168781499378383,0.05190846836194396,0.07042982429265976
3248,3248,4.101755142211914,4.09676456451416,2e-05,2.41847164191894,0.06473232433199883,0.051700036972761154,0.05192162608727813,0.0704546831548214
3249,3249,4.101138591766357,4.096227645874023,2e-05,2.4192040285683567,0.06463555805385113,0.05170897068455815,0.05192998703569174,0.07047709450125694
3250,3250,4.091649532318115,4.10014533996582,2e-05,2.42681362615836,0.06492037884891033,0.051718097645789385,0.05194111168384552,0.07050091400742531
3251,3251,4.09315299987793,4.091256141662598,2e-05,2.422555536746511,0.06467690505087376,0.05173003324307501,0.051951426547020674,0.07052380405366421
3252,3252,4.095405578613281,4.094809532165527,2e-05,2.4298281965793302,0.06472220458090305,0.05174091085791588,0.05196195002645254,0.07054721005260944
3253,3253,4.09315299987793,4.095265865325928,2e-05,2.42936752247488,0.06500695645809174,0.05176067026332021,0.05197853990830481,0.07057245820760727
3254,3254,4.0873212814331055,4.101491451263428,2e-05,2.4321961463578248,0.06487580202519894,0.0517655226867646,0.051986717619001865,0.0705947857350111
3255,3255,4.0951690673828125,4.105841636657715,2e-05,2.43092275517064,0.0648197028785944,0.05177603289484978,0.05199900595471263,0.07061868533492088
3256,3256,4.094088554382324,4.101710319519043,2e-05,2.433356873689503,0.06491817161440849,0.051793543389067054,0.052011013962328434,0.07064186409115791
3257,3257,4.096818447113037,4.095833778381348,2e-05,2.4324707699662795,0.06509584188461304,0.05180745758116245,0.05203039129264653,0.07066860608756542
3258,3258,4.102478504180908,4.096322059631348,2e-05,2.4343269502563856,0.06476673297584057,0.05182521068491042,0.052046116441488266,0.07069333083927631
3259,3259,4.089245319366455,4.098257064819336,2e-05,2.4334738060720578,0.06499948166310787,0.05183259560726583,0.05205592978745699,0.07071636989712715
3260,3260,4.092964172363281,4.096275329589844,2e-05,2.4353659633574685,0.06499963067471981,0.0518428236246109,0.052066197618842125,0.07074013911187649
3261,3261,4.104654312133789,4.0930986404418945,2e-05,2.4342300380784856,0.06501705944538116,0.051853957353159785,0.0520729566924274,0.07076196931302547
3262,3262,4.0962066650390625,4.098169326782227,2e-05,2.4349246308292956,0.06475790031254292,0.05186507920734584,0.052087193820625544,0.07078670151531696
3263,3263,4.095959663391113,4.0981831550598145,2e-05,2.435295199291991,0.06490466929972172,0.05188123416155577,0.052106223069131374,0.07081314362585545
3264,3264,4.098784446716309,4.092796325683594,2e-05,2.4353865989262076,0.06496777199208736,0.051886917790398,0.05210907361470163,0.07083412632346153
3265,3265,4.095029830932617,4.103856086730957,2e-05,2.43593646440536,0.06510441191494465,0.05190032231621444,0.052123060915619135,0.07085882686078548
3266,3266,4.090883255004883,4.092019081115723,2e-05,2.4360318894356334,0.06506266258656979,0.05191681440919638,0.05214020982384682,0.07088478095829487
3267,3267,4.093830585479736,4.095680236816406,2e-05,2.4366883323427615,0.06499242596328259,0.05192909017205238,0.05215290142223239,0.07090836204588413
3268,3268,4.091421127319336,4.097818851470947,2e-05,2.436541666088928,0.0652643982321024,0.05194516130723059,0.052165994653478265,0.07093297131359577
3269,3269,4.0917792320251465,4.086826801300049,2e-05,2.4368768928908837,0.0650273896753788,0.051958332071080804,0.052178839687258005,0.07095714658498764
3270,3270,4.091679573059082,4.097939491271973,2e-05,2.2712746234989716,0.06506362743675709,0.051960313227027655,0.05218188697472215,0.07097748667001724
3271,3271,4.094852447509766,4.099111557006836,2e-05,2.29035188157074,0.06529915705323219,0.05197614780627191,0.05219645309261978,0.07100242748856544
3272,3272,4.096044540405273,4.101444721221924,2e-05,2.304432774896158,0.06543233059346676,0.051996756112203,0.05222084210254252,0.07103062979876995
3273,3273,4.100254058837891,4.0950422286987305,2e-05,2.3176291549441372,0.06523306667804718,0.052002096083015203,0.05222475412301719,0.07105147652328014
3274,3274,4.096245765686035,4.094913482666016,2e-05,2.3296217957526917,0.06523122824728489,0.05201396578922868,0.052236082730814815,0.07107442617416382
3275,3275,4.10200834274292,4.101536750793457,2e-05,2.343310492247336,0.06532914936542511,0.05203098198398948,0.05225112661719322,0.07110001891851425
3276,3276,4.094241142272949,4.09628963470459,2e-05,2.3511711930097206,0.065150897949934,0.052044002804905176,0.05226458213292062,0.0711243785917759
3277,3277,4.092450141906738,4.096358299255371,2e-05,2.3606669420906496,0.06535781361162663,0.052048580488190055,0.0522715630941093,0.0711462963372469
3278,3278,4.0917205810546875,4.094414710998535,2e-05,2.3670009189383485,0.06521455384790897,0.05205652699805796,0.05228261509910226,0.07117023691534996
3279,3279,4.091122627258301,4.095579624176025,2e-05,2.3758843266808127,0.06525247730314732,0.052068032789975405,0.05229653907008469,0.07119476236402988
3280,3280,4.093751430511475,4.096418857574463,2e-05,2.380255558078149,0.0652194693684578,0.052088485565036535,0.05231252312660217,0.07121963240206242
3281,3281,4.092261791229248,4.092750072479248,2e-05,2.3875230587735627,0.06543099880218506,0.05209716851823032,0.05231977510266006,0.07124165631830692
3282,3282,4.08944845199585,4.096220970153809,2e-05,2.391306403131798,0.06541932933032513,0.05210502608679235,0.05232695862650871,0.07126360759139061
3283,3283,4.097817420959473,4.102630615234375,2e-05,2.3976744788493978,0.06534269265830517,0.052128186682239175,0.052348018856719136,0.07129073701798916
3284,3284,4.094996452331543,4.097621917724609,2e-05,2.4010061509387604,0.06537353619933128,0.05213776440359652,0.05235944618470967,0.07131397351622581
3285,3285,4.088546276092529,4.09607458114624,2e-05,2.405322797665415,0.06563638150691986,0.05215102178044617,0.05237393104471266,0.07133942283689976
3286,3286,4.086336135864258,4.0953569412231445,2e-05,2.407988047578629,0.06534229964017868,0.05215419875457883,0.052381076849997044,0.07136084139347076
3287,3287,4.097180366516113,4.090863227844238,2e-05,2.4118931577497427,0.06549354828894138,0.05216766451485455,0.052390901604667306,0.07138394378125668
3288,3288,4.093632221221924,4.094637870788574,2e-05,2.4136436393811094,0.06566353142261505,0.052185216918587685,0.05240997299551964,0.0714101493358612
3289,3289,4.090632915496826,4.089622497558594,2e-05,2.4169711614718654,0.06542963907122612,0.05218954337760806,0.052415868267416954,0.0714317336678505
3290,3290,4.087508201599121,4.098299026489258,2e-05,2.4178890659513095,0.06572888791561127,0.052211739821359515,0.05243552662432194,0.0714583657681942
3291,3291,4.088031768798828,4.091813087463379,2e-05,2.420778299518645,0.06549178622663021,0.052220891462638974,0.05244450247846544,0.07148022949695587
3292,3292,4.087765693664551,4.095973968505859,2e-05,2.420441908472258,0.06558411940932274,0.05223269294947386,0.05245789885520935,0.07150438241660595
3293,3293,4.096563816070557,4.095630645751953,2e-05,2.423311469188212,0.06550511717796326,0.05224359408020973,0.052467586006969213,0.07152683846652508
3294,3294,4.105527400970459,4.091768264770508,2e-05,2.42626647183292,0.06572159938514233,0.0522615909576416,0.052484358195215464,0.07155255228281021
3295,3295,4.090062141418457,4.094419479370117,2e-05,2.426413742005345,0.065593296661973,0.052270720014348626,0.05249185999855399,0.07157389633357525
3296,3296,4.094753265380859,4.093570709228516,2e-05,2.427895095291773,0.06558649055659771,0.05228305095806718,0.052506618201732635,0.07159788347780704
3297,3297,4.091947078704834,4.100686073303223,2e-05,2.4285954201655238,0.0657051932066679,0.0522995344363153,0.052523539401590824,0.07162416726350784
3298,3298,4.0901336669921875,4.103707313537598,2e-05,2.4298432134980397,0.0657479539513588,0.05230876221321523,0.05253359908238053,0.07164656184613705
3299,3299,4.090040683746338,4.091754913330078,2e-05,2.4306587918305564,0.06553712300956249,0.05231625493615866,0.05253941332921386,0.07166696898639202
3300,3300,4.101079940795898,4.102336883544922,2e-05,2.431408165720326,0.06575310602784157,0.052329575875774026,0.052555384347215295,0.0716926883906126
3301,3301,4.095540523529053,4.097627639770508,2e-05,2.4320177899454665,0.06571531668305397,0.052344937808811665,0.05256962752901018,0.07171648181974888
3302,3302,4.097658634185791,4.096357345581055,2e-05,2.433005460138669,0.06573650240898132,0.05235466780140996,0.05257754377089441,0.07173805497586727
3303,3303,4.0937347412109375,4.093330383300781,2e-05,2.4332185716997317,0.06589493900537491,0.05236560711637139,0.052587727550417185,0.07176143862307072
3304,3304,4.099120616912842,4.090416431427002,2e-05,2.435402349476786,0.06590776704251766,0.05237593362107873,0.0526038792449981,0.07178692892193794
3305,3305,4.0927252769470215,4.096341609954834,2e-05,2.434387636112124,0.0657634548842907,0.05239418684504926,0.0526205999776721,0.0718113873153925
3306,3306,4.093145370483398,4.098732948303223,2e-05,2.4361590713918098,0.06573288142681122,0.05240234453231096,0.052630199352279305,0.0718346331268549
3307,3307,4.094108581542969,4.095290184020996,2e-05,2.4350821908937497,0.06586081720888615,0.05241677933372557,0.05264034052379429,0.0718581285327673
3308,3308,4.091573715209961,4.096783638000488,2e-05,2.437015621652906,0.06563255563378334,0.05243135895580053,0.05265093664638698,0.07188083790242672
3309,3309,4.091416358947754,4.095205783843994,2e-05,2.436153963188973,0.0659905020147562,0.05243797576986253,0.052665228489786386,0.07190620712935925
3310,3310,4.085428237915039,4.098871231079102,2e-05,2.437726334789947,0.0657887626439333,0.0524590564891696,0.052681476110592484,0.07193129323422909
3311,3311,4.09472131729126,4.097651958465576,2e-05,2.4360629930174325,0.0658148042857647,0.05246286722831428,0.052692338125780225,0.07195518538355827
3312,3312,4.091999053955078,4.096014499664307,2e-05,2.437938114161901,0.06591420248150826,0.052476409589871764,0.05269692023284733,0.07197603769600391
3313,3313,4.090941429138184,4.091452598571777,2e-05,2.4381183208271895,0.06585580855607986,0.052488099317997694,0.052714443765580654,0.07200201228260994
3314,3314,4.084053039550781,4.096428871154785,2e-05,2.438026241015219,0.0658553522080183,0.05249805864877999,0.052723350236192346,0.07202497310936451
3315,3315,4.092031955718994,4.092778205871582,2e-05,2.4369096082382504,0.06593358144164085,0.052517536329105496,0.05273973289877176,0.07204982079565525
3316,3316,4.0849761962890625,4.098660469055176,2e-05,2.434322780146204,0.06598898023366928,0.052530315704643726,0.05275364499539137,0.07207539863884449
3317,3317,4.0948991775512695,4.096645832061768,2e-05,2.437840298107435,0.06591218337416649,0.052532714791595936,0.05275811068713665,0.07209667190909386
3318,3318,4.092475414276123,4.1029558181762695,2e-05,2.4388994608539187,0.06594458594918251,0.052546930499374866,0.05277316365391016,0.07212179154157639
3319,3319,4.098501205444336,4.09420108795166,2e-05,2.4374017546149056,0.06609059311449528,0.052565140184015036,0.05278826295398176,0.07214672490954399
3320,3320,4.09217643737793,4.095947742462158,2e-05,2.4390582864495776,0.06613053008913994,0.05256307986564934,0.05279002897441387,0.07216747663915157
3321,3321,4.0955400466918945,4.094490051269531,2e-05,2.4375025503952057,0.06599915027618408,0.05257793120108545,0.052809326676651835,0.0721938144415617
3322,3322,4.088742256164551,4.100838661193848,2e-05,2.437646051523286,0.06615957245230675,0.05260008620098233,0.0528212427161634,0.07221781089901924
3323,3323,4.09879732131958,4.095932960510254,2e-05,2.4377752025385586,0.06626980938017368,0.05260406760498881,0.05283099785447121,0.07224160991609097
3324,3324,4.093572616577148,4.10102653503418,2e-05,2.4379085110323078,0.06617764756083488,0.052614892832934856,0.05284399655647576,0.07226507179439068
3325,3325,4.086971282958984,4.103935241699219,2e-05,2.438064348875818,0.06624888442456722,0.05263227364048362,0.05285728583112359,0.07228977046906948
3326,3326,4.092966079711914,4.097364902496338,2e-05,2.4343023432473654,0.06625406444072723,0.052648620679974556,0.05287375580519438,0.07231544889509678
3327,3327,4.090493202209473,4.095099449157715,2e-05,2.4353665464762835,0.06636128760874271,0.05266470671631396,0.052886141929775476,0.07233923301100731
3328,3328,4.093162536621094,4.093452453613281,2e-05,2.438818197947985,0.06618445180356503,0.052673956379294395,0.05289663770236075,0.07236280478537083
3329,3329,4.090537071228027,4.092937469482422,2e-05,2.438924063098406,0.06630917638540268,0.05268243490718305,0.05291119031608105,0.07238741032779217
3330,3330,4.08884859085083,4.096005439758301,2e-05,2.438562333769252,0.06627729535102844,0.05269289086572826,0.05291477311402559,0.07240885682404041
3331,3331,4.095216274261475,4.094213485717773,2e-05,2.4390273893157834,0.06628508865833282,0.05270085181109607,0.05292753782123327,0.07243331335484982
3332,3332,4.099268913269043,4.103793621063232,2e-05,2.4388750911813784,0.06621279567480087,0.052719951374456286,0.052945151925086975,0.07245884649455547
3333,3333,4.092338562011719,4.091953277587891,2e-05,2.435755186590518,0.06630304083228111,0.052725131856277585,0.05294932588003576,0.07248019985854626
3334,3334,4.099915027618408,4.095956325531006,2e-05,2.4394484095481386,0.06615720316767693,0.0527422979939729,0.052967124385759234,0.0725062433630228
3335,3335,4.0900797843933105,4.093562126159668,2e-05,2.43938196148224,0.06622335128486156,0.052742409985512495,0.05297630955465138,0.0725291296839714
3336,3336,4.094258785247803,4.090714931488037,2e-05,2.4392487825983173,0.06629113480448723,0.052755056181922555,0.05297920131124556,0.07254975847899914
3337,3337,4.091081619262695,4.091338634490967,2e-05,2.4398509418367955,0.06657101213932037,0.05277834483422339,0.05300472304224968,0.07257880084216595
3338,3338,4.098249435424805,4.092336654663086,2e-05,2.4397869210960508,0.0665730070322752,0.052787888795137405,0.05301393358968198,0.07260092906653881
3339,3339,4.090182304382324,4.0950398445129395,2e-05,2.440194634154084,0.06624665297567844,0.05279774055816233,0.05302326241508126,0.07262388244271278
3340,3340,4.091023921966553,4.103212356567383,2e-05,2.4388915907888054,0.06634440273046494,0.05281312786974013,0.053039222955703735,0.07264917343854904
3341,3341,4.087811470031738,4.097330093383789,2e-05,2.440309303259562,0.06640849821269512,0.05282263248227537,0.05304883769713342,0.07267198711633682
3342,3342,4.087054252624512,4.090270042419434,2e-05,2.4386436368476665,0.06636319495737553,0.05283587425947189,0.053062476217746735,0.072696503251791
3343,3343,4.091789245605469,4.101576805114746,2e-05,2.4403039371406665,0.06649258732795715,0.05284435558132827,0.05307155940681696,0.07271931506693363
3344,3344,4.092922210693359,4.089735984802246,2e-05,2.439255693468068,0.0665210597217083,0.052862499840557575,0.05308983218856156,0.07274540141224861
3345,3345,4.090959072113037,4.093721389770508,2e-05,2.4400340390502375,0.06677189096808434,0.05287309526465833,0.05309897125698626,0.0727686807513237
3346,3346,4.093356132507324,4.095369338989258,2e-05,2.4390212574858086,0.0663753654807806,0.0528695962857455,0.053104118909686804,0.07278970628976822
3347,3347,4.093498229980469,4.092911720275879,2e-05,2.4400673170871467,0.06653420068323612,0.05289718369022012,0.053121865494176745,0.0728155542165041
3348,3348,4.087793350219727,4.094658851623535,2e-05,2.4381631482754935,0.06649117544293404,0.052902750205248594,0.0531336204148829,0.07283975556492805
3349,3349,4.095529556274414,4.092944622039795,2e-05,2.43985419818497,0.06658728048205376,0.05290998099371791,0.053145877784118056,0.07286352850496769
3350,3350,4.0985107421875,4.091634750366211,2e-05,2.4382492155036033,0.06677057594060898,0.052932639606297016,0.053160875802859664,0.0728888213634491
3351,3351,4.093730926513672,4.0945515632629395,2e-05,2.4397812580936273,0.06653831154108047,0.052943198243156075,0.053169544553384185,0.07291157357394695
3352,3352,4.094123840332031,4.100674629211426,2e-05,2.4388429056132033,0.06664893589913845,0.052956764586269855,0.053182390285655856,0.07293600402772427
3353,3353,4.09184455871582,4.095832824707031,2e-05,2.439204549556735,0.06650852039456367,0.052968812407925725,0.05319665838032961,0.07296054437756538
3354,3354,4.092081069946289,4.096521377563477,2e-05,2.4381003067695945,0.06671602837741375,0.05297608231194317,0.05320356576703489,0.07298286072909832
3355,3355,4.092602729797363,4.095075607299805,2e-05,2.4382984642046566,0.06681613437831402,0.052990129217505455,0.053220476023852825,0.07300860621035099
3356,3356,4.0956878662109375,4.091897964477539,2e-05,2.438370909943034,0.06691358983516693,0.05300627392716706,0.053231352707371116,0.07303220592439175
3357,3357,4.095653533935547,4.093287944793701,2e-05,2.4380134448476665,0.06694949977099895,0.05301641393452883,0.053247587056830525,0.07305770367383957
3358,3358,4.090540885925293,4.092864990234375,2e-05,2.438545381776522,0.06690609827637672,0.05303090554662049,0.053257375257089734,0.07308096438646317
3359,3359,4.09506893157959,4.092583179473877,2e-05,2.4383134664953827,0.06692245975136757,0.05304239527322352,0.053269152296707034,0.07310469821095467
3360,3360,4.089409351348877,4.10197639465332,2e-05,2.4384646795377303,0.06678486242890358,0.05305695813149214,0.05328267137520015,0.07312884740531445
3361,3361,4.092909812927246,4.093654632568359,2e-05,2.438476123111844,0.06685430742800236,0.05306236748583615,0.05329043441452086,0.07315189205110073
3362,3362,4.091150283813477,4.093368053436279,2e-05,2.4383721312574234,0.06669940426945686,0.05307792034000158,0.053305771201848984,0.0731766577810049
3363,3363,4.0956573486328125,4.093118190765381,2e-05,2.434869090154585,0.06679196283221245,0.05307984887622297,0.05331330723129213,0.07319910638034344
3364,3364,4.092591762542725,4.091063499450684,2e-05,2.4356572243403596,0.06686151213943958,0.05309946648776531,0.05332891643047333,0.07322455197572708
3365,3365,4.097966194152832,4.094036102294922,2e-05,2.4393146294287735,0.06680293753743172,0.05311392853036523,0.05334033421240747,0.07324794493615627
3366,3366,4.091760635375977,4.093788146972656,2e-05,2.4393144854847875,0.06701655127108097,0.05312685831449926,0.05335571989417076,0.07327315583825111
3367,3367,4.09440803527832,4.092005729675293,2e-05,2.4393826816434037,0.06697777844965458,0.05313733406364918,0.05336334160529077,0.07329501025378704
3368,3368,4.094907760620117,4.0888447761535645,2e-05,2.4388679079034965,0.06682809256017208,0.05314866313710809,0.053374935407191515,0.0733187198638916
3369,3369,4.0923919677734375,4.093849182128906,2e-05,2.4390781921152254,0.06715548038482666,0.05316526792012155,0.05339222913607955,0.07334491983056068
3370,3370,4.098036289215088,4.089512348175049,2e-05,2.4407313732236298,0.06703891791403294,0.05316927097737789,0.053401335841044784,0.07336740382015705
3371,3371,4.086788177490234,4.093228340148926,2e-05,2.4388802907933904,0.06711487844586372,0.053186980076134205,0.05341642280109227,0.07339179329574108
3372,3372,4.091132164001465,4.095193862915039,2e-05,2.4412979227992198,0.06693329475820065,0.0532003294210881,0.05342869972810149,0.07341550104320049
3373,3373,4.087197780609131,4.091136932373047,2e-05,2.4458433322206727,0.06683612242341042,0.05321652162820101,0.05344272730872035,0.07344039529561996
3374,3374,4.089795112609863,4.097960472106934,2e-05,2.4467317725663675,0.06713300757110119,0.05322273354977369,0.05345287802629173,0.07346306554973125
3375,3375,4.097176551818848,4.094493865966797,2e-05,2.444651657227234,0.06722961366176605,0.053236650535836816,0.05346240079961717,0.07348650507628918
3376,3376,4.093823432922363,4.094161510467529,2e-05,2.4438909024096613,0.06713761948049068,0.05324020772241056,0.05347235850058496,0.07350972294807434
3377,3377,4.085343837738037,4.094285488128662,2e-05,2.4434638730003075,0.06709217838943005,0.053256023209542036,0.05348670040257275,0.07353424467146397
3378,3378,4.093984603881836,4.0878705978393555,2e-05,2.4429805172459016,0.06690963543951511,0.053276247810572386,0.05350498273037374,0.0735595803707838
3379,3379,4.09411096572876,4.091596603393555,2e-05,2.44224378342821,0.06719566881656647,0.05328432866372168,0.05351398000493646,0.07358335703611374
3380,3380,4.111903667449951,4.093345642089844,2e-05,2.4420857042210145,0.06732469983398914,0.053300166269764304,0.05352595681324601,0.07360676862299442
3381,3381,4.097738265991211,4.091050624847412,2e-05,2.44174528557728,0.06726558692753315,0.05331461736932397,0.053540766006335616,0.07363157533109188
3382,3382,4.090118408203125,4.095151424407959,2e-05,2.441396246760409,0.06719742342829704,0.053322131745517254,0.05355200660414994,0.07365576550364494
3383,3383,4.085356712341309,4.094475746154785,2e-05,2.4414922845879374,0.06713024526834488,0.05333164241164923,0.05356590170413256,0.07367975637316704
3384,3384,4.091054916381836,4.103541374206543,2e-05,2.4428625300787115,0.06738295219838619,0.05333955283276737,0.05357226263731718,0.07370186783373356
3385,3385,4.089193344116211,4.090301513671875,2e-05,2.4417296822040324,0.06722693331539631,0.05336082447320223,0.053590561263263226,0.07372822053730488
3386,3386,4.086342811584473,4.104362487792969,2e-05,2.4420099850822443,0.06750786304473877,0.0533782709389925,0.05360308545641601,0.07375279627740383
3387,3387,4.088805198669434,4.091305732727051,2e-05,2.4400697754386287,0.06737381778657436,0.05338603467680514,0.053614723263308406,0.07377646863460541
3388,3388,4.098886013031006,4.094162940979004,2e-05,2.4415251960124422,0.06719464249908924,0.053398794727399945,0.05363029078580439,0.07380196638405323
3389,3389,4.091416358947754,4.090786933898926,2e-05,2.439535812061125,0.06730898842215538,0.053410481195896864,0.05363689619116485,0.07382369600236416
3390,3390,4.090331077575684,4.0922746658325195,2e-05,2.4411743851724004,0.06755146384239197,0.05342483869753778,0.05365513847209513,0.07385046780109406
3391,3391,4.088373184204102,4.09662389755249,2e-05,2.440101805704005,0.06724420934915543,0.05343670374713838,0.053667717380449176,0.0738743469119072
3392,3392,4.090171813964844,4.096541404724121,2e-05,2.4408505443845048,0.06752089224755764,0.053450219333171844,0.05367978266440332,0.07389846444129944
3393,3393,4.095775604248047,4.103557586669922,2e-05,2.439150985246401,0.06761549040675163,0.053459402872249484,0.053687863517552614,0.07392164319753647
3394,3394,4.095456600189209,4.092104434967041,2e-05,2.4407242251093546,0.0673834141343832,0.05346833821386099,0.05369750107638538,0.07394475862383842
3395,3395,4.089486122131348,4.09622859954834,2e-05,2.4388822768656784,0.06753875128924847,0.053492109291255474,0.05371668562293053,0.07397139258682728
3396,3396,4.089953899383545,4.093845367431641,2e-05,2.44052563353581,0.06763656623661518,0.053490817779675126,0.05372603447176516,0.0739942416548729
3397,3397,4.084088325500488,4.0911431312561035,2e-05,2.4388079933485782,0.06737062148749828,0.05350674572400749,0.053742786636576056,0.07402002811431885
3398,3398,4.090284824371338,4.096038341522217,2e-05,2.44008908514282,0.06757018715143204,0.05351185938343406,0.053744775243103504,0.0740406010299921
3399,3399,4.098757266998291,4.100551605224609,2e-05,2.438425212533369,0.06772696226835251,0.05353644327260554,0.05376659776084125,0.0740678422152996
3400,3400,4.092291831970215,4.094435691833496,2e-05,2.4396152803421245,0.0675590168684721,0.053539281245321035,0.053769069723784924,0.07408874481916428
3401,3401,4.093901634216309,4.0956573486328125,2e-05,2.4385918559159454,0.06743810884654522,0.0535593475215137,0.05378902982920408,0.07411512546241283
3402,3402,4.094011306762695,4.1007490158081055,2e-05,2.438484816266265,0.06775698065757751,0.05357213621027768,0.05380290909670293,0.07413914799690247
3403,3403,4.095846176147461,4.09153938293457,2e-05,2.439813751187719,0.06756052374839783,0.05358494562096894,0.0538143056910485,0.07416311465203762
3404,3404,4.087841987609863,4.091492176055908,2e-05,2.4384609117233262,0.06748675554990768,0.05359849566593766,0.05382617260329425,0.07418733090162277
3405,3405,4.089754104614258,4.091156959533691,2e-05,2.4381437954840504,0.06770464032888412,0.053604144835844636,0.05383336101658642,0.0742094162851572
3406,3406,4.090005874633789,4.093560218811035,2e-05,2.4382009813219603,0.06763872876763344,0.053614700911566615,0.053848076378926635,0.07423419505357742
3407,3407,4.08791971206665,4.098329544067383,2e-05,2.438683329149861,0.06780264712870121,0.05363062070682645,0.053860948886722326,0.07425911538302898
3408,3408,4.0911641120910645,4.094184398651123,2e-05,2.4386985100016236,0.06770095229148865,0.053634654730558395,0.05387013638392091,0.07428151555359364
3409,3409,4.090816020965576,4.092350006103516,2e-05,2.438727536692108,0.06769777834415436,0.053658705204725266,0.053889919770881534,0.07430805824697018
3410,3410,4.092180252075195,4.090333938598633,2e-05,2.438693922991663,0.0678898748010397,0.05366812809370458,0.05389875918626785,0.07433117181062698
3411,3411,4.087738990783691,4.09860897064209,2e-05,2.4385766766344115,0.06788032688200474,0.05367824947461486,0.05390892317518592,0.07435403764247894
3412,3412,4.087584972381592,4.093289375305176,2e-05,2.438510379827398,0.06769583933055401,0.05368676711805165,0.05392009112983942,0.07437756657600403
3413,3413,4.08810567855835,4.105161666870117,2e-05,2.4395421112760776,0.06778731755912304,0.05369801423512399,0.053928187815472484,0.07440089248120785
3414,3414,4.09503173828125,4.0948381423950195,2e-05,2.4386327591973145,0.06776534952223301,0.053714600624516606,0.05394441960379481,0.07442631386220455
3415,3415,4.094668388366699,4.096121788024902,2e-05,2.4401627341360466,0.06790812872350216,0.0537292982917279,0.05396256782114506,0.07445188239216805
3416,3416,4.091981410980225,4.093353271484375,2e-05,2.438067487038793,0.06796953827142715,0.053735287161543965,0.05396813852712512,0.07447425089776516
3417,3417,4.0859222412109375,4.085826873779297,2e-05,2.439839045455345,0.06801973655819893,0.053752328269183636,0.053982810117304325,0.07449894212186337
3418,3418,4.0890960693359375,4.094754219055176,2e-05,2.2731330320077703,0.06810227409005165,0.053754617692902684,0.0539905980695039,0.07452182844281197
3419,3419,4.086402893066406,4.095392227172852,2e-05,2.2904360316775514,0.06779863312840462,0.05377702368423343,0.05401028064079583,0.07454820536077023
3420,3420,4.0926055908203125,4.0892791748046875,2e-05,2.305284477550846,0.06782681308686733,0.05377924209460616,0.054012421518564224,0.0745687335729599
3421,3421,4.091980934143066,4.098659515380859,2e-05,2.3197593293485435,0.06788144074380398,0.05379422823898494,0.054028119426220655,0.07459414750337601
3422,3422,4.085238933563232,4.0893683433532715,2e-05,2.330601300681262,0.0679098591208458,0.053803659277036786,0.05403779190964997,0.0746173094958067
3423,3423,4.087176322937012,4.0901079177856445,2e-05,2.341607469748761,0.06807513535022736,0.05382365710102022,0.05405526584945619,0.07464323379099369
3424,3424,4.084743499755859,4.102134704589844,2e-05,2.3512449166432874,0.06793523021042347,0.05383497220464051,0.0540667069144547,0.07466682977974415
3425,3425,4.092488765716553,4.085943222045898,2e-05,2.3600824858105707,0.06799011677503586,0.05384955066256225,0.054078442975878716,0.07469085976481438
3426,3426,4.08976411819458,4.08348274230957,2e-05,2.367836614540885,0.06796868704259396,0.05385241121985018,0.054084662348032,0.07471293956041336
3427,3427,4.093880653381348,4.091498374938965,2e-05,2.210379376042124,0.06806483678519726,0.05387210613116622,0.05410105572082102,0.07473821192979813
3428,3428,4.089085578918457,4.091191291809082,2e-05,2.2317218755750416,0.06818931736052036,0.05388749064877629,0.054119041888043284,0.07476449199020863
3429,3429,4.08499813079834,4.09462833404541,2e-05,2.250499271480348,0.0680958591401577,0.053889689268544316,0.0541223029140383,0.07478555291891098
3430,3430,4.087246894836426,4.087550640106201,2e-05,2.2694934212791797,0.06837140955030918,0.05389925488270819,0.05413327948190272,0.07480975612998009
3431,3431,4.090399742126465,4.090510368347168,2e-05,2.286788301595898,0.06836180575191975,0.05391381192021072,0.054147905902937055,0.07483399473130703
3432,3432,4.0864152908325195,4.094282150268555,2e-05,2.301364726615631,0.0684185866266489,0.05392674682661891,0.05416180961765349,0.07485911436378956
3433,3433,4.086627960205078,4.091483116149902,2e-05,2.3154279712561303,0.06827819347381592,0.05394011619500816,0.0541698788292706,0.07488153502345085
3434,3434,4.092258453369141,4.0833024978637695,2e-05,2.327830155209626,0.06812033243477345,0.05394703126512468,0.0541793059092015,0.07490376196801662
3435,3435,4.0864996910095215,4.08870792388916,2e-05,2.174630474192293,0.06814035214483738,0.05395953170955181,0.054190944880247116,0.07492826879024506
3436,3436,4.093417167663574,4.0899739265441895,2e-05,2.195351122822039,0.06837189756333828,0.053982272977009416,0.054214258678257465,0.07495558820664883
3437,3437,4.090631484985352,4.0941267013549805,2e-05,2.212734882544871,0.06840276904404163,0.0539926141500473,0.05422271881252527,0.0749776903539896
3438,3438,4.089850425720215,4.0877885818481445,2e-05,2.2312893872037955,0.0683889091014862,0.05399393499828875,0.054226915119215846,0.07499945163726807
3439,3439,4.08634614944458,4.085599899291992,2e-05,2.2476752187416436,0.06847170181572437,0.054016897920519114,0.05424804869107902,0.0750260204076767
3440,3440,4.090611934661865,4.100653171539307,2e-05,2.268966373955232,0.068235719576478,0.05402484396472573,0.05425819591619074,0.07504870370030403
3441,3441,4.0856122970581055,4.091010093688965,2e-05,2.284882564600911,0.06842624582350254,0.054042953765019774,0.05427573947235942,0.07507509179413319
3442,3442,4.0943732261657715,4.082278251647949,2e-05,2.300214679440216,0.06842662207782269,0.054050608072429895,0.05428022309206426,0.07509585656225681
3443,3443,4.086400985717773,4.086967945098877,2e-05,2.1498205575972444,0.06804214417934418,0.05406403122469783,0.05429243249818683,0.0751198586076498
3444,3444,4.087747573852539,4.089542865753174,2e-05,2.1765296369802805,0.06814426556229591,0.05407269042916596,0.054306615376845,0.07514464668929577
3445,3445,4.089583873748779,4.095945358276367,2e-05,2.2019944510457425,0.0687092300504446,0.05408470262773335,0.054316175170242786,0.07516831159591675
3446,3446,4.084863662719727,4.09199333190918,2e-05,2.229462709846184,0.06831159628927708,0.05408959393389523,0.054326141718775034,0.07519107311964035
3447,3447,4.0890421867370605,4.0915303230285645,2e-05,2.2517663333722653,0.06834805943071842,0.05410976009443402,0.05434466199949384,0.07521765120327473
3448,3448,4.093461513519287,4.0886006355285645,2e-05,2.270722690025697,0.06851661019027233,0.05412502936087549,0.05435699806548655,0.07524101436138153
3449,3449,4.088031768798828,4.087018966674805,2e-05,2.286290783562013,0.0683454554527998,0.054131005657836795,0.05436666216701269,0.07526437751948833
3450,3450,4.0919036865234375,4.10133171081543,2e-05,2.301178766471583,0.06845332495868206,0.05414646188728511,0.05437822616659105,0.07528829015791416
3451,3451,4.08499002456665,4.088403701782227,2e-05,2.3152691645480896,0.06873279996216297,0.05414467374794185,0.05438030883669853,0.0753088966012001
3452,3452,4.087628364562988,4.091663360595703,2e-05,2.3275575011661056,0.0684775672852993,0.05417368025518954,0.05440350389108062,0.07533624023199081
3453,3453,4.0896100997924805,4.0848588943481445,2e-05,2.3385232080356504,0.06855472922325134,0.054184017004445195,0.05441616289317608,0.07536075636744499
3454,3454,4.091896057128906,4.088825225830078,2e-05,2.3462162597808645,0.06867478042840958,0.05419263942167163,0.054428327130153775,0.07538480311632156
3455,3455,4.097390174865723,4.090367317199707,2e-05,2.353995304859542,0.06848860718309879,0.054208531277254224,0.054441860411316156,0.07540888898074627
3456,3456,4.087947368621826,4.097607135772705,2e-05,2.367906173137185,0.06884939968585968,0.054223557468503714,0.054453437915071845,0.07543371059000492
3457,3457,4.087730407714844,4.086653232574463,2e-05,2.3743725092264496,0.06852494738996029,0.054230006877332926,0.05446643941104412,0.07545783184468746
3458,3458,4.086631774902344,4.089190483093262,2e-05,2.3776346722590045,0.06853264383971691,0.05424624029546976,0.05447828979231417,0.07548145204782486
3459,3459,4.092846870422363,4.095449447631836,2e-05,2.3867860022070966,0.06855392828583717,0.054254797054454684,0.05448731733486056,0.07550517842173576
3460,3460,4.0836968421936035,4.08559513092041,2e-05,2.3890314918057625,0.06889372132718563,0.0542644455563277,0.054501517908647656,0.07553027383983135
3461,3461,4.090503215789795,4.088682174682617,2e-05,2.396690207191646,0.06858310662209988,0.054279760690405965,0.054510574555024505,0.0755527950823307
3462,3462,4.089761734008789,4.093807697296143,2e-05,2.3986184772500625,0.06869570352137089,0.054285688092932105,0.05451986216939986,0.0755765363574028
3463,3463,4.094632625579834,4.093960762023926,2e-05,2.4049143885439164,0.06853912398219109,0.054303504759445786,0.05453838873654604,0.07560256496071815
3464,3464,4.0870866775512695,4.087709426879883,2e-05,2.4057241038452615,0.06880545988678932,0.05431506992317736,0.054547369945794344,0.07562544755637646
3465,3465,4.0883073806762695,4.094489097595215,2e-05,2.4116455337436773,0.06880842708051205,0.054330298444256186,0.054568344028666615,0.07565254345536232
3466,3466,4.087198734283447,4.0912065505981445,2e-05,2.416043711259515,0.06895535811781883,0.05434270086698234,0.05457630171440542,0.07567527890205383
3467,3467,4.08848762512207,4.093089580535889,2e-05,2.416674866306852,0.06893349438905716,0.05434780125506222,0.05458089802414179,0.07569643296301365
3468,3468,4.093077182769775,4.094972610473633,2e-05,2.4204300133590637,0.06902460940182209,0.05436979723162949,0.05460415198467672,0.07572429068386555
3469,3469,4.083849906921387,4.093930244445801,2e-05,2.420585495778269,0.06887852400541306,0.05438090697862208,0.05461472272872925,0.07574715837836266
3470,3470,4.091190814971924,4.091103553771973,2e-05,2.422212609170298,0.06877080537378788,0.05438939807936549,0.054623827105388045,0.07577023096382618
3471,3471,4.087123394012451,4.087716102600098,2e-05,2.4241311803924233,0.0689508430659771,0.05440007825382054,0.054632568499073386,0.07579298131167889
3472,3472,4.087906837463379,4.085254669189453,2e-05,2.425733085619916,0.06886856444180012,0.05441785999573767,0.05464953673072159,0.07581869512796402
3473,3473,4.0884199142456055,4.087834358215332,2e-05,2.427056947550324,0.06891468539834023,0.05442558485083282,0.05465971236117184,0.07584252394735813
3474,3474,4.092633247375488,4.093417644500732,2e-05,2.4280062435467697,0.068922258913517,0.05442954855971038,0.054666071431711316,0.07586389780044556
3475,3475,4.082804203033447,4.093994617462158,2e-05,2.429321505489245,0.06885134615004063,0.05444670678116381,0.054684944450855255,0.0758903045207262
3476,3476,4.085250377655029,4.095585346221924,2e-05,2.429868980839256,0.06906013377010822,0.05446976632811129,0.05470215482637286,0.07591689936816692
3477,3477,4.090001583099365,4.091899871826172,2e-05,2.4324707751270833,0.06911664828658104,0.05447772494517267,0.05471239844337106,0.07593992538750172
3478,3478,4.089723110198975,4.094433784484863,2e-05,2.4317542834179293,0.06928632035851479,0.054496139753609896,0.05472752870991826,0.07596570253372192
3479,3479,4.094766616821289,4.095921516418457,2e-05,2.4325392078248735,0.06919083185493946,0.05450446484610438,0.05473815486766398,0.07598942890763283
3480,3480,4.085019588470459,4.088897705078125,2e-05,2.433114189196941,0.06913433782756329,0.05450955219566822,0.05474168271757662,0.0760102029889822
3481,3481,4.088918209075928,4.09158182144165,2e-05,2.433698233595298,0.06917788460850716,0.05452952114865184,0.05476038623601198,0.0760374628007412
3482,3482,4.087466239929199,4.095437049865723,2e-05,2.4340907875471394,0.06909328885376453,0.05453271116130054,0.05477006919682026,0.07606100104749203
3483,3483,4.084347724914551,4.090672969818115,2e-05,2.4344338547343396,0.0690426416695118,0.05453476938419044,0.05477770371362567,0.07608288899064064
3484,3484,4.095412731170654,4.086409091949463,2e-05,2.4347596679624357,0.06938635185360909,0.054564775666221976,0.054799918085336685,0.07611101679503918
3485,3485,4.094161510467529,4.09690523147583,2e-05,2.436986689301415,0.06924005411565304,0.05457207071594894,0.054806903237476945,0.07613359577953815
3486,3486,4.090088367462158,4.088979721069336,2e-05,2.435515126818244,0.06912503205239773,0.05458005447871983,0.054817985743284225,0.07615743577480316
3487,3487,4.084805011749268,4.086789608001709,2e-05,2.4373171229585795,0.0692219790071249,0.05459362920373678,0.054830570705235004,0.07618225738406181
3488,3488,4.09259033203125,4.092785835266113,2e-05,2.4361970527676684,0.06928908824920654,0.05460105207748711,0.05483700172044337,0.07620477303862572
3489,3489,4.091219425201416,4.091361045837402,2e-05,2.4380311000701442,0.06944539397954941,0.05462238611653447,0.05485389824025333,0.07623068988323212
3490,3490,4.091760158538818,4.08964204788208,2e-05,2.4371220632038124,0.06932430900633335,0.054629699094220996,0.05486735235899687,0.07625522091984749
3491,3491,4.091353416442871,4.090524196624756,2e-05,2.436620966568753,0.06945223361253738,0.05464650224894285,0.0548796528019011,0.076280003413558
3492,3492,4.088405609130859,4.086907863616943,2e-05,2.4370405560106096,0.06922705098986626,0.05465602222830057,0.05488995718769729,0.07630284689366817
3493,3493,4.087251663208008,4.09189510345459,2e-05,2.438393215502816,0.069363908842206,0.0546578976791352,0.05489677470177412,0.07632628083229065
3494,3494,4.090476036071777,4.089533805847168,2e-05,2.4371081155819594,0.06937357783317566,0.05467842612415552,0.054913646541535854,0.07635220140218735
3495,3495,4.088679790496826,4.087551116943359,2e-05,2.434723526345695,0.06923540867865086,0.05469060246832669,0.0549257081001997,0.07637580297887325
3496,3496,4.091208457946777,4.085912227630615,2e-05,2.433894915571648,0.06953288614749908,0.05470180558040738,0.05494247889146209,0.0764018539339304
3497,3497,4.090364933013916,4.09290075302124,2e-05,2.435424340028489,0.0694117434322834,0.054712089942768216,0.05494873318821192,0.07642440870404243
3498,3498,4.08577823638916,4.094882965087891,2e-05,2.4347031945620428,0.06968686729669571,0.05472093028947711,0.054959178902208805,0.07644793763756752
3499,3499,4.094454288482666,4.0939226150512695,2e-05,2.4321786225206754,0.0694639328867197,0.054741020081564784,0.05497773038223386,0.0764741599559784
3500,3500,4.089492321014404,4.090888977050781,2e-05,2.4339175555781516,0.06933122128248215,0.05475099035538733,0.054985580733045936,0.07649686746299267
3501,3501,4.086741924285889,4.087503433227539,2e-05,2.433528284572342,0.06965595483779907,0.05476186331361532,0.05499800341203809,0.07652100548148155
3502,3502,4.087874412536621,4.0952582359313965,2e-05,2.4351253634085306,0.06973548792302608,0.05476530594751239,0.055005419766530395,0.07654316537082195
3503,3503,4.094371795654297,4.100152969360352,2e-05,2.4338921452550983,0.06954124197363853,0.05479296878911555,0.05502774496562779,0.07657128572463989
3504,3504,4.0870561599731445,4.086918830871582,2e-05,2.435996457829103,0.06958903931081295,0.054792313603684306,0.05503309867344797,0.07659291289746761
3505,3505,4.090195655822754,4.089199066162109,2e-05,2.434699717107885,0.06970025040209293,0.05481228744611144,0.05504885455593467,0.0766181219369173
3506,3506,4.081946849822998,4.084853649139404,2e-05,2.436450298428165,0.0695764422416687,0.054818156408146024,0.05505634215660393,0.076640909537673
3507,3507,4.09156608581543,4.080743312835693,2e-05,2.4351149135975296,0.0692904070019722,0.05483345524407923,0.05506929266266525,0.07666558399796486
3508,3508,4.084684371948242,4.09205961227417,2e-05,2.270433091557553,0.06960002705454826,0.05484363716095686,0.05508082243613899,0.0766899585723877
3509,3509,4.088988304138184,4.0898542404174805,2e-05,2.2886120612079077,0.06956416182219982,0.05485409474931657,0.0550899060908705,0.07671301811933517
3510,3510,4.093344211578369,4.093891143798828,2e-05,2.3035934078516727,0.06939654611051083,0.054867600556463,0.055106238229200244,0.07673865929245949
3511,3511,4.083592891693115,4.084853649139404,2e-05,2.317266179895471,0.06981086917221546,0.054886058904230595,0.05512171424925327,0.0767643041908741
3512,3512,4.088754653930664,4.0861029624938965,2e-05,2.330473972579315,0.06988747976720333,0.05489447899162769,0.05513240583240986,0.07678823918104172
3513,3513,4.09227180480957,4.090248107910156,2e-05,2.3403358879714165,0.06983394548296928,0.054904780350625515,0.055140650132671,0.07681111060082912
3514,3514,4.085729598999023,4.083805084228516,2e-05,2.3516523527755298,0.06970139220356941,0.054921871051192284,0.05515391658991575,0.07683544978499413
3515,3515,4.093673229217529,4.092034339904785,2e-05,2.358874298899644,0.06967008672654629,0.05492275254800916,0.05516134644858539,0.07685858942568302
3516,3516,4.086538314819336,4.089680194854736,2e-05,2.3683922178260968,0.0700030978769064,0.05494223930872977,0.055177087895572186,0.07688377052545547
3517,3517,4.0849714279174805,4.0872392654418945,2e-05,2.3740160762911846,0.06951435841619968,0.054950707824900746,0.055190927581861615,0.07690820097923279
3518,3518,4.089497089385986,4.088172912597656,2e-05,2.377883877282673,0.06995109654963017,0.05496735777705908,0.055203051306307316,0.0769329983741045
3519,3519,4.091484069824219,4.08890962600708,2e-05,2.3826969966588467,0.06978311762213707,0.05496970331296325,0.05521069187670946,0.07695520482957363
3520,3520,4.0874834060668945,4.091909408569336,2e-05,2.3949890433877896,0.06987331248819828,0.054991701152175665,0.05522658280096948,0.07698101550340652
3521,3521,4.085301399230957,4.089144706726074,2e-05,2.3966510076618635,0.07009889371693134,0.054998303297907114,0.05523832398466766,0.07700563222169876
3522,3522,4.082564353942871,4.084988594055176,2e-05,2.398407435769762,0.07012051157653332,0.05500834551639855,0.05524764279834926,0.07702820375561714
3523,3523,4.086490154266357,4.089930534362793,2e-05,2.401218882769233,0.06999336741864681,0.05501802871003747,0.055259355809539557,0.07705203257501125
3524,3524,4.087202072143555,4.088615417480469,2e-05,2.4061864596565257,0.06994147598743439,0.055034687742590904,0.05527731915935874,0.07707771472632885
3525,3525,4.087429046630859,4.095248699188232,2e-05,2.4124493711906014,0.06999619118869305,0.05504746409133077,0.05528669431805611,0.07710082270205021
3526,3526,4.083385944366455,4.091578006744385,2e-05,2.4160115023925095,0.06985213048756123,0.05506296711973846,0.055302705615758896,0.07712599635124207
3527,3527,4.088037490844727,4.096715927124023,2e-05,2.417540004546548,0.07006801664829254,0.055074924137443304,0.05531108914874494,0.07714855298399925
3528,3528,4.0866169929504395,4.090116500854492,2e-05,2.4204899190208695,0.07007991150021553,0.055081801023334265,0.0553220605943352,0.07717214711010456
3529,3529,4.082115650177002,4.0911760330200195,2e-05,2.420794390950441,0.06997152417898178,0.05509795341640711,0.055334163596853614,0.07719562761485577
3530,3530,4.087505340576172,4.091427803039551,2e-05,2.4229129577451056,0.06998604536056519,0.055105804931372404,0.05534962983801961,0.07722090929746628
3531,3531,4.091518878936768,4.087405681610107,2e-05,2.424414738544463,0.06982426904141903,0.05511834775097668,0.05535696283914149,0.07724349945783615
3532,3532,4.084670543670654,4.082801342010498,2e-05,2.4257526961926454,0.07002131827175617,0.05512547097168863,0.05536906374618411,0.07726665586233139
3533,3533,4.087535381317139,4.090053558349609,2e-05,2.4272027032902144,0.0703052468597889,0.055148965679109097,0.055387429194524884,0.0772930309176445
3534,3534,4.089543342590332,4.0974931716918945,2e-05,2.4283028042605888,0.06987009383738041,0.05515678343363106,0.05539348744787276,0.07731490954756737
3535,3535,4.088951587677002,4.091580390930176,2e-05,2.429289482959003,0.07034810446202755,0.0551769589073956,0.05541709647513926,0.07734337449073792
3536,3536,4.086014747619629,4.097884178161621,2e-05,2.430308931501389,0.07031813077628613,0.05518639856018126,0.0554249354172498,0.07736562192440033
3537,3537,4.091973304748535,4.089244842529297,2e-05,2.4309602929155,0.07015097513794899,0.05518993944860995,0.05543220671825111,0.07738841697573662
3538,3538,4.083867073059082,4.084997653961182,2e-05,2.4317955826228412,0.06991934776306152,0.055212079314514995,0.05545191536657512,0.07741466164588928
3539,3539,4.091365814208984,4.101485252380371,2e-05,2.433362909303183,0.07000062242150307,0.055219828616827726,0.05546128819696605,0.07743777334690094
3540,3540,4.090110778808594,4.097837448120117,2e-05,2.4329799670159873,0.0700281523168087,0.055236123502254486,0.05547420447692275,0.07746216468513012
3541,3541,4.083935260772705,4.084163188934326,2e-05,2.4351184336436833,0.07010390050709248,0.05525151640176773,0.05549012287519872,0.07748812064528465
3542,3542,4.088091850280762,4.087978363037109,2e-05,2.43410510625755,0.0702011939138174,0.05524757201783359,0.05548836593516171,0.07750742882490158
3543,3543,4.090580940246582,4.0816473960876465,2e-05,2.434487672205663,0.07007670029997826,0.05527193006128073,0.055510104866698384,0.07753475196659565
3544,3544,4.087900161743164,4.08702278137207,2e-05,2.434697303379535,0.07017384469509125,0.055285078939050436,0.055522768991068006,0.07755904830992222
3545,3545,4.088805198669434,4.092342376708984,2e-05,2.4366847837631145,0.07027804106473923,0.05529452837072313,0.055534209590405226,0.07758302427828312
3546,3546,4.089169502258301,4.0952606201171875,2e-05,2.4356853951602986,0.07020360231399536,0.05530766490846872,0.055543084628880024,0.07760631665587425
3547,3547,4.089041709899902,4.093883037567139,2e-05,2.4374738197846533,0.07002353295683861,0.055319081991910934,0.055558472173288465,0.07763155549764633
3548,3548,4.086370468139648,4.087440490722656,2e-05,2.435955228151596,0.07034873776137829,0.055329217575490475,0.05556855583563447,0.07765494287014008
3549,3549,4.086696147918701,4.099151611328125,2e-05,2.4376631229785857,0.07039189338684082,0.05534307402558625,0.05558446329087019,0.07768097706139088
3550,3550,4.083118438720703,4.088329315185547,2e-05,2.4328400054416193,0.07029586657881737,0.05535133369266987,0.05559265986084938,0.07770374417304993
3551,3551,4.081403732299805,4.083207607269287,2e-05,2.434619614015133,0.0703116562217474,0.055364377098158,0.05560487601906061,0.07772842422127724
3552,3552,4.088048934936523,4.085160732269287,2e-05,2.4374389411336903,0.07028938457369804,0.05537596088834107,0.05561522371135652,0.0777522400021553
3553,3553,4.0835466384887695,4.083686828613281,2e-05,2.439297587760256,0.07046636752784252,0.05539139453321695,0.055631649447605014,0.07777789048850536
3554,3554,4.082163333892822,4.087207794189453,2e-05,2.437623564889041,0.07049402594566345,0.05540392664261162,0.055646121967583895,0.07780307717621326
3555,3555,4.083197593688965,4.087398052215576,2e-05,2.439181896552413,0.07049232348799706,0.055409264052286744,0.055653264513239264,0.0778258629143238
3556,3556,4.092654228210449,4.089633464813232,2e-05,2.437792604603714,0.07034173794090748,0.055422293953597546,0.05566292000003159,0.0778494868427515
3557,3557,4.084108829498291,4.0882978439331055,2e-05,2.4393685806124497,0.07052446529269218,0.055440901312977076,0.055679159704595804,0.07787473313510418
3558,3558,4.081605434417725,4.091543674468994,2e-05,2.437768331115357,0.07069127261638641,0.05544275674037635,0.05568496137857437,0.07789726741611958
3559,3559,4.087455749511719,4.0880327224731445,2e-05,2.4393968468202387,0.07047583907842636,0.05546322651207447,0.055701634380966425,0.07792236842215061
3560,3560,4.087386608123779,4.096717834472656,2e-05,2.437837599275345,0.07062280364334583,0.05547454673796892,0.05571418744511902,0.07794656418263912
3561,3561,4.08756685256958,4.090230941772461,2e-05,2.434349890975996,0.07079692929983139,0.05548866093158722,0.05572835681959987,0.07797167636454105
3562,3562,4.0875244140625,4.089704513549805,2e-05,2.4361337291587133,0.07054820470511913,0.05549697414971888,0.055735671892762184,0.07799400202929974
3563,3563,4.083770275115967,4.090578079223633,2e-05,2.4351201742628565,0.07071386091411114,0.055515049723908305,0.05575560964643955,0.07802071794867516
3564,3564,4.084325790405273,4.093553066253662,2e-05,2.4389172634159615,0.07064948789775372,0.05552753247320652,0.055767809972167015,0.07804522849619389
3565,3565,4.084905624389648,4.090970993041992,2e-05,2.4390439780620587,0.07078320160508156,0.05551714776083827,0.05576241062954068,0.07806379720568657
3566,3566,4.083307266235352,4.095250129699707,2e-05,2.4393410089942567,0.07099548354744911,0.05554386414587498,0.05578756099566817,0.07809216156601906
3567,3567,4.085403919219971,4.091667652130127,2e-05,2.4391317745833434,0.07076087966561317,0.055552096106112,0.055794724030420184,0.07811479642987251
3568,3568,4.082592487335205,4.091826915740967,2e-05,2.4390594434797284,0.07072161138057709,0.05556300864554942,0.055802234914153814,0.07813766039907932
3569,3569,4.08662223815918,4.08530330657959,2e-05,2.435067358977364,0.07082685083150864,0.055582592729479074,0.055823253467679024,0.07816442474722862
3570,3570,4.0851240158081055,4.1002116203308105,2e-05,2.434108091145872,0.07070356607437134,0.05559951369650662,0.05583807756192982,0.07818933017551899
3571,3571,4.086452007293701,4.083456039428711,2e-05,2.432835175351067,0.07094682194292545,0.05560376890935004,0.055843358393758535,0.07821134477853775
3572,3572,4.084517478942871,4.094339370727539,2e-05,2.4307292185346725,0.07071901671588421,0.05561548378318548,0.05585589655674994,0.0782354511320591
3573,3573,4.08804988861084,4.087357044219971,2e-05,2.430508047882743,0.07079331018030643,0.055620944825932384,0.055865063332021236,0.07825823314487934
3574,3574,4.08552360534668,4.085289001464844,2e-05,2.4349841967237698,0.07100856862962246,0.05564072448760271,0.055882583605125546,0.078284852206707
3575,3575,4.087285995483398,4.086010932922363,2e-05,2.4350147519844487,0.07072153873741627,0.05565149034373462,0.05589090334251523,0.0783077273517847
3576,3576,4.090311527252197,4.088547706604004,2e-05,2.435867119493452,0.07066296599805355,0.05565766477957368,0.05590294790454209,0.07833197340369225
3577,3577,4.0873122215271,4.088043689727783,2e-05,2.4360479008623055,0.07090778648853302,0.0556709214579314,0.055911236675456166,0.07835440337657928
3578,3578,4.084343910217285,4.0887131690979,2e-05,2.436359061763773,0.07099639624357224,0.05568932113237679,0.055928296875208616,0.07838067226111889
3579,3579,4.093393325805664,4.082496166229248,2e-05,2.433105409698332,0.07078864611685276,0.05570177850313485,0.05594250746071339,0.07840533927083015
3580,3580,4.083156108856201,4.098130226135254,2e-05,2.437221635345672,0.07110202871263027,0.055709338979795575,0.055951899383217096,0.0784287378191948
3581,3581,4.083996295928955,4.083484172821045,2e-05,2.4374120079481707,0.07098493352532387,0.05572049249894917,0.05596168292686343,0.07845236547291279
3582,3582,4.087892532348633,4.08961296081543,2e-05,2.437513359917909,0.07069124281406403,0.055733078392222524,0.05597570794634521,0.07847736030817032
3583,3583,4.081945896148682,4.081426620483398,2e-05,2.4376711453081663,0.07088236324489117,0.055742315482348204,0.05597872054204345,0.07849929668009281
3584,3584,4.082084655761719,4.090607643127441,2e-05,2.437819981765048,0.07104617543518543,0.05575951328501105,0.05600101430900395,0.07852639444172382
3585,3585,4.085426330566406,4.093928813934326,2e-05,2.437982964667652,0.07088670134544373,0.055768639780581,0.05600749631412327,0.07854912243783474
3586,3586,4.084123611450195,4.086585521697998,2e-05,2.437955572309609,0.07083247788250446,0.05578220752067864,0.05602292576804757,0.07857483439147472
3587,3587,4.093324184417725,4.083953380584717,2e-05,2.438163077075922,0.07112220861017704,0.05578332161530852,0.05603147391229868,0.07859823293983936
3588,3588,4.084021091461182,4.084079742431641,2e-05,2.438197854540324,0.07104245945811272,0.05579429981298745,0.056042270036414266,0.07862233743071556
3589,3589,4.086997032165527,4.0914082527160645,2e-05,2.438314511185931,0.0712268315255642,0.05581328249536455,0.056055595399811864,0.07864726707339287
3590,3590,4.082714080810547,4.090236663818359,2e-05,2.4384246254829223,0.07124056667089462,0.05581970605999231,0.056062815710902214,0.07867000810801983
3591,3591,4.0901079177856445,4.0957350730896,2e-05,2.44073992195349,0.07123206928372383,0.05584080773405731,0.05608102795667946,0.07869577407836914
3592,3592,4.08469295501709,4.083338737487793,2e-05,2.4386104732346277,0.07101292349398136,0.05585180874913931,0.05609226739034057,0.07871968857944012
3593,3593,4.093117713928223,4.09536600112915,2e-05,2.439768230802465,0.07103221863508224,0.05586754437536001,0.05610939837060869,0.07874630764126778
3594,3594,4.085005760192871,4.0912628173828125,2e-05,2.4380825187727337,0.07117686420679092,0.055872605415061116,0.056114630308002234,0.07876783981919289
3595,3595,4.081653594970703,4.090844631195068,2e-05,2.435565395242897,0.07130223326385021,0.05587884574197233,0.05612775939516723,0.07879344187676907
3596,3596,4.085372447967529,4.090537071228027,2e-05,2.4347878476738805,0.07145338132977486,0.055881684413179755,0.05613010027445853,0.07881462760269642
3597,3597,4.085422515869141,4.088054656982422,2e-05,2.432318139470515,0.07136717811226845,0.05591284926049411,0.05615417123772204,0.07884209044277668
3598,3598,4.086660385131836,4.082550048828125,2e-05,2.4323500720582043,0.07103106193244457,0.05591840390115976,0.05616219202056527,0.07886523567140102
3599,3599,4.086687088012695,4.0875444412231445,2e-05,2.43283140776386,0.07118605822324753,0.05593049619346857,0.05617563473060727,0.07889051362872124
3600,3600,4.081883430480957,4.092723846435547,2e-05,2.4349121420562834,0.07143089734017849,0.05594593961723149,0.05618862365372479,0.07891449704766273
3601,3601,4.089720726013184,4.081672191619873,2e-05,2.4340866375964354,0.07137684337794781,0.055957243079319596,0.05620171083137393,0.07893918268382549
3602,3602,4.086721420288086,4.0883893966674805,2e-05,2.434472756151969,0.07143574021756649,0.055961354402825236,0.05620724451728165,0.07896225340664387
3603,3603,4.082578659057617,4.086359977722168,2e-05,2.4350012068924856,0.07137037999927998,0.055977134965360165,0.05622086301445961,0.07898610457777977
3604,3604,4.08229923248291,4.091019630432129,2e-05,2.4355554190420556,0.07161176204681396,0.05599124822765589,0.05623380374163389,0.0790112242102623
3605,3605,4.084753513336182,4.078579425811768,2e-05,2.435596952538586,0.07145372778177261,0.0560019442345947,0.05624184664338827,0.0790344588458538
3606,3606,4.088088035583496,4.089190483093262,2e-05,2.262314213936698,0.07123587466776371,0.056014587404206395,0.056256822776049376,0.07905899360775948
3607,3607,4.090439796447754,4.091230392456055,2e-05,2.2799902065834226,0.07128959707915783,0.056024529272690415,0.05626949667930603,0.07908376306295395
3608,3608,4.085075855255127,4.090419769287109,2e-05,2.297151352128998,0.07138461247086525,0.05603477940894663,0.05627933982759714,0.07910714857280254
3609,3609,4.08488655090332,4.086896896362305,2e-05,2.309868931922198,0.07154015079140663,0.05604164861142635,0.056288202526047826,0.0791306309401989
3610,3610,4.090877532958984,4.094665050506592,2e-05,2.3244343865643753,0.07137037441134453,0.05606373236514628,0.05630835075862706,0.07915797457098961
3611,3611,4.084045886993408,4.08819580078125,2e-05,2.3349053408193843,0.07159044407308102,0.0560711738653481,0.056317003443837166,0.07918109931051731
3612,3612,4.096011161804199,4.086878776550293,2e-05,2.3464766923126548,0.07161719724535942,0.05608395719900727,0.056330550694838166,0.07920596934854984
3613,3613,4.084559440612793,4.089341163635254,2e-05,2.3540039402865567,0.071469621732831,0.05609891330823302,0.0563422532286495,0.07923067361116409
3614,3614,4.084881782531738,4.0898284912109375,2e-05,2.364218205601201,0.07165741175413132,0.05611351109109819,0.056357746943831444,0.07925642095506191
3615,3615,4.088568687438965,4.08109188079834,2e-05,2.3705601538340795,0.07177349738776684,0.05612217076122761,0.05636536609381437,0.07927936315536499
3616,3616,4.083465099334717,4.085012435913086,2e-05,2.3782252395743697,0.07190654054284096,0.05613573850132525,0.056380154797807336,0.07930555567145348
3617,3617,4.08903169631958,4.086419582366943,2e-05,2.382990710704492,0.07181623205542564,0.056142927845939994,0.05638815532438457,0.0793286319822073
3618,3618,4.082489013671875,4.0866241455078125,2e-05,2.3899812426188,0.07170674949884415,0.05614833487197757,0.05639205244369805,0.07935072295367718
3619,3619,4.0800323486328125,4.089395523071289,2e-05,2.389424338486367,0.071739312261343,0.05616202321834862,0.05640832637436688,0.0793762169778347
3620,3620,4.082113265991211,4.078721046447754,2e-05,2.3981584107499434,0.07186694256961346,0.05618611886166036,0.056430557975545526,0.07940459810197353
3621,3621,4.083951950073242,4.084568023681641,2e-05,2.4027015532465796,0.07200056128203869,0.05618879501707852,0.05643412354402244,0.07942632026970387
3622,3622,4.08164644241333,4.083709716796875,2e-05,2.4063388119623155,0.07169026136398315,0.05620401748456061,0.056451836600899696,0.07945212163031101
3623,3623,4.085711479187012,4.084252834320068,2e-05,2.4095184778111367,0.07180463336408138,0.05621295655146241,0.05645973142236471,0.07947561517357826
3624,3624,4.085481643676758,4.090150833129883,2e-05,2.412269336458216,0.07164599746465683,0.0562267554923892,0.05646913475356996,0.07949882559478283
3625,3625,4.088951110839844,4.089225769042969,2e-05,2.4150010475021753,0.07193340361118317,0.05624315608292818,0.05648621078580618,0.07952486909925938
3626,3626,4.083242416381836,4.084352493286133,2e-05,2.4171627488846723,0.07179122231900692,0.05625105067156255,0.05649850098416209,0.07954954914748669
3627,3627,4.082625865936279,4.082357883453369,2e-05,2.4209002265754473,0.07186996564269066,0.0562629250343889,0.05650745006278157,0.07957249134778976
3628,3628,4.081792831420898,4.083512306213379,2e-05,2.421420156797293,0.07189339399337769,0.056281244149431586,0.0565258776769042,0.07959878258407116
3629,3629,4.0858330726623535,4.088226795196533,2e-05,2.4229024673709927,0.0718318372964859,0.0562884546816349,0.056531997164711356,0.07962101697921753
3630,3630,4.08483362197876,4.090328216552734,2e-05,2.4246323705179678,0.07195793464779854,0.05630143778398633,0.056545283645391464,0.07964535430073738
3631,3631,4.088329792022705,4.085819244384766,2e-05,2.426138026868471,0.07189630717039108,0.056314844405278563,0.05655636033043265,0.07966929115355015
3632,3632,4.083849906921387,4.081234931945801,2e-05,2.427082137160407,0.07192156463861465,0.05632762145251036,0.05657150782644749,0.07969435676932335
3633,3633,4.086141586303711,4.089648246765137,2e-05,2.4284727084443785,0.0719485729932785,0.05633445340208709,0.056579576805233955,0.07971754111349583
3634,3634,4.084146499633789,4.0841264724731445,2e-05,2.429498709826067,0.07180112414062023,0.05634514940902591,0.05658888188190758,0.0797404944896698
3635,3635,4.0808610916137695,4.091617584228516,2e-05,2.4318902548182018,0.07212192006409168,0.05636193184182048,0.056606319500133395,0.07976686395704746
3636,3636,4.082043170928955,4.086764335632324,2e-05,2.4309586495377045,0.07208173535764217,0.05637635197490454,0.056619465351104736,0.07979137636721134
3637,3637,4.08570671081543,4.078083038330078,2e-05,2.433567505291316,0.07192576117813587,0.056380243273451924,0.05662629543803632,0.07981357909739017
3638,3638,4.08363676071167,4.090975284576416,2e-05,2.267461576197257,0.07204476557672024,0.05638532480224967,0.05663238908164203,0.07983635552227497
3639,3639,4.080770015716553,4.088863372802734,2e-05,2.285670491846728,0.07208559475839138,0.05640189698897302,0.05664990097284317,0.07986203581094742
3640,3640,4.079413414001465,4.084352970123291,2e-05,2.300663058092996,0.07229806110262871,0.056408512173220515,0.05665420042350888,0.07988355495035648
3641,3641,4.082681655883789,4.083202362060547,2e-05,2.314434185890391,0.07219362817704678,0.05642584804445505,0.05667237285524607,0.07991004921495914
3642,3642,4.082293510437012,4.086385250091553,2e-05,2.326817963237118,0.07235073670744896,0.05643662647344172,0.0566817803774029,0.07993322238326073
3643,3643,4.087991714477539,4.0812506675720215,2e-05,2.3378712624813742,0.07235138304531574,0.056457254802808166,0.05670192139223218,0.07995987311005592
3644,3644,4.093282699584961,4.086596488952637,2e-05,2.3481521449356264,0.07203726656734943,0.05646067252382636,0.05670223943889141,0.07997959665954113
3645,3645,4.077775478363037,4.090519905090332,2e-05,2.3572870351958106,0.07203365117311478,0.05647497018799186,0.05672054132446647,0.08000601455569267
3646,3646,4.082261085510254,4.08950138092041,2e-05,2.365208211141977,0.0721732247620821,0.05648438702337444,0.056728633120656013,0.08002850599586964
3647,3647,4.088712692260742,4.089071273803711,2e-05,2.372745141688808,0.07217267155647278,0.0564900734461844,0.056739109102636576,0.08005202002823353
3648,3648,4.084450721740723,4.086555480957031,2e-05,2.37951299523527,0.07226569950580597,0.05650721280835569,0.056750857969745994,0.08007658086717129
3649,3649,4.088379859924316,4.087716102600098,2e-05,2.386083585272421,0.07216457650065422,0.056515748146921396,0.05676152417436242,0.08009982854127884
3650,3650,4.08231258392334,4.091930389404297,2e-05,2.392100116259337,0.07213603146374226,0.056532868184149265,0.05677985050715506,0.0801256000995636
3651,3651,4.081076622009277,4.0865559577941895,2e-05,2.395579476550692,0.0726258959621191,0.05654030106961727,0.05678767245262861,0.08014883100986481
3652,3652,4.083132743835449,4.086114883422852,2e-05,2.3928985250845614,0.07229648157954216,0.05655677616596222,0.0568015961907804,0.08017315901815891
3653,3653,4.0824408531188965,4.094242572784424,2e-05,2.3970763896355507,0.07224832661449909,0.05656595155596733,0.056812976486980915,0.080196812748909
3654,3654,4.091022491455078,4.095437049865723,2e-05,2.4013120239073857,0.07245092652738094,0.05657961079850793,0.05682658473961055,0.08022213168442249
3655,3655,4.087428092956543,4.0992584228515625,2e-05,2.405093357653713,0.07214761152863503,0.05658315517939627,0.05683213169686496,0.08024373278021812
3656,3656,4.079853057861328,4.077526092529297,2e-05,2.408479485206392,0.07254566252231598,0.05660521890968084,0.056846612598747015,0.08026900701224804
3657,3657,4.083651542663574,4.083192825317383,2e-05,2.246434998859399,0.0723809115588665,0.05660849390551448,0.0568536096252501,0.08029167540371418
3658,3658,4.083422660827637,4.088665008544922,2e-05,2.268664310677877,0.07224061526358128,0.056621326599270105,0.05687044910155237,0.08031766675412655
3659,3659,4.093444347381592,4.085444927215576,2e-05,2.284218787965025,0.07248315401375294,0.0566319590434432,0.05687533039599657,0.08033952862024307
3660,3660,4.081006050109863,4.084505081176758,2e-05,2.3012593072861987,0.07238580472767353,0.05663955258205533,0.0568863395601511,0.08036349713802338
3661,3661,4.082944869995117,4.086558818817139,2e-05,2.313490211724103,0.07254868000745773,0.05666029662825167,0.056906577898189425,0.08039034530520439
3662,3662,4.087489604949951,4.092974662780762,2e-05,2.326217747447158,0.0725919920951128,0.05666701286099851,0.05691741150803864,0.08041476830840111
3663,3663,4.083380222320557,4.0842604637146,2e-05,2.337199860244803,0.07256993278861046,0.05668810289353132,0.056936024222522974,0.08044114150106907
3664,3664,4.087867736816406,4.086447238922119,2e-05,2.3476282595844435,0.07241515070199966,0.05669100419618189,0.0569411413744092,0.08046293817460537
3665,3665,4.082791805267334,4.097347259521484,2e-05,2.3565204243774778,0.07256612740457058,0.05670140031725168,0.05694826995022595,0.08048645779490471
3666,3666,4.083060264587402,4.082912445068359,2e-05,2.364963746967833,0.07268057949841022,0.05671890592202544,0.05696301022544503,0.08051194250583649
3667,3667,4.084031105041504,4.083494186401367,2e-05,2.3721036226898544,0.07271503657102585,0.05672989599406719,0.05697832861915231,0.08053720183670521
3668,3668,4.078014850616455,4.090127468109131,2e-05,2.3790057262669007,0.07263238914310932,0.0567344119772315,0.0569846061989665,0.08056038990616798
3669,3669,4.078001022338867,4.086615562438965,2e-05,2.3847056350641345,0.07254909351468086,0.05674482509493828,0.05699210800230503,0.08058287762105465
3670,3670,4.082607269287109,4.0823211669921875,2e-05,2.391253876449021,0.07266279682517052,0.056762509513646364,0.0570084941573441,0.08060945570468903
3671,3671,4.078609466552734,4.08372688293457,2e-05,2.3950022455732483,0.07270634919404984,0.05677235662005842,0.05702220764942467,0.08063462190330029
3672,3672,4.086818218231201,4.0889997482299805,2e-05,2.399315568060976,0.07254228554666042,0.056785569759085774,0.05703530856408179,0.08065928891301155
3673,3673,4.087578773498535,4.092705726623535,2e-05,2.4034947669112934,0.07273879647254944,0.05679378681816161,0.05704134842380881,0.08068207278847694
3674,3674,4.083520889282227,4.086311340332031,2e-05,2.4070356321585598,0.07282406091690063,0.05681520258076489,0.05705937999300659,0.0807085633277893
3675,3675,4.087471961975098,4.081639289855957,2e-05,2.409907007514129,0.07291894592344761,0.056825647596269846,0.057070588460192084,0.08073263429105282
3676,3676,4.087824821472168,4.090087413787842,2e-05,2.413068113584633,0.07287685759365559,0.05683193635195494,0.05708080483600497,0.08075704053044319
3677,3677,4.07729959487915,4.087382793426514,2e-05,2.4157524041265734,0.07304192520678043,0.056847024941816926,0.05709391529671848,0.08078177273273468
3678,3678,4.077497482299805,4.084112167358398,2e-05,2.41792078417068,0.0726966094225645,0.05685848370194435,0.05710819526575506,0.08080706931650639
3679,3679,4.077626705169678,4.081838130950928,2e-05,2.4214286695855325,0.07271544076502323,0.056863612262532115,0.05711175058968365,0.08082898147404194
3680,3680,4.083308219909668,4.08628511428833,2e-05,2.421507857519103,0.07286540232598782,0.056879652198404074,0.057124544866383076,0.08085329830646515
3681,3681,4.079524517059326,4.082583427429199,2e-05,2.4258718386007994,0.0727153941988945,0.05688717868179083,0.05713743413798511,0.08087845891714096
3682,3682,4.083691596984863,4.0915069580078125,2e-05,2.4246861128221973,0.07277649082243443,0.05690573435276747,0.057152716210111976,0.08090453408658504
3683,3683,4.083991527557373,4.081944942474365,2e-05,2.4276055679244553,0.07289340905845165,0.05690930341370404,0.057159423595294356,0.08092707023024559
3684,3684,4.086674690246582,4.0959882736206055,2e-05,2.42735027794759,0.07285096868872643,0.056920141680166125,0.05717023368924856,0.08095167763531208
3685,3685,4.089616775512695,4.082645416259766,2e-05,2.4259047076132156,0.07298310846090317,0.056937891291454434,0.057183739729225636,0.0809769444167614
3686,3686,4.08514928817749,4.087577819824219,2e-05,2.4299686048786,0.07311031222343445,0.05694444663822651,0.057191136525943875,0.08100029267370701
3687,3687,4.09257698059082,4.081981658935547,2e-05,2.4318837745187096,0.07287450321018696,0.05696210777387023,0.05721384449861944,0.08102761209011078
3688,3688,4.077713966369629,4.083456993103027,2e-05,2.431281703258117,0.07290994003415108,0.056973103201016784,0.057221910916268826,0.0810510590672493
3689,3689,4.087215423583984,4.084497928619385,2e-05,2.4336626274837063,0.07268685661256313,0.05698107788339257,0.05723054660484195,0.08107408136129379
3690,3690,4.085559844970703,4.088210582733154,2e-05,2.4330432211424964,0.07313158176839352,0.05699306819587946,0.057242376962676644,0.0810988899320364
3691,3691,4.083688735961914,4.083301544189453,2e-05,2.4347628728018504,0.07322893477976322,0.05700551485642791,0.05725268856622279,0.08112306147813797
3692,3692,4.080554485321045,4.089067459106445,2e-05,2.4339083634739596,0.07288852706551552,0.057013974292203784,0.057261533569544554,0.08114593662321568
3693,3693,4.07743501663208,4.085544586181641,2e-05,2.4342526226945314,0.0731815230101347,0.05703012156300247,0.057280329056084156,0.08117254450917244
3694,3694,4.083405494689941,4.083315372467041,2e-05,2.4344431701321096,0.07327904552221298,0.05704352119937539,0.057293059304356575,0.08119775354862213
3695,3695,4.081036567687988,4.0913987159729,2e-05,2.4348516448440365,0.07304943725466728,0.05705659440718591,0.057305768597871065,0.08122185431420803
3696,3696,4.084677696228027,4.089626789093018,2e-05,2.435328541191245,0.07296419329941273,0.05706588621251285,0.05731410812586546,0.08124492689967155
3697,3697,4.079673767089844,4.085203647613525,2e-05,2.4300005508078355,0.07298330776393414,0.057083123130723834,0.057330784387886524,0.08127087540924549
3698,3698,4.086452484130859,4.088407039642334,2e-05,2.4312549908930223,0.07313733547925949,0.057089555310085416,0.05733655812218785,0.08129407279193401
3699,3699,4.088132858276367,4.085487365722656,2e-05,2.4305942592323198,0.07316740602254868,0.05709473229944706,0.05734576168470085,0.08131769485771656
3700,3700,4.07967472076416,4.087907791137695,2e-05,2.4326708531088435,0.07319086231291294,0.057114640017971396,0.057363225845620036,0.08134428411722183
3701,3701,4.079258918762207,4.079256057739258,2e-05,2.432519849280451,0.07315651699900627,0.057121511083096266,0.05737277679145336,0.08136805519461632
3702,3702,4.088131904602051,4.092105388641357,2e-05,2.433939132160799,0.07307187654078007,0.05713643995113671,0.057385231368243694,0.08139302022755146
3703,3703,4.087170600891113,4.08607292175293,2e-05,2.432932400346386,0.07301502488553524,0.057143183425068855,0.05739503260701895,0.0814170315861702
3704,3704,4.08243989944458,4.087609767913818,2e-05,2.4349253098752763,0.07329842261970043,0.057158200070261955,0.05740859545767307,0.08144259452819824
3705,3705,4.077296733856201,4.089051246643066,2e-05,2.433954924441232,0.07343544624745846,0.05716421571560204,0.05741460341960192,0.08146530948579311
3706,3706,4.080115795135498,4.081499099731445,2e-05,2.4358248630751604,0.07322525046765804,0.05717457225546241,0.05742982309311628,0.0814907606691122
3707,3707,4.088601112365723,4.085097312927246,2e-05,2.4349182268790543,0.07322774827480316,0.05719188856892288,0.05744333006441593,0.08151650428771973
3708,3708,4.086027145385742,4.082675933837891,2e-05,2.4366814773389214,0.07331939972937107,0.057204449782148004,0.057455377420410514,0.08154111728072166
3709,3709,4.088160991668701,4.087738037109375,2e-05,2.43529264779245,0.07307547889649868,0.05721615022048354,0.05746739450842142,0.08156570047140121
3710,3710,4.080063343048096,4.0789289474487305,2e-05,2.43595112093252,0.07320191152393818,0.057227260898798704,0.05747652682475746,0.08159003593027592
3711,3711,4.081311225891113,4.083700180053711,2e-05,2.4360024809003304,0.07352224737405777,0.05723854643292725,0.05748744052834809,0.08161444589495659
3712,3712,4.09047794342041,4.094048500061035,2e-05,2.436116871077907,0.07334869168698788,0.05724360328167677,0.05749631091021001,0.08163834363222122
3713,3713,4.080077171325684,4.089293479919434,2e-05,2.4365184984122727,0.0736656691879034,0.05726402718573809,0.057515045162290335,0.08166600577533245
3714,3714,4.085480690002441,4.0877604484558105,2e-05,2.4339057347738877,0.07331176288425922,0.057268865406513214,0.057520484551787376,0.0816878154873848
3715,3715,4.079066753387451,4.088349342346191,2e-05,2.4372306545763744,0.07349277846515179,0.05728726554661989,0.0575313838198781,0.08171243779361248
3716,3716,4.083099365234375,4.086518287658691,2e-05,2.4374594018118585,0.073043093085289,0.05729349749162793,0.05754173407331109,0.08173590525984764
3717,3717,4.081712245941162,4.089069843292236,2e-05,2.4372407345398903,0.07361902669072151,0.05729898391291499,0.05755396536551416,0.08176138438284397
3718,3718,4.083920478820801,4.082326889038086,2e-05,2.437593217981367,0.07337040454149246,0.057313928846269846,0.05757174361497164,0.08178720809519291
3719,3719,4.085979461669922,4.087864398956299,2e-05,2.4376747425379492,0.07352809980511665,0.05732475919649005,0.057577429339289665,0.0818097572773695
3720,3720,4.076953411102295,4.084412574768066,2e-05,2.437823219271853,0.07338511012494564,0.05734574282541871,0.057595224818214774,0.08183601684868336
3721,3721,4.080504417419434,4.084408760070801,2e-05,2.438179018910744,0.07357441447675228,0.05735270120203495,0.05760939954780042,0.08186141215264797
3722,3722,4.081442832946777,4.084329605102539,2e-05,2.438068936950264,0.07362806610763073,0.057365865679457784,0.05761388223618269,0.08188340440392494
3723,3723,4.078949451446533,4.081142902374268,2e-05,2.4383471489425808,0.07379713654518127,0.05737245362251997,0.05762595497071743,0.08190830610692501
3724,3724,4.079530715942383,4.084694862365723,2e-05,2.438257759554406,0.07368502952158451,0.05738972523249686,0.05763910501264036,0.08193308301270008
3725,3725,4.077670097351074,4.086594581604004,2e-05,2.439901298585909,0.07354818470776081,0.05740709463134408,0.057659691432490945,0.0819607749581337
3726,3726,4.08631706237793,4.085421562194824,2e-05,2.4383101534950833,0.07359372265636921,0.05741799948737025,0.05766584607772529,0.08198345825076103
3727,3727,4.083626747131348,4.088159561157227,2e-05,2.4396996911766435,0.07380247861146927,0.057423466350883245,0.05767602240666747,0.08200791291892529
3728,3728,4.090188026428223,4.075967311859131,2e-05,2.438740680328243,0.07378527335822582,0.05742835719138384,0.057685285340994596,0.08203139714896679
3729,3729,4.086199760437012,4.093241214752197,2e-05,2.271438555982095,0.07382071390748024,0.05744660086929798,0.057694554794579744,0.08205537125468254
3730,3730,4.0887651443481445,4.084907531738281,2e-05,2.2908844832110793,0.07388891279697418,0.05746137141250074,0.05771173443645239,0.0820811465382576
3731,3731,4.076892375946045,4.081234931945801,2e-05,2.300814626218037,0.07357685081660748,0.05746292043477297,0.057719971518963575,0.08210483752191067
3732,3732,4.085824966430664,4.0792107582092285,2e-05,2.319726448354786,0.07385159097611904,0.05748298717662692,0.057731609558686614,0.08212923817336559
3733,3733,4.085007190704346,4.089572906494141,2e-05,2.330409373746867,0.07412822544574738,0.05748794670216739,0.05774103966541588,0.0821529421955347
3734,3734,4.081324100494385,4.083390712738037,2e-05,2.338592747282658,0.07389562949538231,0.057510564336553216,0.05776014062575996,0.08217970840632915
3735,3735,4.083560943603516,4.075449466705322,2e-05,2.3475293813737794,0.07389729842543602,0.05751971574500203,0.05777121498249471,0.08220350183546543
3736,3736,4.077136039733887,4.085300445556641,2e-05,2.1928077931766765,0.07375677675008774,0.05752974911592901,0.0577810681425035,0.0822270642966032
3737,3737,4.079357624053955,4.084750175476074,2e-05,2.2183650451583476,0.0738234594464302,0.057532443664968014,0.057790174847468734,0.08225075341761112
3738,3738,4.077126502990723,4.0808000564575195,2e-05,2.240649557796076,0.07381901703774929,0.057546118507161736,0.05779849993996322,0.0822745356708765
3739,3739,4.081115245819092,4.084700584411621,2e-05,2.256572819427873,0.0738710705190897,0.05755623569712043,0.05781052657403052,0.08229904808104038
3740,3740,4.093425750732422,4.088566303253174,2e-05,2.2785374799962193,0.07401903346180916,0.05757411755621433,0.057825163239613175,0.0823245570063591
3741,3741,4.094712734222412,4.082847595214844,2e-05,2.2946372526530094,0.07415743917226791,0.05758751812390983,0.057835578452795744,0.08234877325594425
3742,3742,4.087005138397217,4.080578327178955,2e-05,2.3101733815762073,0.07396815717220306,0.05759285972453654,0.05784659762866795,0.08237302489578724
3743,3743,4.07995080947876,4.084172248840332,2e-05,2.322070436330033,0.07381750829517841,0.057606281246989965,0.05786034371703863,0.08239809423685074
3744,3744,4.083555221557617,4.083891868591309,2e-05,2.3330354639534012,0.07413895800709724,0.05761686316691339,0.05786749697290361,0.08242123760282993
3745,3745,4.073221206665039,4.086128234863281,2e-05,2.3449714554506778,0.07403019815683365,0.05763253616169095,0.05788157205097377,0.08244662918150425
3746,3746,4.081871509552002,4.085264205932617,2e-05,2.3535191689544543,0.07420725002884865,0.05764664150774479,0.0578985761385411,0.08247247524559498
3747,3747,4.078751564025879,4.087357044219971,2e-05,2.3620900330348347,0.07439705915749073,0.05765333236195147,0.057903491193428636,0.08249524235725403
3748,3748,4.085371494293213,4.092179298400879,2e-05,2.3698055182639743,0.07400280609726906,0.05766299506649375,0.05791586032137275,0.08251994289457798
3749,3749,4.076726913452148,4.080608367919922,2e-05,2.376461216856382,0.07403970696032047,0.057668783236294985,0.057923597283661366,0.08254319056868553
3750,3750,4.079042911529541,4.078974723815918,2e-05,2.383809781494503,0.07412191852927208,0.05768359382636845,0.05793389421887696,0.08256726898252964
3751,3751,4.086400985717773,4.089424133300781,2e-05,2.3883923164079106,0.07437622733414173,0.057696301490068436,0.05795277329161763,0.0825941264629364
3752,3752,4.088522911071777,4.082944869995117,2e-05,2.3947701863209754,0.0740833580493927,0.05771265085786581,0.05796136544086039,0.0826177392154932
3753,3753,4.081091403961182,4.082221984863281,2e-05,2.3976854075352567,0.07418005540966988,0.057720805518329144,0.05797408171929419,0.0826424602419138
3754,3754,4.083367824554443,4.082957744598389,2e-05,2.4033222155981484,0.07419267483055592,0.05773503892123699,0.05798708158545196,0.08266746252775192
3755,3755,4.0842742919921875,4.0786261558532715,2e-05,2.406046720594718,0.07427343912422657,0.05775192193686962,0.05800468451343477,0.08269376493990421
3756,3756,4.08406925201416,4.080989837646484,2e-05,2.4102216007825006,0.07434418611228466,0.0577512935269624,0.058002984151244164,0.08271431177854538
3757,3757,4.083237648010254,4.0858259201049805,2e-05,2.4121934521299293,0.0742717869579792,0.05777036864310503,0.058020256692543626,0.08274056017398834
3758,3758,4.081732749938965,4.079779148101807,2e-05,2.4157828951979163,0.07441258244216442,0.05777479778043926,0.05802947818301618,0.08276396058499813
3759,3759,4.079024314880371,4.079586982727051,2e-05,2.416647441586313,0.07427587173879147,0.0577918840572238,0.05804599751718342,0.0827894676476717
3760,3760,4.080862045288086,4.091543197631836,2e-05,2.4160818253339436,0.07451729476451874,0.05781087395735085,0.05806340486742556,0.08281636238098145
3761,3761,4.07562255859375,4.086235046386719,2e-05,2.4169586582316067,0.07419863902032375,0.05780600127764046,0.05806392594240606,0.08283631131052971
3762,3762,4.078202724456787,4.084426403045654,2e-05,2.417358626870098,0.07433897256851196,0.05782646592706442,0.0580800143070519,0.0828620158135891
3763,3763,4.078698635101318,4.079804420471191,2e-05,2.4181719206048697,0.0741400383412838,0.05783820757642388,0.05809484701603651,0.08288811892271042
3764,3764,4.075169563293457,4.089624881744385,2e-05,2.420277509520208,0.07421599328517914,0.057844667229801416,0.05809848988428712,0.08290941081941128
3765,3765,4.087374687194824,4.083205223083496,2e-05,2.4233323282531973,0.07448182255029678,0.05785264982841909,0.05810883059166372,0.08293377235531807
3766,3766,4.082386016845703,4.083156585693359,2e-05,2.4237594815551833,0.07454122044146061,0.05787131795659661,0.058126348769292235,0.08295986615121365
3767,3767,4.079221248626709,4.088149547576904,2e-05,2.426783697230897,0.07427481561899185,0.05788770806975663,0.05814182129688561,0.08298521675169468
3768,3768,4.080652713775635,4.090470314025879,2e-05,2.422830795186601,0.07445359602570534,0.05788951669819653,0.05814366368576884,0.08300651051104069
3769,3769,4.0811767578125,4.084753036499023,2e-05,2.4297279644050085,0.07455343380570412,0.05790184857323766,0.05815377505496144,0.0830307137221098
3770,3770,4.083356857299805,4.080984592437744,2e-05,2.4290884057564965,0.07452834397554398,0.05791980028152466,0.058175171026960015,0.08305796608328819
3771,3771,4.08825159072876,4.0863237380981445,2e-05,2.431797687201914,0.0745692066848278,0.05791802820749581,0.05817681993357837,0.08307847380638123
3772,3772,4.081923961639404,4.0797600746154785,2e-05,2.4310169032494873,0.07470746710896492,0.057939411606639624,0.05819402611814439,0.08310486935079098
3773,3773,4.075770378112793,4.083523750305176,2e-05,2.429057722889428,0.07442006468772888,0.05795295163989067,0.05820848606526852,0.0831297729164362
3774,3774,4.081989288330078,4.084138870239258,2e-05,2.432602205312065,0.07449796050786972,0.05795224406756461,0.05821007303893566,0.08315094374120235
3775,3775,4.0749664306640625,4.0762739181518555,2e-05,2.434476280019466,0.07456252165138721,0.057977152056992054,0.058231036411598325,0.08317879028618336
3776,3776,4.081518650054932,4.082053184509277,2e-05,2.4341294680361383,0.07462817430496216,0.05798669345676899,0.05824115872383118,0.0832018330693245
3777,3777,4.081455230712891,4.079029083251953,2e-05,2.4316222884349847,0.07464363984763622,0.05799553543329239,0.05824934085831046,0.08322527073323727
3778,3778,4.075336933135986,4.08712100982666,2e-05,2.4311375998462283,0.07479562610387802,0.058003104757517576,0.0582621309440583,0.08325001038610935
3779,3779,4.077171325683594,4.075324058532715,2e-05,2.4297786966404846,0.07470004633069038,0.05802572099491954,0.058279237942770123,0.08327609673142433
3780,3780,4.084481239318848,4.082217693328857,2e-05,2.267184816010142,0.07480505295097828,0.05802127392962575,0.05827624327503145,0.08329628594219685
3781,3781,4.082126140594482,4.081399917602539,2e-05,2.2841485889733777,0.07481478527188301,0.05804353137500584,0.05829180357977748,0.08332102373242378
3782,3782,4.076717376708984,4.0808820724487305,2e-05,2.2998017387784295,0.07444668002426624,0.05805238103494048,0.05830396618694067,0.08334554731845856
3783,3783,4.080704689025879,4.07686185836792,2e-05,2.313469740652079,0.0749697145074606,0.058063284028321505,0.05831701261922717,0.08337074518203735
3784,3784,4.083805084228516,4.088561534881592,2e-05,2.3273657565883257,0.07480885274708271,0.05808009416796267,0.05833445559255779,0.08339622803032398
3785,3785,4.083518028259277,4.084926605224609,2e-05,2.337337147790474,0.07453987002372742,0.05808571446686983,0.05834224168211222,0.08341957628726959
3786,3786,4.079347610473633,4.082956314086914,2e-05,2.3474101561841314,0.07486965321004391,0.05809325515292585,0.05835152370855212,0.08344325795769691
3787,3787,4.076578140258789,4.0850982666015625,2e-05,2.3562696219896426,0.0750199742615223,0.058104781433939934,0.05836333520710468,0.08346751146018505
3788,3788,4.083407402038574,4.083050727844238,2e-05,2.3647209263966134,0.07477637566626072,0.05812010006047785,0.058377484092488885,0.08349277265369892
3789,3789,4.073927402496338,4.083734035491943,2e-05,2.3720367932501034,0.0748513676226139,0.05813231854699552,0.058388166362419724,0.083517175167799
3790,3790,4.076844692230225,4.083780288696289,2e-05,2.3786756666896487,0.07479024678468704,0.058142402209341526,0.058399536181241274,0.08354121819138527
3791,3791,4.075992584228516,4.086293697357178,2e-05,2.385055746609753,0.07475012540817261,0.05814927793107927,0.05840569641441107,0.08356431685388088
3792,3792,4.085620403289795,4.077935695648193,2e-05,2.390063829523707,0.07500521466135979,0.05816819402389228,0.058421270456165075,0.08359028398990631
3793,3793,4.087325096130371,4.083498001098633,2e-05,2.395255452461045,0.0748774129897356,0.058180155931040645,0.05843414762057364,0.08361536078155041
3794,3794,4.076756477355957,4.081401348114014,2e-05,2.3996509806578756,0.0748968105763197,0.05818536225706339,0.05844561196863651,0.08364004828035831
3795,3795,4.0847320556640625,4.080693244934082,2e-05,2.403085571481885,0.07482985965907574,0.05819989973679185,0.05845557269640267,0.0836645346134901
3796,3796,4.0779314041137695,4.091233253479004,2e-05,2.4033584334921585,0.07483608089387417,0.05821354268118739,0.05847495421767235,0.08369147777557373
3797,3797,4.083029270172119,4.090205192565918,2e-05,2.4119998624716077,0.07503586821258068,0.05821892595849931,0.05847802013158798,0.08371425792574883
3798,3798,4.076369285583496,4.083067417144775,2e-05,2.41319042989913,0.07514397986233234,0.05823643272742629,0.05849096504971385,0.08373948186635971
3799,3799,4.083859920501709,4.080258846282959,2e-05,2.4175068237837265,0.07521176338195801,0.05824360507540405,0.058502428233623505,0.08376386947929859
3800,3800,4.084721565246582,4.079697608947754,2e-05,2.4180876938464246,0.07514497265219688,0.05824991990812123,0.05851151864044368,0.08378853276371956
3801,3801,4.091596603393555,4.078136444091797,2e-05,2.421606521499046,0.07499581016600132,0.05826482060365379,0.05852230777963996,0.08381231315433979
3802,3802,4.079495429992676,4.092411994934082,2e-05,2.4217032895504644,0.07523750327527523,0.058275066781789064,0.058530187234282494,0.08383588492870331
3803,3803,4.078393936157227,4.08848762512207,2e-05,2.4251597397380644,0.0754187349230051,0.05829950561746955,0.05855247634463012,0.0838641207665205
3804,3804,4.07747745513916,4.082714080810547,2e-05,2.424857401866502,0.07518148794770241,0.058297326089814305,0.05855745519511402,0.0838860347867012
3805,3805,4.08074426651001,4.086099147796631,2e-05,2.4276129256147394,0.07519283518195152,0.05831972626037896,0.05857675545848906,0.08391301333904266
3806,3806,4.077115058898926,4.0795087814331055,2e-05,2.427372090627228,0.07527883909642696,0.058327170088887215,0.05858200159855187,0.08393566869199276
3807,3807,4.076422214508057,4.079493045806885,2e-05,2.430000484426252,0.07522967644035816,0.05834117578342557,0.05859531951136887,0.08396049775183201
3808,3808,4.079504013061523,4.079160690307617,2e-05,2.429536086219218,0.07518251799046993,0.0583440198097378,0.05860564485192299,0.08398514613509178
3809,3809,4.082441806793213,4.084327220916748,2e-05,2.4320535218624664,0.07502066157758236,0.05836104438640177,0.05861907685175538,0.08400983177125454
3810,3810,4.077503681182861,4.085024356842041,2e-05,2.4312471544439846,0.0750875435769558,0.05837804381735623,0.05863448767922819,0.08403592742979527
3811,3811,4.078995704650879,4.080331325531006,2e-05,2.4334483087791208,0.07539920881390572,0.05838954006321728,0.05864774202927947,0.08406122960150242
3812,3812,4.0879716873168945,4.080970287322998,2e-05,2.4324586273885753,0.07523537613451481,0.05838609463535249,0.05864883656613529,0.08408295549452305
3813,3813,4.081693172454834,4.083024024963379,2e-05,2.4334432914766375,0.07538921758532524,0.05840431968681514,0.05866356706246734,0.08410852216184139
3814,3814,4.0763068199157715,4.097185134887695,2e-05,2.4336466610945897,0.07510751485824585,0.05841409717686474,0.05867079901508987,0.08413231186568737
3815,3815,4.08339786529541,4.079697132110596,2e-05,2.433936985736609,0.07546618208289146,0.05842427350580692,0.05868306686170399,0.08415718749165535
3816,3816,4.08221960067749,4.079095840454102,2e-05,2.4346249732616796,0.07553282752633095,0.05844035046175122,0.05869847699068487,0.08418326266109943
3817,3817,4.085675239562988,4.079240798950195,2e-05,2.4349896718712785,0.07538772746920586,0.058439006796106696,0.05869949725456536,0.08420392870903015
3818,3818,4.078715801239014,4.08342170715332,2e-05,2.4353093698841466,0.07518459856510162,0.05845589726231992,0.058717395877465606,0.08423046581447124
3819,3819,4.07913875579834,4.086482048034668,2e-05,2.435779786235951,0.07539638318121433,0.05846856767311692,0.05872604949399829,0.08425422385334969
3820,3820,4.078678131103516,4.082779407501221,2e-05,2.4361792422662276,0.0753963477909565,0.058485610876232386,0.058740591164678335,0.08427949994802475
3821,3821,4.0771803855896,4.081788063049316,2e-05,2.4364362971294344,0.07555165328085423,0.05850062984973192,0.05875687766820192,0.08430591970682144
3822,3822,4.075181007385254,4.085636138916016,2e-05,2.436415290313004,0.07542669214308262,0.058507623616606,0.05876699090003967,0.08432979136705399
3823,3823,4.075901985168457,4.080426216125488,2e-05,2.4365361385930746,0.07550855539739132,0.058510567992925644,0.05876848381012678,0.08435110561549664
3824,3824,4.082723140716553,4.07521915435791,2e-05,2.437171268545965,0.07549544237554073,0.058532714610919356,0.05878838384523988,0.08437788859009743
3825,3825,4.080569267272949,4.086325645446777,2e-05,2.271539036629253,0.07570123858749866,0.05853585246950388,0.05879683792591095,0.0844018217176199
3826,3826,4.07776403427124,4.08184814453125,2e-05,2.2864691935658805,0.0758396964520216,0.058550429763272405,0.0588120783213526,0.0844277162104845
3827,3827,4.07499885559082,4.078652858734131,2e-05,2.3051559572189224,0.07568596117198467,0.058571283239871264,0.05882940161973238,0.08445310033857822
3828,3828,4.080568790435791,4.077375411987305,2e-05,2.319413035692323,0.07579928077757359,0.0585731384344399,0.058828458189964294,0.08447454497218132
3829,3829,4.079435348510742,4.089015007019043,2e-05,2.3302980972396217,0.07574321515858173,0.05858369427733123,0.058838810538873076,0.08449848741292953
3830,3830,4.085018634796143,4.077486038208008,2e-05,2.342113200540539,0.07558024860918522,0.058597288094460964,0.05885284603573382,0.08452322520315647
3831,3831,4.081865310668945,4.0879364013671875,2e-05,2.350488186677764,0.07571017555892467,0.05860826070420444,0.05886689107865095,0.0845489613711834
3832,3832,4.08566951751709,4.084325313568115,2e-05,2.360932895109501,0.07572987861931324,0.058607146609574556,0.05886432575061917,0.08456886559724808
3833,3833,4.083562850952148,4.082812309265137,2e-05,2.3671206084104153,0.07590648718178272,0.05863254447467625,0.05888546700589359,0.08459592796862125
3834,3834,4.081316947937012,4.08183479309082,2e-05,2.3774581445858414,0.07588458061218262,0.05863411910831928,0.058893704786896706,0.08461987599730492
3835,3835,4.074628829956055,4.080804347991943,2e-05,2.3818199395963178,0.07568066380918026,0.058656532783061266,0.05891489330679178,0.08464675582945347
3836,3836,4.083445072174072,4.081384658813477,2e-05,2.3874702603004554,0.07573424652218819,0.058665438555181026,0.05892354971729219,0.0846704076975584
3837,3837,4.078718185424805,4.086309432983398,2e-05,2.3912943414533228,0.07560503110289574,0.05867432430386543,0.05893215513788164,0.08469405211508274
3838,3838,4.083834171295166,4.078731536865234,2e-05,2.3977189855907133,0.07580217905342579,0.058678095461800694,0.05893642152659595,0.08471597358584404
3839,3839,4.084512710571289,4.07817268371582,2e-05,2.400496243453423,0.07592989690601826,0.058703674701973796,0.058960543014109135,0.0847442988306284
3840,3840,4.076035499572754,4.088791370391846,2e-05,2.4055791898098056,0.07576105557382107,0.05870060785673559,0.05896574864163995,0.08476709760725498
3841,3841,4.079873561859131,4.07915735244751,2e-05,2.4040218282146673,0.07591321133077145,0.05871278163976967,0.05897591286338866,0.08479095622897148
3842,3842,4.073890686035156,4.082643032073975,2e-05,2.4039853173006853,0.0760003849864006,0.058730000630021095,0.058988492004573345,0.08481567353010178
3843,3843,4.077582359313965,4.08565616607666,2e-05,2.400378465346608,0.0758975762873888,0.058744524139910936,0.059000237146392465,0.08484061807394028
3844,3844,4.07239294052124,4.081650733947754,2e-05,2.398160169321084,0.07578788511455059,0.05875172768719494,0.059007844887673855,0.08486373350024223
3845,3845,4.082483768463135,4.0779337882995605,2e-05,2.3968784135142496,0.07577428966760635,0.058751808013767004,0.05901287612505257,0.08488638512790203
3846,3846,4.073837757110596,4.080868721008301,2e-05,2.3944837618196417,0.0757334977388382,0.05877129756845534,0.059030771953985095,0.08491332828998566
3847,3847,4.075529098510742,4.0838751792907715,2e-05,2.3898562881587657,0.07614368759095669,0.058782001957297325,0.05904488521628082,0.08493835851550102
3848,3848,4.074028491973877,4.08234167098999,2e-05,2.39039201533118,0.07610946707427502,0.05879428028129041,0.0590485034044832,0.08496056124567986
3849,3849,4.073650360107422,4.085784435272217,2e-05,2.392593825598258,0.0758040975779295,0.058800998609513044,0.05905895563773811,0.08498524129390717
3850,3850,4.0801310539245605,4.0811896324157715,2e-05,2.39369016672193,0.0759398490190506,0.05881416471675038,0.05907311709597707,0.08501004613935947
3851,3851,4.075631141662598,4.092345714569092,2e-05,2.3967808560060706,0.07599081844091415,0.058824805077165365,0.059085319051519036,0.0850348249077797
3852,3852,4.07999849319458,4.077253341674805,2e-05,2.3981585318593424,0.07582626678049564,0.05883117881603539,0.05909319641068578,0.08505904674530029
3853,3853,4.0708394050598145,4.0856428146362305,2e-05,2.4015911411952002,0.07594643719494343,0.05884662130847573,0.059105002554133534,0.08508346974849701
3854,3854,4.074740409851074,4.087881088256836,2e-05,2.4051961096988004,0.0760196577757597,0.05886049824766815,0.05911866691894829,0.08510900847613811
3855,3855,4.081981658935547,4.08181095123291,2e-05,2.4056205800366364,0.07611914351582527,0.058864847756922245,0.05912560224533081,0.08513253927230835
3856,3856,4.07537841796875,4.082099914550781,2e-05,2.4082424732235914,0.07613087259232998,0.05887436540797353,0.05913514690473676,0.08515702001750469
3857,3857,4.079841613769531,4.079105854034424,2e-05,2.409574629748539,0.07612613774836063,0.05888646258972585,0.059146047569811344,0.08518125675618649
3858,3858,4.078586578369141,4.079988956451416,2e-05,2.41111737042602,0.07635438814759254,0.0588964787311852,0.059155050897970796,0.08520561456680298
3859,3859,4.080105781555176,4.086444854736328,2e-05,2.4099855865670006,0.07605576328933239,0.058912289794534445,0.059169439831748605,0.08523115329444408
3860,3860,4.078361988067627,4.078159332275391,2e-05,2.413418006300069,0.07596887834370136,0.05892789852805436,0.059186104917898774,0.08525675162672997
3861,3861,4.072729587554932,4.077495574951172,2e-05,2.412710791258636,0.07601581141352654,0.058927632635459304,0.05918265669606626,0.08527747169137001
3862,3862,4.082313537597656,4.08050012588501,2e-05,2.411221494459662,0.07622499950230122,0.05894369655288756,0.05920605827122927,0.08530612848699093
3863,3863,4.07040548324585,4.083965301513672,2e-05,2.412815765063826,0.07649513147771358,0.05896036862395704,0.05922044347971678,0.08533118292689323
3864,3864,4.07426643371582,4.081698417663574,2e-05,2.4096723054409632,0.07617975771427155,0.05895526800304651,0.05922278366051614,0.08535292372107506
3865,3865,4.071376800537109,4.075592517852783,2e-05,2.4108867249340284,0.07639369927346706,0.05897831358015537,0.05923731718212366,0.08537910506129265
3866,3866,4.081414222717285,4.082361221313477,2e-05,2.4073015065946883,0.07625973969697952,0.05898654670454562,0.059248063480481505,0.08540338277816772
3867,3867,4.084914207458496,4.089440822601318,2e-05,2.403507949089105,0.07640695013105869,0.05900037568062544,0.05925912247039378,0.0854281596839428
3868,3868,4.0798139572143555,4.0814738273620605,2e-05,2.3980714607332163,0.07627827487885952,0.05901283165439963,0.05927347578108311,0.08545381762087345
3869,3869,4.080737113952637,4.0851287841796875,2e-05,2.3971337979219096,0.07643291354179382,0.059021139051765203,0.05928093823604286,0.0854775533080101
3870,3870,4.081697463989258,4.08225154876709,2e-05,2.3945908562845726,0.07610116340219975,0.059033861150965095,0.05929522472433746,0.08550264686346054
3871,3871,4.084115028381348,4.0846757888793945,2e-05,2.392034534825983,0.07662734016776085,0.0590484153944999,0.059305987786501646,0.08552840910851955
3872,3872,4.075068473815918,4.079106330871582,2e-05,2.386863396202282,0.0764535702764988,0.059048569994047284,0.05930975521914661,0.0855505783110857
3873,3873,4.076704025268555,4.088696479797363,2e-05,2.3856368097638923,0.07654155790805817,0.05906372284516692,0.0593273148406297,0.08557728305459023
3874,3874,4.08942985534668,4.079178810119629,2e-05,2.3852519405199386,0.07641015760600567,0.05907495133578777,0.05933644133619964,0.08560170978307724
3875,3875,4.074902057647705,4.075570106506348,2e-05,2.384557659670524,0.07621559128165245,0.05908484058454633,0.05934853316284716,0.08562660962343216
3876,3876,4.075139045715332,4.082467079162598,2e-05,2.383077160385531,0.0764281302690506,0.05909985303878784,0.059361976105719805,0.08565195836126804
3877,3877,4.081329345703125,4.076990604400635,2e-05,2.3812477524387385,0.07661450654268265,0.05910758348181844,0.059367153560742736,0.08567507565021515
3878,3878,4.078250408172607,4.0805864334106445,2e-05,2.3852541401153387,0.07649580761790276,0.0591171202249825,0.05937832337804139,0.08569996431469917
3879,3879,4.072915077209473,4.0800580978393555,2e-05,2.3836749864563007,0.07642745599150658,0.05912377079948783,0.05938854347914457,0.08572358451783657
3880,3880,4.081870079040527,4.080273628234863,2e-05,2.381993010385333,0.07658069394528866,0.059144092025235295,0.059403783176094294,0.08575042709708214
3881,3881,4.076267242431641,4.081348419189453,2e-05,2.3820637280312593,0.0764955934137106,0.059150348883122206,0.05941198696382344,0.08577399328351021
3882,3882,4.072585582733154,4.078115463256836,2e-05,2.382159964754916,0.07675929181277752,0.05916978605091572,0.05943010747432709,0.08580006845295429
3883,3883,4.080223560333252,4.078123092651367,2e-05,2.380589304644458,0.076572485268116,0.05917484778910875,0.05943841300904751,0.08582419343292713
3884,3884,4.0771331787109375,4.077025413513184,2e-05,2.377401927295153,0.07670839503407478,0.05918370303697884,0.059442089637741446,0.08584646321833134
3885,3885,4.085425853729248,4.071708679199219,2e-05,2.373350313579203,0.07652890123426914,0.059201472671702504,0.059463561279699206,0.08587353117763996
3886,3886,4.07540225982666,4.079833030700684,2e-05,2.2122393170436783,0.07687532529234886,0.059214262291789055,0.059476678958162665,0.08589988201856613
3887,3887,4.072149276733398,4.0827484130859375,2e-05,2.2290445085701758,0.07672805525362492,0.059216983150690794,0.059475550428032875,0.08592033013701439
3888,3888,4.082424163818359,4.081679821014404,2e-05,2.2498546959807677,0.07695348188281059,0.05923927156254649,0.05949975689873099,0.08594865165650845
3889,3889,4.0794267654418945,4.082718849182129,2e-05,2.2692299236237856,0.07681937888264656,0.05923823080956936,0.05950378137640655,0.08597134798765182
3890,3890,4.083315849304199,4.085914134979248,2e-05,2.2858342041706243,0.0768013745546341,0.059253697749227285,0.05951291508972645,0.08599519543349743
3891,3891,4.073744773864746,4.0785112380981445,2e-05,2.2972786773829887,0.07671649940311909,0.05927458591759205,0.059535184409469366,0.08602246269583702
3892,3892,4.072336196899414,4.073458671569824,2e-05,2.3106295789329616,0.07678316161036491,0.05928269727155566,0.05953832436352968,0.08604506403207779
3893,3893,4.076745510101318,4.082526683807373,2e-05,2.3212309360682517,0.07704445719718933,0.05929268756881356,0.05955620389431715,0.08607167191803455
3894,3894,4.081053256988525,4.076088905334473,2e-05,2.334402625760359,0.07680689916014671,0.05930096539668739,0.05956204514950514,0.08609422110021114
3895,3895,4.082082748413086,4.0760817527771,2e-05,2.3434659422553294,0.07687514647841454,0.059315606486052275,0.059577529318630695,0.08612029440701008
3896,3896,4.076545238494873,4.082655906677246,2e-05,2.350490706178845,0.0770664494484663,0.05932989693246782,0.05958951520733535,0.0861451867967844
3897,3897,4.073479175567627,4.074199199676514,2e-05,2.355767519512713,0.07687571085989475,0.05933600733987987,0.0595984582323581,0.08616845682263374
3898,3898,4.070345401763916,4.074978828430176,2e-05,2.3631661401889748,0.0767575241625309,0.05933752260170877,0.05959962960332632,0.08619013614952564
3899,3899,4.079282760620117,4.082825660705566,2e-05,2.3721995797713324,0.07680442929267883,0.05935488361865282,0.05961840320378542,0.08621746487915516
3900,3900,4.072052478790283,4.081951141357422,2e-05,2.3772875817836057,0.07704092748463154,0.05936481826938689,0.05963032832369208,0.08624201454222202
3901,3901,4.078063011169434,4.082942485809326,2e-05,2.3848259810900703,0.07691393420100212,0.059376942459493876,0.0596433540340513,0.08626687526702881
3902,3902,4.075243949890137,4.078446388244629,2e-05,2.3889769871590514,0.07706240192055702,0.059389480389654636,0.05965530523099005,0.08629199117422104
3903,3903,4.085804462432861,4.083531379699707,2e-05,2.395374071742079,0.07691624946892262,0.05940337595529854,0.05966650880873203,0.08631655015051365
3904,3904,4.07476282119751,4.086424350738525,2e-05,2.3982491403045945,0.0770056638866663,0.059406927321106195,0.05967332026921213,0.08633986487984657
3905,3905,4.073843955993652,4.072788238525391,2e-05,2.403641327827991,0.07687001302838326,0.059422762133181095,0.05968532129190862,0.08636490814387798
3906,3906,4.083584785461426,4.085743427276611,2e-05,2.4058668790525486,0.07716026902198792,0.0594309507869184,0.059696748154237866,0.08638899214565754
3907,3907,4.076756954193115,4.080854415893555,2e-05,2.410728756695797,0.07700701989233494,0.05944675602950156,0.05971416993997991,0.08641564287245274
3908,3908,4.074227809906006,4.075302600860596,2e-05,2.411654195184515,0.07696620747447014,0.05945546738803387,0.05971886753104627,0.0864389892667532
3909,3909,4.077556610107422,4.080388069152832,2e-05,2.412054242946482,0.07731325924396515,0.0594669240526855,0.05972987785935402,0.08646302670240402
3910,3910,4.0765228271484375,4.081418037414551,2e-05,2.4173304534208864,0.07690000161528587,0.059477169532328844,0.059738934272900224,0.08648627065122128
3911,3911,4.078622341156006,4.078700065612793,2e-05,2.4208559337727884,0.07712889462709427,0.059488377533853054,0.05975259398110211,0.08651230111718178
3912,3912,4.076102256774902,4.08247184753418,2e-05,2.42124354408084,0.07722848653793335,0.05950998980551958,0.05977468751370907,0.08653932064771652
3913,3913,4.08093786239624,4.0794358253479,2e-05,2.426660211130228,0.07709856331348419,0.059509667567908764,0.059775983216241,0.08656087704002857
3914,3914,4.071097373962402,4.077402591705322,2e-05,2.431327873026835,0.07710705511271954,0.059522961964830756,0.05978862289339304,0.086586469784379
3915,3915,4.076403617858887,4.089997291564941,2e-05,2.4322511279621017,0.07709673419594765,0.05953701608814299,0.05979632120579481,0.08660899475216866
3916,3916,4.074018478393555,4.088089942932129,2e-05,2.429255799250917,0.07729067280888557,0.059541799826547503,0.059805877739563584,0.0866330973803997
3917,3917,4.073879241943359,4.079206466674805,2e-05,2.4269564961107646,0.07726461626589298,0.05956209683790803,0.05982618685811758,0.0866610687226057
3918,3918,4.071841239929199,4.084062576293945,2e-05,2.427839190475282,0.07725467532873154,0.05956345028243959,0.05982531816698611,0.0866814199835062
3919,3919,4.069768905639648,4.092668533325195,2e-05,2.4254176271690766,0.07698327489197254,0.059580855537205935,0.05984350619837642,0.0867079570889473
3920,3920,4.075714111328125,4.078038215637207,2e-05,2.426945582745273,0.07715212367475033,0.05958644789643586,0.05985330045223236,0.0867325272411108
3921,3921,4.075066089630127,4.098163604736328,2e-05,2.4315689077859557,0.07740676589310169,0.059592327335849404,0.05986126302741468,0.0867558903992176
3922,3922,4.073610305786133,4.084203720092773,2e-05,2.4324424207723854,0.07738006301224232,0.059617251390591264,0.05988221289590001,0.08678335137665272
3923,3923,4.077634811401367,4.080277442932129,2e-05,2.432981021322387,0.07729307189583778,0.05962982540950179,0.05989178363233805,0.08680752664804459
3924,3924,4.074337959289551,4.077277183532715,2e-05,2.433831304554269,0.07747056894004345,0.05962938163429499,0.05989235290326178,0.08682895824313164
3925,3925,4.077449798583984,4.075972557067871,2e-05,2.434133837068698,0.07738999277353287,0.059644191060215235,0.05991240148432553,0.08685576170682907
3926,3926,4.07524299621582,4.080206394195557,2e-05,2.4347320590033403,0.07745446637272835,0.0596614561509341,0.0599272632971406,0.08688195794820786
3927,3927,4.0815534591674805,4.07503080368042,2e-05,2.4350348735764817,0.07739485427737236,0.05966795259155333,0.0599308090750128,0.08690435439348221
3928,3928,4.075532913208008,4.087397575378418,2e-05,2.437510160590527,0.07735507749021053,0.05968136270530522,0.059945314889773726,0.08692942000925541
3929,3929,4.0786967277526855,4.074908256530762,2e-05,2.4357557779941947,0.07751603052020073,0.05969600239768624,0.059961004415526986,0.08695576898753643
3930,3930,4.077646255493164,4.08159065246582,2e-05,2.437033715920612,0.07745838351547718,0.05969917634502053,0.05996500910259783,0.08697868511080742
3931,3931,4.074213027954102,4.081995487213135,2e-05,2.4363718128738094,0.07755051739513874,0.05970598990097642,0.059973401483148336,0.0870021153241396
3932,3932,4.0737810134887695,4.0785064697265625,2e-05,2.4377551594142655,0.07763132639229298,0.05972465849481523,0.0599887955468148,0.0870286263525486
3933,3933,4.076249599456787,4.077971458435059,2e-05,2.4367467950258006,0.07753460295498371,0.05973161640577018,0.05999977118335664,0.08705411665141582
3934,3934,4.074832916259766,4.07649040222168,2e-05,2.4381460664048324,0.07755100727081299,0.05974658136256039,0.060012846952304244,0.0870788861066103
3935,3935,4.077541351318359,4.078304767608643,2e-05,2.436737189828885,0.07757417485117912,0.05976392421871424,0.06003086734563112,0.08710612542927265
3936,3936,4.073007583618164,4.085330963134766,2e-05,2.438327175541579,0.07758066803216934,0.059773887507617474,0.06003979500383139,0.08713054843246937
3937,3937,4.079415321350098,4.078295707702637,2e-05,2.4368732091170586,0.07742873579263687,0.05977760045789182,0.06004381226375699,0.08715360797941685
3938,3938,4.074243545532227,4.0738420486450195,2e-05,2.43887848142072,0.0777269434183836,0.05979124130681157,0.06005526031367481,0.08717892318964005
3939,3939,4.078091144561768,4.080729007720947,2e-05,2.4370696482878653,0.07746063359081745,0.05980053008534014,0.06006694468669593,0.08720416761934757
3940,3940,4.076693534851074,4.073505401611328,2e-05,2.438766303922756,0.0779205858707428,0.059813184663653374,0.06007479224354029,0.08722799271345139
3941,3941,4.080678939819336,4.079943656921387,2e-05,2.437418571237023,0.07776189967989922,0.059824385680258274,0.06008768966421485,0.08725333958864212
3942,3942,4.07737922668457,4.071652412414551,2e-05,2.43888001072986,0.07768924534320831,0.05983625655062497,0.06010231445543468,0.0872795581817627
3943,3943,4.071372985839844,4.084108352661133,2e-05,2.274665237784117,0.07789969444274902,0.05983652523718774,0.060103707015514374,0.0873007457703352
3944,3944,4.081901550292969,4.073761940002441,2e-05,2.289901609235817,0.07765502482652664,0.059860947309061885,0.06012364523485303,0.08732883632183075
3945,3945,4.071890830993652,4.077157020568848,2e-05,2.305160807009525,0.07791652530431747,0.059872981859371066,0.06013803882524371,0.08735454827547073
3946,3946,4.080378532409668,4.073328495025635,2e-05,2.318576045307464,0.07761526852846146,0.05987860355526209,0.060145745519548655,0.08737844787538052
3947,3947,4.070937156677246,4.07647180557251,2e-05,2.3304876394782474,0.07783112302422523,0.05989139503799379,0.060157306259498,0.08740320056676865
3948,3948,4.074667930603027,4.077689170837402,2e-05,2.3414385202375176,0.07793546840548515,0.05989870708435774,0.06016478780657053,0.08742707595229149
3949,3949,4.072110176086426,4.081934928894043,2e-05,2.3509343257513606,0.07796942815184593,0.05991291347891092,0.06017952412366867,0.08745346404612064
3950,3950,4.074917316436768,4.074679851531982,2e-05,2.359489068927717,0.07763362303376198,0.05991631047800183,0.06018822267651558,0.08747654967010021
3951,3951,4.0734148025512695,4.076447486877441,2e-05,2.367568856759969,0.0777619369328022,0.059931902680546045,0.060199478873983026,0.08750222809612751
3952,3952,4.079384803771973,4.076286315917969,2e-05,2.3749706211091746,0.07790300622582436,0.05994999362155795,0.06021385011263192,0.08752789348363876
3953,3953,4.078272342681885,4.0742340087890625,2e-05,2.381229115301225,0.07790855318307877,0.05994882807135582,0.06021267408505082,0.0875483900308609
3954,3954,4.071620464324951,4.074827194213867,2e-05,2.386732233405266,0.07782953791320324,0.059972773771733046,0.060235693817958236,0.08757667243480682
3955,3955,4.077450275421143,4.0749053955078125,2e-05,2.3924111391988614,0.07813023217022419,0.05997577356174588,0.06024182587862015,0.08760039880871773
3956,3956,4.079042911529541,4.078948497772217,2e-05,2.396968219148378,0.07779590971767902,0.05999732459895313,0.06026079575531185,0.08762686513364315
3957,3957,4.069001197814941,4.081048965454102,2e-05,2.401108830840235,0.07792059890925884,0.06000136770308018,0.06027010246179998,0.08765144273638725
3958,3958,4.08512020111084,4.072282314300537,2e-05,2.404992466707507,0.0780252143740654,0.06000611395575106,0.060277066892012954,0.08767516165971756
3959,3959,4.07336950302124,4.081389904022217,2e-05,2.4045359956303924,0.07803203351795673,0.06001892243511975,0.06028738943859935,0.08769934996962547
3960,3960,4.089097499847412,4.075387001037598,2e-05,2.413116610838838,0.07806844264268875,0.06003527692519128,0.06030134786851704,0.0877253320068121
3961,3961,4.0723724365234375,4.080502510070801,2e-05,2.415809720433213,0.07825400866568089,0.060053709195926785,0.060316859278827906,0.08775166235864162
3962,3962,4.073577880859375,4.078464508056641,2e-05,2.414180607455799,0.07810325920581818,0.06005599536001682,0.06032070051878691,0.08777395077049732
3963,3963,4.07246208190918,4.076159477233887,2e-05,2.41905428002468,0.07804377563297749,0.06006437819451094,0.06033303029835224,0.0877993255853653
3964,3964,4.081564903259277,4.074460029602051,2e-05,2.4226060627437445,0.07824122905731201,0.06008249591104686,0.06034814682789147,0.08782568201422691
3965,3965,4.075028896331787,4.076323509216309,2e-05,2.4235260132746173,0.07807018421590328,0.0600860477425158,0.060355610912665725,0.08784867264330387
3966,3966,4.086147308349609,4.083700656890869,2e-05,2.4259770404206034,0.07819170318543911,0.06010509142652154,0.060369197744876146,0.08787485398352146
3967,3967,4.073673248291016,4.08847713470459,2e-05,2.426072088982752,0.07850735075771809,0.06011670455336571,0.06038163974881172,0.08790033310651779
3968,3968,4.07526969909668,4.078035831451416,2e-05,2.4282169224428816,0.07819093391299248,0.06012165267020464,0.0603888479527086,0.08792285807430744
3969,3969,4.078788757324219,4.081771373748779,2e-05,2.4279730922611984,0.07817989028990269,0.06013354565948248,0.06040380266495049,0.08794916234910488
3970,3970,4.0768632888793945,4.075009346008301,2e-05,2.426451874232075,0.07860611006617546,0.06014340557157993,0.06040837476029992,0.08797253854572773
3971,3971,4.078202247619629,4.077123641967773,2e-05,2.4303075022139202,0.0782611295580864,0.06014467659406364,0.06041784840635955,0.08799600787460804
3972,3972,4.079884052276611,4.07594108581543,2e-05,2.432504208269512,0.07817909121513367,0.06016709911637008,0.06043493049219251,0.08802253939211369
3973,3973,4.07806396484375,4.079375743865967,2e-05,2.4317219293034076,0.07798995263874531,0.0601760852150619,0.060444731963798404,0.08804676309227943
3974,3974,4.078651428222656,4.08795690536499,2e-05,2.434057101110093,0.07834534905850887,0.06019379827193916,0.06046023266389966,0.08807271160185337
3975,3975,4.079379558563232,4.080288887023926,2e-05,2.4345844176743148,0.07835545018315315,0.06020093243569136,0.060469723772257566,0.08809701167047024
3976,3976,4.076003551483154,4.080899238586426,2e-05,2.43369877177445,0.07810889557003975,0.060215489473193884,0.06048145750537515,0.08812187239527702
3977,3977,4.074377059936523,4.076247692108154,2e-05,2.4340009245164906,0.07831902429461479,0.06021319259889424,0.0604803659953177,0.08814300782978535
3978,3978,4.071745872497559,4.077907085418701,2e-05,2.4351141422111287,0.07838884368538857,0.06023526401259005,0.060502327512949705,0.0881712269037962
3979,3979,4.068663597106934,4.081181526184082,2e-05,2.4357973111269806,0.07845486514270306,0.060239498037844896,0.06051339325495064,0.08819610811769962
3980,3980,4.076694488525391,4.071385860443115,2e-05,2.4351573774206234,0.07848666794598103,0.0602531551849097,0.06052183988504112,0.08821986429393291
3981,3981,4.072084426879883,4.078490257263184,2e-05,2.267609915917244,0.0783908311277628,0.06026318483054638,0.06052938895300031,0.08824357017874718
3982,3982,4.076143741607666,4.074100971221924,2e-05,2.2829918656903327,0.07849962264299393,0.06027527246624231,0.060542902909219265,0.08826932869851589
3983,3983,4.076751708984375,4.0710906982421875,2e-05,2.301828134515515,0.07857303693890572,0.06028645858168602,0.0605557959061116,0.08829431980848312
3984,3984,4.081250190734863,4.073836326599121,2e-05,2.151229200868082,0.07839187793433666,0.060299856355413795,0.060570185305550694,0.0883197020739317
3985,3985,4.078624725341797,4.076327323913574,2e-05,2.1780340258197155,0.07822846435010433,0.06031509768217802,0.060584695311263204,0.08834555372595787
3986,3986,4.067934989929199,4.079756736755371,2e-05,2.207878964489026,0.07856880500912666,0.06031470722518861,0.06058600195683539,0.0883674006909132
3987,3987,4.0766921043396,4.071353435516357,2e-05,2.2304788559085584,0.07879766449332237,0.060338265262544155,0.06060631852596998,0.0883952584117651
3988,3988,4.078344821929932,4.074179649353027,2e-05,2.251002503580178,0.07856157049536705,0.060333707835525274,0.060606937389820814,0.08841675519943237
3989,3989,4.07541561126709,4.075498104095459,2e-05,2.2694091037008435,0.07860402017831802,0.060349287232384086,0.06062107696197927,0.08844277262687683
3990,3990,4.078132152557373,4.07102632522583,2e-05,2.286563558358862,0.07849094271659851,0.06036950903944671,0.06064064707607031,0.08846952207386494
3991,3991,4.07890510559082,4.072516441345215,2e-05,2.137480177736948,0.07871538773179054,0.06037256494164467,0.06064267549663782,0.08849239349365234
3992,3992,4.070956707000732,4.075754642486572,2e-05,2.163286450035074,0.07844840362668037,0.06037620850838721,0.0606509989593178,0.08851588517427444
3993,3993,4.067272663116455,4.077095985412598,2e-05,2.1910856636625247,0.07881452701985836,0.060392979299649596,0.06066282535903156,0.0885406993329525
3994,3994,4.070224761962891,4.081730842590332,2e-05,2.214463800213519,0.07880947552621365,0.06040913192555308,0.06067880289629102,0.08856707811355591
3995,3995,4.081108093261719,4.079193115234375,2e-05,2.2380465630661637,0.07870501838624477,0.06041113426908851,0.06068481155671179,0.08859024196863174
3996,3996,4.075886249542236,4.080241680145264,2e-05,2.2569059265267795,0.07873200625181198,0.06042315671220422,0.06069464050233364,0.08861383609473705
3997,3997,4.074335098266602,4.070476531982422,2e-05,2.2764893972290685,0.07895956933498383,0.0604432038962841,0.06071374821476638,0.0886409655213356
3998,3998,4.070294380187988,4.072837829589844,2e-05,2.129200531727043,0.07876271568238735,0.060454616555944085,0.06072397087700665,0.08866545557975769
3999,3999,4.071656703948975,4.075682163238525,2e-05,2.159794136129268,0.078494468703866,0.0604595304466784,0.0607303474098444,0.08868810534477234
4000,4000,4.0741376876831055,4.070703983306885,2e-05,2.189661597339223,0.07871774584054947,0.060464995447546244,0.06073741498403251,0.08871211297810078
4001,4001,4.072856426239014,4.071496963500977,2e-05,2.213028675397289,0.07888494059443474,0.06048564915545285,0.06075442070141435,0.08873900212347507
4002,4002,4.0783538818359375,4.07658576965332,2e-05,2.2372245238883397,0.07868884317576885,0.06049286131747067,0.060762457782402635,0.08876211754977703
4003,4003,4.075632572174072,4.076905250549316,2e-05,2.2562387816062066,0.07896089740097523,0.060509929433465004,0.060776192927733064,0.08878747187554836
4004,4004,4.080009460449219,4.074687480926514,2e-05,2.275475301767453,0.07887738198041916,0.06052077980712056,0.06078818300738931,0.08881312049925327
4005,4005,4.0760369300842285,4.090290069580078,2e-05,2.290228991723363,0.07863404415547848,0.0605293121188879,0.06080103339627385,0.08883826993405819
4006,4006,4.071622848510742,4.070379257202148,2e-05,2.304915617030108,0.0790253821760416,0.06053966237232089,0.06080760224722326,0.08886219561100006
4007,4007,4.075323104858398,4.07843017578125,2e-05,2.1548035940156187,0.07875321432948112,0.06054932554252446,0.06081737298518419,0.08888638019561768
4008,4008,4.074210166931152,4.071506500244141,2e-05,2.1843248114725844,0.0789016168564558,0.06055813771672547,0.06083082244731486,0.08891203813254833
4009,4009,4.0721635818481445,4.080915927886963,2e-05,2.2096785841726403,0.07904967665672302,0.060575047973543406,0.0608465492259711,0.08893833309412003
4010,4010,4.076535224914551,4.069473743438721,2e-05,2.2330851332175157,0.07940509542822838,0.060584984719753265,0.060853054048493505,0.08896260522305965
4011,4011,4.072906494140625,4.08513069152832,2e-05,2.0893432354787187,0.0787690095603466,0.06058802967891097,0.06086425646208227,0.08898702077567577
4012,4012,4.0753583908081055,4.076279640197754,2e-05,2.1230712417430695,0.07868768647313118,0.06060326821170747,0.06087685632519424,0.08901235833764076
4013,4013,4.08219051361084,4.075287342071533,2e-05,2.1535059007196677,0.07873494923114777,0.06061934237368405,0.06088744685985148,0.08903745003044605
4014,4014,4.072493553161621,4.078339576721191,2e-05,2.183628084215463,0.07887905463576317,0.06062787352129817,0.06089867348782718,0.08906238712370396
4015,4015,4.076230525970459,4.068370819091797,2e-05,2.211242313726364,0.0791935883462429,0.06063702399842441,0.0609088100027293,0.08908691070973873
4016,4016,4.072848320007324,4.081697463989258,2e-05,2.0692657598114996,0.0791982114315033,0.0606476659886539,0.06091771158389747,0.08911150880157948
4017,4017,4.071108818054199,4.0763702392578125,2e-05,2.1054942857654138,0.0790543407201767,0.06066688639111817,0.06093677319586277,0.08913889154791832
4018,4018,4.073503494262695,4.072227478027344,2e-05,2.13781353539614,0.0792812891304493,0.060676536755636334,0.06094509013928473,0.08916276507079601
4019,4019,4.07767391204834,4.076597213745117,2e-05,2.16806600377337,0.07925734668970108,0.06069031427614391,0.06096000783145428,0.08918870240449905
4020,4020,4.079334259033203,4.0781025886535645,2e-05,2.196217920770136,0.07913488708436489,0.06069203629158437,0.06096309842541814,0.08921135775744915
4021,4021,4.080193996429443,4.071775436401367,2e-05,2.2193937293285866,0.07911655493080616,0.06070543127134442,0.060979135101661086,0.08923756331205368
4022,4022,4.076465606689453,4.076601028442383,2e-05,2.241233787898356,0.078993646427989,0.060717230662703514,0.0609842196572572,0.08926033601164818
4023,4023,4.076708793640137,4.0754499435424805,2e-05,2.260934192678346,0.07900647260248661,0.06072665099054575,0.060997189953923225,0.08928560838103294
4024,4024,4.084789276123047,4.084690093994141,2e-05,2.28042254218379,0.07935108616948128,0.06074637873098254,0.06101395678706467,0.08931247144937515
4025,4025,4.071831703186035,4.074124813079834,2e-05,2.294659606152832,0.07930460013449192,0.06075264583341777,0.06102317827753723,0.08933665417134762
4026,4026,4.07357120513916,4.0858154296875,2e-05,2.310742532548462,0.07936065271496773,0.06076573836617172,0.061039302265271544,0.0893624871969223
4027,4027,4.075806140899658,4.074318885803223,2e-05,2.3221735461091964,0.07933659665286541,0.06077708979137242,0.06104860152117908,0.08938691392540932
4028,4028,4.074235439300537,4.0931596755981445,2e-05,2.3350577246848068,0.07917279936373234,0.06078770221211016,0.061058237217366695,0.0894110519438982
4029,4029,4.07105827331543,4.077218532562256,2e-05,2.343868337553966,0.07915191166102886,0.060795317171141505,0.06106950435787439,0.08943607471883297
4030,4030,4.072038650512695,4.075160026550293,2e-05,2.350993392556205,0.07930055819451809,0.06080353958532214,0.061069808434695005,0.08945807814598083
4031,4031,4.073080539703369,4.076648712158203,2e-05,2.3623199068242777,0.07941356487572193,0.06082503986544907,0.061096179066225886,0.08948749303817749
4032,4032,4.072946071624756,4.089297294616699,2e-05,2.3715278371262807,0.07946004532277584,0.06082746176980436,0.06110331532545388,0.08951138518750668
4033,4033,4.071786403656006,4.079460144042969,2e-05,2.376809455178085,0.07942239008843899,0.06083913962356746,0.06110609951429069,0.08953382447361946
4034,4034,4.071950435638428,4.0844597816467285,2e-05,2.3841800544897795,0.07950223982334137,0.060847463086247444,0.061121244449168444,0.08956007659435272
4035,4035,4.072390556335449,4.078071594238281,2e-05,2.3847412970940005,0.07949146069586277,0.060865458101034164,0.06113747972995043,0.0895868819206953
4036,4036,4.071259498596191,4.072822570800781,2e-05,2.3951910798177813,0.07948205806314945,0.06087518506683409,0.061146199936047196,0.08961080014705658
4037,4037,4.073847770690918,4.074836730957031,2e-05,2.3985355716937926,0.0795302465558052,0.06088986247777939,0.06115948432125151,0.08963638916611671
4038,4038,4.0788984298706055,4.0802483558654785,2e-05,2.4025706493840526,0.07951591908931732,0.06090234452858567,0.06117265671491623,0.08966225758194923
4039,4039,4.073541641235352,4.0731611251831055,2e-05,2.4069247356193855,0.07953166961669922,0.06091142981313169,0.061185751343145967,0.08968729712069035
4040,4040,4.0720109939575195,4.0761399269104,2e-05,2.4091856107005696,0.07960298284888268,0.06091844476759434,0.06119061796925962,0.08971042186021805
4041,4041,4.060527801513672,4.07437801361084,2e-05,2.4132979155864396,0.0794440321624279,0.06093427841551602,0.06120581435970962,0.08973701857030392
4042,4042,4.074217796325684,4.071221828460693,2e-05,2.414689616274058,0.07986899837851524,0.06094461074098945,0.06121953995898366,0.08976301550865173
4043,4043,4.071335315704346,4.07741117477417,2e-05,2.4169455211351645,0.07961153797805309,0.06096021388657391,0.061232895124703646,0.08978871256113052
4044,4044,4.070995807647705,4.078388214111328,2e-05,2.415183000905723,0.07979674451053143,0.06095927325077355,0.061228336999192834,0.0898102018982172
4045,4045,4.079037666320801,4.092029094696045,2e-05,2.4215614656301527,0.07959850691258907,0.060976172564551234,0.06125154416076839,0.08983764983713627
4046,4046,4.077681064605713,4.070228576660156,2e-05,2.4236272869129176,0.07978552393615246,0.0609937347471714,0.06126155168749392,0.08986346051096916
4047,4047,4.0741167068481445,4.079177379608154,2e-05,2.4250269355329968,0.07954949513077736,0.060997570399194956,0.0612730230204761,0.08988849073648453
4048,4048,4.06542444229126,4.07491397857666,2e-05,2.4263292592439987,0.07959968224167824,0.061011747224256396,0.06128415674902499,0.08991407230496407
4049,4049,4.0671281814575195,4.080967426300049,2e-05,2.427521823060456,0.08010549284517765,0.06101253814995289,0.06128713837824762,0.089937012642622
4050,4050,4.075094223022461,4.0754618644714355,2e-05,2.428523491864923,0.07992390729486942,0.06103778653778136,0.061309287091717124,0.0899652075022459
4051,4051,4.074290752410889,4.071640968322754,2e-05,2.4298657258153953,0.07992617785930634,0.06103776744566858,0.061313578858971596,0.08998860605061054
4052,4052,4.075364589691162,4.077754497528076,2e-05,2.4308241343129646,0.07973175682127476,0.06105145066976547,0.06132891005836427,0.0900148805230856
4053,4053,4.076745986938477,4.070530891418457,2e-05,2.431568916817435,0.0798570103943348,0.061066282680258155,0.061340239364653826,0.0900404155254364
4054,4054,4.072107791900635,4.075084209442139,2e-05,2.4321522355653777,0.07982611656188965,0.06107465783134103,0.061348782386630774,0.09006452932953835
4055,4055,4.075820446014404,4.0721893310546875,2e-05,2.4344685963655395,0.07967955991625786,0.06109156948514283,0.06136452592909336,0.09009123407304287
4056,4056,4.075575351715088,4.078094482421875,2e-05,2.432907495875943,0.07990051992237568,0.06109342956915498,0.06136842304840684,0.0901145339012146
4057,4057,4.07829475402832,4.068119049072266,2e-05,2.4351898611124847,0.0799057949334383,0.06111191282980144,0.061385618057101965,0.09014143794775009
4058,4058,4.076457977294922,4.076663017272949,2e-05,2.269278372099999,0.07989286817610264,0.06111538643017411,0.061392480274662375,0.09016532823443413
4059,4059,4.077492713928223,4.0710673332214355,2e-05,2.2837018305872023,0.07962455227971077,0.06113400240428746,0.06140539306215942,0.09019052796065807
4060,4060,4.07069206237793,4.071075916290283,2e-05,2.299104257068259,0.07948407903313637,0.06114459247328341,0.06142053962685168,0.09021656215190887
4061,4061,4.078716278076172,4.080657005310059,2e-05,2.313084173299829,0.08005392737686634,0.061151734786108136,0.06142628286033869,0.09023990295827389
4062,4062,4.0755815505981445,4.073803901672363,2e-05,2.3268721170012925,0.07997556962072849,0.06115988991223276,0.06143226847052574,0.0902636144310236
4063,4063,4.075338363647461,4.085407257080078,2e-05,2.3370451197106195,0.07982092350721359,0.061173424590379,0.06144628836773336,0.09028864651918411
4064,4064,4.083261489868164,4.0743913650512695,2e-05,2.3472582661884287,0.07984782755374908,0.06118126190267503,0.06145513942465186,0.09031295776367188
4065,4065,4.066040515899658,4.077327728271484,2e-05,2.3560682228359155,0.08008661679923534,0.06119460170157254,0.06146458280272782,0.09033793769776821
4066,4066,4.074735641479492,4.079888343811035,2e-05,2.366143599727352,0.07987263612449169,0.061197567731142044,0.0614739921875298,0.09036170318722725
4067,4067,4.071506977081299,4.076632022857666,2e-05,2.3725673178908844,0.08013175055384636,0.061216756934300065,0.06149111338891089,0.09038866125047207
4068,4068,4.073373794555664,4.069484710693359,2e-05,2.379933758239008,0.0804089717566967,0.06122599635273218,0.06150089227594435,0.09041311964392662
4069,4069,4.069451332092285,4.073777198791504,2e-05,2.384447336998754,0.08003791980445385,0.06123800785280764,0.061515886103734374,0.0904385857284069
4070,4070,4.078455448150635,4.080436706542969,2e-05,2.3911886459294194,0.08042454719543457,0.06125191319733858,0.06152256252244115,0.09046230278909206
4071,4071,4.066577911376953,4.083205223083496,2e-05,2.394512617244666,0.08015106059610844,0.061265715630725026,0.06153848138637841,0.09048870392143726
4072,4072,4.072075843811035,4.0713419914245605,2e-05,2.3965749182469134,0.08026953786611557,0.06127463583834469,0.06154941697604954,0.09051398187875748
4073,4073,4.065690517425537,4.076661586761475,2e-05,2.3996676651180326,0.07998059876263142,0.0612840096000582,0.061556764878332615,0.0905377920717001
4074,4074,4.077157020568848,4.078768730163574,2e-05,2.4071540223627035,0.08001750521361828,0.06128653581254184,0.06156316096894443,0.09056207723915577
4075,4075,4.078289985656738,4.089996337890625,2e-05,2.4103836012055417,0.08019748330116272,0.061298392014577985,0.06157195894047618,0.09058666788041592
4076,4076,4.070815086364746,4.075808525085449,2e-05,2.4147765181142375,0.08015333488583565,0.06131317070685327,0.061584986513480544,0.09061201848089695
4077,4077,4.066860198974609,4.072551727294922,2e-05,2.416727462519082,0.08031844347715378,0.06132434494793415,0.061602870002388954,0.0906392615288496
4078,4078,4.072908401489258,4.07544469833374,2e-05,2.419394851060918,0.08032139018177986,0.061340952292084694,0.06161249941214919,0.09066387079656124
4079,4079,4.075954437255859,4.077847480773926,2e-05,2.420009587584251,0.08029798977077007,0.06134075694717467,0.06161689828149974,0.09068704955279827
4080,4080,4.066651344299316,4.0714216232299805,2e-05,2.4233103195507035,0.0801483578979969,0.06135465111583471,0.061631756369024515,0.09071352705359459
4081,4081,4.066328525543213,4.07375431060791,2e-05,2.423771812853597,0.08057723566889763,0.06136959628202021,0.06164236320182681,0.09073866717517376
4082,4082,4.0645551681518555,4.0768632888793945,2e-05,2.4262189005769548,0.08029485493898392,0.06137507688254118,0.06165575282648206,0.09076440334320068
4083,4083,4.0762529373168945,4.087331771850586,2e-05,2.426017918874195,0.08024264499545097,0.06139044160954654,0.06167014385573566,0.09079059213399887
4084,4084,4.070895195007324,4.077601432800293,2e-05,2.4273628159335163,0.08023378625512123,0.06139644584618509,0.06167116109281778,0.0908130332827568
4085,4085,4.074002742767334,4.072413921356201,2e-05,2.429779801086076,0.08028842881321907,0.06141260568983853,0.06168966251425445,0.09084027074277401
4086,4086,4.070852279663086,4.079156398773193,2e-05,2.42965695739139,0.08045030757784843,0.06142189516685903,0.06169697572477162,0.0908641628921032
4087,4087,4.073623180389404,4.06650447845459,2e-05,2.4301266605903007,0.08010612800717354,0.061424600193277,0.061705105705186725,0.09088817052543163
4088,4088,4.0717082023620605,4.076728343963623,2e-05,2.2484451381193207,0.08055173419415951,0.06144306040368974,0.061716066440567374,0.09091378562152386
4089,4089,4.079556465148926,4.076245307922363,2e-05,2.2632125708236632,0.08030574023723602,0.061455676797777414,0.06173061579465866,0.09093985706567764
4090,4090,4.076567649841309,4.081033229827881,2e-05,2.281007200038449,0.08033891208469868,0.061461135279387236,0.061736921314150095,0.09096279740333557
4091,4091,4.070426940917969,4.0758957862854,2e-05,2.2956110657847884,0.08041091449558735,0.061476227128878236,0.06174763664603233,0.09098825417459011
4092,4092,4.065177917480469,4.073967933654785,2e-05,2.309733917961444,0.08040814660489559,0.0614809007383883,0.06176141370087862,0.09101373329758644
4093,4093,4.064052581787109,4.076240539550781,2e-05,2.3227926389942652,0.08029261231422424,0.06149734044447541,0.06177184195257723,0.09103838168084621
4094,4094,4.079370498657227,4.076457500457764,2e-05,2.334328628167664,0.080545324832201,0.061501423828303814,0.06177728483453393,0.09106200933456421
4095,4095,4.069125652313232,4.073072910308838,2e-05,2.344663258669096,0.080318758264184,0.06151502067223191,0.06179178529419005,0.09108804166316986
4096,4096,4.071450233459473,4.075860023498535,2e-05,2.357734437152707,0.0807507298886776,0.06152439792640507,0.061801510164514184,0.09111260809004307
4097,4097,4.07194185256958,4.072662353515625,2e-05,2.3695741376191624,0.08064010366797447,0.06153492256999016,0.06181269767694175,0.09113754518330097
4098,4098,4.0622711181640625,4.0713419914245605,2e-05,2.377360170643436,0.08056236617267132,0.06154277524910867,0.06181689561344683,0.09116075187921524
4099,4099,4.064388751983643,4.07988166809082,2e-05,2.382713097784455,0.08092642948031425,0.061562713235616684,0.061842661118134856,0.09119036607444286
4100,4100,4.067600727081299,4.074180603027344,2e-05,2.3891783587691116,0.08072082884609699,0.06157447979785502,0.06184841482900083,0.09121368266642094
4101,4101,4.066147804260254,4.079441070556641,2e-05,2.393317249448584,0.08053791709244251,0.061584228882566094,0.061858280561864376,0.09123855829238892
4102,4102,4.066669940948486,4.0701003074646,2e-05,2.397546842410624,0.0805156584829092,0.061589960008859634,0.06186560937203467,0.09126271493732929
4103,4103,4.0668625831604,4.069485664367676,2e-05,2.4027627306735635,0.08056190423667431,0.06160537782125175,0.06188183883205056,0.09128900803625584
4104,4104,4.075632572174072,4.068547248840332,2e-05,2.4052671411418087,0.08089109137654305,0.06161198555491865,0.06188728753477335,0.09131292626261711
4105,4105,4.06640100479126,4.0730180740356445,2e-05,2.408880259166783,0.0806950181722641,0.061618242179974914,0.061895483173429966,0.09133708663284779
4106,4106,4.068467140197754,4.079324245452881,2e-05,2.4116199662888236,0.08095711655914783,0.06163055053912103,0.06190791539847851,0.09136293642222881
4107,4107,4.077079772949219,4.071507453918457,2e-05,2.414235695636061,0.08108056895434856,0.061646990245208144,0.061919288942590356,0.09138829633593559
4108,4108,4.06981897354126,4.081289768218994,2e-05,2.4167502759201644,0.08081340044736862,0.06164876837283373,0.06193153443746269,0.09141380898654461
4109,4109,4.067692756652832,4.070995330810547,2e-05,2.4190663502285514,0.0810769610106945,0.061662504682317376,0.061941955238580704,0.0914390329271555
4110,4110,4.0714616775512695,4.077676296234131,2e-05,2.421227723908086,0.08037214167416096,0.06167993601411581,0.06195867410860956,0.09146519750356674
4111,4111,4.0685553550720215,4.078073978424072,2e-05,2.4227923187256915,0.08057890832424164,0.06168863479979336,0.06196414679288864,0.09148943796753883
4112,4112,4.06866979598999,4.074457168579102,2e-05,2.425970297574655,0.08073640987277031,0.06168868928216398,0.06196967605501413,0.09151346422731876
4113,4113,4.065568447113037,4.073434352874756,2e-05,2.425799236024664,0.08112546801567078,0.06171254441142082,0.06198499631136656,0.09153961390256882
4114,4114,4.0807952880859375,4.075578212738037,2e-05,2.428358781417045,0.08072097226977348,0.06171397492289543,0.06199279264546931,0.09156421571969986
4115,4115,4.074954986572266,4.07047176361084,2e-05,2.4244300556205514,0.08099188469350338,0.06172827864065766,0.06200707284733653,0.09159000031650066
4116,4116,4.072107315063477,4.0695576667785645,2e-05,2.427045488621502,0.08087563328444958,0.06173484004102647,0.06201513763517141,0.09161392785608768
4117,4117,4.070619583129883,4.074570655822754,2e-05,2.4307563371102,0.08101750165224075,0.06175233074463904,0.06202993425540626,0.09164041094481945
4118,4118,4.069320201873779,4.073596954345703,2e-05,2.431661554721137,0.08132096566259861,0.06175879389047623,0.062035310780629516,0.09166364558041096
4119,4119,4.075289249420166,4.092177867889404,2e-05,2.432510422515758,0.08103202283382416,0.061773736495524645,0.062047721818089485,0.09168961830437183
4120,4120,4.070951461791992,4.075915336608887,2e-05,2.4348601898726847,0.08089120499789715,0.06178763182833791,0.06206521694548428,0.09171619825065136
4121,4121,4.06635856628418,4.072896957397461,2e-05,2.43434615494776,0.08098256401717663,0.0617945003323257,0.062070001382380724,0.09173949435353279
4122,4122,4.0670647621154785,4.075623512268066,2e-05,2.4312109054180375,0.08089978247880936,0.0618079190608114,0.06208672793582082,0.09176590666174889
4123,4123,4.072093486785889,4.072155952453613,2e-05,2.434585398902696,0.08126022480428219,0.06181159010156989,0.06209264975041151,0.09178956039249897
4124,4124,4.0781121253967285,4.070409774780273,2e-05,2.4369581235187914,0.08086193352937698,0.06182839861139655,0.06210631248541176,0.09181535430252552
4125,4125,4.065245151519775,4.071407794952393,2e-05,2.435216934826028,0.08120330236852169,0.06183360400609672,0.06210952321998775,0.09183844365179539
4126,4126,4.070949554443359,4.086948394775391,2e-05,2.437074667424725,0.08091174438595772,0.06184032000601292,0.062119216891005635,0.09186295792460442
4127,4127,4.071245193481445,4.072352886199951,2e-05,2.4364086692275113,0.0812760777771473,0.06185218272730708,0.06213423307053745,0.09188880957663059
4128,4128,4.068885803222656,4.070749282836914,2e-05,2.4362083035336637,0.08118199557065964,0.0618695009034127,0.06214639591053128,0.091913852840662
4129,4129,4.071396827697754,4.074706077575684,2e-05,2.437666595271203,0.08126586861908436,0.06188060808926821,0.062155664432793856,0.09193832613527775
4130,4130,4.067102432250977,4.072932243347168,2e-05,2.4361607246086914,0.0812404416501522,0.061894640792161226,0.06217152182944119,0.0919642373919487
4131,4131,4.074958324432373,4.073716640472412,2e-05,2.437491115578447,0.08108337596058846,0.061904574977234006,0.06218516849912703,0.09198983944952488
4132,4132,4.067407608032227,4.067401885986328,2e-05,2.4369514161222896,0.08128082565963268,0.06190806278027594,0.06218980997800827,0.09201331622898579
4133,4133,4.064249038696289,4.0630292892456055,2e-05,2.4368686777652533,0.08121147565543652,0.061924839625135064,0.06220404547639191,0.09203916788101196
4134,4134,4.0735979080200195,4.070219993591309,2e-05,2.269933888824632,0.08114226721227169,0.061937710270285606,0.06221864139661193,0.09206490404903889
4135,4135,4.0760016441345215,4.074110984802246,2e-05,2.287273781355791,0.0811375342309475,0.06194870942272246,0.062227469170466065,0.09208949655294418
4136,4136,4.067211627960205,4.076827049255371,2e-05,2.3022405876212404,0.0814638901501894,0.06195622216910124,0.06223355303518474,0.09211389906704426
4137,4137,4.068012237548828,4.077993869781494,2e-05,2.315876147035694,0.08162330277264118,0.06197789334692061,0.062253449112176895,0.09214102849364281
4138,4138,4.072526454925537,4.066623210906982,2e-05,2.3286046819773123,0.08155449293553829,0.061970231821760535,0.062250301940366626,0.0921624731272459
4139,4139,4.07536506652832,4.077008247375488,2e-05,2.3390861086081434,0.08147283643484116,0.06198817305266857,0.062266499968245625,0.09218940511345863
4140,4140,4.071422100067139,4.067998886108398,2e-05,2.3509515413829507,0.08134672977030277,0.062008002772927284,0.0622858393471688,0.09221677482128143
4141,4141,4.078268051147461,4.0725860595703125,2e-05,2.3580818098165994,0.08126118034124374,0.062009644927456975,0.06229134020395577,0.09224030375480652
4142,4142,4.072410583496094,4.084063529968262,2e-05,2.369510789670762,0.08119665831327438,0.062026675092056394,0.06230543623678386,0.09226640872657299
4143,4143,4.075526714324951,4.068363189697266,2e-05,2.380613538628287,0.08150222711265087,0.062033893540501595,0.06231235573068261,0.0922907367348671
4144,4144,4.085400104522705,4.0721330642700195,2e-05,2.3862941001967566,0.08140981756150723,0.06204476812854409,0.06232066685333848,0.09231557324528694
4145,4145,4.073922634124756,4.076204299926758,2e-05,2.3912123889426966,0.08157165721058846,0.06205693818628788,0.062335068359971046,0.09234222956001759
4146,4146,4.063856601715088,4.0765862464904785,2e-05,2.396314829642443,0.08142855577170849,0.06206966913305223,0.0623489988502115,0.09236775524914265
4147,4147,4.071941375732422,4.071653366088867,2e-05,2.4005207802848934,0.08200929500162601,0.06208074698224664,0.06236081360839307,0.09239398315548897
4148,4148,4.063783168792725,4.066092491149902,2e-05,2.4042993106536263,0.0814141258597374,0.06208235607482493,0.06235599284991622,0.0924144834280014
4149,4149,4.070984840393066,4.0724897384643555,2e-05,2.407771671747107,0.08154249005019665,0.06210122350603342,0.062381637282669544,0.09244384802877903
4150,4150,4.080296516418457,4.076319694519043,2e-05,2.4116949825520915,0.08159126527607441,0.0621175654232502,0.0623956632334739,0.09246955253183842
4151,4151,4.067732810974121,4.072089195251465,2e-05,2.4136398695220462,0.0814318023622036,0.06212226930074394,0.06239578896202147,0.09249182790517807
4152,4152,4.067565441131592,4.0707316398620605,2e-05,2.4161423275800717,0.08152082562446594,0.06212832382880151,0.06240738765336573,0.09251690283417702
4153,4153,4.071111679077148,4.072662353515625,2e-05,2.414729726267689,0.08140764012932777,0.06214297330006957,0.0624268117826432,0.0925446692854166
4154,4154,4.074244499206543,4.080671310424805,2e-05,2.420896294686765,0.0817661602050066,0.062155166640877724,0.06243560556322336,0.09256915375590324
4155,4155,4.0642781257629395,4.0742106437683105,2e-05,2.422444619184377,0.08162623085081577,0.06216449965722859,0.06244842964224517,0.09259464405477047
4156,4156,4.070121765136719,4.072684288024902,2e-05,2.4258130853069684,0.08160979673266411,0.062177075538784266,0.06245487811975181,0.09261837229132652
4157,4157,4.075973987579346,4.071661949157715,2e-05,2.4267216111792,0.08162080869078636,0.062192244455218315,0.062474159291014075,0.09264583885669708
4158,4158,4.072530746459961,4.076062202453613,2e-05,2.4286417135363614,0.08174173906445503,0.062192932004109025,0.06247380445711315,0.09266776777803898
4159,4159,4.068887710571289,4.06998348236084,2e-05,2.4280214886676856,0.08201904781162739,0.06221044156700373,0.06249589449726045,0.09269600175321102
4160,4160,4.071084022521973,4.071539878845215,2e-05,2.4303795060048348,0.0819421149790287,0.06222962448373437,0.06251092534512281,0.09272215701639652
4161,4161,4.072650909423828,4.06679630279541,2e-05,2.429961643989941,0.08164370991289616,0.062236938858404756,0.06251521548256278,0.09274564497172832
4162,4162,4.0764360427856445,4.065488815307617,2e-05,2.432255082575704,0.08161452785134315,0.06224322039633989,0.06252245954237878,0.09276965074241161
4163,4163,4.07470178604126,4.074502468109131,2e-05,2.431275204935676,0.08184612542390823,0.06225789641030133,0.06253582262434065,0.09279561042785645
4164,4164,4.071625709533691,4.080136299133301,2e-05,2.4335167429627313,0.08174235932528973,0.06225493922829628,0.0625337406527251,0.09281733632087708
4165,4165,4.071503639221191,4.071100234985352,2e-05,2.4338575487335747,0.08180907927453518,0.06227853335440159,0.0625607545953244,0.09284613654017448
4166,4166,4.071413993835449,4.068564414978027,2e-05,2.434512452367979,0.08186731114983559,0.06228100601583719,0.0625627466943115,0.0928683690726757
4167,4167,4.072845458984375,4.069406986236572,2e-05,2.433354002970141,0.08199172094464302,0.06230362597852945,0.06258089956827462,0.09289600513875484
4168,4168,4.065899848937988,4.071574687957764,2e-05,2.435363473625491,0.0818919725716114,0.06230934243649244,0.062589508946985,0.09292037971317768
4169,4169,4.0663533210754395,4.071541786193848,2e-05,2.434415121350501,0.08198867179453373,0.062316982774063945,0.06259685615077615,0.09294437617063522
4170,4170,4.060942649841309,4.08156681060791,2e-05,2.4364048862447008,0.08183485269546509,0.06233249721117318,0.0626110346056521,0.0929709579795599
4171,4171,4.062809944152832,4.086424827575684,2e-05,2.4350083441051913,0.0817419532686472,0.062336506554856896,0.06261821603402495,0.09299471415579319
4172,4172,4.062026023864746,4.071908950805664,2e-05,2.4366590516367594,0.08195854350924492,0.06235578050836921,0.06263591395691037,0.09302195534110069
4173,4173,4.073064804077148,4.0757927894592285,2e-05,2.4368578847390663,0.08213919028639793,0.06235993932932615,0.06264093890786171,0.09304586611688137
4174,4174,4.074488639831543,4.069334506988525,2e-05,2.435993384801562,0.08181902207434177,0.06237221462652087,0.06265527522191405,0.09307150915265083
4175,4175,4.064830780029297,4.072582721710205,2e-05,2.4359945277453297,0.08202686347067356,0.06238063517957926,0.06266480893827975,0.09309620596468449
4176,4176,4.079827308654785,4.073249340057373,2e-05,2.4364237696958204,0.0825265683233738,0.06239181337878108,0.06266996334306896,0.09312011860311031
4177,4177,4.075062274932861,4.0752973556518555,2e-05,2.4369349103130133,0.0819621030241251,0.062402050010859966,0.0626846388913691,0.09314566105604172
4178,4178,4.073905944824219,4.069738388061523,2e-05,2.436911745177156,0.08187667280435562,0.06241808389313519,0.06270037358626723,0.093172213062644
4179,4179,4.066049098968506,4.071634292602539,2e-05,2.4371911722642117,0.0823192223906517,0.06242339382879436,0.06270473427139223,0.0931953676044941
4180,4180,4.076361179351807,4.071357727050781,2e-05,2.437697446404038,0.08201354555785656,0.06243199738673866,0.0627133569214493,0.09321953915059566
4181,4181,4.0697808265686035,4.0624213218688965,2e-05,2.4383672537909984,0.08213009312748909,0.0624418577644974,0.06272574095055461,0.09324552118778229
4182,4182,4.074134826660156,4.075545310974121,2e-05,2.272513714584368,0.08252767473459244,0.06246348982676864,0.06274276343174279,0.09327242895960808
4183,4183,4.069366455078125,4.0783491134643555,2e-05,2.287158177557725,0.08227907493710518,0.062463722191751,0.06274498300626874,0.09329463355243206
4184,4184,4.072722434997559,4.082258224487305,2e-05,2.3073893920481012,0.08228206261992455,0.062472206773236394,0.06275634770281613,0.0933202039450407
4185,4185,4.068737983703613,4.081602096557617,2e-05,2.3204759425841477,0.0824237521737814,0.062489012721925974,0.0627657501026988,0.09334478713572025
4186,4186,4.076570510864258,4.068222999572754,2e-05,2.3306571386711417,0.08218691311776638,0.06249341415241361,0.06277743028476834,0.09336946718394756
4187,4187,4.066590309143066,4.077927589416504,2e-05,2.343074574699031,0.08215678296983242,0.0625040945596993,0.06278611184097826,0.09339426271617413
4188,4188,4.071295738220215,4.071108818054199,2e-05,2.3518848949926183,0.08225236274302006,0.06252278224565089,0.0628041117452085,0.09342150203883648
4189,4189,4.0703325271606445,4.077293872833252,2e-05,2.3613831366413347,0.08206045627593994,0.06252083065919578,0.06280672294087708,0.0934436209499836
4190,4190,4.0725555419921875,4.0677995681762695,2e-05,2.3675713195061676,0.08221421390771866,0.06254302873276174,0.06282473215833306,0.0934711080044508
4191,4191,4.066552639007568,4.069164752960205,2e-05,2.376363074566464,0.0823215376585722,0.06255553266964853,0.06283953646197915,0.09349768236279488
4192,4192,4.073105812072754,4.070799827575684,2e-05,2.3809000011654793,0.08241438679397106,0.06255592172965407,0.06283833179622889,0.09351889416575432
4193,4193,4.072561264038086,4.066699028015137,2e-05,2.3866286662489276,0.08263579197227955,0.0625808637123555,0.0628606965765357,0.09354807622730732
4194,4194,4.069660186767578,4.0741119384765625,2e-05,2.3921723628153995,0.0823762770742178,0.0625797538086772,0.06286547239869833,0.09357165731489658
4195,4195,4.075065612792969,4.065472602844238,2e-05,2.3983881323054375,0.08244451135396957,0.06260049645788968,0.0628784280270338,0.09359764494001865
4196,4196,4.069458961486816,4.0678181648254395,2e-05,2.401434926647713,0.08233088813722134,0.06259960122406483,0.06288044387474656,0.09362047165632248
4197,4197,4.0650434494018555,4.072826385498047,2e-05,2.4017483363312895,0.08249743282794952,0.06260625319555402,0.06288621248677373,0.09364483319222927
4198,4198,4.0646514892578125,4.071021556854248,2e-05,2.4043152858490657,0.08260523341596127,0.06262467661872506,0.06290731532499194,0.09367263317108154
4199,4199,4.0604729652404785,4.070201873779297,2e-05,2.4088439967270343,0.08236858993768692,0.06262452574446797,0.06290358724072576,0.09369355253875256
4200,4200,4.067460536956787,4.076419830322266,2e-05,2.4145005270734816,0.08252985402941704,0.06264468468725681,0.06292210565879941,0.09372193552553654
4201,4201,4.089653968811035,4.075026035308838,2e-05,2.416703761331874,0.08267650566995144,0.06264839065261185,0.06293290155008435,0.09374603815376759
4202,4202,4.068615913391113,4.076353549957275,2e-05,2.419043282063487,0.08237596414983273,0.06266184849664569,0.06294827116653323,0.0937725156545639
4203,4203,4.067769527435303,4.074938774108887,2e-05,2.4212599710107012,0.08252870291471481,0.06266330648213625,0.06295006116852164,0.09379531070590019
4204,4204,4.063855171203613,4.071490287780762,2e-05,2.4229492269824564,0.08289922773838043,0.0626911933068186,0.06297214096412063,0.09382336586713791
4205,4205,4.073498725891113,4.064889907836914,2e-05,2.4248882548715653,0.08239084109663963,0.06269013532437384,0.06297498987987638,0.09384582191705704
4206,4206,4.065749645233154,4.0723137855529785,2e-05,2.4268424110352207,0.0825173631310463,0.06271158717572689,0.06299064587801695,0.09387265704572201
4207,4207,4.070440292358398,4.077031135559082,2e-05,2.4272912152894213,0.08284876681864262,0.0627140928991139,0.06299719959497452,0.09389694593846798
4208,4208,4.069099426269531,4.088478088378906,2e-05,2.428522446509217,0.08258381113409996,0.06272571859881282,0.06300538824871182,0.09392134100198746
4209,4209,4.066346168518066,4.065113067626953,2e-05,2.4297262440962455,0.08259467594325542,0.0627351189032197,0.06301987823098898,0.0939476229250431
4210,4210,4.072589874267578,4.079882621765137,2e-05,2.431577888695338,0.0826865304261446,0.0627474500797689,0.0630305870436132,0.09397335536777973
4211,4211,4.071623802185059,4.087048053741455,2e-05,2.4311449736539306,0.0827371422201395,0.06275340472348034,0.06303825043141842,0.0939973946660757
4212,4212,4.067040920257568,4.06943416595459,2e-05,2.4318320818076473,0.08273256942629814,0.06276834360323846,0.06305272877216339,0.09402414225041866
4213,4213,4.072888374328613,4.073287010192871,2e-05,2.4323209035463678,0.08294891752302647,0.06277716369368136,0.06305919494479895,0.09404850751161575
4214,4214,4.06969690322876,4.0674309730529785,2e-05,2.433211540678694,0.08300376124680042,0.06278927228413522,0.06307417619973421,0.0940743125975132
4215,4215,4.0715861320495605,4.077450275421143,2e-05,2.4337380587481894,0.08286856673657894,0.06280530104413629,0.06308449013158679,0.09409971907734871
4216,4216,4.065832614898682,4.062832832336426,2e-05,2.4354709584332794,0.08278775215148926,0.0628062526229769,0.06308981636539102,0.09412378259003162
4217,4217,4.0690107345581055,4.075751304626465,2e-05,2.4350908428012423,0.0828265193849802,0.06281855935230851,0.06309985928237438,0.09414884820580482
4218,4218,4.065486431121826,4.072598934173584,2e-05,2.436612624477045,0.0829046443104744,0.0628326958976686,0.06311739375814795,0.09417624399065971
4219,4219,4.07256555557251,4.083796501159668,2e-05,2.435107765876647,0.08277645334601402,0.06283686612732708,0.06312068505212665,0.09419964998960495
4220,4220,4.081851005554199,4.066543102264404,2e-05,2.437059387406659,0.08294697105884552,0.06285118614323437,0.06313797645270824,0.09422645717859268
4221,4221,4.0604047775268555,4.07061767578125,2e-05,2.4361561248911543,0.0827016644179821,0.06286191497929394,0.06314653484150767,0.09425167366862297
4222,4222,4.07717227935791,4.071587085723877,2e-05,2.4378992042380316,0.0827256515622139,0.06287631834857166,0.0631602150388062,0.09427808225154877
4223,4223,4.071476936340332,4.073834419250488,2e-05,2.436181571696825,0.08302687108516693,0.06288134749047458,0.06316655967384577,0.09430197440087795
4224,4224,4.0744524002075195,4.075615406036377,2e-05,2.437670120087051,0.08285310678184032,0.0628931240644306,0.06318044709041715,0.09432865120470524
4225,4225,4.069573402404785,4.073894500732422,2e-05,2.4361521070313046,0.08307327702641487,0.06289829779416323,0.06318486575037241,0.09435255452990532
4226,4226,4.072149753570557,4.068940162658691,2e-05,2.4382641426973577,0.08323440328240395,0.06292158435098827,0.06320310663431883,0.09437919035553932
4227,4227,4.068007946014404,4.072667121887207,2e-05,2.43675579890522,0.08307311683893204,0.06292403372935951,0.06321119144558907,0.09440431371331215
4228,4228,4.0711517333984375,4.0763750076293945,2e-05,2.4385789350454776,0.08302065171301365,0.0629300195723772,0.06321933306753635,0.09442906640470028
4229,4229,4.069981575012207,4.06710958480835,2e-05,2.4370188918858107,0.08311498537659645,0.06295241508632898,0.06323423376306891,0.09445492550730705
4230,4230,4.067848205566406,4.0707855224609375,2e-05,2.4345763881472955,0.08332191593945026,0.06296314974315464,0.06324777891859412,0.09448140487074852
4231,4231,4.079885959625244,4.069184303283691,2e-05,2.4386949473572965,0.08308130130171776,0.06297424784861505,0.06325941765680909,0.09450689516961575
4232,4232,4.064306259155273,4.070750713348389,2e-05,2.438342513887338,0.08339293673634529,0.0629755596164614,0.06325772171840072,0.09452874585986137
4233,4233,4.065523147583008,4.072134494781494,2e-05,2.4387833056998374,0.08306663297116756,0.06298668798990548,0.06327451625838876,0.09455536864697933
4234,4234,4.066831588745117,4.075494766235352,2e-05,2.4376501404280337,0.08299854584038258,0.06299894070252776,0.06328710354864597,0.09458161145448685
4235,4235,4.071749687194824,4.070131301879883,2e-05,2.437862561039102,0.08295487985014915,0.06301238597370684,0.06329875998198986,0.09460708126425743
4236,4236,4.071815490722656,4.0766448974609375,2e-05,2.438070823886487,0.0829901471734047,0.06302332715131342,0.06330718426033854,0.09463149309158325
4237,4237,4.065877914428711,4.069589138031006,2e-05,2.438119946400922,0.08331402391195297,0.0630365691613406,0.06332176271826029,0.09465855732560158
4238,4238,4.069244384765625,4.08187198638916,2e-05,2.438201707928431,0.08330437541007996,0.06303366576321423,0.06331930542364717,0.09468000940978527
4239,4239,4.069488525390625,4.067080974578857,2e-05,2.4380501590308223,0.08335832506418228,0.06305821938440204,0.06333976797759533,0.09470807202160358
4240,4240,4.066020965576172,4.073706150054932,2e-05,2.439177832075496,0.08295724913477898,0.0630552142392844,0.0633422895334661,0.09473097883164883
4241,4241,4.0677337646484375,4.066435813903809,2e-05,2.438152428847847,0.08314038254320621,0.06307332403957844,0.06336043262854218,0.09475814551115036
4242,4242,4.065332412719727,4.075541019439697,2e-05,2.438225820822702,0.08334816060960293,0.06308208289556205,0.06336942175403237,0.09478222392499447
4243,4243,4.065704822540283,4.0712175369262695,2e-05,2.439955586574829,0.08329874277114868,0.06309627811424434,0.06338188843801618,0.09480837732553482
4244,4244,4.069436073303223,4.066640377044678,2e-05,2.4384517934340844,0.0830715037882328,0.06309740664437413,0.06338755693286657,0.09483171813189983
4245,4245,4.072413921356201,4.069575309753418,2e-05,2.4394360437770657,0.08341705612838268,0.06311607826501131,0.06339958030730486,0.09485694952309132
4246,4246,4.079274654388428,4.073110580444336,2e-05,2.438376353929417,0.08328609354794025,0.06312052020803094,0.06340524414554238,0.09488048031926155
4247,4247,4.07793664932251,4.081453800201416,2e-05,2.4397713525029654,0.08351111970841885,0.06313378596678376,0.06342418072745204,0.0949072614312172
4248,4248,4.074138641357422,4.0737457275390625,2e-05,2.438218498819161,0.08339064382016659,0.06315036839805543,0.06343561271205544,0.09493239037692547
4249,4249,4.079769134521484,4.062464714050293,2e-05,2.4397708911286937,0.08367376029491425,0.0631653550080955,0.06344547728076577,0.09495765157043934
4250,4250,4.061845302581787,4.068660736083984,2e-05,2.438236637924013,0.08335478603839874,0.06316737574525177,0.06345308944582939,0.0949816145002842
4251,4251,4.065053939819336,4.067820072174072,2e-05,2.440143686353818,0.08333108201622963,0.06317882495932281,0.06346898851916194,0.09500731341540813
4252,4252,4.061357021331787,4.075499534606934,2e-05,2.438159569528898,0.0835682675242424,0.06318916357122362,0.06347536155954003,0.09503151476383209
4253,4253,4.073525428771973,4.073479652404785,2e-05,2.4354160515882928,0.08320609852671623,0.06319041713140905,0.06347992876544595,0.0950546320527792
4254,4254,4.073130130767822,4.07186222076416,2e-05,2.438347363714334,0.08331581763923168,0.0632084880489856,0.06349711259827018,0.09508131630718708
4255,4255,4.0749192237854,4.077626705169678,2e-05,2.4400078840617976,0.08336588740348816,0.06322429468855262,0.06351378280669451,0.09510785713791847
4256,4256,4.070535659790039,4.0648674964904785,2e-05,2.4391571072561082,0.08359688334167004,0.06323056668043137,0.06352199614048004,0.09513224475085735
4257,4257,4.064388275146484,4.073263168334961,2e-05,2.4400553448365234,0.0836296807974577,0.06324626551941037,0.06353309098631144,0.0951569639146328
4258,4258,4.058143138885498,4.065891742706299,2e-05,2.4386344276713845,0.08359482511878014,0.06325631961226463,0.06354217743501067,0.0951814129948616
4259,4259,4.062226295471191,4.0766072273254395,2e-05,2.4356401152323697,0.0835556760430336,0.06325807352550328,0.06354879913851619,0.09520550444722176
4260,4260,4.0601043701171875,4.071078777313232,2e-05,2.4350175949374,0.08364262245595455,0.06328302947804332,0.06356922117993236,0.09523293934762478
4261,4261,4.06971549987793,4.063411712646484,2e-05,2.433091351343746,0.08396882191300392,0.0632838646415621,0.0635721585713327,0.09525593370199203
4262,4262,4.062754154205322,4.064322471618652,2e-05,2.4360408773804143,0.08393316715955734,0.06329640885815024,0.06358212325721979,0.0952819213271141
4263,4263,4.072762966156006,4.0796356201171875,2e-05,2.4400165058736976,0.0836037453263998,0.06330507225356996,0.06359464302659035,0.09530669637024403
4264,4264,4.065561294555664,4.067955493927002,2e-05,2.441156048915121,0.08367059752345085,0.06331225438043475,0.06359894759953022,0.09532986953854561
4265,4265,4.06547212600708,4.078226566314697,2e-05,2.4393703111372034,0.0837327092885971,0.06332550290971994,0.06361088901758194,0.095356035977602
4266,4266,4.067695140838623,4.075188636779785,2e-05,2.4395679805153114,0.08376888744533062,0.06333919940516353,0.06362007604911923,0.09538108296692371
4267,4267,4.065121650695801,4.0697479248046875,2e-05,2.440265271075849,0.08390340209007263,0.0633553636725992,0.06364089157432318,0.09540816955268383
4268,4268,4.070018291473389,4.0627007484436035,2e-05,2.4384220772719187,0.08378568664193153,0.06335546774789691,0.06364968791604042,0.09543422423303127
4269,4269,4.066512107849121,4.067324638366699,2e-05,2.4326350120415103,0.08385217003524303,0.0633772318251431,0.06366221932694316,0.09545969404280186
4270,4270,4.067567348480225,4.067461967468262,2e-05,2.430002772835624,0.08361957594752312,0.063379728468135,0.06366933044046164,0.09548375755548477
4271,4271,4.066017150878906,4.065566062927246,2e-05,2.4267281889590326,0.08390730433166027,0.06339545734226704,0.06368103483691812,0.09551017731428146
4272,4272,4.068565845489502,4.074841499328613,2e-05,2.4280191390015347,0.08378185704350471,0.06340888934209943,0.06369578558951616,0.0955361109226942
4273,4273,4.061506748199463,4.081847190856934,2e-05,2.4288756234958195,0.08397837541997433,0.06342659844085574,0.06370790116488934,0.0955623909831047
4274,4274,4.061528205871582,4.068249702453613,2e-05,2.4299091345891726,0.0840522050857544,0.06343159498646855,0.06371336011216044,0.09558636322617531
4275,4275,4.065103530883789,4.063370704650879,2e-05,2.4311692919597685,0.0839260146021843,0.06342972256243229,0.06372161116451025,0.09561089240014553
4276,4276,4.066510200500488,4.068692684173584,2e-05,2.431901741406529,0.08418959379196167,0.0634548591915518,0.06374286441132426,0.09563913382589817
4277,4277,4.06783390045166,4.077810287475586,2e-05,2.4326463016413555,0.0839226096868515,0.06346468511037529,0.06375170778483152,0.09566330164670944
4278,4278,4.061311721801758,4.064837455749512,2e-05,2.4341371522335677,0.08377023786306381,0.06346862833015621,0.06375473365187645,0.09568683058023453
4279,4279,4.0681867599487305,4.0683746337890625,2e-05,2.4310874508231772,0.0840349830687046,0.06348176393657923,0.06376963201910257,0.09571303054690361
4280,4280,4.075566291809082,4.065829277038574,2e-05,2.4343488032611815,0.08395898528397083,0.06349661340937018,0.06378434179350734,0.09573915787041187
4281,4281,4.065127849578857,4.074225425720215,2e-05,2.4362587938874274,0.08416455239057541,0.06350867380388081,0.06379561172798276,0.09576522372663021
4282,4282,4.074774742126465,4.0747270584106445,2e-05,2.4358643970362164,0.08404699712991714,0.06351148523390293,0.06380066322162747,0.09578841738402843
4283,4283,4.066376209259033,4.067013740539551,2e-05,2.437062668372495,0.08397182263433933,0.06352898036129773,0.06381434574723244,0.09581422619521618
4284,4284,4.069901466369629,4.062363624572754,2e-05,2.4357216654493064,0.08384918421506882,0.06354141281917691,0.06382649578154087,0.09584023430943489
4285,4285,4.068467617034912,4.07076358795166,2e-05,2.2699766194216617,0.0842259656637907,0.06354340421967208,0.06383211305364966,0.09586451575160027
4286,4286,4.060453414916992,4.066481590270996,2e-05,2.283265066645611,0.0839749276638031,0.06355898128822446,0.06384824262931943,0.09589041024446487
4287,4287,4.064047336578369,4.069965362548828,2e-05,2.2986054778999074,0.08399393782019615,0.06356708612293005,0.06385348038747907,0.09591462090611458
4288,4288,4.0753021240234375,4.065407752990723,2e-05,2.313043950388937,0.08400257490575314,0.06358235259540379,0.06386889284476638,0.09594143554568291
4289,4289,4.067564964294434,4.073040962219238,2e-05,2.3256367258424433,0.08416417986154556,0.0635963932145387,0.06388256000354886,0.09596691280603409
4290,4290,4.0631303787231445,4.067627906799316,2e-05,2.33709491206259,0.08421948924660683,0.06360226543620229,0.06388865411281586,0.09599149785935879
4291,4291,4.061942100524902,4.065817832946777,2e-05,2.3471222213543528,0.08438825234770775,0.06361873913556337,0.06390605168417096,0.09601806662976742
4292,4292,4.064300537109375,4.0648674964904785,2e-05,2.3576512631538047,0.08418131805956364,0.06362473336048424,0.06391352042555809,0.09604268334805965
4293,4293,4.0638813972473145,4.070374011993408,2e-05,2.3649326911745363,0.08412630297243595,0.06363215879537165,0.0639232462272048,0.0960678681731224
4294,4294,4.075167655944824,4.06224250793457,2e-05,2.3696219908581506,0.08440949022769928,0.06364959641359746,0.0639388607814908,0.09609385579824448
4295,4295,4.064302444458008,4.077594757080078,2e-05,2.211779074026082,0.08458465151488781,0.06366233201697469,0.0639480254612863,0.09611905179917812
4296,4296,4.06452751159668,4.070302963256836,2e-05,2.2351642457553744,0.08442131988704205,0.06367357447743416,0.06395868211984634,0.09614474512636662
4297,4297,4.063821315765381,4.072940349578857,2e-05,2.255515972958204,0.08428512699902058,0.06368218129500747,0.0639678300358355,0.09616951271891594
4298,4298,4.05879545211792,4.076324462890625,2e-05,2.274049481349727,0.08449473045766354,0.06368583999574184,0.06397872697561979,0.09619463980197906
4299,4299,4.077084541320801,4.069309234619141,2e-05,2.2903455351898323,0.08446007035672665,0.0637042245361954,0.06399463256821036,0.09622158668935299
4300,4300,4.06804084777832,4.069163799285889,2e-05,2.3054508138100043,0.08429363183677197,0.06371200270950794,0.06399721000343561,0.0962449423968792
4301,4301,4.056736946105957,4.070201873779297,2e-05,2.3185624269900478,0.08421179465949535,0.06371977156959474,0.06401220615953207,0.09627104178071022
4302,4302,4.071038722991943,4.0678019523620605,2e-05,2.33169914804167,0.08443449437618256,0.06373430509120226,0.06402517389506102,0.09629731997847557
4303,4303,4.066912651062012,4.077713489532471,2e-05,2.3415791782191,0.08420370519161224,0.06374605116434395,0.06403654301539063,0.09632274508476257
4304,4304,4.063533782958984,4.063996315002441,2e-05,2.352560729392038,0.08472254499793053,0.06375358626246452,0.06404344458132982,0.09634696692228317
4305,4305,4.065924167633057,4.064243316650391,2e-05,2.3598132988280396,0.08464634232223034,0.06376858428120613,0.06405820418149233,0.09637344814836979
4306,4306,4.068881034851074,4.06771183013916,2e-05,2.3690732328801234,0.08455748111009598,0.0637750281020999,0.06407204223796725,0.09639952145516872
4307,4307,4.0678863525390625,4.064869403839111,2e-05,2.3748519009166635,0.0843428298830986,0.06379091879352927,0.06407974055036902,0.09642373397946358
4308,4308,4.068059921264648,4.065457344055176,2e-05,2.3824234259182653,0.08452098444104195,0.06380509585142136,0.06409265473484993,0.09644924476742744
4309,4309,4.068637847900391,4.0721049308776855,2e-05,2.386588499773825,0.08460543304681778,0.06380918249487877,0.06409953953698277,0.09647406823933125
4310,4310,4.061332702636719,4.063681602478027,2e-05,2.3931985337123454,0.08484203740954399,0.0638245907612145,0.06411347258836031,0.0964997410774231
4311,4311,4.07347297668457,4.080044746398926,2e-05,2.3965765041523026,0.08474558591842651,0.06382830440998077,0.06411968357861042,0.09652327932417393
4312,4312,4.07208776473999,4.07305908203125,2e-05,2.40359766823009,0.08476682379841805,0.06384697463363409,0.06413978291675448,0.09655099362134933
4313,4313,4.073904037475586,4.067505836486816,2e-05,2.4042186423949277,0.08452066592872143,0.0638620899990201,0.06415421050041914,0.09657707996666431
4314,4314,4.066020965576172,4.070274353027344,2e-05,2.4051647923308868,0.08473118394613266,0.06387078948318958,0.06415938073769212,0.09660064801573753
4315,4315,4.063150405883789,4.064340114593506,2e-05,2.410960938659048,0.08474528044462204,0.06388000026345253,0.06416940875351429,0.09662560559809208
4316,4316,4.063982009887695,4.073441028594971,2e-05,2.4152684652568213,0.08456487953662872,0.06389239057898521,0.06418365612626076,0.09665105305612087
4317,4317,4.072561264038086,4.073444366455078,2e-05,2.4161237418992174,0.084607208147645,0.0639064279384911,0.06419854704290628,0.09667748957872391
4318,4318,4.0620012283325195,4.072261333465576,2e-05,2.420126027052596,0.08491713739931583,0.06391054345294833,0.06419944111257792,0.09670003317296505
4319,4319,4.068057060241699,4.069842338562012,2e-05,2.420382635280044,0.08457290567457676,0.06392050255089998,0.06421297648921609,0.09672552160918713
4320,4320,4.067647933959961,4.072535991668701,2e-05,2.422371357461,0.08490893989801407,0.06393841234967113,0.0642291228286922,0.09675268270075321
4321,4321,4.075623035430908,4.070623397827148,2e-05,2.4252926630179092,0.0849707368761301,0.0639507151208818,0.06424012081697583,0.09677774272859097
4322,4322,4.073476791381836,4.066177845001221,2e-05,2.4253953113627076,0.08487791568040848,0.06396060157567263,0.06425574608147144,0.09680399298667908
4323,4323,4.069870948791504,4.065680503845215,2e-05,2.426775146160387,0.08474273420870304,0.06397158466279507,0.06426521064713597,0.09682888723909855
4324,4324,4.067774772644043,4.070244312286377,2e-05,2.424176793042772,0.08468576520681381,0.06397146917879581,0.06426722137257457,0.09685149602591991
4325,4325,4.0622453689575195,4.071872234344482,2e-05,2.4294144956044668,0.08481770008802414,0.06398714240640402,0.06427922379225492,0.09687688760459423
4326,4326,4.061733722686768,4.066110610961914,2e-05,2.4301689348028,0.08500870876014233,0.06400659121572971,0.0642932471819222,0.09690363146364689
4327,4327,4.061250686645508,4.083456516265869,2e-05,2.4310218998929156,0.08495351672172546,0.0640163067728281,0.06431060889735818,0.0969302486628294
4328,4328,4.066822528839111,4.066193580627441,2e-05,2.4319552409322878,0.08513663709163666,0.06402657646685839,0.06431797333061695,0.09695403277873993
4329,4329,4.06931209564209,4.0632548332214355,2e-05,2.433957837004826,0.08488624915480614,0.06403885129839182,0.06433279206976295,0.09698036126792431
4330,4330,4.06423282623291,4.0710577964782715,2e-05,2.4333664214398945,0.08474434539675713,0.06405135802924633,0.06434010528028011,0.09700429998338223
4331,4331,4.0638580322265625,4.070108890533447,2e-05,2.4335230167237305,0.08508520759642124,0.06406385451555252,0.0643511158414185,0.09702951833605766
4332,4332,4.0607805252075195,4.066300392150879,2e-05,2.434139608453657,0.08507858216762543,0.06407164176926017,0.06436090962961316,0.09705469384789467
4333,4333,4.059796333312988,4.072166919708252,2e-05,2.4344675630395893,0.08516549691557884,0.06408283114433289,0.06437537213787436,0.09708077274262905
4334,4334,4.067681312561035,4.066289901733398,2e-05,2.435179456760833,0.08499700203537941,0.06409144820645452,0.06438597198575735,0.09710557386279106
4335,4335,4.062777996063232,4.063780784606934,2e-05,2.436597643507982,0.08468772657215595,0.0640971609391272,0.06439034314826131,0.09712911024689674
4336,4336,4.0585174560546875,4.064017295837402,2e-05,2.4319777868351147,0.08516666293144226,0.06411780556663871,0.06440844712778926,0.09715618006885052
4337,4337,4.061727523803711,4.069680213928223,2e-05,2.434052345002577,0.08523952029645443,0.06412577070295811,0.06442114524543285,0.0971821304410696
4338,4338,4.065408706665039,4.068332195281982,2e-05,2.4368257390438486,0.08483639359474182,0.06413273606449366,0.06442391546443105,0.09720487147569656
4339,4339,4.076199054718018,4.075742721557617,2e-05,2.438391333486405,0.08487660065293312,0.06414841255173087,0.06444081291556358,0.09723133407533169
4340,4340,4.060944557189941,4.064451217651367,2e-05,2.437146951045617,0.08537812903523445,0.06415773322805762,0.06445021089166403,0.09725666232407093
4341,4341,4.051573753356934,4.067020416259766,2e-05,2.4347116885650673,0.08511257730424404,0.06417576689273119,0.06446640146896243,0.09728295356035233
4342,4342,4.068586349487305,4.072661876678467,2e-05,2.4340245864755383,0.08499440923333168,0.06417882489040494,0.06447393167763948,0.09730686247348785
4343,4343,4.074087619781494,4.0663933753967285,2e-05,2.4357529740170905,0.08512523956596851,0.06420122785493731,0.0644883206114173,0.09733297489583492
4344,4344,4.05990743637085,4.067289352416992,2e-05,2.438446780661609,0.08527818508446217,0.06420024391263723,0.06449100840836763,0.0973558109253645
4345,4345,4.063826560974121,4.066777229309082,2e-05,2.439893432327285,0.08534209057688713,0.06422190507873893,0.06451182626187801,0.09738373942673206
4346,4346,4.059103965759277,4.068894386291504,2e-05,2.438647563307318,0.08520994521677494,0.06422406528145075,0.06451445538550615,0.09740663133561611
4347,4347,4.063502311706543,4.062466144561768,2e-05,2.440041332670577,0.08524240180850029,0.06423892546445131,0.06452909763902426,0.09743250533938408
4348,4348,4.06887149810791,4.064295768737793,2e-05,2.4347495833671053,0.08520365692675114,0.06424916628748178,0.064542630687356,0.09745843522250652
4349,4349,4.066143989562988,4.065071105957031,2e-05,2.440438837282507,0.0853116549551487,0.06425513746216893,0.06455050176009536,0.09748267196118832
4350,4350,4.070383071899414,4.067960739135742,2e-05,2.4388006836187923,0.08553251437842846,0.06425864109769464,0.06455666664987803,0.0975069236010313
4351,4351,4.070614814758301,4.066932201385498,2e-05,2.438872427950035,0.08545001037418842,0.06428412348031998,0.06457394082099199,0.09753391891717911
4352,4352,4.061707019805908,4.067378997802734,2e-05,2.438696414206444,0.08523241430521011,0.06429588003084064,0.0645916243083775,0.09755987487733364
4353,4353,4.061874866485596,4.081116676330566,2e-05,2.44064242895791,0.0854135062545538,0.06430666707456112,0.06459821714088321,0.09758489951491356
4354,4354,4.063375473022461,4.0722808837890625,2e-05,2.438692524621126,0.08532829023897648,0.06432092795148492,0.06461027963086963,0.09760978631675243
4355,4355,4.063942909240723,4.069982528686523,2e-05,2.438886152232956,0.08542154170572758,0.06433388916775584,0.06462503457441926,0.09763628803193569
4356,4356,4.057781219482422,4.068346977233887,2e-05,2.4388025542739618,0.08522781729698181,0.06433868454769254,0.06462885672226548,0.09765964932739735
4357,4357,4.060394287109375,4.066262722015381,2e-05,2.438391717097472,0.08552749827504158,0.06434351159259677,0.06463591801002622,0.0976844597607851
4358,4358,4.066531181335449,4.067203044891357,2e-05,2.4389063880951727,0.08562864363193512,0.06435625674203038,0.0646452778019011,0.09770892187952995
4359,4359,4.063203811645508,4.065596580505371,2e-05,2.439819377759103,0.08560837991535664,0.06437143078073859,0.06466075964272022,0.09773594327270985
4360,4360,4.058807373046875,4.0732598304748535,2e-05,2.4385149802379353,0.085620341822505,0.06437591649591923,0.06466443510726094,0.09775925055146217
4361,4361,4.065116882324219,4.071402549743652,2e-05,2.4386409168680134,0.08552005514502525,0.06439055362716317,0.06468524225056171,0.0977871622890234
4362,4362,4.064846038818359,4.069235801696777,2e-05,2.438855091787147,0.0855263490229845,0.06440528854727745,0.06469730054959655,0.09781290777027607
4363,4363,4.063788414001465,4.07797908782959,2e-05,2.438486643874203,0.08539380505681038,0.06441570539027452,0.06470990553498268,0.09783852659165859
4364,4364,4.061563014984131,4.066694736480713,2e-05,2.440115941108514,0.0855775885283947,0.06441892171278596,0.0647116107866168,0.09786148369312286
4365,4365,4.067607402801514,4.065771579742432,2e-05,2.4385320018695875,0.08546917140483856,0.06443601427599788,0.06472557131201029,0.09788755513727665
4366,4366,4.064833641052246,4.081894874572754,2e-05,2.438697242670322,0.0858332421630621,0.06444678083062172,0.06473931344226003,0.09791394881904125
4367,4367,4.069509029388428,4.07417106628418,2e-05,2.438445031371965,0.08560852147638798,0.06445074314251542,0.06474839989095926,0.09793837554752827
4368,4368,4.06098747253418,4.067322731018066,2e-05,2.436033766612551,0.08574958145618439,0.06446676747873425,0.06475922092795372,0.09796418994665146
4369,4369,4.0701165199279785,4.064684867858887,2e-05,2.43954656582146,0.08565553091466427,0.06448003137484193,0.06477253884077072,0.09799022786319256
4370,4370,4.063544750213623,4.060442924499512,2e-05,2.440557315113786,0.08556732721626759,0.06447501201182604,0.06477265013381839,0.09801284223794937
4371,4371,4.080449104309082,4.068502426147461,2e-05,2.2737796460877626,0.08574231341481209,0.06449842033907771,0.06479601003229618,0.09804187342524529
4372,4372,4.073677062988281,4.07335901260376,2e-05,2.2906493280680555,0.08566429279744625,0.06450785743072629,0.06480325991287827,0.09806663729250431
4373,4373,4.0657782554626465,4.076132774353027,2e-05,2.305731069932434,0.08570630103349686,0.06452597258612514,0.064820212777704,0.09809370711445808
4374,4374,4.070472717285156,4.066800117492676,2e-05,2.319073913926889,0.08560869842767715,0.06452564941719174,0.06481943046674132,0.09811642579734325
4375,4375,4.0615949630737305,4.063032150268555,2e-05,2.330910142990964,0.08574775233864784,0.06453633261844516,0.06482979701831937,0.09814226068556309
4376,4376,4.064003944396973,4.070005893707275,2e-05,2.3414809348245824,0.08585088513791561,0.06454564491286874,0.06484095007181168,0.0981684047728777
4377,4377,4.06242561340332,4.068990707397461,2e-05,2.3514829374231563,0.08556799963116646,0.06456323340535164,0.06485434202477336,0.09819411672651768
4378,4378,4.058619499206543,4.059563636779785,2e-05,2.3602147435051393,0.08619899302721024,0.06456647533923388,0.06485770037397742,0.0982183925807476
4379,4379,4.068225383758545,4.070424556732178,2e-05,2.2046791945744943,0.08558149076998234,0.064586216583848,0.06487609911710024,0.09824587590992451
4380,4380,4.073391914367676,4.064343452453613,2e-05,2.2284041469136184,0.08582394011318684,0.06459046062082052,0.06488818628713489,0.09827174432575703
4381,4381,4.072275161743164,4.07220983505249,2e-05,2.249268143127408,0.08590280264616013,0.06460733339190483,0.0649006306193769,0.098297955468297
4382,4382,4.064495086669922,4.0684404373168945,2e-05,2.2681890009520322,0.0860811211168766,0.06461363099515438,0.0649063284508884,0.09832287579774857
4383,4383,4.068680763244629,4.072840213775635,2e-05,2.285222892581967,0.08577276952564716,0.06462649488821626,0.06492162216454744,0.09834861569106579
4384,4384,4.08371114730835,4.069161415100098,2e-05,2.300780579664127,0.08603779599070549,0.06463416991755366,0.06493075704202056,0.09837470389902592
4385,4385,4.072220802307129,4.068160533905029,2e-05,2.314528011438571,0.08570855297148228,0.06464380770921707,0.06493810703977942,0.0983993373811245
4386,4386,4.0648298263549805,4.0614776611328125,2e-05,2.326830766597682,0.08623850531876087,0.06466278713196516,0.06495453137904406,0.09842613525688648
4387,4387,4.062727451324463,4.0665459632873535,2e-05,2.3382156986403033,0.0858078096061945,0.06467262515798211,0.06496441829949617,0.09845159761607647
4388,4388,4.067368030548096,4.066771984100342,2e-05,2.3480269721715787,0.08608512952923775,0.0646744747646153,0.0649687685072422,0.09847595170140266
4389,4389,4.063076019287109,4.073137283325195,2e-05,2.3570020009305406,0.08577928319573402,0.06468361057341099,0.06498249946162105,0.09850239008665085
4390,4390,4.063754081726074,4.071569442749023,2e-05,2.3663516222942156,0.08622516319155693,0.06469670683145523,0.06499207997694612,0.09852767921984196
4391,4391,4.066029071807861,4.080835342407227,2e-05,2.3725868311024167,0.08618749491870403,0.0647056344896555,0.06500057363882661,0.09855317696928978
4392,4392,4.059281826019287,4.076636791229248,2e-05,2.379402995201123,0.08600902371108532,0.06471492303535342,0.0650126226246357,0.09857886284589767
4393,4393,4.06477689743042,4.067407131195068,2e-05,2.3858439588306135,0.08596038073301315,0.06472486210986972,0.06501708645373583,0.09860306605696678
4394,4394,4.064485549926758,4.074304580688477,2e-05,2.392083831956269,0.086095305159688,0.06473891483619809,0.06503373198211193,0.09863076731562614
4395,4395,4.06132698059082,4.070429801940918,2e-05,2.3952221702039456,0.08634898439049721,0.06474492466077209,0.0650400579907,0.09865511953830719
4396,4396,4.063234329223633,4.068220615386963,2e-05,2.4027232789482893,0.08624381758272648,0.06475872499868274,0.06505475006997585,0.09868215024471283
4397,4397,4.0573835372924805,4.078395843505859,2e-05,2.4042712413013345,0.08641841448843479,0.06477476703003049,0.06507113436236978,0.09870908968150616
4398,4398,4.0619001388549805,4.075055122375488,2e-05,2.4082288083087846,0.0862566102296114,0.06478140270337462,0.06507940823212266,0.09873427078127861
4399,4399,4.064056396484375,4.067782402038574,2e-05,2.4103118534050485,0.08595380000770092,0.06478921137750149,0.0650838976725936,0.09875798225402832
4400,4400,4.066235542297363,4.071287155151367,2e-05,2.413793978210831,0.08613578975200653,0.06479190709069371,0.0650885128416121,0.09878222458064556
4401,4401,4.062917709350586,4.063623428344727,2e-05,2.41566304291154,0.08611561544239521,0.06481267092749476,0.06510731112211943,0.09880990348756313
4402,4402,4.063679218292236,4.065107822418213,2e-05,2.4185671607237795,0.08634400181472301,0.06481230026111007,0.06511201383545995,0.09883390925824642
4403,4403,4.06260347366333,4.060442924499512,2e-05,2.4199758895283643,0.08634139597415924,0.06483772955834866,0.06513255881145597,0.09886148944497108
4404,4404,4.065051078796387,4.062375068664551,2e-05,2.4226615952569084,0.08635767921805382,0.06483614351600409,0.06513389805331826,0.09888455085456371
4405,4405,4.063011646270752,4.066028594970703,2e-05,2.422836584763708,0.08644666336476803,0.06485110893845558,0.06514674611389637,0.09891079179942608
4406,4406,4.057445526123047,4.064054489135742,2e-05,2.425775205093448,0.08628727309405804,0.06486621033400297,0.06516015948727727,0.09893646836280823
4407,4407,4.067251205444336,4.063751220703125,2e-05,2.4257367112252246,0.0866025798022747,0.06486482499167323,0.0651621175929904,0.09896034002304077
4408,4408,4.071303844451904,4.060525894165039,2e-05,2.4284094823101827,0.08655224926769733,0.06488066399469972,0.06517395749688148,0.09898528829216957
4409,4409,4.059030055999756,4.066117763519287,2e-05,2.428185244001923,0.08627712354063988,0.0648889783769846,0.06519024958834052,0.09901192784309387
4410,4410,4.065281391143799,4.056618690490723,2e-05,2.429349279293617,0.08648397587239742,0.06490736873820424,0.06520715355873108,0.09903928823769093
4411,4411,4.066594123840332,4.0718231201171875,2e-05,2.26396415876572,0.08648544549942017,0.0649156509898603,0.06521167885512114,0.09906301088631153
4412,4412,4.0730743408203125,4.062195777893066,2e-05,2.2809300324874595,0.0863646175712347,0.06491998210549355,0.06521796528249979,0.09908736869692802
4413,4413,4.056624412536621,4.068797588348389,2e-05,2.298004095288998,0.08687268383800983,0.06493080127984285,0.0652274708263576,0.09911352209746838
4414,4414,4.063636779785156,4.071994304656982,2e-05,2.3105183859812186,0.0866718515753746,0.06493744067847729,0.06523665506392717,0.09913792833685875
4415,4415,4.065956115722656,4.075614929199219,2e-05,2.320918188704655,0.08658592216670513,0.06495513813570142,0.06525195110589266,0.0991643164306879
4416,4416,4.060605049133301,4.074125289916992,2e-05,2.3358479443808062,0.08639342524111271,0.06497357692569494,0.06526486482471228,0.09919033013284206
4417,4417,4.060757160186768,4.059037208557129,2e-05,2.3471493614461316,0.08632761426270008,0.0649754349142313,0.06527091795578599,0.09921473078429699
4418,4418,4.0682220458984375,4.069464683532715,2e-05,2.355115345913554,0.08631261996924877,0.0649850470945239,0.06528230430558324,0.09924066253006458
4419,4419,4.059055805206299,4.063613414764404,2e-05,2.364870968807024,0.0866568274796009,0.06499644927680492,0.06529161194339395,0.0992660354822874
4420,4420,4.066740036010742,4.068321704864502,2e-05,2.371030993202613,0.08681425079703331,0.06500197108834982,0.06529842782765627,0.09929067268967628
4421,4421,4.065462589263916,4.061402797698975,2e-05,2.374590733695845,0.08656162023544312,0.06501644244417548,0.0653142724186182,0.09931688383221626
4422,4422,4.060552597045898,4.0601959228515625,2e-05,2.383714462995565,0.08650567941367626,0.06503319134935737,0.06532557588070631,0.09934255294501781
4423,4423,4.061269760131836,4.064922332763672,2e-05,2.389081522147936,0.08679922670125961,0.06504463031888008,0.06533594988286495,0.09936823882162571
4424,4424,4.0620036125183105,4.063354015350342,2e-05,2.394150804587014,0.08646170981228352,0.06505180802196264,0.06534613482654095,0.09939362294971943
4425,4425,4.06677770614624,4.067889213562012,2e-05,2.3985441532332943,0.08696053549647331,0.06505640828981996,0.06535641197115183,0.09941934421658516
4426,4426,4.058671951293945,4.0693488121032715,2e-05,2.4036603104139664,0.08659611456096172,0.06507380632683635,0.0653683259151876,0.09944531507790089
4427,4427,4.061313629150391,4.064231872558594,2e-05,2.406259486588071,0.08661577105522156,0.06507823942229152,0.06537859980016947,0.09947102516889572
4428,4428,4.063507080078125,4.067493915557861,2e-05,2.4092970479668625,0.08667456172406673,0.06508763087913394,0.06538650440052152,0.09949607774615288
4429,4429,4.059724807739258,4.070807456970215,2e-05,2.4139075785491633,0.08687512204051018,0.06509601604193449,0.06539144972339272,0.09952094405889511
4430,4430,4.059850692749023,4.066211700439453,2e-05,2.4149023159945937,0.08709564059972763,0.06511512771248817,0.06540926778689027,0.09954842552542686
4431,4431,4.062191486358643,4.06196928024292,2e-05,2.417461289180229,0.08690640702843666,0.06511791097000241,0.06541553139686584,0.09957283176481724
4432,4432,4.073563098907471,4.06399393081665,2e-05,2.4197079706760922,0.0867009237408638,0.06513495091348886,0.0654332241974771,0.09960061125457287
4433,4433,4.057230472564697,4.075058460235596,2e-05,2.4215677820057055,0.0869898870587349,0.06514639826491475,0.06544661847874522,0.0996266845613718
4434,4434,4.060092926025391,4.069026947021484,2e-05,2.4231017795621783,0.08704524114727974,0.06515168165788054,0.06544915866106749,0.09965081140398979
4435,4435,4.066130638122559,4.060396671295166,2e-05,2.4245778554532746,0.08686546236276627,0.06516002584248781,0.0654589431360364,0.09967626444995403
4436,4436,4.0549468994140625,4.0672502517700195,2e-05,2.4263642923525834,0.08672133274376392,0.0651745698414743,0.0654713325202465,0.09970200806856155
4437,4437,4.073033809661865,4.065189361572266,2e-05,2.427486829876777,0.08694861456751823,0.06517683994024992,0.06547870207577944,0.09972711652517319
4438,4438,4.065244674682617,4.061395645141602,2e-05,2.428302869819315,0.08665483631193638,0.06519479025155306,0.06549205956980586,0.0997533667832613
4439,4439,4.066875457763672,4.063656330108643,2e-05,2.4260390531700655,0.08689665421843529,0.06520385527983308,0.06550418771803379,0.09977917186915874
4440,4440,4.070033073425293,4.061885356903076,2e-05,2.4323377227316,0.086891183629632,0.06521736178547144,0.06551770446822047,0.09980536624789238
4441,4441,4.07136869430542,4.063892841339111,2e-05,2.4316379125265177,0.08697742782533169,0.0652225986123085,0.06552249426022172,0.09982929565012455
4442,4442,4.069216728210449,4.064792633056641,2e-05,2.4337844468282563,0.08693919330835342,0.06523795332759619,0.06554191885516047,0.09985711239278316
4443,4443,4.06049919128418,4.067669868469238,2e-05,2.4328488380536193,0.08690086007118225,0.06525263097137213,0.06555036781355739,0.09988197311758995
4444,4444,4.0639801025390625,4.062124729156494,2e-05,2.430671423645818,0.0873480997979641,0.06524527259171009,0.06554378010332584,0.09990306757390499
4445,4445,4.068076133728027,4.0655999183654785,2e-05,2.4341644011662975,0.08686135709285736,0.06527116103097796,0.06557292910292745,0.09993281774222851
4446,4446,4.059993267059326,4.068734169006348,2e-05,2.43175703761369,0.0870435144752264,0.06527729146182537,0.06558070937171578,0.09995746985077858
4447,4447,4.058619499206543,4.061473369598389,2e-05,2.4311693289398804,0.08733413182199001,0.06528891529887915,0.06558575853705406,0.09998133964836597
4448,4448,4.060385704040527,4.082484245300293,2e-05,2.4294321145343183,0.08717509359121323,0.06529872119426727,0.06559637608006597,0.10000629909336567
4449,4449,4.06813907623291,4.068492889404297,2e-05,2.428844052568253,0.08698850125074387,0.06530903605744243,0.06560727534815669,0.10003179125487804
4450,4450,4.065507888793945,4.064464569091797,2e-05,2.4243878148635116,0.08684011548757553,0.06532066781073809,0.0656199362128973,0.10005714930593967
4451,4451,4.064730167388916,4.070883274078369,2e-05,2.419011361674096,0.08733408711850643,0.06533107999712229,0.06562736444175243,0.10008247755467892
4452,4452,4.064192771911621,4.0692949295043945,2e-05,2.416834269636775,0.08730593882501125,0.06534333620220423,0.06564609939232469,0.1001095101237297
4453,4453,4.070059776306152,4.066983222961426,2e-05,2.4117640398943725,0.08736847154796124,0.0653564534150064,0.06565611576661468,0.10013503208756447
4454,4454,4.0664849281311035,4.062612533569336,2e-05,2.4110810498233453,0.0874753538519144,0.0653644697740674,0.0656618271023035,0.10015927813947201
4455,4455,4.0579938888549805,4.063722133636475,2e-05,2.4155945296374792,0.0872488934546709,0.0653757844120264,0.06567542627453804,0.10018549486994743
4456,4456,4.059401512145996,4.071398735046387,2e-05,2.4163902261610977,0.0874058548361063,0.0653858701698482,0.06568393670022488,0.10021071694791317
4457,4457,4.058526992797852,4.063869953155518,2e-05,2.4161125300512056,0.08738129958510399,0.06539415428414941,0.06569419102743268,0.10023613274097443
4458,4458,4.064168930053711,4.087822914123535,2e-05,2.4208191262228667,0.08753537200391293,0.06540815159678459,0.06570806028321385,0.10026249289512634
4459,4459,4.056209087371826,4.054783344268799,2e-05,2.4206464830511916,0.08738224022090435,0.06541760358959436,0.06571721052750945,0.10028824396431446
4460,4460,4.060637950897217,4.059033393859863,2e-05,2.251735419667064,0.08742986246943474,0.06543471943587065,0.06573279341682792,0.10031509213149548
4461,4461,4.065135955810547,4.069698333740234,2e-05,2.269185345042882,0.08749142661690712,0.0654388559050858,0.06573890801519156,0.10033971257507801
4462,4462,4.06552791595459,4.066964149475098,2e-05,2.2849291403508163,0.08722391538321972,0.06544778496026993,0.0657471171580255,0.10036437772214413
4463,4463,4.062804222106934,4.06821870803833,2e-05,2.301731009614667,0.08750946260988712,0.0654622595757246,0.06576461484655738,0.10039203241467476
4464,4464,4.059126853942871,4.068531513214111,2e-05,2.313813644558011,0.08760706894099712,0.06546297948807478,0.06576585443690419,0.10041581466794014
4465,4465,4.056122779846191,4.075165748596191,2e-05,2.3277823337034653,0.08760037459433079,0.06548721948638558,0.0657875407487154,0.1004444770514965
4466,4466,4.0652899742126465,4.0623273849487305,2e-05,2.3376377045111068,0.08724437840282917,0.0654913242906332,0.06579447584226727,0.10046869143843651
4467,4467,4.062539100646973,4.0663042068481445,2e-05,2.3490203017362288,0.08789712004363537,0.06551484717056155,0.06581166759133339,0.10049713216722012
4468,4468,4.079085350036621,4.056970596313477,2e-05,2.3572954340772383,0.08763586729764938,0.06552044628188014,0.06581874564290047,0.10052185505628586
4469,4469,4.068941116333008,4.0669450759887695,2e-05,2.364894190883878,0.08730634301900864,0.06552826426923275,0.06583131803199649,0.10054808296263218
4470,4470,4.061929702758789,4.062132835388184,2e-05,2.372056354999321,0.08773329854011536,0.06554365064948797,0.06583732087165117,0.10057300701737404
4471,4471,4.056734561920166,4.066061496734619,2e-05,2.37903503495379,0.08750480972230434,0.06555057829245925,0.06584739312529564,0.10059848427772522
4472,4472,4.062243461608887,4.057620525360107,2e-05,2.3849723778131304,0.08769919723272324,0.06556058907881379,0.06586053920909762,0.10062488913536072
4473,4473,4.068183898925781,4.062732696533203,2e-05,2.3901352422834794,0.08765487372875214,0.0655690049752593,0.06587207922711968,0.10065096244215965
4474,4474,4.055644512176514,4.060041427612305,2e-05,2.395222213077035,0.08750725910067558,0.06558441184461117,0.06588661624118686,0.10067750886082649
4475,4475,4.061989784240723,4.072608470916748,2e-05,2.399234072916655,0.08749031089246273,0.06560350675135851,0.06590356677770615,0.10070485807955265
4476,4476,4.0550665855407715,4.067160606384277,2e-05,2.4036216762081115,0.08785211108624935,0.065606698859483,0.06590858893468976,0.10072937235236168
4477,4477,4.064933776855469,4.061944007873535,2e-05,2.4071071807246653,0.08753017336130142,0.06561834178864956,0.06591608095914125,0.10075433924794197
4478,4478,4.062934875488281,4.063108444213867,2e-05,2.41138253635252,0.08752434141933918,0.06562638096511364,0.06592750689014792,0.10077964700758457
4479,4479,4.061742782592773,4.067875385284424,2e-05,2.4128407226389887,0.08800500817596912,0.06563193863257766,0.06593109667301178,0.10080354288220406
4480,4480,4.0627851486206055,4.066617965698242,2e-05,2.4156434658926704,0.0876498892903328,0.06564463255926967,0.06594525231048465,0.10082976520061493
4481,4481,4.056405544281006,4.063907146453857,2e-05,2.418036055958144,0.08761223405599594,0.0656580445356667,0.06595966266468167,0.10085638612508774
4482,4482,4.059517860412598,4.063587188720703,2e-05,2.42009889537256,0.08789417520165443,0.06566872913390398,0.06596784200519323,0.10088135488331318
4483,4483,4.064371109008789,4.0568084716796875,2e-05,2.417989651381771,0.08789579011499882,0.06567956879734993,0.06598023977130651,0.10090713948011398
4484,4484,4.065629959106445,4.0652875900268555,2e-05,2.4181520304911124,0.08785255439579487,0.0656977379694581,0.0660003419034183,0.10093503817915916
4485,4485,4.068033218383789,4.057435512542725,2e-05,2.41903803217559,0.08793822303414345,0.06570317503064871,0.06600343948230147,0.10095838457345963
4486,4486,4.060962677001953,4.054241180419922,2e-05,2.4208181877131656,0.08777477964758873,0.06571216881275177,0.0660134139470756,0.10098362900316715
4487,4487,4.060102462768555,4.070949554443359,2e-05,2.2588087312684286,0.08795098215341568,0.06572789046913385,0.06602821499109268,0.10101081803441048
4488,4488,4.055335998535156,4.072759628295898,2e-05,2.2734046745173333,0.08792661130428314,0.06573568610474467,0.0660388134419918,0.10103630647063255
4489,4489,4.055174827575684,4.063757419586182,2e-05,2.2911295397499853,0.08794921822845936,0.06574507569894195,0.06604973925277591,0.10106180422008038
4490,4490,4.057410717010498,4.061961650848389,2e-05,2.305073312331371,0.08785318769514561,0.06575801828876138,0.06606250023469329,0.10108853876590729
4491,4491,4.066701412200928,4.0645952224731445,2e-05,2.3186100580451003,0.08794703893363476,0.06576479645445943,0.06606552004814148,0.10111154429614544
4492,4492,4.055103302001953,4.06473970413208,2e-05,2.3312366277555827,0.08815096132457256,0.06577886547893286,0.06608406268060207,0.10113904252648354
4493,4493,4.056150436401367,4.068534851074219,2e-05,2.341144262582077,0.0880360770970583,0.06579004554077983,0.0660898583009839,0.10116371884942055
4494,4494,4.071193218231201,4.062019348144531,2e-05,2.3524991513108127,0.08791433833539486,0.0658055730164051,0.06610313802957535,0.1011896263808012
4495,4495,4.062646865844727,4.064063549041748,2e-05,2.359697132855861,0.08796845935285091,0.06581304967403412,0.06611589062958956,0.10121530294418335
4496,4496,4.06926155090332,4.064571380615234,2e-05,2.3649767826825605,0.08773501217365265,0.06582581484690309,0.06612722482532263,0.10124103352427483
4497,4497,4.0615763664245605,4.068460464477539,2e-05,2.3711363645027244,0.08790121227502823,0.06583625404164195,0.06613868521526456,0.10126619972288609
4498,4498,4.06374454498291,4.059148788452148,2e-05,2.3791380547197987,0.08821150474250317,0.06585369445383549,0.0661531058140099,0.10129335895180702
4499,4499,4.0598554611206055,4.059080600738525,2e-05,2.3838038000891295,0.08811203390359879,0.06585772708058357,0.06615900993347168,0.10131704062223434
4500,4500,4.052826881408691,4.063758373260498,2e-05,2.3903595525034493,0.08808828331530094,0.0658653643913567,0.06616705702617764,0.10134122148156166
4501,4501,4.064483642578125,4.054511070251465,2e-05,2.3942989698806376,0.08806856162846088,0.06587049784138799,0.06617569411173463,0.10136610083281994
4502,4502,4.072140693664551,4.062678337097168,2e-05,2.403933548932035,0.08817458152770996,0.06588905723765492,0.06619404349476099,0.10139376111328602
4503,4503,4.058850288391113,4.063229560852051,2e-05,2.405929061565277,0.08819677121937275,0.06590284453704953,0.06620879843831062,0.10141946002840996
4504,4504,4.067455291748047,4.069903373718262,2e-05,2.4067844505318603,0.08828590251505375,0.06591379828751087,0.06622010190039873,0.10144498758018017
4505,4505,4.055933952331543,4.058820724487305,2e-05,2.4125022354837418,0.08812320977449417,0.06592178251594305,0.06622414430603385,0.10146893747150898
4506,4506,4.070362091064453,4.061122894287109,2e-05,2.416570972927199,0.08813339658081532,0.06592816300690174,0.06623340444639325,0.10149330087006092
4507,4507,4.061664581298828,4.0556230545043945,2e-05,2.4180367423829905,0.08836671896278858,0.06594972219318151,0.06624839035794139,0.10152082704007626
4508,4508,4.061814785003662,4.066835880279541,2e-05,2.4207532417743267,0.08824842050671577,0.065957963000983,0.06625902093946934,0.10154567286372185
4509,4509,4.0596089363098145,4.064356803894043,2e-05,2.4211696831136322,0.08814531192183495,0.06596183031797409,0.06626940332353115,0.10157106816768646
4510,4510,4.062381744384766,4.060809135437012,2e-05,2.4254106190599414,0.08837957493960857,0.06597547419369221,0.06627874542027712,0.10159625858068466
4511,4511,4.058389663696289,4.062687873840332,2e-05,2.424404883590546,0.08810608834028244,0.06598612107336521,0.06629151059314609,0.10162181779742241
4512,4512,4.066900253295898,4.058929443359375,2e-05,2.4255546588715813,0.08826382830739021,0.06600296869874,0.06630332535132766,0.10164741985499859
4513,4513,4.062477111816406,4.077869892120361,2e-05,2.428333699295831,0.08834412507712841,0.06600786559283733,0.06630972819402814,0.10167157091200352
4514,4514,4.059828281402588,4.060005187988281,2e-05,2.428623196114759,0.08830632083117962,0.06602225359529257,0.06632832391187549,0.10169927030801773
4515,4515,4.065893173217773,4.065812110900879,2e-05,2.4291605653930803,0.08826925605535507,0.0660312813706696,0.06633340148255229,0.1017233282327652
4516,4516,4.064269065856934,4.0582475662231445,2e-05,2.430071704789539,0.08828360214829445,0.06604491081088781,0.0663426355458796,0.10174791514873505
4517,4517,4.060300350189209,4.065738677978516,2e-05,2.4312060770467903,0.08806809037923813,0.0660539218224585,0.06635634042322636,0.10177390463650227
4518,4518,4.063601493835449,4.073453903198242,2e-05,2.431594021559177,0.08815264888107777,0.06605496257543564,0.06636200752109289,0.10179816000163555
4519,4519,4.053166389465332,4.060544967651367,2e-05,2.4324564782076505,0.08824071101844311,0.06607243977487087,0.06637859577313066,0.10182446800172329
4520,4520,4.075763702392578,4.0755205154418945,2e-05,2.4332583258686276,0.08843909949064255,0.06608557142317295,0.06638401048257947,0.10184861160814762
4521,4521,4.060796737670898,4.074025630950928,2e-05,2.4339458077239216,0.08831947669386864,0.06609515240415931,0.06639884877949953,0.10187458619475365
4522,4522,4.0640716552734375,4.074505805969238,2e-05,2.434322131060252,0.08833451941609383,0.0660996213555336,0.066402243450284,0.10189743153750896
4523,4523,4.063955783843994,4.062802314758301,2e-05,2.4347205263514486,0.08829019591212273,0.06611722707748413,0.0664195860736072,0.10192379541695118
4524,4524,4.058147430419922,4.0530009269714355,2e-05,2.435326740322239,0.08873297274112701,0.06613054173067212,0.066427584271878,0.10194860212504864
4525,4525,4.0688605308532715,4.060708045959473,2e-05,2.271829092756137,0.08852782659232616,0.06613390147686005,0.06643388187512755,0.10197224840521812
4526,4526,4.055905342102051,4.063491344451904,2e-05,2.2926417513105966,0.0886304173618555,0.06614916492253542,0.06645399611443281,0.10199960507452488
4527,4527,4.066647052764893,4.0641093254089355,2e-05,2.307331096835949,0.08883721567690372,0.06616421788930893,0.0664651389233768,0.10202481783926487
4528,4528,4.061111927032471,4.058351039886475,2e-05,2.3203620697754745,0.08844973891973495,0.0661720666103065,0.06647724006325006,0.10205006040632725
4529,4529,4.068183898925781,4.0719523429870605,2e-05,2.3325803579638973,0.08874129317700863,0.0661838692612946,0.06648670183494687,0.10207558609545231
4530,4530,4.059027194976807,4.060957908630371,2e-05,2.343135869212561,0.08889875188469887,0.06618247367441654,0.06648564012721181,0.10209804587066174
4531,4531,4.068850994110107,4.065367221832275,2e-05,2.3535863594651865,0.08853498287498951,0.06619785306975245,0.06650430709123611,0.1021252479404211
4532,4532,4.070365905761719,4.06374979019165,2e-05,2.3609914923116664,0.08866743929684162,0.0662126848474145,0.06651367526501417,0.10215055383741856
4533,4533,4.053791046142578,4.062668323516846,2e-05,2.3684485536309254,0.08896361850202084,0.06622877670451999,0.06653105607256293,0.10217802599072456
4534,4534,4.054891586303711,4.057245254516602,2e-05,2.375618721534568,0.0885001365095377,0.06622886890545487,0.06653364421799779,0.10220080986618996
4535,4535,4.066643714904785,4.05776309967041,2e-05,2.3821898393717693,0.08853748813271523,0.06622746540233493,0.06654096348211169,0.10222546942532063
4536,4536,4.054185390472412,4.069210052490234,2e-05,2.3876224386384233,0.08888077549636364,0.06625784561038017,0.0665594288147986,0.10225358605384827
4537,4537,4.057692527770996,4.067720890045166,2e-05,2.3932946025472144,0.08878366649150848,0.06626399420201778,0.066567228641361,0.10227835550904274
4538,4538,4.063035011291504,4.058219909667969,2e-05,2.397398840514452,0.08883731998503208,0.06626504426822066,0.06656831316649914,0.1023016907274723
4539,4539,4.063186168670654,4.0778303146362305,2e-05,2.401853539599972,0.08868517354130745,0.066285430919379,0.06659330846741796,0.10233072377741337
4540,4540,4.061466217041016,4.069159030914307,2e-05,2.405054273457505,0.08877961710095406,0.06629789480939507,0.06660313671454787,0.10235641524195671
4541,4541,4.0556745529174805,4.058557987213135,2e-05,2.4049825195962713,0.08914383873343468,0.06630597915500402,0.06661132676526904,0.10238169319927692
4542,4542,4.065578460693359,4.063724517822266,2e-05,2.407926469676696,0.08898786641657352,0.06631564861163497,0.06661489140242338,0.10240560956299305
4543,4543,4.056068420410156,4.06357479095459,2e-05,2.408922230688963,0.08895643055438995,0.06632763100787997,0.06663432298228145,0.10243352130055428
4544,4544,4.058242321014404,4.064030647277832,2e-05,2.4111053854585904,0.08900874853134155,0.0663339663296938,0.06664031278342009,0.10245821066200733
4545,4545,4.06464147567749,4.066252708435059,2e-05,2.413917627888557,0.08886503987014294,0.06634347373619676,0.06665090285241604,0.10248366557061672
4546,4546,4.062788963317871,4.060694217681885,2e-05,2.4163138245928524,0.08924219757318497,0.06635257415473461,0.06665931455790997,0.1025092601776123
4547,4547,4.061986923217773,4.058609962463379,2e-05,2.4196599038159707,0.08910474181175232,0.0663697044365108,0.06667223060503602,0.10253510065376759
4548,4548,4.0618577003479,4.057155609130859,2e-05,2.4204762885738766,0.08925080485641956,0.06637938739731908,0.06668779021129012,0.10256205312907696
4549,4549,4.055768013000488,4.065332412719727,2e-05,2.4223275374071367,0.08918394893407822,0.06638560211285949,0.06669103587046266,0.10258649848401546
4550,4550,4.0579376220703125,4.070425033569336,2e-05,2.424241458337607,0.08901145681738853,0.06639652419835329,0.06669839145615697,0.10261104814708233
4551,4551,4.0694661140441895,4.05191707611084,2e-05,2.4253003411423335,0.08907162770628929,0.0664176014252007,0.06672182166948915,0.10264013893902302
4552,4552,4.059648036956787,4.06141471862793,2e-05,2.256155146371251,0.0890834778547287,0.06642501708120108,0.06672968156635761,0.10266557894647121
4553,4553,4.06746768951416,4.05837869644165,2e-05,2.270723050281878,0.08918865397572517,0.06642287503927946,0.06673144828528166,0.10268893837928772
4554,4554,4.058216094970703,4.0546112060546875,2e-05,2.287406301556658,0.08930783160030842,0.0664408290758729,0.06674905586987734,0.10271680355072021
4555,4555,4.07277250289917,4.056541442871094,2e-05,2.3063228134831886,0.08915603533387184,0.06645604921504855,0.06675504706799984,0.10274155996739864
4556,4556,4.063953399658203,4.059067726135254,2e-05,2.320083793663165,0.08892187103629112,0.06645848508924246,0.066765031311661,0.102767214179039
4557,4557,4.060567378997803,4.068472862243652,2e-05,2.331412210967077,0.0893845483660698,0.066466448828578,0.06677388632670045,0.10279320739209652
4558,4558,4.061220645904541,4.070034980773926,2e-05,2.343307025217495,0.08920734748244286,0.06647545145824552,0.06678114971145988,0.10281736217439175
4559,4559,4.055539608001709,4.066948890686035,2e-05,2.352952049051459,0.08915282413363457,0.06650003371760249,0.06680077081546187,0.10284486226737499
4560,4560,4.054917812347412,4.0621490478515625,2e-05,2.360435836101586,0.08920942805707455,0.06650110194459558,0.0668070544488728,0.10286949016153812
4561,4561,4.062024116516113,4.0610198974609375,2e-05,2.3683457731478397,0.0893098060041666,0.0665078735910356,0.06681063864380121,0.1028932798653841
4562,4562,4.066363334655762,4.065958023071289,2e-05,2.375152556965781,0.08934320323169231,0.06653128797188401,0.06683444837108254,0.10292181931436062
4563,4563,4.05794620513916,4.062923431396484,2e-05,2.3816318202204987,0.08910158090293407,0.06653879303485155,0.06684365822002292,0.10294756107032299
4564,4564,4.0598602294921875,4.061110019683838,2e-05,2.387323136500616,0.0893812533468008,0.06653914926573634,0.06684527546167374,0.10297071561217308
4565,4565,4.052957057952881,4.0563249588012695,2e-05,2.392588758948454,0.0893410723656416,0.06656203791499138,0.0668666884303093,0.10299902968108654
4566,4566,4.071388244628906,4.056546211242676,2e-05,2.397180968225603,0.08942689746618271,0.06656616972759366,0.06687192711979151,0.10302391089498997
4567,4567,4.0612101554870605,4.074913501739502,2e-05,2.4012371863977373,0.0893775187432766,0.06657682498916984,0.06687986012548208,0.10304880701005459
4568,4568,4.057311058044434,4.059690475463867,2e-05,2.404862203434251,0.08926171809434891,0.06658452143892646,0.06688482081517577,0.10307261720299721
4569,4569,4.07540225982666,4.063782691955566,2e-05,2.409641414168878,0.08950955606997013,0.06659666867926717,0.0669010253623128,0.10310097970068455
4570,4570,4.055278778076172,4.058742046356201,2e-05,2.4109161669797015,0.0893265176564455,0.0666111595928669,0.06691723177209496,0.10312791168689728
4571,4571,4.0564165115356445,4.070647239685059,2e-05,2.4156662214454996,0.08940118737518787,0.06661871168762445,0.06692333286628127,0.10315256007015705
4572,4572,4.062171936035156,4.056456565856934,2e-05,2.4164412641991753,0.08958490751683712,0.06663180235773325,0.06693548057228327,0.10317914374172688
4573,4573,4.0569987297058105,4.063267707824707,2e-05,2.4159630137812553,0.08973281644284725,0.06664086738601327,0.06694101868197322,0.10320372134447098
4574,4574,4.051362037658691,4.0566630363464355,2e-05,2.4209931475436743,0.08969515934586525,0.06665521673858166,0.06696247914806008,0.10323254577815533
4575,4575,4.0548505783081055,4.067681789398193,2e-05,2.4243078237346145,0.08961115032434464,0.06666597304865718,0.0669719772413373,0.10325825028121471
4576,4576,4.059329986572266,4.063394069671631,2e-05,2.4247914342726,0.08962825126945972,0.0666644312441349,0.06697028083726764,0.10328127071261406
4577,4577,4.059023380279541,4.061181545257568,2e-05,2.42733109573664,0.08929558657109737,0.06667457660660148,0.06698316754773259,0.10330833867192268
4578,4578,4.0583367347717285,4.065819263458252,2e-05,2.4270087754464558,0.08968503214418888,0.06669371156021953,0.0669997907243669,0.10333556495606899
4579,4579,4.061400890350342,4.057295799255371,2e-05,2.425235319405528,0.08960490301251411,0.06670173862949014,0.06700673280283809,0.10336092859506607
4580,4580,4.056437969207764,4.069818019866943,2e-05,2.429416799978492,0.08986269868910313,0.06671912176534534,0.06702432036399841,0.10338907316327095
4581,4581,4.056537628173828,4.056613922119141,2e-05,2.432212764202207,0.08964211493730545,0.06672779563814402,0.06703343568369746,0.10341492667794228
4582,4582,4.068610191345215,4.053846836090088,2e-05,2.431393845151211,0.08977245725691319,0.06673567974939942,0.06703994981944561,0.1034400537610054
4583,4583,4.060590744018555,4.0513482093811035,2e-05,2.4331940366316243,0.08968056738376617,0.06674106139689684,0.06704918947070837,0.10346554033458233
4584,4584,4.05430793762207,4.070186138153076,2e-05,2.2694499705900344,0.08946354873478413,0.06675862288102508,0.06706313276663423,0.10349219478666782
4585,4585,4.0618977546691895,4.058009624481201,2e-05,2.2864567862241527,0.0896312054246664,0.06676578288897872,0.06707683950662613,0.1035192459821701
4586,4586,4.049513816833496,4.0578107833862305,2e-05,2.3018927937004694,0.08995201997458935,0.06676749465987086,0.06707691261544824,0.10354277677834034
4587,4587,4.066544532775879,4.060089111328125,2e-05,2.315692907741271,0.08939196355640888,0.06679030694067478,0.06709287641569972,0.10356933996081352
4588,4588,4.054706573486328,4.058849334716797,2e-05,2.327730910723194,0.08977361023426056,0.0667991484515369,0.06710405554622412,0.10359572991728783
4589,4589,4.057297706604004,4.073404312133789,2e-05,2.338476582797748,0.08947148732841015,0.06680826563388109,0.06711780745536089,0.10362238436937332
4590,4590,4.06879997253418,4.077380180358887,2e-05,2.3488406223782112,0.08975998312234879,0.06682343548163772,0.06712948065251112,0.10364771634340286
4591,4591,4.054265975952148,4.064573764801025,2e-05,2.3578639741807845,0.08973970077931881,0.06682548532262444,0.06713354121893644,0.10367201268672943
4592,4592,4.052690505981445,4.065366744995117,2e-05,2.366010603437937,0.08980948477983475,0.06684107752516866,0.06714843027293682,0.10369908809661865
4593,4593,4.055934429168701,4.060387134552002,2e-05,2.374323294657323,0.08989051543176174,0.06684604613110423,0.06715826131403446,0.10372425243258476
4594,4594,4.061060905456543,4.067189693450928,2e-05,2.379457006461607,0.08973764069378376,0.06685637356713414,0.06716351164504886,0.10374840535223484
4595,4595,4.051592826843262,4.058027267456055,2e-05,2.385498990760666,0.09005784429609776,0.06686634523794055,0.06717257108539343,0.10377413406968117
4596,4596,4.054734230041504,4.061279296875,2e-05,2.391008552792652,0.09017985127866268,0.06688076816499233,0.06718769064173102,0.10380074009299278
4597,4597,4.055174350738525,4.065046787261963,2e-05,2.396764654488874,0.08972295559942722,0.06688231974840164,0.06718865083530545,0.10382328182458878
4598,4598,4.0565290451049805,4.060361862182617,2e-05,2.399851957832985,0.08977657742798328,0.06690165912732482,0.06721087731420994,0.10385153815150261
4599,4599,4.050343036651611,4.058351516723633,2e-05,2.4051995410060734,0.0900712888687849,0.06691256677731872,0.06721953861415386,0.10387707315385342
4600,4600,4.060515880584717,4.064120769500732,2e-05,2.4081779290489935,0.09003252536058426,0.06692928308621049,0.06723261391744018,0.10390274971723557
4601,4601,4.058077812194824,4.064324378967285,2e-05,2.412206769660805,0.08996911719441414,0.0669355234131217,0.06724210130050778,0.10392824932932854
4602,4602,4.063103199005127,4.05689811706543,2e-05,2.4129474369422437,0.09013155288994312,0.06694352393969893,0.06725493771955371,0.10395373217761517
4603,4603,4.057586669921875,4.062167644500732,2e-05,2.416736986766456,0.09017395973205566,0.06694846181198955,0.0672592087648809,0.10397767089307308
4604,4604,4.068347930908203,4.061000823974609,2e-05,2.41794889566263,0.09011148847639561,0.06696251919493079,0.06727271340787411,0.10400424525141716
4605,4605,4.052416801452637,4.075906753540039,2e-05,2.421317622174921,0.09017463400959969,0.06697661569342017,0.067277398891747,0.104027533903718
4606,4606,4.050763130187988,4.060530662536621,2e-05,2.4216810006579363,0.08988587372004986,0.06699343957006931,0.06730484776198864,0.10405740886926651
4607,4607,4.062870025634766,4.06436824798584,2e-05,2.424869864732527,0.0902383141219616,0.0669941115193069,0.06730357743799686,0.10407977551221848
4608,4608,4.053180694580078,4.069436550140381,2e-05,2.42530404518317,0.09017574414610863,0.06700989045202732,0.06731036538258195,0.10410476103425026
4609,4609,4.0585551261901855,4.0591535568237305,2e-05,2.4236078098247806,0.09016291238367558,0.06700073182582855,0.06731509696692228,0.10412787459790707
4610,4610,4.061392784118652,4.062483787536621,2e-05,2.427739125406395,0.09003796242177486,0.06702555296942592,0.06733440514653921,0.10415544733405113
4611,4611,4.053669452667236,4.0629377365112305,2e-05,2.430398218637333,0.08999685011804104,0.06703598471358418,0.06734638288617134,0.10418161191046238
4612,4612,4.058352470397949,4.07090950012207,2e-05,2.426038077722696,0.09027432277798653,0.06704584183171391,0.06735367281362414,0.10420600511133671
4613,4613,4.059502601623535,4.055442810058594,2e-05,2.432324399611329,0.09036644175648689,0.06705365795642138,0.06736278953030705,0.1042309571057558
4614,4614,4.050991058349609,4.055323600769043,2e-05,2.4316259217182736,0.09021751768887043,0.06706294417381287,0.067374003585428,0.104256771504879
4615,4615,4.057075500488281,4.065584182739258,2e-05,2.4333633103054897,0.09012261219322681,0.06707111932337284,0.0673856963403523,0.10428198426961899
4616,4616,4.056220054626465,4.055288314819336,2e-05,2.433178687629941,0.09046731144189835,0.06708284094929695,0.06739199766889215,0.10430701076984406
4617,4617,4.06617546081543,4.05887508392334,2e-05,2.4336880148027134,0.090250413864851,0.06708265794441104,0.06739479070529342,0.10433038882911205
4618,4618,4.0513458251953125,4.064148426055908,2e-05,2.4353225128752243,0.09050153754651546,0.0671032634563744,0.0674157040193677,0.10435844026505947
4619,4619,4.057897090911865,4.065999507904053,2e-05,2.434611550124104,0.09038071148097515,0.06711895251646638,0.067424729000777,0.10438438877463341
4620,4620,4.056178092956543,4.059028625488281,2e-05,2.435206437349644,0.09064891561865807,0.06712874118238688,0.06743178702890873,0.1044087577611208
4621,4621,4.055065631866455,4.063889980316162,2e-05,2.434988608021069,0.09035326540470123,0.06713109277188778,0.06744240270927548,0.10443460196256638
4622,4622,4.054941177368164,4.072685241699219,2e-05,2.4353305935736813,0.09059448912739754,0.06714409962296486,0.06744925398379564,0.10445976443588734
4623,4623,4.06313419342041,4.062055587768555,2e-05,2.4359698717989784,0.09045291878283024,0.0671516740694642,0.06746409414336085,0.10448631457984447
4624,4624,4.056760787963867,4.058773994445801,2e-05,2.4361199151983386,0.09026503562927246,0.0671653957106173,0.06746813515201211,0.10451030731201172
4625,4625,4.065906524658203,4.065217018127441,2e-05,2.4363658352063915,0.09043302945792675,0.0671713356859982,0.06748566217720509,0.10453825816512108
4626,4626,4.057541847229004,4.059045791625977,2e-05,2.4368109377844847,0.09055688232183456,0.06718898611143231,0.06749619683250785,0.10456381551921368
4627,4627,4.058182716369629,4.058620929718018,2e-05,2.4371226544199223,0.09061215631663799,0.06718997051939368,0.06749632814899087,0.10458682477474213
4628,4628,4.052874565124512,4.064971923828125,2e-05,2.4369904356913166,0.0904452744871378,0.06720489636063576,0.06751326425001025,0.10461448319256306
4629,4629,4.051494598388672,4.058431625366211,2e-05,2.437354272196128,0.09059248678386211,0.0672131828032434,0.06752101378515363,0.10463951155543327
4630,4630,4.061770915985107,4.0737762451171875,2e-05,2.438742793357779,0.09042726084589958,0.0672245491296053,0.06752725364640355,0.10466403886675835
4631,4631,4.059789657592773,4.07741117477417,2e-05,2.4375122558825235,0.09080319106578827,0.06723319087177515,0.06753810402005911,0.10469085536897182
4632,4632,4.077241897583008,4.059935569763184,2e-05,2.4391421843875287,0.09023070707917213,0.06723746843636036,0.06754826474934816,0.10471598617732525
4633,4633,4.058419227600098,4.061954975128174,2e-05,2.4374921235703564,0.09069551341235638,0.06724849715828896,0.06755782337859273,0.10474158450961113
4634,4634,4.056310653686523,4.063272476196289,2e-05,2.4391551736841564,0.09052498638629913,0.06726126605644822,0.06757423561066389,0.1047687865793705
4635,4635,4.06475305557251,4.058436393737793,2e-05,2.438282820100968,0.09058361686766148,0.06727056810632348,0.06758006010204554,0.10479348339140415
4636,4636,4.06063175201416,4.072702407836914,2e-05,2.439130960128626,0.0906626395881176,0.06728314701467752,0.06758971279487014,0.10481947660446167
4637,4637,4.056981563568115,4.058495998382568,2e-05,2.4377687089165865,0.09059229679405689,0.06729224510490894,0.06759518850594759,0.1048443503677845
4638,4638,4.052951812744141,4.0556182861328125,2e-05,2.4392003113108065,0.0907184537500143,0.06730508245527744,0.06761148013174534,0.10487139225006104
4639,4639,4.051788330078125,4.064600944519043,2e-05,2.43872078140863,0.09052552096545696,0.06730782939121127,0.06761805759742856,0.10489566437900066
4640,4640,4.055544853210449,4.0564680099487305,2e-05,2.4391956918261086,0.09049469791352749,0.06732554826885462,0.06763449730351567,0.10492348670959473
4641,4641,4.059298038482666,4.058840751647949,2e-05,2.437708837649597,0.09072241187095642,0.06732669565826654,0.06763716088607907,0.10494743846356869
4642,4642,4.053110122680664,4.062414169311523,2e-05,2.439509337992133,0.09078534133732319,0.0673379534855485,0.06765013886615634,0.104973703622818
4643,4643,4.053830623626709,4.056981086730957,2e-05,2.4383543130123067,0.09048257954418659,0.06734244944527745,0.06765354098752141,0.10499819368124008
4644,4644,4.055971145629883,4.071454048156738,2e-05,2.4379951049655664,0.09043251909315586,0.06736034946516156,0.06766736460849643,0.10502479784190655
4645,4645,4.051527976989746,4.052411079406738,2e-05,2.4377773439439956,0.09078695066273212,0.06737084174528718,0.06768558407202363,0.1050527710467577
4646,4646,4.060764312744141,4.059297561645508,2e-05,2.438171947132261,0.09073279239237309,0.06738114263862371,0.06768849259242415,0.10507663898169994
4647,4647,4.047957897186279,4.074927806854248,2e-05,2.439266782547005,0.09077106043696404,0.06737991375848651,0.06768747279420495,0.10509994998574257
4648,4648,4.058691024780273,4.054287433624268,2e-05,2.438225711865124,0.09054469503462315,0.06740429112687707,0.06770881218835711,0.10512776114046574
4649,4649,4.058984756469727,4.063460350036621,2e-05,2.438226924248437,0.09084686264395714,0.06740760384127498,0.06771965324878693,0.10515400394797325
4650,4650,4.0603532791137695,4.057662010192871,2e-05,2.4382672633692186,0.09059609286487103,0.067409279756248,0.067722094245255,0.10517692193388939
4651,4651,4.057474136352539,4.069160461425781,2e-05,2.438202914343668,0.090861976146698,0.0674257599748671,0.06773778609931469,0.10520424507558346
4652,4652,4.049012184143066,4.064802169799805,2e-05,2.4382132313065235,0.0912330150604248,0.06743970839306712,0.06774500943720341,0.10522903129458427
4653,4653,4.0577712059021,4.069513320922852,2e-05,2.4384240210048365,0.0907798558473587,0.06744682742282748,0.06776131736114621,0.10525605641305447
4654,4654,4.056262016296387,4.060491561889648,2e-05,2.4381361270502206,0.0909093115478754,0.06745073618367314,0.06776173878461123,0.1052788756787777
4655,4655,4.058009624481201,4.060768127441406,2e-05,2.4384298496942662,0.09056438133120537,0.06745860259979963,0.06777543621137738,0.10530545748770237
4656,4656,4.053236961364746,4.047219753265381,2e-05,2.438535261563126,0.09108870849013329,0.06748004537075758,0.06778628332540393,0.10533195920288563
4657,4657,4.062806606292725,4.055042266845703,2e-05,2.269934676387736,0.09091908298432827,0.06748875742778182,0.06780102150514722,0.10535869747400284
4658,4658,4.062777996063232,4.065084457397461,2e-05,2.28375374036648,0.09112304821610451,0.06749027222394943,0.06780448509380221,0.10538245923817158
4659,4659,4.058195114135742,4.061711311340332,2e-05,2.3051319359273426,0.09106292203068733,0.06750985840335488,0.067819366697222,0.10540960542857647
4660,4660,4.060688495635986,4.059375762939453,2e-05,2.3171105078513463,0.09100133925676346,0.06752099422737956,0.06782940309494734,0.10543546639382839
4661,4661,4.056095123291016,4.065476417541504,2e-05,2.330751238265755,0.09083639830350876,0.06752085452899337,0.06783321220427752,0.10545974411070347
4662,4662,4.060220718383789,4.048844337463379,2e-05,2.3408261260396697,0.09092501737177372,0.0675345603376627,0.06784566398710012,0.10548599623143673
4663,4663,4.048490524291992,4.058559417724609,2e-05,2.35158670599293,0.09114215709269047,0.06754900934174657,0.06785859912633896,0.10551243275403976
4664,4664,4.058694362640381,4.057559013366699,2e-05,2.358746105871235,0.09112954512238503,0.06756115797907114,0.06787439435720444,0.10553962551057339
4665,4665,4.062249183654785,4.074488162994385,2e-05,2.3682284594244956,0.09118896722793579,0.06756326835602522,0.06787458714097738,0.10556294955313206
4666,4666,4.059654235839844,4.056478500366211,2e-05,2.374191371900072,0.09132851101458073,0.06756926560774446,0.0678852079436183,0.10558865405619144
4667,4667,4.05338191986084,4.057608604431152,2e-05,2.3825618813957536,0.09127029962837696,0.06758412485942245,0.06789895938709378,0.10561538487672806
4668,4668,4.061489105224609,4.055922985076904,2e-05,2.3860555181579826,0.09144701436161995,0.06760238111019135,0.06791126169264317,0.1056422833353281
4669,4669,4.062933444976807,4.070339679718018,2e-05,2.3923774902582604,0.09120066277682781,0.0676117860712111,0.06792398681864142,0.10566850192844868
4670,4670,4.0568084716796875,4.0532121658325195,2e-05,2.395901818680803,0.09110521711409092,0.06760949175804853,0.06792027316987514,0.10569040477275848
4671,4671,4.053949356079102,4.060646057128906,2e-05,2.4012443257604783,0.09142205491662025,0.06762102199718356,0.06793288560584188,0.10571690648794174
4672,4672,4.063378810882568,4.071706771850586,2e-05,2.403760255723316,0.09122709557414055,0.0676349033601582,0.06794264446943998,0.10574267618358135
4673,4673,4.053684234619141,4.061232089996338,2e-05,2.408779209216126,0.09163348004221916,0.0676524112932384,0.06796246068552136,0.10577115789055824
4674,4674,4.058755397796631,4.060420989990234,2e-05,2.410266552208574,0.09139072149991989,0.06766441185027361,0.06797329057008028,0.10579703934490681
4675,4675,4.060067176818848,4.054551124572754,2e-05,2.4132703007527416,0.0914249699562788,0.06766416924074292,0.06797946197912097,0.10582143627107143
4676,4676,4.053786754608154,4.060024261474609,2e-05,2.416901788051571,0.09167595021426678,0.06768224388360977,0.06799457687884569,0.10584857314825058
4677,4677,4.062717437744141,4.054708957672119,2e-05,2.419341178306637,0.09134380333125591,0.06768314307555556,0.06799606885761023,0.10587230138480663
4678,4678,4.059993743896484,4.058067321777344,2e-05,2.421055236227466,0.09134742245078087,0.06769935321062803,0.06800403585657477,0.10589744336903095
4679,4679,4.05450963973999,4.059218883514404,2e-05,2.4218217764962953,0.09124640747904778,0.06771118799224496,0.06801978871226311,0.10592443123459816
4680,4680,4.059528350830078,4.064239501953125,2e-05,2.423083501721631,0.09135010465979576,0.0677148187533021,0.06802882766351104,0.10595033317804337
4681,4681,4.059576988220215,4.0479326248168945,2e-05,2.4249286691362433,0.0916218962520361,0.06772421859204769,0.06803551502525806,0.10597480088472366
4682,4682,4.0616865158081055,4.056178092956543,2e-05,2.4264320297352526,0.0913124568760395,0.06774089252576232,0.06805176567286253,0.10600261203944683
4683,4683,4.05451774597168,4.051998138427734,2e-05,2.4276757545665073,0.09167524613440037,0.06774318590760231,0.06805663928389549,0.10602697357535362
4684,4684,4.050690650939941,4.067163944244385,2e-05,2.4289590932222476,0.09159980528056622,0.06775697134435177,0.06806797347962856,0.10605299845337868
4685,4685,4.0517730712890625,4.051819324493408,2e-05,2.426016695379,0.09147388488054276,0.06776872742921114,0.06808237312361598,0.10608001239597797
4686,4686,4.048403739929199,4.064933776855469,2e-05,2.430885724143657,0.0916933212429285,0.0677760518155992,0.06808839552104473,0.10610538721084595
4687,4687,4.06403923034668,4.063416957855225,2e-05,2.4319369838684466,0.09197097830474377,0.0677931965328753,0.06810361472889781,0.10613267496228218
4688,4688,4.058915138244629,4.045228958129883,2e-05,2.4321089745405757,0.09155254624783993,0.06779826572164893,0.06811098149046302,0.10615778714418411
4689,4689,4.0517659187316895,4.062203407287598,2e-05,2.268667610645264,0.09167599491775036,0.06780419731512666,0.06811903417110443,0.10618296265602112
4690,4690,4.047488212585449,4.049853324890137,2e-05,2.2818982081684247,0.09171194955706596,0.06782506965100765,0.0681368550285697,0.10621119663119316
4691,4691,4.05900764465332,4.062246322631836,2e-05,2.2988633789255886,0.0916859321296215,0.06782567175105214,0.06813953397795558,0.10623537003993988
4692,4692,4.063182830810547,4.052874565124512,2e-05,2.311800021739223,0.09155008010566235,0.06783790793269873,0.06815075036138296,0.10626165568828583
4693,4693,4.055028915405273,4.069698810577393,2e-05,2.329494150060677,0.09187230840325356,0.0678484640084207,0.06815784191712737,0.10628745704889297
4694,4694,4.055541515350342,4.066377639770508,2e-05,2.3396743874478987,0.09175752475857735,0.06786749977618456,0.06817264249548316,0.10631436668336391
4695,4695,4.050932884216309,4.058488845825195,2e-05,2.3507360915771054,0.09148082137107849,0.0678753200918436,0.06818659510463476,0.10634024627506733
4696,4696,4.057250499725342,4.068069934844971,2e-05,2.357965387481087,0.09171870909631252,0.0678835678845644,0.06819701287895441,0.10636679269373417
4697,4697,4.06108283996582,4.064790725708008,2e-05,2.363528503379793,0.09182428941130638,0.06788709945976734,0.06820338824763894,0.10639195889234543
4698,4698,4.066987991333008,4.067140102386475,2e-05,2.3734482382432573,0.09157714992761612,0.06790703861042857,0.06822306523099542,0.10641980916261673
4699,4699,4.061366081237793,4.067299842834473,2e-05,2.381600400781584,0.09182446263730526,0.06791331386193633,0.06822667364031076,0.10644498094916344
4700,4700,4.052092552185059,4.055305480957031,2e-05,2.385945627519006,0.09172352030873299,0.0679243067279458,0.06823396077379584,0.10646974109113216
4701,4701,4.0633955001831055,4.063230991363525,2e-05,2.392418121042445,0.09197364002466202,0.06793454522266984,0.06824797671288252,0.10649644583463669
4702,4702,4.050751686096191,4.059736251831055,2e-05,2.395663011855447,0.09164165891706944,0.06794571597129107,0.06825845595449209,0.10652288421988487
4703,4703,4.050492763519287,4.056000709533691,2e-05,2.4000604796083076,0.09191001206636429,0.06795400474220514,0.06826246296986938,0.10654725320637226
4704,4704,4.052096366882324,4.055819511413574,2e-05,2.4042011063186606,0.09170716442167759,0.06796606304123998,0.06827910104766488,0.10657431185245514
4705,4705,4.080291748046875,4.057682991027832,2e-05,2.4075638383140343,0.09205245412886143,0.06796878715977073,0.06828526966273785,0.10659941658377647
4706,4706,4.0619797706604,4.056424617767334,2e-05,2.41068243357246,0.09198401309549809,0.06799015682190657,0.06830675527453423,0.10662778839468956
4707,4707,4.049589157104492,4.055638313293457,2e-05,2.4131772106218707,0.09180179797112942,0.06799149932339787,0.06830439576879144,0.10664981603622437
4708,4708,4.0539445877075195,4.059605121612549,2e-05,2.416237324817473,0.09191868267953396,0.0680083162151277,0.06832201033830643,0.10667720064520836
4709,4709,4.057218551635742,4.0579423904418945,2e-05,2.418110232883571,0.09202290326356888,0.06801271345466375,0.06832189625129104,0.10670081153512001
4710,4710,4.058908939361572,4.058700084686279,2e-05,2.4202493143489607,0.09207215532660484,0.06803741492331028,0.06834748294204473,0.10673020221292973
4711,4711,4.052350044250488,4.062200546264648,2e-05,2.4183945574525785,0.0921232271939516,0.06803877092897892,0.06835111556574702,0.1067547407001257
4712,4712,4.056428909301758,4.058764457702637,2e-05,2.423708086552278,0.0918059516698122,0.06804198957979679,0.06835865136235952,0.10677948407828808
4713,4713,4.055329322814941,4.063511848449707,2e-05,2.4257596832506376,0.09189662709832191,0.06805085157975554,0.06836661975830793,0.10680508799850941
4714,4714,4.052177429199219,4.061166763305664,2e-05,2.427103080859524,0.09204343520104885,0.06806580303236842,0.06838242383673787,0.10683207958936691
4715,4715,4.054184436798096,4.0654802322387695,2e-05,2.4283053089106375,0.09196100756525993,0.06806910876184702,0.06838236842304468,0.10685474053025246
4716,4716,4.05217981338501,4.0562744140625,2e-05,2.4294009741329017,0.09219039790332317,0.06808561505749822,0.06840496696531773,0.1068839281797409
4717,4717,4.0538411140441895,4.063759803771973,2e-05,2.4302590705890146,0.09233023971319199,0.06810104101896286,0.06841448647901416,0.10690974816679955
4718,4718,4.057051658630371,4.057708740234375,2e-05,2.4312464779722696,0.09214461222290993,0.0681110410951078,0.06842183880507946,0.10693463496863842
4719,4719,4.053333282470703,4.061528205871582,2e-05,2.433485705243852,0.0922432504594326,0.06811498757451773,0.06843201769515872,0.10696009173989296
4720,4720,4.049155235290527,4.060449600219727,2e-05,2.4335861402417733,0.0921657644212246,0.06812913110479712,0.06844223290681839,0.10698637180030346
4721,4721,4.061521053314209,4.060521125793457,2e-05,2.4329777649134066,0.09226156398653984,0.06813941430300474,0.06844934681430459,0.10701123252511024
4722,4722,4.048949718475342,4.063689231872559,2e-05,2.430882591632598,0.09208195842802525,0.06815637880936265,0.06847382616251707,0.10704049840569496
4723,4723,4.052903175354004,4.0597639083862305,2e-05,2.434199274534642,0.09221034497022629,0.06816610740497708,0.0684804511256516,0.10706581734120846
4724,4724,4.060266971588135,4.064640045166016,2e-05,2.436146677760196,0.09205804765224457,0.06817139685153961,0.06848396873101592,0.10708994418382645
4725,4725,4.051823139190674,4.054266452789307,2e-05,2.4349562915506686,0.09265643917024136,0.06817674776539207,0.06848867889493704,0.10711503028869629
4726,4726,4.0521135330200195,4.053290367126465,2e-05,2.432725059326837,0.09222826920449734,0.0681899394840002,0.06850625947117805,0.10714267380535603
4727,4727,4.05926513671875,4.048735618591309,2e-05,2.436035356063457,0.09232196770608425,0.06820063339546323,0.06851385068148375,0.10716713964939117
4728,4728,4.050693988800049,4.055191516876221,2e-05,2.4377715089795307,0.09236476570367813,0.06821406120434403,0.0685270824469626,0.10719379782676697
4729,4729,4.0569305419921875,4.0701093673706055,2e-05,2.436443941727305,0.09228858537971973,0.06821421394124627,0.06852526403963566,0.107217226177454
4730,4730,4.057777404785156,4.0639448165893555,2e-05,2.438096057673523,0.09243285283446312,0.06822929810732603,0.06854720506817102,0.10724593512713909
4731,4731,4.048369884490967,4.054601669311523,2e-05,2.4367242272576872,0.09247247315943241,0.06823714450001717,0.06854862347245216,0.10726985521614552
4732,4732,4.063229560852051,4.059901237487793,2e-05,2.438351768363839,0.09249106794595718,0.06825211085379124,0.06856603221967816,0.10729735717177391
4733,4733,4.051799297332764,4.052844047546387,2e-05,2.437042113110471,0.09267585165798664,0.06825970718637109,0.06857751263305545,0.1073234360665083
4734,4734,4.054698944091797,4.051712512969971,2e-05,2.4385101429893643,0.09223441779613495,0.06827751360833645,0.0685925860889256,0.1073505450040102
4735,4735,4.0543365478515625,4.065169334411621,2e-05,2.437378930181091,0.0924145020544529,0.06827693153172731,0.06859032716602087,0.10737370513379574
4736,4736,4.059852600097656,4.057839393615723,2e-05,2.437400003922434,0.09244903549551964,0.06828453438356519,0.06860227370634675,0.10740027017891407
4737,4737,4.051843643188477,4.06643009185791,2e-05,2.4377451092175337,0.09232895262539387,0.0683005703613162,0.06861606379970908,0.10742724686861038
4738,4738,4.057890892028809,4.065661430358887,2e-05,2.437579595194397,0.0925058126449585,0.0683127692900598,0.06862662360072136,0.10745337419211864
4739,4739,4.056366443634033,4.050171375274658,2e-05,2.437741001608907,0.09209493920207024,0.06832115584984422,0.06863487884402275,0.10747855715453625
4740,4740,4.053849220275879,4.057930946350098,2e-05,2.4378231063510998,0.0928321722894907,0.06833044299855828,0.06864848593249917,0.10750574804842472
4741,4741,4.059847831726074,4.05203104019165,2e-05,2.438042149056209,0.09256223402917385,0.06834234530106187,0.06865904200822115,0.10753163695335388
4742,4742,4.05936336517334,4.052369117736816,2e-05,2.438066836305143,0.09257073700428009,0.0683594299480319,0.06867451639845967,0.10755898617208004
4743,4743,4.05272102355957,4.0549163818359375,2e-05,2.4383367095700943,0.09248160384595394,0.06836102902889252,0.068674196023494,0.10758268646895885
4744,4744,4.050008773803711,4.062598705291748,2e-05,2.4381869973682195,0.09241404384374619,0.06836658297106624,0.06868301657959819,0.10760900378227234
4745,4745,4.056809425354004,4.058518409729004,2e-05,2.43937331990266,0.09275257959961891,0.06837775697931647,0.06869076797738671,0.10763434134423733
4746,4746,4.049993515014648,4.050175189971924,2e-05,2.4386437024541454,0.09277058765292168,0.06838986370712519,0.06870810268446803,0.1076622735708952
4747,4747,4.050323486328125,4.053394794464111,2e-05,2.4380481738412807,0.09245854243636131,0.06840170081704855,0.06872112303972244,0.10768902860581875
4748,4748,4.053277015686035,4.073601722717285,2e-05,2.4382105416809017,0.09309006854891777,0.06841626344248652,0.06873009260743856,0.10771542228758335
4749,4749,4.060833930969238,4.055664539337158,2e-05,2.4390246817950523,0.09278865158557892,0.06842536758631468,0.06873944029211998,0.10774112865328789
4750,4750,4.063220024108887,4.05570650100708,2e-05,2.4381874176726126,0.09268159605562687,0.06843145098537207,0.06874503614380956,0.10776649042963982
4751,4751,4.065633773803711,4.060705184936523,2e-05,2.4357935502360197,0.0926201306283474,0.06844606157392263,0.0687572406604886,0.10779318772256374
4752,4752,4.052032947540283,4.055206298828125,2e-05,2.434977964005416,0.09270823560655117,0.06844641035422683,0.06876239692792296,0.10781795531511307
4753,4753,4.049752235412598,4.073680877685547,2e-05,2.4409958732533386,0.09271178022027016,0.06846164213493466,0.06877640867605805,0.1078452542424202
4754,4754,4.052089691162109,4.062931537628174,2e-05,2.4391031874196885,0.09316744282841682,0.06847665691748261,0.06878835055977106,0.10787215642631054
4755,4755,4.0588884353637695,4.056218147277832,2e-05,2.440359934728004,0.09271177835762501,0.06848210981115699,0.06880231900140643,0.10789861902594566
4756,4756,4.05760383605957,4.065052032470703,2e-05,2.438949098011485,0.09264827892184258,0.06848702253773808,0.0688095516525209,0.10792450420558453
4757,4757,4.05369234085083,4.055864334106445,2e-05,2.4402505829410814,0.09284434840083122,0.06849686056375504,0.06881221663206816,0.10794870369136333
4758,4758,4.058624267578125,4.0525054931640625,2e-05,2.438935182098679,0.09280389547348022,0.06850598799064755,0.06882287096232176,0.10797487013041973
4759,4759,4.05790376663208,4.056985855102539,2e-05,2.439919270393675,0.09276141040027142,0.0685130706988275,0.06882930640131235,0.1080000028014183
4760,4760,4.063436508178711,4.049941539764404,2e-05,2.4386775820501185,0.09299653023481369,0.06852163327857852,0.06884086690843105,0.10802684538066387
4761,4761,4.063241004943848,4.0584611892700195,2e-05,2.4401166953947437,0.09306936711072922,0.06852435041218996,0.06884600594639778,0.10805144347250462
4762,4762,4.054261207580566,4.064112663269043,2e-05,2.4348435786835734,0.0929388590157032,0.06855135876685381,0.06886984128504992,0.10808035917580128
4763,4763,4.055154323577881,4.0562424659729,2e-05,2.434204201875102,0.09312720783054829,0.06855624308809638,0.06887093605473638,0.10810422711074352
4764,4764,4.052273273468018,4.056275844573975,2e-05,2.432237096143154,0.09275428578257561,0.06856794469058514,0.06888617388904095,0.10813150554895401
4765,4765,4.049344062805176,4.056857585906982,2e-05,2.432757006985603,0.09319387003779411,0.06858449010178447,0.06889755139127374,0.10815729573369026
4766,4766,4.048244476318359,4.057624816894531,2e-05,2.434743284624458,0.0930840652436018,0.06858909130096436,0.06890660570934415,0.10818311385810375
4767,4767,4.060215950012207,4.056216716766357,2e-05,2.433951566988009,0.0928648579865694,0.06860081991180778,0.06891430914402008,0.10820840299129486
4768,4768,4.058566570281982,4.057493209838867,2e-05,2.4359202853580175,0.09352734498679638,0.0686068725772202,0.06892419001087546,0.10823512636125088
4769,4769,4.061376571655273,4.055843353271484,2e-05,2.434676663827437,0.09286733157932758,0.0686160852201283,0.06893388461321592,0.10826083272695541
4770,4770,4.0546064376831055,4.046205997467041,2e-05,2.4362605422741956,0.09316566586494446,0.06863002991303802,0.06894581578671932,0.1082876231521368
4771,4771,4.048562049865723,4.074637413024902,2e-05,2.4354100969121073,0.09324087388813496,0.0686402558349073,0.06895818840712309,0.10831431113183498
4772,4772,4.059319019317627,4.057721138000488,2e-05,2.4373384022078404,0.09286518953740597,0.06863909354433417,0.06895709736272693,0.10833754949271679
4773,4773,4.050939083099365,4.064752578735352,2e-05,2.4363074572171675,0.09330087341368198,0.06866475567221642,0.06897914502769709,0.10836670733988285
4774,4774,4.054097652435303,4.055858135223389,2e-05,2.437580134810346,0.0929981917142868,0.06867336854338646,0.0689906906336546,0.10839292593300343
4775,4775,4.051839828491211,4.072945594787598,2e-05,2.436111547614812,0.09316866472363472,0.06866841996088624,0.06898641493171453,0.1084153950214386
4776,4776,4.050041675567627,4.058560371398926,2e-05,2.437924755156795,0.09310819208621979,0.06868089316412807,0.0689956252463162,0.10844064503908157
4777,4777,4.056126594543457,4.0607500076293945,2e-05,2.4366291079687423,0.09310608729720116,0.0686979410238564,0.0690145967528224,0.10846861638128757
4778,4778,4.062107086181641,4.056756019592285,2e-05,2.4342322646430925,0.09319516643881798,0.06870808871462941,0.069023956079036,0.10849468223750591
4779,4779,4.057902812957764,4.0570173263549805,2e-05,2.437151267157812,0.09339599870145321,0.06871138606220484,0.06902673374861479,0.10851871035993099
4780,4780,4.0483856201171875,4.0580549240112305,2e-05,2.4390196400783295,0.09340209700167179,0.06872398545965552,0.06903984071686864,0.10854555666446686
4781,4781,4.0557026863098145,4.059511184692383,2e-05,2.43743743171149,0.09354004636406898,0.06873412430286407,0.06905349111184478,0.10857151634991169
4782,4782,4.054515361785889,4.058509826660156,2e-05,2.437943047237631,0.09359041787683964,0.06874506920576096,0.06905793212354183,0.1085955947637558
4783,4783,4.0493927001953125,4.065727233886719,2e-05,2.438179146278893,0.09335551783442497,0.0687550799921155,0.06907605798915029,0.10862396843731403
4784,4784,4.0470805168151855,4.049049377441406,2e-05,2.437665744945164,0.09348127990961075,0.06876153871417046,0.06908206129446626,0.10864852741360664
4785,4785,4.056649208068848,4.053190231323242,2e-05,2.4378834385363866,0.09324460290372372,0.06876709032803774,0.06908881897106767,0.10867323353886604
4786,4786,4.051513671875,4.057592868804932,2e-05,2.4377722368173593,0.09327706694602966,0.06878432305529714,0.06910496763885021,0.10870033130049706
4787,4787,4.062444686889648,4.053043365478516,2e-05,2.43927080301889,0.09335050731897354,0.06879425421357155,0.06910874182358384,0.10872488282620907
4788,4788,4.056356430053711,4.056109428405762,2e-05,2.438347901965182,0.09350906498730183,0.06881257286295295,0.06912966864183545,0.10875319689512253
4789,4789,4.065206527709961,4.056722640991211,2e-05,2.437970622178568,0.0934371817857027,0.0688183349557221,0.06913619814440608,0.10877839289605618
4790,4790,4.045597076416016,4.062168121337891,2e-05,2.4381714960586107,0.09357256628572941,0.06883233832195401,0.0691504254937172,0.10880561545491219
4791,4791,4.054481506347656,4.058678150177002,2e-05,2.4383027432910365,0.09318321384489536,0.06883809296414256,0.06915657687932253,0.10883041098713875
4792,4792,4.063933849334717,4.060308456420898,2e-05,2.4384396541856814,0.09350604005157948,0.06883924035355449,0.0691591459326446,0.10885494202375412
4793,4793,4.051803112030029,4.054889678955078,2e-05,2.439370082439159,0.09362918511033058,0.06885023694485426,0.06916891317814589,0.10888100415468216
4794,4794,4.061771392822266,4.065349578857422,2e-05,2.438416918649272,0.09351454302668571,0.0688682533800602,0.0691811004653573,0.10890738852322102
4795,4795,4.0519328117370605,4.052659034729004,2e-05,2.4380820772630276,0.09388969093561172,0.06887072511017323,0.0691865892149508,0.10893247276544571
4796,4796,4.051975727081299,4.05858850479126,2e-05,2.434792184065389,0.09328272007405758,0.06889053620398045,0.06920363660901785,0.1089595090597868
4797,4797,4.055014610290527,4.064720153808594,2e-05,2.4362077827655786,0.0934419184923172,0.06889683334156871,0.06921695079654455,0.1089863758534193
4798,4798,4.051591873168945,4.052435874938965,2e-05,2.438965812221663,0.0935745183378458,0.06889978656545281,0.06921642227098346,0.10900978185236454
4799,4799,4.0542449951171875,4.062853813171387,2e-05,2.4370053749653677,0.09358166344463825,0.06891393708065152,0.06923224311321974,0.109038095921278
4800,4800,4.058183193206787,4.056183815002441,2e-05,2.4394173913249584,0.0935480035841465,0.0689264009706676,0.06924649141728878,0.10906467586755753
4801,4801,4.0519514083862305,4.053871154785156,2e-05,2.4405564980682963,0.09371966868638992,0.06893556332215667,0.06925118202343583,0.10908961296081543
4802,4802,4.050260066986084,4.059678077697754,2e-05,2.4389976765890933,0.09362991340458393,0.06894207885488868,0.06925844494253397,0.10911478288471699
4803,4803,4.05029296875,4.051753520965576,2e-05,2.440232204168792,0.0936748068779707,0.06895425822585821,0.06926948111504316,0.10914117842912674
4804,4804,4.04831600189209,4.052262783050537,2e-05,2.438763205381338,0.09394333511590958,0.0689636841416359,0.06928295036777854,0.10916826501488686
4805,4805,4.04917049407959,4.055703639984131,2e-05,2.4360594376875393,0.0939639750868082,0.06897020898759365,0.06928379228338599,0.10919217392802238
4806,4806,4.0655107498168945,4.057529449462891,2e-05,2.4355322632070573,0.09356467798352242,0.06898487359285355,0.06930427625775337,0.10922037996351719
4807,4807,4.053083896636963,4.055263519287109,2e-05,2.433537805551405,0.09386102482676506,0.06899005174636841,0.06931241694837809,0.10924575105309486
4808,4808,4.0554070472717285,4.0630903244018555,2e-05,2.4329156622707986,0.09388197213411331,0.06899858498945832,0.06931870523840189,0.10927071236073971
4809,4809,4.05916690826416,4.0580668449401855,2e-05,2.4336015306975907,0.09422348625957966,0.06901432434096932,0.06933374190703034,0.10929817520081997
4810,4810,4.057377815246582,4.064094543457031,2e-05,2.4339713585487455,0.09384422935545444,0.06901505822315812,0.06933702901005745,0.10932206176221371
4811,4811,4.053953170776367,4.050488471984863,2e-05,2.4343178431506347,0.09367148205637932,0.06903443345800042,0.06935270829126239,0.1093495637178421
4812,4812,4.051922798156738,4.064614772796631,2e-05,2.4362793096940347,0.09374519251286983,0.06904877163469791,0.0693696322850883,0.10937724821269512
4813,4813,4.04489803314209,4.05576753616333,2e-05,2.4359847767413125,0.093893026933074,0.06904805079102516,0.06936980038881302,0.10940089449286461
4814,4814,4.048590660095215,4.05477237701416,2e-05,2.4368172774569494,0.09420494735240936,0.06906265113502741,0.06938444683328271,0.1094285175204277
4815,4815,4.054130554199219,4.0612688064575195,2e-05,2.435928074969218,0.0938708744943142,0.06906740693375468,0.06938908761367202,0.1094527542591095
4816,4816,4.053426742553711,4.055835247039795,2e-05,2.4376766834470374,0.09403928183019161,0.06907546427100897,0.06939442921429873,0.10947850905358791
4817,4817,4.047280788421631,4.050461769104004,2e-05,2.4360418605875576,0.09409229084849358,0.06909787934273481,0.06941673997789621,0.10950781032443047
4818,4818,4.047152519226074,4.047885894775391,2e-05,2.437874137858097,0.09385236538946629,0.06910380441695452,0.06942388555034995,0.10953301750123501
4819,4819,4.061369895935059,4.041530609130859,2e-05,2.4366308154979714,0.09407636523246765,0.06911891978234053,0.06943820370361209,0.10956067219376564
4820,4820,4.060288429260254,4.064082145690918,2e-05,2.26890207175781,0.09373201616108418,0.06912421574816108,0.0694426610134542,0.10958520136773586
4821,4821,4.054061412811279,4.052419185638428,2e-05,2.2869927709989413,0.09413866698741913,0.06913586426526308,0.06945145921781659,0.10961132496595383
4822,4822,4.053705215454102,4.057021617889404,2e-05,2.302462409448475,0.09440119378268719,0.06914385315030813,0.06946610286831856,0.10963821038603783
4823,4823,4.051976203918457,4.0529937744140625,2e-05,2.315871159255106,0.09424709714949131,0.06914911046624184,0.06946890149265528,0.10966319777071476
4824,4824,4.054812908172607,4.061548709869385,2e-05,2.3282717282748147,0.09413816966116428,0.06915860809385777,0.06948216585442424,0.10968982428312302
4825,4825,4.055738925933838,4.062374114990234,2e-05,2.3392581024923857,0.09390071593225002,0.06917428458109498,0.0694915084168315,0.10971551202237606
4826,4826,4.056143760681152,4.061704635620117,2e-05,2.3509469515864474,0.09421736374497414,0.06918015470728278,0.06949560949578881,0.10973988473415375
4827,4827,4.059517860412598,4.068807125091553,2e-05,2.3580844146403246,0.09386257268488407,0.06918433820828795,0.06950644170865417,0.10976597666740417
4828,4828,4.052371025085449,4.0632853507995605,2e-05,2.3678006371540583,0.09431561827659607,0.0692016570828855,0.06951844785362482,0.1097931656986475
4829,4829,4.046330451965332,4.063152313232422,2e-05,2.374165494917692,0.09420388378202915,0.06921354308724403,0.06953481677919626,0.10982025787234306
4830,4830,4.047051906585693,4.0617756843566895,2e-05,2.3814459865528814,0.09424827992916107,0.06922738254070282,0.06954634003341198,0.10984660685062408
4831,4831,4.0575432777404785,4.0509233474731445,2e-05,2.3855790214839976,0.09414043463766575,0.06923367595300078,0.06955204019322991,0.10987176932394505
4832,4832,4.062455177307129,4.055053234100342,2e-05,2.3922382208894537,0.09422059170901775,0.06924348883330822,0.069558659568429,0.10989684797823429
4833,4833,4.0539960861206055,4.056812286376953,2e-05,2.395615905904949,0.09457580931484699,0.06924726022407413,0.06956911459565163,0.10992395505309105
4834,4834,4.053699970245361,4.061574935913086,2e-05,2.4012351822226825,0.09437243826687336,0.0692619257606566,0.06958453170955181,0.10995106771588326
4835,4835,4.060506820678711,4.0533881187438965,2e-05,2.403529199237665,0.09407524764537811,0.06927245715633035,0.06959399254992604,0.10997704789042473
4836,4836,4.047607421875,4.0679473876953125,2e-05,2.408531515783005,0.0943064521998167,0.0692826951853931,0.06960332579910755,0.11000304855406284
4837,4837,4.05511474609375,4.060489654541016,2e-05,2.4106063055188653,0.09458569437265396,0.06928032170981169,0.06959631992504,0.11002544686198235
4838,4838,4.050167083740234,4.04874324798584,2e-05,2.4151343673387315,0.09436595253646374,0.06930642481893301,0.06962569616734982,0.11005632393062115
4839,4839,4.059061050415039,4.054753303527832,2e-05,2.4155385977001043,0.09417468495666981,0.06931301672011614,0.06963595701381564,0.11008224450051785
4840,4840,4.045796871185303,4.062982559204102,2e-05,2.4193555243166567,0.09446506388485432,0.06932151783257723,0.06963984994217753,0.11010701395571232
4841,4841,4.049043655395508,4.056253433227539,2e-05,2.4194653549994873,0.09423690289258957,0.06932152342051268,0.06964089116081595,0.11013099551200867
4842,4842,4.053375720977783,4.060111045837402,2e-05,2.4217014237574586,0.09445820190012455,0.0693467753008008,0.06966652255505323,0.1101609617471695
4843,4843,4.056163787841797,4.046967506408691,2e-05,2.424594890499388,0.09478295035660267,0.06935023562982678,0.06967410631477833,0.11018689535558224
4844,4844,4.055201053619385,4.059569358825684,2e-05,2.4245242689758943,0.0944583248347044,0.06936227763071656,0.06968635832890868,0.11021338775753975
4845,4845,4.052701950073242,4.06217622756958,2e-05,2.4274754625419828,0.09460335224866867,0.06937384093180299,0.06969289667904377,0.11023898236453533
4846,4846,4.06026554107666,4.057032108306885,2e-05,2.4273632100207005,0.09461813792586327,0.0693851187825203,0.06970378383994102,0.11026505753397942
4847,4847,4.04506778717041,4.052087306976318,2e-05,2.4283040311532424,0.09457564353942871,0.06939754402264953,0.06972072599455714,0.11029377579689026
4848,4848,4.042169570922852,4.056811809539795,2e-05,2.4292189535440016,0.09462306834757328,0.06940264534205198,0.06972425244748592,0.11031842790544033
4849,4849,4.048579692840576,4.056443691253662,2e-05,2.4303445536713433,0.09454899653792381,0.06940272217616439,0.06972752930596471,0.11034362018108368
4850,4850,4.0483503341674805,4.052321434020996,2e-05,2.431275575373326,0.09453221596777439,0.06941724848002195,0.06974176270887256,0.11037066392600536
4851,4851,4.060268402099609,4.054685592651367,2e-05,2.4320742139493214,0.09455137699842453,0.06943402998149395,0.06975692743435502,0.11039827764034271
4852,4852,4.057369232177734,4.069070816040039,2e-05,2.4327485993379656,0.09459017775952816,0.0694465097039938,0.06976552493870258,0.11042436212301254
4853,4853,4.044981002807617,4.048863410949707,2e-05,2.433447757485647,0.0945851095020771,0.06945550721138716,0.0697756102308631,0.11045157350599766
4854,4854,4.049908638000488,4.056651592254639,2e-05,2.4337818279910715,0.09471406228840351,0.06945900758728385,0.06978404289111495,0.11047749035060406
4855,4855,4.048623085021973,4.052590370178223,2e-05,2.4340415991582525,0.09500874951481819,0.0694705294445157,0.0697899628430605,0.11050308868288994
4856,4856,4.053703308105469,4.046257972717285,2e-05,2.4311557537710913,0.09474283084273338,0.0694863055832684,0.06980912294238806,0.11053175665438175
4857,4857,4.054165363311768,4.050119400024414,2e-05,2.4356568418324427,0.09473926201462746,0.06948397867381573,0.06980671128258109,0.11055456474423409
4858,4858,4.054645538330078,4.051386833190918,2e-05,2.4365958889831165,0.09482307359576225,0.06950326543301344,0.06982640083879232,0.11058316752314568
4859,4859,4.056020259857178,4.050895690917969,2e-05,2.4377141327828302,0.09478580392897129,0.0695128571242094,0.06983651546761394,0.11060967296361923
4860,4860,4.060900688171387,4.047767639160156,2e-05,2.436906232567405,0.09477588720619678,0.06952151004225016,0.06983863469213247,0.11063387244939804
4861,4861,4.047153472900391,4.055741786956787,2e-05,2.437797571634019,0.09516176022589207,0.06952449353411794,0.06984652066603303,0.11066020838916302
4862,4862,4.044527053833008,4.056778907775879,2e-05,2.4365484002741713,0.09486529044806957,0.06954091088846326,0.06986217340454459,0.11068732477724552
4863,4863,4.041562080383301,4.055204391479492,2e-05,2.438312736761567,0.09496823325753212,0.06955085322260857,0.06987164542078972,0.11071310751140118
4864,4864,4.053262710571289,4.059967994689941,2e-05,2.4364243266131163,0.09493751637637615,0.06956084072589874,0.0698777143843472,0.11073897406458855
4865,4865,4.055473327636719,4.055992126464844,2e-05,2.4384381118731304,0.09487133659422398,0.06956823728978634,0.06988928280770779,0.11076509580016136
4866,4866,4.054322242736816,4.048178672790527,2e-05,2.4370742537992247,0.09475678950548172,0.06958539178594947,0.06990595208480954,0.11079241149127483
4867,4867,4.04982852935791,4.056378364562988,2e-05,2.438806749403733,0.09494245611131191,0.06959329824894667,0.06991692679002881,0.11081958562135696
4868,4868,4.048806190490723,4.056885719299316,2e-05,2.4374718541975717,0.09521904587745667,0.06959609361365438,0.06992154428735375,0.1108445506542921
4869,4869,4.0521955490112305,4.04716682434082,2e-05,2.438997005628788,0.0949894655495882,0.0696112597361207,0.06993204820901155,0.11087044328451157
4870,4870,4.056188583374023,4.053533554077148,2e-05,2.437600884136916,0.09491715207695961,0.06960768345743418,0.0699321823194623,0.11089426465332508
4871,4871,4.044424057006836,4.0486297607421875,2e-05,2.439183939174614,0.09497283771634102,0.06962625682353973,0.069950089789927,0.11092224717140198
4872,4872,4.051552772521973,4.05640983581543,2e-05,2.438830268187368,0.09476705268025398,0.06962439278140664,0.06994826812297106,0.11094522848725319
4873,4873,4.0503010749816895,4.066533088684082,2e-05,2.4377972999993673,0.0952827911823988,0.0696360357105732,0.06996594462543726,0.11097375117242336
4874,4874,4.057730674743652,4.054935455322266,2e-05,2.434481109990436,0.0950505118817091,0.06964809587225318,0.06996966572478414,0.11099816858768463
4875,4875,4.044200420379639,4.057971954345703,2e-05,2.432274010791588,0.0950926411896944,0.06967259384691715,0.0699920654296875,0.1110270507633686
4876,4876,4.045684337615967,4.05664587020874,2e-05,2.4356468635174573,0.09476406499743462,0.06967173889279366,0.06999940518289804,0.11105180159211159
4877,4877,4.04850959777832,4.063798904418945,2e-05,2.4391633070613086,0.09503253735601902,0.06968582374975085,0.07000327296555042,0.11107668094336987
4878,4878,4.045422554016113,4.0577898025512695,2e-05,2.4399577654723674,0.09506758488714695,0.06969473231583834,0.07001726794987917,0.111103730276227
4879,4879,4.054938793182373,4.054533958435059,2e-05,2.439186680132702,0.09479762800037861,0.06970683252438903,0.07002651365473866,0.11112900264561176
4880,4880,4.049625873565674,4.057838439941406,2e-05,2.4390662059888344,0.09540585055947304,0.06971879443153739,0.07004021527245641,0.11115657351911068
4881,4881,4.0505876541137695,4.053375720977783,2e-05,2.439171191031463,0.0951577890664339,0.06973145017400384,0.07005436345934868,0.1111827939748764
4882,4882,4.049579620361328,4.050129413604736,2e-05,2.4390045127254902,0.09497591480612755,0.06973235309123993,0.07005641795694828,0.11120634526014328
4883,4883,4.049155235290527,4.046321868896484,2e-05,2.4389551466249357,0.09521283581852913,0.06973428558558226,0.07006068155169487,0.1112308818846941
4884,4884,4.045648574829102,4.058428764343262,2e-05,2.439161837030197,0.09507324546575546,0.06975113973021507,0.07007473614066839,0.11125743016600609
4885,4885,4.045953273773193,4.065035820007324,2e-05,2.4385824499974054,0.0952640138566494,0.06976054003462195,0.07008393341675401,0.11128290928900242
4886,4886,4.048974990844727,4.055099010467529,2e-05,2.4392443786273006,0.09529403783380985,0.06977320741862059,0.07009159866720438,0.11130800284445286
4887,4887,4.047440052032471,4.05722188949585,2e-05,2.4397886476591872,0.09515003114938736,0.06977579090744257,0.0700986203737557,0.11133305355906487
4888,4888,4.049705505371094,4.047942638397217,2e-05,2.44132060728342,0.09552605636417866,0.06978031573817134,0.07010726863518357,0.11135811172425747
4889,4889,4.049595832824707,4.051313400268555,2e-05,2.439311297002551,0.0951641071587801,0.06979858875274658,0.07012566272169352,0.11138574779033661
4890,4890,4.0492024421691895,4.049449443817139,2e-05,2.4358038869332646,0.0954391323029995,0.06981565477326512,0.07013596501201391,0.11141158454120159
4891,4891,4.051466941833496,4.064962387084961,2e-05,2.4384647565869693,0.09518511593341827,0.06982122221961617,0.07014585100114346,0.11143641732633114
4892,4892,4.054068565368652,4.057867050170898,2e-05,2.4408056061486874,0.0949876643717289,0.06982839060947299,0.07015441916882992,0.11146206967532635
4893,4893,4.042858600616455,4.059326171875,2e-05,2.438753616205056,0.09516189992427826,0.06983946124091744,0.07016614452004433,0.11148813739418983
4894,4894,4.052796840667725,4.0604352951049805,2e-05,2.439955652914777,0.09530093520879745,0.06984233530238271,0.0701679140329361,0.11151133291423321
4895,4895,4.054479598999023,4.054141998291016,2e-05,2.4386663639171062,0.09557866491377354,0.06986091425642371,0.07018218282610178,0.11153867840766907
4896,4896,4.056375980377197,4.054981231689453,2e-05,2.4361677417008476,0.09517663903534412,0.06987118069082499,0.07019545836374164,0.11156465858221054
4897,4897,4.047142505645752,4.063973426818848,2e-05,2.439193114141251,0.09533825516700745,0.06987615674734116,0.07020173454657197,0.1115889847278595
4898,4898,4.058501720428467,4.0519561767578125,2e-05,2.4422078480144,0.09548740833997726,0.06988518824800849,0.07021253369748592,0.11161491647362709
4899,4899,4.046361923217773,4.055212020874023,2e-05,2.4420721689003027,0.09521849267184734,0.06989899184554815,0.0702222022227943,0.11164077930152416
4900,4900,4.052020072937012,4.050866603851318,2e-05,2.4428596383340313,0.0956775601953268,0.06990284053608775,0.07022771798074245,0.11166529171168804
4901,4901,4.047791957855225,4.060764789581299,2e-05,2.4445993420009047,0.095609862357378,0.06991971237584949,0.07024405943229795,0.11169188655912876
4902,4902,4.056367874145508,4.060477256774902,2e-05,2.444304901412922,0.09539482742547989,0.0699296984821558,0.07025332283228636,0.11171759106218815
4903,4903,4.041512489318848,4.048186779022217,2e-05,2.4443328274189926,0.0956764668226242,0.06993246590718627,0.07026349008083344,0.1117431428283453
4904,4904,4.050510406494141,4.051148414611816,2e-05,2.445242688128483,0.0954514779150486,0.06995130376890302,0.07027181144803762,0.11176831647753716
4905,4905,4.049007415771484,4.046351909637451,2e-05,2.442757077172546,0.0955271665006876,0.06996082235127687,0.07028361316770315,0.11179528012871742
4906,4906,4.044401168823242,4.051692008972168,2e-05,2.443846972317038,0.09571202658116817,0.06996221374720335,0.07028576079756021,0.11181869730353355
4907,4907,4.047110557556152,4.061157703399658,2e-05,2.4418393402309344,0.09576861001551151,0.06997778313234448,0.07030111458152533,0.1118457093834877
4908,4908,4.048436641693115,4.060234069824219,2e-05,2.443010642676948,0.09516379423439503,0.06998377852141857,0.0703131821937859,0.11187202297151089
4909,4909,4.054911136627197,4.050031661987305,2e-05,2.441387118663995,0.09553083404898643,0.0699952132999897,0.07031737733632326,0.111896812915802
4910,4910,4.054601669311523,4.058086395263672,2e-05,2.442339595892241,0.0961132999509573,0.07001300388947129,0.07033438049256802,0.11192509904503822
4911,4911,4.054274559020996,4.059214115142822,2e-05,2.4401812877021882,0.09544547647237778,0.07001702906563878,0.07033968390896916,0.11194906756281853
4912,4912,4.057793140411377,4.055423259735107,2e-05,2.441970144663666,0.09609878435730934,0.07002413924783468,0.07034405739977956,0.11197450011968613
4913,4913,4.055787086486816,4.055366516113281,2e-05,2.4365165903265,0.09613195806741714,0.07003628415986896,0.07036425173282623,0.11200262419879436
4914,4914,4.053597450256348,4.0523271560668945,2e-05,2.4345376269686776,0.09587727673351765,0.0700445156544447,0.07037226529791951,0.11202807910740376
4915,4915,4.041875839233398,4.051814079284668,2e-05,2.4337090210280916,0.09561458602547646,0.0700553241185844,0.07038033800199628,0.11205334030091763
4916,4916,4.053238868713379,4.050320625305176,2e-05,2.434207977495678,0.09588483721017838,0.0700698597356677,0.0703938971273601,0.11208073236048222
4917,4917,4.049953460693359,4.057278633117676,2e-05,2.4347338686928506,0.09554335847496986,0.07007722929120064,0.07040353771299124,0.11210695467889309
4918,4918,4.046133995056152,4.056299209594727,2e-05,2.4350228591349365,0.09581991657614708,0.07009175745770335,0.07041545677930117,0.11213348247110844
4919,4919,4.048847675323486,4.052016258239746,2e-05,2.436951850250693,0.09618974477052689,0.07009966811165214,0.07042429829016328,0.11215907149016857
4920,4920,4.049079418182373,4.064183235168457,2e-05,2.4358733751483825,0.09589084051549435,0.07010002341121435,0.0704260035417974,0.11218329332768917
4921,4921,4.052536964416504,4.049437999725342,2e-05,2.4333784927623205,0.09614585526287556,0.0701164803467691,0.07044438738375902,0.1122119277715683
4922,4922,4.046360969543457,4.065807342529297,2e-05,2.4366478784370535,0.09605907648801804,0.07011771108955145,0.07044302858412266,0.1122354194521904
4923,4923,4.056028842926025,4.047264099121094,2e-05,2.4382985973372477,0.09613723494112492,0.07013475243002176,0.07046421663835645,0.11226438730955124
4924,4924,4.060091018676758,4.048851013183594,2e-05,2.437031401715827,0.09600412100553513,0.07014002650976181,0.07046821108087897,0.11228866316378117
4925,4925,4.043456077575684,4.048706531524658,2e-05,2.4383591275001715,0.09593136608600616,0.07015378773212433,0.0704814582131803,0.11231558956205845
4926,4926,4.049283027648926,4.054855823516846,2e-05,2.438651073381113,0.09581665880978107,0.07016705395653844,0.07049212697893381,0.11234131827950478
4927,4927,4.052535533905029,4.047852516174316,2e-05,2.438698502180067,0.09608607925474644,0.07017799187451601,0.07050140807405114,0.11236726865172386
4928,4928,4.05126953125,4.049317359924316,2e-05,2.437224264222211,0.09621537104249,0.07018852094188333,0.07051238277927041,0.1123930811882019
4929,4929,4.048673152923584,4.057591438293457,2e-05,2.4346994320961235,0.09603427723050117,0.07019505882635713,0.07051997864618897,0.11241874285042286
4930,4930,4.0572686195373535,4.048062324523926,2e-05,2.4376379159484145,0.09608855098485947,0.07020063232630491,0.0705295973457396,0.11244482360780239
4931,4931,4.047072410583496,4.051977157592773,2e-05,2.439372840384353,0.09613198600709438,0.0702189952135086,0.07054436998441815,0.11247120797634125
4932,4932,4.047126770019531,4.051336288452148,2e-05,2.4379948433945464,0.09628168679773808,0.07022611144930124,0.07055034162476659,0.11249646730720997
4933,4933,4.046835422515869,4.058557033538818,2e-05,2.43916937609986,0.0961555764079094,0.07023399509489536,0.07055873656645417,0.11252224631607533
4934,4934,4.051357269287109,4.054312705993652,2e-05,2.438664029564946,0.09593022055923939,0.07024661405012012,0.07057164004072547,0.1125480867922306
4935,4935,4.052430152893066,4.049543380737305,2e-05,2.4376459926919796,0.0962382722645998,0.07025293912738562,0.07057999260723591,0.11257430352270603
4936,4936,4.050379753112793,4.050521373748779,2e-05,2.4380793993124903,0.09631214663386345,0.07026292663067579,0.07058971002697945,0.11260061152279377
4937,4937,4.047563552856445,4.0476813316345215,2e-05,2.4380287209005225,0.09616367146372795,0.07027059933170676,0.0706020942889154,0.11262690089643002
4938,4938,4.045464515686035,4.058218955993652,2e-05,2.4378978787299554,0.0960422195494175,0.07028695568442345,0.0706129688769579,0.11265270598232746
4939,4939,4.042931079864502,4.054757118225098,2e-05,2.4382530548591785,0.09651709347963333,0.07028711913153529,0.07061644177883863,0.1126780528575182
4940,4940,4.056076526641846,4.065896034240723,2e-05,2.438254945309027,0.09645961970090866,0.07030305359512568,0.07063190452754498,0.1127051804214716
4941,4941,4.047613620758057,4.049931049346924,2e-05,2.4381628414398904,0.09588807448744774,0.07031304202973843,0.07064128899946809,0.11273050867021084
4942,4942,4.0342254638671875,4.044839382171631,2e-05,2.4381652224958974,0.09614088200032711,0.07032128097489476,0.07064937427639961,0.11275631934404373
4943,4943,4.054281234741211,4.054713726043701,2e-05,2.438608332096999,0.09621441923081875,0.07034441828727722,0.07066889479756355,0.11278479732573032
4944,4944,4.058912754058838,4.065230846405029,2e-05,2.4385269303899277,0.09659943543374538,0.07033777423202991,0.07066901680082083,0.11280844174325466
4945,4945,4.049333572387695,4.050292491912842,2e-05,2.4348046886237746,0.09656639024615288,0.07036361563950777,0.07068648794665933,0.11283569782972336
4946,4946,4.045363426208496,4.060368537902832,2e-05,2.435654074629127,0.09638167545199394,0.07036760728806257,0.07069289265200496,0.11286075972020626
4947,4947,4.053213119506836,4.052472114562988,2e-05,2.439343371884303,0.09669016487896442,0.07036720728501678,0.07069560745730996,0.11288551427423954
4948,4948,4.050186634063721,4.056162357330322,2e-05,2.439284013785702,0.09628849104046822,0.07039237814024091,0.0707181990146637,0.11291462369263172
4949,4949,4.042207717895508,4.0636210441589355,2e-05,2.439206697579127,0.09678396210074425,0.0704008829779923,0.07072658836841583,0.11294045113027096
4950,4950,4.052068710327148,4.0491719245910645,2e-05,2.440542827229945,0.09623469226062298,0.07041355082765222,0.07074282644316554,0.11296741850674152
4951,4951,4.041386604309082,4.063972473144531,2e-05,2.439255696059913,0.09628427773714066,0.07041073450818658,0.07074162689968944,0.11299093067646027
4952,4952,4.05226993560791,4.046098709106445,2e-05,2.440249042467928,0.09675113297998905,0.07043774193152785,0.0707668480463326,0.1130214836448431
4953,4953,4.066383361816406,4.058629035949707,2e-05,2.4388138222284916,0.09654701128602028,0.07044156361371279,0.07076505292207003,0.11304446868598461
4954,4954,4.051961898803711,4.046814918518066,2e-05,2.440379276592617,0.09639197401702404,0.07045080838724971,0.07077558152377605,0.11307118274271488
4955,4955,4.054326057434082,4.058977127075195,2e-05,2.4387470789978916,0.09658530540764332,0.07045839400961995,0.07078597182407975,0.11309748888015747
4956,4956,4.055058002471924,4.059674263000488,2e-05,2.4404368325829795,0.09671653062105179,0.07046630373224616,0.0707918987609446,0.11312318965792656
4957,4957,4.04571533203125,4.045266151428223,2e-05,2.4387027943368627,0.09663473814725876,0.07048747735098004,0.07081490103155375,0.113152414560318
4958,4958,4.055203437805176,4.0570573806762695,2e-05,2.4398030874071783,0.09647776372730732,0.0704892105422914,0.070819943677634,0.11317811161279678
4959,4959,4.050559043884277,4.054884910583496,2e-05,2.4348594066584797,0.09668394178152084,0.07050323719158769,0.07083167741075158,0.1132044717669487
4960,4960,4.050635814666748,4.046379566192627,2e-05,2.4403258341901446,0.09638781100511551,0.07051536766812205,0.07084363466128707,0.11323130503296852
4961,4961,4.0487060546875,4.05411958694458,2e-05,2.438936992631653,0.09679277241230011,0.07052254630252719,0.0708473906852305,0.11325680464506149
4962,4962,4.04686975479126,4.039156913757324,2e-05,2.440263846399556,0.09668069332838058,0.0705364621244371,0.07086198031902313,0.11328436620533466
4963,4963,4.040874481201172,4.050297260284424,2e-05,2.27491192548424,0.09670117869973183,0.07054481748491526,0.0708745215088129,0.11331094801425934
4964,4964,4.046293258666992,4.05810546875,2e-05,2.2896495232812244,0.09702865965664387,0.07055688323453069,0.07088149664923549,0.1133373100310564
4965,4965,4.052074909210205,4.060083389282227,2e-05,2.3077411745804697,0.09655185230076313,0.07056233147159219,0.07089222548529506,0.11336308903992176
4966,4966,4.0498762130737305,4.0519866943359375,2e-05,2.3225401719465584,0.09678464382886887,0.07056513894349337,0.0708932881243527,0.11338753439486027
4967,4967,4.057668685913086,4.056652069091797,2e-05,2.3324610719570695,0.09712581522762775,0.07058473490178585,0.07090855250135064,0.11341483145952225
4968,4968,4.054348945617676,4.039881706237793,2e-05,2.345796022452939,0.0967176053673029,0.07059195870533586,0.07092312863096595,0.11344266682863235
4969,4969,4.047523021697998,4.056635856628418,2e-05,2.3530081838198877,0.09673134796321392,0.07060735998675227,0.07093202602118254,0.11346803419291973
4970,4970,4.0478692054748535,4.053043842315674,2e-05,2.3624284665615973,0.09700774773955345,0.07061518356204033,0.07094098767265677,0.11349420621991158
4971,4971,4.048858642578125,4.057107925415039,2e-05,2.36876179321285,0.09692488797008991,0.07062816107645631,0.07095496682450175,0.11352105252444744
4972,4972,4.041762828826904,4.046006202697754,2e-05,2.37693371199976,0.09697287529706955,0.070634123403579,0.07096312893554568,0.11354735307395458
4973,4973,4.049137115478516,4.050276756286621,2e-05,2.3818553614264144,0.09682727418839931,0.0706345709040761,0.07096364116296172,0.1135715153068304
4974,4974,4.049720764160156,4.058348655700684,2e-05,2.3849559410394745,0.09675465524196625,0.0706537114456296,0.07098006037995219,0.11359909735620022
4975,4975,4.05075216293335,4.049161911010742,2e-05,2.3931059852556356,0.09670786745846272,0.0706597026437521,0.07098688697442412,0.11362440697848797
4976,4976,4.043007850646973,4.05556583404541,2e-05,2.394881169450711,0.09706473909318447,0.07067484641447663,0.07100246986374259,0.11365193873643875
4977,4977,4.039620399475098,4.044716835021973,2e-05,2.402040436717633,0.09715908952057362,0.07068238221108913,0.07101274840533733,0.11367843300104141
4978,4978,4.053234100341797,4.048683166503906,2e-05,2.4071467186002597,0.09717197343707085,0.07069380581378937,0.07101939618587494,0.11370424553751945
4979,4979,4.045909881591797,4.044301986694336,2e-05,2.410098964659092,0.09690318815410137,0.070705930236727,0.07103727757930756,0.11373189650475979
4980,4980,4.054030418395996,4.051488399505615,2e-05,2.4120661351387542,0.09690063074231148,0.07070789532735944,0.07104018377140164,0.11375694535672665
4981,4981,4.053810119628906,4.047794818878174,2e-05,2.4144583000253026,0.0970322173088789,0.07071758434176445,0.07104219635948539,0.1137811541557312
4982,4982,4.041448593139648,4.052582740783691,2e-05,2.4169301284716442,0.09720382653176785,0.07073035696521401,0.07105720415711403,0.1138090156018734
4983,4983,4.05238151550293,4.048501014709473,2e-05,2.419207717229251,0.0973137803375721,0.07074269279837608,0.07106790505349636,0.11383544281125069
4984,4984,4.047857761383057,4.043313026428223,2e-05,2.422150785271308,0.09708091802895069,0.07074328139424324,0.07107079587876797,0.113859623670578
4985,4985,4.051219463348389,4.049741744995117,2e-05,2.4228348595088414,0.09716318175196648,0.07076205033808947,0.07109074760228395,0.11388862505555153
4986,4986,4.053574562072754,4.05770206451416,2e-05,2.4204883619302993,0.09714236669242382,0.07077329093590379,0.07110296143218875,0.11391520127654076
4987,4987,4.043500900268555,4.053791046142578,2e-05,2.424090548067254,0.09673839993774891,0.07078132266178727,0.07110953470692039,0.11393977329134941
4988,4988,4.0479230880737305,4.052678108215332,2e-05,2.4274000754248704,0.09724739193916321,0.07079434348270297,0.0711226686835289,0.113967165350914
4989,4989,4.05458927154541,4.051753044128418,2e-05,2.4290310476450325,0.09700892306864262,0.07080004224553704,0.07112814299762249,0.11399251036345959
4990,4990,4.042197227478027,4.0452046394348145,2e-05,2.429013550453349,0.0973087977617979,0.0708137834444642,0.07114371424540877,0.11402001604437828
4991,4991,4.045477867126465,4.050012111663818,2e-05,2.4315676770462216,0.09740028344094753,0.07082737144082785,0.07115269592031837,0.11404611356556416
4992,4992,4.040257453918457,4.046735763549805,2e-05,2.431188209740116,0.09742595255374908,0.07083615707233548,0.0711606303229928,0.1140718013048172
4993,4993,4.070166110992432,4.052163600921631,2e-05,2.432329020616796,0.09761035442352295,0.07083436567336321,0.07116049621254206,0.11409522593021393
4994,4994,4.045615196228027,4.043441295623779,2e-05,2.433049639211528,0.09715119376778603,0.07085208967328072,0.07118393806740642,0.11412429064512253
4995,4995,4.044208526611328,4.048055648803711,2e-05,2.4309539573770635,0.09764543920755386,0.0708550838753581,0.07118328008800745,0.11414814740419388
4996,4996,4.040762901306152,4.0543599128723145,2e-05,2.430139564451221,0.09692114219069481,0.0708695505745709,0.07120043225586414,0.1141755748540163
4997,4997,4.050727844238281,4.0621795654296875,2e-05,2.436462766766129,0.09738472104072571,0.07088584825396538,0.07121037552133203,0.11420214362442493
4998,4998,4.040721893310547,4.065288543701172,2e-05,2.4355802588825144,0.0974280871450901,0.07088410202413797,0.07121798349544406,0.11422741040587425
4999,4999,4.042076587677002,4.045659065246582,2e-05,2.433301665618275,0.09719550795853138,0.07089906325563788,0.07122683292254806,0.1142530906945467
5000,5000,4.053603172302246,4.046098709106445,2e-05,2.4327234289319284,0.0974676888436079,0.07090735761448741,0.0712356842122972,0.11427894793450832
5001,5001,4.0383172035217285,4.058985710144043,2e-05,2.4303618500421416,0.09773288108408451,0.07092010276392102,0.07124816766008735,0.11430569179356098
5002,5002,4.038957595825195,4.042781829833984,2e-05,2.4308359190171624,0.09749532677233219,0.07092126971110702,0.07125267386436462,0.11433019861578941
5003,5003,4.046139717102051,4.050014019012451,2e-05,2.431594879880002,0.09741520509123802,0.07094483589753509,0.07127300789579749,0.11435834504663944
5004,5004,4.045929431915283,4.054274082183838,2e-05,2.43188779929804,0.09731889143586159,0.07094697654247284,0.07127652643248439,0.11438317410647869
5005,5005,4.047187328338623,4.045701026916504,2e-05,2.43293296995559,0.09762779250741005,0.07096173940226436,0.07129293028265238,0.11441119574010372
5006,5006,4.050556182861328,4.053922653198242,2e-05,2.433652987402188,0.09757778234779835,0.07096289657056332,0.07129466766491532,0.11443502083420753
5007,5007,4.050250053405762,4.048598289489746,2e-05,2.4340756481551207,0.09764624759554863,0.07098087994381785,0.07131214253604412,0.11446287669241428
5008,5008,4.048222541809082,4.048242568969727,2e-05,2.434532821605591,0.09781045280396938,0.07099187048152089,0.07132127042859793,0.11448896676301956
5009,5009,4.059538841247559,4.05361270904541,2e-05,2.434823159901796,0.09735179506242275,0.07099591381847858,0.07132422458380461,0.11451327614486217
5010,5010,4.05471134185791,4.055760860443115,2e-05,2.4367427360468987,0.09754856675863266,0.0710123423486948,0.07134059770032763,0.11454111523926258
5011,5011,4.0491180419921875,4.063705921173096,2e-05,2.435396644251769,0.0976767148822546,0.07102200109511614,0.07134884223341942,0.11456695757806301
5012,5012,4.051614761352539,4.046177864074707,2e-05,2.437494148320714,0.09758011251688004,0.07102169515565038,0.07135410001501441,0.11459171399474144
5013,5013,4.045200347900391,4.053818702697754,2e-05,2.436008891110223,0.09767899103462696,0.07103528175503016,0.07136388262733817,0.11461796425282955
5014,5014,4.04720401763916,4.051089286804199,2e-05,2.4377857000928795,0.09769516810774803,0.07104706857353449,0.07138030836358666,0.1146457102149725
5015,5015,4.0431365966796875,4.053625106811523,2e-05,2.4373082456259345,0.09779473580420017,0.07106046751141548,0.07138739805668592,0.11467085033655167
5016,5016,4.049295902252197,4.055777549743652,2e-05,2.4382882101805308,0.09753465093672276,0.07106815185397863,0.07139820698648691,0.11469752341508865
5017,5017,4.053893089294434,4.054662704467773,2e-05,2.4368431983849623,0.09761786088347435,0.07107804249972105,0.0714087588712573,0.11472362838685513
5018,5018,4.043754577636719,4.047273635864258,2e-05,2.4343581424576177,0.09808050282299519,0.0710963997989893,0.07142367213964462,0.11475089378654957
5019,5019,4.047163009643555,4.0533599853515625,2e-05,2.437412681081769,0.09780807234346867,0.07110126176849008,0.07143217464908957,0.11477637849748135
5020,5020,4.046510696411133,4.044312000274658,2e-05,2.4391147917105815,0.09780075959861279,0.07111074076965451,0.07143882242962718,0.11480248719453812
5021,5021,4.05496883392334,4.049126625061035,2e-05,2.4374236836268524,0.09777512028813362,0.07111710496246815,0.07144934497773647,0.11482816375792027
5022,5022,4.044703483581543,4.058099746704102,2e-05,2.439124694001156,0.09766059182584286,0.07113204430788755,0.07145926216617227,0.11485440284013748
5023,5023,4.045022487640381,4.051624774932861,2e-05,2.4381757376638986,0.0978486854583025,0.07113927649334073,0.07147413212805986,0.11488226614892483
5024,5024,4.0371809005737305,4.054669380187988,2e-05,2.4389006465093543,0.09784049168229103,0.07114515593275428,0.0714765596203506,0.11490623280405998
5025,5025,4.0440826416015625,4.054889678955078,2e-05,2.43754623209401,0.09732488542795181,0.07116095721721649,0.07148960418999195,0.11493260972201824
5026,5026,4.046303749084473,4.052551746368408,2e-05,2.4379656575198627,0.0979129895567894,0.07116330089047551,0.07149668456986547,0.11495856568217278
5027,5027,4.043554306030273,4.045121192932129,2e-05,2.438001406431646,0.09803532995283604,0.07118391897529364,0.07151663256809115,0.11498665064573288
5028,5028,4.045861721038818,4.0485520362854,2e-05,2.4381342924637126,0.09793081507086754,0.07119486480951309,0.07152425218373537,0.11501255631446838
5029,5029,4.049909591674805,4.05997896194458,2e-05,2.438042320203497,0.09782228246331215,0.07119744410738349,0.07152765290811658,0.1150373537093401
5030,5030,4.060461521148682,4.055307388305664,2e-05,2.4343453736186254,0.09784006327390671,0.07121682399883866,0.0715433000586927,0.11506456695497036
5031,5031,4.046360015869141,4.046318054199219,2e-05,2.4386454526319064,0.09776760078966618,0.07122440682724118,0.07155771180987358,0.11509232223033905
5032,5032,4.043462753295898,4.069138526916504,2e-05,2.438360954082102,0.0978988315910101,0.07123546674847603,0.07156515819951892,0.11511797457933426
5033,5033,4.0490922927856445,4.065651893615723,2e-05,2.4385911578095167,0.09802758321166039,0.07124197809025645,0.07157305721193552,0.11514369025826454
5034,5034,4.043430328369141,4.051871299743652,2e-05,2.438682146782312,0.09777077846229076,0.07125141797587276,0.07158460514619946,0.11517046205699444
5035,5035,4.050296306610107,4.040125846862793,2e-05,2.43870256696372,0.09784805588424206,0.07125682989135385,0.07158412737771869,0.11519413627684116
5036,5036,4.05172061920166,4.05206298828125,2e-05,2.4389379354986844,0.09796229563653469,0.07126239780336618,0.07159550255164504,0.11522039212286472
5037,5037,4.0395121574401855,4.056797027587891,2e-05,2.438915707335131,0.09781560488045216,0.07128472812473774,0.07161856861785054,0.11525019630789757
5038,5038,4.043329238891602,4.052155017852783,2e-05,2.438702982855607,0.09815320186316967,0.0712919607758522,0.0716230166144669,0.11527508869767189
5039,5039,4.054658889770508,4.048650741577148,2e-05,2.4386001778882447,0.0982150286436081,0.0713033378124237,0.07163646165281534,0.11530200950801373
5040,5040,4.045304298400879,4.050689697265625,2e-05,2.4349931336666097,0.09789182245731354,0.07131145894527435,0.07164488732814789,0.11532789468765259
5041,5041,4.037962913513184,4.052196979522705,2e-05,2.4406045925065385,0.09799909219145775,0.0713182995095849,0.0716492347419262,0.11535284668207169
5042,5042,4.048618316650391,4.05037784576416,2e-05,2.439155775360831,0.09794307500123978,0.07133487751707435,0.07166713802143931,0.11538085527718067
5043,5043,4.050571441650391,4.060302734375,2e-05,2.4408617826212167,0.09819800406694412,0.07134202681481838,0.07167340535670519,0.11540737189352512
5044,5044,4.052045822143555,4.05645751953125,2e-05,2.43875879309757,0.09859525226056576,0.0713551277294755,0.07168593490496278,0.1154338251799345
5045,5045,4.057161331176758,4.050275802612305,2e-05,2.4363579810957217,0.09798210673034191,0.07136995624750853,0.07169696036726236,0.1154603399336338
5046,5046,4.043344497680664,4.0441460609436035,2e-05,2.4398033128817462,0.0982888825237751,0.07137239258736372,0.07171218236908317,0.11548792384564877
5047,5047,4.0525336265563965,4.051829814910889,2e-05,2.4403174191472266,0.09810994938015938,0.07138461759313941,0.07171578845009208,0.11551306024193764
5048,5048,4.05348014831543,4.0581278800964355,2e-05,2.4390291514452658,0.09816720522940159,0.07139150844886899,0.07171844318509102,0.11553754284977913
5049,5049,4.052332878112793,4.053186416625977,2e-05,2.4404037527366125,0.09836107864975929,0.07140286732465029,0.07172987563535571,0.11556407809257507
5050,5050,4.045022964477539,4.044820785522461,2e-05,2.438630903935193,0.09805870801210403,0.07140717376023531,0.07174294115975499,0.1155902948230505
5051,5051,4.041943550109863,4.044757843017578,2e-05,2.4400315182372565,0.09879186749458313,0.07142697647213936,0.07175793498754501,0.11561843939125538
5052,5052,4.04334831237793,4.047093391418457,2e-05,2.4385927190929366,0.09840502217411995,0.07143316464498639,0.07176577020436525,0.11564379185438156
5053,5053,4.046962261199951,4.044272422790527,2e-05,2.4400662261400297,0.09838474169373512,0.07144377939403057,0.07177464198321104,0.11566952429711819
5054,5054,4.046718597412109,4.048935890197754,2e-05,2.4387405241380624,0.09844117425382137,0.07144883135333657,0.07178274216130376,0.1156958844512701
5055,5055,4.047266960144043,4.047163009643555,2e-05,2.440012839400489,0.09818673692643642,0.07146279979497194,0.07179504353553057,0.11572210863232613
5056,5056,4.041528701782227,4.046815872192383,2e-05,2.439226060384125,0.0982465036213398,0.0714768161997199,0.07180604385212064,0.11574860289692879
5057,5057,4.04973030090332,4.049525260925293,2e-05,2.439604187453262,0.09823484905064106,0.07148518785834312,0.07181809563189745,0.11577558144927025
5058,5058,4.042179584503174,4.059298515319824,2e-05,2.438502290428618,0.09838268160820007,0.07148581836372614,0.07181768398731947,0.11579975672066212
5059,5059,4.044920444488525,4.046456336975098,2e-05,2.43808405891539,0.09864568151533604,0.07149986643344164,0.07183044822886586,0.11582663469016552
5060,5060,4.056872367858887,4.056753158569336,2e-05,2.4385952288305277,0.0984954684972763,0.07151461951434612,0.07184758223593235,0.11585437133908272
5061,5061,4.045192241668701,4.051164150238037,2e-05,2.4396993896605346,0.09892927296459675,0.07151649054139853,0.07185023138299584,0.11587942577898502
5062,5062,4.034531593322754,4.054161071777344,2e-05,2.4382397808847394,0.09827294759452343,0.07153506064787507,0.07186652719974518,0.1159069575369358
5063,5063,4.049953460693359,4.051473617553711,2e-05,2.4383966541182227,0.09864855371415615,0.0715422066859901,0.07187408534809947,0.11593242362141609
5064,5064,4.0410919189453125,4.0379228591918945,2e-05,2.438469524843466,0.09849129803478718,0.07154778204858303,0.07188060041517019,0.11595821380615234
5065,5065,4.04279899597168,4.041581153869629,2e-05,2.273601257729261,0.098733089864254,0.07156253373250365,0.07189424196258187,0.1159855742007494
5066,5066,4.039677143096924,4.044092178344727,2e-05,2.2899779324543563,0.09875506162643433,0.07157813897356391,0.07191193848848343,0.11601381003856659
5067,5067,4.040546894073486,4.069220542907715,2e-05,2.306399315723734,0.09873533248901367,0.07158273365348577,0.0719128092750907,0.11603779904544353
5068,5068,4.044731140136719,4.048653602600098,2e-05,2.318264650966941,0.09848006628453732,0.07159276865422726,0.07192939287051558,0.11606593802571297
5069,5069,4.043039321899414,4.03997802734375,2e-05,2.327470602618631,0.09896873123943806,0.07159121660515666,0.07192753255367279,0.11608983390033245
5070,5070,4.03699254989624,4.049516677856445,2e-05,2.3412714501633514,0.09883799217641354,0.07161711156368256,0.0719486097805202,0.11611830815672874
5071,5071,4.041461944580078,4.059974670410156,2e-05,2.3510363541880657,0.09898277185857296,0.07161981193348765,0.07195502100512385,0.11614428460597992
5072,5072,4.0437331199646,4.058084487915039,2e-05,2.359867453144739,0.09876667335629463,0.07163428980857134,0.07196616008877754,0.11617131903767586
5073,5073,4.042110443115234,4.045875072479248,2e-05,2.3641353379603522,0.09856850281357765,0.0716407522559166,0.07197637297213078,0.11619733646512032
5074,5074,4.04616117477417,4.051422119140625,2e-05,2.375590354004949,0.09841455891728401,0.07165215583518147,0.07198390271514654,0.11622300744056702
5075,5075,4.047650337219238,4.0477728843688965,2e-05,2.381670976142049,0.0985873844474554,0.07166594220325351,0.07199708186089993,0.11625043489038944
5076,5076,4.039400100708008,4.046955585479736,2e-05,2.3876163443738756,0.0990361887961626,0.07167904265224934,0.07200875226408243,0.11627741158008575
5077,5077,4.046267509460449,4.042819023132324,2e-05,2.3926000354425714,0.09915127046406269,0.07168677914887667,0.07202164176851511,0.11630477197468281
5078,5078,4.048418045043945,4.042123794555664,2e-05,2.398224522353632,0.09846303798258305,0.07169317733496428,0.07202386856079102,0.11632933281362057
5079,5079,4.050504684448242,4.048463821411133,2e-05,2.4016199703751138,0.09889792464673519,0.07170368218794465,0.07203613920137286,0.11635696329176426
5080,5080,4.039628982543945,4.040919780731201,2e-05,2.4050891132568917,0.09873274341225624,0.07170955184847116,0.0720454091206193,0.11638283915817738
5081,5081,4.055651664733887,4.053257942199707,2e-05,2.4083357582341702,0.09900021553039551,0.0717240828089416,0.0720555167645216,0.11640870571136475
5082,5082,4.051685333251953,4.052799224853516,2e-05,2.411279908386873,0.09900309331715107,0.07172746071591973,0.0720627955161035,0.11643500812351704
5083,5083,4.044660568237305,4.0501298904418945,2e-05,2.4141618144129864,0.09907418116927147,0.07174321170896292,0.07207826292142272,0.1164629627019167
5084,5084,4.049099445343018,4.046492576599121,2e-05,2.417955831862586,0.0986652560532093,0.07175832008942962,0.07208756264299154,0.11648840643465519
5085,5085,4.041221618652344,4.050817012786865,2e-05,2.41882426844356,0.09917597845196724,0.07176385493949056,0.07209839066490531,0.11651498824357986
5086,5086,4.044159889221191,4.047701358795166,2e-05,2.4182948090400105,0.09917917661368847,0.07177019352093339,0.0721067888662219,0.11654127202928066
5087,5087,4.049725532531738,4.050240516662598,2e-05,2.4229051246039366,0.0986223816871643,0.07178272493183613,0.07211724016815424,0.11656711250543594
5088,5088,4.043559551239014,4.0639753341674805,2e-05,2.42601996095996,0.09902686811983585,0.07179747568443418,0.07212879741564393,0.11659406498074532
5089,5089,4.048235893249512,4.044911861419678,2e-05,2.425739405691792,0.09899966232478619,0.07180650718510151,0.07213714485988021,0.11662024445831776
5090,5090,4.041851043701172,4.047127723693848,2e-05,2.428248034807623,0.09919689036905766,0.07181328535079956,0.07214679522439837,0.11664632335305214
5091,5091,4.043630599975586,4.045461654663086,2e-05,2.428352866297625,0.09914696589112282,0.07182331755757332,0.07215974852442741,0.11667334660887718
5092,5092,4.046314239501953,4.039106845855713,2e-05,2.4305019309161606,0.09931829571723938,0.0718323034234345,0.07216663239523768,0.11669900082051754
5093,5093,4.042472839355469,4.050325870513916,2e-05,2.4300498667836523,0.09942258894443512,0.07184012746438384,0.07217526761814952,0.11672474630177021
5094,5094,4.04283332824707,4.044187068939209,2e-05,2.432422578198966,0.09882690198719501,0.07185561396181583,0.07219160674139857,0.11675252392888069
5095,5095,4.041457176208496,4.053467750549316,2e-05,2.431596169092678,0.09897623024880886,0.07186704641208053,0.0722013944759965,0.11677885055541992
5096,5096,4.050403118133545,4.0519890785217285,2e-05,2.429692596761692,0.09952081367373466,0.07187442295253277,0.0722051477059722,0.11680404096841812
5097,5097,4.058772087097168,4.042176246643066,2e-05,2.429485414533891,0.099114328622818,0.07189021166414022,0.07221684418618679,0.11683064885437489
5098,5098,4.036595821380615,4.0474443435668945,2e-05,2.428229684678059,0.09901678003370762,0.07189468946307898,0.07222583750262856,0.11685650981962681
5099,5099,4.0403852462768555,4.04341459274292,2e-05,2.427905232188489,0.0991091001778841,0.0719087328761816,0.07224148837849498,0.11688440665602684
5100,5100,4.0496296882629395,4.051089286804199,2e-05,2.4300938930071885,0.0989085454493761,0.07191740488633513,0.0722504984587431,0.1169104054570198
5101,5101,4.050539016723633,4.045291900634766,2e-05,2.4315858036839924,0.09904506057500839,0.07192659750580788,0.07226342940703034,0.11693700589239597
5102,5102,4.043882369995117,4.046909332275391,2e-05,2.4312569729368056,0.09907873719930649,0.07194025348871946,0.07227266067638993,0.11696386523544788
5103,5103,4.037809371948242,4.046239376068115,2e-05,2.432702937682394,0.09930246882140636,0.0719478684477508,0.07227850938215852,0.11698920466005802
5104,5104,4.050686836242676,4.060837268829346,2e-05,2.431951413532094,0.09949645400047302,0.07195586943998933,0.07229211740195751,0.11701678298413754
5105,5105,4.04909086227417,4.061211585998535,2e-05,2.43398718022458,0.09922917373478413,0.07196347834542394,0.07229616167023778,0.11704178713262081
5106,5106,4.0442609786987305,4.050810813903809,2e-05,2.4337758078728733,0.09931180998682976,0.07197925075888634,0.07231386378407478,0.11707017756998539
5107,5107,4.055611610412598,4.039154529571533,2e-05,2.4351055790603926,0.09931203722953796,0.07198485219851136,0.07231419300660491,0.11709424294531345
5108,5108,4.052326202392578,4.049218654632568,2e-05,2.4340125563916035,0.09937962517142296,0.07199848769232631,0.07233205949887633,0.11712267249822617
5109,5109,4.0420122146606445,4.046353340148926,2e-05,2.4360114645836752,0.09918937645852566,0.07200130308046937,0.07233698852360249,0.11714816465973854
5110,5110,4.041283130645752,4.052859783172607,2e-05,2.4348025579716865,0.0993148423731327,0.07202130509540439,0.07235248200595379,0.11717592552304268
5111,5111,4.0353593826293945,4.041067123413086,2e-05,2.436840046163446,0.09933560341596603,0.07202217541635036,0.07235853048041463,0.11720120348036289
5112,5112,4.038384437561035,4.050604820251465,2e-05,2.4318406273771296,0.09923570416867733,0.0720335184596479,0.07237231731414795,0.11722846701741219
5113,5113,4.054703712463379,4.049060344696045,2e-05,2.4289841061596675,0.09931925497949123,0.07204598095268011,0.0723799611441791,0.11725489236414433
5114,5114,4.034835338592529,4.0508856773376465,2e-05,2.4300699636294394,0.0996185839176178,0.07205839781090617,0.07239120407029986,0.11728185787796974
5115,5115,4.0527143478393555,4.057188034057617,2e-05,2.4305800285322663,0.09944472648203373,0.07206449378281832,0.07240611454471946,0.1173099260777235
5116,5116,4.0515055656433105,4.045519828796387,2e-05,2.421736820648467,0.0997710432857275,0.0720714800991118,0.0724004153162241,0.11733288131654263
5117,5117,4.0494184494018555,4.047755241394043,2e-05,2.420827535514855,0.09920635260641575,0.07208593934774399,0.07242362853139639,0.11736157722771168
5118,5118,4.039544105529785,4.044713020324707,2e-05,2.4160218128477124,0.09983693435788155,0.07209192495793104,0.07242528535425663,0.11738637834787369
5119,5119,4.0487589836120605,4.048557758331299,2e-05,2.4127760354757415,0.09958994202315807,0.07210009638220072,0.07243569381535053,0.11741260252892971
5120,5120,4.044768810272217,4.040045261383057,2e-05,2.413887299454613,0.0994164478033781,0.07212428096681833,0.0724583612754941,0.1174418181180954
5121,5121,4.043839454650879,4.04779052734375,2e-05,2.414949840147953,0.09975778125226498,0.07213224051520228,0.07246597437188029,0.11746777035295963
5122,5122,4.049101829528809,4.053826332092285,2e-05,2.41845815568594,0.10003161430358887,0.07213096553459764,0.07246759906411171,0.11749231070280075
5123,5123,4.048147201538086,4.043132781982422,2e-05,2.419144614041412,0.09987426921725273,0.07214798917993903,0.07248118752613664,0.11751979030668736
5124,5124,4.04801607131958,4.055339813232422,2e-05,2.422651057723951,0.09963982738554478,0.07215016847476363,0.07248790422454476,0.11754480749368668
5125,5125,4.048039436340332,4.055585861206055,2e-05,2.4226130583985257,0.09987207688391209,0.07216815184801817,0.0725026004947722,0.11757260002195835
5126,5126,4.035459518432617,4.07225227355957,2e-05,2.4257052613808328,0.09969049878418446,0.07217632932588458,0.0725151184014976,0.11759888753294945
5127,5127,4.048280715942383,4.051752090454102,2e-05,2.425802134990618,0.09959904849529266,0.07219222653657198,0.0725252665579319,0.11762486025691032
5128,5128,4.043020248413086,4.039252281188965,2e-05,2.4288365808348567,0.10012215003371239,0.07219740282744169,0.07253219932317734,0.11765085719525814
5129,5129,4.034268379211426,4.041786193847656,2e-05,2.4280353014641087,0.09962023794651031,0.07221173541620374,0.07254257705062628,0.11767713353037834
5130,5130,4.042712211608887,4.041970252990723,2e-05,2.4304644052841877,0.09998845309019089,0.07222519163042307,0.07255802815780044,0.11770463548600674
5131,5131,4.04185152053833,4.049569606781006,2e-05,2.430017782775783,0.09966350346803665,0.07222247729077935,0.07255801698192954,0.11772852763533592
5132,5132,4.060564041137695,4.042422294616699,2e-05,2.430809081072073,0.0999421663582325,0.07224236102774739,0.07257123710587621,0.11775595881044865
5133,5133,4.062961578369141,4.050168037414551,2e-05,2.4316151007696454,0.10039892792701721,0.07224137149751186,0.07257719105109572,0.11778195202350616
5134,5134,4.047628879547119,4.052267074584961,2e-05,2.4323627120747293,0.09950788505375385,0.0722503955475986,0.07258841302245855,0.11780804209411144
5135,5135,4.0410003662109375,4.052427291870117,2e-05,2.432904166843376,0.1000517476350069,0.07227016147226095,0.07260150369256735,0.11783570051193237
5136,5136,4.060924530029297,4.0588884353637695,2e-05,2.433750161176006,0.09984635189175606,0.07227985793724656,0.07261312659829855,0.11786249093711376
5137,5137,4.035770416259766,4.044827461242676,2e-05,2.4340573996226555,0.09982760436832905,0.07228265376761556,0.07261268375441432,0.11788611859083176
5138,5138,4.0419464111328125,4.0528059005737305,2e-05,2.4353246455211086,0.10029407776892185,0.07229849090799689,0.07262818003073335,0.11791419796645641
5139,5139,4.039078235626221,4.063904285430908,2e-05,2.434964252225369,0.09993601217865944,0.0723112584091723,0.07264809217303991,0.11794268898665905
5140,5140,4.043574333190918,4.047910690307617,2e-05,2.435400853678063,0.09969178587198257,0.0723067494109273,0.07264531031250954,0.1179658230394125
5141,5141,4.048245429992676,4.050060272216797,2e-05,2.4354714683752534,0.10009021684527397,0.07232347503304482,0.07265414064750075,0.11799235083162785
5142,5142,4.043056488037109,4.0455732345581055,2e-05,2.4323148676083917,0.10021962784230709,0.07233238685876131,0.07266874797642231,0.11801968142390251
5143,5143,4.041705131530762,4.045110702514648,2e-05,2.4365470490321233,0.10013367608189583,0.07233977178111672,0.07267507212236524,0.11804444529116154
5144,5144,4.043493270874023,4.052067756652832,2e-05,2.4368134175718454,0.10004661418497562,0.07236142875626683,0.07270028768107295,0.1180740687996149
5145,5145,4.043545246124268,4.0448150634765625,2e-05,2.4370719334343516,0.09990987926721573,0.07237094826996326,0.07270564325153828,0.11809941753745079
5146,5146,4.052520751953125,4.050155162811279,2e-05,2.4370469946551667,0.10019301995635033,0.07237650081515312,0.07270725397393107,0.11812402866780758
5147,5147,4.039421081542969,4.0439772605896,2e-05,2.4385766551012296,0.10016555525362492,0.07239040825515985,0.07272550230845809,0.11815135180950165
5148,5148,4.034405708312988,4.048881530761719,2e-05,2.4380150086836556,0.09980633482336998,0.07239939644932747,0.0727382991462946,0.11817900277674198
5149,5149,4.0433783531188965,4.051563739776611,2e-05,2.4390480983969214,0.10006665997207165,0.07240143930539489,0.07273931475356221,0.11820285208523273
5150,5150,4.036153793334961,4.044617176055908,2e-05,2.4338752986314756,0.10005023516714573,0.07241666503250599,0.0727497385814786,0.11822913587093353
5151,5151,4.040417671203613,4.0621442794799805,2e-05,2.435710047574438,0.10036730021238327,0.07242649560794234,0.07275939732789993,0.11825669184327126
5152,5152,4.057821750640869,4.04585075378418,2e-05,2.434814892928404,0.09997938759624958,0.07243442954495549,0.07277063792571425,0.11828263849020004
5153,5153,4.042613983154297,4.053777694702148,2e-05,2.436171434934902,0.10050303302705288,0.07244467874988914,0.07278149435296655,0.11831041052937508
5154,5154,4.041452407836914,4.049813270568848,2e-05,2.4353468166993757,0.10008600726723671,0.07245750585570931,0.07279039919376373,0.1183370053768158
5155,5155,4.044668197631836,4.050065994262695,2e-05,2.4372831792946084,0.10060323029756546,0.07246997579932213,0.07280602352693677,0.1183646209537983
5156,5156,4.046657562255859,4.061765670776367,2e-05,2.439528426492648,0.1000348161906004,0.07247442053630948,0.07281317748129368,0.11839107610285282
5157,5157,4.041073799133301,4.044363021850586,2e-05,2.4418446878896107,0.10064812004566193,0.07248085271567106,0.07281859871000051,0.11841686442494392
5158,5158,4.044713973999023,4.0545477867126465,2e-05,2.4392709117540585,0.10016475431621075,0.07249115174636245,0.0728256436996162,0.11844316311180592
5159,5159,4.035551071166992,4.04536247253418,2e-05,2.4407301588538157,0.10010481812059879,0.07250415114685893,0.07284195441752672,0.11847185716032982
5160,5160,4.047152042388916,4.0583720207214355,2e-05,2.439732520806958,0.1001929510384798,0.07251221872866154,0.07284923875704408,0.11849823407828808
5161,5161,4.044430732727051,4.048285007476807,2e-05,2.440482088602207,0.10012811608612537,0.0725291920825839,0.07286454690620303,0.1185262929648161
5162,5162,4.051179885864258,4.043342113494873,2e-05,2.438962777448529,0.10031027719378471,0.07252750173211098,0.07286489335820079,0.118550855666399
5163,5163,4.038750171661377,4.049747467041016,2e-05,2.4387248980981147,0.10050261579453945,0.07253453694283962,0.072868543677032,0.11857584677636623
5164,5164,4.043292999267578,4.042217254638672,2e-05,2.439014480059004,0.10063226148486137,0.07255154149606824,0.07288761576637626,0.11860477365553379
5165,5165,4.047684669494629,4.047932147979736,2e-05,2.4385008199215386,0.10065731033682823,0.0725531610660255,0.0728904576972127,0.1186296921223402
5166,5166,4.039867401123047,4.062661170959473,2e-05,2.4389069452995904,0.10041868314146996,0.07256996305659413,0.07290546782314777,0.11865723319351673
5167,5167,4.036895275115967,4.042254447937012,2e-05,2.4387411172581435,0.10028178803622723,0.07257718360051513,0.07291492400690913,0.11868345364928246
5168,5168,4.047671318054199,4.054595470428467,2e-05,2.438914501014071,0.1006181538105011,0.07258264534175396,0.07292458834126592,0.1187098529189825
5169,5169,4.038071632385254,4.041677951812744,2e-05,2.4387257573408574,0.1005401723086834,0.07259235763922334,0.07292664889246225,0.1187334954738617
5170,5170,4.047585964202881,4.049107551574707,2e-05,2.4401048023055294,0.10029454343020916,0.07261282298713923,0.07295257318764925,0.11876378208398819
5171,5171,4.0428147315979,4.04202127456665,2e-05,2.4389071501161785,0.10044844821095467,0.07261870102956891,0.07295471988618374,0.11878849938511848
5172,5172,4.043086051940918,4.053180694580078,2e-05,2.4398630686212717,0.10053033009171486,0.07263023126870394,0.07296498026698828,0.11881476268172264
5173,5173,4.03911828994751,4.043666839599609,2e-05,2.438698050295547,0.10069578140974045,0.07263238541781902,0.07297075120732188,0.11884048953652382
5174,5174,4.054680347442627,4.044919967651367,2e-05,2.438396373314732,0.1005666945129633,0.07264932803809643,0.0729869813658297,0.11886857077479362
5175,5175,4.0476484298706055,4.045468807220459,2e-05,2.4386008129301255,0.1006473209708929,0.07265068031847477,0.0729918135330081,0.11889372207224369
5176,5176,4.053692817687988,4.060063362121582,2e-05,2.440013068488086,0.1003211010247469,0.0726582040078938,0.07299734419211745,0.11891916953027248
5177,5177,4.051137924194336,4.041068077087402,2e-05,2.4387383262936697,0.10072270594537258,0.07267786329612136,0.07301601301878691,0.11894803680479527
5178,5178,4.031051158905029,4.049411773681641,2e-05,2.438609819170386,0.10075663588941097,0.0726817287504673,0.07301808940246701,0.11897254176437855
5179,5179,4.050999641418457,4.042171478271484,2e-05,2.438574326994205,0.10051045194268227,0.07268745824694633,0.07302676094695926,0.11899879947304726
5180,5180,4.044952392578125,4.039033889770508,2e-05,2.4401550864394697,0.10068110562860966,0.07269378565251827,0.07303258636966348,0.11902403645217419
5181,5181,4.039153575897217,4.042179107666016,2e-05,2.4385621727445024,0.10102110542356968,0.0727178892120719,0.07305332506075501,0.11905299127101898
5182,5182,4.052554130554199,4.047702789306641,2e-05,2.440045643992472,0.10071680508553982,0.07272228971123695,0.0730611402541399,0.11907918751239777
5183,5183,4.036577224731445,4.049713611602783,2e-05,2.438517657945625,0.10074261017143726,0.07273117592558265,0.07306458055973053,0.11910385079681873
5184,5184,4.044853210449219,4.038196563720703,2e-05,2.440074697745996,0.10062221251428127,0.0727420742623508,0.07307587377727032,0.11913047172129154
5185,5185,4.037031173706055,4.04616117477417,2e-05,2.4381395158539925,0.10084262490272522,0.07274908758699894,0.07308923499658704,0.119157949462533
5186,5186,4.041041374206543,4.038429260253906,2e-05,2.4357588026463755,0.1004965491592884,0.07275847578421235,0.07309867953881621,0.11918400600552559
5187,5187,4.034816741943359,4.040188312530518,2e-05,2.4387186193195074,0.10100637003779411,0.07277223281562328,0.07311300467699766,0.11921182088553905
5188,5188,4.044322967529297,4.046450614929199,2e-05,2.4401294536270974,0.1007174663245678,0.07278203079476953,0.07311940146610141,0.11923709325492382
5189,5189,4.034968376159668,4.042793273925781,2e-05,2.439356480497717,0.10089408606290817,0.072793691419065,0.07312894379720092,0.11926385015249252
5190,5190,4.050677299499512,4.045201301574707,2e-05,2.4400697677715284,0.10105639696121216,0.0727976094931364,0.07313552452251315,0.11928954347968102
5191,5191,4.035687446594238,4.050200462341309,2e-05,2.438301685222087,0.10119504295289516,0.07280811294913292,0.07314469432458282,0.1193159781396389
5192,5192,4.047686576843262,4.049224853515625,2e-05,2.4397006988490713,0.1008086297661066,0.07281607901677489,0.07315604202449322,0.11934203840792179
5193,5193,4.045317649841309,4.047544479370117,2e-05,2.4380722938623896,0.10079359821975231,0.07282654009759426,0.07316773803904653,0.11936939507722855
5194,5194,4.044081687927246,4.041470050811768,2e-05,2.4383074321914933,0.10107320919632912,0.07283808430656791,0.07317422516644001,0.11939482763409615
5195,5195,4.038633823394775,4.043940544128418,2e-05,2.439295797520945,0.10125705599784851,0.07284329365938902,0.07318402314558625,0.11942126415669918
5196,5196,4.042854309082031,4.040354251861572,2e-05,2.438441595607374,0.10102712921798229,0.07285545952618122,0.07319009909406304,0.11944638565182686
5197,5197,4.051499366760254,4.058123588562012,2e-05,2.4385953721445364,0.10094961524009705,0.07287516258656979,0.07321515446528792,0.11947607807815075
5198,5198,4.050721168518066,4.039752960205078,2e-05,2.4381406246138964,0.10107032023370266,0.07287504198029637,0.0732131409458816,0.1194993332028389
5199,5199,4.045171737670898,4.038127899169922,2e-05,2.438474947516628,0.10121127776801586,0.07288955105468631,0.07322730915620923,0.11952682957053185
5200,5200,4.041143417358398,4.045283317565918,2e-05,2.438707429105322,0.10091187991201878,0.07289578532800078,0.07323465123772621,0.11955210752785206
5201,5201,4.034682273864746,4.041081428527832,2e-05,2.4387219069686057,0.10108127444982529,0.07290328526869416,0.07324320264160633,0.11957851611077785
5202,5202,4.047804355621338,4.049527645111084,2e-05,2.438641087128173,0.10107714310288429,0.07290863804519176,0.07325015775859356,0.1196039505302906
5203,5203,4.037851333618164,4.046128273010254,2e-05,2.440014790289998,0.10121372900903225,0.07291386369615793,0.0732531500980258,0.11962860822677612
5204,5204,4.039773464202881,4.0491862297058105,2e-05,2.4386604325372896,0.10111410543322563,0.07293964037671685,0.07327551022171974,0.11965785175561905
5205,5205,4.041296005249023,4.050518035888672,2e-05,2.4386420614209254,0.10134781710803509,0.07294315751641989,0.07328460924327374,0.11968394555151463
5206,5206,4.042775630950928,4.044459819793701,2e-05,2.4384601098430827,0.10116146691143513,0.07295212615281343,0.07329339627176523,0.11970889568328857
5207,5207,4.042450904846191,4.040367603302002,2e-05,2.438613743565869,0.10104972310364246,0.07296728948131204,0.07330492045730352,0.11973568983376026
5208,5208,4.051093578338623,4.061985015869141,2e-05,2.438603454381277,0.10091883316636086,0.07297845557332039,0.07331591844558716,0.11976242437958717
5209,5209,4.041903495788574,4.055171489715576,2e-05,2.438742753650244,0.1011153943836689,0.07298319600522518,0.07332123117521405,0.11978699080646038
5210,5210,4.039377212524414,4.046456813812256,2e-05,2.439215466843561,0.1012317780405283,0.0729929031804204,0.07333505572751164,0.1198143232613802
5211,5211,4.039496421813965,4.050153732299805,2e-05,2.4402042288761643,0.10141031630337238,0.07299889624118805,0.0733401314355433,0.11983996070921421
5212,5212,4.04205322265625,4.045398712158203,2e-05,2.4385794182486986,0.10135344415903091,0.07300792075693607,0.07334575988352299,0.11986430734395981
5213,5213,4.040532112121582,4.043922424316406,2e-05,2.4399057937893187,0.10118816047906876,0.07301885215565562,0.07336194347590208,0.11989221163094044
5214,5214,4.04770565032959,4.048348903656006,2e-05,2.438417105760312,0.10117154009640217,0.07302756793797016,0.07336894376203418,0.11991825327277184
