step,iter,train/loss,val/loss,lr,mfu,token_embedding_act_abs_mean,attn_act_abs_mean,mlp_act_abs_mean,lm_head_act_abs_mean
0,0,4.213422775268555,4.225775718688965,2e-07,-100.0
1,1,4.220473766326904,4.21943473815918,2e-07,-100.0,0.01599648641422391,0.03218696860130876,0.08832008764147758,0.25884799659252167
2,2,4.204583168029785,4.237312316894531,2e-07,-100.0,0.016001292038708925,0.03199766587931663,0.08825995586812496,0.25921569019556046
3,3,4.22225284576416,4.218172550201416,2e-07,-100.0,0.015992225613445044,0.03171114099677652,0.08842376712709665,0.2592831328511238
4,4,4.221248626708984,4.221987724304199,2e-07,-100.0,0.015994371846318245,0.03182888391893357,0.0881758714094758,0.25946659594774246
5,5,4.2184624671936035,4.222796440124512,2e-07,-100.0,0.01601595152169466,0.03172495309263468,0.08819795120507479,0.2594056650996208
6,6,4.233189582824707,4.229953765869141,2e-07,1.6906237504654889,0.016016867011785507,0.03159126511309296,0.08817674592137337,0.25804951786994934
7,7,4.210416793823242,4.22615909576416,2e-07,1.6858424740404818,0.015983749646693468,0.031376094557344913,0.08820334821939468,0.26068665087223053
8,8,4.219664096832275,4.21178674697876,2e-07,1.6905271756430214,0.016003824304789305,0.0313825145130977,0.0883883973583579,0.2597288489341736
9,9,4.2109575271606445,4.229205131530762,2e-07,1.587630107298037,0.016013620421290398,0.031316509819589555,0.08823304902762175,0.258667916059494
10,10,4.225160121917725,4.220484733581543,2e-07,1.616062955808022,0.016015679575502872,0.03146101220045239,0.08825851231813431,0.25902967154979706
11,11,4.2208147048950195,4.211102485656738,2e-07,1.6354833579190562,0.015997665468603373,0.0316898999735713,0.08826770633459091,0.26038072258234024
12,12,4.229892730712891,4.224536418914795,2e-07,1.5390851854761876,0.016001963522285223,0.03092838090378791,0.08819071762263775,0.25867874175310135
13,13,4.221676349639893,4.212765216827393,2e-07,1.5655253340245125,0.016000987961888313,0.03152935055550188,0.08819177187979221,0.2592773288488388
14,14,4.203505516052246,4.23233699798584,2e-07,1.5888796687084958,0.016000340692698956,0.030901832040399313,0.08835859689861536,0.2601465433835983
15,15,4.196341514587402,4.217583179473877,2e-07,1.6101507610831296,0.016019362956285477,0.031552988453768194,0.08847119379788637,0.26000864058732986
16,16,4.2190775871276855,4.2161970138549805,2e-07,1.632561735377662,0.015999579336494207,0.03082489431835711,0.08813156187534332,0.2588453143835068
17,17,4.209721088409424,4.212507724761963,2e-07,1.649542646601618,0.01604471541941166,0.031057722168043256,0.08836132287979126,0.25829505920410156
18,18,4.224374294281006,4.222559452056885,2e-07,1.6638163770701702,0.01600960223004222,0.03220107115339488,0.088162194006145,0.2592843398451805
19,19,4.2166924476623535,4.214592456817627,2e-07,1.6783771069750077,0.016005320474505424,0.03073781356215477,0.08826738316565752,0.2601701691746712
20,20,4.217432498931885,4.218395233154297,2e-07,1.6937597129396755,0.01601241808384657,0.03193862736225128,0.08825617656111717,0.2595515623688698
21,21,4.200057029724121,4.226468086242676,2e-07,1.7049597194228407,0.016025169286876917,0.031817111070267856,0.088099030777812,0.2590516433119774
22,22,4.203973293304443,4.197967529296875,2e-07,1.7136145881399896,0.01601607957854867,0.031093001132830977,0.08834251202642918,0.25968145579099655
23,23,4.1990647315979,4.219943523406982,2e-07,1.6082170346190645,0.015996805857867002,0.032594190328381956,0.0881819510832429,0.25842126458883286
24,24,4.200492858886719,4.200556755065918,2e-07,1.6327568710839582,0.01600392861291766,0.032511233002878726,0.08818409405648708,0.259124219417572
25,25,4.204596996307373,4.2171525955200195,2e-07,1.6560396769891663,0.016021419782191515,0.03160287905484438,0.08814376778900623,0.2588461712002754
26,26,4.205808639526367,4.216721057891846,2e-07,1.672153111526909,0.015996128786355257,0.031474191695451736,0.08832674566656351,0.2606056481599808
27,27,4.21677303314209,4.205722808837891,2e-07,1.6880371998036978,0.016015960834920406,0.031185888219624758,0.08835189417004585,0.25819383561611176
28,28,4.201509475708008,4.200774669647217,2e-07,1.7062270690837298,0.016018526162952185,0.03205010935198516,0.08802174683660269,0.2569951042532921
29,29,4.214690685272217,4.204639434814453,2e-07,1.7227761664345185,0.01602985244244337,0.031889282865449786,0.08820751868188381,0.258815661072731
30,30,4.197717189788818,4.212737560272217,2e-07,1.7332361532300375,0.01600374048575759,0.03200949891470373,0.08824338298290968,0.2601955309510231
31,31,4.20850944519043,4.205345630645752,2e-07,1.739479327877524,0.01600134326145053,0.03142558934632689,0.08818283956497908,0.257741279900074
32,32,4.211814880371094,4.200081825256348,2e-07,1.7480552748013232,0.016015273984521627,0.031027258839458227,0.08811218850314617,0.25928404182195663
33,33,4.190327167510986,4.21315336227417,2e-07,1.7609642883025423,0.016022746451199055,0.030943494639359415,0.08834725245833397,0.25985559821128845
34,34,4.202373027801514,4.215482234954834,2e-07,1.7674012697601789,0.016035734210163355,0.031103451387025416,0.08829306345432997,0.2593647763133049
35,35,4.193186283111572,4.208728790283203,2e-07,1.7757067378055733,0.016021743416786194,0.03169736382551491,0.08825512696057558,0.25936879217624664
36,36,4.192420482635498,4.208966255187988,2e-07,1.7820717009380784,0.016020142007619143,0.03073255403432995,0.088404705747962,0.2589820474386215
37,37,4.203157424926758,4.21766471862793,2e-07,1.7894918263162554,0.016007129568606615,0.031130212708376348,0.08822661824524403,0.25838130712509155
38,38,4.197792053222656,4.206932067871094,2e-07,1.792294058058675,0.016010004095733166,0.03179730603005737,0.08791220188140869,0.25872350484132767
39,39,4.1937737464904785,4.204620361328125,2e-07,1.7959399140174137,0.01601525628939271,0.03167337237391621,0.08796969894319773,0.2598133757710457
40,40,4.192511558532715,4.206987380981445,2e-07,1.811498624775417,0.01599755184724927,0.031182680279016495,0.08814299572259188,0.25891538709402084
41,41,4.196734428405762,4.201556205749512,2e-07,1.813952075031597,0.016002361197024584,0.03249137266539037,0.08798761200159788,0.25779159367084503
42,42,4.187220573425293,4.224035739898682,2e-07,1.818884665762445,0.015987418591976166,0.0313896294683218,0.08829229418188334,0.2590060457587242
43,43,4.200500011444092,4.192290306091309,2e-07,1.819565834743007,0.016014255583286285,0.03168346325401217,0.0880971010774374,0.2589506059885025
44,44,4.1925859451293945,4.18487024307251,2e-07,1.7037431235286342,0.016010848339647055,0.03205882909242064,0.08813218958675861,0.2585132345557213
45,45,4.177427291870117,4.1963582038879395,2e-07,1.5999777505033022,0.016015214379876852,0.03151548781897873,0.08809071592986584,0.25799738615751266
46,46,4.203766822814941,4.192349910736084,2e-07,1.623254084385944,0.01599583448842168,0.032060604193247855,0.08830126468092203,0.25820285826921463
47,47,4.184750080108643,4.187107086181641,2e-07,1.644725054131532,0.016010524705052376,0.0317614555824548,0.08805380761623383,0.25810394436120987
48,48,4.160975456237793,4.198805809020996,2e-07,1.658579064480474,0.016010806895792484,0.031469993060454726,0.08807814214378595,0.25866371393203735
49,49,4.183905601501465,4.2046003341674805,2e-07,1.6728059700430342,0.01600151089951396,0.031492354115471244,0.08800599537789822,0.25907931476831436
50,50,4.1918559074401855,4.204488754272461,2e-07,1.6865389475557466,0.01601639250293374,0.032033247873187065,0.08826998714357615,0.2598261758685112
51,51,4.194443225860596,4.193858623504639,2e-07,1.7064501354262054,0.015976777765899897,0.03222598438151181,0.08839473314583302,0.25863078236579895
52,52,4.185301303863525,4.182558059692383,2e-07,1.7152244524960683,0.01599686173722148,0.031410122057422996,0.08815970737487078,0.25901368260383606
53,53,4.18253231048584,4.1906538009643555,2e-07,1.610905614367657,0.01601704815402627,0.031798911397345364,0.0882364846765995,0.25812362134456635
54,54,4.193223476409912,4.195102214813232,2e-07,1.6322665327736634,0.016009883023798466,0.03156413079705089,0.08812594786286354,0.25862838327884674
55,55,4.192330837249756,4.188684940338135,2e-07,1.6497652247781824,0.01599239930510521,0.03205180505756289,0.08820962253957987,0.26012270897626877
56,56,4.192912578582764,4.173508167266846,2e-07,1.6665004370850358,0.015988348983228207,0.03184609953314066,0.08829276263713837,0.2590717300772667
57,57,4.1672468185424805,4.2056989669799805,2e-07,1.5667440788902567,0.016022378113120794,0.0321398755768314,0.08809616044163704,0.25776373594999313
58,58,4.18275785446167,4.194128036499023,2e-07,1.5912671432852936,0.015999776776880026,0.031334753264673054,0.08802775479853153,0.25899384170770645
59,59,4.180480480194092,4.185258865356445,2e-07,1.6113426985461259,0.01600748300552368,0.031918288907036185,0.08790957555174828,0.25849930197000504
60,60,4.187657833099365,4.188030242919922,2e-07,1.6339874143597806,0.01600303966552019,0.031706692767329514,0.08796931616961956,0.2592335045337677
61,61,4.168195724487305,4.2057600021362305,2e-07,1.6530268222128683,0.01602358464151621,0.031631650985218585,0.08805737923830748,0.2588246688246727
62,62,4.16935396194458,4.1746826171875,2e-07,1.6717430460066744,0.016006378922611475,0.03166004072409123,0.08831913582980633,0.25871385633945465
63,63,4.189183712005615,4.183553218841553,2e-07,1.6876547154385368,0.01601482881233096,0.031388579634949565,0.08823741134256124,0.2598149925470352
64,64,4.202304840087891,4.178436279296875,2e-07,1.7023672814423143,0.015994295477867126,0.03193350462242961,0.0879223421216011,0.2586335837841034
65,65,4.179617881774902,4.1605730056762695,2e-07,1.7162463787024436,0.016010134015232325,0.030864728265441954,0.08820119686424732,0.2588045075535774
66,66,4.174293041229248,4.185530185699463,2e-07,1.6119758074621455,0.01598895899951458,0.03222179552540183,0.08803960401564837,0.2583426460623741
67,67,4.174420356750488,4.174798011779785,2e-07,1.6318630642047944,0.016018070746213198,0.03156597272027284,0.08824715577065945,0.25882531702518463
68,68,4.169569492340088,4.165613651275635,2e-07,1.6501131031685694,0.016014811117202044,0.03132981283124536,0.08802059944719076,0.25947365164756775
69,69,4.187755584716797,4.1926727294921875,2e-07,1.6710806589119314,0.01602735137566924,0.03054472035728395,0.08791988156735897,0.25877804309129715
70,70,4.184076309204102,4.195370674133301,2e-07,1.6875797630884668,0.015996424481272697,0.031788556603714824,0.08825732860714197,0.25967639684677124
71,71,4.173374176025391,4.179847240447998,2e-07,1.7060236607306913,0.01599709363654256,0.03150027559604496,0.08802173938602209,0.2586253732442856
72,72,4.180522918701172,4.1731858253479,2e-07,1.717416835775256,0.016034177970141172,0.031361591652967036,0.08820168394595385,0.2583886682987213
73,73,4.163693428039551,4.172573089599609,2e-07,1.7294753958325197,0.01600690372288227,0.03166776127181947,0.0882214680314064,0.25952906906604767
74,74,4.158219814300537,4.169262409210205,2e-07,1.7403686969339576,0.016016185749322176,0.031186025589704514,0.08822725061327219,0.2601589486002922
75,75,4.163474082946777,4.1508965492248535,2e-07,1.7491229398395196,0.016012048814445734,0.030975809670053422,0.08808266930282116,0.2589597776532173
76,76,4.1667866706848145,4.177890300750732,2e-07,1.6407604940104303,0.016005939804017544,0.03173585270997137,0.08825298957526684,0.2593369260430336
77,77,4.155777931213379,4.17110013961792,2e-07,1.6607866951538048,0.016019733622670174,0.03117310127709061,0.08808942139148712,0.2583373188972473
78,78,4.149513244628906,4.186803817749023,2e-07,1.6766088661935032,0.016013724729418755,0.03161728149279952,0.08836807869374752,0.2584243044257164
79,79,4.1725664138793945,4.189453125,2e-07,1.691957274805312,0.015988412778824568,0.032017764751799405,0.0881183510646224,0.2593410536646843
80,80,4.1691741943359375,4.177456378936768,2e-07,1.708182078257859,0.016015631146728992,0.03130687295924872,0.08815173618495464,0.26152726262807846
81,81,4.157349586486816,4.17490291595459,2e-07,1.719397319389973,0.016006856225430965,0.03188685909844935,0.08811868261545897,0.25897523015737534
82,82,4.160360336303711,4.190184593200684,2e-07,1.7307163239409162,0.016008008271455765,0.03182367084082216,0.08835671376436949,0.2586830109357834
83,83,4.169394493103027,4.1656270027160645,2e-07,1.7418924912742038,0.016018208116292953,0.031335822655819356,0.08804589509963989,0.2589573413133621
84,84,4.162824630737305,4.163926601409912,2e-07,1.751350924009202,0.016009504906833172,0.03157440654467791,0.08803669642657042,0.2582709789276123
85,85,4.15791130065918,4.175595283508301,2e-07,1.758806446261802,0.01602326100692153,0.030680655501782894,0.0880341986194253,0.26003389805555344
86,86,4.175930500030518,4.160397052764893,2e-07,1.7618547348393312,0.016000262927263975,0.031638025189749897,0.08801394701004028,0.2597988024353981
87,87,4.164676666259766,4.157674312591553,2e-07,1.765874756220416,0.016016534995287657,0.03078530146740377,0.08818088844418526,0.2598460838198662
88,88,4.155107021331787,4.166501045227051,2e-07,1.7774585381228936,0.016006287652999163,0.03221456811297685,0.08817807026207447,0.2586287781596184
89,89,4.1710076332092285,4.167016983032227,2e-07,1.787004825334752,0.01601103413850069,0.03151489398442209,0.08810529951006174,0.2580065354704857
90,90,4.159799575805664,4.179993629455566,2e-07,1.7923484380402188,0.016008326783776283,0.031855068169534206,0.08817203436046839,0.2597505450248718
91,91,4.157318592071533,4.187453746795654,2e-07,1.800652910004671,0.01602648478001356,0.03161685832310468,0.08806341886520386,0.258797824382782
92,92,4.157804489135742,4.175675868988037,2e-07,1.802862151753597,0.01600187923759222,0.03198449686169624,0.08829630818217993,0.2604272812604904
93,93,4.154560565948486,4.166518211364746,2e-07,1.802469843341556,0.01600184617564082,0.03161015175282955,0.0878982050344348,0.2581157311797142
94,94,4.149635314941406,4.146910667419434,2e-07,1.8108469540695875,0.016011708881706,0.032052016351372004,0.08809913229197264,0.25909528881311417
95,95,4.156269550323486,4.156261444091797,2e-07,1.6909826552516356,0.016026645433157682,0.031176078598946333,0.0880622211843729,0.259939506649971
96,96,4.154470443725586,4.160684585571289,2e-07,1.70122272087714,0.01601395010948181,0.03143253643065691,0.08803474809974432,0.25845565646886826
97,97,4.160098552703857,4.145160675048828,2e-07,1.711313375575049,0.016000082716345787,0.031556281610392034,0.08826023526489735,0.2603665888309479
98,98,4.171523094177246,4.152652263641357,2e-07,1.600432541352351,0.01600898988544941,0.030995515990071,0.08818517345935106,0.25895126163959503
99,99,4.1650872230529785,4.163458824157715,2e-07,1.6213934892026758,0.016004724893718958,0.031240709824487567,0.08811299316585064,0.26001955568790436
100,100,4.1527204513549805,4.153275489807129,2e-07,1.6438424514095222,0.016005794052034616,0.03160521236713976,0.08803085517138243,0.26020337641239166
101,101,4.156806945800781,4.1463823318481445,2e-07,1.6615713131153218,0.016006791032850742,0.0314225087640807,0.08802696689963341,0.2591416612267494
102,102,4.143871784210205,4.160744667053223,2e-07,1.683239666377421,0.01601472683250904,0.03142445720732212,0.08794660121202469,0.26041775941848755
103,103,4.1402153968811035,4.142612934112549,2e-07,1.7016276420660144,0.01602681027725339,0.03122658550273627,0.08816620986908674,0.25930286198854446
104,104,4.152670860290527,4.162877559661865,2e-07,1.5993713401546217,0.01600928930565715,0.03209837747272104,0.08801748137921095,0.2601972594857216
105,105,4.154149532318115,4.161232948303223,2e-07,1.6269493785822473,0.015996780712157488,0.030935792718082666,0.08806435577571392,0.25852029770612717
106,106,4.156927585601807,4.13568639755249,2e-07,1.6505206843453442,0.016012834385037422,0.031895710970275104,0.08807756192982197,0.2602924406528473
107,107,4.1376447677612305,4.160017967224121,2e-07,1.548017737978851,0.016022630035877228,0.03198927198536694,0.08807218540459871,0.25980783998966217
108,108,4.153546333312988,4.155079364776611,2e-07,1.5814966778089208,0.016015853732824326,0.03210526646580547,0.0882714781910181,0.25933467596769333
109,109,4.1248884201049805,4.148445129394531,2e-07,1.6083260214570276,0.01601956132799387,0.03134472144301981,0.08813951723277569,0.25936973839998245
110,110,4.14099645614624,4.1443190574646,2e-07,1.6379321956393362,0.016011811792850494,0.0313706467859447,0.08804662246257067,0.26007380336523056
111,111,4.14190149307251,4.1405768394470215,2e-07,1.6601891082662925,0.016016659792512655,0.031403401866555214,0.08813069481402636,0.26022224873304367
112,112,4.1538004875183105,4.136574745178223,2e-07,1.6852564626924489,0.015999679919332266,0.03254873910918832,0.08793144207447767,0.2596822828054428
113,113,4.161302089691162,4.144004821777344,2e-07,1.7029454649459344,0.01599969109520316,0.031349909491837025,0.08815179765224457,0.2594422921538353
114,114,4.125340938568115,4.147803783416748,2e-07,1.7243386242872065,0.016003648284822702,0.030908656772226095,0.08804354444146156,0.26021701097488403
115,115,4.149944305419922,4.14212703704834,2e-07,1.7392731962316776,0.016011782456189394,0.031181906582787633,0.08815982192754745,0.25911933928728104
116,116,4.145120620727539,4.150389194488525,2e-07,1.7561984558965609,0.016020862385630608,0.0316084063379094,0.08834131620824337,0.2608858421444893
117,117,4.136387348175049,4.152682781219482,2e-07,1.767270609889678,0.01600879617035389,0.031586153781972826,0.08818853925913572,0.25946836918592453
118,118,4.133520603179932,4.125185966491699,2e-07,1.7818368528552866,0.01600488368421793,0.03116654942277819,0.08795486111193895,0.25913531333208084
119,119,4.135619640350342,4.148454666137695,2e-07,1.6713849034797694,0.016001325100660324,0.03182254172861576,0.08816834539175034,0.2605773061513901
120,120,4.135900974273682,4.132492542266846,2e-07,1.6927118689498872,0.01599816558882594,0.03217050398234278,0.08802769146859646,0.2605268359184265
121,121,4.140262603759766,4.153993606567383,2e-07,1.7086097793379627,0.01600537821650505,0.0308514682110399,0.08834095951169729,0.2611757293343544
122,122,4.150751113891602,4.153885364532471,2e-07,1.7288455124108526,0.016006001736968756,0.031723136780783534,0.08799421694129705,0.26046402752399445
123,123,4.127944469451904,4.133636951446533,2e-07,1.7480953736146685,0.016021172050386667,0.03170692874118686,0.08805881254374981,0.25947507470846176
124,124,4.118188858032227,4.1332268714904785,2e-07,1.7647782359698616,0.016019549686461687,0.031191151007078588,0.08811814803630114,0.2616512030363083
125,125,4.143915176391602,4.143714427947998,2e-07,1.7753640456798552,0.01600321475416422,0.0313378656283021,0.08814771566540003,0.26057304441928864
126,126,4.145187854766846,4.1542463302612305,2e-07,1.7860191586826353,0.016026750672608614,0.031296559260226786,0.08819986134767532,0.2606331631541252
127,127,4.150568008422852,4.165083885192871,2e-07,1.7983135946736315,0.016024131793528795,0.03155000775586814,0.08818430360406637,0.2604591175913811
128,128,4.126735687255859,4.1305999755859375,2e-07,1.8105089951343916,0.016018730122596025,0.03139274206478149,0.0882700365036726,0.2607569843530655
129,129,4.1263628005981445,4.127215385437012,2e-07,1.8159290165036275,0.016004467383027077,0.032284915912896395,0.08811710122972727,0.25960395485162735
130,130,4.135993003845215,4.154538631439209,2e-07,1.8259061693133432,0.016018968541175127,0.03221198893152177,0.08811639901250601,0.26017390191555023
131,131,4.142055511474609,4.135985374450684,2e-07,1.830615721359051,0.016009916551411152,0.031444766791537404,0.08808748330920935,0.25984498113393784
132,132,4.138073444366455,4.1492228507995605,2e-07,1.839279702268553,0.016016756650060415,0.0314494549529627,0.08815066702663898,0.2619115263223648
133,133,4.138800621032715,4.1290602684021,2e-07,1.8452195519914856,0.015991258434951305,0.031120279454626143,0.08838533982634544,0.2603587731719017
134,134,4.126800537109375,4.109535217285156,2e-07,1.8500552958469765,0.016003567725419998,0.031157768215052783,0.0883080568164587,0.2615116462111473
135,135,4.14526891708374,4.162759780883789,2e-07,1.7326437263720202,0.016002079471945763,0.03179502615239471,0.0881739491596818,0.2614320367574692
136,136,4.117082118988037,4.133608341217041,2e-07,1.745683319551311,0.016012099105864763,0.030905150342732668,0.08803053107112646,0.2594579830765724
137,137,4.130444049835205,4.151234149932861,2e-07,1.7551726491198893,0.0160065870732069,0.031876864028163254,0.0880540544167161,0.2603570446372032
138,138,4.142433166503906,4.137425422668457,2e-07,1.7713683198563184,0.016005638986825943,0.03141399926971644,0.08805492427200079,0.2613534927368164
139,139,4.137930393218994,4.1193623542785645,2e-07,1.7818734821695332,0.016013990622013807,0.03173150436487049,0.08805255498737097,0.2602260187268257
140,140,4.124922275543213,4.111880779266357,2e-07,1.7954916357625348,0.016012493055313826,0.031127284513786435,0.08820337057113647,0.26168566942214966
141,141,4.119832992553711,4.125476360321045,2e-07,1.80272225172184,0.016013313550502062,0.03129903704393655,0.08815787360072136,0.2613234221935272
142,142,4.1303205490112305,4.133382320404053,2e-07,1.813456941377023,0.01601928984746337,0.0319073359714821,0.08808456175029278,0.2609262689948082
143,143,4.12886381149292,4.129225730895996,2e-07,1.819672699851592,0.016009090933948755,0.03186330513563007,0.08798119239509106,0.2606634050607681
144,144,4.1209940910339355,4.134746074676514,2e-07,1.8278769193392657,0.015997319482266903,0.030931396991945803,0.08818702772259712,0.26110541820526123
145,145,4.122288703918457,4.151854991912842,2e-07,1.8389282436070156,0.01602072874084115,0.030984264332801104,0.088106500916183,0.2609705328941345
146,146,4.1406779289245605,4.120163440704346,2e-07,1.8418950704002326,0.01599738746881485,0.03150965634267777,0.08785981219261885,0.2609439194202423
147,147,4.136064529418945,4.107675075531006,2e-07,1.8439380684897981,0.016011598985642195,0.031162186176516116,0.08798940945416689,0.26275908946990967
148,148,4.1236066818237305,4.144063472747803,2e-07,1.7278255606682442,0.01601009350270033,0.03156726423185319,0.08810398541390896,0.2600836604833603
149,149,4.142197608947754,4.107815265655518,2e-07,1.7492762083145132,0.016020733397454023,0.030983492615632713,0.0880889194086194,0.2607709914445877
150,150,4.123074054718018,4.117056846618652,2e-07,1.7605731559201594,0.01601749612018466,0.03128855989780277,0.08819143380969763,0.2603750303387642
151,151,4.111763000488281,4.114468097686768,2e-07,1.7765025252530962,0.016029685270041227,0.031064712209627032,0.08810557518154383,0.26262642443180084
152,152,4.124658584594727,4.113428115844727,2e-07,1.7864278151436515,0.01599976373836398,0.03145192062947899,0.08838380128145218,0.2617686167359352
153,153,4.107920169830322,4.11930513381958,2e-07,1.7925665349078042,0.016023274045437574,0.031418121070601046,0.08814472332596779,0.26147155463695526
154,154,4.116054058074951,4.127053737640381,2e-07,1.8039480570265776,0.01601010886952281,0.0318664584774524,0.08808918483555317,0.26163504272699356
155,155,4.107438564300537,4.109348773956299,2e-07,1.8099585470424757,0.016003373079001904,0.03179494012147188,0.08810698613524437,0.26210688799619675
156,156,4.124090194702148,4.103851318359375,2e-07,1.819982131798547,0.01602452853694558,0.03179516410455108,0.08809212036430836,0.2597886249423027
157,157,4.1126909255981445,4.11354398727417,2e-07,1.700289119266515,0.01600560173392296,0.03171963756904006,0.08819964993745089,0.2620023712515831
158,158,4.11677360534668,4.143807888031006,2e-07,1.7232005527228726,0.016014282125979662,0.031967903836630285,0.08828919008374214,0.2623503729701042
159,159,4.126598358154297,4.108155250549316,2e-07,1.7387120372646496,0.016005778685212135,0.031295567634515464,0.08801151718944311,0.2609332352876663
160,160,4.119916915893555,4.131963729858398,2e-07,1.7561823016323899,0.016022626776248217,0.03111755009740591,0.08830004092305899,0.2623755410313606
161,161,4.128422260284424,4.106033802032471,2e-07,1.7681355880108427,0.016004367731511593,0.03236643155105412,0.08801422920078039,0.26091190427541733
162,162,4.109885215759277,4.106751441955566,2e-07,1.782799744569926,0.016003082040697336,0.031216958654113114,0.08819610439240932,0.262648269534111
163,163,4.102697849273682,4.116369724273682,2e-07,1.7916655217852309,0.016013599932193756,0.032033222378231585,0.08794957119971514,0.26190002262592316
164,164,4.096584796905518,4.092459678649902,2e-07,1.803485013695231,0.016014630906283855,0.032387364422902465,0.08806461747735739,0.262096144258976
165,165,4.125081539154053,4.099844932556152,2e-07,1.690181328549999,0.016006014309823513,0.03167497715912759,0.08824559859931469,0.2625693306326866
166,166,4.097562789916992,4.111886501312256,2e-07,1.712293340789997,0.016002518590539694,0.03226082830224186,0.0881486451253295,0.2617262899875641
167,167,4.115034580230713,4.1103973388671875,2e-07,1.7344269707234048,0.016023787204176188,0.032267780508846045,0.08817809913307428,0.2614268884062767
168,168,4.105489253997803,4.104785919189453,2e-07,1.7522357154505386,0.016002253629267216,0.03190557565540075,0.08805247116833925,0.2629648894071579
169,169,4.115357398986816,4.103089332580566,2e-07,1.7639437379435747,0.01599648967385292,0.03230418637394905,0.08799760136753321,0.26124100387096405
170,170,4.106698989868164,4.125080585479736,2e-07,1.7790459598099957,0.016029774211347103,0.03132697148248553,0.08821327984333038,0.262025348842144
171,171,4.118396282196045,4.0923261642456055,2e-07,1.7890334775277208,0.016017683316022158,0.030757462489418685,0.0881698215380311,0.26204024255275726
172,172,4.105273723602295,4.1181182861328125,2e-07,1.677671067639145,0.015995526686310768,0.03194201993755996,0.0880365064367652,0.26259732246398926
173,173,4.102346420288086,4.123790740966797,2e-07,1.6944552412990248,0.01599496230483055,0.03159799240529537,0.08814670238643885,0.26205333322286606
174,174,4.119176864624023,4.100645065307617,2e-07,1.7159248348489093,0.01600339962169528,0.03179158002603799,0.08823005761951208,0.2614614814519882
175,175,4.1096577644348145,4.106470584869385,2e-07,1.7306760412640978,0.016010222025215626,0.03177539317402989,0.08803405426442623,0.26249922066926956
176,176,4.096111297607422,4.116954326629639,2e-07,1.7494413051499533,0.015999988187104464,0.03185748029500246,0.08823490142822266,0.26230449974536896
177,177,4.096090316772461,4.116934299468994,2e-07,1.7650169065920291,0.016014610417187214,0.03201919316779822,0.08801233768463135,0.2637099623680115
178,178,4.093854904174805,4.103584289550781,2e-07,1.7785213227143326,0.016001097857952118,0.031517384690232575,0.08818673249334097,0.2626463249325752
179,179,4.096975803375244,4.102664947509766,2e-07,1.7866935813426177,0.015999290626496077,0.0313202558318153,0.08832614962011576,0.263323076069355
180,180,4.092410564422607,4.0907087326049805,2e-07,1.7994159754003904,0.016006113961338997,0.03145274077542126,0.08810976520180702,0.2628582641482353
181,181,4.090797424316406,4.112812519073486,2e-07,1.6819774237213536,0.016003353986889124,0.03178021707572043,0.08800565637648106,0.26154492050409317
182,182,4.119529724121094,4.1194539070129395,2e-07,1.708549650136479,0.016017218586057425,0.0321539951255545,0.08809193223714828,0.2639695554971695
183,183,4.104459762573242,4.111337661743164,2e-07,1.7304584212015468,0.016000842675566673,0.03176636924035847,0.08823493681848049,0.26318538933992386
184,184,4.10875940322876,4.08301305770874,2e-07,1.7446144530324632,0.015987731982022524,0.03203610854689032,0.08812941797077656,0.2626737654209137
185,185,4.083768844604492,4.119922637939453,2e-07,1.636520413302993,0.016018716152757406,0.032491306657902896,0.08817770052701235,0.26250776648521423
186,186,4.087786674499512,4.08974552154541,2e-07,1.6609424419664263,0.016021333169192076,0.03252360096666962,0.0882023498415947,0.26288358122110367
187,187,4.0962910652160645,4.106904983520508,2e-07,1.6816738951407721,0.01600738801062107,0.03184953168965876,0.08810105640441179,0.26322484761476517
188,188,4.092851161956787,4.090043544769287,2e-07,1.699784659869784,0.015990149695426226,0.032384219113737345,0.08821544796228409,0.2628122940659523
189,189,4.083920001983643,4.0945725440979,2e-07,1.7199652696678898,0.016009188257157803,0.031349926022812724,0.08795287739485502,0.26313169300556183
190,190,4.071976184844971,4.0950751304626465,2e-07,1.734958331028863,0.016013069543987513,0.03178145340643823,0.08812211453914642,0.2631862238049507
191,191,4.09289026260376,4.087510108947754,2e-07,1.752720217880649,0.016001807060092688,0.032469944446347654,0.0880283648148179,0.26182904839515686
192,192,4.091269493103027,4.097591876983643,2e-07,1.7646340316724116,0.015999314840883017,0.03136026335414499,0.0884136538952589,0.2627362683415413
193,193,4.088818550109863,4.083920955657959,2e-07,1.7787215155727782,0.01600244827568531,0.03218307648785412,0.0880047706887126,0.2630133479833603
194,194,4.091170787811279,4.110241413116455,2e-07,1.7894693880686967,0.01599932089447975,0.03180343040730804,0.08812218811362982,0.26371436566114426
195,195,4.080097198486328,4.086720943450928,2e-07,1.801456336452004,0.01602134294807911,0.031120936735533178,0.08813891932368279,0.2640448734164238
196,196,4.0990447998046875,4.111294746398926,2e-07,1.8077716775127726,0.016014021821320057,0.032034213189035654,0.0881337495520711,0.2645423412322998
197,197,4.081458568572998,4.07909631729126,2e-07,1.8171825533393717,0.015985412057489157,0.03189918550197035,0.08814529795199633,0.2650386542081833
198,198,4.088354587554932,4.082469463348389,2e-07,1.6968588745866333,0.016015073750168085,0.03234589868225157,0.08811408281326294,0.26444438844919205
199,199,4.100127696990967,4.075534343719482,2e-07,1.7125994192268588,0.016014052089303732,0.032383260666392744,0.08829906489700079,0.2639618143439293
200,200,4.07750129699707,4.0946946144104,2e-07,1.608358329584373,0.01600664621219039,0.03201659023761749,0.08857959508895874,0.2653024345636368
201,201,4.073607921600342,4.090826511383057,2e-07,1.6348808888495967,0.01601727493107319,0.03162817924749106,0.08801511395722628,0.26402460783720016
202,202,4.07859468460083,4.110255241394043,2e-07,1.6621058579999621,0.01599306659772992,0.03258741565514356,0.08811384532600641,0.2627197653055191
203,203,4.073417663574219,4.092185020446777,2e-07,1.6857569049102077,0.016009077429771423,0.03143782517872751,0.08822619915008545,0.2635572627186775
204,204,4.066263198852539,4.099823474884033,2e-07,1.7081526517040848,0.01599048264324665,0.032353402697481215,0.08823707420378923,0.2640205919742584
205,205,4.085710525512695,4.077029228210449,2e-07,1.7297255757748327,0.016019911505281925,0.03130487177986652,0.08846613578498363,0.264144629240036
206,206,4.0810041427612305,4.096808433532715,2e-07,1.7447542633995345,0.01601778855547309,0.03187168831937015,0.08795377518981695,0.26394277811050415
207,207,4.078174591064453,4.093234062194824,2e-07,1.753616384590315,0.016028907615691423,0.032112930552102625,0.08803637139499187,0.26439169049263
208,208,4.085923194885254,4.098691940307617,2e-07,1.767319546928886,0.01599958585575223,0.03167558799032122,0.088116311468184,0.2644002288579941
209,209,4.084073543548584,4.0850677490234375,2e-07,1.7766991362640392,0.016003611497581005,0.03207755112089217,0.08786637708544731,0.2638911232352257
210,210,4.081991195678711,4.099818706512451,2e-07,1.784855841486642,0.0160073135048151,0.03132118401117623,0.08815640583634377,0.26361826062202454
211,211,4.076945781707764,4.078253746032715,2e-07,1.7965996987900152,0.016024513635784388,0.032045900356024504,0.0883739348500967,0.26523324102163315
212,212,4.0575785636901855,4.092988014221191,2e-07,1.8104868318137193,0.01599004026502371,0.03168711403850466,0.08803015202283859,0.2645759880542755
213,213,4.082805633544922,4.076847553253174,2e-07,1.8167463462505216,0.01602123398333788,0.032455543405376375,0.08808947820216417,0.2650686949491501
214,214,4.107808589935303,4.06512975692749,2e-07,1.8209437807997046,0.016016608104109764,0.03185827424749732,0.0880077201873064,0.2633144333958626
215,215,4.0672688484191895,4.089727401733398,2e-07,1.6998439860202799,0.016011152416467667,0.03191870986483991,0.08814379386603832,0.26546911895275116
216,216,4.101144313812256,4.0753326416015625,2e-07,1.7190328391708987,0.015998901799321175,0.03232274204492569,0.08794872742146254,0.2652396187186241
217,217,4.06783390045166,4.076930999755859,2e-07,1.736106458866419,0.015999623108655214,0.03229660226497799,0.08821271546185017,0.26452283561229706
218,218,4.077949523925781,4.066042423248291,2e-07,1.7534422152273414,0.016002739779651165,0.03220746875740588,0.08797395322471857,0.2656634971499443
219,219,4.087911605834961,4.094749450683594,2e-07,1.7665654816705512,0.016008539590984583,0.03163112897891551,0.08818598464131355,0.26618367433547974
220,220,4.081641674041748,4.088784217834473,2e-07,1.7797994434488236,0.016004743985831738,0.03127478330861777,0.08831085078418255,0.2645575702190399
221,221,4.0582051277160645,4.095966815948486,2e-07,1.7903215402895714,0.01602568943053484,0.03087612520903349,0.08821865823119879,0.26580172032117844
222,222,4.0606689453125,4.080557823181152,2e-07,1.801029418489637,0.016012709587812424,0.031505103572271764,0.08818392921239138,0.2648964077234268
223,223,4.085184097290039,4.084675312042236,2e-07,1.809473252569581,0.01601248374208808,0.03184115991462022,0.08818375505506992,0.26643651723861694
224,224,4.057448863983154,4.075338840484619,2e-07,1.8194181094905264,0.01601349888369441,0.03107828088104725,0.08823018800467253,0.2643275335431099
225,225,4.054198741912842,4.063338279724121,2e-07,1.8247985479379687,0.016018932219594717,0.030808775685727596,0.08828650880604982,0.26764024794101715
226,226,4.059916019439697,4.059390068054199,2e-07,1.7083284357683355,0.01601495174691081,0.03172679804265499,0.0882644196972251,0.26543449610471725
227,227,4.049065113067627,4.067091464996338,2e-07,1.6008876980100957,0.01602396694943309,0.03143334062770009,0.08819629065692425,0.2659427225589752
228,228,4.083963871002197,4.06715726852417,2e-07,1.631812105147621,0.01602867478504777,0.031213497975841165,0.08829966001212597,0.2666695863008499
229,229,4.052399158477783,4.06776237487793,2e-07,1.655594481071092,0.016006083693355322,0.03172177111264318,0.08824665378779173,0.26355405896902084
230,230,4.078274726867676,4.100988388061523,2e-07,1.676450268919931,0.016024982556700706,0.031947182142175734,0.08830757439136505,0.267416387796402
231,231,4.072747707366943,4.092239856719971,2e-07,1.698644191642778,0.015992057044059038,0.03158514527603984,0.08803227823227644,0.2646001800894737
232,232,4.080902099609375,4.102775573730469,2e-07,1.7213629783945157,0.016005854588001966,0.031465975916944444,0.08825033903121948,0.2670474871993065
233,233,4.081277370452881,4.054758071899414,2e-07,1.7364044979797817,0.016019864473491907,0.032608041539788246,0.08835613168776035,0.26605718582868576
234,234,4.07347297668457,4.066984176635742,2e-07,1.6291047527334908,0.01600537495687604,0.03132256295066327,0.08833366446197033,0.26605843752622604
235,235,4.089547634124756,4.079710483551025,2e-07,1.6575860296521763,0.01600524317473173,0.03155354945920408,0.08838329836726189,0.26675451546907425
236,236,4.081977844238281,4.075028896331787,2e-07,1.679978428527015,0.016018270514905453,0.03148272878024727,0.08815036807209253,0.2675192877650261
237,237,4.066628456115723,4.069053649902344,2e-07,1.7027935785012993,0.01601469423621893,0.03169006737880409,0.08833473362028599,0.2663697153329849
238,238,4.061288356781006,4.103411674499512,2e-07,1.7188042870393514,0.016038045287132263,0.03136134659871459,0.08820097148418427,0.26464829593896866
239,239,4.048434257507324,4.058311939239502,2e-07,1.7384204539961947,0.01602279208600521,0.0321953478269279,0.08801679592579603,0.2643795907497406
240,240,4.049551010131836,4.081880569458008,2e-07,1.7537045814499663,0.01600182754918933,0.032070272602140903,0.08808917179703712,0.2658703029155731
241,241,4.073470592498779,4.080555438995361,2e-07,1.7682555828944335,0.0160127361305058,0.031425000983290374,0.08846496883779764,0.26753760874271393
242,242,4.036412715911865,4.091230392456055,2e-07,1.7801090954931522,0.01601591520011425,0.03259401093237102,0.08841033652424812,0.26706619560718536
243,243,4.062406063079834,4.077425003051758,2e-07,1.7930383304576347,0.01602882193401456,0.03157794871367514,0.08830045629292727,0.2674538865685463
244,244,4.037719249725342,4.065824508666992,2e-07,1.8056705851826922,0.016018238849937916,0.03138444432988763,0.08838722296059132,0.2669120877981186
245,245,4.077230930328369,4.043343544006348,2e-07,1.8126992010436696,0.016007406171411276,0.03265192126855254,0.08787413872778416,0.2655399218201637
246,246,4.0316901206970215,4.068586826324463,2e-07,1.6934468718480107,0.016005144454538822,0.03134705312550068,0.08824199344962835,0.26625213772058487
247,247,4.056838512420654,4.032273292541504,2e-07,1.7138628161791964,0.01598499482497573,0.03172333596739918,0.08817032817751169,0.2670208141207695
248,248,4.043185234069824,4.037350654602051,2e-07,1.6039198864985134,0.01601715199649334,0.03129409300163388,0.08806098438799381,0.26824751496315
249,249,4.067210674285889,4.035608768463135,2e-07,1.6310933759031063,0.016022708266973495,0.03120950993616134,0.08829907421022654,0.2679654359817505
250,250,4.034543037414551,4.056700706481934,2e-07,1.6527577260896313,0.01602797396481037,0.032253451528958976,0.08820023853331804,0.26772215217351913
251,251,4.049048900604248,4.05827522277832,2e-07,1.6781305259104797,0.016017526388168335,0.03221231501083821,0.0883546844124794,0.268066868185997
252,252,4.033664226531982,4.073003768920898,2e-07,1.695353273630007,0.016011356376111507,0.031121178180910647,0.08847950864583254,0.2683471068739891
253,253,4.068172454833984,4.0382232666015625,2e-07,1.716662190198324,0.016021741088479757,0.03095234849024564,0.08828468900173903,0.2663324847817421
254,254,4.044497013092041,4.041279315948486,2e-07,1.7340689526154276,0.016017279122024775,0.03194944153074175,0.08805640786886215,0.2676422819495201
255,255,4.041875839233398,4.052587032318115,2e-07,1.7511049835789616,0.015993474051356316,0.031921061454340816,0.08821246959269047,0.26759952306747437
256,256,4.016447067260742,4.072182655334473,2e-07,1.7627662813500784,0.01601778669282794,0.030883559957146645,0.08831901475787163,0.2689499258995056
257,257,4.049093246459961,4.048929691314697,2e-07,1.7770363856792322,0.015989381354302168,0.032153948093764484,0.08805947378277779,0.26714516431093216
258,258,4.018050193786621,4.067440032958984,2e-07,1.7852858915955165,0.016008617356419563,0.03191055613569915,0.08827673457562923,0.2682521790266037
259,259,4.06256103515625,4.064042091369629,2e-07,1.7975598805024613,0.016017503570765257,0.0318606001092121,0.08833152242004871,0.2678469270467758
260,260,4.035336971282959,4.0333333015441895,2e-07,1.8052567234004537,0.01600902434438467,0.03227181907277554,0.08810533303767443,0.2678375616669655
261,261,4.040806770324707,4.052962779998779,2e-07,1.8158026941761034,0.01601207349449396,0.03216052264906466,0.08826085552573204,0.2680017873644829
262,262,4.06123161315918,4.055633544921875,2e-07,1.8234345854579912,0.01600299123674631,0.03171878622379154,0.08829136285930872,0.2667967900633812
263,263,4.039020538330078,4.053630828857422,2e-07,1.8324305004090455,0.016013419721275568,0.031563722528517246,0.08854235522449017,0.26903676986694336
264,264,4.030056953430176,4.023993015289307,2e-07,1.834545058895762,0.01600371114909649,0.03232868039049208,0.08818510267883539,0.2672386169433594
265,265,4.02747106552124,4.048383712768555,2e-07,1.7115988553354153,0.01600125851109624,0.03181776381097734,0.08808140177279711,0.2676622197031975
266,266,4.0293169021606445,4.053694248199463,2e-07,1.72673499283394,0.016008461825549603,0.03198195598088205,0.08830270916223526,0.2685082107782364
267,267,4.050943374633789,4.05349063873291,2e-07,1.745164472557768,0.016009236685931683,0.03141508542466909,0.08821101300418377,0.2682597115635872
268,268,4.0463128089904785,4.040527820587158,2e-07,1.7570076095791345,0.016022357624024153,0.03156312264036387,0.0884515829384327,0.2682890519499779
269,269,4.041410446166992,4.058224201202393,2e-07,1.77326823163501,0.015987290535122156,0.03172953682951629,0.08869848772883415,0.27039383351802826
270,270,4.0415754318237305,4.048229217529297,2e-07,1.7835733312769146,0.01602550782263279,0.03199976752512157,0.08850433398038149,0.26923831552267075
271,271,4.039632320404053,4.051413536071777,2e-07,1.7964235044003858,0.015997524838894606,0.032459995010867715,0.08814185485243797,0.2685895934700966
272,272,4.0206193923950195,4.030577182769775,2e-07,1.8027145174577577,0.016008698381483555,0.03202581766527146,0.08828772697597742,0.26953089237213135
273,273,4.016051769256592,4.0317511558532715,2e-07,1.8140005232327232,0.015999516006559134,0.03188470599707216,0.08814621903002262,0.2702159360051155
274,274,4.053094863891602,4.0632004737854,2e-07,1.820617894524372,0.016002869699150324,0.03255280456505716,0.08831052016466856,0.26876404136419296
275,275,4.030959606170654,4.054401397705078,2e-07,1.8300023615362724,0.016033198218792677,0.03151460597291589,0.08836670685559511,0.26945509761571884
276,276,4.049101829528809,4.025020599365234,2e-07,1.8328900085775912,0.016002982389181852,0.03186619037296623,0.08837810717523098,0.2692270427942276
277,277,4.029378890991211,4.0458245277404785,2e-07,1.8407144343084034,0.016033746767789125,0.03224724531173706,0.08845281973481178,0.2719798982143402
278,278,4.043303966522217,4.03436803817749,2e-07,1.8444543480750097,0.01601088000461459,0.03139523812569678,0.08825801964849234,0.26993508636951447
279,279,4.057591438293457,4.044185638427734,2e-07,1.8515558746042344,0.016007560305297375,0.03224372607655823,0.08831989672034979,0.2709820196032524
280,280,4.014509201049805,4.073360443115234,2e-07,1.8525990660015912,0.016027978155761957,0.03186283097602427,0.08826288487762213,0.2711726725101471
281,281,4.035488128662109,4.034677982330322,2e-07,1.858913413209468,0.016010967083275318,0.03161091834772378,0.08835617545992136,0.27001334726810455
282,282,4.031985759735107,4.059360980987549,2e-07,1.8619091187560923,0.01600003382191062,0.03191769553814083,0.08858115691691637,0.2714012339711189
283,283,4.02392053604126,4.056145668029785,2e-07,1.8657077912122428,0.016016429755836725,0.03194350202102214,0.08827514946460724,0.2695861682295799
284,284,4.010406494140625,4.061648368835449,2e-07,1.872853575157633,0.016001079697161913,0.0313495408045128,0.08848435897380114,0.2707424610853195
285,285,4.013489246368408,4.020900249481201,2e-07,1.872579813218108,0.01601608283817768,0.031737417564727366,0.08841035701334476,0.2691543996334076
286,286,4.030002593994141,4.029961585998535,2e-07,1.7461582545942897,0.016006347257643938,0.03194884164258838,0.08830036222934723,0.2690017968416214
287,287,4.015645980834961,4.023784160614014,2e-07,1.7577293075189078,0.01602701749652624,0.032008555019274354,0.08836603350937366,0.26999925822019577
288,288,4.001380443572998,4.009854316711426,2e-07,1.7656812734300844,0.016014639753848314,0.0328038465231657,0.08824345842003822,0.2697007805109024
289,289,4.024851322174072,4.0188140869140625,2e-07,1.65622180078859,0.01601542718708515,0.03243520040996373,0.08810866717249155,0.27165815979242325
290,290,4.0523362159729,4.0318474769592285,2e-07,1.6774732564205235,0.0160088911652565,0.03230773389805108,0.08840669970959425,0.2710467204451561
291,291,4.036650657653809,4.040009021759033,2e-07,1.7002996714038467,0.016006373800337315,0.032243824447505176,0.0884820856153965,0.2718840464949608
292,292,3.99279522895813,4.030624866485596,2e-07,1.7196725451561146,0.01601706724613905,0.031977256294339895,0.08819499891251326,0.27027515321969986
293,293,4.008460521697998,4.022801876068115,2e-07,1.7369481802372804,0.01600715797394514,0.03208859951701015,0.08848943747580051,0.27244293689727783
294,294,4.024532794952393,4.00951623916626,2e-07,1.750224948462938,0.01600075839087367,0.0320231132209301,0.08842603955417871,0.26962288469076157
295,295,4.026251316070557,4.058775901794434,2e-07,1.6382126944229163,0.016010454390197992,0.03240884200204164,0.08839440625160933,0.27106108516454697
296,296,4.000391960144043,4.0149245262146,2e-07,1.661535172908177,0.01602084981277585,0.03201907011680305,0.08848195802420378,0.2713574096560478
297,297,4.0022454261779785,4.044161796569824,2e-07,1.6869475109135779,0.01603590976446867,0.03198860818520188,0.08828901220113039,0.2715802267193794
298,298,4.017060279846191,4.012472152709961,2e-07,1.7056553455574326,0.015995262190699577,0.031964011024683714,0.08847641572356224,0.2719266340136528
299,299,4.03358268737793,4.007420063018799,2e-07,1.7263684611175536,0.016010557767003775,0.032325853360816836,0.08828831277787685,0.2701026573777199
300,300,4.006628513336182,4.027560234069824,2e-07,1.6211311328784,0.01600138796493411,0.031597879249602556,0.08827327284961939,0.2720082327723503
301,301,4.025873184204102,4.007213115692139,2e-07,1.6484742376847912,0.01600720454007387,0.031703547458164394,0.08829261641949415,0.27047188580036163
302,302,4.0150370597839355,4.057559013366699,2e-07,1.5509271972954812,0.01602801075205207,0.03254539682529867,0.08842557482421398,0.2721203863620758
303,303,4.03397274017334,4.058891296386719,2e-07,1.5878654568886998,0.016001563519239426,0.03228671196848154,0.08855494391173124,0.2715371921658516
304,304,4.0180535316467285,4.023764133453369,2e-07,1.6154047231661608,0.016002981457859278,0.03190194256603718,0.08843390177935362,0.27244608849287033
305,305,4.010946273803711,4.001455307006836,2e-07,1.6463223462804297,0.015993543900549412,0.032503471709787846,0.08824751991778612,0.27320677042007446
306,306,4.022852897644043,4.0361328125,2e-07,1.5498151916264193,0.016035442240536213,0.03262307040859014,0.08825222868472338,0.2725738659501076
307,307,4.005722999572754,4.015510559082031,2e-07,1.58213785567535,0.016007467173039913,0.03246079571545124,0.08838956523686647,0.273573562502861
308,308,3.9983043670654297,4.027361869812012,2e-07,1.608201007292848,0.015987259801477194,0.032837910926900804,0.08843247592449188,0.27281371504068375
309,309,3.986175537109375,3.9928228855133057,2e-07,1.6387705630571965,0.016019584145396948,0.032115388195961714,0.08863945677876472,0.27275435626506805
310,310,4.033946990966797,3.996018409729004,2e-07,1.5426754106210292,0.016012853011488914,0.03234055184293538,0.08843570109456778,0.27355092018842697
311,311,3.9850189685821533,4.047190189361572,2e-07,1.5758747739953363,0.016011664178222418,0.031911451602354646,0.08839713130146265,0.27265724539756775
312,312,4.023830413818359,4.028227806091309,2e-07,1.601923401835633,0.016005454119294882,0.032563463668338954,0.08827804960310459,0.27413907647132874
313,313,3.9953393936157227,4.031685829162598,2e-07,1.6316256976337915,0.016013949643820524,0.03238861111458391,0.08838737290352583,0.27376771718263626
314,314,4.009363174438477,3.9809939861297607,2e-07,1.6555928507860758,0.015990375075489283,0.03265620185993612,0.08848426584154367,0.27339988201856613
315,315,4.009345531463623,4.02040958404541,2e-07,1.5576283100214314,0.016030851751565933,0.032303243526257575,0.08871031645685434,0.2731490060687065
316,316,4.01837682723999,4.0433669090271,2e-07,1.5868738596549796,0.016003957483917475,0.031892843544483185,0.08835824392735958,0.2730579674243927
317,317,3.9933438301086426,4.023478031158447,2e-07,1.6181203159616389,0.01601397478953004,0.03293694066815078,0.08859702944755554,0.2756361663341522
318,318,4.015867233276367,4.019401550292969,2e-07,1.6452892744069665,0.01602538861334324,0.03274413582403213,0.08844349812716246,0.2737968862056732
319,319,4.009239196777344,4.010356903076172,2e-07,1.670644668193185,0.016012784093618393,0.03215952019672841,0.08824854344129562,0.27407318353652954
320,320,3.9955785274505615,4.016773700714111,2e-07,1.689379165688529,0.01602057460695505,0.03156516992021352,0.08838687185198069,0.2712032422423363
321,321,3.9883711338043213,4.010353088378906,2e-07,1.7114648638226582,0.01600888418033719,0.032151561812497675,0.08843393251299858,0.2743294835090637
322,322,3.9852802753448486,4.006799697875977,2e-07,1.728631546965027,0.016006995923817158,0.03235105436760932,0.08852608408778906,0.27260540425777435
323,323,4.013916969299316,4.018290042877197,2e-07,1.7419037195063154,0.016005231998860836,0.031863699201494455,0.08836244884878397,0.27260372787714005
324,324,3.9805827140808105,4.014185428619385,2e-07,1.755746952368042,0.016019297763705254,0.03265061916317791,0.08855230920016766,0.2749022990465164
325,325,3.9842770099639893,4.0251946449279785,2e-07,1.7665437639706854,0.016021147835999727,0.03261026809923351,0.08833191357553005,0.27515510469675064
326,326,4.007448196411133,3.999140977859497,2e-07,1.780502615440501,0.016009080689400434,0.03237273986451328,0.0881894351914525,0.2739167809486389
327,327,4.008331775665283,4.039313793182373,2e-07,1.7897465018443046,0.01599332131445408,0.03193441312760115,0.08836710825562477,0.2733926698565483
328,328,4.00860071182251,4.017758846282959,2e-07,1.8000188391970935,0.016024251468479633,0.03202808182686567,0.0885139498859644,0.2763255387544632
329,329,3.989938259124756,4.012323379516602,2e-07,1.8055870982749163,0.016021675895899534,0.03191216534469277,0.08828750625252724,0.2751844674348831
330,330,3.98854923248291,3.9900143146514893,2e-07,1.8165207881640844,0.01600768743082881,0.031893571838736534,0.0885324515402317,0.2751348912715912
331,331,3.989469528198242,4.0131354331970215,2e-07,1.8219323426546554,0.016006186604499817,0.032518118154257536,0.08825453836470842,0.27494974434375763
332,332,3.9825706481933594,4.049461364746094,2e-07,1.830852534977761,0.016004937700927258,0.0324890180490911,0.08829288091510534,0.27399060875177383
333,333,3.989076852798462,3.9985384941101074,2e-07,1.836686993638843,0.01600258843973279,0.032322106533683836,0.08841939177364111,0.27498943358659744
334,334,3.9882113933563232,4.017936706542969,2e-07,1.8433616728625086,0.016006760764867067,0.032164134085178375,0.08830782398581505,0.2744360938668251
335,335,3.9834699630737305,3.998612880706787,2e-07,1.8477229088618117,0.015998706221580505,0.03241475927643478,0.08872940484434366,0.2757823169231415
336,336,3.980473756790161,4.0187859535217285,2e-07,1.852558920597968,0.01603695470839739,0.031411418691277504,0.08865407202392817,0.27514904737472534
337,337,4.015111923217773,4.001868724822998,2e-07,1.8530980428769779,0.016022417228668928,0.03252219071146101,0.08845194429159164,0.2761734649538994
338,338,3.987309455871582,4.020318508148193,2e-07,1.8589915615552874,0.01600909000262618,0.0325623337412253,0.08842723071575165,0.27510423958301544
339,339,3.9778594970703125,3.986643075942993,2e-07,1.8617042879621306,0.01600491674616933,0.032149827224202454,0.08851999789476395,0.2749580666422844
340,340,3.995321035385132,3.992676258087158,2e-07,1.8662594033252469,0.016027519945055246,0.03267112129833549,0.08827236481010914,0.27610667049884796
341,341,3.9666011333465576,3.9940075874328613,2e-07,1.8681843067693542,0.015997798647731543,0.03161373164039105,0.08813529275357723,0.2747263088822365
342,342,4.0024638175964355,4.0338850021362305,2e-07,1.870996806722186,0.016002717427909374,0.03277431114111096,0.08842459041625261,0.27695150673389435
343,343,3.9873015880584717,3.996164560317993,2e-07,1.8724784842803104,0.015991322696208954,0.03200432762969285,0.08846773114055395,0.2760368287563324
344,344,3.973010540008545,3.980585813522339,2e-07,1.874840995343048,0.015998216345906258,0.03283810883294791,0.08854083716869354,0.2755070626735687
345,345,4.00211763381958,3.971588611602783,2e-07,1.754124095867331,0.01602276973426342,0.03245710663031787,0.08853469509631395,0.2758028283715248
346,346,3.984893798828125,3.986111879348755,2e-07,1.6472887435075079,0.016001726500689983,0.03280418005306274,0.08852995559573174,0.27560117840766907
347,347,3.9692158699035645,4.003252983093262,2e-07,1.6695274554149941,0.016016005538403988,0.031427254318259656,0.08854033891111612,0.2741013616323471
348,348,4.002717971801758,4.002066135406494,2e-07,1.6931069026521723,0.01601421507075429,0.032076110830530524,0.08855732902884483,0.2767839580774307
349,349,4.00129508972168,3.998821973800659,2e-07,1.7108078079631934,0.015996184200048447,0.03181329951621592,0.08879056200385094,0.27749697118997574
350,350,3.957552671432495,4.0051679611206055,2e-07,1.7305650200584295,0.015998721588402987,0.032150348532013595,0.08841009065508842,0.2763206660747528
351,351,3.992142915725708,3.9803593158721924,2e-07,1.746373114084198,0.016010602470487356,0.0317251457599923,0.08851063624024391,0.27646730095148087
352,352,3.9806864261627197,4.004018783569336,2e-07,1.7617233219033608,0.016008431557565928,0.03287876839749515,0.08846044633537531,0.27642591297626495
353,353,4.020081996917725,3.9739811420440674,2e-07,1.7736048249392586,0.016026312950998545,0.032654365175403655,0.08857203833758831,0.27660948783159256
354,354,3.951385259628296,3.9602952003479004,2e-07,1.7862525147351205,0.016009201761335135,0.03234887681901455,0.08844826091080904,0.2763044089078903
355,355,3.97792911529541,3.9750800132751465,2e-07,1.6748616326246384,0.016005318146198988,0.032545417663641274,0.08855621330440044,0.27821793407201767
356,356,4.002115726470947,3.9864280223846436,2e-07,1.6993579368387524,0.01601295405998826,0.03165902430191636,0.08837192319333553,0.2757446840405464
357,357,3.993647575378418,3.989065647125244,2e-07,1.7193188422220358,0.016016263980418444,0.03212281235028058,0.0883836792781949,0.27820417284965515
358,358,4.013766765594482,3.9847590923309326,2e-07,1.7337723764235302,0.016034231521189213,0.03153792442753911,0.08863838575780392,0.2763630747795105
359,359,3.96834397315979,3.9675047397613525,2e-07,1.7443811154439235,0.016017012298107147,0.03211239282973111,0.08879866544157267,0.27770839631557465
360,360,3.956817150115967,3.9952852725982666,2e-07,1.760344439291008,0.016027316451072693,0.03215237718541175,0.08850315865129232,0.27667222917079926
361,361,3.9773731231689453,3.987452745437622,2e-07,1.771782931940168,0.01601121388375759,0.03216722852084786,0.08880516141653061,0.2781941369175911
362,362,3.974653959274292,4.035571098327637,2e-07,1.7853843083409642,0.01601349702104926,0.032211882062256336,0.08848240412771702,0.2778226360678673
363,363,3.9644179344177246,3.97967267036438,2e-07,1.7972742798834305,0.015985157806426287,0.032100854092277586,0.08840791415423155,0.2773369997739792
364,364,3.9723639488220215,4.0079545974731445,2e-07,1.8063645225112432,0.016004462726414204,0.03296489757485688,0.08849312178790569,0.2780269756913185
365,365,3.9614624977111816,3.9831526279449463,2e-07,1.8143521653223058,0.016019411850720644,0.032201571739278734,0.08849496301263571,0.276668518781662
366,366,3.9686288833618164,4.001270771026611,2e-07,1.8187890179643105,0.016000203788280487,0.032205124269239604,0.08849262073636055,0.2774277701973915
367,367,3.9445955753326416,3.9787979125976562,2e-07,1.8239857622948763,0.01602504774928093,0.032619524165056646,0.08844572678208351,0.27745886892080307
368,368,3.9721546173095703,3.982436180114746,2e-07,1.8278772524535705,0.016026052180677652,0.0321301412768662,0.08871443383395672,0.2792408615350723
369,369,3.9705841541290283,3.99099063873291,2e-07,1.8348790052413262,0.01600436493754387,0.032340724021196365,0.08851528447121382,0.2780640944838524
370,370,3.958437442779541,3.978954553604126,2e-07,1.8364954897864807,0.016020513605326414,0.03253487544134259,0.0885262731462717,0.27860434353351593
371,371,3.9816243648529053,4.000855922698975,2e-07,1.8441895035452496,0.016007352620363235,0.032431538798846304,0.08845688868314028,0.2784162238240242
372,372,3.9612483978271484,3.983867883682251,2e-07,1.8469784422396023,0.016012937761843204,0.032572083873674273,0.08853420801460743,0.27905797213315964
373,373,3.9572386741638184,3.9684948921203613,2e-07,1.8536262554421319,0.016020887065678835,0.0331342990975827,0.08846119977533817,0.27830684185028076
374,374,3.9622490406036377,3.9805691242218018,2e-07,1.8556139891769536,0.01599491946399212,0.03206967283040285,0.08874908741563559,0.27870406210422516
375,375,3.966707706451416,4.008675575256348,2e-07,1.8606304866659262,0.01601112214848399,0.03348853543866426,0.08860008418560028,0.27985338121652603
376,376,3.9809763431549072,3.995755195617676,2e-07,1.8626111574745148,0.016010464634746313,0.0323639971902594,0.08866388443857431,0.2792458310723305
377,377,3.968431234359741,3.9531545639038086,2e-07,1.867298529977034,0.01602080650627613,0.032789036398753524,0.0885550370439887,0.2783910185098648
378,378,3.9533133506774902,3.9903173446655273,2e-07,1.7247733869843067,0.016022483352571726,0.03128117008600384,0.08857524674385786,0.2796146646142006
379,379,3.9844117164611816,3.977844715118408,2e-07,1.7423393410885195,0.016016187146306038,0.03253070078790188,0.08874362055212259,0.2789306566119194
380,380,3.956594467163086,3.993478536605835,2e-07,1.7543081530000955,0.016014952678233385,0.032498898333869874,0.08866996224969625,0.27977756410837173
381,381,4.004882335662842,3.960822105407715,2e-07,1.7696299407376777,0.015988165512681007,0.03293663007207215,0.0886433906853199,0.2791827395558357
382,382,3.9455738067626953,3.9655373096466064,2e-07,1.7819159832379046,0.0160175827331841,0.03239098493941128,0.08858349826186895,0.2808389663696289
383,383,3.962149143218994,3.9802329540252686,2e-07,1.7939766028797357,0.01598672103136778,0.032351582776755095,0.08870546985417604,0.27884235978126526
384,384,3.989499092102051,3.939434051513672,2e-07,1.8008054951385621,0.016014371067285538,0.032563068671151996,0.08857631590217352,0.2796918526291847
385,385,3.9519622325897217,4.020125865936279,2e-07,1.6836077872270199,0.015992615837603807,0.031964699504897,0.08841242361813784,0.2793133407831192
386,386,3.9784586429595947,3.9768998622894287,2e-07,1.7015926850532586,0.01601802511140704,0.032376253861002624,0.08862031996250153,0.27944497019052505
387,387,4.007266998291016,4.005809307098389,2e-07,1.7161407162302487,0.01603675726801157,0.03212849027477205,0.08855286426842213,0.2797388806939125
388,388,3.9403791427612305,3.98124623298645,2e-07,1.7356630598962717,0.016011133324354887,0.033442042069509625,0.08865203894674778,0.28149304538965225
389,389,3.9371936321258545,3.9958412647247314,2e-07,1.7500979991088295,0.016016239300370216,0.032582707703113556,0.08868667855858803,0.28061331808567047
390,390,3.9854700565338135,3.950956106185913,2e-07,1.7657492493090732,0.01601298153400421,0.03224526403937489,0.08865894190967083,0.28057989478111267
391,391,3.998246431350708,3.96612286567688,2e-07,1.7754564491670133,0.016002252232283354,0.03179811011068523,0.08883448038250208,0.28234168142080307
392,392,3.951439380645752,3.940354824066162,2e-07,1.7889573860509191,0.016017631627619267,0.03242365026380867,0.08888683002442122,0.28023306280374527
393,393,3.924140214920044,3.9374637603759766,2e-07,1.7970392340028556,0.016015934757888317,0.03237638028804213,0.08879626169800758,0.2807733416557312
394,394,3.973879814147949,3.9817023277282715,2e-07,1.6847415864655948,0.01601063460111618,0.03307600528933108,0.08853062614798546,0.28076788038015366
395,395,3.9707963466644287,4.021507263183594,2e-07,1.7049322426383733,0.016006188467144966,0.032410804415121675,0.08857579715549946,0.28023533523082733
396,396,3.9646008014678955,3.971480131149292,2e-07,1.724575339940735,0.016029943246394396,0.03280100040137768,0.08850041590631008,0.2825928255915642
397,397,3.9338302612304688,3.9886562824249268,2e-07,1.7408213208230197,0.01599943544715643,0.032464860822074115,0.08861751109361649,0.28136423975229263
398,398,3.9756417274475098,3.9706809520721436,2e-07,1.7579550621113655,0.016020673792809248,0.03223954781424254,0.0888469722121954,0.2830028384923935
399,399,3.953834295272827,3.981539011001587,2e-07,1.7666368194724158,0.015997459180653095,0.03174244752153754,0.08871609531342983,0.28230275213718414
400,400,3.95259952545166,4.008162021636963,2e-07,1.7808736592479522,0.016005898360162973,0.03320252010598779,0.0887919394299388,0.28238312155008316
401,401,3.953155755996704,3.9563045501708984,2e-07,1.7942703017031876,0.01599511317908764,0.03241944743786007,0.08882280252873898,0.28257089108228683
402,402,3.9347310066223145,3.9681589603424072,2e-07,1.8040185707258725,0.016002259217202663,0.0335542899556458,0.08869276382029057,0.2829776108264923
403,403,3.9591457843780518,4.011314868927002,2e-07,1.8107264044838538,0.01601828821003437,0.03192509361542761,0.08863737899810076,0.2808035612106323
404,404,3.923198938369751,3.992356777191162,2e-07,1.8195834785673233,0.016002959106117487,0.03328402026090771,0.08871574606746435,0.2831282466650009
405,405,3.9620461463928223,3.9472756385803223,2e-07,1.8326058518847637,0.016012083739042282,0.03236236097291112,0.08879469241946936,0.2830711156129837
406,406,3.9424777030944824,3.9649124145507812,2e-07,1.8402020139357538,0.016019021160900593,0.032349079730920494,0.08881599456071854,0.2828628048300743
407,407,3.9595730304718018,3.952631950378418,2e-07,1.8423488601833842,0.016002954449504614,0.03232280444353819,0.0887672621756792,0.28173675388097763
408,408,3.9634430408477783,3.969555616378784,2e-07,1.8493591382214771,0.016003924421966076,0.03218325588386506,0.08891966938972473,0.2842695191502571
409,409,3.9406373500823975,3.998582363128662,2e-07,1.8514568324048246,0.01602393062785268,0.03261311852838844,0.0887790722772479,0.2833046540617943
410,410,3.9699370861053467,3.9738545417785645,2e-07,1.857351466663359,0.016023716889321804,0.031132897827774286,0.08890910167247057,0.28314585983753204
411,411,3.9445748329162598,3.9741036891937256,2e-07,1.8583342459772774,0.016008375212550163,0.03285906498786062,0.08892604615539312,0.2837180495262146
412,412,3.926835775375366,3.952692985534668,2e-07,1.864234786945658,0.016010462772101164,0.03310940240044147,0.08896646089851856,0.2848590463399887
413,413,3.9600861072540283,3.9698164463043213,2e-07,1.8657802049790309,0.01601828308776021,0.03274049633182585,0.089021235704422,0.28401031345129013
414,414,3.959839344024658,3.9694344997406006,2e-07,1.8703093423838135,0.016015290282666683,0.03158880851697177,0.08893529698252678,0.28174354135990143
415,415,3.9498605728149414,3.9407870769500732,2e-07,1.8717784164380098,0.016024037264287472,0.03263192321173847,0.08861121162772179,0.28248707205057144
416,416,3.9175686836242676,3.9479923248291016,2e-07,1.8753552596019962,0.016015670727938414,0.032525811926461756,0.08889112435281277,0.2828649580478668
417,417,3.95084285736084,3.935934066772461,2e-07,1.8761187023349026,0.01600900012999773,0.032690494437702,0.08866962883621454,0.28389664739370346
418,418,3.94215726852417,3.9691107273101807,2e-07,1.7551586972519326,0.016029481776058674,0.032896436750888824,0.08877452462911606,0.28524157404899597
419,419,3.9378538131713867,3.94636869430542,2e-07,1.7647550540916392,0.016019895672798157,0.031637089676223695,0.08874130807816982,0.2816459760069847
420,420,3.935584306716919,3.9875423908233643,2e-07,1.7766576635806017,0.01601827796548605,0.03283948637545109,0.08897579368203878,0.28564393520355225
421,421,3.9408507347106934,3.946815013885498,2e-07,1.7870497790539408,0.01598513312637806,0.03239255433436483,0.08863956574350595,0.28380370140075684
422,422,3.9057540893554688,3.9498510360717773,2e-07,1.7957735110324957,0.016016721725463867,0.03289222391322255,0.08898865804076195,0.2850658521056175
423,423,3.9197871685028076,3.9824442863464355,2e-07,1.8034501775731782,0.016000506468117237,0.03259461745619774,0.08909980021417141,0.28654780983924866
424,424,3.952425241470337,3.933018207550049,2e-07,1.8110437399577652,0.01604154286906123,0.03236663481220603,0.08882684167474508,0.2836342677474022
425,425,3.9419751167297363,3.9422690868377686,2e-07,1.6967473978581833,0.01600666344165802,0.03313251142390072,0.08901580236852169,0.28528109192848206
426,426,3.963623285293579,3.9850282669067383,2e-07,1.7142885678529778,0.016020983457565308,0.0323905450059101,0.08891337923705578,0.2837814837694168
427,427,3.9460701942443848,3.942861318588257,2e-07,1.7299613902650335,0.016009547282010317,0.0329660945571959,0.0888475626707077,0.28416378796100616
428,428,3.9608190059661865,3.990565299987793,2e-07,1.7435775224306376,0.01601008977741003,0.0326984942657873,0.08878187369555235,0.2849111109972
429,429,3.9424962997436523,3.951165199279785,2e-07,1.7593498870027675,0.016005154233425856,0.03330480051226914,0.08892454579472542,0.28644127398729324
430,430,3.9023489952087402,3.962883710861206,2e-07,1.7743404430324416,0.016013389453291893,0.03214395558461547,0.0888844607397914,0.2849738672375679
431,431,3.8966517448425293,3.9621894359588623,2e-07,1.7831686724817288,0.015998955350369215,0.03317023254930973,0.08893618173897266,0.2848554626107216
432,432,3.947401523590088,3.9437646865844727,2e-07,1.793414853606581,0.016019688919186592,0.03303496120497584,0.08895038068294525,0.2861132472753525
433,433,3.932246685028076,3.958890438079834,2e-07,1.79768439580974,0.01601390726864338,0.03265204024501145,0.08907741215080023,0.28625957667827606
434,434,3.9391860961914062,3.917569398880005,2e-07,1.808956273727783,0.016023469157516956,0.03253505611792207,0.08909303788095713,0.2875967249274254
435,435,3.971411943435669,3.945758581161499,2e-07,1.6948906460068291,0.01600936660543084,0.03289009432774037,0.08904218580573797,0.2860441505908966
436,436,3.9265506267547607,3.937685012817383,2e-07,1.7156703675349623,0.016021642368286848,0.03274249576497823,0.08887994010001421,0.2856188490986824
437,437,3.9626708030700684,3.956233501434326,2e-07,1.7316688088359105,0.01599668338894844,0.03271284536458552,0.08891160041093826,0.28615599125623703
438,438,3.934518814086914,3.949183464050293,2e-07,1.749782671336258,0.01600882736966014,0.03270412643905729,0.08878129255026579,0.28544381260871887
439,439,3.946699380874634,3.9517831802368164,2e-07,1.7615622310122352,0.016015502624213696,0.03324018605053425,0.0887485733255744,0.2858733534812927
440,440,3.8877594470977783,3.9596214294433594,2e-07,1.7766930313740765,0.016016720328480005,0.03329821431543678,0.08886289317160845,0.28698190301656723
441,441,3.9535272121429443,3.974416732788086,2e-07,1.7890752865763002,0.01600707694888115,0.03236306621693075,0.08886092156171799,0.28591810911893845
442,442,3.9366037845611572,3.951625108718872,2e-07,1.8003495933694305,0.016015352681279182,0.03217207349371165,0.08879759814590216,0.2875731885433197
443,443,3.9250776767730713,3.9248697757720947,2e-07,1.8077956140704319,0.016002468299120665,0.032311368035152555,0.08896016981452703,0.2864910736680031
444,444,3.9438719749450684,3.9133107662200928,2e-07,1.8190660215569143,0.01599911553785205,0.03274191764649004,0.08886078093200922,0.2851114794611931
445,445,3.917799234390259,3.968815565109253,2e-07,1.7048943050385366,0.01601402135565877,0.032575589371845126,0.08886582870036364,0.2873961701989174
446,446,3.970738172531128,3.9678468704223633,2e-07,1.7244357703797948,0.016014508437365294,0.03353702207095921,0.08916033152490854,0.28698770701885223
447,447,3.9262781143188477,3.940251350402832,2e-07,1.7385984876497098,0.016013875603675842,0.033355870633386075,0.0890072863548994,0.2879549339413643
448,448,3.9230098724365234,3.9303228855133057,2e-07,1.7563065937398759,0.016006310004740953,0.03312865027692169,0.08913977071642876,0.2894832342863083
449,449,3.92272686958313,3.922520399093628,2e-07,1.769432432950527,0.016007660888135433,0.03252240887377411,0.08912268467247486,0.2863590195775032
450,450,3.93546724319458,3.929067611694336,2e-07,1.7823075229772694,0.016018387395888567,0.03314911143388599,0.08901893440634012,0.2867620065808296
451,451,3.9200174808502197,3.8957326412200928,2e-07,1.7917751853284714,0.016013449989259243,0.03281809110194445,0.088887894526124,0.2870868071913719
452,452,3.8976778984069824,3.9405267238616943,2e-07,1.6800122620459677,0.016025446355342865,0.032390702865086496,0.08885889407247305,0.2887360081076622
453,453,3.9265310764312744,3.9214415550231934,2e-07,1.6969195992035588,0.01600863691419363,0.03314902260899544,0.08912835642695427,0.28585702925920486
454,454,3.9267592430114746,3.964522361755371,2e-07,1.7187725015211546,0.015995700377970934,0.03243844769895077,0.08897256571799517,0.2872343957424164
455,455,3.923022747039795,3.932130813598633,2e-07,1.7333442920634423,0.015982321929186583,0.03354114340618253,0.08896755240857601,0.2877234071493149
456,456,3.9223380088806152,3.943159818649292,2e-07,1.7514183822887215,0.01599627500399947,0.03256606764625758,0.08907735627144575,0.2882014438509941
457,457,3.953233003616333,3.921224355697632,2e-07,1.7636731021795158,0.016017314977943897,0.03290778317023069,0.08920780196785927,0.2908288612961769
458,458,3.919753313064575,3.9942615032196045,2e-07,1.7781917199589603,0.016010898165404797,0.03337152348831296,0.08888283930718899,0.28863611817359924
459,459,3.9341530799865723,3.9317843914031982,2e-07,1.7878736396701824,0.016014740336686373,0.03304946725256741,0.08901019394397736,0.2896242216229439
460,460,3.9189038276672363,3.9439144134521484,2e-07,1.7999701190647925,0.016008322592824697,0.03326983540318906,0.08927236683666706,0.29123423248529434
461,461,3.9374849796295166,3.9530763626098633,2e-07,1.8064460174036623,0.01602045213803649,0.03359744872432202,0.08895312249660492,0.2901327535510063
462,462,3.9349117279052734,3.8956515789031982,2e-07,1.8170214728682972,0.016013401094824076,0.032299622194841504,0.08926620800048113,0.28865987807512283
463,463,3.9346961975097656,3.924518346786499,2e-07,1.7020256259586715,0.016019459813833237,0.033091969904489815,0.08923456352204084,0.2895633429288864
464,464,3.8877968788146973,3.932478189468384,2e-07,1.7230326613251894,0.01599274016916752,0.0326440337812528,0.08912231959402561,0.28789835423231125
465,465,3.894052743911743,3.916146755218506,2e-07,1.73770498160436,0.0160006252117455,0.033384911832399666,0.0890695434063673,0.2896754592657089
466,466,3.906294107437134,3.937588930130005,2e-07,1.7554793456818756,0.015996793285012245,0.033138972823508084,0.08907037414610386,0.28833751380443573
467,467,3.9232282638549805,3.8921380043029785,2e-07,1.7685636487210692,0.016017309855669737,0.03295743523631245,0.08910319861024618,0.2895670086145401
468,468,3.9209697246551514,3.9440159797668457,2e-07,1.6584637738193155,0.016007022466510534,0.03217632684390992,0.08891547564417124,0.2889253944158554
469,469,3.9691519737243652,3.916032552719116,2e-07,1.6798292957662213,0.016011540312319994,0.03334147064015269,0.0890990486368537,0.2903268486261368
470,470,3.914050340652466,3.908170461654663,2e-07,1.6968684556468556,0.016011347994208336,0.03261787991505116,0.08888932131230831,0.2899894490838051
471,471,3.9265530109405518,3.9180471897125244,2e-07,1.7180321054627772,0.015998991671949625,0.03265692899003625,0.08891476411372423,0.288875050842762
472,472,3.9178881645202637,3.89766526222229,2e-07,1.7336736848201708,0.016005313489586115,0.03251533268485218,0.08900836668908596,0.2890606075525284
473,473,3.9006166458129883,3.922078847885132,2e-07,1.7512402035283308,0.01600389275699854,0.03359306638594717,0.08889633696526289,0.28832050412893295
474,474,3.919400453567505,3.911961078643799,2e-07,1.763850885969551,0.016020089387893677,0.033331948914565146,0.08904067520052195,0.2904709354043007
475,475,3.9024291038513184,3.922602653503418,2e-07,1.7799450865282693,0.0160212111659348,0.03236030228435993,0.08915131911635399,0.289620541036129
476,476,3.915245532989502,3.9628729820251465,2e-07,1.7886346015535897,0.01600067736580968,0.033276307745836675,0.08947521168738604,0.2911112979054451
477,477,3.9344661235809326,3.944748640060425,2e-07,1.8013390962533675,0.016008244827389717,0.03285859967581928,0.08932123985141516,0.29066600650548935
478,478,3.89290189743042,3.9210779666900635,2e-07,1.8091841910582767,0.01600325107574463,0.033242194331251085,0.08912366442382336,0.2918008342385292
479,479,3.905346632003784,3.9031598567962646,2e-07,1.8193896472647686,0.016015042085200548,0.03226070385426283,0.08897542487829924,0.2903856337070465
480,480,3.9664485454559326,3.884678363800049,2e-07,1.8293467331386932,0.016011079773306847,0.03292415465693921,0.08912546001374722,0.2909987270832062
481,481,3.896373748779297,3.9085991382598877,2e-07,1.7155563695584253,0.015999014489352703,0.03244407405145466,0.08932785037904978,0.28935177624225616
482,482,3.9166135787963867,3.924565315246582,2e-07,1.7311585076444769,0.016005112789571285,0.03262370324227959,0.08919961284846067,0.29204854369163513
483,483,3.8994009494781494,3.902177572250366,2e-07,1.7420383174229737,0.016024449840188026,0.033262091455981135,0.08907244820147753,0.2917294055223465
484,484,3.928813934326172,3.918790817260742,2e-07,1.7590880201527528,0.015996016561985016,0.034253408666700125,0.08906387537717819,0.29311520606279373
485,485,3.892739772796631,3.9051878452301025,2e-07,1.7707205461303697,0.015992325730621815,0.03420326148625463,0.0892908638343215,0.29356319457292557
486,486,3.914022445678711,3.9137184619903564,2e-07,1.7842866671268867,0.016026104800403118,0.033460155595093966,0.08917921874672174,0.29143840074539185
487,487,3.892763614654541,3.8933515548706055,2e-07,1.792807588830023,0.01601925352588296,0.03324927901849151,0.0892590144649148,0.29137855023145676
488,488,3.923229455947876,3.910753011703491,2e-07,1.802165174924654,0.016012600623071194,0.033476466313004494,0.08928874041885138,0.29378968477249146
489,489,3.900761842727661,3.9305179119110107,2e-07,1.8086745622142835,0.016021620016545057,0.032702666241675615,0.08908620849251747,0.29085858166217804
490,490,3.925342559814453,3.892274856567383,2e-07,1.8139008166017194,0.016022258438169956,0.03332671232055873,0.08917270973324776,0.29297397285699844
491,491,3.910184144973755,3.8972556591033936,2e-07,1.8228852109845646,0.016011347994208336,0.03305692528374493,0.08935627713799477,0.2934541255235672
492,492,3.891948699951172,3.8947250843048096,2e-07,1.8273126212724429,0.01599092409014702,0.0341326316120103,0.08930748701095581,0.29274962842464447
493,493,3.9261889457702637,3.9244444370269775,2e-07,1.8351384784576823,0.016005095560103655,0.032739527290686965,0.08934291452169418,0.2915963903069496
494,494,3.9034554958343506,3.9060826301574707,2e-07,1.8395632107538185,0.015999309718608856,0.03319511446170509,0.0892946906387806,0.2947666198015213
495,495,3.919015407562256,3.9452123641967773,2e-07,1.8461847860851046,0.016015893314033747,0.032485410338267684,0.08924941625446081,0.29280560463666916
496,496,3.8811588287353516,3.9162256717681885,2e-07,1.8558707648661799,0.016017643734812737,0.03394351445604116,0.08932180237025023,0.29404740035533905
497,497,3.894233465194702,3.932554244995117,2e-07,1.859185024922025,0.016000448260456324,0.033000447088852525,0.08920306153595448,0.29233209043741226
498,498,3.887418270111084,3.887509346008301,2e-07,1.8567349305052459,0.015993167646229267,0.03267803799826652,0.0890985494479537,0.29116249829530716
499,499,3.909299612045288,3.9188594818115234,2e-07,1.8611088629359878,0.016017974354326725,0.03324693359900266,0.08910982217639685,0.2916570454835892
500,500,3.8572590351104736,3.9021499156951904,2e-07,1.860446049563256,0.016008762642741203,0.03334760677535087,0.0892797252163291,0.29204315692186356
501,501,3.9021151065826416,3.9267518520355225,2e-07,1.8653979234947244,0.01599913090467453,0.03383573249448091,0.08913931902498007,0.29346973448991776
502,502,3.8668880462646484,3.881859540939331,2e-07,1.8665988833276943,0.016014132648706436,0.033305630437098444,0.08924808353185654,0.2937633842229843
503,503,3.896566867828369,3.907987117767334,2e-07,1.7475706174438208,0.01599639095366001,0.033050397178158164,0.08914459217339754,0.29288914054632187
504,504,3.914428472518921,3.889284610748291,2e-07,1.7652864862475772,0.016015689354389906,0.03356690111104399,0.08931223582476377,0.29526520520448685
505,505,3.9068145751953125,3.9042131900787354,2e-07,1.7769230179840767,0.016004699748009443,0.03357845591381192,0.08941267244517803,0.29443687200546265
506,506,3.9082021713256836,3.904463291168213,2e-07,1.786880768457775,0.01602080836892128,0.032749935518950224,0.08930458500981331,0.29384422302246094
507,507,3.9388999938964844,3.9262967109680176,2e-07,1.797040963114753,0.016016121953725815,0.03384427062701434,0.089232686907053,0.2956879660487175
508,508,3.8936030864715576,3.935319423675537,2e-07,1.8067027718642468,0.016015656758099794,0.03309082437772304,0.08933544903993607,0.29285959899425507
509,509,3.904292106628418,3.907341241836548,2e-07,1.813912490474296,0.01600899687036872,0.03369194734841585,0.08926825132220984,0.29543300718069077
510,510,3.900721549987793,3.929837703704834,2e-07,1.8191534383318313,0.01602802611887455,0.0341949159046635,0.08941804058849812,0.29566725343465805
511,511,3.9294192790985107,3.8884150981903076,2e-07,1.8239340822893124,0.016011209692806005,0.03278725838754326,0.0892120385542512,0.2925659865140915
512,512,3.8651695251464844,3.8943912982940674,2e-07,1.8309886783193126,0.016002018935978413,0.03369394852779806,0.08951668441295624,0.2961627170443535
513,513,3.8925979137420654,3.9146063327789307,2e-07,1.835282350412093,0.016002959106117487,0.033174911979585886,0.08915641438215971,0.2945264056324959
514,514,3.8774147033691406,3.9045159816741943,2e-07,1.8391868450011146,0.01600191742181778,0.03271291870623827,0.08935799542814493,0.2955537438392639
515,515,3.8612163066864014,3.8810770511627197,2e-07,1.8415880139183802,0.015989734325557947,0.032937451847828925,0.08949459716677666,0.29624664038419724
516,516,3.881727933883667,3.885678291320801,2e-07,1.7253077213106975,0.016011234372854233,0.03377339488361031,0.08935530297458172,0.29614632576704025
517,517,3.8671863079071045,3.9148809909820557,2e-07,1.739996869583843,0.016016900073736906,0.03341744665522128,0.08940687030553818,0.29675910621881485
518,518,3.8588063716888428,3.9047675132751465,2e-07,1.7535425351967324,0.016024773940443993,0.03283146792091429,0.08939519338309765,0.2936796620488167
519,519,3.909045934677124,3.9236738681793213,2e-07,1.7684653529696517,0.016001100186258554,0.03370211203582585,0.08934411779046059,0.29480569809675217
520,520,3.8494386672973633,3.922590494155884,2e-07,1.7789772098963474,0.016010391525924206,0.033448260626755655,0.08923288434743881,0.2949732542037964
521,521,3.8792123794555664,3.8868672847747803,2e-07,1.7854088967458417,0.01601523021236062,0.032970364089123905,0.08934278599917889,0.29595308750867844
522,522,3.914707660675049,3.914393901824951,2e-07,1.798245090338213,0.01601175172254443,0.03368067683186382,0.08939946163445711,0.2973248362541199
523,523,3.8832919597625732,3.8954579830169678,2e-07,1.805102611112865,0.016036455053836107,0.03305311547592282,0.08946669567376375,0.29433204233646393
524,524,3.9053330421447754,3.8777830600738525,2e-07,1.8159003100402975,0.016005441546440125,0.03226096392609179,0.08928118087351322,0.294474832713604
525,525,3.909809112548828,3.9150338172912598,2e-07,1.7013594674075234,0.016005591489374638,0.033660273998975754,0.08940250054001808,0.29656240344047546
526,526,3.8494601249694824,3.9249765872955322,2e-07,1.7217972612921462,0.016022608149796724,0.03280520567204803,0.08928482513874769,0.2962191328406334
527,527,3.860546827316284,3.8691182136535645,2e-07,1.7370824289716529,0.016004637349396944,0.033365106442943215,0.08965200558304787,0.29800696671009064
528,528,3.8928792476654053,3.9734444618225098,2e-07,1.632009948004809,0.016013988759368658,0.03331297915428877,0.08927224017679691,0.2965500205755234
529,529,3.8921773433685303,3.8881094455718994,2e-07,1.6610701703036939,0.016024356242269278,0.03367795376107097,0.08958880975842476,0.29724396765232086
530,530,3.902040719985962,3.8887550830841064,2e-07,1.684857789255046,0.01601507468149066,0.0332310110097751,0.08938929624855518,0.29672832041978836
531,531,3.9289870262145996,3.8975374698638916,2e-07,1.7033016052061527,0.016025852411985397,0.033455137512646616,0.08947875164449215,0.29698097705841064
532,532,3.880681037902832,3.90519380569458,2e-07,1.7207868380593183,0.016006796155124903,0.033637446467764676,0.08959243912249804,0.29864849150180817
533,533,3.853286027908325,3.883073091506958,2e-07,1.7359621718973186,0.016012360341846943,0.033453782205469906,0.08956008311361074,0.29792360961437225
534,534,3.8687479496002197,3.869296073913574,2e-07,1.7532081149134822,0.016020742245018482,0.03316834452562034,0.08939200080931187,0.2971624433994293
535,535,3.8706700801849365,3.908513307571411,2e-07,1.7698128534758015,0.01599875744432211,0.033876893343403935,0.08938646968454123,0.29726292192935944
536,536,3.890117645263672,3.8840181827545166,2e-07,1.779175258028301,0.016008710954338312,0.03375919791869819,0.08930542599409819,0.2986093685030937
537,537,3.8718202114105225,3.8721513748168945,2e-07,1.7874128834485261,0.015991240739822388,0.033879660768434405,0.08952663093805313,0.2985241860151291
538,538,3.857272148132324,3.9542198181152344,2e-07,1.7984878670424413,0.016009703744202852,0.03249024844262749,0.08970328234136105,0.29828934371471405
539,539,3.871687173843384,3.9093923568725586,2e-07,1.806309280571593,0.016023611184209585,0.03320612129755318,0.0896740248426795,0.2994237616658211
540,540,3.8781344890594482,3.8589305877685547,2e-07,1.8175849375927995,0.01600879291072488,0.03319421841297299,0.08945121802389622,0.29713549464941025
541,541,3.84091854095459,3.874558687210083,2e-07,1.7035781329651616,0.01603027293458581,0.033738815574906766,0.08975301869213581,0.3006913810968399
542,542,3.8650591373443604,3.9175944328308105,2e-07,1.7206369713481884,0.016008968465030193,0.03354097518604249,0.08964565023779869,0.3005535453557968
543,543,3.897475242614746,3.8710148334503174,2e-07,1.732111037057526,0.016014941036701202,0.033506578649394214,0.08954762388020754,0.29929157346487045
544,544,3.8972702026367188,3.9226772785186768,2e-07,1.7499736652071856,0.016016272362321615,0.0337182623334229,0.08973890822380781,0.29888392984867096
545,545,3.869075298309326,3.856584072113037,2e-07,1.7614730845951923,0.016019705682992935,0.03303126653190702,0.08960160333663225,0.2998397648334503
546,546,3.883436679840088,3.920825481414795,2e-07,1.6528291525648557,0.016009407583624125,0.033448257367126644,0.08948024176061153,0.29843394458293915
547,547,3.9027340412139893,3.8741047382354736,2e-07,1.6785615017085402,0.01601259084418416,0.033343211631290615,0.08966873958706856,0.2987167686223984
548,548,3.8640213012695312,3.876554250717163,2e-07,1.7011835591915068,0.016026698518544436,0.034189291880466044,0.08955081179738045,0.2998317927122116
549,549,3.8500239849090576,3.8968255519866943,2e-07,1.7176416189011594,0.016008030623197556,0.033363158465363085,0.08973568491637707,0.30189185589551926
550,550,3.8599023818969727,3.8759851455688477,2e-07,1.738092159640836,0.01601059827953577,0.03372428670991212,0.08956857956945896,0.3004182428121567
551,551,3.9210524559020996,3.8832156658172607,2e-07,1.7520821933859836,0.016025011893361807,0.03344505955465138,0.08966589998453856,0.30063632130622864
552,552,3.8546252250671387,3.860417127609253,2e-07,1.7682636305410184,0.01600971817970276,0.03339146915823221,0.08958599902689457,0.29868514090776443
553,553,3.873133420944214,3.9185914993286133,2e-07,1.7807806077416757,0.015995352994650602,0.034321209765039384,0.08953379839658737,0.29864127188920975
554,554,3.883302688598633,3.8544154167175293,2e-07,1.7934988767234032,0.016009218525141478,0.03401580883655697,0.08969009295105934,0.30052898824214935
555,555,3.829322338104248,3.9058938026428223,2e-07,1.6815687849613963,0.016014196909964085,0.03357685019727796,0.08968901075422764,0.30006154626607895
556,556,3.872152090072632,3.896272659301758,2e-07,1.7015710100557742,0.01600670488551259,0.03371286310721189,0.0895414762198925,0.30064334720373154
557,557,3.8729910850524902,3.9136016368865967,2e-07,1.7213972982041015,0.016013508196920156,0.03330904745962471,0.08968489337712526,0.2986755520105362
558,558,3.8496880531311035,3.880397319793701,2e-07,1.7365898560555764,0.01602975744754076,0.033861872274428606,0.08978363033384085,0.30004463344812393
559,559,3.8624138832092285,3.8570806980133057,2e-07,1.753371721703955,0.01602191524580121,0.03363652108237147,0.08959239348769188,0.29937898367643356
560,560,3.8597891330718994,3.8974807262420654,2e-07,1.7647544701503477,0.01601853733882308,0.03288983996026218,0.08949507493525743,0.2999775931239128
561,561,3.868069648742676,3.9046883583068848,2e-07,1.772994130705511,0.016007897444069386,0.03336055320687592,0.08970382623374462,0.2994919568300247
562,562,3.8716938495635986,3.8613622188568115,2e-07,1.78485773285057,0.01602768199518323,0.032882908592000604,0.08963214606046677,0.29881708323955536
563,563,3.875887155532837,3.877615451812744,2e-07,1.7886255857848317,0.01601448655128479,0.034198576235212386,0.08972080983221531,0.30305417627096176
564,564,3.853689670562744,3.862506866455078,2e-07,1.7949615540919646,0.01602234924212098,0.03328693867661059,0.08954024408012629,0.29904159903526306
565,565,3.8824145793914795,3.8728814125061035,2e-07,1.8030208134557395,0.015991837717592716,0.033304637181572616,0.08954594098031521,0.2999904006719589
566,566,3.890275478363037,3.9025208950042725,2e-07,1.809468577389695,0.015988968312740326,0.0341160309035331,0.0898548373952508,0.3025970235466957
567,567,3.877044439315796,3.9010164737701416,2e-07,1.8193909718367758,0.016021438874304295,0.03321461740415543,0.08963605295866728,0.3009427934885025
568,568,3.863518476486206,3.848684787750244,2e-07,1.829371102631858,0.016021826770156622,0.03339329652953893,0.08967924863100052,0.30100568383932114
569,569,3.8958728313446045,3.8860111236572266,2e-07,1.6907913815286626,0.016013337764889002,0.03341443545650691,0.08959108125418425,0.30125605314970016
570,570,3.883504867553711,3.873389959335327,2e-07,1.7085918731089043,0.015992869157344103,0.03366125782486051,0.08951114397495985,0.3003203645348549
571,571,3.867325782775879,3.860952138900757,2e-07,1.730379569617451,0.01601086789742112,0.033824772108346224,0.08996243961155415,0.3023248612880707
572,572,3.8283751010894775,3.8419625759124756,2e-07,1.7439877600916895,0.01601408701390028,0.0340508830267936,0.08989411126822233,0.30163365602493286
573,573,3.863837957382202,3.86244535446167,2e-07,1.6311344534994463,0.016002528835088015,0.033433629432693124,0.08971975464373827,0.3028714135289192
574,574,3.848682165145874,3.91454815864563,2e-07,1.6583685324774433,0.016022440046072006,0.03360647789668292,0.08984424639493227,0.30300500988960266
575,575,3.881822347640991,3.920753240585327,2e-07,1.6771160916882502,0.016030171420425177,0.033218363649211824,0.08968624006956816,0.3013725280761719
576,576,3.8411102294921875,3.8950726985931396,2e-07,1.701254195153334,0.01600774610415101,0.03339663322549313,0.08971146028488874,0.30297819525003433
577,577,3.877324104309082,3.839418649673462,2e-07,1.722275642164734,0.01601837109774351,0.03310263657476753,0.08950005285441875,0.30152997374534607
578,578,3.8774185180664062,3.8664965629577637,2e-07,1.6173826842342804,0.015997481532394886,0.03388705861289054,0.08973877038806677,0.303034670650959
579,579,3.8459625244140625,3.877384901046753,2e-07,1.6450431520106827,0.016034802421927452,0.0335908408742398,0.08974124304950237,0.3029748648405075
580,580,3.833078622817993,3.8432860374450684,2e-07,1.6711167332162824,0.016023389529436827,0.033880286500789225,0.08989743236452341,0.3053222894668579
581,581,3.863654613494873,3.851226568222046,2e-07,1.6916007342739008,0.016005942597985268,0.03390508214943111,0.08989439532160759,0.30292823910713196
582,582,3.861645460128784,3.881457567214966,2e-07,1.7110505081459924,0.01599746523424983,0.03358057700097561,0.08986875601112843,0.30302587151527405
583,583,3.844148874282837,3.8622372150421143,2e-07,1.7270451337276418,0.016009779181331396,0.03342208964750171,0.0898323580622673,0.30254944413900375
584,584,3.8639519214630127,3.881843328475952,2e-07,1.7442889111311037,0.016002317890524864,0.03395786986220628,0.0901109166443348,0.3055287376046181
585,585,3.8280084133148193,3.863705635070801,2e-07,1.7570017642437084,0.016003849916160107,0.03339933429379016,0.08979009743779898,0.3033975437283516
586,586,3.86112904548645,3.860481023788452,2e-07,1.7710787019855616,0.016021748073399067,0.033167673158459365,0.08971206471323967,0.30397164076566696
587,587,3.878504514694214,3.8601737022399902,2e-07,1.7871307934280618,0.016010813880711794,0.033433011965826154,0.08984867483377457,0.3033943846821785
588,588,3.8556673526763916,3.8861732482910156,2e-07,1.8003011248386511,0.0160193950869143,0.03439819102641195,0.08995925262570381,0.306390643119812
589,589,3.844055414199829,3.879517078399658,2e-07,1.8068733222859006,0.016020505223423243,0.03410564793739468,0.08978203870356083,0.3041350841522217
590,590,3.839334487915039,3.8660531044006348,2e-07,1.8177791432096806,0.016018162481486797,0.034050771850161254,0.08999486826360226,0.3046748489141464
591,591,3.826561689376831,3.839721202850342,2e-07,1.8230408411833894,0.015997501090168953,0.03347572253551334,0.08998533710837364,0.3044076934456825
592,592,3.8532514572143555,3.876922369003296,2e-07,1.8325843639594785,0.01601814990863204,0.03425235126633197,0.0896186837926507,0.30462954193353653
593,593,3.8442015647888184,3.8493313789367676,2e-07,1.8377202858051132,0.01603205595165491,0.03412565717007965,0.08998089097440243,0.30615150928497314
594,594,3.844949245452881,3.8460400104522705,2e-07,1.844859204403211,0.016001181676983833,0.03392687044106424,0.09005729295313358,0.30576106160879135
595,595,3.8981709480285645,3.8366284370422363,2e-07,1.8542187493549598,0.0160134662874043,0.03374189021997154,0.0898060156032443,0.30516257882118225
596,596,3.881730079650879,3.8576579093933105,2e-07,1.7316867299537662,0.01601104298606515,0.03304182784631848,0.08999619726091623,0.30457061529159546
597,597,3.851954460144043,3.874490261077881,2e-07,1.7410247841402875,0.016016068402677774,0.03372322698123753,0.09020509291440248,0.30525560677051544
598,598,3.865030527114868,3.848708152770996,2e-07,1.757968887526866,0.016017794609069824,0.03443435183726251,0.0898984344676137,0.307513102889061
599,599,3.824223041534424,3.9374074935913086,2e-07,1.7694721677512213,0.01601199945434928,0.034034508978948,0.09002871252596378,0.30690834671258926
600,600,3.8711893558502197,3.851824998855591,2e-07,1.7837345489384844,0.016013602260500193,0.03397165809292346,0.08987535629421473,0.30652032047510147
601,601,3.901026487350464,3.8292009830474854,2e-07,1.7923746905366973,0.015996254049241543,0.034262216999195516,0.09003645833581686,0.3062845692038536
602,602,3.8189749717712402,3.887960910797119,2e-07,1.6806533745436165,0.016025404445827007,0.03333420376293361,0.0899641178548336,0.3067596033215523
603,603,3.8479390144348145,3.8195841312408447,2e-07,1.7052051993141686,0.016007808037102222,0.03439024754334241,0.09002407919615507,0.3076392337679863
604,604,3.862032651901245,3.836042881011963,2e-07,1.6019084468106872,0.016007300931960344,0.03409321722574532,0.09017045795917511,0.3072078600525856
605,605,3.8260374069213867,3.879242181777954,2e-07,1.6256184045804318,0.01601079059764743,0.03454541298560798,0.09022591542452574,0.30890953540802
606,606,3.8037655353546143,3.8217132091522217,2e-07,1.6498403356171583,0.01600494096055627,0.034874654724262655,0.08991135656833649,0.3075825721025467
607,607,3.8389816284179688,3.86995792388916,2e-07,1.672000049982995,0.016008927021175623,0.034667194820940495,0.09029580652713776,0.3096328601241112
608,608,3.845804452896118,3.8744301795959473,2e-07,1.6956088717710538,0.0160292387008667,0.03250281745567918,0.0898016607388854,0.30434897541999817
609,609,3.8536226749420166,3.88362455368042,2e-07,1.713446551875714,0.016026963479816914,0.033434890559874475,0.08992728684097528,0.3054562136530876
610,610,3.776427745819092,3.8591277599334717,2e-07,1.7266220048837548,0.01600422477349639,0.03378468833398074,0.0899883285164833,0.3069152161478996
611,611,3.806941032409668,3.8972935676574707,2e-07,1.7434735392857355,0.016035808250308037,0.03385030245408416,0.09016676899045706,0.3056631088256836
612,612,3.8238940238952637,3.8311948776245117,2e-07,1.7578052562453237,0.016008274164050817,0.035176725941710174,0.09034642204642296,0.3090958520770073
613,613,3.871736764907837,3.856142044067383,2e-07,1.7715117569418948,0.01601000828668475,0.034362831502221525,0.09023463539779186,0.3088380694389343
614,614,3.8456649780273438,3.8422913551330566,2e-07,1.7845465554048427,0.01600137585774064,0.034176692715846,0.09011927712708712,0.3080469146370888
615,615,3.824779510498047,3.852431058883667,2e-07,1.7959535325746,0.01602023933082819,0.03327192203141749,0.09021209925413132,0.3062162846326828
616,616,3.812617301940918,3.864854574203491,2e-07,1.801574368454976,0.01601652568206191,0.03377931530121714,0.09036489203572273,0.31062816828489304
617,617,3.8141095638275146,3.897026777267456,2e-07,1.8123320492892658,0.01598990708589554,0.03487735812086612,0.09037502016872168,0.3093523904681206
618,618,3.822904586791992,3.832068681716919,2e-07,1.8194038988618317,0.01603730907663703,0.03438045806251466,0.0899368179962039,0.30977676063776016
619,619,3.7959370613098145,3.851066827774048,2e-07,1.8284328597567026,0.016021551564335823,0.03340851189568639,0.0902347369119525,0.3078561797738075
620,620,3.801093339920044,3.809674024581909,2e-07,1.8332476847184995,0.01601741975173354,0.03327221830841154,0.09004248399287462,0.30638493597507477
621,621,3.812211513519287,3.854323625564575,2e-07,1.7173117800410211,0.01599829038605094,0.034764433396048844,0.0899368291720748,0.30815132707357407
622,622,3.8246400356292725,3.858978033065796,2e-07,1.73258219367626,0.01601508865132928,0.03409191931132227,0.09005976095795631,0.30841386318206787
623,623,3.826258897781372,3.825338125228882,2e-07,1.7498977149340096,0.016008121892809868,0.033872366533614695,0.08999598771333694,0.30814459174871445
624,624,3.866664171218872,3.843271017074585,2e-07,1.767533596613824,0.01602032035589218,0.034104035468772054,0.0901382714509964,0.3101874217391014
625,625,3.8135197162628174,3.8431010246276855,2e-07,1.7781526884868695,0.016007098369300365,0.03428472485393286,0.0900787441059947,0.30625565350055695
626,626,3.803703546524048,3.83503794670105,2e-07,1.7859390906826063,0.01603454677388072,0.03364607074763626,0.09026730619370937,0.3096921220421791
627,627,3.868476152420044,3.869839668273926,2e-07,1.7968876880008464,0.015996272675693035,0.03429718897677958,0.09027738310396671,0.3100857436656952
628,628,3.8046352863311768,3.8304288387298584,2e-07,1.804939671383204,0.01601227093487978,0.03425253520254046,0.08975764457136393,0.3073362484574318
629,629,3.830713987350464,3.8625364303588867,2e-07,1.8101104635333791,0.01601489493623376,0.03517843096051365,0.09022476151585579,0.3113631382584572
630,630,3.8032727241516113,3.8248753547668457,2e-07,1.8172321926322412,0.016001139767467976,0.03393474640324712,0.09003384783864021,0.30968189239501953
631,631,3.834726095199585,3.8290469646453857,2e-07,1.8273060563797876,0.016012117732316256,0.03432641923427582,0.09032151941210032,0.3119661882519722
632,632,3.83685302734375,3.841973304748535,2e-07,1.8307286193763217,0.016003145836293697,0.035408470197580755,0.09037843160331249,0.31311485171318054
633,633,3.841099500656128,3.8460967540740967,2e-07,1.839739494844043,0.0160144935362041,0.034461590577848256,0.09031895454972982,0.31080569326877594
634,634,3.7741551399230957,3.8165040016174316,2e-07,1.8447894535768525,0.01601581322029233,0.03454757377039641,0.09005495999008417,0.3110918924212456
635,635,3.828932285308838,3.861895799636841,2e-07,1.8469606419042286,0.01600074814632535,0.03419554396532476,0.09024147875607014,0.30904483795166016
636,636,3.8151774406433105,3.840313196182251,2e-07,1.8511761224907017,0.01602418627589941,0.03381765098311007,0.09023587498813868,0.3108319118618965
637,637,3.8238816261291504,3.8410513401031494,2e-07,1.852193837479423,0.01600798312574625,0.03401145699899644,0.09030170273035765,0.30962761491537094
638,638,3.8308136463165283,3.827936887741089,2e-07,1.8578541279581657,0.016000833828002214,0.033942534355446696,0.09011144284158945,0.3092825710773468
639,639,3.7948074340820312,3.877204179763794,2e-07,1.862507491490361,0.016027400735765696,0.03479072323534638,0.09039693605154753,0.3115965873003006
640,640,3.837421417236328,3.8329074382781982,2e-07,1.8641024125681682,0.015992877539247274,0.03511196165345609,0.09043646976351738,0.3121817782521248
641,641,3.8072996139526367,3.8534996509552,2e-07,1.8641392231523446,0.016027029138058424,0.03432901739142835,0.09010791312903166,0.3111225739121437
642,642,3.8187336921691895,3.8023757934570312,2e-07,1.8680500258274466,0.016016539186239243,0.034321974497288465,0.09037796035408974,0.3130373954772949
643,643,3.8036670684814453,3.87628436088562,2e-07,1.746323292707799,0.015997958835214376,0.034420798532664776,0.09013487678021193,0.31042955070734024
644,644,3.81473445892334,3.8218188285827637,2e-07,1.7581439819655387,0.01600229972973466,0.034525165567174554,0.09016120061278343,0.31310537457466125
645,645,3.8175203800201416,3.8543312549591064,2e-07,1.7725838725972065,0.016011057887226343,0.03472314903046936,0.09027278050780296,0.3113754540681839
646,646,3.8490078449249268,3.8293044567108154,2e-07,1.7810849574498153,0.016007332131266594,0.034622171660885215,0.09015163034200668,0.3124250993132591
647,647,3.8211538791656494,3.850005626678467,2e-07,1.7941275090466706,0.016021418385207653,0.03454119304660708,0.09052012208849192,0.3138483688235283
648,648,3.807535409927368,3.8329944610595703,2e-07,1.8018364677089358,0.01601060153916478,0.03414471528958529,0.0900552412495017,0.3108062446117401
649,649,3.8478362560272217,3.8236284255981445,2e-07,1.8124137513290575,0.015998580493032932,0.03495486744213849,0.0902837747707963,0.31289881467819214
650,650,3.7977066040039062,3.809028148651123,2e-07,1.818721753518543,0.01601313427090645,0.033752963063307106,0.09028374310582876,0.3126455396413803
651,651,3.7901289463043213,3.80717134475708,2e-07,1.8260760777762757,0.016016483306884766,0.0349812702042982,0.09047139063477516,0.3137854188680649
652,652,3.8038148880004883,3.8147780895233154,2e-07,1.8331282077229893,0.01600990630686283,0.0342521135462448,0.09028047230094671,0.31197211146354675
653,653,3.8109583854675293,3.7746529579162598,2e-07,1.838927236094195,0.016017204616218805,0.03381553490180522,0.09027464967221022,0.3121195510029793
654,654,3.8217737674713135,3.8332085609436035,2e-07,1.7181966263464372,0.01600749557837844,0.03488430008292198,0.09028080757707357,0.3140741288661957
655,655,3.8337249755859375,3.817763328552246,2e-07,1.7322648469067392,0.016001460142433643,0.03444043081253767,0.090237095952034,0.31200528889894485
656,656,3.82326340675354,3.7871851921081543,2e-07,1.7469345155629172,0.016006072983145714,0.034034313168376684,0.09030490554869175,0.31265518069267273
657,657,3.8126416206359863,3.8011674880981445,2e-07,1.755782681430968,0.01601214287802577,0.034637742093764246,0.09053909778594971,0.3149865046143532
658,658,3.8398189544677734,3.858023166656494,2e-07,1.771376367448842,0.016018140129745007,0.03445583884604275,0.09011835884302855,0.3126559481024742
659,659,3.81520414352417,3.817215919494629,2e-07,1.7831012860151214,0.016024562064558268,0.03527407208457589,0.09028268046677113,0.3128218725323677
660,660,3.7768380641937256,3.8163959980010986,2e-07,1.7962856550793433,0.01600150903686881,0.034787781070917845,0.09074380435049534,0.3156707435846329
661,661,3.818326950073242,3.8023016452789307,2e-07,1.8038329025646793,0.016015945468097925,0.033722261781804264,0.09043215867131948,0.31337931007146835
662,662,3.788201093673706,3.80977463722229,2e-07,1.8130270672582387,0.01603122614324093,0.03379537258297205,0.09047805424779654,0.31171102076768875
663,663,3.8241586685180664,3.8077855110168457,2e-07,1.8199199306359672,0.015997673384845257,0.03528846113476902,0.09054898843169212,0.31665072590112686
664,664,3.796536445617676,3.789815664291382,2e-07,1.8276679698013931,0.015993346460163593,0.03536603949032724,0.09074272215366364,0.31540805101394653
665,665,3.850029945373535,3.8758671283721924,2e-07,1.8373656258794984,0.01602829247713089,0.035070833284407854,0.09057697281241417,0.31596076488494873
666,666,3.7746076583862305,3.8452470302581787,2e-07,1.8412992635249443,0.016009000595659018,0.0343145098304376,0.09044021088629961,0.3148345872759819
667,667,3.8072400093078613,3.823007106781006,2e-07,1.8417751943463325,0.016023591626435518,0.034495655214414,0.09064786788076162,0.31411414593458176
668,668,3.772209405899048,3.8368053436279297,2e-07,1.8487968147755929,0.01600431790575385,0.035100586246699095,0.09036457911133766,0.31527331471443176
669,669,3.818683624267578,3.823261022567749,2e-07,1.8502528770262463,0.016009523533284664,0.033609294798225164,0.0906319534406066,0.31319374591112137
670,670,3.821659564971924,3.8430304527282715,2e-07,1.8562512040266033,0.016029663383960724,0.03478729713242501,0.09079985320568085,0.31745748966932297
671,671,3.781015157699585,3.8562393188476562,2e-07,1.8595355866656889,0.01602359116077423,0.033728786278516054,0.09045944549143314,0.31412041187286377
672,672,3.8254292011260986,3.828554153442383,2e-07,1.8638943192890123,0.01601258758455515,0.03457356581930071,0.09069481305778027,0.315561905503273
673,673,3.814554214477539,3.804500102996826,2e-07,1.8661452682157131,0.015998580027371645,0.03452844999264926,0.09052829444408417,0.31556956470012665
674,674,3.8090479373931885,3.8736484050750732,2e-07,1.866224735059561,0.016021872404962778,0.03422118059825152,0.09047216735780239,0.3142748400568962
675,675,3.810478925704956,3.837482213973999,2e-07,1.8663660749585025,0.016011166851967573,0.034698660601861775,0.090727717615664,0.3160872310400009
676,676,3.7890260219573975,3.8287806510925293,2e-07,1.8654988110515685,0.016023824457079172,0.035281381802633405,0.0904962383210659,0.31619180738925934
677,677,3.8143439292907715,3.84258770942688,2e-07,1.8692570770304944,0.01602503703907132,0.034524051239714026,0.09049045294523239,0.31615474075078964
678,678,3.832184076309204,3.79097843170166,2e-07,1.8678483330276008,0.016035031527280807,0.03415079147089273,0.09065209701657295,0.31570617109537125
679,679,3.7955868244171143,3.8198113441467285,2e-07,1.8727322875587487,0.016029241494834423,0.034570360789075494,0.09058763086795807,0.3162163570523262
680,680,3.8011162281036377,3.8536529541015625,2e-07,1.8714874094375993,0.016003994271159172,0.034023884567432106,0.09065787121653557,0.3140459954738617
681,681,3.8236587047576904,3.8778960704803467,2e-07,1.8755817400608394,0.016031242441385984,0.03402839333284646,0.09073343873023987,0.31553560495376587
682,682,3.8326542377471924,3.8114571571350098,2e-07,1.8764930862123723,0.016020695213228464,0.034683914855122566,0.09088327270001173,0.31769952178001404
683,683,3.7939257621765137,3.7970032691955566,2e-07,1.879423751956418,0.016012005042284727,0.03454577154479921,0.09081421233713627,0.3175143823027611
684,684,3.807983875274658,3.8343145847320557,2e-07,1.8780199597955096,0.01599253248423338,0.03439562884159386,0.09060980752110481,0.31625326722860336
685,685,3.779331922531128,3.812490940093994,2e-07,1.8813690111577956,0.0160205215215683,0.03504132141824812,0.09050377551466227,0.31772317737340927
686,686,3.816769599914551,3.8208045959472656,2e-07,1.880737224600766,0.016003468073904514,0.03409659524913877,0.09050442185252905,0.3165297582745552
687,687,3.7960832118988037,3.8151845932006836,2e-07,1.883946338838519,0.016002804972231388,0.034640108118765056,0.09046005830168724,0.3165682181715965
688,688,3.7869069576263428,3.797323226928711,2e-07,1.8828197662486754,0.016013795975595713,0.03401982458308339,0.09059675596654415,0.314792275428772
689,689,3.7890701293945312,3.8302500247955322,2e-07,1.8852362825805657,0.016011099331080914,0.03449294657912105,0.09062378015369177,0.3167584016919136
690,690,3.7856388092041016,3.8214218616485596,2e-07,1.885182174480126,0.015987757593393326,0.035474534262903035,0.09070395026355982,0.31853389739990234
691,691,3.784907817840576,3.806816816329956,2e-07,1.8886780598887587,0.01601451402530074,0.03501316800247878,0.09073422104120255,0.3179343715310097
692,692,3.802401542663574,3.8059582710266113,2e-07,1.8864245174718117,0.016020825132727623,0.03380916849710047,0.09076551161706448,0.31750159710645676
693,693,3.7537641525268555,3.8191683292388916,2e-07,1.8882914149086734,0.016017567832022905,0.03500064299441874,0.0908465227112174,0.31816328316926956
694,694,3.7876834869384766,3.809056043624878,2e-07,1.886947275444424,0.016009886283427477,0.03496287600137293,0.09069340489804745,0.31965600699186325
695,695,3.796786069869995,3.8410825729370117,2e-07,1.8881389319882127,0.01600446179509163,0.03511443838942796,0.09105216152966022,0.3197914808988571
696,696,3.7611353397369385,3.9009127616882324,2e-07,1.8873970851104211,0.01600615493953228,0.03537897462956607,0.09073061682283878,0.31795069575309753
697,697,3.785661458969116,3.8044145107269287,2e-07,1.885911394243311,0.016001290641725063,0.03531736775767058,0.09081622119992971,0.31991324573755264
698,698,3.7561733722686768,3.7932205200195312,2e-07,1.8847107857108323,0.016009885352104902,0.03540893062017858,0.0907878102734685,0.3191400095820427
699,699,3.774376630783081,3.7790935039520264,2e-07,1.8820524976926272,0.016028546262532473,0.03594861039891839,0.09114768728613853,0.322076752781868
700,700,3.783076524734497,3.785914897918701,2e-07,1.8835584486629129,0.016003096010535955,0.0356656078947708,0.09064015932381153,0.31972064077854156
701,701,3.805419683456421,3.7888925075531006,2e-07,1.8815105412593152,0.016019150149077177,0.03555477655027062,0.090791174210608,0.32083097100257874
702,702,3.764547109603882,3.794407367706299,2e-07,1.8842495845389158,0.016009769402444363,0.035371225443668664,0.09078941866755486,0.319482758641243
703,703,3.8155620098114014,3.828411817550659,2e-07,1.889093514925308,0.016000898089259863,0.034981608390808105,0.0905627766624093,0.3196478337049484
704,704,3.7643749713897705,3.808565378189087,2e-07,1.887616893063008,0.0160200665704906,0.03455026645679027,0.09089928772300482,0.32031137496232986
705,705,3.800177574157715,3.805933952331543,2e-07,1.8843642916345427,0.016027155332267284,0.03535919007845223,0.09065157454460859,0.31997159868478775
706,706,3.816309928894043,3.8024468421936035,2e-07,1.8853861341354343,0.01602758187800646,0.03579028393141925,0.09077842812985182,0.3203848674893379
707,707,3.7686233520507812,3.8047025203704834,2e-07,1.885824424334501,0.016003663185983896,0.03476623399183154,0.09099693689495325,0.31782277673482895
708,708,3.823084831237793,3.837433099746704,2e-07,1.887120114812934,0.016009201295673847,0.03506432822905481,0.09074423182755709,0.3204246610403061
709,709,3.8200318813323975,3.8028743267059326,2e-07,1.8839270360918676,0.01602650247514248,0.03585122327785939,0.09118152968585491,0.32167694717645645
710,710,3.830298662185669,3.8484408855438232,2e-07,1.8866498487246037,0.016026353929191828,0.035460971063002944,0.09095072094351053,0.32205166667699814
711,711,3.8281822204589844,3.839644432067871,2e-07,1.8846389839565567,0.015994451940059662,0.03535995399579406,0.09107114374637604,0.32111410051584244
712,712,3.794633388519287,3.826932668685913,2e-07,1.887667485277561,0.01600629650056362,0.03574405226390809,0.09086909517645836,0.32163023948669434
713,713,3.7582993507385254,3.7807424068450928,2e-07,1.8880003101544436,0.0160210351459682,0.03440652950666845,0.09092282503843307,0.320537231862545
714,714,3.8121039867401123,3.7924981117248535,2e-07,1.8907913321800771,0.01602451130747795,0.035126973409205675,0.09069657232612371,0.31966400891542435
715,715,3.7928993701934814,3.7843399047851562,2e-07,1.8885618624281824,0.016002606600522995,0.03533630887977779,0.09072381909936666,0.31991588324308395
716,716,3.772181987762451,3.7914505004882812,2e-07,1.8894745486685633,0.016005997080355883,0.03546958905644715,0.09095222502946854,0.32203666865825653
717,717,3.822768211364746,3.818455219268799,2e-07,1.8948509930861475,0.015994921792298555,0.03512533742468804,0.09093244560062885,0.32217346131801605
718,718,3.7985613346099854,3.845273971557617,2e-07,1.8934541306996726,0.01602783054113388,0.03551795508246869,0.09063697792589664,0.3212024047970772
719,719,3.789299964904785,3.798103094100952,2e-07,1.8920776143576439,0.015996760688722134,0.03512595244683325,0.09094287641346455,0.3221306577324867
720,720,3.7858643531799316,3.785001516342163,2e-07,1.8908731202733928,0.016007771249860525,0.035704635665751994,0.09085136372596025,0.3200915828347206
721,721,3.7754931449890137,3.7787892818450928,2e-07,1.8881374449957473,0.016012231819331646,0.03560670535080135,0.09075839631259441,0.32354799658060074
722,722,3.7879390716552734,3.748162031173706,2e-07,1.8860635698224284,0.016018956899642944,0.034913172479718924,0.09103292133659124,0.32208457589149475
723,723,3.768916130065918,3.782052516937256,2e-07,1.764122297069263,0.016038341913372278,0.035090015502646565,0.09083205088973045,0.321462981402874
724,724,3.755634069442749,3.8085949420928955,2e-07,1.7727086572263047,0.016025517135858536,0.034992657136172056,0.09109610971063375,0.32153844088315964
725,725,3.7855734825134277,3.792316198348999,2e-07,1.7864259224608363,0.016024199314415455,0.03512408258393407,0.09128200728446245,0.3224685713648796
726,726,3.7544093132019043,3.844252347946167,2e-07,1.793873078305691,0.0160150364972651,0.03503447864204645,0.09082119353115559,0.32190214842557907
727,727,3.7488913536071777,3.861461877822876,2e-07,1.8059257364007049,0.015999885741621256,0.034938092925585806,0.09106665290892124,0.32083532959222794
728,728,3.7964956760406494,3.807276487350464,2e-07,1.812575144666574,0.016025126911699772,0.03477975074201822,0.09093048609793186,0.32083290070295334
729,729,3.8106837272644043,3.795372724533081,2e-07,1.8225774429645853,0.016002287156879902,0.03512789576780051,0.0909480033442378,0.3229471519589424
730,730,3.7445478439331055,3.770751476287842,2e-07,1.8257264616749005,0.01599073549732566,0.035312030115164816,0.09093941189348698,0.3223348408937454
731,731,3.7853541374206543,3.795759677886963,2e-07,1.834541376348537,0.016026527155190706,0.03583602362778038,0.09124782122671604,0.3241964653134346
732,732,3.7687387466430664,3.7490251064300537,2e-07,1.8391127525791904,0.016023443546146154,0.03516749700065702,0.091154795140028,0.32255980372428894
733,733,3.7843971252441406,3.8119418621063232,2e-07,1.8463337124352424,0.016029295045882463,0.036295656696893275,0.09126947540789843,0.32562707364559174
734,734,3.7477142810821533,3.8323583602905273,2e-07,1.8505710596492906,0.01602342166006565,0.03412490163464099,0.09104216191917658,0.3206487223505974
735,735,3.8258438110351562,3.8223931789398193,2e-07,1.855944430760795,0.016029895283281803,0.03510416566859931,0.091162602417171,0.32404761761426926
736,736,3.852905035018921,3.781529664993286,2e-07,1.8590962947840899,0.01599513227120042,0.03360221639741212,0.09094801545143127,0.32098478823900223
737,737,3.7678122520446777,3.803358554840088,2e-07,1.865312630053939,0.015988537576049566,0.0350950212450698,0.09101439453661442,0.3222072944045067
738,738,3.765343427658081,3.7820143699645996,2e-07,1.8647147305459557,0.016006446909159422,0.035409545875154436,0.09128955099731684,0.32628554105758667
739,739,3.800065279006958,3.7936785221099854,2e-07,1.8692293015798833,0.01601372379809618,0.03544214216526598,0.0910749863833189,0.32465745508670807
740,740,3.777514934539795,3.802734613418579,2e-07,1.8693820175488918,0.01603705622255802,0.034960083779878914,0.09101906698197126,0.3241012990474701
741,741,3.7153103351593018,3.782545328140259,2e-07,1.8717317924989794,0.01598960906267166,0.03518838784657419,0.091165023855865,0.3237711042165756
742,742,3.7656285762786865,3.7789113521575928,2e-07,1.8754216127570154,0.016022707801312208,0.0349522412288934,0.09121940471231937,0.3242492526769638
743,743,3.7569117546081543,3.8007819652557373,2e-07,1.8814651394748632,0.015998258255422115,0.03543924540281296,0.09108897671103477,0.324679397046566
744,744,3.781268358230591,3.822082996368408,2e-07,1.8823302694196458,0.01599671645089984,0.03581873246002942,0.09129189047962427,0.32649894058704376
745,745,3.7719075679779053,3.799049139022827,2e-07,1.8853026570633855,0.016035139560699463,0.03531456529162824,0.09132809937000275,0.32551468908786774
746,746,3.8038787841796875,3.7601659297943115,2e-07,1.882137862849799,0.01599716953933239,0.03607339027803391,0.09119168762117624,0.32531991600990295
747,747,3.759141683578491,3.783130407333374,2e-07,1.8858749190838182,0.016018477734178305,0.03583425492979586,0.09130551107227802,0.326103612780571
748,748,3.7688839435577393,3.7784948348999023,2e-07,1.8848569308448457,0.01602354785427451,0.03525040007662028,0.09129701368510723,0.3249463811516762
749,749,3.7524211406707764,3.7644202709198,2e-07,1.887461681177667,0.016008025500923395,0.035526708350516856,0.0909824650734663,0.3247772827744484
750,750,3.752136707305908,3.75724458694458,2e-07,1.8857011006262274,0.016038810834288597,0.035455134930089116,0.09139327518641949,0.3257405608892441
751,751,3.7920241355895996,3.7715864181518555,2e-07,1.8885248384999367,0.016034306958317757,0.03584743873216212,0.09111285395920277,0.3261464387178421
752,752,3.7619786262512207,3.8195812702178955,2e-07,1.8870227139289777,0.0160114043392241,0.035542842000722885,0.09142475854605436,0.32774849236011505
753,753,3.7541182041168213,3.782043695449829,2e-07,1.8895551446032304,0.01602235436439514,0.03527716302778572,0.09103919565677643,0.3258604556322098
754,754,3.80468487739563,3.8076837062835693,2e-07,1.8871621056623127,0.01599998865276575,0.034785555209964514,0.09124932251870632,0.32524261623620987
755,755,3.76897931098938,3.7416043281555176,2e-07,1.889632486751765,0.016011554282158613,0.03497779613826424,0.09105819836258888,0.3254685774445534
756,756,3.8170149326324463,3.7787821292877197,2e-07,1.768290917776904,0.016012582927942276,0.035761321312747896,0.09137705806642771,0.32768015563488007
757,757,3.8123557567596436,3.7514259815216064,2e-07,1.7798582148556927,0.01602655230090022,0.03481498558539897,0.0912945307791233,0.3265847712755203
758,758,3.7714664936065674,3.775646686553955,2e-07,1.7873795123968643,0.01599307218566537,0.03534965356811881,0.09134938567876816,0.3254266604781151
759,759,3.774883985519409,3.7864859104156494,2e-07,1.7986641932624317,0.016017377842217684,0.0352449108613655,0.09130608849227428,0.3266914561390877
760,760,3.773602247238159,3.825639247894287,2e-07,1.805083869440063,0.016020920127630234,0.03576748468913138,0.09139262232929468,0.328325092792511
761,761,3.772824764251709,3.792073965072632,2e-07,1.8154864296746658,0.015995179768651724,0.03552484966348857,0.09136253222823143,0.3254005089402199
762,762,3.7414944171905518,3.774503231048584,2e-07,1.8237478747655096,0.016004237346351147,0.03419253102038056,0.0912385918200016,0.32338815927505493
763,763,3.7875301837921143,3.7687222957611084,2e-07,1.8311378391990807,0.015994200482964516,0.0344877497991547,0.09106949251145124,0.3253665864467621
764,764,3.7646071910858154,3.7332589626312256,2e-07,1.836351427777449,0.016016097739338875,0.035641843802295625,0.09120308980345726,0.32611480355262756
765,765,3.795787811279297,3.7337756156921387,2e-07,1.7205531699214522,0.0160107403062284,0.03573026577942073,0.0915034981444478,0.3273749575018883
766,766,3.7904560565948486,3.820317268371582,2e-07,1.7372054424194774,0.016008039470762014,0.03584191168192774,0.09110387228429317,0.32891175895929337
767,767,3.8262903690338135,3.7747251987457275,2e-07,1.7545711634303154,0.016018418595194817,0.03545042430050671,0.09136667102575302,0.32766319811344147
768,768,3.74880313873291,3.7867538928985596,2e-07,1.7649426415751857,0.016017365269362926,0.03576235519722104,0.09137266501784325,0.3283001631498337
769,769,3.7691195011138916,3.721273422241211,2e-07,1.780325468871962,0.01601992826908827,0.03538978169672191,0.09116569813340902,0.3258550614118576
770,770,3.765746593475342,3.7348358631134033,2e-07,1.6695042816389105,0.016023725736886263,0.035817800904624164,0.09117784816771746,0.3275071755051613
771,771,3.757559299468994,3.8119089603424072,2e-07,1.6890725307801124,0.01601788867264986,0.03598831908311695,0.09149694722145796,0.32941587269306183
772,772,3.7527194023132324,3.752751111984253,2e-07,1.7093979232241767,0.0160216111689806,0.03562295238953084,0.09156572632491589,0.3274965360760689
773,773,3.745806932449341,3.7404532432556152,2e-07,1.720820142951563,0.016013975255191326,0.03551950247492641,0.09136808291077614,0.32691194117069244
774,774,3.796593427658081,3.7517361640930176,2e-07,1.7362351976845067,0.016007463913410902,0.036009767558425665,0.091408078558743,0.3292604014277458
775,775,3.771700859069824,3.7820627689361572,2e-07,1.7431279778007736,0.016018223017454147,0.035009543877094984,0.09115702100098133,0.32642532140016556
776,776,3.7490134239196777,3.8383193016052246,2e-07,1.7508903458464171,0.016023325733840466,0.03522886021528393,0.09135417360812426,0.3280097022652626
777,777,3.760284423828125,3.778995990753174,2e-07,1.7593891962800785,0.016015127766877413,0.03625468024984002,0.09144974313676357,0.33066844195127487
778,778,3.7234625816345215,3.8053860664367676,2e-07,1.7674556220946653,0.016013771761208773,0.03591509233228862,0.09163740370422602,0.330586776137352
779,779,3.7581183910369873,3.736003875732422,2e-07,1.7751931647344,0.016023187432438135,0.03518128325231373,0.09136500488966703,0.32739607989788055
780,780,3.7632803916931152,3.7838401794433594,2e-07,1.77964475774778,0.016013197600841522,0.03514775785151869,0.09143805596977472,0.32929303497076035
781,781,3.8049933910369873,3.7622251510620117,2e-07,1.7800559340251467,0.01600393233820796,0.03670645703095943,0.09147333446890116,0.33086346834897995
782,782,3.750655174255371,3.729179620742798,2e-07,1.782547999254535,0.016007847152650356,0.03597666183486581,0.091477713547647,0.32854636013507843
783,783,3.74609637260437,3.8098957538604736,2e-07,1.7924442011691375,0.016025600489228964,0.03589293814729899,0.091498295776546,0.3303631693124771
784,784,3.7814009189605713,3.7655224800109863,2e-07,1.794769944340413,0.01599903078749776,0.035649914178065956,0.09141305927187204,0.3295014277100563
785,785,3.7444968223571777,3.766170024871826,2e-07,1.7943245157051788,0.016013235319405794,0.03577063430566341,0.09173491224646568,0.33064424246549606
786,786,3.7521865367889404,3.7869150638580322,2e-07,1.7973130770024235,0.016012899111956358,0.03575114393606782,0.09147904999554157,0.33013662695884705
787,787,3.7462968826293945,3.75093674659729,2e-07,1.8061224437885957,0.01600001798942685,0.035837171715684235,0.0914023807272315,0.32945288717746735
788,788,3.7589683532714844,3.7722039222717285,2e-07,1.8069390116262356,0.016010263469070196,0.03602713462896645,0.09152402356266975,0.3305933326482773
789,789,3.7552237510681152,3.7971394062042236,2e-07,1.8056570744653115,0.016025570686906576,0.035927026183344424,0.09160532336682081,0.33113188296556473
790,790,3.7639858722686768,3.7737033367156982,2e-07,1.8077697647041886,0.015999125316739082,0.03590349212754518,0.0918261706829071,0.33009783178567886
791,791,3.8140244483947754,3.7664365768432617,2e-07,1.8108046291959798,0.015998402144759893,0.03605741809587926,0.09161829296499491,0.3311665430665016
792,792,3.7458012104034424,3.7479147911071777,2e-07,1.813686905785055,0.016036944929510355,0.035484993597492576,0.09157060086727142,0.3303428441286087
793,793,3.7586686611175537,3.767564058303833,2e-07,1.8169513728621203,0.01601455919444561,0.03587037918623537,0.09167865384370089,0.33119235932826996
794,794,3.7459259033203125,3.7632219791412354,2e-07,1.820020157404827,0.0160000785253942,0.03583990840706974,0.09191845450550318,0.33020244538784027
795,795,3.773397922515869,3.7643392086029053,2e-07,1.8219015318313814,0.0160104688256979,0.035933289444074035,0.09175891149789095,0.3309001103043556
796,796,3.748823642730713,3.7251946926116943,2e-07,1.8271742618724045,0.016017897985875607,0.035879983683116734,0.0917044235393405,0.33138446509838104
797,797,3.76082706451416,3.797104835510254,2e-07,1.8241842630793315,0.016024143435060978,0.03574105491861701,0.09157525934278965,0.33036284148693085
798,798,3.719496965408325,3.7983226776123047,2e-07,1.8225865328830588,0.016028305049985647,0.035395665327087045,0.09170889388769865,0.3316364958882332
799,799,3.7907087802886963,3.7690114974975586,2e-07,1.8245698529362826,0.016032314393669367,0.03575619892217219,0.09177831560373306,0.3313988819718361
800,800,3.7733280658721924,3.7473554611206055,2e-07,1.8243246951861518,0.0160101018846035,0.03587041422724724,0.09181004762649536,0.3329435884952545
801,801,3.7980399131774902,3.879246711730957,2e-07,1.826973090235539,0.016015428118407726,0.03506893175654113,0.09168269950896502,0.33068200945854187
802,802,3.7294692993164062,3.7466390132904053,2e-07,1.825608600343829,0.016013285145163536,0.035956177744083107,0.0916979480534792,0.3320992887020111
803,803,3.7623817920684814,3.7969601154327393,2e-07,1.8253355797118356,0.016013480257242918,0.03481294657103717,0.09156724158674479,0.3300333842635155
804,804,3.758511781692505,3.776578664779663,2e-07,1.830234751370883,0.01601296989247203,0.035941812209784985,0.0916964691132307,0.33260446786880493
805,805,3.757427453994751,3.7809038162231445,2e-07,1.8287248726711751,0.01601689774543047,0.03705603862181306,0.09172532521188259,0.3342653587460518
806,806,3.7405903339385986,3.7596731185913086,2e-07,1.8293458322099023,0.01601350586861372,0.036819255095906556,0.0920138955116272,0.33565589040517807
807,807,3.7536780834198,3.7804384231567383,2e-07,1.8312611466055622,0.016026477329432964,0.035788678331300616,0.09209581557661295,0.3317437246441841
808,808,3.726107597351074,3.770564317703247,2e-07,1.8300093740008783,0.01601722789928317,0.03657628397922963,0.09188087657094002,0.3345007225871086
809,809,3.749828815460205,3.822995901107788,2e-07,1.8352729264753898,0.01600933726876974,0.03608215425629169,0.09185970760881901,0.33484872430562973
810,810,3.8026375770568848,3.7183756828308105,2e-07,1.831351172052409,0.016007807105779648,0.035949998535215855,0.09193938691169024,0.33380596339702606
811,811,3.7494442462921143,3.7647364139556885,2e-07,1.7086695263735026,0.016004858072847128,0.03601425688248128,0.09195353463292122,0.3329814225435257
812,812,3.732773542404175,3.7471563816070557,2e-07,1.7173582958475864,0.0160183091647923,0.03626553248614073,0.0919071976095438,0.33421701192855835
813,813,3.7405755519866943,3.777937412261963,2e-07,1.7279331215910454,0.016002135816961527,0.03642103145830333,0.09212085697799921,0.33510682731866837
814,814,3.7662878036499023,3.727673292160034,2e-07,1.7365046149701313,0.016015693079680204,0.03645068337209523,0.0919318376109004,0.334670752286911
815,815,3.7655417919158936,3.7221033573150635,2e-07,1.7460379862171531,0.015998640097677708,0.03642431343905628,0.09204740356653929,0.33464591950178146
816,816,3.7356925010681152,3.768186569213867,2e-07,1.757183789280233,0.016024552285671234,0.03692097682505846,0.09175252355635166,0.33580365031957626
817,817,3.7486698627471924,3.730656862258911,2e-07,1.7705629379553118,0.016017336398363113,0.03598624037113041,0.09196447115391493,0.33307263255119324
818,818,3.739696502685547,3.781001567840576,2e-07,1.7740583730348485,0.016005332116037607,0.035800494137220085,0.09187116380780935,0.33320050686597824
819,819,3.7940266132354736,3.7518763542175293,2e-07,1.7764002940733956,0.015997647307813168,0.036526804440654814,0.09191945847123861,0.3351193591952324
820,820,3.7248151302337646,3.8193209171295166,2e-07,1.7816546620473717,0.016008750069886446,0.036008559400215745,0.09173881728202105,0.33405691385269165
821,821,3.8144192695617676,3.713143825531006,2e-07,1.789634434545257,0.01600001286715269,0.03689704881981015,0.09188935719430447,0.33610033988952637
822,822,3.6972172260284424,3.7317821979522705,2e-07,1.6757621051563913,0.01601663278415799,0.036049629328772426,0.0915693873539567,0.33148445934057236
823,823,3.7419793605804443,3.768545627593994,2e-07,1.6890290408657402,0.016020968090742826,0.0366055864142254,0.09203526191413403,0.3373679891228676
824,824,3.7333998680114746,3.7456443309783936,2e-07,1.7104032080717586,0.01601753570139408,0.03699832933489233,0.09192079305648804,0.3352771922945976
825,825,3.7436258792877197,3.7283284664154053,2e-07,1.7193160610413518,0.016018984373658895,0.036508077406324446,0.09184421692043543,0.3351607844233513
826,826,3.7476634979248047,3.7715749740600586,2e-07,1.7307662432257949,0.01600006688386202,0.03676211216952652,0.09186817612498999,0.33534424006938934
827,827,3.707188606262207,3.7684824466705322,2e-07,1.7450480111268762,0.015999913681298494,0.03642106766346842,0.09190798085182905,0.33537793159484863
828,828,3.739678382873535,3.741076707839966,2e-07,1.7530175467676186,0.016012127976864576,0.03665530902799219,0.09168033394962549,0.3365734741091728
829,829,3.747459650039673,3.778925657272339,2e-07,1.757212508655729,0.01602125633507967,0.03604690497741103,0.09171530045568943,0.3334701210260391
830,830,3.755431890487671,3.795280933380127,2e-07,1.764215488833755,0.01602393202483654,0.03674175648484379,0.0921945758163929,0.3369276225566864
831,831,3.7260568141937256,3.836700201034546,2e-07,1.7749016278083218,0.016031875740736723,0.03691095393151045,0.09182274807244539,0.33634283393621445
832,832,3.7434685230255127,3.730626344680786,2e-07,1.7779762501943532,0.016021914780139923,0.03691320586949587,0.09192967601120472,0.3345671817660332
833,833,3.7384939193725586,3.770972967147827,2e-07,1.781743130191513,0.016025337856262922,0.035881326417438686,0.09176724590361118,0.3347095623612404
834,834,3.7384376525878906,3.7152981758117676,2e-07,1.791843446565142,0.01601199945434928,0.0366522433469072,0.09188569895923138,0.335453525185585
835,835,3.747356414794922,3.768059253692627,2e-07,1.7920968516949676,0.01599637372419238,0.03601375303696841,0.09202615730464458,0.3369937166571617
836,836,3.7254815101623535,3.74190092086792,2e-07,1.7970437285236962,0.01601648749783635,0.035994467325508595,0.0921815074980259,0.33593670278787613
837,837,3.7542994022369385,3.747058629989624,2e-07,1.8046435388828996,0.016026918310672045,0.03584887343458831,0.09191585145890713,0.33506420999765396
838,838,3.745225667953491,3.738950490951538,2e-07,1.8057003216422463,0.01603695098310709,0.0361163339111954,0.09219390898942947,0.3356887027621269
839,839,3.759586811065674,3.719043493270874,2e-07,1.8040995285931263,0.01602560980245471,0.03641355782747269,0.09212693758308887,0.3367024213075638
840,840,3.740046262741089,3.76179575920105,2e-07,1.8081668393060006,0.016026341821998358,0.035708956071175635,0.09205071814358234,0.33626093715429306
841,841,3.770430088043213,3.7214701175689697,2e-07,1.8093343272194917,0.016007803846150637,0.03515841835178435,0.09207575209438801,0.33204081654548645
842,842,3.747795343399048,3.77319073677063,2e-07,1.80954766378905,0.016032383777201176,0.036068437388166785,0.09206479415297508,0.33720945566892624
843,843,3.7321557998657227,3.827608585357666,2e-07,1.8120728609735175,0.016019368544220924,0.03727626183535904,0.09233382157981396,0.3399995267391205
844,844,3.697758436203003,3.831070899963379,2e-07,1.8144534598944686,0.016024417243897915,0.03624456899706274,0.09223290532827377,0.33816172182559967
845,845,3.725353956222534,3.755350351333618,2e-07,1.8284816401406518,0.016026402823626995,0.036174154840409756,0.09218430146574974,0.33684447407722473
846,846,3.736962080001831,3.720733404159546,2e-07,1.8289268042404452,0.016011365689337254,0.03699035570025444,0.0924031101167202,0.33870090544223785
847,847,3.739217519760132,3.7683119773864746,2e-07,1.8271189613052643,0.016020636074244976,0.035800243145786226,0.09222657512873411,0.338079996407032
848,848,3.732389211654663,3.7296106815338135,2e-07,1.8307447953823834,0.016012920066714287,0.035813514376059175,0.09211184736341238,0.33664415031671524
849,849,3.70247220993042,3.767488479614258,2e-07,1.830627889183105,0.01601332426071167,0.03703122853767127,0.09226769581437111,0.33992838859558105
850,850,3.768254518508911,3.76462984085083,2e-07,1.8278895794656358,0.016021570190787315,0.03624509216751903,0.09223317820578814,0.3380589261651039
851,851,3.7246530055999756,3.7663087844848633,2e-07,1.824128519840704,0.016004813835024834,0.036696288152597845,0.09223148971796036,0.3382105901837349
852,852,3.720582962036133,3.8278040885925293,2e-07,1.8223644314365413,0.01600655261427164,0.03690424875821918,0.09255711361765862,0.34048211574554443
853,853,3.700929641723633,3.775526523590088,2e-07,1.8230204719323264,0.016006404533982277,0.0361665659584105,0.09204623755067587,0.3369949087500572
854,854,3.7516238689422607,3.7642099857330322,2e-07,1.8244452526041022,0.015994674991816282,0.03703594778198749,0.09231204818934202,0.34051238745450974
855,855,3.7920327186584473,3.7404448986053467,2e-07,1.8200384331642936,0.01603271532803774,0.036374264396727085,0.09221645258367062,0.33845238387584686
856,856,3.6830155849456787,3.7412965297698975,2e-07,1.8195123788394705,0.016015024855732918,0.03675009123980999,0.09230305347591639,0.33970601856708527
857,857,3.7143309116363525,3.6922402381896973,2e-07,1.8250340775337843,0.01600959338247776,0.03597397415433079,0.09215331729501486,0.33740685135126114
858,858,3.707808017730713,3.756706714630127,2e-07,1.7083579400625535,0.016031809616833925,0.03628908307291567,0.09199590515345335,0.33825113624334335
859,859,3.7703375816345215,3.7259457111358643,2e-07,1.718355937389958,0.015993168111890554,0.03623985836748034,0.09215534571558237,0.3375873416662216
860,860,3.7394514083862305,3.823300838470459,2e-07,1.7295583859047143,0.01600892748683691,0.03707075014244765,0.09234701190143824,0.3399310037493706
861,861,3.715369939804077,3.7590019702911377,2e-07,1.7402579477359799,0.01602088613435626,0.03679558145813644,0.09252727124840021,0.34219840914011
862,862,3.682152271270752,3.764136791229248,2e-07,1.7502684969364548,0.01601873291656375,0.036914154421538115,0.09229291789233685,0.3403692692518234
863,863,3.6843016147613525,3.735196113586426,2e-07,1.7577236042391506,0.015996722038835287,0.036172562977299094,0.09243180137127638,0.340299054980278
864,864,3.711073875427246,3.7358179092407227,2e-07,1.7657495547043978,0.01601609867066145,0.03610409423708916,0.0925733745098114,0.33784033358097076
865,865,3.7378029823303223,3.756368398666382,2e-07,1.7740929438409019,0.016009153332561255,0.036111585912294686,0.09253510739654303,0.34029102325439453
866,866,3.7421669960021973,3.7298152446746826,2e-07,1.778361386952005,0.01602912787348032,0.03706433391198516,0.0922081908211112,0.340006522834301
867,867,3.755521297454834,3.7181851863861084,2e-07,1.7828263962551938,0.015980752650648355,0.036663546692579985,0.09215864259749651,0.3403050824999809
868,868,3.696030616760254,3.770512580871582,2e-07,1.7845339921248606,0.016019261442124844,0.03744341339915991,0.09234577976167202,0.3420059084892273
869,869,3.7328643798828125,3.74200439453125,2e-07,1.785130498351194,0.016018655616790056,0.037567765451967716,0.09250135906040668,0.3426826745271683
870,870,3.720956563949585,3.743457317352295,2e-07,1.7893875359224882,0.0160175827331841,0.03774078714195639,0.09238163009285927,0.34226029366254807
871,871,3.759779691696167,3.783881187438965,2e-07,1.7939345241834577,0.016019155271351337,0.037578796152956784,0.09263825044035912,0.34245356172323227
872,872,3.6884021759033203,3.7361464500427246,2e-07,1.7984205929835257,0.01600515516474843,0.03651462821289897,0.092432945035398,0.34170710295438766
873,873,3.7331395149230957,3.7641968727111816,2e-07,1.7992870627879558,0.01598797319456935,0.03661960503086448,0.09249736368656158,0.3412018418312073
874,874,3.7202374935150146,3.7851855754852295,2e-07,1.80242898964144,0.0160064660012722,0.036803398630581796,0.09247095603495836,0.34211204946041107
875,875,3.7334682941436768,3.7164807319641113,2e-07,1.805795189472808,0.01601741136983037,0.037114223814569414,0.09236845839768648,0.34265197068452835
876,876,3.728362560272217,3.767265796661377,2e-07,1.8091261478922944,0.016015274915844202,0.035960586625151336,0.09232222381979227,0.33747394382953644
877,877,3.701076030731201,3.728581190109253,2e-07,1.8112669107952422,0.01600124128162861,0.03767147974576801,0.0923986816778779,0.3422774523496628
878,878,3.7775731086730957,3.710855007171631,2e-07,1.8119407852164573,0.016019928734749556,0.03657383192330599,0.09242707397788763,0.3412496745586395
879,879,3.7037851810455322,3.827779769897461,2e-07,1.8112108207719122,0.01601491030305624,0.036898469435982406,0.09254081174731255,0.3422294929623604
880,880,3.705090284347534,3.766317129135132,2e-07,1.8103900364876253,0.016027549747377634,0.03617489349562675,0.0924406023696065,0.3410300090909004
881,881,3.7638132572174072,3.7424919605255127,2e-07,1.8174372457834185,0.016028829850256443,0.03653559472877532,0.09258960094302893,0.34252314269542694
882,882,3.705411911010742,3.71799898147583,2e-07,1.824985597803417,0.016024569980800152,0.03709650656674057,0.09248696640133858,0.3418866991996765
883,883,3.7443783283233643,3.7286102771759033,2e-07,1.8259323394886093,0.016006875317543745,0.03702780918683857,0.09268312528729439,0.3422023132443428
884,884,3.7120494842529297,3.7370758056640625,2e-07,1.8279469124802914,0.016019923612475395,0.03713513957336545,0.09259787760674953,0.34316930919885635
885,885,3.7451303005218506,3.7498950958251953,2e-07,1.8273868456764264,0.01602297881618142,0.03742844646330923,0.09281170833855867,0.34313805401325226
886,886,3.738438844680786,3.738912343978882,2e-07,1.8265262881918578,0.016015924513339996,0.03630438644904643,0.09284354839473963,0.34086383879184723
887,887,3.7384464740753174,3.7290456295013428,2e-07,1.8275136233245268,0.016017403919249773,0.037404035683721304,0.09264248516410589,0.3441607654094696
888,888,3.6911122798919678,3.7652971744537354,2e-07,1.8373051593379202,0.015995731111615896,0.0376203702762723,0.09273954853415489,0.34491750597953796
889,889,3.7752511501312256,3.7748804092407227,2e-07,1.8374580335711654,0.01600960362702608,0.03748473012819886,0.09259868692606688,0.34472307562828064
890,890,3.7209386825561523,3.754636526107788,2e-07,1.8406858165231914,0.016035398934036493,0.036256444873288274,0.09257597755640745,0.34259574115276337
891,891,3.687830686569214,3.7765917778015137,2e-07,1.8383875503789116,0.015993508510291576,0.037225402193143964,0.09270522836595774,0.3435576483607292
892,892,3.7469544410705566,3.7202041149139404,2e-07,1.838209985108041,0.016023852862417698,0.03681507345754653,0.09244470950216055,0.34312252700328827
893,893,3.726038694381714,3.7768630981445312,2e-07,1.832497445969308,0.01601408701390028,0.03703522705473006,0.09267558157444,0.344035267829895
894,894,3.774103879928589,3.7540841102600098,2e-07,1.8299282104632046,0.016015610191971064,0.0370839819079265,0.09280755557119846,0.3444788455963135
895,895,3.7311761379241943,3.798112392425537,2e-07,1.834831542763736,0.016006877180188894,0.03736399917397648,0.09276664908975363,0.3454953357577324
896,896,3.7392306327819824,3.729602813720703,2e-07,1.8363469783513304,0.016022032592445612,0.037582451244816184,0.09288306068629026,0.34634750336408615
897,897,3.783416748046875,3.735053300857544,2e-07,1.836049828046931,0.016026117838919163,0.036462536081671715,0.09246649872511625,0.34337517619132996
898,898,3.669686794281006,3.7342581748962402,2e-07,1.837592366760564,0.01601466489955783,0.037273760070092976,0.09279236383736134,0.34436947852373123
899,899,3.709961414337158,3.7091283798217773,2e-07,1.8356336955852468,0.016028888523578644,0.036966072977520525,0.09277383144944906,0.34517059475183487
900,900,3.687864303588867,3.732961416244507,2e-07,1.8355945991151048,0.015999989118427038,0.03736076352652162,0.09278240986168385,0.34560292214155197
901,901,3.7755210399627686,3.6962738037109375,2e-07,1.8350406021806394,0.0160138881765306,0.037002337630838156,0.09283214714378119,0.344715841114521
902,902,3.741119861602783,3.7204949855804443,2e-07,1.8338376899609647,0.016015362925827503,0.037089295918121934,0.09290484338998795,0.34546662122011185
903,903,3.6694252490997314,3.713026285171509,2e-07,1.836958666786776,0.0160359600558877,0.03707009495701641,0.09280330408364534,0.3450138345360756
904,904,3.726487874984741,3.744614839553833,2e-07,1.8354100673959015,0.016020779497921467,0.036843508714810014,0.09272412676364183,0.343652106821537
905,905,3.7171900272369385,3.74531626701355,2e-07,1.8356113395985418,0.01602558931335807,0.03717860800679773,0.09268778935074806,0.34522029012441635
906,906,3.693608283996582,3.7234995365142822,2e-07,1.836206767636913,0.01601835060864687,0.037260152865201235,0.09289513528347015,0.3451743349432945
907,907,3.71140456199646,3.7039437294006348,2e-07,1.8351442853181743,0.016011742409318686,0.0375716044800356,0.09298665076494217,0.34605877101421356
908,908,3.7014901638031006,3.7275311946868896,2e-07,1.8354706974710466,0.01602565450593829,0.037087444914504886,0.09277028497308493,0.34567005187273026
909,909,3.7360613346099854,3.7200915813446045,2e-07,1.8374051554889717,0.016011287923902273,0.03704561339691281,0.09289787523448467,0.3459424003958702
910,910,3.716726779937744,3.7128047943115234,2e-07,1.842048845763744,0.01601887820288539,0.03753759409300983,0.09289770387113094,0.3474702090024948
911,911,3.6853995323181152,3.7341206073760986,2e-07,1.839069614067031,0.016013640444725752,0.03698497195728123,0.09274576604366302,0.3459274396300316
912,912,3.6862285137176514,3.7405686378479004,2e-07,1.8349806805909221,0.016012499574571848,0.03801628132350743,0.09312256518751383,0.34948690980672836
913,913,3.696884870529175,3.680825710296631,2e-07,1.8342087537977991,0.016027649864554405,0.03755266056396067,0.09299860708415508,0.3473462164402008
914,914,3.7159500122070312,3.6604254245758057,2e-07,1.7176104687240452,0.016005191020667553,0.036524313618429005,0.09264186955988407,0.34413817524909973
915,915,3.7038021087646484,3.7158195972442627,2e-07,1.6129307758823035,0.01600998407229781,0.0377715362701565,0.0930507043376565,0.3484077528119087
916,916,3.6880042552948,3.746544599533081,2e-07,1.631943575836239,0.016021715477108955,0.03585984092205763,0.09272728208452463,0.3436995893716812
917,917,3.7144832611083984,3.738835334777832,2e-07,1.6524992237080525,0.016052021645009518,0.03694714733865112,0.09277076739817858,0.3446049466729164
918,918,3.6753973960876465,3.6907639503479004,2e-07,1.6677003736766327,0.015999002382159233,0.03804124309681356,0.0930312480777502,0.348006896674633
919,919,3.715815305709839,3.688289165496826,2e-07,1.681299475154217,0.01600412605330348,0.03740846109576523,0.09276917017996311,0.3471985384821892
920,920,3.7308294773101807,3.734079599380493,2e-07,1.7023468743164751,0.016006821766495705,0.03769951732829213,0.09322314616292715,0.3490973636507988
921,921,3.7012827396392822,3.745572566986084,2e-07,1.7117029618980566,0.01601874502375722,0.03766731941141188,0.09308930300176144,0.3483800068497658
922,922,3.6954305171966553,3.7258126735687256,2e-07,1.721119837483324,0.016011071391403675,0.037229194422252476,0.09320589061826468,0.3477867841720581
923,923,3.745788812637329,3.724172830581665,2e-07,1.7313489391836505,0.016029322519898415,0.03762117924634367,0.09308946132659912,0.34893401712179184
924,924,3.691788673400879,3.675287961959839,2e-07,1.7421806572253487,0.015996441710740328,0.03697013936471194,0.09334101155400276,0.34874389320611954
925,925,3.6908926963806152,3.692739725112915,2e-07,1.7516430817237867,0.016017929650843143,0.037089169141836464,0.09292629640549421,0.34695933759212494
926,926,3.7146387100219727,3.7402145862579346,2e-07,1.759530234173254,0.01599389361217618,0.03844272380229086,0.09312317706644535,0.34974874556064606
927,927,3.7297215461730957,3.773090362548828,2e-07,1.7676251818721618,0.01601431891322136,0.03756250999867916,0.0930433226749301,0.3492517024278641
928,928,3.6989636421203613,3.7175896167755127,2e-07,1.7699345816520953,0.016007124446332455,0.03654141677543521,0.09286376740783453,0.3464798778295517
929,929,3.711012363433838,3.663914680480957,2e-07,1.7789219684246138,0.01601636502891779,0.037814846844412386,0.09321603830903769,0.348690502345562
930,930,3.6769895553588867,3.6977977752685547,2e-07,1.7841349253559329,0.016016678418964148,0.037333748885430396,0.09286012873053551,0.34751736372709274
931,931,3.738694190979004,3.7187483310699463,2e-07,1.785988259368514,0.01601239573210478,0.036857567727565765,0.09305260702967644,0.34616390615701675
932,932,3.7144079208374023,3.6902198791503906,2e-07,1.786483369340281,0.015999190043658018,0.03736237296834588,0.09293866250663996,0.3485531583428383
933,933,3.738591194152832,3.6568562984466553,2e-07,1.7977214164944841,0.01600960548967123,0.03774370171595365,0.09309663251042366,0.3509020283818245
934,934,3.678748369216919,3.739750862121582,2e-07,1.674892363099386,0.01602466916665435,0.03652606171090156,0.09287681616842747,0.3465244621038437
935,935,3.6642565727233887,3.6998202800750732,2e-07,1.6919232349850595,0.016025781631469727,0.03641500056255609,0.0926916366443038,0.3435121402144432
936,936,3.6834752559661865,3.7317638397216797,2e-07,1.707282191910348,0.016013280022889376,0.03731758124195039,0.09297948703169823,0.34955577552318573
937,937,3.7448668479919434,3.6850438117980957,2e-07,1.7195766821039011,0.016053852159529924,0.03767856303602457,0.09323075413703918,0.34871068596839905
938,938,3.6983039379119873,3.713449478149414,2e-07,1.7355515318916783,0.016019899863749743,0.036895861849188805,0.09306652098894119,0.34859880059957504
939,939,3.6958587169647217,3.7212860584259033,2e-07,1.7417755666492885,0.016017272602766752,0.03773160558193922,0.09323209524154663,0.350366048514843
940,940,3.776958465576172,3.7476818561553955,2e-07,1.750636052238112,0.016009552404284477,0.03732160176150501,0.09310080669820309,0.3495619669556618
941,941,3.6896650791168213,3.7754273414611816,2e-07,1.7635656040541556,0.016031840816140175,0.03845295950304717,0.09297197498381138,0.3488141670823097
942,942,3.7101364135742188,3.7155423164367676,2e-07,1.7671492494296221,0.016025381162762642,0.03858879045583308,0.09324265737086535,0.3527894467115402
943,943,3.7161426544189453,3.7052512168884277,2e-07,1.7781246770083785,0.015994342975318432,0.03739896568004042,0.0933054257184267,0.34879927337169647
944,944,3.705897092819214,3.8117873668670654,2e-07,1.7862712889085488,0.015990366227924824,0.037248324952088296,0.09308779891580343,0.3493887409567833
945,945,3.698622465133667,3.695774555206299,2e-07,1.7927269843991671,0.016020784620195627,0.0377175104804337,0.09314655605703592,0.35089127719402313
946,946,3.70074725151062,3.7223379611968994,2e-07,1.7960353640620534,0.01601407863199711,0.038000731146894395,0.09308480378240347,0.35137832164764404
947,947,3.7015604972839355,3.7088165283203125,2e-07,1.8000910876005527,0.016003760509192944,0.0375351351685822,0.09344741329550743,0.3507516011595726
948,948,3.6857941150665283,3.761378526687622,2e-07,1.7982666972630061,0.0160326287150383,0.038394550676457584,0.0934821842238307,0.3532501086592674
949,949,3.6995275020599365,3.728121280670166,2e-07,1.8008020395865096,0.016030256636440754,0.038225200260058045,0.09333383850753307,0.35211949795484543
950,950,3.733760356903076,3.763201951980591,2e-07,1.807517584024148,0.01603307481855154,0.03814963437616825,0.09321023616939783,0.35224366933107376
951,951,3.671797752380371,3.706752300262451,2e-07,1.806330770854295,0.016024960204958916,0.038923522690311074,0.0934838093817234,0.3541758134961128
952,952,3.663221836090088,3.66341233253479,2e-07,1.8063800705901512,0.016027879435569048,0.03714431950356811,0.09293862245976925,0.34996840357780457
953,953,3.694427490234375,3.7037034034729004,2e-07,1.8161206866692954,0.016014285385608673,0.03809356689453125,0.09334414266049862,0.352918416261673
954,954,3.678534507751465,3.6937639713287354,2e-07,1.8140016480081942,0.01602234598249197,0.03827222518157214,0.09312428627163172,0.3512369766831398
955,955,3.6918416023254395,3.7002923488616943,2e-07,1.8140001690072995,0.016024931333959103,0.03748561616521329,0.09316870849579573,0.3513878732919693
956,956,3.6972100734710693,3.67252254486084,2e-07,1.8150078388721433,0.016002399381250143,0.037885375088080764,0.0935562402009964,0.35127875953912735
957,957,3.6719324588775635,3.8014299869537354,2e-07,1.8197217035076592,0.01599020976573229,0.037864881567656994,0.09344376809895039,0.35204702615737915
958,958,3.708714485168457,3.7840394973754883,2e-07,1.8194272706520866,0.016023695934563875,0.03729019279126078,0.09338456206023693,0.35126087814569473
959,959,3.7098886966705322,3.6921441555023193,2e-07,1.8197723829892678,0.016008395235985518,0.037914410000666976,0.09326046798378229,0.3524508848786354
960,960,3.7470016479492188,3.6956095695495605,2e-07,1.8196411040629683,0.016028739046305418,0.03793171886354685,0.09345290716737509,0.35133931785821915
961,961,3.6473965644836426,3.686952829360962,2e-07,1.818812499469737,0.016011108178645372,0.0384365008212626,0.09352706652134657,0.3540276661515236
962,962,3.682760715484619,3.6973931789398193,2e-07,1.8165792455034155,0.01600940991193056,0.03830242250114679,0.09366907458752394,0.35280051082372665
963,963,3.689990282058716,3.6934900283813477,2e-07,1.8151769931811266,0.016025938093662262,0.037802766310051084,0.09340086206793785,0.35201724618673325
964,964,3.6529629230499268,3.7400171756744385,2e-07,1.8155374209460877,0.016029360704123974,0.03834575426299125,0.09331871289759874,0.3534078076481819
965,965,3.6559534072875977,3.7384064197540283,2e-07,1.8176024218937579,0.016032489016652107,0.03741893207188696,0.09337443299591541,0.3516734316945076
966,966,3.6794307231903076,3.749056339263916,2e-07,1.8139578990307745,0.01600380288437009,0.03762639488559216,0.09331874921917915,0.3507424667477608
967,967,3.6772189140319824,3.7449448108673096,2e-07,1.81139767568834,0.01601366652175784,0.03804033901542425,0.09360742568969727,0.3527740463614464
968,968,3.725877285003662,3.706833600997925,2e-07,1.8132231421161937,0.016029535327106714,0.03766245290171355,0.09352835826575756,0.3511725813150406
969,969,3.7083513736724854,3.7592098712921143,2e-07,1.8161933088355608,0.016019540838897228,0.0375808235257864,0.09314356278628111,0.35107891261577606
970,970,3.69885516166687,3.767549991607666,2e-07,1.8181637912929447,0.01601743185892701,0.036838917643763125,0.09340374730527401,0.3516042232513428
971,971,3.6851327419281006,3.6729373931884766,2e-07,1.8190640027171419,0.016023017466068268,0.03763005242217332,0.09360980335623026,0.3552236631512642
972,972,3.7403512001037598,3.7566165924072266,2e-07,1.820701147220578,0.016036829445511103,0.038262088084593415,0.09364310000091791,0.3535804897546768
973,973,3.6717917919158936,3.7660634517669678,2e-07,1.8168938933458094,0.01602445589378476,0.03796948352828622,0.09333366993814707,0.3534207120537758
974,974,3.642960786819458,3.6662678718566895,2e-07,1.816101927698524,0.016035223845392466,0.037965328083373606,0.09364462736994028,0.35299013555049896
975,975,3.676917791366577,3.746492862701416,2e-07,1.8221820874503902,0.016006343066692352,0.038116013747639954,0.09345053415745497,0.3535627946257591
976,976,3.707169532775879,3.6908669471740723,2e-07,1.820254877683541,0.01600676029920578,0.03764309955295175,0.09366869367659092,0.3536437898874283
977,977,3.702117443084717,3.6750118732452393,2e-07,1.818576196173442,0.015999434981495142,0.037638687528669834,0.09363647922873497,0.352663055062294
978,978,3.704880952835083,3.6781046390533447,2e-07,1.8196818953282112,0.016002020798623562,0.03797777579165995,0.09332737047225237,0.35329877585172653
979,979,3.6761274337768555,3.701550245285034,2e-07,1.81935368344158,0.016025515273213387,0.037829848821274936,0.09366792533546686,0.3529251590371132
980,980,3.671537160873413,3.7172164916992188,2e-07,1.8173955772547945,0.01601852709427476,0.03860048344358802,0.0937574990093708,0.3549664244055748
981,981,3.6816952228546143,3.7326066493988037,2e-07,1.8148821768745587,0.01602188078686595,0.038705618819221854,0.09369655698537827,0.3550121560692787
982,982,3.6696102619171143,3.700042247772217,2e-07,1.8176339904819019,0.016005659475922585,0.037590331747196615,0.0935161430388689,0.35301893949508667
983,983,3.6888368129730225,3.747239351272583,2e-07,1.8177033085855494,0.016011306550353765,0.0375854829326272,0.09385211393237114,0.3546045795083046
984,984,3.7092554569244385,3.7377474308013916,2e-07,1.8214066326781033,0.01601910637691617,0.03865978727117181,0.09375243354588747,0.3562675788998604
985,985,3.6960225105285645,3.775033473968506,2e-07,1.820561171917658,0.016019409522414207,0.038219649461098015,0.09402286540716887,0.35526417940855026
986,986,3.739297389984131,3.73240065574646,2e-07,1.8269867689539347,0.01602811785414815,0.03823902364820242,0.0937504954636097,0.35530392825603485
987,987,3.6782357692718506,3.720053195953369,2e-07,1.8243376580666746,0.016024493146687746,0.038447722559794784,0.09378370642662048,0.35625316947698593
988,988,3.6891350746154785,3.6931426525115967,2e-07,1.8245193066083527,0.016012482810765505,0.038944580825045705,0.09375388734042645,0.35712164640426636
989,989,3.672322988510132,3.745647430419922,2e-07,1.8301333515117262,0.016002201940864325,0.0386982400668785,0.09382282011210918,0.35747958719730377
990,990,3.656877040863037,3.6483941078186035,2e-07,1.826921396529026,0.016024345997720957,0.03738346276804805,0.09359799884259701,0.35414596647024155
991,991,3.7045910358428955,3.7108936309814453,2e-07,1.7093640319970946,0.0160070164129138,0.03898076550103724,0.09380602743476629,0.3581474721431732
992,992,3.6821670532226562,3.70961594581604,2e-07,1.718291916691122,0.016008941922336817,0.037903757649473846,0.09345577657222748,0.35450229048728943
993,993,3.6864356994628906,3.681243419647217,2e-07,1.7289237278816323,0.01599321188405156,0.03817276214249432,0.09382162429392338,0.3561367392539978
994,994,3.676257610321045,3.6463329792022705,2e-07,1.7379643827800983,0.016030464321374893,0.038538499968126416,0.09392500389367342,0.35834193229675293
995,995,3.673788547515869,3.675096035003662,2e-07,1.6308864668605125,0.01601411821320653,0.038359890575520694,0.09373064059764147,0.3567824512720108
996,996,3.6808974742889404,3.6814281940460205,2e-07,1.6504208665534974,0.016029967926442623,0.03759454004466534,0.09372755791991949,0.35561453551054
997,997,3.637244462966919,3.725271701812744,2e-07,1.6670017707326246,0.01601931033656001,0.037304478231817484,0.09386249724775553,0.3535638153553009
998,998,3.6570937633514404,3.650954008102417,2e-07,1.6801344221889936,0.016005083918571472,0.03812779486179352,0.09399086236953735,0.35636006295681
999,999,3.6519792079925537,3.671497344970703,2e-07,1.69124795294492,0.016022175084799528,0.03854990005493164,0.09394367597997189,0.3575027212500572
1000,1000,3.660590410232544,3.6607298851013184,2e-07,1.706477839796356,0.016024322248995304,0.03797580290120095,0.09383155684918165,0.3549371212720871
1001,1001,3.6514432430267334,3.6739015579223633,2e-07,1.7178407581757003,0.01602525543421507,0.03813027834985405,0.09368081111460924,0.3564472123980522
1002,1002,3.6749727725982666,3.6601672172546387,2e-07,1.7300910886180016,0.01603023475036025,0.03792869043536484,0.0933643626049161,0.3550620302557945
1003,1003,3.663365364074707,3.791171073913574,2e-07,1.7399534148779587,0.016016365960240364,0.039022613782435656,0.0941507713869214,0.3611368238925934
1004,1004,3.644871473312378,3.6695635318756104,2e-07,1.7539613407416763,0.01601234031841159,0.037739152438007295,0.09384151548147202,0.35708601027727127
1005,1005,3.663076400756836,3.709740161895752,2e-07,1.7598416067145684,0.01601757202297449,0.03786864608991891,0.09407091420143843,0.35813771188259125
1006,1006,3.650365114212036,3.6906328201293945,2e-07,1.7634150127029729,0.016017154790461063,0.03733995568472892,0.09352101478725672,0.3555709943175316
1007,1007,3.618006467819214,3.665940761566162,2e-07,1.7699832201909171,0.016008428297936916,0.03833144577220082,0.09404037147760391,0.35864853858947754
1008,1008,3.660618305206299,3.6746304035186768,2e-07,1.776545790925919,0.01603263383731246,0.039207789581269026,0.09383502695709467,0.35979777574539185
1009,1009,3.6893832683563232,3.7032861709594727,2e-07,1.7771049985024836,0.016023971140384674,0.0378340125316754,0.09353802632540464,0.3557196408510208
1010,1010,3.6840896606445312,3.6506011486053467,2e-07,1.7794162486129694,0.016041848808526993,0.03810252225957811,0.09373699873685837,0.3580376207828522
1011,1011,3.6856625080108643,3.7083427906036377,2e-07,1.7827416240310323,0.01600420894101262,0.038125631981529295,0.09401330724358559,0.3569640591740608
1012,1012,3.6047723293304443,3.7024104595184326,2e-07,1.7864611077679897,0.01600608928129077,0.03782213153317571,0.09376446064561605,0.3575071319937706
1013,1013,3.6443090438842773,3.673950433731079,2e-07,1.7944571583483602,0.016014900989830494,0.03868719923775643,0.09402471035718918,0.35882924497127533
1014,1014,3.6451873779296875,3.6701793670654297,2e-07,1.7984297936225808,0.016024593729525805,0.038341642590239644,0.09380138199776411,0.3581627830862999
1015,1015,3.6474931240081787,3.678887367248535,2e-07,1.805215025682309,0.016011196188628674,0.03795878286473453,0.09398132469505072,0.3590076416730881
1016,1016,3.6385583877563477,3.6746573448181152,2e-07,1.8049157406625396,0.016025427263230085,0.03889371210243553,0.09411389753222466,0.3609464764595032
1017,1017,3.6495070457458496,3.6903576850891113,2e-07,1.8069308937781838,0.016019470524042845,0.03840314387343824,0.09389857295900583,0.35936740040779114
1018,1018,3.6785600185394287,3.6907384395599365,2e-07,1.809881627226413,0.016029166989028454,0.03802556113805622,0.09417269472032785,0.3582660108804703
1019,1019,3.6465513706207275,3.7523927688598633,2e-07,1.8072691165559163,0.016016064677387476,0.039260554825887084,0.09434853680431843,0.36160729825496674
1020,1020,3.652571678161621,3.6747353076934814,2e-07,1.8062049735018597,0.016034747008234262,0.0376985096372664,0.09395331609994173,0.3581939712166786
1021,1021,3.6849989891052246,3.654604434967041,2e-07,1.8073491209067494,0.01599748432636261,0.03838977683335543,0.09391728695482016,0.3592250421643257
1022,1022,3.6741015911102295,3.6437108516693115,2e-07,1.8084961210838948,0.016012330073863268,0.038326964364387095,0.09444957133382559,0.36032719165086746
1023,1023,3.666715145111084,3.714967966079712,2e-07,1.6945281641715624,0.01603202149271965,0.038023697095923126,0.09391098096966743,0.3584394231438637
1024,1024,3.65710711479187,3.681833028793335,2e-07,1.7066756944482686,0.01602764381095767,0.03948203241452575,0.0943333376199007,0.36211566627025604
1025,1025,3.6601481437683105,3.6777894496917725,2e-07,1.7168980602072412,0.016035662032663822,0.038931698189117014,0.09404650144279003,0.3607780486345291
1026,1026,3.6726233959198,3.7400050163269043,2e-07,1.7266935804136747,0.016016129404306412,0.03828743123449385,0.0940551282837987,0.3597080707550049
1027,1027,3.6767187118530273,3.700408935546875,2e-07,1.740740153758642,0.015996878035366535,0.0386933283880353,0.09408108331263065,0.36224429309368134
1028,1028,3.728715658187866,3.6998355388641357,2e-07,1.748853275719393,0.016035933047533035,0.03903441783040762,0.09413097146898508,0.36060070991516113
1029,1029,3.6650497913360596,3.727922201156616,2e-07,1.7556683490886313,0.016035803128033876,0.03871757793240249,0.0940397372469306,0.360418900847435
1030,1030,3.7308120727539062,3.7253456115722656,2e-07,1.758986497998595,0.01602716837078333,0.03860194457229227,0.094142597168684,0.3602810278534889
1031,1031,3.666388511657715,3.646930456161499,2e-07,1.7630002717097033,0.01601889543235302,0.03879473207052797,0.09417787101119757,0.36177588254213333
1032,1032,3.6615610122680664,3.6685972213745117,2e-07,1.770479230207,0.016015387140214443,0.03840413910802454,0.09423504397273064,0.36105622351169586
1033,1033,3.6780591011047363,3.7092721462249756,2e-07,1.7759246957404309,0.01603811653330922,0.03885179711505771,0.09415966644883156,0.36136993765830994
1034,1034,3.6965184211730957,3.73014235496521,2e-07,1.7834817089101018,0.01601837994530797,0.03816431050654501,0.09417841397225857,0.35979223251342773
1035,1035,3.6551320552825928,3.6706693172454834,2e-07,1.7870230211290812,0.01602030172944069,0.0385378961218521,0.09436205681413412,0.3608444631099701
1036,1036,3.6576972007751465,3.6980252265930176,2e-07,1.7902329184347814,0.016018271911889315,0.038677969947457314,0.0941354176029563,0.36048614233732224
1037,1037,3.693608522415161,3.6868362426757812,2e-07,1.7908816293147005,0.016020418610423803,0.038679363089613616,0.09417444467544556,0.362160325050354
1038,1038,3.69077205657959,3.6370909214019775,2e-07,1.7934825348946706,0.016030624508857727,0.03857836592942476,0.09403354674577713,0.3615344166755676
1039,1039,3.680121898651123,3.675553560256958,2e-07,1.6799811426202016,0.016027419362217188,0.03921434807125479,0.09443242195993662,0.3639790490269661
1040,1040,3.6309823989868164,3.7014663219451904,2e-07,1.694048711398686,0.01602801587432623,0.039474376710131764,0.09458667319267988,0.36410924792289734
1041,1041,3.627380132675171,3.684811592102051,2e-07,1.7048177562986229,0.016013277228921652,0.037910126615315676,0.09393787290900946,0.3585760146379471
1042,1042,3.644235610961914,3.674962282180786,2e-07,1.7135511121046012,0.016002967953681946,0.039046584628522396,0.09434476215392351,0.36207208037376404
1043,1043,3.71050763130188,3.6653518676757812,2e-07,1.7247580088837127,0.016032163053750992,0.0388468848541379,0.09465690795332193,0.36379556357860565
1044,1044,3.659842014312744,3.7191967964172363,2e-07,1.7339486158875146,0.016020457725971937,0.039507538196630776,0.0946879843249917,0.3651947006583214
1045,1045,3.685555934906006,3.6934399604797363,2e-07,1.7507148989192596,0.0160148898139596,0.03896655864082277,0.09461965318769217,0.3642391934990883
1046,1046,3.6557328701019287,3.7180819511413574,2e-07,1.7617688258557265,0.015995372086763382,0.038271622033789754,0.09441643301397562,0.36174336075782776
1047,1047,3.62859845161438,3.6858062744140625,2e-07,1.7683410103202308,0.016025610268115997,0.03875390090979636,0.09450618736445904,0.3639930263161659
1048,1048,3.6668198108673096,3.6701033115386963,2e-07,1.7707091788775693,0.01600905181840062,0.03828989516478032,0.09411035757511854,0.3596562594175339
1049,1049,3.6370911598205566,3.6473641395568848,2e-07,1.7802286188114036,0.015999001916497946,0.03918116842396557,0.09432403557002544,0.3643539100885391
1050,1050,3.6905839443206787,3.7078640460968018,2e-07,1.787084982765739,0.01602208660915494,0.039081051596440375,0.09458126500248909,0.3622829392552376
1051,1051,3.645808696746826,3.71166729927063,2e-07,1.7885522578005508,0.016005924437195063,0.039906939724460244,0.09437173791229725,0.3649124354124069
1052,1052,3.6301581859588623,3.6929337978363037,2e-07,1.7894207633728059,0.016025512479245663,0.03869895695243031,0.09437619149684906,0.36357594281435013
1053,1053,3.70101261138916,3.6949851512908936,2e-07,1.7924173959866812,0.016011375002563,0.038714477443136275,0.09426347073167562,0.3626744970679283
1054,1054,3.6592605113983154,3.6859824657440186,2e-07,1.7954653968994336,0.016024338081479073,0.03839022456668317,0.09437490627169609,0.36051923781633377
1055,1055,3.7290709018707275,3.671921730041504,2e-07,1.8017375739229784,0.016025743912905455,0.03879964631050825,0.09449641220271587,0.3643644377589226
1056,1056,3.6857283115386963,3.6841559410095215,2e-07,1.8054201274758732,0.01601668167859316,0.03877113992348313,0.09428831748664379,0.36328547447919846
1057,1057,3.690941095352173,3.759049415588379,2e-07,1.8069077721915503,0.016018339432775974,0.03926965780556202,0.09458370134234428,0.36420759558677673
1058,1058,3.6941747665405273,3.747999906539917,2e-07,1.8114744091361652,0.016027978621423244,0.0385046259034425,0.09425915777683258,0.36167334765195847
1059,1059,3.6576895713806152,3.679306983947754,2e-07,1.812072713022881,0.016028550919145346,0.03900317382067442,0.0946821803227067,0.36554060876369476
1060,1060,3.6890406608581543,3.6379783153533936,2e-07,1.8125337377818067,0.01602279394865036,0.039143498288467526,0.09436223655939102,0.3648233562707901
1061,1061,3.6808364391326904,3.6854588985443115,2e-07,1.8109542136653025,0.016038548201322556,0.03875222126953304,0.09432527422904968,0.3637402355670929
1062,1062,3.655703067779541,3.6737749576568604,2e-07,1.8100717190843951,0.01602083770558238,0.038563939393498003,0.09449460543692112,0.363186314702034
1063,1063,3.6471807956695557,3.675612449645996,2e-07,1.8105611804304158,0.016025591176003218,0.03906327241566032,0.09481031261384487,0.3662455454468727
1064,1064,3.6073668003082275,3.6543259620666504,2e-07,1.812740745047376,0.016003978438675404,0.038475295063108206,0.09434422012418509,0.3642655238509178
1065,1065,3.6322972774505615,3.676342487335205,2e-07,1.8162657546162837,0.016009760554879904,0.039661143673583865,0.09476190991699696,0.3665146008133888
1066,1066,3.644153594970703,3.6806023120880127,2e-07,1.8190989211150124,0.016031590290367603,0.03904433979187161,0.09451752062886953,0.36513498425483704
1067,1067,3.7045485973358154,3.72542667388916,2e-07,1.819235749436552,0.01603013277053833,0.039147566887550056,0.09446938242763281,0.3649197444319725
1068,1068,3.6770412921905518,3.664468288421631,2e-07,1.82423977025079,0.0160115291364491,0.038771888823248446,0.09469098225235939,0.3643927276134491
1069,1069,3.6530044078826904,3.7429683208465576,2e-07,1.8289274870717895,0.016037393361330032,0.03967754193581641,0.09483927022665739,0.3666236028075218
1070,1070,3.6382391452789307,3.636766195297241,2e-07,1.8285776802241804,0.016033749096095562,0.038842082605697215,0.09442177508026361,0.36393099278211594
1071,1071,3.6648600101470947,3.6878738403320312,2e-07,1.7124246851461533,0.01601668493822217,0.03895665623713285,0.09473067987710238,0.3641502410173416
1072,1072,3.680577516555786,3.722226142883301,2e-07,1.7238071711179244,0.01603722432628274,0.03980257944203913,0.09497649036347866,0.36853649467229843
1073,1073,3.661672830581665,3.666433572769165,2e-07,1.7331627503029343,0.016021697781980038,0.03893076872918755,0.09458730462938547,0.3666594848036766
1074,1074,3.6373443603515625,3.6721882820129395,2e-07,1.7455664719674742,0.016033899504691362,0.0390264056622982,0.09468599781394005,0.3646216467022896
1075,1075,3.6194541454315186,3.6785106658935547,2e-07,1.7556468831542813,0.016009756363928318,0.03859732556156814,0.09441923070698977,0.363816075026989
1076,1076,3.6492788791656494,3.705332040786743,2e-07,1.7622180738891162,0.01600833795964718,0.03919404896441847,0.09464084822684526,0.3663373291492462
1077,1077,3.671443223953247,3.672837972640991,2e-07,1.7646472177557242,0.0160147943533957,0.04000633559189737,0.09489641152322292,0.368158295750618
1078,1078,3.666663885116577,3.6015121936798096,2e-07,1.768616803140577,0.016040040645748377,0.03830928145907819,0.09444275498390198,0.36311589926481247
1079,1079,3.6798629760742188,3.6188886165618896,2e-07,1.6591011444839936,0.016024890821427107,0.03943088464438915,0.09466470498591661,0.3663621097803116
1080,1080,3.6269278526306152,3.6647863388061523,2e-07,1.6723106603868634,0.016020091716200113,0.03956516447942704,0.09479714184999466,0.36658166348934174
1081,1081,3.658236503601074,3.680462121963501,2e-07,1.686179441718405,0.016015460714697838,0.03862384520471096,0.0944909155368805,0.3644973933696747
1082,1082,3.6465084552764893,3.6668317317962646,2e-07,1.6984102571709534,0.016036860644817352,0.03918151219841093,0.0948328310623765,0.36770201474428177
1083,1083,3.674860954284668,3.7164981365203857,2e-07,1.7101695781477202,0.0160305667668581,0.039786966517567635,0.09469564631581306,0.3676954433321953
1084,1084,3.6559865474700928,3.6350388526916504,2e-07,1.719055784993627,0.016010450199246407,0.03981208149343729,0.09475401788949966,0.36740998178720474
1085,1085,3.6576621532440186,3.6574974060058594,2e-07,1.7260315288388846,0.01599336275830865,0.03933799359947443,0.0946863479912281,0.36757634580135345
1086,1086,3.5978031158447266,3.6261520385742188,2e-07,1.7362252235369364,0.016019541304558516,0.04018137697130442,0.09493402019143105,0.36846688389778137
1087,1087,3.6300485134124756,3.687723398208618,2e-07,1.744071069510754,0.0160436499863863,0.03917873604223132,0.09487412963062525,0.36614739149808884
1088,1088,3.6698555946350098,3.716064691543579,2e-07,1.7502418059067615,0.01602665288373828,0.039381508133374155,0.09487590473145247,0.3670095354318619
1089,1089,3.640498161315918,3.6683356761932373,2e-07,1.7539946586184363,0.016024569515138865,0.039028549334034324,0.09473942592740059,0.36574698239564896
1090,1090,3.67146372795105,3.6815133094787598,2e-07,1.759399054940838,0.015994115732610226,0.03926391922868788,0.0947916554287076,0.36860666424036026
1091,1091,3.6765060424804688,3.725855588912964,2e-07,1.7660879202674629,0.016005628742277622,0.03937882115133107,0.09512701351195574,0.3681763634085655
1092,1092,3.648094654083252,3.6751487255096436,2e-07,1.7715903376608766,0.016021091490983963,0.04007961286697537,0.09500976651906967,0.36934660375118256
1093,1093,3.6523287296295166,3.666294574737549,2e-07,1.7739390810454558,0.016022789292037487,0.0388105392921716,0.09491685312241316,0.36786556988954544
1094,1094,3.634030342102051,3.6501424312591553,2e-07,1.7786829499318713,0.01600015116855502,0.03982279123738408,0.09468265436589718,0.3672412186861038
1095,1095,3.7021186351776123,3.634478807449341,2e-07,1.788052625275773,0.016033652238547802,0.03866506111808121,0.0947918351739645,0.36581970751285553
1096,1096,3.6930031776428223,3.761850118637085,2e-07,1.7983101184965735,0.01603518147021532,0.03879865037743002,0.09488534647971392,0.3679712191224098
1097,1097,3.6490697860717773,3.64766263961792,2e-07,1.7998345032471874,0.015989932231605053,0.03929895325563848,0.0949056064710021,0.36899010092020035
1098,1098,3.644775390625,3.674844741821289,2e-07,1.8036049218781942,0.016019850503653288,0.03913751558866352,0.09510047174990177,0.36829231679439545
1099,1099,3.6276893615722656,3.667290687561035,2e-07,1.8014255152487828,0.016022884752601385,0.03950390499085188,0.09484293404966593,0.36948706954717636
1100,1100,3.59867262840271,3.687650442123413,2e-07,1.8033050386717056,0.016043599229305983,0.039343184675090015,0.09516813419759274,0.37029340118169785
1101,1101,3.6718733310699463,3.6487765312194824,2e-07,1.8098681520851776,0.016017876099795103,0.0396360537270084,0.09508021268993616,0.36971618980169296
1102,1102,3.694948196411133,3.6739113330841064,2e-07,1.8104684770958417,0.01600985648110509,0.0401706553529948,0.09509801957756281,0.371101938188076
1103,1103,3.601799249649048,3.659306526184082,2e-07,1.8098242774844489,0.016030070837587118,0.03962811909150332,0.09515175968408585,0.370170421898365
1104,1104,3.6095690727233887,3.6723344326019287,2e-07,1.8119124828682838,0.01602536952123046,0.03972951974719763,0.09470534697175026,0.36901479214429855
1105,1105,3.63429856300354,3.672769069671631,2e-07,1.8159904306949728,0.01600157981738448,0.03950163396075368,0.09491168335080147,0.3695038706064224
1106,1106,3.649996757507324,3.6437995433807373,2e-07,1.8154837297439967,0.016030313912779093,0.040019417414441705,0.09515703842043877,0.3715756684541702
1107,1107,3.6387672424316406,3.6475770473480225,2e-07,1.8165355089701105,0.016037948429584503,0.03953344700857997,0.09516575653105974,0.371272474527359
1108,1108,3.701530933380127,3.5871734619140625,2e-07,1.818487199453565,0.016017612535506487,0.040319112595170736,0.09512632060796022,0.371589832007885
1109,1109,3.649782419204712,3.676253318786621,2e-07,1.704094181853635,0.01602110080420971,0.0391690272372216,0.09519872907549143,0.370281346142292
1110,1110,3.619265556335449,3.636843681335449,2e-07,1.715528831176985,0.016019494272768497,0.04013667185790837,0.0951968478038907,0.3712138235569
1111,1111,3.6935665607452393,3.648581027984619,2e-07,1.7270044069687671,0.016027389094233513,0.04007593612186611,0.0950834434479475,0.36983539909124374
1112,1112,3.6430540084838867,3.636739492416382,2e-07,1.7342108343583251,0.016031674575060606,0.03998806863091886,0.09539077430963516,0.3737804666161537
1113,1113,3.6786303520202637,3.681802749633789,2e-07,1.7415244398785212,0.016021855641156435,0.03881852456834167,0.09521942120045424,0.3702816441655159
1114,1114,3.655303478240967,3.6796326637268066,2e-07,1.7558354196047374,0.016022379975765944,0.03985375293996185,0.09515107423067093,0.37242788821458817
1115,1115,3.637404441833496,3.63421630859375,2e-07,1.7611418128480634,0.016010481398552656,0.04013920994475484,0.09504093695431948,0.3714546337723732
1116,1116,3.6534364223480225,3.672391891479492,2e-07,1.7644672234749845,0.016030313912779093,0.040062419371679425,0.09530853386968374,0.37188322842121124
1117,1117,3.6529552936553955,3.7519729137420654,2e-07,1.7726400075329527,0.016020611859858036,0.0403275100979954,0.09528453089296818,0.3724026679992676
1118,1118,3.6421899795532227,3.610177755355835,2e-07,1.7773507053141604,0.016026975587010384,0.038041342864744365,0.09477040451020002,0.3661328926682472
1119,1119,3.6058928966522217,3.6587491035461426,2e-07,1.784725900911457,0.016023358795791864,0.04004508559592068,0.09521983470767736,0.37172050029039383
1120,1120,3.630725860595703,3.6713807582855225,2e-07,1.7884917353025196,0.016035520937293768,0.03960315475706011,0.09511407744139433,0.37126968055963516
1121,1121,3.5971579551696777,3.633129835128784,2e-07,1.7909791434251279,0.016014303546398878,0.04027285473421216,0.09549693576991558,0.3730895146727562
1122,1122,3.6851115226745605,3.6669423580169678,2e-07,1.7916622661719617,0.01601070025935769,0.03911984618753195,0.09531189128756523,0.37112008035182953
1123,1123,3.6281590461730957,3.635801315307617,2e-07,1.7927814597045066,0.01602652110159397,0.03933148889336735,0.09508622344583273,0.371305413544178
1124,1124,3.695465087890625,3.603156805038452,2e-07,1.7952169376301101,0.016019440721720457,0.03947606170549989,0.09521964844316244,0.37162967771291733
1125,1125,3.684931755065918,3.647634983062744,2e-07,1.799369943525971,0.016024420969188213,0.040462189354002476,0.09542804211378098,0.37365463376045227
1126,1126,3.631134271621704,3.6612250804901123,2e-07,1.8034731686982657,0.01602762471884489,0.03962727764155716,0.09520560689270496,0.37158285826444626
1127,1127,3.6201486587524414,3.623769521713257,2e-07,1.805842442381931,0.016027356032282114,0.03934698028024286,0.09510829206556082,0.36970270425081253
1128,1128,3.617640733718872,3.653974771499634,2e-07,1.8087266062191618,0.01602478139102459,0.0397976809181273,0.09537447988986969,0.37361375987529755
1129,1129,3.685824394226074,3.654714584350586,2e-07,1.812731215928603,0.01599031826481223,0.03915636893361807,0.09527951572090387,0.3715166375041008
1130,1130,3.6377124786376953,3.6314523220062256,2e-07,1.8133191900369379,0.01601093402132392,0.03939820500090718,0.09516742080450058,0.37210794538259506
1131,1131,3.6111161708831787,3.71793794631958,2e-07,1.8160953391296604,0.01600915053859353,0.04011681547854096,0.09538013767451048,0.3734564259648323
1132,1132,3.593198299407959,3.657405138015747,2e-07,1.818228084158925,0.01601275894790888,0.039691188372671604,0.09520264249294996,0.3709406554698944
1133,1133,3.6336188316345215,3.6329782009124756,2e-07,1.820944865347086,0.01602759351953864,0.03888220863882452,0.09508437849581242,0.36975203454494476
1134,1134,3.6185426712036133,3.672664165496826,2e-07,1.825283509867453,0.01601474592462182,0.04024484602268785,0.09525817912071943,0.37335485965013504
1135,1135,3.664067268371582,3.680152654647827,2e-07,1.8229216462170739,0.01601451262831688,0.0399298882111907,0.09551957994699478,0.37314373254776
1136,1136,3.6141576766967773,3.6868679523468018,2e-07,1.8211457814800838,0.016028028912842274,0.040520638693124056,0.09539810009300709,0.37472473829984665
1137,1137,3.6193654537200928,3.633828639984131,2e-07,1.823810751173222,0.016011895146220922,0.03955932811368257,0.09527833946049213,0.37236500531435013
1138,1138,3.6594724655151367,3.6582815647125244,2e-07,1.825305328488494,0.016024763695895672,0.03985964506864548,0.09543381258845329,0.3739403933286667
1139,1139,3.646376132965088,3.7118325233459473,2e-07,1.8334961775759817,0.016023671720176935,0.039771308307535946,0.09553498309105635,0.37405478954315186
1140,1140,3.632276773452759,3.705657720565796,2e-07,1.8332229454869762,0.016018694266676903,0.03978317929431796,0.09561958350241184,0.37391332536935806
1141,1141,3.6517386436462402,3.6306324005126953,2e-07,1.8304635708049917,0.016015840228646994,0.03975065820850432,0.09535489603877068,0.37426818907260895
1142,1142,3.638066053390503,3.658946990966797,2e-07,1.8277044934453546,0.016021642833948135,0.040427620988339186,0.0956281777471304,0.37560709565877914
1143,1143,3.6879913806915283,3.6828410625457764,2e-07,1.8331296142043718,0.016040614806115627,0.04027927829883993,0.095603515394032,0.37516671419143677
1144,1144,3.610790967941284,3.6841156482696533,2e-07,1.8296272813285615,0.01600796729326248,0.04013747407589108,0.09565765969455242,0.3750462979078293
1145,1145,3.611621141433716,3.657879114151001,2e-07,1.8291027024847715,0.016021535731852055,0.04003775678575039,0.09544709511101246,0.3742348253726959
1146,1146,3.6694042682647705,3.648789167404175,2e-07,1.8276419621695188,0.01603345526382327,0.04040689312387258,0.09574818797409534,0.3753170967102051
1147,1147,3.6387505531311035,3.639997720718384,2e-07,1.8285988003335454,0.016027287114411592,0.040757244220003486,0.09571234323084354,0.3750339299440384
1148,1148,3.6366724967956543,3.688671112060547,2e-07,1.8236823754493612,0.01601050654426217,0.03999263921286911,0.09546911437064409,0.37473875284194946
1149,1149,3.6500933170318604,3.6336405277252197,2e-07,1.8204704873943656,0.01602747943252325,0.04059418570250273,0.09570813551545143,0.3769611269235611
1150,1150,3.641674518585205,3.6472630500793457,2e-07,1.8210140533084493,0.016050562262535095,0.03980856668204069,0.09566914103925228,0.37459275871515274
1151,1151,3.615208625793457,3.60945987701416,2e-07,1.8211263750449755,0.01599871413782239,0.04017459065653384,0.09566366020590067,0.37400510162115097
1152,1152,3.6741702556610107,3.6319620609283447,2e-07,1.8186654264485964,0.016029715072363615,0.04096881649456918,0.09549669362604618,0.3767874911427498
1153,1153,3.6638906002044678,3.639402389526367,2e-07,1.8189974157889512,0.01602227846160531,0.039937930880114436,0.09570478368550539,0.37410473078489304
1154,1154,3.6634421348571777,3.633331060409546,2e-07,1.8236482027221173,0.016024345997720957,0.04065835755318403,0.09574148617684841,0.3766914829611778
1155,1155,3.619234800338745,3.66621470451355,2e-07,1.830464824229903,0.01600568648427725,0.04007473448291421,0.09565346781164408,0.3751773312687874
1156,1156,3.6255435943603516,3.6739766597747803,2e-07,1.829182986561988,0.01601967914029956,0.04027304099872708,0.0958942985162139,0.3765413463115692
1157,1157,3.6558003425598145,3.620112895965576,2e-07,1.8295906978796475,0.016012405045330524,0.039729205309413373,0.09543296415358782,0.37544984370470047
1158,1158,3.610935926437378,3.6201725006103516,2e-07,1.8276452026086984,0.016021564602851868,0.04005235340446234,0.09575196076184511,0.3773411959409714
1159,1159,3.635965585708618,3.6290085315704346,2e-07,1.8254174920583885,0.016042493749409914,0.0395437196129933,0.09539630264043808,0.3743097335100174
1160,1160,3.6612322330474854,3.6462252140045166,2e-07,1.8293884492671468,0.016016000416129827,0.040337370010092854,0.09562468994408846,0.3770052045583725
1161,1161,3.6105988025665283,3.6714346408843994,2e-07,1.8301320248299082,0.01602913113310933,0.03974183544050902,0.09571620356291533,0.377390518784523
1162,1162,3.6631877422332764,3.6480395793914795,2e-07,1.8307780822916224,0.015996049623936415,0.0403455204796046,0.09569654334336519,0.3769405409693718
1163,1163,3.6543383598327637,3.6428334712982178,2e-07,1.830763237708643,0.01600025175139308,0.03994546318426728,0.09568394906818867,0.37636440992355347
1164,1164,3.645381212234497,3.629506826400757,2e-07,1.8318104973038116,0.016042382456362247,0.040605427231639624,0.09575202781707048,0.37742890417575836
1165,1165,3.661983013153076,3.63887357711792,2e-07,1.8320959298757034,0.016011867206543684,0.04050194937735796,0.09570079017430544,0.3761981874704361
1166,1166,3.645869255065918,3.668530225753784,2e-07,1.8318094452043299,0.016032209154218435,0.04049911326728761,0.09600232727825642,0.3771597295999527
1167,1167,3.630176067352295,3.635503053665161,2e-07,1.8322240992358079,0.016034358646720648,0.03947345609776676,0.09560306835919619,0.3745991438627243
1168,1168,3.6398351192474365,3.6541454792022705,2e-07,1.8271664288151837,0.016015866305679083,0.0397873951587826,0.0957171069458127,0.3757239356637001
1169,1169,3.6028754711151123,3.62738299369812,2e-07,1.8248040357730853,0.016017212998121977,0.04007528873626143,0.09588151331990957,0.3766486495733261
1170,1170,3.6041343212127686,3.646463394165039,2e-07,1.823432862005512,0.016026086639612913,0.04044553451240063,0.09582650661468506,0.3782760947942734
1171,1171,3.6092872619628906,3.6362640857696533,2e-07,1.82500779383747,0.016033872961997986,0.04007883951999247,0.09580733440816402,0.3770180940628052
1172,1172,3.6127586364746094,3.695362091064453,2e-07,1.82096279850536,0.016030651051551104,0.04056642367504537,0.09571826737374067,0.3765587732195854
1173,1173,3.625286817550659,3.6265218257904053,2e-07,1.8209113430443669,0.016020487528294325,0.040072462521493435,0.09571288712322712,0.37667611986398697
1174,1174,3.616725206375122,3.625180721282959,2e-07,1.8252453859934719,0.01602683635428548,0.040201971656642854,0.09572589211165905,0.3760843351483345
1175,1175,3.616724967956543,3.665475368499756,2e-07,1.8252104252698558,0.016030868981033564,0.04041965981014073,0.09612846840173006,0.37620387226343155
1176,1176,3.587217092514038,3.5869812965393066,2e-07,1.822657379375328,0.01602287031710148,0.04032089654356241,0.09558610152453184,0.37870414555072784
1177,1177,3.636256456375122,3.654242992401123,2e-07,1.6965233469162548,0.01599208265542984,0.04061210248619318,0.09575525484979153,0.3786323294043541
1178,1178,3.6655752658843994,3.6402909755706787,2e-07,1.7067001403760904,0.016027813777327538,0.04047975013963878,0.09605459962040186,0.3794741705060005
1179,1179,3.616497755050659,3.6602070331573486,2e-07,1.7175588038228515,0.016006811056286097,0.04056585696525872,0.09599588252604008,0.37868722528219223
1180,1180,3.6380550861358643,3.626025676727295,2e-07,1.7272825966823673,0.016005724668502808,0.040912862634286284,0.09611154533922672,0.3804217427968979
1181,1181,3.619600772857666,3.6785833835601807,2e-07,1.736218856776512,0.016018444672226906,0.039029166335240006,0.0953600974753499,0.37491367757320404
1182,1182,3.612184762954712,3.7160379886627197,2e-07,1.7457385774540986,0.016005378682166338,0.0412160896230489,0.09608329180628061,0.38021010905504227
1183,1183,3.6067798137664795,3.750666379928589,2e-07,1.749414855025925,0.01604085648432374,0.03916556225158274,0.09546659048646688,0.37442267686128616
1184,1184,3.5873968601226807,3.663766384124756,2e-07,1.7555394481590068,0.016020240262150764,0.04038768797181547,0.09596454817801714,0.3784164488315582
1185,1185,3.6029582023620605,3.6310648918151855,2e-07,1.7680312458814338,0.016017780639231205,0.03958124085329473,0.09606090188026428,0.3773288279771805
1186,1186,3.6692583560943604,3.6282496452331543,2e-07,1.771229478281031,0.016027577687054873,0.04035804537124932,0.09602578263729811,0.37909048050642014
1187,1187,3.6278302669525146,3.6467435359954834,2e-07,1.7746172375575187,0.01602323865517974,0.040482731186784804,0.09576725400984287,0.3793739378452301
1188,1188,3.6287670135498047,3.753661870956421,2e-07,1.7856941545617695,0.016003160271793604,0.04043975891545415,0.09597457014024258,0.37974052131175995
1189,1189,3.6110942363739014,3.6941440105438232,2e-07,1.788559201139261,0.016033703461289406,0.04046949744224548,0.09583575278520584,0.3784828409552574
1190,1190,3.593813419342041,3.616835355758667,2e-07,1.790477223965458,0.01601723302155733,0.04057089355774224,0.09606970939785242,0.37917108088731766
1191,1191,3.616626739501953,3.6287155151367188,2e-07,1.793755370687657,0.016013746615499258,0.04047421831637621,0.09605979453772306,0.37990937381982803
1192,1192,3.615211248397827,3.592529296875,2e-07,1.7983348287138485,0.01601989148184657,0.04038279480300844,0.0960480347275734,0.3807455822825432
1193,1193,3.6788902282714844,3.669769287109375,2e-07,1.803623375211202,0.016031933017075062,0.04052632488310337,0.0962792206555605,0.37900255620479584
1194,1194,3.626400947570801,3.6593575477600098,2e-07,1.805250893993379,0.01602852437645197,0.04157327860593796,0.09632488526403904,0.38219932466745377
1195,1195,3.6386830806732178,3.6198627948760986,2e-07,1.806575547812593,0.016007755417376757,0.04115683608688414,0.09612527210265398,0.38015715777873993
1196,1196,3.615380048751831,3.6103310585021973,2e-07,1.8062964387536438,0.016038110945373774,0.040673427283763885,0.09611696191132069,0.381386436522007
1197,1197,3.5827062129974365,3.5919840335845947,2e-07,1.812554417239308,0.01603939849883318,0.040242487913928926,0.09618156775832176,0.3798966407775879
1198,1198,3.6595218181610107,3.633448839187622,2e-07,1.8139888293845965,0.016023656353354454,0.04207219812087715,0.09676015377044678,0.38502681255340576
1199,1199,3.634061336517334,3.604909896850586,2e-07,1.8130447448039477,0.016007924918085337,0.04045541537925601,0.09611998591572046,0.3804119974374771
1200,1200,3.598099708557129,3.6741204261779785,2e-07,1.8126713998607151,0.016030099242925644,0.04064634721726179,0.09592495113611221,0.38007163256406784
1201,1201,3.638275623321533,3.6476011276245117,2e-07,1.8123990902992797,0.016040200367569923,0.04024039302021265,0.09611959289759398,0.37915319949388504
1202,1202,3.5834875106811523,3.608433485031128,2e-07,1.818992739583656,0.016036574728786945,0.041376096894964576,0.09631400275975466,0.38281188160181046
1203,1203,3.609752893447876,3.663409948348999,2e-07,1.8170410814606661,0.016034618485718966,0.041335166431963444,0.0962072117254138,0.38236168771982193
1204,1204,3.6268656253814697,3.615973949432373,2e-07,1.8179886454911767,0.01602189103141427,0.04108450096100569,0.0964692598208785,0.38241443783044815
1205,1205,3.589362382888794,3.6889488697052,2e-07,1.8243245813740823,0.016019232105463743,0.041048782877624035,0.09609187673777342,0.3812391981482506
1206,1206,3.617035150527954,3.634187936782837,2e-07,1.821615854588984,0.01602978352457285,0.040084447362460196,0.09617218468338251,0.3791338577866554
1207,1207,3.59625244140625,3.639275074005127,2e-07,1.8201571935352416,0.016021627467125654,0.04056678549386561,0.09610701352357864,0.38049086928367615
1208,1208,3.620103597640991,3.6118388175964355,2e-07,1.8211680165427637,0.016007073689252138,0.04056224040687084,0.09622466377913952,0.381156750023365
1209,1209,3.5986623764038086,3.6544430255889893,2e-07,1.8228533913095522,0.01601298339664936,0.04111737012863159,0.09627896267920732,0.38333944976329803
1210,1210,3.6264495849609375,3.6831040382385254,2e-07,1.825772466107324,0.016024461947381496,0.04106202768161893,0.09634001739323139,0.38180916756391525
1211,1211,3.662539005279541,3.6124374866485596,2e-07,1.8266154953684992,0.016035491600632668,0.04112762026488781,0.09642903041094542,0.38350462168455124
1212,1212,3.589627981185913,3.606229543685913,2e-07,1.830128925263049,0.016018233262002468,0.040634960401803255,0.09629599470645189,0.3830939382314682
1213,1213,3.667278528213501,3.6347620487213135,2e-07,1.8322086568081768,0.016018046997487545,0.04101066221483052,0.09621794056147337,0.38285474479198456
1214,1214,3.6379024982452393,3.6191506385803223,2e-07,1.8353473754045022,0.016031501814723015,0.040594290010631084,0.09630164690315723,0.38127220422029495
1215,1215,3.6229310035705566,3.629136085510254,2e-07,1.8374537340356174,0.01601756550371647,0.040698852157220244,0.09626274276524782,0.3824450746178627
1216,1216,3.6468801498413086,3.6509313583374023,2e-07,1.8369440432920574,0.01603890908882022,0.041110210586339235,0.09633230604231358,0.3840006962418556
1217,1217,3.573777914047241,3.6659977436065674,2e-07,1.8368143872687315,0.016019333619624376,0.04072503815405071,0.09634665679186583,0.38328196853399277
1218,1218,3.609208822250366,3.6159451007843018,2e-07,1.831275897968946,0.016019375063478947,0.041045106714591384,0.09648226946592331,0.3827728405594826
1219,1219,3.629347562789917,3.6204237937927246,2e-07,1.828998939007015,0.016016325913369656,0.040651399875059724,0.09624220617115498,0.3830675929784775
1220,1220,3.582291841506958,3.673517942428589,2e-07,1.8268393407305967,0.01600796217098832,0.04092695494182408,0.09653511922806501,0.3829776495695114
1221,1221,3.6337201595306396,3.574843406677246,2e-07,1.8261793771749808,0.016028962563723326,0.04096758482046425,0.0963879693299532,0.38329189270734787
1222,1222,3.6498377323150635,3.6715238094329834,2e-07,1.7094368399705666,0.0160203380510211,0.03993373329285532,0.09618030767887831,0.3827746585011482
1223,1223,3.6046910285949707,3.6604299545288086,2e-07,1.7205000677853428,0.01601674035191536,0.04098073462955654,0.09645702037960291,0.38296204060316086
1224,1224,3.6369335651397705,3.597644805908203,2e-07,1.7279117613737387,0.016014888882637024,0.04008641222026199,0.09592871367931366,0.37977544218301773
1225,1225,3.601526975631714,3.668311595916748,2e-07,1.7436531250803682,0.0160105568356812,0.040804007672704756,0.09651257656514645,0.3830694332718849
1226,1226,3.6187403202056885,3.632537841796875,2e-07,1.7489358085529836,0.01601416664198041,0.04106005234643817,0.09651941806077957,0.385506808757782
1227,1227,3.576613187789917,3.6521494388580322,2e-07,1.7556803177634406,0.016032012179493904,0.041630018036812544,0.0968020586296916,0.38675248622894287
1228,1228,3.6056418418884277,3.611422300338745,2e-07,1.7623488104304732,0.01602765079587698,0.04101038817316294,0.09626575373113155,0.3824441581964493
1229,1229,3.6147587299346924,3.5766425132751465,2e-07,1.769618934835589,0.01603551860898733,0.04175711260177195,0.09659666195511818,0.3866158053278923
1230,1230,3.5756897926330566,3.697094440460205,2e-07,1.771029052750399,0.016021966468542814,0.04153068386949599,0.09658488817512989,0.38530825823545456
1231,1231,3.6506054401397705,3.6335134506225586,2e-07,1.7739312119327086,0.01602580863982439,0.0410663892980665,0.09653607942163944,0.38478610664606094
1232,1232,3.6300463676452637,3.633273124694824,2e-07,1.7780328393915075,0.016021473333239555,0.04079838958568871,0.09653476066887379,0.3843637555837631
1233,1233,3.6568350791931152,3.59972882270813,2e-07,1.7838000873896107,0.016027897596359253,0.04113722953479737,0.09657530765980482,0.3845337778329849
1234,1234,3.6060831546783447,3.584094762802124,2e-07,1.789495185479543,0.01602443912997842,0.04187958221882582,0.09672235883772373,0.38723113387823105
1235,1235,3.641589879989624,3.5745818614959717,2e-07,1.794729396675185,0.016022879164665937,0.04095141310244799,0.09635984990745783,0.38456232100725174
1236,1236,3.609851837158203,3.7222635746002197,2e-07,1.6829803198808408,0.016023592092096806,0.041164211463183165,0.09655494522303343,0.3854604884982109
1237,1237,3.614365339279175,3.594130039215088,2e-07,1.6974370872877602,0.01602098671719432,0.04017069167457521,0.09637118596583605,0.3838382437825203
1238,1238,3.615281105041504,3.633275032043457,2e-07,1.7094466828695403,0.016011308412998915,0.04133608588017523,0.096585881896317,0.38567689061164856
1239,1239,3.585691213607788,3.6387217044830322,2e-07,1.7334435926082552,0.0160265420563519,0.042017942760139704,0.09694282431155443,0.38847267627716064
1240,1240,3.632275342941284,3.6197328567504883,2e-07,1.7437372679230023,0.016013510059565306,0.040824093273840845,0.09653065353631973,0.3828318864107132
1241,1241,3.6366851329803467,3.5878701210021973,2e-07,1.7492407860796841,0.016010438092052937,0.0414695858489722,0.09656631387770176,0.38587311655282974
1242,1242,3.5938615798950195,3.6225035190582275,2e-07,1.7563179337588504,0.01599280070513487,0.04223162541165948,0.09671313408762217,0.38795214891433716
1243,1243,3.652963876724243,3.6424248218536377,2e-07,1.7676317297488013,0.0160260540433228,0.041232763207517564,0.09670207928866148,0.3862728178501129
1244,1244,3.606797695159912,3.6063313484191895,2e-07,1.7726483243232436,0.016032022424042225,0.04136950708925724,0.09695824980735779,0.3865055814385414
1245,1245,3.603628635406494,3.6803030967712402,2e-07,1.7740801044980117,0.016013857908546925,0.04165440029464662,0.09674513526260853,0.3862382546067238
1246,1246,3.6122701168060303,3.6376261711120605,2e-07,1.780366097000724,0.016005799174308777,0.04150777333416045,0.09684954956173897,0.38673264533281326
1247,1247,3.6707541942596436,3.6407840251922607,2e-07,1.7895734750554786,0.016030107624828815,0.04133828170597553,0.09653853252530098,0.384905681014061
1248,1248,3.594046115875244,3.643305540084839,2e-07,1.7925851425720802,0.01601328607648611,0.041288843145594,0.09692093543708324,0.3867190331220627
1249,1249,3.5792641639709473,3.6029210090637207,2e-07,1.7921750041353732,0.01602643635123968,0.041974257212132215,0.0969212781637907,0.38687457889318466
1250,1250,3.6185646057128906,3.6388003826141357,2e-07,1.797288855492372,0.01602808991447091,0.041974222753196955,0.096902996301651,0.3884035721421242
1251,1251,3.580873727798462,3.6571576595306396,2e-07,1.8039871355834343,0.01603456074371934,0.04096737434156239,0.09690081793814898,0.38603198528289795
1252,1252,3.6741387844085693,3.659841775894165,2e-07,1.8051963161384224,0.016023679170757532,0.041037792805582285,0.09689771942794323,0.38624560832977295
1253,1253,3.650485038757324,3.6229488849639893,2e-07,1.8129979697718224,0.016040398739278316,0.04210558510385454,0.09666413068771362,0.38785990327596664
1254,1254,3.626399040222168,3.6114466190338135,2e-07,1.8120207916568982,0.01603432185947895,0.04120539873838425,0.0966193312779069,0.3863866627216339
1255,1255,3.600496292114258,3.657317876815796,2e-07,1.8106848512785507,0.01602226495742798,0.04090511007234454,0.09694852121174335,0.3877507671713829
1256,1256,3.5513668060302734,3.623990058898926,2e-07,1.8125279890113108,0.016027292236685753,0.041401547845453024,0.09690559189766645,0.3869168981909752
1257,1257,3.6202168464660645,3.61907958984375,2e-07,1.813278311532746,0.016015101224184036,0.040955101139843464,0.09693604055792093,0.38587259501218796
1258,1258,3.600797414779663,3.6223747730255127,2e-07,1.8122005759650912,0.016037760768085718,0.04226935585029423,0.09699106216430664,0.3895317390561104
1259,1259,3.6334657669067383,3.606306791305542,2e-07,1.8097630375361613,0.016024588607251644,0.041387099074199796,0.09707752801477909,0.3885660842061043
1260,1260,3.5847647190093994,3.662659168243408,2e-07,1.8132503691467745,0.01603587018325925,0.04121373244561255,0.0966588668525219,0.38796988129615784
1261,1261,3.637561559677124,3.6009232997894287,2e-07,1.8139284536546632,0.016038155648857355,0.04221596708521247,0.09729162137955427,0.39097556471824646
1262,1262,3.5996716022491455,3.604203939437866,2e-07,1.8135248162430722,0.01604601228609681,0.04095864808186889,0.09686425607651472,0.38573578745126724
1263,1263,3.6102726459503174,3.6589596271514893,2e-07,1.8157737187462604,0.016001548618078232,0.041368467500433326,0.09695416130125523,0.38805314153432846
1264,1264,3.5891830921173096,3.628800630569458,2e-07,1.8201257546766887,0.01603496726602316,0.041045978432521224,0.09708923194557428,0.38617533445358276
1265,1265,3.5726723670959473,3.6059815883636475,2e-07,1.8161581392169404,0.016022189054638147,0.04142632056027651,0.09663425292819738,0.38711512088775635
1266,1266,3.585237503051758,3.5882914066314697,2e-07,1.8168605872013437,0.016023625154048204,0.040984074817970395,0.09709953423589468,0.38760682940483093
1267,1267,3.616518974304199,3.6465606689453125,2e-07,1.821944328865219,0.016013401094824076,0.04130721895489842,0.09684528224170208,0.3873245567083359
1268,1268,3.5682222843170166,3.575894594192505,2e-07,1.8287165842922375,0.016030150931328535,0.041414308128878474,0.0970015600323677,0.3881237059831619
1269,1269,3.611577033996582,3.6104094982147217,2e-07,1.8252384759839948,0.01600965391844511,0.041610194370150566,0.09711677674204111,0.38921696692705154
1270,1270,3.5740129947662354,3.595736265182495,2e-07,1.825886942910789,0.016030569560825825,0.04072261729743332,0.09670515451580286,0.38596145063638687
1271,1271,3.6692593097686768,3.6057233810424805,2e-07,1.8255594766586831,0.016005163080990314,0.041098236571997404,0.09697659499943256,0.3882024884223938
1272,1272,3.633802652359009,3.6637933254241943,2e-07,1.8224228596052987,0.016032254323363304,0.041118317283689976,0.09708282258361578,0.38814742118120193
1273,1273,3.63040828704834,3.6197619438171387,2e-07,1.8191040119944046,0.016036934219300747,0.04163246601819992,0.0971636576578021,0.38991251587867737
1274,1274,3.651008367538452,3.6001665592193604,2e-07,1.8212978004825304,0.01600713236257434,0.04093222366645932,0.09688301291316748,0.38773418962955475
1275,1275,3.6002438068389893,3.6700923442840576,2e-07,1.8214121452707115,0.016013084910809994,0.041859468910843134,0.09724254626780748,0.38856904208660126
1276,1276,3.605988025665283,3.621358871459961,2e-07,1.8245165644560832,0.016032789833843708,0.04078455944545567,0.09693237394094467,0.38689547032117844
1277,1277,3.593689203262329,3.585824966430664,2e-07,1.8313569846088154,0.016043235082179308,0.04190254886634648,0.09733372647315264,0.38946762681007385
1278,1278,3.566678524017334,3.581120729446411,2e-07,1.8300956282038063,0.016040652059018612,0.04206059407442808,0.09700015000998974,0.3907748833298683
1279,1279,3.5888795852661133,3.624044179916382,2e-07,1.8256840786967752,0.01604251144453883,0.04184778989292681,0.09721284080296755,0.3904224634170532
1280,1280,3.6243560314178467,3.6580586433410645,2e-07,1.8260292078301488,0.016039368696510792,0.041140188346616924,0.09701668005436659,0.3874208629131317
1281,1281,3.60282039642334,3.604231119155884,2e-07,1.825223070748185,0.016035147942602634,0.04169741319492459,0.09717330522835255,0.38956085592508316
1282,1282,3.560962677001953,3.602724552154541,2e-07,1.8252055852176332,0.016020142007619143,0.04159741709008813,0.09720637276768684,0.3901263549923897
1283,1283,3.625504493713379,3.633552312850952,2e-07,1.8264388956515956,0.01602530898526311,0.041698685148730874,0.09726119041442871,0.3901749476790428
1284,1284,3.626114845275879,3.5854742527008057,2e-07,1.827841039243618,0.01603733655065298,0.04190781177021563,0.09706601593643427,0.3906588554382324
1285,1285,3.58803391456604,3.6543068885803223,2e-07,1.8251955704726885,0.016034691594541073,0.0419985915068537,0.09723099134862423,0.3913273587822914
1286,1286,3.567051649093628,3.694361686706543,2e-07,1.8235940336396534,0.01602980401366949,0.041928279446437955,0.0973402438685298,0.39104311168193817
1287,1287,3.6098005771636963,3.6403136253356934,2e-07,1.8289511872434323,0.01603559125214815,0.042470659827813506,0.09715457167476416,0.3918636813759804
1288,1288,3.5763723850250244,3.610710382461548,2e-07,1.8277961440994122,0.016027978155761957,0.04241516813635826,0.09735538996756077,0.3918539956212044
1289,1289,3.5870726108551025,3.7400522232055664,2e-07,1.8239472945862059,0.016029648948460817,0.04142029979266226,0.09731525368988514,0.3886672779917717
1290,1290,3.6321277618408203,3.6345696449279785,2e-07,1.8240859754154761,0.01601870870217681,0.04187050252221525,0.09734457265585661,0.39224955439567566
1291,1291,3.5744025707244873,3.5808043479919434,2e-07,1.821463962619223,0.01602470874786377,0.04156608018092811,0.09721443243324757,0.3893282860517502
1292,1292,3.588937520980835,3.5845227241516113,2e-07,1.8224035403898307,0.016030115075409412,0.04223077977076173,0.09757511969655752,0.39261551201343536
1293,1293,3.590510368347168,3.6494650840759277,2e-07,1.8201404485082202,0.01602144306525588,0.041597548173740506,0.09744327608495951,0.3912479281425476
1294,1294,3.597778558731079,3.60427188873291,2e-07,1.82052076626762,0.01603898499161005,0.041656503453850746,0.0970791969448328,0.39114606380462646
1295,1295,3.5693438053131104,3.604567050933838,2e-07,1.8267210135351537,0.01601610565558076,0.04106959351338446,0.0971782086417079,0.3913392797112465
1296,1296,3.624098062515259,3.6708624362945557,2e-07,1.8235585328957964,0.016027524136006832,0.04212616290897131,0.09755009599030018,0.39338814467191696
1297,1297,3.571148157119751,3.6013991832733154,2e-07,1.8224903606614213,0.016011235304176807,0.04131481680087745,0.09728275146335363,0.3903527781367302
1298,1298,3.5898215770721436,3.6165168285369873,2e-07,1.8287291364502762,0.01604362018406391,0.04258502973243594,0.09768599644303322,0.3943818137049675
1299,1299,3.577218770980835,3.5544140338897705,2e-07,1.8253234511372392,0.016022006049752235,0.042006648844107985,0.09718131273984909,0.39207296818494797
1300,1300,3.621549129486084,3.637903928756714,2e-07,1.709100854230749,0.016040421556681395,0.04110745305661112,0.09726435132324696,0.3891752064228058
1301,1301,3.5927600860595703,3.687610149383545,2e-07,1.7289329636758217,0.016036143992096186,0.04175388580188155,0.09729787055402994,0.39243143051862717
1302,1302,3.5576770305633545,3.659750461578369,2e-07,1.743267609475187,0.016021248418837786,0.04222580627538264,0.09726853016763926,0.39264989644289017
1303,1303,3.585196018218994,3.5961930751800537,2e-07,1.7603430799001778,0.016021684743463993,0.04203766491264105,0.09753755759447813,0.3919782415032387
1304,1304,3.6031761169433594,3.6327097415924072,2e-07,1.7704143710853806,0.016023950185626745,0.04162557399831712,0.09727916680276394,0.39205583184957504
1305,1305,3.5925724506378174,3.5799901485443115,2e-07,1.7846390254463131,0.0160307209007442,0.04215240734629333,0.0974212558940053,0.3939760774374008
1306,1306,3.5954573154449463,3.588742256164551,2e-07,1.7951418112152222,0.016008056700229645,0.041785576730035245,0.09738338086754084,0.3918466940522194
1307,1307,3.6139750480651855,3.6407251358032227,2e-07,1.8063760697272118,0.016006112564355135,0.04163271468132734,0.09724208153784275,0.3927488923072815
1308,1308,3.607307195663452,3.5925357341766357,2e-07,1.8135235890336463,0.016034784726798534,0.04219626006670296,0.09747450519353151,0.3947785869240761
1309,1309,3.585987091064453,3.5659587383270264,2e-07,1.8220328628405236,0.0160214570350945,0.04195069847628474,0.09720938932150602,0.3917718082666397
1310,1310,3.622748374938965,3.5383198261260986,2e-07,1.8280798729402508,0.01601436920464039,0.0414757642429322,0.09734901040792465,0.39241965115070343
1311,1311,3.639575958251953,3.689859628677368,2e-07,1.7126607494405972,0.016024678479880095,0.042921941727399826,0.09783333353698254,0.3952520191669464
1312,1312,3.6143715381622314,3.6304028034210205,2e-07,1.7285865241435223,0.016024119220674038,0.04205044650007039,0.09733419213443995,0.3933114856481552
1313,1313,3.5654408931732178,3.6395771503448486,2e-07,1.7407538783657472,0.0160286040045321,0.0422696468885988,0.09757761936634779,0.3939828649163246
1314,1314,3.5927963256835938,3.5401721000671387,2e-07,1.7545080118863792,0.016019406728446484,0.04174576583318412,0.0975002134218812,0.39327289909124374
1315,1315,3.5699853897094727,3.6079599857330322,2e-07,1.7663252719917495,0.016001458279788494,0.042089569149538875,0.09747876040637493,0.3940589055418968
1316,1316,3.6083309650421143,3.5779988765716553,2e-07,1.7795048940996014,0.016021589282900095,0.04210277879610658,0.09761533979326487,0.39358731359243393
1317,1317,3.5269672870635986,3.6084442138671875,2e-07,1.7917445177332916,0.01603027619421482,0.04209017287939787,0.09759037755429745,0.39230385422706604
1318,1318,3.692945718765259,3.611476421356201,2e-07,1.800361244877595,0.016000657342374325,0.041609852807596326,0.09735351614654064,0.3933166563510895
1319,1319,3.57914400100708,3.531588315963745,2e-07,1.805026564589402,0.01602806570008397,0.04243348794989288,0.0973761398345232,0.3943127766251564
1320,1320,3.5909390449523926,3.611241579055786,2e-07,1.6920771146796016,0.016041455324739218,0.041536175180226564,0.0969715928658843,0.3913370668888092
1321,1321,3.6160433292388916,3.635418653488159,2e-07,1.7114894272648382,0.01601848006248474,0.04201325005851686,0.0977002801373601,0.3942437842488289
1322,1322,3.588667154312134,3.621147871017456,2e-07,1.7298686040848616,0.016027372796088457,0.04191398527473211,0.09760330244898796,0.3948293626308441
1323,1323,3.5685601234436035,3.5841431617736816,2e-07,1.7436016642931638,0.016025671269744635,0.042293631471693516,0.09774484392255545,0.3957061097025871
1324,1324,3.617908239364624,3.6337950229644775,2e-07,1.7600440759303442,0.016024930402636528,0.0421137826051563,0.09762612264603376,0.39514320343732834
1325,1325,3.6396210193634033,3.607985734939575,2e-07,1.7774047714861991,0.016036611050367355,0.04108122771140188,0.09741614293307066,0.3913227990269661
1326,1326,3.577338933944702,3.6173367500305176,2e-07,1.7872076345980707,0.016033148858696222,0.042929751332849264,0.0979678900912404,0.3974592238664627
1327,1327,3.607440233230591,3.5682191848754883,2e-07,1.7917244747292178,0.016025681979954243,0.04262057621963322,0.09775559511035681,0.39597824960947037
1328,1328,3.587306261062622,3.574738025665283,2e-07,1.8033150395992725,0.016014720778912306,0.04187129880301654,0.09767198283225298,0.3937425762414932
1329,1329,3.5990071296691895,3.5885050296783447,2e-07,1.8109059509336394,0.016019034665077925,0.04241630923934281,0.09757326450198889,0.3958284258842468
1330,1330,3.6131443977355957,3.621905565261841,2e-07,1.820926692821191,0.016029278747737408,0.04248911002650857,0.09781962912529707,0.39602090418338776
1331,1331,3.574760913848877,3.586514949798584,2e-07,1.8251280609808518,0.016053409315645695,0.041428311727941036,0.09738718811422586,0.39183421432971954
1332,1332,3.61502742767334,3.5959410667419434,2e-07,1.8337474899967379,0.01604781299829483,0.042059389874339104,0.09762386977672577,0.394631028175354
1333,1333,3.622359037399292,3.618007183074951,2e-07,1.8377914022695956,0.0160179422236979,0.042142021004110575,0.09773164615035057,0.397061325609684
1334,1334,3.6008994579315186,3.559128999710083,2e-07,1.8425915856687922,0.01603323081508279,0.04214105987921357,0.09779722802340984,0.3946409374475479
1335,1335,3.6162760257720947,3.571629047393799,2e-07,1.84513216814004,0.01602466544136405,0.0427712076343596,0.09789285343140364,0.3974776938557625
1336,1336,3.5302934646606445,3.5975563526153564,2e-07,1.8467205874770305,0.016024255193769932,0.04211711301468313,0.09773050434887409,0.3955543115735054
1337,1337,3.5554111003875732,3.6207237243652344,2e-07,1.8520463739267574,0.0160352922976017,0.04291072301566601,0.09813517797738314,0.3975578248500824
1338,1338,3.5704498291015625,3.664168119430542,2e-07,1.8523488555608223,0.016012032981961966,0.04252743721008301,0.09791269153356552,0.39748816192150116
1339,1339,3.6505091190338135,3.5957605838775635,2e-07,1.8585120095673602,0.016019003465771675,0.04274687566794455,0.09806855861097574,0.3978823870420456
1340,1340,3.544374704360962,3.561047315597534,2e-07,1.8594645424612735,0.01600448414683342,0.04245674633421004,0.09755918476730585,0.39563021063804626
1341,1341,3.6483678817749023,3.551313638687134,2e-07,1.8644874389962005,0.01601829892024398,0.04275972628965974,0.09781421907246113,0.39701108634471893
1342,1342,3.577058792114258,3.630950927734375,2e-07,1.865523697123199,0.016028922516852617,0.04277840908616781,0.09812154620885849,0.39899586141109467
1343,1343,3.602839946746826,3.5650815963745117,2e-07,1.870040881832523,0.016024090815335512,0.04275372135452926,0.09793489426374435,0.3980817571282387
1344,1344,3.5637564659118652,3.61438250541687,2e-07,1.8694957792472218,0.0160266668535769,0.04221352899912745,0.09792312048375607,0.3959963992238045
1345,1345,3.5699713230133057,3.650397539138794,2e-07,1.8739756839354158,0.016021049115806818,0.04273902904242277,0.0978252599015832,0.3975363150238991
1346,1346,3.5765793323516846,3.596803665161133,2e-07,1.874540948170167,0.01600312301889062,0.04257401148788631,0.09801413398236036,0.39701632410287857
1347,1347,3.6654820442199707,3.6091606616973877,2e-07,1.8782462628738814,0.016037956811487675,0.04238128615543246,0.09795035142451525,0.39669110625982285
1348,1348,3.5211265087127686,3.5992777347564697,2e-07,1.878858646935443,0.01604094449430704,0.04268398601561785,0.09787685610353947,0.39780474454164505
1349,1349,3.580385208129883,3.6290807723999023,2e-07,1.880883924162404,0.016012408304959536,0.042637087404727936,0.09794022981077433,0.3970622345805168
1350,1350,3.6256120204925537,3.6278059482574463,2e-07,1.8815031212363345,0.016033001709729433,0.04305958352051675,0.09802992735058069,0.3992677703499794
1351,1351,3.5769989490509033,3.5817408561706543,2e-07,1.8841283141218426,0.016024074982851744,0.042871892685070634,0.09803040605038404,0.3985898569226265
1352,1352,3.5473365783691406,3.6120123863220215,2e-07,1.8842927717755305,0.01603117724880576,0.043352641398087144,0.09795183688402176,0.3980553299188614
1353,1353,3.5799622535705566,3.6807303428649902,2e-07,1.8857065680088338,0.016041005961596966,0.04107436700724065,0.09748749528080225,0.3914868086576462
1354,1354,3.5868308544158936,3.597062826156616,2e-07,1.8873777755367551,0.01601977227255702,0.042588198091834784,0.09812612552195787,0.39879465103149414
1355,1355,3.5673248767852783,3.528937578201294,2e-07,1.8868112555075989,0.016025894787162542,0.04256939864717424,0.09786510746926069,0.3987427204847336
1356,1356,3.5292985439300537,3.5595927238464355,2e-07,1.7655793246768465,0.016000526025891304,0.0433833880815655,0.09830088168382645,0.40112239867448807
1357,1357,3.5912833213806152,3.5980186462402344,2e-07,1.7804739396256701,0.016005920246243477,0.042188408551737666,0.09795457776635885,0.39775514602661133
1358,1358,3.558811902999878,3.6114559173583984,2e-07,1.790104806292506,0.016033660620450974,0.04197986249346286,0.0977594731375575,0.39784303307533264
1359,1359,3.58813214302063,3.650482177734375,2e-07,1.8019885926590675,0.01602962426841259,0.042847618693485856,0.09819524176418781,0.39834316819906235
1360,1360,3.5776617527008057,3.602708101272583,2e-07,1.8111330736479196,0.016050650272518396,0.04162391391582787,0.09797466173768044,0.3968309387564659
1361,1361,3.534956693649292,3.661731004714966,2e-07,1.820019676809222,0.016019139904528856,0.04298831592313945,0.09803345985710621,0.3985466882586479
1362,1362,3.5912744998931885,3.5767650604248047,2e-07,1.8259239623554635,0.01602440793067217,0.04225742118433118,0.09799458645284176,0.3993639722466469
1363,1363,3.5797324180603027,3.5788848400115967,2e-07,1.8332963721641677,0.016017611604183912,0.04325379431247711,0.09815882332623005,0.4006968215107918
1364,1364,3.582287073135376,3.5878660678863525,2e-07,1.843702622433204,0.01601343834772706,0.04241654113866389,0.098089967854321,0.39796676486730576
1365,1365,3.5868031978607178,3.5950894355773926,2e-07,1.8463299505541417,0.016034879256039858,0.042653065640479326,0.09789784159511328,0.3984585106372833
1366,1366,3.553340435028076,3.562946081161499,2e-07,1.8479493053195764,0.01601945236325264,0.04255464137531817,0.09802292939275503,0.4000110775232315
1367,1367,3.5620834827423096,3.5800464153289795,2e-07,1.8535682555307778,0.01604260364547372,0.043252529576420784,0.09841612074524164,0.39916810393333435
1368,1368,3.6138107776641846,3.614257574081421,2e-07,1.8555738389319985,0.016046677250415087,0.04200354288332164,0.09795454796403646,0.39831991493701935
1369,1369,3.5750091075897217,3.587226390838623,2e-07,1.8604427827606962,0.01602400140836835,0.04242884740233421,0.09808686096221209,0.39790766686201096
1370,1370,3.6134235858917236,3.5937886238098145,2e-07,1.8642292070448763,0.016012856736779213,0.04191283555701375,0.0977850928902626,0.3974044546484947
1371,1371,3.5660459995269775,3.633941888809204,2e-07,1.8669856805470662,0.01602046564221382,0.04211881081573665,0.09776750113815069,0.39644520729780197
1372,1372,3.5998878479003906,3.5738773345947266,2e-07,1.8650100286105724,0.01601775223389268,0.04268027236685157,0.09818417020142078,0.4007243439555168
1373,1373,3.602266550064087,3.5801005363464355,2e-07,1.8697186237119003,0.0160243958234787,0.042697646422311664,0.09814209956675768,0.39932389557361603
1374,1374,3.576523542404175,3.5948903560638428,2e-07,1.872587772831164,0.01601629750803113,0.04166341386735439,0.09807449299842119,0.3988887444138527
1375,1375,3.6458115577697754,3.554309844970703,2e-07,1.8762149235454435,0.016043685376644135,0.04342106403782964,0.09852606989443302,0.4016571491956711
1376,1376,3.586138963699341,3.5622811317443848,2e-07,1.8766492896979472,0.01602861750870943,0.042098775622434914,0.09806385170668364,0.3979567512869835
1377,1377,3.5844075679779053,3.595921754837036,2e-07,1.8787738387612651,0.016034668777137995,0.04333696234971285,0.09845543280243874,0.40168745815753937
1378,1378,3.5929415225982666,3.5878474712371826,2e-07,1.8813705111041497,0.016008633188903332,0.042273406870663166,0.09816207364201546,0.399138368666172
1379,1379,3.583829641342163,3.559032678604126,2e-07,1.881075092742846,0.016017384827136993,0.04309161892160773,0.09837348572909832,0.40060044080018997
1380,1380,3.5506365299224854,3.595676898956299,2e-07,1.8790295986582821,0.016031050123274326,0.043173087295144796,0.09839449916034937,0.40186378359794617
1381,1381,3.584113597869873,3.601288080215454,2e-07,1.8782683830181688,0.016045226249843836,0.04311143304221332,0.09843333810567856,0.4020182862877846
1382,1382,3.5888588428497314,3.6722452640533447,2e-07,1.8771036381703354,0.01602347521111369,0.04376586223952472,0.09856032766401768,0.40287860482931137
1383,1383,3.6048667430877686,3.6541361808776855,2e-07,1.8751784144872032,0.01603804901242256,0.0429071974940598,0.09832775592803955,0.4005139172077179
1384,1384,3.567636489868164,3.63130259513855,2e-07,1.8773923668049013,0.016029255464673042,0.04275638796389103,0.0983379203826189,0.40099117159843445
1385,1385,3.568828582763672,3.639808416366577,2e-07,1.87416934253191,0.016039426438510418,0.04227589536458254,0.0981353996321559,0.4002549275755882
1386,1386,3.551549196243286,3.598388195037842,2e-07,1.8789206189403305,0.01602892903611064,0.04301533289253712,0.09829062223434448,0.4009058550000191
1387,1387,3.625993013381958,3.5339016914367676,2e-07,1.878535683095597,0.01604153960943222,0.04302864661440253,0.09846367500722408,0.4030724838376045
1388,1388,3.5926756858825684,3.5982980728149414,2e-07,1.8819251863530375,0.01601168280467391,0.04317344329319894,0.09835569281131029,0.4022179916501045
1389,1389,3.5843393802642822,3.6035757064819336,2e-07,1.8796442769898607,0.016012670937925577,0.042384189553558826,0.0982608962804079,0.40052708238363266
1390,1390,3.593493700027466,3.6290528774261475,2e-07,1.883439056849158,0.016021371819078922,0.04352120356634259,0.09846192970871925,0.4036099836230278
1391,1391,3.598005771636963,3.5787014961242676,2e-07,1.8814785820916093,0.016024451702833176,0.04342493857257068,0.09854808263480663,0.4028962552547455
1392,1392,3.576282024383545,3.6171023845672607,2e-07,1.885087827687536,0.01602688105776906,0.043113341787829995,0.09875222109258175,0.40310700237751007
1393,1393,3.5612685680389404,3.5845165252685547,2e-07,1.8844489436573224,0.016042170580476522,0.042769856518134475,0.0983530217781663,0.4020894765853882
1394,1394,3.6254169940948486,3.5709590911865234,2e-07,1.8872345668835198,0.016025687102228403,0.043023063801229,0.09827772807329893,0.4019106701016426
1395,1395,3.5592994689941406,3.5850682258605957,2e-07,1.884337729044174,0.01603178307414055,0.043767045019194484,0.09861143492162228,0.4044787138700485
1396,1396,3.575711727142334,3.6059858798980713,2e-07,1.8868691340499006,0.016026869416236877,0.04411098198033869,0.09873844403773546,0.40516825020313263
1397,1397,3.5749351978302,3.575309991836548,2e-07,1.8870998908920718,0.0160320526920259,0.043303064769133925,0.09827924147248268,0.4019787013530731
1398,1398,3.586925506591797,3.5957963466644287,2e-07,1.889369685559093,0.016033226158469915,0.042813210748136044,0.0985464546829462,0.4031241163611412
1399,1399,3.552798271179199,3.627866268157959,2e-07,1.8881311316521123,0.016040754970163107,0.04300961969420314,0.09850335866212845,0.4036647155880928
1400,1400,3.5745654106140137,3.5635433197021484,2e-07,1.8902665067368718,0.01603132439777255,0.043617697432637215,0.09872939996421337,0.40367773175239563
1401,1401,3.616074562072754,3.5414223670959473,2e-07,1.895027294186134,0.016038351226598024,0.04255284206010401,0.09864199813455343,0.4028533399105072
1402,1402,3.538355827331543,3.6484854221343994,2e-07,1.8926522842816582,0.016031326726078987,0.043475420447066426,0.0986232915893197,0.40361877530813217
1403,1403,3.536872148513794,3.600271463394165,2e-07,1.8953990493604411,0.016038006637245417,0.043491872726008296,0.09874761197715998,0.4043399542570114
1404,1404,3.569634199142456,3.5689237117767334,2e-07,1.8954242631157647,0.016045625787228346,0.041955719236284494,0.09826507233083248,0.4006278067827225
1405,1405,3.5906970500946045,3.5766589641571045,2e-07,1.8940247375914432,0.0160132828168571,0.04234187980182469,0.09856734052300453,0.40262410044670105
1406,1406,3.595829725265503,3.59486722946167,2e-07,1.8955603225259865,0.01603580405935645,0.042971628718078136,0.0986547451466322,0.40482620149850845
1407,1407,3.5628507137298584,3.517054796218872,2e-07,1.8938863056116897,0.016027541365474463,0.0431400784291327,0.09876097831875086,0.40394094586372375
1408,1408,3.6039116382598877,3.5404269695281982,2e-07,1.7720992165633693,0.016026010736823082,0.04214940336532891,0.09831090923398733,0.40060532838106155
1409,1409,3.5721070766448975,3.6286678314208984,2e-07,1.779277038529388,0.016032750718295574,0.042539586778730154,0.09878171607851982,0.4035034477710724
1410,1410,3.5702595710754395,3.564283609390259,2e-07,1.7927431826127809,0.016033599618822336,0.043975780718028545,0.09886649623513222,0.40722931921482086
1411,1411,3.5364787578582764,3.67376971244812,2e-07,1.8006226314318787,0.01603984832763672,0.04263045149855316,0.0983853880316019,0.40130480378866196
1412,1412,3.570796012878418,3.6076912879943848,2e-07,1.811803439855691,0.01603670511394739,0.04284509550780058,0.0987589443102479,0.40428392589092255
1413,1413,3.5541656017303467,3.6162314414978027,2e-07,1.8167960922906103,0.016029384918510914,0.043385310331359506,0.09839816763997078,0.40340494364500046
1414,1414,3.5308837890625,3.570794105529785,2e-07,1.8264202554185003,0.016020445618778467,0.04274075967259705,0.09837692324072123,0.4044395163655281
1415,1415,3.5924627780914307,3.596951723098755,2e-07,1.8318806358616435,0.016029130201786757,0.04318845411762595,0.09872219059616327,0.4042738229036331
1416,1416,3.5321297645568848,3.5752172470092773,2e-07,1.8400298512208388,0.01601628912612796,0.043273499235510826,0.09859962482005358,0.4026233106851578
1417,1417,3.558363676071167,3.6117498874664307,2e-07,1.850171615281667,0.01600685343146324,0.04316284810192883,0.09858356509357691,0.40357909351587296
1418,1418,3.56269907951355,3.5742533206939697,2e-07,1.8524606441468643,0.016049832105636597,0.043376252287998796,0.09880766551941633,0.4043811783194542
1419,1419,3.5789315700531006,3.585681438446045,2e-07,1.8529720776750815,0.016051428392529488,0.044316458282992244,0.09910577908158302,0.40739724785089493
1420,1420,3.5469372272491455,3.6157522201538086,2e-07,1.8589430543702539,0.01602559955790639,0.043595576426014304,0.09879848081618547,0.4057527706027031
1421,1421,3.600754499435425,3.6789443492889404,2e-07,1.8653565030198997,0.016043062321841717,0.043073808308690786,0.0988019984215498,0.40503309667110443
1422,1422,3.5947868824005127,3.6157355308532715,2e-07,1.8662515724534472,0.01601788541302085,0.04310209583491087,0.09867518581449986,0.40481723099946976
1423,1423,3.621999740600586,3.554612636566162,2e-07,1.8627277327121625,0.016017727088183165,0.043267423287034035,0.09903696551918983,0.4075925424695015
1424,1424,3.5591952800750732,3.5774245262145996,2e-07,1.8674869251768453,0.016032930463552475,0.04364029970020056,0.09872467909008265,0.4072469100356102
1425,1425,3.5416207313537598,3.545344591140747,2e-07,1.8678879919496745,0.01604743581265211,0.042950699338689446,0.09888006933033466,0.40535007417201996
1426,1426,3.5881214141845703,3.596280574798584,2e-07,1.8697986331932088,0.0160480341874063,0.043198784813284874,0.09891162533313036,0.40582144260406494
1427,1427,3.507383346557617,3.6183083057403564,2e-07,1.8707533085431807,0.016037601977586746,0.04346634424291551,0.09890872146934271,0.40727777034044266
1428,1428,3.5266411304473877,3.6196985244750977,2e-07,1.8681610825380637,0.01601717248558998,0.04365762835368514,0.09890144877135754,0.40723588317632675
1429,1429,3.5847387313842773,3.584458589553833,2e-07,1.871260243137819,0.01603728625923395,0.04391519329510629,0.09898209664970636,0.40777450054883957
1430,1430,3.5638136863708496,3.589005947113037,2e-07,1.8726626916100577,0.016013760585337877,0.0433906780090183,0.09884727466851473,0.4066752642393112
1431,1431,3.5438802242279053,3.591557741165161,2e-07,1.8750767420286192,0.01604702463373542,0.043194235069677234,0.0989222377538681,0.40631191432476044
1432,1432,3.570805788040161,3.556753396987915,2e-07,1.8730761868524979,0.01603953307494521,0.04241976491175592,0.09882959444075823,0.4047464430332184
1433,1433,3.5403859615325928,3.5655839443206787,2e-07,1.8771812798678185,0.016017715446650982,0.04293248592875898,0.09884860273450613,0.406117208302021
1434,1434,3.5550272464752197,3.539511203765869,2e-07,1.875256191294895,0.01602978678420186,0.04293320490978658,0.0985778160393238,0.40368010848760605
1435,1435,3.570154905319214,3.591525077819824,2e-07,1.8802861973946867,0.0160399847663939,0.043119627982378006,0.09896371513605118,0.4063903018832207
1436,1436,3.541937828063965,3.616046667098999,2e-07,1.8792571686356137,0.016010053921490908,0.04365617036819458,0.09893760923296213,0.40638467669487
1437,1437,3.5377421379089355,3.530606985092163,2e-07,1.8827399712036754,0.01603584922850132,0.04429205693304539,0.09913160931318998,0.40882658213377
1438,1438,3.5549492835998535,3.572741746902466,2e-07,1.8888287688318046,0.016032208688557148,0.043667611200362444,0.09894762746989727,0.4078386351466179
1439,1439,3.5613019466400146,3.614356517791748,2e-07,1.8872540895667984,0.016036223620176315,0.044056631391867995,0.0995682617649436,0.4097176119685173
1440,1440,3.596229314804077,3.6048367023468018,2e-07,1.8828056177951518,0.016036431770771742,0.04410933377221227,0.09914628975093365,0.4089076370000839
1441,1441,3.5584895610809326,3.669804811477661,2e-07,1.8853422150651733,0.016020523849874735,0.04327239282429218,0.09908776823431253,0.4075669199228287
1442,1442,3.5394797325134277,3.5897793769836426,2e-07,1.8865500855151203,0.016032324638217688,0.04322499642148614,0.09909187909215689,0.40769654512405396
1443,1443,3.563913583755493,3.564063549041748,2e-07,1.8877216562652608,0.016042964532971382,0.04366333386860788,0.09892521146684885,0.40706437826156616
1444,1444,3.5752830505371094,3.5804853439331055,2e-07,1.8915390624506891,0.01604292169213295,0.04386771540157497,0.09918839391320944,0.4092070013284683
1445,1445,3.5145952701568604,3.5464839935302734,2e-07,1.8910927456957909,0.016021001152694225,0.04252552171237767,0.09880541637539864,0.40606122463941574
1446,1446,3.557710886001587,3.6510329246520996,2e-07,1.885897818744402,0.016035896725952625,0.043496543541550636,0.09898880962282419,0.40724989026784897
1447,1447,3.522362470626831,3.6543290615081787,2e-07,1.8875747518205692,0.016036951448768377,0.04333432670682669,0.09888079855591059,0.40750110149383545
1448,1448,3.5788753032684326,3.5592334270477295,2e-07,1.886592316053853,0.01601372007280588,0.0446688134688884,0.09947566781193018,0.41250352561473846
1449,1449,3.5680510997772217,3.54538631439209,2e-07,1.8897891145781827,0.016021466348320246,0.04389060311950743,0.09909822512418032,0.4089624509215355
1450,1450,3.5834362506866455,3.5637309551239014,2e-07,1.8938976148161493,0.016036991495639086,0.0434925511945039,0.09932415653020144,0.40713854879140854
1451,1451,3.5387210845947266,3.538133382797241,2e-07,1.8956108323417566,0.01601538434624672,0.04383544158190489,0.0992170823737979,0.4095015376806259
1452,1452,3.557255983352661,3.640380620956421,2e-07,1.8919771791295739,0.016028211917728186,0.043296717340126634,0.0989950830116868,0.40842416137456894
1453,1453,3.5750045776367188,3.6062424182891846,2e-07,1.8944020207620593,0.01602127030491829,0.043247262481600046,0.09931484702974558,0.4071938470005989
1454,1454,3.5874602794647217,3.584195852279663,2e-07,1.894038890707938,0.016020051669329405,0.044122791616246104,0.09889405965805054,0.4098983183503151
1455,1455,3.548964738845825,3.648627758026123,2e-07,1.895875980760502,0.016049114055931568,0.04441971378400922,0.09955022297799587,0.4106120392680168
1456,1456,3.5392205715179443,3.600010395050049,2e-07,1.893853860738896,0.016019652597606182,0.04446944082155824,0.09922549780458212,0.4102637320756912
1457,1457,3.599303960800171,3.5866682529449463,2e-07,1.8958246062248316,0.016017237212508917,0.04368769400753081,0.09920083172619343,0.4080127850174904
1458,1458,3.5426268577575684,3.5504963397979736,2e-07,1.8938176880182134,0.016035280656069517,0.04420406511053443,0.09940385911613703,0.41067684441804886
1459,1459,3.5936708450317383,3.6040709018707275,2e-07,1.8954386595310815,0.01601335685700178,0.04392278101295233,0.09937422163784504,0.41049647331237793
1460,1460,3.556706190109253,3.555107593536377,2e-07,1.8939546987772626,0.01601535314694047,0.04493255657143891,0.09951404016464949,0.41253869235515594
1461,1461,3.6460039615631104,3.562869071960449,2e-07,1.894375500838304,0.016016653273254633,0.04367259377613664,0.09907312132418156,0.4087759926915169
1462,1462,3.541472911834717,3.570939302444458,2e-07,1.8985043442797347,0.01603231532499194,0.04393637226894498,0.09950211085379124,0.41059560328722
1463,1463,3.5708017349243164,3.6473121643066406,2e-07,1.8958257141109227,0.016037849709391594,0.04291653959080577,0.09899797663092613,0.40655892342329025
1464,1464,3.519827127456665,3.5913805961608887,2e-07,1.890835352660201,0.016040067188441753,0.043912198627367616,0.09910575393587351,0.41037533432245255
1465,1465,3.6208925247192383,3.5184621810913086,2e-07,1.8915351132924814,0.016032356768846512,0.042673324001953006,0.0989506533369422,0.4070580154657364
1466,1466,3.563582420349121,3.6357593536376953,2e-07,1.8924744987749178,0.016034267842769623,0.04412196949124336,0.09950347524136305,0.4108298569917679
1467,1467,3.555509328842163,3.5236902236938477,2e-07,1.892510925886635,0.016036957036703825,0.0429819606943056,0.09920162986963987,0.4077623561024666
1468,1468,3.5957672595977783,3.661437749862671,2e-07,1.8967812213508672,0.01604380365461111,0.043900118907913566,0.09930826257914305,0.41091401129961014
1469,1469,3.580674648284912,3.578592538833618,2e-07,1.8934428159452135,0.016038337722420692,0.043569584377110004,0.09909442532807589,0.40978801995515823
1470,1470,3.543447971343994,3.5409770011901855,2e-07,1.889574157442625,0.016036395449191332,0.04312801291234791,0.0992652177810669,0.40829264372587204
1471,1471,3.5050339698791504,3.5628647804260254,2e-07,1.8915026696957586,0.016034923028200865,0.0437781997025013,0.09946687798947096,0.4113244488835335
1472,1472,3.5542731285095215,3.5762805938720703,2e-07,1.8876412387532102,0.01601919997483492,0.043384097050875425,0.09934104699641466,0.41015417873859406
1473,1473,3.5413341522216797,3.5766029357910156,2e-07,1.8901976390620148,0.01601675944402814,0.04444607603363693,0.09946340601891279,0.41250910609960556
1474,1474,3.5089869499206543,3.5732924938201904,2e-07,1.887810072060778,0.016024733893573284,0.043963483069092035,0.09928974788635969,0.41148728132247925
1475,1475,3.5578525066375732,3.5716865062713623,2e-07,1.8881450062653464,0.0160265457816422,0.04442839859984815,0.09961467795073986,0.412688784301281
1476,1476,3.5645551681518555,3.599182605743408,2e-07,1.885648372957892,0.01604056404903531,0.04490524064749479,0.09962407499551773,0.41417552530765533
1477,1477,3.615312099456787,3.5780956745147705,2e-07,1.8846973325035603,0.016044593881815672,0.04444952844642103,0.09937767684459686,0.4112900123000145
1478,1478,3.568147659301758,3.6147892475128174,2e-07,1.8855627354571272,0.01604185253381729,0.04361561010591686,0.09896800853312016,0.40880557149648666
1479,1479,3.569204807281494,3.5556678771972656,2e-07,1.8828074012769875,0.016029336489737034,0.04391111619770527,0.09949238132685423,0.41317018866539
1480,1480,3.5604965686798096,3.567678928375244,2e-07,1.885644267090261,0.016028663143515587,0.043993523344397545,0.09922290034592152,0.410650297999382
1481,1481,3.559016227722168,3.5593605041503906,2e-07,1.8826164965632335,0.016018899623304605,0.04333098069764674,0.09937675762921572,0.410980686545372
1482,1482,3.586005449295044,3.612032890319824,2e-07,1.8860993291621133,0.016037484630942345,0.04392851563170552,0.09924404416233301,0.41242823004722595
1483,1483,3.5630457401275635,3.581272840499878,2e-07,1.8848839452465511,0.016037775203585625,0.043751698918640614,0.09963872097432613,0.41272684931755066
1484,1484,3.51910138130188,3.5791592597961426,2e-07,1.8878250333348123,0.016039882320910692,0.04462138144299388,0.09955512639135122,0.41423337161540985
1485,1485,3.591885805130005,3.6058945655822754,2e-07,1.8868175694166716,0.016013001557439566,0.043546775821596384,0.09912981186062098,0.40916960686445236
1486,1486,3.5737898349761963,3.578218460083008,2e-07,1.8889654712838517,0.016012778505682945,0.04433983121998608,0.09933903906494379,0.4141319543123245
1487,1487,3.5181050300598145,3.658259868621826,2e-07,1.8880135668322144,0.016039256006479263,0.043025108287110925,0.09961784910410643,0.4118761196732521
1488,1488,3.5609209537506104,3.5800704956054688,2e-07,1.8894023231926433,0.01605735206976533,0.04417955316603184,0.09934439603239298,0.41226430982351303
1489,1489,3.5665395259857178,3.60644268989563,2e-07,1.8887468608765845,0.01604184042662382,0.04360137553885579,0.09952762443572283,0.4114297553896904
1490,1490,3.4916470050811768,3.5930986404418945,2e-07,1.8915157444280635,0.01602006796747446,0.04289952968247235,0.09925284050405025,0.410243920981884
1491,1491,3.5519051551818848,3.5311801433563232,2e-07,1.8941970379975224,0.01603798381984234,0.043593751499429345,0.09940949734300375,0.41079384088516235
1492,1492,3.5695478916168213,3.6449928283691406,2e-07,1.891686939811175,0.016014630440622568,0.04509090608917177,0.09954280499368906,0.4144850820302963
1493,1493,3.60652494430542,3.5724055767059326,2e-07,1.888392291609733,0.01602469990029931,0.04454536107368767,0.09958353731781244,0.41334007680416107
1494,1494,3.5706331729888916,3.527392864227295,2e-07,1.889192222783987,0.016021198127418756,0.042599876411259174,0.09913177695125341,0.4087655767798424
1495,1495,3.526768445968628,3.583810567855835,2e-07,1.8888930245587847,0.016033751424402,0.04387800325639546,0.09960201382637024,0.4123223125934601
1496,1496,3.6059772968292236,3.6017065048217773,2e-07,1.89119449631165,0.016038901638239622,0.044551445404067636,0.09972474910318851,0.414227694272995
1497,1497,3.566627025604248,3.609856367111206,2e-07,1.8902341502710025,0.01603434979915619,0.04439806146547198,0.0996993612498045,0.41302306950092316
1498,1498,3.5979325771331787,3.587646722793579,2e-07,1.891130131209888,0.016037191729992628,0.04396445048041642,0.09982064738869667,0.41389326751232147
1499,1499,3.5949714183807373,3.5258851051330566,2e-07,1.8883906121703795,0.01603549486026168,0.04460304509848356,0.09978658705949783,0.4153679981827736
1500,1500,3.5369415283203125,3.5531272888183594,2e-07,1.887672177441966,0.016012204345315695,0.04439203185029328,0.09963743202388287,0.4145243167877197
1501,1501,3.5793263912200928,3.6034252643585205,2e-07,1.8872465373122858,0.016044508200138807,0.04400899261236191,0.09961098618805408,0.41313838958740234
1502,1502,3.580317497253418,3.571537971496582,2e-07,1.8878631727564537,0.016031816136091948,0.04490855894982815,0.09992252103984356,0.4164116308093071
1503,1503,3.5503783226013184,3.642902374267578,2e-07,1.8881498369177445,0.016015314031392336,0.044613626319915056,0.0997315663844347,0.4143408238887787
1504,1504,3.528582811355591,3.62587571144104,2e-07,1.888079122160354,0.01604450959712267,0.04408143018372357,0.09977181628346443,0.4141080603003502
1505,1505,3.6399598121643066,3.5268702507019043,2e-07,1.8870926579078862,0.01603711163625121,0.04374512750655413,0.09953278861939907,0.41412368416786194
1506,1506,3.564988613128662,3.5968005657196045,2e-07,1.882571003621545,0.016018498688936234,0.04407410486601293,0.09984483011066914,0.41444960981607437
1507,1507,3.5621964931488037,3.589108467102051,2e-07,1.8853625732518218,0.016035756561905146,0.04406646662391722,0.09966446366161108,0.4133197218179703
1508,1508,3.5773563385009766,3.587730884552002,2e-07,1.883488409380623,0.016032514162361622,0.044329537311568856,0.09964373521506786,0.4151807725429535
1509,1509,3.538334369659424,3.5243968963623047,2e-07,1.8871283621611883,0.016018240246921778,0.04413999989628792,0.09982689935714006,0.41448456048965454
1510,1510,3.474928855895996,3.5816853046417236,2e-07,1.8914474950329396,0.016032284125685692,0.043093139538541436,0.09952522348612547,0.4122651293873787
1511,1511,3.5328307151794434,3.526395797729492,2e-07,1.8903343275400113,0.01604837365448475,0.04434005077928305,0.09973908495157957,0.41430770605802536
1512,1512,3.5958192348480225,3.5541841983795166,2e-07,1.889480255805535,0.01604558853432536,0.04435000359080732,0.0995783032849431,0.4148133024573326
1513,1513,3.557023048400879,3.540015697479248,2e-07,1.888827141931032,0.016054635867476463,0.04412245936691761,0.09990686550736427,0.4140435755252838
1514,1514,3.5701682567596436,3.586080551147461,2e-07,1.8846361136245449,0.016041353344917297,0.04303856333717704,0.09939125180244446,0.4113233983516693
1515,1515,3.5306499004364014,3.5767948627471924,2e-07,1.8872002923902615,0.016028558369725943,0.04405836225487292,0.09963272605091333,0.414418525993824
1516,1516,3.5223822593688965,3.559187412261963,2e-07,1.8869274316105418,0.01602943893522024,0.04323519812896848,0.09933749306946993,0.41226669400930405
1517,1517,3.5366761684417725,3.5998570919036865,2e-07,1.8886485691926465,0.0160266594029963,0.04581081680953503,0.1001412644982338,0.4177320897579193
1518,1518,3.495561361312866,3.6132142543792725,2e-07,1.8869474995794333,0.01604558853432536,0.04348561936058104,0.09953697584569454,0.41326405853033066
1519,1519,3.547787666320801,3.572112798690796,2e-07,1.8879598322920805,0.01602757629007101,0.04485753457993269,0.09980604238808155,0.41622181981801987
1520,1520,3.5689713954925537,3.630671739578247,2e-07,1.8874364504646426,0.016030701342970133,0.04428905947133899,0.09980050008744001,0.4162151366472244
1521,1521,3.543323278427124,3.6141910552978516,2e-07,1.8892416151614175,0.016035767272114754,0.044160929042845964,0.09980982821434736,0.41461414843797684
1522,1522,3.521259069442749,3.600900888442993,2e-07,1.8877180301322227,0.01603752188384533,0.044217155780643225,0.09988481644541025,0.4152306616306305
1523,1523,3.5736637115478516,3.552628993988037,2e-07,1.8845006101094839,0.016029983293265104,0.04476760234683752,0.1000745976343751,0.41699594259262085
1524,1524,3.533520221710205,3.641287088394165,2e-07,1.884246119202088,0.016031716484576464,0.04368900018744171,0.0997973345220089,0.414612352848053
1525,1525,3.525653600692749,3.660837411880493,2e-07,1.8830314014492602,0.01605223212391138,0.04422021517530084,0.0997979762032628,0.4151683449745178
1526,1526,3.5339584350585938,3.552779197692871,2e-07,1.8844168148768294,0.01602452015504241,0.044660966377705336,0.10008909925818443,0.41671770066022873
1527,1527,3.5312318801879883,3.615206718444824,2e-07,1.8862025045194581,0.0160418301820755,0.04367132158949971,0.09977315925061703,0.4158206060528755
1528,1528,3.532254695892334,3.5053930282592773,2e-07,1.885427924294356,0.01602083584293723,0.04443539516068995,0.09994415566325188,0.41699809581041336
1529,1529,3.5227878093719482,3.630291223526001,2e-07,1.7541556636801274,0.016022127587348223,0.04490016005001962,0.09988105576485395,0.41778767108917236
1530,1530,3.5226123332977295,3.5240488052368164,2e-07,1.766561545275682,0.01603330345824361,0.044523408403620124,0.10009686648845673,0.41799163818359375
1531,1531,3.5023882389068604,3.629640579223633,2e-07,1.7818794238837956,0.01603553118184209,0.045163944363594055,0.10018587671220303,0.4178064092993736
1532,1532,3.5667004585266113,3.5650877952575684,2e-07,1.7908833311424006,0.016038444358855486,0.04470506450161338,0.09997124411165714,0.4172382652759552
1533,1533,3.5272698402404785,3.585742950439453,2e-07,1.8031259935941735,0.016025083139538765,0.04442427190952003,0.0997897693887353,0.41593729704618454
1534,1534,3.5049946308135986,3.5614233016967773,2e-07,1.8112036913778642,0.016021862160414457,0.04480594000779092,0.10000051278620958,0.4186163544654846
1535,1535,3.56705379486084,3.491375207901001,2e-07,1.821109024632838,0.016031621024012566,0.04441348812542856,0.0995962806046009,0.4158347025513649
1536,1536,3.552551746368408,3.5405983924865723,2e-07,1.7055322641498651,0.016027648467570543,0.045162299182266,0.10034448932856321,0.41915835440158844
1537,1537,3.538499116897583,3.5930614471435547,2e-07,1.7152402869504386,0.016033781226724386,0.04377411282621324,0.10005154274404049,0.4160866215825081
1538,1538,3.543955087661743,3.5897414684295654,2e-07,1.7292253461332303,0.01603228086605668,0.04407950211316347,0.09984732512384653,0.4156394749879837
1539,1539,3.5154800415039062,3.624199867248535,2e-07,1.736376491723251,0.01604685513302684,0.044724921928718686,0.10013724491000175,0.41798510402441025
1540,1540,3.5850989818573,3.5394580364227295,2e-07,1.7426827532827687,0.016033473424613476,0.04486960242502391,0.10012232046574354,0.41930799931287766
1541,1541,3.540886402130127,3.6050727367401123,2e-07,1.7490931193534742,0.016044037882238626,0.04420007672160864,0.09986679535359144,0.41708267480134964
1542,1542,3.5708260536193848,3.5786447525024414,2e-07,1.7549241030424096,0.016021959483623505,0.044158892473205924,0.09986873436719179,0.41754262149333954
1543,1543,3.571995735168457,3.6150715351104736,2e-07,1.7631778348557776,0.016030872706323862,0.04480555630289018,0.10013287980109453,0.41876234114170074
1544,1544,3.5297415256500244,3.582698106765747,2e-07,1.766574543282903,0.016044028103351593,0.04513233411125839,0.10049320664256811,0.4210228696465492
1545,1545,3.5824811458587646,3.5373125076293945,2e-07,1.7691230331688699,0.016021145973354578,0.044339281506836414,0.10025754943490028,0.4180465117096901
1546,1546,3.576310396194458,3.543422222137451,2e-07,1.7733162065692574,0.01605616696178913,0.04440307663753629,0.0999134574085474,0.4181579053401947
1547,1547,3.5141069889068604,3.6275689601898193,2e-07,1.779634197353756,0.016040451359003782,0.043957559391856194,0.09965635556727648,0.41629669070243835
1548,1548,3.525230884552002,3.5560224056243896,2e-07,1.7943325256749652,0.016028927639126778,0.0446645577903837,0.10010179225355387,0.41889747232198715
1549,1549,3.498692274093628,3.4959354400634766,2e-07,1.7981330348767925,0.016029400285333395,0.04450517171062529,0.10005795117467642,0.41785503923892975
1550,1550,3.6034796237945557,3.569187641143799,2e-07,1.7984750768188402,0.01602051593363285,0.043890436412766576,0.09988900925964117,0.41656873375177383
1551,1551,3.5779945850372314,3.6212730407714844,2e-07,1.7974850955522803,0.01605066377669573,0.04461972159333527,0.10035101417452097,0.4205520525574684
1552,1552,3.5371484756469727,3.5049593448638916,2e-07,1.8021496199272447,0.016020411159843206,0.04490406671538949,0.10031813103705645,0.4208473488688469
1553,1553,3.5654847621917725,3.5832772254943848,2e-07,1.804072434925481,0.016031891107559204,0.04393984074704349,0.10004601534456015,0.41706418991088867
1554,1554,3.6068801879882812,3.5948753356933594,2e-07,1.8080743340949879,0.016027306206524372,0.045514196855947375,0.10030832700431347,0.41991935670375824
1555,1555,3.6170711517333984,3.524446964263916,2e-07,1.8098632377476425,0.016043225303292274,0.04376913676969707,0.10000904928892851,0.417092889547348
1556,1556,3.5070598125457764,3.540804147720337,2e-07,1.8104301035041903,0.016050703823566437,0.044505036203190684,0.0998392291367054,0.41733434051275253
1557,1557,3.5044257640838623,3.5399088859558105,2e-07,1.809817675141916,0.016045058611780405,0.04496996570378542,0.10033277422189713,0.4203362688422203
1558,1558,3.529331684112549,3.5774271488189697,2e-07,1.8088558034908835,0.016012101899832487,0.044385601533576846,0.1002369774505496,0.41861023753881454
1559,1559,3.551631450653076,3.603740930557251,2e-07,1.8094838195791756,0.01603496540337801,0.045118245761841536,0.10057848691940308,0.422013595700264
1560,1560,3.567282199859619,3.548013210296631,2e-07,1.8121175379146888,0.016026996076107025,0.044595275074243546,0.1001195888966322,0.4195218160748482
1561,1561,3.5330119132995605,3.525404930114746,2e-07,1.8097376912323326,0.01603646855801344,0.04506511217914522,0.10007742326706648,0.4190862476825714
1562,1562,3.557978391647339,3.5326318740844727,2e-07,1.8085856499610513,0.01603330159559846,0.04456024244427681,0.10015024617314339,0.4197181239724159
1563,1563,3.622441291809082,3.6596827507019043,2e-07,1.8167325972915271,0.016035222448408604,0.044826298020780087,0.10031663719564676,0.4201117902994156
1564,1564,3.5381112098693848,3.54295015335083,2e-07,1.815868810707482,0.016023692674934864,0.04509450728073716,0.10056541860103607,0.4217972084879875
1565,1565,3.530580997467041,3.5562076568603516,2e-07,1.814953100654446,0.016037476249039173,0.044060372514650226,0.100129553116858,0.41848325729370117
1566,1566,3.5357844829559326,3.5503599643707275,2e-07,1.8145332481654306,0.016036238986998796,0.0459465601015836,0.10033892840147018,0.42212067544460297
1567,1567,3.50585675239563,3.5058627128601074,2e-07,1.8134993307430347,0.016042782925069332,0.04455979401245713,0.09998440463095903,0.41866307705640793
1568,1568,3.5224645137786865,3.5145905017852783,2e-07,1.8144125262617046,0.016030238941311836,0.044174100970849395,0.1003609411418438,0.41860897094011307
1569,1569,3.5906219482421875,3.5926408767700195,2e-07,1.8125731208297136,0.016039859037846327,0.04492670437321067,0.10018530581146479,0.42095617949962616
1570,1570,3.5464847087860107,3.5476181507110596,2e-07,1.8105125666813084,0.01603322010487318,0.04407730046659708,0.10025311261415482,0.4197847694158554
1571,1571,3.5890207290649414,3.606722116470337,2e-07,1.8139327326782424,0.01602497138082981,0.04486075253225863,0.10033816751092672,0.42093638330698013
1572,1572,3.488861083984375,3.538194179534912,2e-07,1.8147322938931727,0.016021983698010445,0.04572424595244229,0.10047231614589691,0.4215770661830902
1573,1573,3.4864954948425293,3.570345878601074,2e-07,1.8133420211176774,0.016035768669098616,0.044493419118225574,0.10053195152431726,0.42038608342409134
1574,1574,3.5430119037628174,3.556014060974121,2e-07,1.8165415637555118,0.016039335168898106,0.0447071366943419,0.10041926149278879,0.4216531068086624
1575,1575,3.532116651535034,3.5149216651916504,2e-07,1.8188908157610615,0.016046845354139805,0.04539267928339541,0.10050936136394739,0.4233924224972725
1576,1576,3.516894578933716,3.5613155364990234,2e-07,1.8153227920302464,0.016014617402106524,0.0453427666798234,0.10067473631352186,0.4231869578361511
1577,1577,3.5440094470977783,3.5703611373901367,2e-07,1.823076439652116,0.016025986522436142,0.04396360646933317,0.09996609576046467,0.41778111457824707
1578,1578,3.5299131870269775,3.559640884399414,2e-07,1.8237704265703278,0.01602369686588645,0.045057366136461496,0.10036936029791832,0.42084018886089325
1579,1579,3.565751075744629,3.569847822189331,2e-07,1.8214967519947545,0.016021817922592163,0.044332551304250956,0.10007384419441223,0.42047742009162903
1580,1580,3.527812957763672,3.518888473510742,2e-07,1.820109802571561,0.016040132381021976,0.04530049976892769,0.10065552312880754,0.4229869842529297
1581,1581,3.51920485496521,3.5644712448120117,2e-07,1.820924350210074,0.016035737935453653,0.04484111815690994,0.10035818908363581,0.4207637757062912
1582,1582,3.498547315597534,3.5536048412323,2e-07,1.820466230211643,0.016011470928788185,0.04502480733208358,0.10069562587887049,0.42260854691267014
1583,1583,3.541881561279297,3.5411643981933594,2e-07,1.823873583030409,0.01604176079854369,0.04472096776589751,0.10032670479267836,0.4204031974077225
1584,1584,3.558713436126709,3.524867296218872,2e-07,1.8230960057935908,0.01603417657315731,0.045644482132047415,0.10071750357747078,0.42440180480480194
1585,1585,3.5142593383789062,3.591214895248413,2e-07,1.8226361484327835,0.016022711992263794,0.044972241623327136,0.10036882478743792,0.4210394099354744
1586,1586,3.496035575866699,3.525437593460083,2e-07,1.8274281592068675,0.01605050591751933,0.04422125872224569,0.10061406530439854,0.4217217266559601
1587,1587,3.551337480545044,3.529035806655884,2e-07,1.8265199520657656,0.01603844715282321,0.04440492740832269,0.10031418036669493,0.42159345000982285
1588,1588,3.628312110900879,3.574824094772339,2e-07,1.8254192606134094,0.016035142354667187,0.044732044683769345,0.10047342162579298,0.42103924602270126
1589,1589,3.5177853107452393,3.592820167541504,2e-07,1.82578704331031,0.0160382310859859,0.04507294623181224,0.10063427593559027,0.42312562465667725
1590,1590,3.5714147090911865,3.5890798568725586,2e-07,1.8272912003386914,0.016033667139708996,0.04484215774573386,0.10056520998477936,0.4234391748905182
1591,1591,3.562614679336548,3.5474562644958496,2e-07,1.8275656272149954,0.01603752886876464,0.04405318200588226,0.10028076078742743,0.4200773164629936
1592,1592,3.5229880809783936,3.584754705429077,2e-07,1.8263226609308765,0.016043493058532476,0.04380759224295616,0.09976549819111824,0.41715066134929657
1593,1593,3.506775379180908,3.55614972114563,2e-07,1.8229312555061667,0.01603222033008933,0.044661305379122496,0.10067644901573658,0.4227793365716934
1594,1594,3.497098207473755,3.651742696762085,2e-07,1.8203803430374632,0.01602567406371236,0.045845962362363935,0.10090324096381664,0.4256593808531761
1595,1595,3.54362154006958,3.616016149520874,2e-07,1.8221715484314258,0.016041049733757973,0.0453626646194607,0.10075072944164276,0.424798846244812
1596,1596,3.5942118167877197,3.5335092544555664,2e-07,1.822337337043118,0.016014571767300367,0.04619459994137287,0.10070449486374855,0.42652417719364166
1597,1597,3.500521183013916,3.518157720565796,2e-07,1.8245127460008614,0.01603462267667055,0.044768028194084764,0.10038529988378286,0.4220794141292572
1598,1598,3.454098701477051,3.5770277976989746,2e-07,1.8242372155139395,0.016043384093791246,0.04487789608538151,0.10051233787089586,0.4243817999958992
1599,1599,3.5262374877929688,3.5330352783203125,2e-07,1.8239360885353686,0.016020628158003092,0.04511064663529396,0.10108769778162241,0.42402032017707825
1600,1600,3.4948196411132812,3.5545437335968018,2e-07,1.8215401293526816,0.016028645914047956,0.045483260648325086,0.1009707348421216,0.4253217428922653
1601,1601,3.505019426345825,3.5039517879486084,2e-07,1.8198185609724713,0.016025813296437263,0.04503761464729905,0.10052396170794964,0.4233556389808655
1602,1602,3.5170950889587402,3.529961347579956,2e-07,1.819322031102382,0.01603667065501213,0.044024928007274866,0.1004272485151887,0.4226732850074768
1603,1603,3.5079033374786377,3.5702762603759766,2e-07,1.8188657327726823,0.01604091329500079,0.04487742530182004,0.10043318197131157,0.4222654476761818
1604,1604,3.553990602493286,3.5164074897766113,2e-07,1.8167398581084255,0.01602035667747259,0.04416036163456738,0.10042203217744827,0.42041562497615814
1605,1605,3.526611566543579,3.533298969268799,2e-07,1.8142736538808004,0.016018297988921404,0.04574784985743463,0.10088187828660011,0.4266575574874878
1606,1606,3.5488486289978027,3.6488196849823,2e-07,1.8155590590407649,0.01602086052298546,0.04455898911692202,0.10075877420604229,0.42404159158468246
1607,1607,3.5277509689331055,3.6034605503082275,2e-07,1.8157432287170114,0.01601295731961727,0.04640409117564559,0.1012338325381279,0.4281231611967087
1608,1608,3.514583110809326,3.536280393600464,2e-07,1.819965895151051,0.016041154973208904,0.04485452361404896,0.1005158182233572,0.4244596138596535
1609,1609,3.4894444942474365,3.613008975982666,2e-07,1.8210610331689427,0.016028285957872868,0.04416239634156227,0.1006581885740161,0.42303701490163803
1610,1610,3.5662074089050293,3.5461833477020264,2e-07,1.822336718140627,0.016053414437919855,0.04488168051466346,0.10090686194598675,0.4255588576197624
1611,1611,3.5291683673858643,3.6129674911499023,2e-07,1.818629916681165,0.01603236421942711,0.04438573378138244,0.10051784664392471,0.4240683317184448
1612,1612,3.5591824054718018,3.5225751399993896,2e-07,1.817492270294934,0.01603141985833645,0.044991571456193924,0.10097191669046879,0.4258851185441017
1613,1613,3.528029680252075,3.5536789894104004,2e-07,1.815907673521662,0.01602652808651328,0.04603847395628691,0.10080515872687101,0.4268270581960678
1614,1614,3.55403208732605,3.5235934257507324,2e-07,1.8171653847967613,0.016037712339311838,0.04577236669138074,0.10128758661448956,0.42840883880853653
1615,1615,3.5431766510009766,3.538121461868286,2e-07,1.8178108583668893,0.016047374811023474,0.04468809813261032,0.10094709601253271,0.42407823354005814
1616,1616,3.575366258621216,3.548210859298706,2e-07,1.8172047066472001,0.0160353509709239,0.04577251756563783,0.1009522220119834,0.42662128806114197
1617,1617,3.5405845642089844,3.53768253326416,2e-07,1.8191299883064405,0.01603463990613818,0.045123892836272717,0.10091628786176443,0.425112746655941
1618,1618,3.50907301902771,3.5976154804229736,2e-07,1.8208627417997565,0.016032232902944088,0.04570747446268797,0.10087936371564865,0.42685167491436005
1619,1619,3.544504404067993,3.5606517791748047,2e-07,1.8166818882791078,0.01604425860568881,0.04554058471694589,0.1007390022277832,0.42579688876867294
1620,1620,3.5407633781433105,3.5307812690734863,2e-07,1.8194598157921869,0.016031859442591667,0.04493000311776996,0.10091928392648697,0.4253871515393257
1621,1621,3.5325160026550293,3.500412940979004,2e-07,1.8245294316636709,0.016042135655879974,0.04552805097773671,0.10108216106891632,0.42739245295524597
1622,1622,3.525209665298462,3.545555353164673,2e-07,1.8310452197823057,0.01604329701513052,0.04520585644058883,0.1009835060685873,0.4252597764134407
1623,1623,3.5498454570770264,3.5855488777160645,2e-07,1.829852897222683,0.016033977270126343,0.0446759273763746,0.10074879135936499,0.42690882086753845
1624,1624,3.552913188934326,3.5106358528137207,2e-07,1.8298041173379544,0.016038415487855673,0.04493304225616157,0.10086508560925722,0.42617976665496826
1625,1625,3.6082358360290527,3.575519561767578,2e-07,1.8256537830436674,0.01604509400203824,0.04421143000945449,0.10073472186923027,0.4233163297176361
1626,1626,3.516075611114502,3.550623893737793,2e-07,1.8234966389235143,0.01604281784966588,0.04504837142303586,0.10073862224817276,0.4262728914618492
1627,1627,3.5249218940734863,3.477827310562134,2e-07,1.8222261844559557,0.016019970644265413,0.04503346257843077,0.10057581588625908,0.42583608627319336
1628,1628,3.5949175357818604,3.6140530109405518,2e-07,1.7063040077980773,0.01603112556040287,0.04532376234419644,0.10069792717695236,0.4258255362510681
1629,1629,3.6031155586242676,3.502213954925537,2e-07,1.7142734452556305,0.016025638207793236,0.04546090913936496,0.1009081769734621,0.42653705179691315
1630,1630,3.501523017883301,3.592332124710083,2e-07,1.723646222467203,0.016035864129662514,0.045329927233979106,0.10101980529725552,0.4266253784298897
1631,1631,3.500515937805176,3.499704122543335,2e-07,1.7321303598448714,0.016028875950723886,0.04505538288503885,0.10089446045458317,0.4267570674419403
1632,1632,3.5283870697021484,3.546684980392456,2e-07,1.7406120584099904,0.01602708175778389,0.045893934555351734,0.10104341991245747,0.42883359640836716
1633,1633,3.5140717029571533,3.5745811462402344,2e-07,1.748876721687736,0.016044781543314457,0.04600663506425917,0.10072665382176638,0.42812223732471466
1634,1634,3.5675270557403564,3.51090407371521,2e-07,1.7591032365615749,0.016013790853321552,0.045789428520947695,0.10102679673582315,0.42852427810430527
1635,1635,3.486018657684326,3.5995185375213623,2e-07,1.7655834689716328,0.0160415880382061,0.0454819705337286,0.10100500751286745,0.42820215225219727
1636,1636,3.499823570251465,3.5360121726989746,2e-07,1.7705594555975632,0.016039516776800156,0.04543264862149954,0.1011255607008934,0.42901941388845444
1637,1637,3.4884984493255615,3.53995680809021,2e-07,1.7736440017355217,0.016039215493947268,0.04481426044367254,0.10108035430312157,0.425411619246006
1638,1638,3.588090181350708,3.5247442722320557,2e-07,1.7761679540442166,0.016011265572160482,0.04433935624547303,0.10057866759598255,0.4256919026374817
1639,1639,3.5215353965759277,3.578563928604126,2e-07,1.7802156784021763,0.016039003152400255,0.04562332574278116,0.10083469282835722,0.42829155921936035
1640,1640,3.5579187870025635,3.5226855278015137,2e-07,1.7841328195131148,0.01604553312063217,0.04603278334252536,0.10109339281916618,0.42874788492918015
1641,1641,3.547961711883545,3.5260071754455566,2e-07,1.7853010868003556,0.016030206345021725,0.04534179577603936,0.1009370880201459,0.4284306913614273
1642,1642,3.501030445098877,3.5406460762023926,2e-07,1.7875523999431215,0.016042921226471663,0.04581372323445976,0.10110702086240053,0.4290841221809387
1643,1643,3.5415611267089844,3.5498013496398926,2e-07,1.790005903419346,0.016023473348468542,0.045481596142053604,0.10107135865837336,0.42795277386903763
1644,1644,3.4930248260498047,3.562429666519165,2e-07,1.7944756469664143,0.016025798860937357,0.045355236856266856,0.10109075251966715,0.42800088226795197
1645,1645,3.46614670753479,3.5479583740234375,2e-07,1.8002050265322749,0.016039996407926083,0.045582210179418325,0.10120245907455683,0.4297974109649658
1646,1646,3.525042772293091,3.530780792236328,2e-07,1.8020210243257364,0.016044722869992256,0.04524862580001354,0.10112984012812376,0.4264688864350319
1647,1647,3.497485399246216,3.5591423511505127,2e-07,1.8050834227470294,0.01602509943768382,0.04548891028389335,0.10103892162442207,0.4293265864253044
1648,1648,3.5316529273986816,3.5433707237243652,2e-07,1.8030053601703386,0.016018501482903957,0.04630710370838642,0.10126865189522505,0.4295560419559479
1649,1649,3.549623966217041,3.589399814605713,2e-07,1.8018097710632093,0.016031791921705008,0.04510095389559865,0.1008925661444664,0.42882516980171204
1650,1650,3.549722194671631,3.540578603744507,2e-07,1.8040917015391746,0.01603209599852562,0.04560264549218118,0.10128546599298716,0.4286860153079033
1651,1651,3.4989564418792725,3.5316503047943115,2e-07,1.8056704928293614,0.016059137880802155,0.0446222759783268,0.10095053818076849,0.42710956931114197
1652,1652,3.551085948944092,3.5344107151031494,2e-07,1.8031429628584383,0.01604446629062295,0.04624626459553838,0.10134021937847137,0.43101435899734497
1653,1653,3.5159170627593994,3.539684295654297,2e-07,1.8045555153482236,0.016035375650972128,0.04466599668376148,0.10088923200964928,0.42779073119163513
1654,1654,3.5103886127471924,3.4732136726379395,2e-07,1.8060651900245444,0.016010697931051254,0.04510940844193101,0.1010243771597743,0.4278962016105652
1655,1655,3.533820867538452,3.5806844234466553,2e-07,1.6866885038513448,0.016031124629080296,0.045764313312247396,0.10116319730877876,0.4282042682170868
1656,1656,3.540225028991699,3.642188787460327,2e-07,1.7051894534227081,0.016039711888879538,0.04612808139063418,0.10133974347263575,0.43135397881269455
1657,1657,3.5196688175201416,3.53623366355896,2e-07,1.7166111108652853,0.016044997610151768,0.04589539603330195,0.1015721894800663,0.430759958922863
1658,1658,3.510002851486206,3.5866942405700684,2e-07,1.723845968919606,0.016052376944571733,0.044928396586328745,0.10121859237551689,0.4283396452665329
1659,1659,3.5598397254943848,3.5772483348846436,2e-07,1.7353989445755538,0.01602332666516304,0.04583826567977667,0.10130758956074715,0.43111810088157654
1660,1660,3.5930848121643066,3.5170223712921143,2e-07,1.7441925270842367,0.016046165022999048,0.0459793449845165,0.10131468251347542,0.4300790950655937
1661,1661,3.5977258682250977,3.5400912761688232,2e-07,1.7540152477173425,0.016030800063163042,0.0455752604175359,0.10114139225333929,0.43093401193618774
1662,1662,3.5564122200012207,3.643014430999756,2e-07,1.761383810352022,0.016034381464123726,0.04575652698986232,0.10126374382525682,0.42960676550865173
1663,1663,3.501887559890747,3.521578788757324,2e-07,1.7669647207827044,0.0160381649620831,0.0458665806800127,0.10137256234884262,0.43132613599300385
1664,1664,3.4957423210144043,3.5849695205688477,2e-07,1.7704254510228996,0.016023522708564997,0.045925086829811335,0.10149250831454992,0.43108823895454407
1665,1665,3.517226219177246,3.541982650756836,2e-07,1.7799294524369076,0.01603222591802478,0.04606515821069479,0.10124165192246437,0.43273618072271347
1666,1666,3.492114782333374,3.5005733966827393,2e-07,1.7856382325992952,0.01604712288826704,0.04561207187362015,0.10130411945283413,0.4301725849509239
1667,1667,3.497687578201294,3.5283279418945312,2e-07,1.7925618421534582,0.01605378556996584,0.04569338751025498,0.10149993933737278,0.4319157972931862
1668,1668,3.5078177452087402,3.5715765953063965,2e-07,1.7970112448144664,0.016038712114095688,0.04535873583517969,0.10163702815771103,0.4307505935430527
1669,1669,3.49837327003479,3.538769483566284,2e-07,1.8007920099525696,0.016046127770096064,0.04579901532270014,0.10113373398780823,0.4304884895682335
1670,1670,3.519758701324463,3.529810905456543,2e-07,1.7988230832624796,0.016033915802836418,0.04534712038002908,0.10112049896270037,0.43056681752204895
1671,1671,3.4951586723327637,3.5037105083465576,2e-07,1.799735286292875,0.01605129847303033,0.04513437766581774,0.10105214454233646,0.42909107357263565
1672,1672,3.5098907947540283,3.5569992065429688,2e-07,1.8080221920367032,0.01602990459650755,0.045503870118409395,0.10145571548491716,0.4311404824256897
1673,1673,3.5671350955963135,3.520573854446411,2e-07,1.8074328996186557,0.016032226383686066,0.04602280515246093,0.10170816723257303,0.43170008808374405
1674,1674,3.5312678813934326,3.5891470909118652,2e-07,1.806947140842335,0.016042501665651798,0.04586093593388796,0.10122617986053228,0.43211087584495544
1675,1675,3.5677313804626465,3.496821403503418,2e-07,1.8091812783430057,0.016026927158236504,0.04572673770599067,0.10153694916516542,0.43259071558713913
1676,1676,3.524087905883789,3.4782497882843018,2e-07,1.8105490888417175,0.016029810067266226,0.045344442361965775,0.10138465464115143,0.4316973611712456
1677,1677,3.5167322158813477,3.518897533416748,2e-07,1.810968200566142,0.01605903636664152,0.04532878543250263,0.10147919692099094,0.43081827461719513
1678,1678,3.559360980987549,3.4864587783813477,2e-07,1.8161614468977096,0.016030052211135626,0.045715951127931476,0.10154044441878796,0.4319949895143509
1679,1679,3.525275945663452,3.513032913208008,2e-07,1.8230880104646403,0.016036458779126406,0.04527479107491672,0.1011433657258749,0.4300373047590256
1680,1680,3.495168924331665,3.501627206802368,2e-07,1.820556548260424,0.016043989919126034,0.04627548763528466,0.10113861132413149,0.4337337091565132
1681,1681,3.5356459617614746,3.596644401550293,2e-07,1.8196739496238747,0.0160438003949821,0.045627312967553735,0.10112259723246098,0.4319952726364136
1682,1682,3.5100178718566895,3.4931466579437256,2e-07,1.820423145214979,0.016026915051043034,0.04582491307519376,0.10129960719496012,0.43289370834827423
1683,1683,3.538707971572876,3.4527013301849365,2e-07,1.82215208741122,0.01602465705946088,0.04569305246695876,0.1014381805434823,0.43106555938720703
1684,1684,3.540318489074707,3.542398452758789,2e-07,1.7044585334895606,0.016029101330786943,0.04680811148136854,0.10152251366525888,0.43487439304590225
1685,1685,3.4973959922790527,3.548029899597168,2e-07,1.7146259766421548,0.016040172427892685,0.04579595965333283,0.10156948305666447,0.4319245144724846
1686,1686,3.4937191009521484,3.5184381008148193,2e-07,1.7229370197252374,0.016039774287492037,0.04600135935470462,0.10176051780581474,0.43438246101140976
1687,1687,3.5859971046447754,3.577901840209961,2e-07,1.7349299694716849,0.016038354020565748,0.045058105140924454,0.10120235197246075,0.4310622587800026
1688,1688,3.5645720958709717,3.5163345336914062,2e-07,1.743531106884411,0.016039593145251274,0.04688483849167824,0.10166526958346367,0.4345344677567482
1689,1689,3.496310234069824,3.5553245544433594,2e-07,1.7474826822952225,0.016023075208067894,0.04652009508572519,0.1015939749777317,0.43321359157562256
1690,1690,3.526379346847534,3.5291390419006348,2e-07,1.752006527307247,0.016017389483749866,0.04521194379776716,0.10143541544675827,0.4316953048110008
1691,1691,3.5269815921783447,3.533311128616333,2e-07,1.7591621788951195,0.016025015618652105,0.046076079830527306,0.1017321515828371,0.4342315122485161
1692,1692,3.4856386184692383,3.5387449264526367,2e-07,1.7671390242565366,0.016013112384825945,0.0457819071598351,0.10109815839678049,0.4323066473007202
1693,1693,3.505898952484131,3.5171639919281006,2e-07,1.7683685769800532,0.016040249727666378,0.04612984252162278,0.10116238798946142,0.43356112390756607
1694,1694,3.5354456901550293,3.5017106533050537,2e-07,1.7724216544858475,0.016036142129451036,0.04556166986003518,0.10147532261908054,0.4322519302368164
1695,1695,3.516317367553711,3.5373408794403076,2e-07,1.7762962254985974,0.016037484630942345,0.0452495226636529,0.10146387666463852,0.43272215127944946
1696,1696,3.5601441860198975,3.5252485275268555,2e-07,1.7822487032421686,0.01602947013452649,0.04602579586207867,0.10156077984720469,0.4344770014286041
1697,1697,3.519618511199951,3.533991575241089,2e-07,1.7819383079333475,0.01602472411468625,0.04607048095203936,0.10157917160540819,0.43359923362731934
1698,1698,3.522958755493164,3.5242011547088623,2e-07,1.7855753027034607,0.016031954903155565,0.0462699206545949,0.10186191741377115,0.434046246111393
1699,1699,3.4985439777374268,3.572476625442505,2e-07,1.7865956316271963,0.016028663609176874,0.04575063777156174,0.10148865822702646,0.4325784593820572
1700,1700,3.5369553565979004,3.5352413654327393,2e-07,1.7962877939026554,0.01604049140587449,0.04544410505332053,0.10139995813369751,0.43147651851177216
1701,1701,3.4973199367523193,3.548668384552002,2e-07,1.7963291703354787,0.016026437282562256,0.04604890174232423,0.10161413811147213,0.43506069481372833
1702,1702,3.4359657764434814,3.5154919624328613,2e-07,1.7988017706795387,0.01604940975084901,0.04595292988233268,0.10181730519980192,0.4353231266140938
1703,1703,3.4951181411743164,3.550593376159668,2e-07,1.8002694637643875,0.016048663295805454,0.04597689211368561,0.10152128152549267,0.43510088324546814
1704,1704,3.516996145248413,3.5089731216430664,2e-07,1.802346137497109,0.01603581616654992,0.04672493552789092,0.10154524445533752,0.43502575159072876
1705,1705,3.4974706172943115,3.5895321369171143,2e-07,1.802831263288513,0.016035864129662514,0.045950523344799876,0.10182456858456135,0.4342727065086365
1706,1706,3.5508174896240234,3.5014593601226807,2e-07,1.8091504468907762,0.01602297928184271,0.04614950646646321,0.10152451228350401,0.43431273847818375
1707,1707,3.5422203540802,3.5342068672180176,2e-07,1.8120897792219421,0.01604046020656824,0.04701109533198178,0.10209672059863806,0.4372080788016319
1708,1708,3.5218911170959473,3.6086440086364746,2e-07,1.817031987387947,0.016039665788412094,0.045756945153698325,0.1017210865393281,0.43446920812129974
1709,1709,3.5449655055999756,3.516879081726074,2e-07,1.8227574985331014,0.016047439072281122,0.04536002897657454,0.10177442245185375,0.4335382804274559
1710,1710,3.4869654178619385,3.544344186782837,2e-07,1.8225114061430556,0.016039758920669556,0.04552506282925606,0.10169101692736149,0.43416402488946915
1711,1711,3.498514175415039,3.5555267333984375,2e-07,1.8206852600468715,0.01603186782449484,0.04606980783864856,0.10178807284682989,0.4372756779193878
1712,1712,3.5526022911071777,3.5917930603027344,2e-07,1.8214958226097908,0.01604878343641758,0.045747009105980396,0.10168368369340897,0.43459706008434296
1713,1713,3.4907333850860596,3.4731132984161377,2e-07,1.8211638258954195,0.01602233061566949,0.04588888050056994,0.10168461967259645,0.43464257568120956
1714,1714,3.5577826499938965,3.5020639896392822,2e-07,1.820359571362739,0.016057518310844898,0.046294128289446235,0.10188052151352167,0.43591485917568207
1715,1715,3.5250425338745117,3.5853888988494873,2e-07,1.8177263708153055,0.01603764807805419,0.04573132679797709,0.10154717601835728,0.43451862037181854
1716,1716,3.4856362342834473,3.609517812728882,2e-07,1.8239549789359604,0.01602273341268301,0.04595703701488674,0.10188556276261806,0.43557119369506836
1717,1717,3.5148279666900635,3.5526390075683594,2e-07,1.8199387738969015,0.016044989228248596,0.04637496406212449,0.10197614226490259,0.4369100481271744
1718,1718,3.4823920726776123,3.5238559246063232,2e-07,1.8204058993668342,0.01605168543756008,0.04615977150388062,0.10190406814217567,0.4354717880487442
1719,1719,3.582129716873169,3.5173239707946777,2e-07,1.8205106785794671,0.016035254579037428,0.04655121429823339,0.10213957726955414,0.4376378804445267
1720,1720,3.5000803470611572,3.4829957485198975,2e-07,1.818496194837888,0.016043652780354023,0.04588127066381276,0.10182902216911316,0.4350016340613365
1721,1721,3.5375983715057373,3.547755718231201,2e-07,1.8161045906001774,0.016032735351473093,0.04613259853795171,0.10161793977022171,0.4356318488717079
1722,1722,3.495296001434326,3.523909091949463,2e-07,1.815962499867671,0.016027985606342554,0.04527647071518004,0.10154678858816624,0.4334307089447975
1723,1723,3.520054340362549,3.507350444793701,2e-07,1.8103372929799049,0.016049629542976618,0.04631385183893144,0.1021657669916749,0.4370070844888687
1724,1724,3.5409770011901855,3.508902072906494,2e-07,1.814400107919904,0.01604799460619688,0.04721254436299205,0.10191162675619125,0.43761221319437027
1725,1725,3.538645029067993,3.600106954574585,2e-07,1.817073983144004,0.016045724507421255,0.045831851195544004,0.10165333561599255,0.43597351014614105
1726,1726,3.5667386054992676,3.534595251083374,2e-07,1.8130008026890883,0.016026444267481565,0.04665828892029822,0.10197125747799873,0.43848713487386703
1727,1727,3.4841158390045166,3.628936529159546,2e-07,1.8145511138685118,0.016019298695027828,0.04628345696255565,0.10183386597782373,0.4374401792883873
1728,1728,3.518594264984131,3.515347480773926,2e-07,1.8148946770628882,0.016047743149101734,0.045698582427576184,0.10157264117151499,0.43509621918201447
1729,1729,3.647886037826538,3.6108739376068115,2e-07,1.816917921375346,0.016044534277170897,0.046366347931325436,0.10169542208313942,0.43659278005361557
1730,1730,3.470693826675415,3.564619779586792,2e-07,1.8136054220923485,0.016049107536673546,0.04596731113269925,0.10198988020420074,0.43667104095220566
1731,1731,3.546513319015503,3.5155649185180664,2e-07,1.8124615228589207,0.016044734977185726,0.04599159304052591,0.10178838297724724,0.4355626404285431
1732,1732,3.4938716888427734,3.5594897270202637,2e-07,1.8126008792115886,0.01604716293513775,0.04610238247551024,0.10176021046936512,0.4348282814025879
1733,1733,3.544022560119629,3.535355806350708,2e-07,1.8127074787333604,0.01602883730083704,0.04600208392366767,0.10190943721681833,0.4366927072405815
1734,1734,3.511824607849121,3.5732834339141846,2e-07,1.811275110242459,0.0160394674167037,0.04688811535015702,0.10215302277356386,0.4382757619023323
1735,1735,3.5027825832366943,3.612877130508423,2e-07,1.8103828254441359,0.01602809177711606,0.04673284851014614,0.10213194042444229,0.4390411525964737
1736,1736,3.520021915435791,3.5022966861724854,2e-07,1.811171585404456,0.016038738656789064,0.04542613332159817,0.10145035106688738,0.4353993162512779
1737,1737,3.5510597229003906,3.530399799346924,2e-07,1.811800171664343,0.01604896644130349,0.046520400093868375,0.1018878472968936,0.4378814995288849
1738,1738,3.513123035430908,3.5698766708374023,2e-07,1.810508506980156,0.01603171182796359,0.04655127297155559,0.10200625285506248,0.4377649649977684
1739,1739,3.501628875732422,3.5092790126800537,2e-07,1.8083591185899732,0.01602574996650219,0.046006054151803255,0.10190371237695217,0.435755118727684
1740,1740,3.475001573562622,3.5663816928863525,2e-07,1.8083738375659395,0.016037246212363243,0.045547918416559696,0.10186977125704288,0.43759674578905106
1741,1741,3.565457582473755,3.590646505355835,2e-07,1.8103658064268384,0.016049802768975496,0.04690324165858328,0.10214596800506115,0.4399724006652832
1742,1742,3.527806520462036,3.5543899536132812,2e-07,1.8098548477392638,0.01603968720883131,0.04617592925205827,0.10179873462766409,0.4369072765111923
1743,1743,3.527669668197632,3.526576519012451,2e-07,1.8078459323789924,0.01604145811870694,0.046185051556676626,0.1018956983461976,0.4378252327442169
1744,1744,3.51534366607666,3.5788073539733887,2e-07,1.8116145681788567,0.016036177054047585,0.046223880257457495,0.1022805068641901,0.43958792835474014
1745,1745,3.5303995609283447,3.5293004512786865,2e-07,1.8099682629928129,0.016047209966927767,0.0449904955457896,0.1018316438421607,0.4354865401983261
1746,1746,3.495342493057251,3.518558979034424,2e-07,1.8106453974973729,0.016038314439356327,0.04700499214231968,0.10232634004205465,0.4405348375439644
1747,1747,3.5152876377105713,3.495774030685425,2e-07,1.8095192111102492,0.016019016969949007,0.04586471198126674,0.10203215200453997,0.4374368414282799
1748,1748,3.5449092388153076,3.516632318496704,2e-07,1.8125493933953014,0.01602453552186489,0.04538454138673842,0.10159594286233187,0.43727853894233704
1749,1749,3.531907320022583,3.4923555850982666,2e-07,1.8161971491677733,0.016039470210671425,0.04655156354419887,0.10194473899900913,0.43891678005456924
1750,1750,3.523345947265625,3.526872158050537,2e-07,1.8154411646442818,0.016036488581448793,0.04555810475721955,0.10182082653045654,0.43849247694015503
1751,1751,3.5112144947052,3.528729200363159,2e-07,1.8148169410381985,0.016057085245847702,0.04619350773282349,0.10193869192153215,0.4377114176750183
1752,1752,3.511559009552002,3.5522878170013428,2e-07,1.8160690294892392,0.01604232657700777,0.046939041232690215,0.10246554762125015,0.4404730498790741
1753,1753,3.5139822959899902,3.625211715698242,2e-07,1.8167195535901952,0.016035601496696472,0.046889163786545396,0.10220535844564438,0.4395926520228386
1754,1754,3.5396907329559326,3.465369939804077,2e-07,1.8137095060827737,0.016034921631217003,0.046581564703956246,0.1021964605897665,0.4399271085858345
1755,1755,3.53719425201416,3.5218751430511475,2e-07,1.8114673641992733,0.016036813147366047,0.04635853040963411,0.10206689406186342,0.43812867999076843
1756,1756,3.5285167694091797,3.5013880729675293,2e-07,1.8099593921055288,0.016049012541770935,0.0473614560905844,0.10238415375351906,0.44103922694921494
1757,1757,3.5065391063690186,3.489063024520874,2e-07,1.812043673788625,0.016045729164034128,0.04584388807415962,0.10203411895781755,0.43962425738573074
1758,1758,3.462082624435425,3.530276298522949,2e-07,1.8093260698373577,0.016048163175582886,0.04634625045582652,0.10197598952800035,0.4405050724744797
1759,1759,3.5111658573150635,3.5279970169067383,2e-07,1.8102999826631443,0.016053541097790003,0.04625333729200065,0.10198445618152618,0.4390364810824394
1760,1760,3.5258688926696777,3.5146126747131348,2e-07,1.8088570689864396,0.016037098597735167,0.04608736117370427,0.10217766836285591,0.43860653042793274
1761,1761,3.5270609855651855,3.480790138244629,2e-07,1.8102801158707167,0.016032402403652668,0.04667138401418924,0.10211899597197771,0.440084733068943
1762,1762,3.4834933280944824,3.582897186279297,2e-07,1.808492964952023,0.016039468348026276,0.046939498046413064,0.10222714114934206,0.4405495226383209
1763,1763,3.494184732437134,3.513888359069824,2e-07,1.809068714324018,0.016054916195571423,0.04561590659432113,0.10199426487088203,0.4386364370584488
1764,1764,3.4668781757354736,3.5052130222320557,2e-07,1.8100986580485063,0.016015982255339622,0.04640508792363107,0.1021619439125061,0.4399459883570671
1765,1765,3.5379881858825684,3.53511118888855,2e-07,1.811129824664685,0.01604752242565155,0.04705549776554108,0.10232526436448097,0.4413258135318756
1766,1766,3.541189670562744,3.5249624252319336,2e-07,1.8129456937831203,0.016032742336392403,0.045962323201820254,0.10216043144464493,0.43973948806524277
1767,1767,3.4613730907440186,3.5247697830200195,2e-07,1.8099594484100472,0.016033650375902653,0.04653189028613269,0.10235861130058765,0.44208909571170807
1768,1768,3.5151615142822266,3.521472454071045,2e-07,1.8079309102033285,0.016049010679125786,0.04634300037287176,0.10202009603381157,0.4396573230624199
1769,1769,3.4504075050354004,3.5177247524261475,2e-07,1.8070298744811808,0.016022782307118177,0.04637808236293495,0.10205435566604137,0.44031011313199997
1770,1770,3.5338594913482666,3.523378849029541,2e-07,1.8093438472539702,0.016047452576458454,0.047184965340420604,0.1024185661226511,0.44226375967264175
1771,1771,3.477879285812378,3.537275791168213,2e-07,1.8074098595601007,0.016036368440836668,0.04703418421559036,0.10240854136645794,0.4433153197169304
1772,1772,3.533012866973877,3.5055911540985107,2e-07,1.8108448403168138,0.01605163188651204,0.04526865039952099,0.10157173965126276,0.43706657737493515
1773,1773,3.549335241317749,3.5005269050598145,2e-07,1.8103531255796335,0.016027893405407667,0.04689998785033822,0.10227714013308287,0.4416750818490982
1774,1774,3.4541454315185547,3.6555535793304443,2e-07,1.8103163919542216,0.016047781333327293,0.046056336257606745,0.10226055420935154,0.43964970111846924
1775,1775,3.4935173988342285,3.5316720008850098,2e-07,1.8085384808140308,0.01604785304516554,0.04604628519155085,0.10208260547369719,0.44035375863313675
1776,1776,3.4871010780334473,3.506091356277466,2e-07,1.806958584700233,0.01604423765093088,0.04571033897809684,0.1019860552623868,0.4392472431063652
1777,1777,3.5201103687286377,3.5172629356384277,2e-07,1.8092049801780399,0.016037229914218187,0.04684299975633621,0.10242084041237831,0.44225916266441345
1778,1778,3.5362279415130615,3.4850659370422363,2e-07,1.8103748224971203,0.01604792196303606,0.045527603942900896,0.10202151536941528,0.43916667997837067
1779,1779,3.5166871547698975,3.5120296478271484,2e-07,1.808356070533443,0.016032944433391094,0.04696058761328459,0.10269166063517332,0.44251780211925507
1780,1780,3.527411937713623,3.501558780670166,2e-07,1.807203548402768,0.016022469382733107,0.0470415991730988,0.10239819064736366,0.44304147362709045
1781,1781,3.5716726779937744,3.496537446975708,2e-07,1.8081175085850676,0.016001689713448286,0.04643031628802419,0.10209867265075445,0.4411102831363678
1782,1782,3.4317853450775146,3.4981963634490967,2e-07,1.8107510591920946,0.016021303366869688,0.046061801724135876,0.10214327462017536,0.43941812217235565
1783,1783,3.457329750061035,3.487558603286743,2e-07,1.80872219048312,0.016045627184212208,0.04635475412942469,0.1022953912615776,0.44030817598104477
1784,1784,3.4806814193725586,3.494107723236084,2e-07,1.8074130719673436,0.016053213272243738,0.046376151498407125,0.10202856082469225,0.44175511598587036
1785,1785,3.501117706298828,3.473954677581787,2e-07,1.807700337357039,0.016040672082453966,0.04643594613298774,0.10261117666959763,0.4428963363170624
1786,1786,3.5193369388580322,3.5496127605438232,2e-07,1.8103390315220445,0.01603633677586913,0.04660875699482858,0.10221145860850811,0.4425632506608963
1787,1787,3.510063648223877,3.577737331390381,2e-07,1.8080382868672535,0.016029105987399817,0.046936729457229376,0.10232700034976006,0.44244930893182755
1788,1788,3.4597182273864746,3.4792380332946777,2e-07,1.808373718330771,0.016046068165451288,0.04638583166524768,0.10258757136762142,0.44183195382356644
1789,1789,3.5464584827423096,3.592921018600464,2e-07,1.8081067277962493,0.016038926783949137,0.046375267673283815,0.10242291260510683,0.4422662556171417
1790,1790,3.5391476154327393,3.5031304359436035,2e-07,1.8111175615363808,0.016037284396588802,0.047411631559953094,0.1025022016838193,0.44433358311653137
1791,1791,3.5497941970825195,3.622419834136963,2e-07,1.8104792361410036,0.01604857761412859,0.045741184847429395,0.10218252055346966,0.44168540835380554
1792,1792,3.5809717178344727,3.5397391319274902,2e-07,1.8093641088635433,0.016037538181990385,0.04725676774978638,0.10262931417673826,0.4430813118815422
1793,1793,3.449340343475342,3.5034263134002686,2e-07,1.8097981493467665,0.016029289923608303,0.04649339499883354,0.10218885913491249,0.441725954413414
1794,1794,3.4879841804504395,3.4931507110595703,2e-07,1.8174648231652744,0.016032745130360126,0.04682911653071642,0.102531673386693,0.4452919140458107
1795,1795,3.4827756881713867,3.4373106956481934,2e-07,1.8233563064204743,0.016044316347688437,0.046316590858623385,0.10200977977365255,0.4417956545948982
1796,1796,3.5077030658721924,3.581087350845337,2e-07,1.7061960110691534,0.01604163320735097,0.046171657741069794,0.10213244520127773,0.4418928697705269
1797,1797,3.4494199752807617,3.515869379043579,2e-07,1.7172145000279933,0.016044304706156254,0.04642657400108874,0.10253660473972559,0.4419694170355797
1798,1798,3.4986090660095215,3.562089443206787,2e-07,1.7288863828927132,0.016029291786253452,0.04711287678219378,0.10286699142307043,0.44578052312135696
1799,1799,3.5507514476776123,3.493680953979492,2e-07,1.7339140306006484,0.016044588293880224,0.047398603754118085,0.10286162607371807,0.44554968923330307
1800,1800,3.567960262298584,3.4972915649414062,2e-07,1.7408582695790624,0.016056295484304428,0.0472986048553139,0.1027567908167839,0.4460785314440727
1801,1801,3.514251232147217,3.451058864593506,2e-07,1.7485673354813644,0.01603339472785592,0.04696006770245731,0.10259337443858385,0.44485054910182953
1802,1802,3.5191004276275635,3.488379716873169,2e-07,1.757308128969819,0.016032204497605562,0.046884334180504084,0.10256373323500156,0.44403593242168427
1803,1803,3.5670716762542725,3.507533550262451,2e-07,1.7598492676969477,0.016038216650485992,0.04602700797840953,0.10251298546791077,0.44318658113479614
1804,1804,3.513800859451294,3.5016872882843018,2e-07,1.7623000852301802,0.016014905646443367,0.04685505945235491,0.10248086508363485,0.44435063749551773
1805,1805,3.5329833030700684,3.5175857543945312,2e-07,1.7693441856401342,0.016036642249673605,0.04669123259373009,0.10237472970038652,0.44411101192235947
1806,1806,3.5024800300598145,3.497267246246338,2e-07,1.7759880110888244,0.01604721136391163,0.04580577812157571,0.10208761412650347,0.44185487926006317
1807,1807,3.45745587348938,3.4788119792938232,2e-07,1.7836250277940324,0.0160475536249578,0.046310713747516274,0.10247551929205656,0.4433728978037834
1808,1808,3.4338197708129883,3.509472131729126,2e-07,1.794123039649445,0.01604941487312317,0.04619113658554852,0.10252404399216175,0.4437459409236908
1809,1809,3.4572455883026123,3.5470821857452393,2e-07,1.8035651285548606,0.016046389006078243,0.04650815622881055,0.1022694343701005,0.4437890201807022
1810,1810,3.473865509033203,3.530773639678955,2e-07,1.8046637967401895,0.016033670864999294,0.04694234929047525,0.10276444628834724,0.4460833966732025
1811,1811,3.5323545932769775,3.529881000518799,2e-07,1.8057770115907659,0.016029076650738716,0.04776362655684352,0.10294693056493998,0.4476053789258003
1812,1812,3.4740312099456787,3.579659938812256,2e-07,1.8047052440567308,0.016025810968130827,0.04700868437066674,0.10237621422857046,0.44454968720674515
1813,1813,3.5129687786102295,3.530381202697754,2e-07,1.8036485252487418,0.01604295801371336,0.04697537375614047,0.1023770309984684,0.4445861503481865
1814,1814,3.4867372512817383,3.483757257461548,2e-07,1.8070047071048465,0.0160439214669168,0.04658443504013121,0.1025430541485548,0.44489968568086624
1815,1815,3.5006515979766846,3.557508707046509,2e-07,1.8053468055263127,0.016032795421779156,0.04652974125929177,0.10264236107468605,0.4444983899593353
1816,1816,3.491600513458252,3.44746470451355,2e-07,1.8057245274881724,0.016045086085796356,0.04706637072376907,0.10266556032001972,0.44556692987680435
1817,1817,3.472334861755371,3.4537246227264404,2e-07,1.8040388893514947,0.016043844167143106,0.0471350010484457,0.10234455391764641,0.44499360024929047
1818,1818,3.5172855854034424,3.5637757778167725,2e-07,1.805626751618294,0.016016260255128145,0.04674751660786569,0.1025504944846034,0.44542068243026733
1819,1819,3.490058422088623,3.534175157546997,2e-07,1.8071525198411316,0.016039515379816294,0.04702453222125769,0.10252928826957941,0.4458254724740982
1820,1820,3.5220043659210205,3.4775216579437256,2e-07,1.8081886822310638,0.016050884500145912,0.04675164166837931,0.10248123668134212,0.4444097504019737
1821,1821,3.55643892288208,3.5719668865203857,2e-07,1.8067633641289387,0.01605420233681798,0.0471685566008091,0.10270614642649889,0.4451013058423996
1822,1822,3.4665687084198,3.5156877040863037,2e-07,1.8086261568274924,0.01603212021291256,0.047135077649727464,0.10246413853019476,0.44523419439792633
1823,1823,3.517914295196533,3.5145368576049805,2e-07,1.8088502547327079,0.016036533284932375,0.0454189891461283,0.10208283457905054,0.44143401831388474
1824,1824,3.4728264808654785,3.489104986190796,2e-07,1.8093337986461628,0.01601835759356618,0.04780675144866109,0.10281411558389664,0.44667406380176544
1825,1825,3.487229108810425,3.4689295291900635,2e-07,1.8080207226448448,0.016022735740989447,0.04638465750031173,0.10253224894404411,0.445280060172081
1826,1826,3.4884350299835205,3.5848052501678467,2e-07,1.8065109916832647,0.01603927044197917,0.04669480537995696,0.10258890315890312,0.44510558992624283
1827,1827,3.4757251739501953,3.5262808799743652,2e-07,1.8100979818039473,0.016034255735576153,0.04704622854478657,0.10272140987217426,0.4461943507194519
1828,1828,3.515986442565918,3.5232014656066895,2e-07,1.8114311712920332,0.016041268594563007,0.04612504877150059,0.10264924168586731,0.4448971301317215
1829,1829,3.534606456756592,3.4978768825531006,2e-07,1.8102467862243325,0.01603121543303132,0.046183549566194415,0.10272210370749235,0.44576995074748993
1830,1830,3.514824390411377,3.539285659790039,2e-07,1.8083949856162869,0.016056021209806204,0.04727077716961503,0.10258723422884941,0.4459858909249306
1831,1831,3.475527048110962,3.5006229877471924,2e-07,1.809257776871567,0.016045808792114258,0.04696742654778063,0.1027184622362256,0.44661029428243637
1832,1832,3.4607932567596436,3.5115416049957275,2e-07,1.8108482551514296,0.016053557861596346,0.04748106701299548,0.10285271424800158,0.4480965882539749
1833,1833,3.4882142543792725,3.5163416862487793,2e-07,1.8080262904835758,0.016032165847718716,0.045663176802918315,0.10229189321398735,0.44212672114372253
1834,1834,3.4763243198394775,3.5002057552337646,2e-07,1.807941532473355,0.016041395720094442,0.04684174177236855,0.10275549069046974,0.44679687917232513
1835,1835,3.508474111557007,3.4913671016693115,2e-07,1.8083260693148275,0.01604383671656251,0.04728406178764999,0.1029758770018816,0.448422446846962
1836,1836,3.498065233230591,3.4683468341827393,2e-07,1.8079706200834267,0.016036979854106903,0.046421276638284326,0.10255516692996025,0.4453918784856796
1837,1837,3.4741647243499756,3.5093443393707275,2e-07,1.8092240707136105,0.01602252572774887,0.0463333404622972,0.10267979744821787,0.4454006403684616
1838,1838,3.484764575958252,3.5156898498535156,2e-07,1.816266517593616,0.01605158392339945,0.04676833259873092,0.10282922629266977,0.4467424973845482
1839,1839,3.4790143966674805,3.493419647216797,2e-07,1.8225966347541585,0.016048711258918047,0.04719863529317081,0.10272476729005575,0.44784996658563614
1840,1840,3.4600555896759033,3.5304269790649414,2e-07,1.828301825230109,0.016030251514166594,0.04721671435981989,0.10306651890277863,0.44810615479946136
1841,1841,3.4740405082702637,3.494831085205078,2e-07,1.8298710579172257,0.016037642024457455,0.04713593213818967,0.10313133802264929,0.44760818779468536
1842,1842,3.5180695056915283,3.484243154525757,2e-07,1.8289951615456632,0.01603851979598403,0.04762135655619204,0.10300523228943348,0.4486619383096695
1843,1843,3.518777370452881,3.548125743865967,2e-07,1.830537869067706,0.016021291725337505,0.04669529781676829,0.10271231457591057,0.4467642456293106
1844,1844,3.4953372478485107,3.4058167934417725,2e-07,1.829855607890131,0.01604972407221794,0.046629652148112655,0.10301643423736095,0.4472869038581848
1845,1845,3.5442378520965576,3.489861249923706,2e-07,1.7131081780965272,0.016040573362261057,0.0464827511459589,0.10274618957191706,0.4465421512722969
1846,1846,3.491042375564575,3.5368733406066895,2e-07,1.7207904250679578,0.016057712025940418,0.04779165959917009,0.10316298995167017,0.4510282948613167
1847,1847,3.4906857013702393,3.483645439147949,2e-07,1.7305289681077691,0.01604160526767373,0.04680584464222193,0.1026825588196516,0.44680608808994293
1848,1848,3.496744394302368,3.5636370182037354,2e-07,1.7450113627461683,0.016033510211855173,0.04683588142506778,0.10291831567883492,0.44714736193418503
1849,1849,3.4502222537994385,3.4922494888305664,2e-07,1.7499240320692353,0.016029372345656157,0.047395498026162386,0.10283152759075165,0.44896306097507477
1850,1850,3.470911979675293,3.6204936504364014,2e-07,1.757789671995139,0.016038124915212393,0.04693410429172218,0.10278107225894928,0.44694339483976364
1851,1851,3.4814059734344482,3.503034830093384,2e-07,1.763334118307986,0.01602351199835539,0.04633674141950905,0.10240741539746523,0.44552890956401825
1852,1852,3.4886410236358643,3.534209728240967,2e-07,1.7703747991872478,0.016031735111027956,0.04741819063201547,0.10300683882087469,0.4508383050560951
1853,1853,3.4592761993408203,3.4609577655792236,2e-07,1.777460902634557,0.016041067894548178,0.047591693233698606,0.10291831474751234,0.44968699663877487
1854,1854,3.502715587615967,3.4820847511291504,2e-07,1.7833489883157294,0.016004528850317,0.047993196407333016,0.10300397220999002,0.448966421186924
1855,1855,3.4623782634735107,3.5212080478668213,2e-07,1.7877899105542974,0.016030804719775915,0.04642506781965494,0.10246132593601942,0.44732096046209335
1856,1856,3.466327667236328,3.4949915409088135,2e-07,1.793712363698434,0.016012088395655155,0.04743139795027673,0.10327020473778248,0.45071783661842346
1857,1857,3.546529531478882,3.481541872024536,2e-07,1.7966631927616605,0.01604383857920766,0.047000735299661756,0.1028486592695117,0.4473605081439018
1858,1858,3.536172389984131,3.571011781692505,2e-07,1.8053201877726905,0.01603849697858095,0.04789873445406556,0.10315006971359253,0.4507020264863968
1859,1859,3.4665634632110596,3.5002424716949463,2e-07,1.8039867641105816,0.016045600175857544,0.046692838659510016,0.10281041357666254,0.44760046154260635
1860,1860,3.525604009628296,3.5750174522399902,2e-07,1.8079797216869649,0.01604447513818741,0.046627144096419215,0.10260071326047182,0.44655538350343704
1861,1861,3.4848663806915283,3.4963228702545166,2e-07,1.814197346968971,0.016038667410612106,0.0474487105384469,0.10284509416669607,0.4490046724677086
1862,1862,3.5173280239105225,3.5197582244873047,2e-07,1.8138005602912293,0.016035708133131266,0.04740884783677757,0.10298886895179749,0.4492901638150215
1863,1863,3.4520819187164307,3.4856936931610107,2e-07,1.811823260850947,0.016054728999733925,0.046475988579913974,0.10277525708079338,0.44795574247837067
1864,1864,3.555553913116455,3.4846112728118896,2e-07,1.8148712564410836,0.016034460626542568,0.04695056867785752,0.1029106080532074,0.45022860169410706
1865,1865,3.4550907611846924,3.5077106952667236,2e-07,1.8186749310443733,0.016051713842898607,0.046860459027811885,0.10280547197908163,0.4490312486886978
1866,1866,3.4676191806793213,3.523820638656616,2e-07,1.8179786162408527,0.01606497634202242,0.04595116595737636,0.10260944254696369,0.4461223781108856
1867,1867,3.5005807876586914,3.480689764022827,2e-07,1.8188496065798296,0.01604333147406578,0.04626152478158474,0.1029510023072362,0.4485339820384979
1868,1868,3.4913649559020996,3.4347281455993652,2e-07,1.8188484508411231,0.01605858374387026,0.046615022933110595,0.10260175075381994,0.4483255445957184
1869,1869,3.492217540740967,3.4757187366485596,2e-07,1.8172341507186704,0.016037491615861654,0.04789938498288393,0.1033828379586339,0.4520939737558365
1870,1870,3.5311508178710938,3.4996588230133057,2e-07,1.8150019224298957,0.016036758664995432,0.04657425684854388,0.1027733301743865,0.4484112858772278
1871,1871,3.5064873695373535,3.477773427963257,2e-07,1.8153817498426594,0.016029357444494963,0.04748367005959153,0.10290298610925674,0.45131535828113556
1872,1872,3.45573091506958,3.569129467010498,2e-07,1.8171811223891272,0.016036543995141983,0.04687782214023173,0.10306283924728632,0.45032139122486115
1873,1873,3.4707753658294678,3.5120186805725098,2e-07,1.8139333713920083,0.016055275686085224,0.048000759445130825,0.10305127501487732,0.45164406299591064
1874,1874,3.5312914848327637,3.4777488708496094,2e-07,1.8113902401173672,0.016048959456384182,0.04741541086696088,0.10315521247684956,0.450998492538929
1875,1875,3.53167462348938,3.4718146324157715,2e-07,1.8129257953823834,0.016019775066524744,0.047311854315921664,0.10278559662401676,0.45057930052280426
1876,1876,3.4551892280578613,3.518869400024414,2e-07,1.81338085046308,0.016037919092923403,0.0458570912014693,0.1025764113292098,0.44640661031007767
1877,1877,3.490563154220581,3.4902215003967285,2e-07,1.8120904767543176,0.016072867438197136,0.04683429864235222,0.10299171134829521,0.44933998584747314
1878,1878,3.530005931854248,3.47719669342041,2e-07,1.809984540727886,0.01604034472256899,0.04798260563984513,0.10299563128501177,0.45306261628866196
1879,1879,3.497169256210327,3.4654593467712402,2e-07,1.8133543809141746,0.016051707789301872,0.04690538137219846,0.10293906647711992,0.4495803117752075
1880,1880,3.4448928833007812,3.466402530670166,2e-07,1.8139178903718256,0.016035391483455896,0.04726929171010852,0.10343371611088514,0.45133890211582184
1881,1881,3.4620261192321777,3.549638032913208,2e-07,1.817383818899792,0.016044860240072012,0.046719002770259976,0.10274533089250326,0.44906143844127655
1882,1882,3.477480411529541,3.4986352920532227,2e-07,1.815324827714161,0.016043961513787508,0.04773122142069042,0.10342952515929937,0.45302868634462357
1883,1883,3.508579730987549,3.481015205383301,2e-07,1.8170991288817666,0.01604096218943596,0.04691119026392698,0.10279745981097221,0.4508904367685318
1884,1884,3.508190870285034,3.5442421436309814,2e-07,1.8188672535412214,0.01602761121466756,0.04739191639237106,0.10308726225048304,0.45147255808115005
1885,1885,3.516054391860962,3.460782051086426,2e-07,1.8211991996696673,0.016036938410252333,0.048002534080296755,0.10330715496093035,0.4528936445713043
1886,1886,3.4824256896972656,3.537848711013794,2e-07,1.8214736423129225,0.016034959815442562,0.047340227756649256,0.10310376435518265,0.4515494182705879
1887,1887,3.4621193408966064,3.555941581726074,2e-07,1.8236362488614937,0.016059599351137877,0.046131092589348555,0.10273173358291388,0.4487565755844116
1888,1888,3.455571413040161,3.4873812198638916,2e-07,1.824985934279285,0.016043898183852434,0.046992221381515265,0.10294791031628847,0.4509536251425743
1889,1889,3.4860353469848633,3.498798370361328,2e-07,1.825244051107918,0.01603514328598976,0.04721204447560012,0.10312794707715511,0.4526256173849106
1890,1890,3.5014424324035645,3.5159692764282227,2e-07,1.8264599934125831,0.016027611680328846,0.04753428674302995,0.10343070980161428,0.4523468613624573
1891,1891,3.4760353565216064,3.6122474670410156,2e-07,1.829089081721712,0.016051078215241432,0.046012017177417874,0.10284744016826153,0.44852475076913834
1892,1892,3.4971165657043457,3.479036569595337,2e-07,1.82808101410462,0.016034642234444618,0.046691654017195106,0.10278058145195246,0.449913427233696
1893,1893,3.454819679260254,3.529179334640503,2e-07,1.8284183570075538,0.016051546204835176,0.04701998573727906,0.10270226560533047,0.45187170058488846
1894,1894,3.4707114696502686,3.490239143371582,2e-07,1.8246190904387491,0.01602804847061634,0.048407615162432194,0.10364941321313381,0.4557276517152786
1895,1895,3.4594826698303223,3.4374632835388184,2e-07,1.8283599274153017,0.016052113380283117,0.04778110235929489,0.10341912135481834,0.4539782777428627
1896,1896,3.500641107559204,3.619296073913574,2e-07,1.8287769071623967,0.01605637976899743,0.048477154690772295,0.1033471031114459,0.4545046165585518
1897,1897,3.4966518878936768,3.5047130584716797,2e-07,1.833662153055219,0.01605088636279106,0.04704693425446749,0.10305437538772821,0.45078426599502563
1898,1898,3.5228826999664307,3.4889907836914062,2e-07,1.8336046441107337,0.016047899145632982,0.047723020426929,0.10343972779810429,0.4526597931981087
1899,1899,3.506696939468384,3.4750077724456787,2e-07,1.8319238055994134,0.016060268506407738,0.04660746757872403,0.10285789053887129,0.4517930597066879
1900,1900,3.4672839641571045,3.4856009483337402,2e-07,1.8341637586798027,0.016051516868174076,0.04725918616168201,0.1031386973336339,0.45146433264017105
1901,1901,3.4963114261627197,3.5236666202545166,2e-07,1.832389248077679,0.016029040794819593,0.047123993979766965,0.10307604726403952,0.45327962934970856
1902,1902,3.375199317932129,3.4913055896759033,2e-07,1.8327150715757907,0.01602548500522971,0.04695205413736403,0.10308620147407055,0.4535401538014412
1903,1903,3.5041720867156982,3.5422749519348145,2e-07,1.8279941427939645,0.016038337256759405,0.04812051495537162,0.10343874245882034,0.45526040345430374
1904,1904,3.4861390590667725,3.5067954063415527,2e-07,1.8309305133629046,0.016031387727707624,0.04737615631893277,0.10355816967785358,0.45530838519334793
1905,1905,3.44124436378479,3.5214810371398926,2e-07,1.8313309088324587,0.01603787951171398,0.04712924733757973,0.10335098206996918,0.4526509568095207
1906,1906,3.4868667125701904,3.4631707668304443,2e-07,1.8300986585042918,0.01603352464735508,0.04783782991580665,0.10358925350010395,0.4545498266816139
1907,1907,3.4982709884643555,3.477515697479248,2e-07,1.8271754600994887,0.016038144007325172,0.04757419927045703,0.10307562723755836,0.45302675664424896
1908,1908,3.4652249813079834,3.456305980682373,2e-07,1.8263625407748447,0.01602118741720915,0.04808507487177849,0.103475590236485,0.4550245925784111
1909,1909,3.5370702743530273,3.53509259223938,2e-07,1.831088695651659,0.01604021806269884,0.0465016330126673,0.1030702656134963,0.45315098762512207
1910,1910,3.480489730834961,3.5719757080078125,2e-07,1.82839923348064,0.016044726129621267,0.04771405574865639,0.10337068047374487,0.4550323411822319
1911,1911,3.4440290927886963,3.4832303524017334,2e-07,1.8251869977257105,0.016046739649027586,0.048137171659618616,0.10350076947361231,0.4562361314892769
1912,1912,3.503366708755493,3.5893428325653076,2e-07,1.8266775176410774,0.016039992216974497,0.04704581783153117,0.1030575018376112,0.4544428437948227
1913,1913,3.495048761367798,3.491957426071167,2e-07,1.8310894166201737,0.01602145005017519,0.04742764076218009,0.10326816979795694,0.45301733911037445
1914,1914,3.5327510833740234,3.4394516944885254,2e-07,1.8287805966952917,0.01603887276723981,0.04738004598766565,0.10306298080831766,0.45404958724975586
1915,1915,3.515885829925537,3.54217267036438,2e-07,1.8275878283747455,0.01602892391383648,0.047692064894363284,0.10353518836200237,0.4556022882461548
1916,1916,3.5031564235687256,3.4874303340911865,2e-07,1.8266409573811766,0.016027885489165783,0.04712345916777849,0.10319612175226212,0.45362189412117004
1917,1917,3.5056228637695312,3.589496612548828,2e-07,1.8239949034468343,0.016051100101321936,0.04682129202410579,0.10339143499732018,0.4541322588920593
1918,1918,3.501969814300537,3.5820720195770264,2e-07,1.8202335833605958,0.016038766130805016,0.04662424186244607,0.10315707232803106,0.4532214552164078
1919,1919,3.5045547485351562,3.4383673667907715,2e-07,1.8209745791269407,0.01604220876470208,0.046855888329446316,0.10332806408405304,0.45289552211761475
1920,1920,3.462541103363037,3.504073143005371,2e-07,1.822588500600408,0.01603762898594141,0.04664413956925273,0.1029021693393588,0.4527808278799057
1921,1921,3.50884747505188,3.540903091430664,2e-07,1.8243621191268413,0.0160487312823534,0.047392492881044745,0.10352498386055231,0.4536916986107826
1922,1922,3.464036703109741,3.4658474922180176,2e-07,1.8265259153351643,0.01602943893522024,0.04832176258787513,0.10353899747133255,0.4574921056628227
1923,1923,3.443610191345215,3.5203640460968018,2e-07,1.8292171737453153,0.016041425056755543,0.047177026979625225,0.10307697393000126,0.45335065573453903
1924,1924,3.4626591205596924,3.509857654571533,2e-07,1.830358932628801,0.01602933695539832,0.04734282405115664,0.10319603607058525,0.45545370131731033
1925,1925,3.4856371879577637,3.463477373123169,2e-07,1.8343686563352997,0.016037887893617153,0.04727071803063154,0.10339794214814901,0.45475638657808304
1926,1926,3.503915548324585,3.502033233642578,2e-07,1.8394785666306777,0.01605967152863741,0.048179987352341413,0.10364137403666973,0.45643748342990875
1927,1927,3.5298855304718018,3.525509834289551,2e-07,1.84294535209726,0.016036085318773985,0.04772261856123805,0.10343313124030828,0.4555644989013672
1928,1928,3.545119524002075,3.5388200283050537,2e-07,1.8435750307380565,0.01604127511382103,0.04789267433807254,0.10339252650737762,0.45787178725004196
1929,1929,3.4482340812683105,3.4743540287017822,2e-07,1.8401805020393034,0.016026982571929693,0.04688537074252963,0.10329984035342932,0.45536763221025467
1930,1930,3.4655916690826416,3.465038776397705,2e-07,1.8354033125037514,0.016042055562138557,0.046343420166522264,0.1030903933569789,0.45317990332841873
1931,1931,3.422135829925537,3.5593085289001465,2e-07,1.840090977903576,0.016060177236795425,0.04695688607171178,0.10308647342026234,0.4545513466000557
1932,1932,3.4847025871276855,3.48374605178833,2e-07,1.835550951175909,0.016033421736210585,0.047706831246614456,0.10334956087172031,0.45577317476272583
1933,1933,3.4658873081207275,3.546985387802124,2e-07,1.8339838175024226,0.016055084764957428,0.046746543142944574,0.10316577646881342,0.4551759287714958
1934,1934,3.501415252685547,3.5254628658294678,2e-07,1.8322915034383693,0.016037999652326107,0.04802664625458419,0.10358056798577309,0.45741118490695953
1935,1935,3.4899120330810547,3.532193422317505,2e-07,1.8318439081881521,0.016036554239690304,0.047216780949383974,0.10343093145638704,0.4560197666287422
1936,1936,3.4848506450653076,3.49609375,2e-07,1.8277149254328662,0.016034294385463,0.04786656657233834,0.10346962790936232,0.4576832428574562
1937,1937,3.4763545989990234,3.49411940574646,2e-07,1.8240942735490124,0.016047790180891752,0.04781680414453149,0.1034915717318654,0.4565775841474533
1938,1938,3.4820401668548584,3.548168659210205,2e-07,1.8242640171063103,0.016064919531345367,0.0478724529966712,0.10345367807894945,0.45689423382282257
1939,1939,3.5090198516845703,3.504971981048584,2e-07,1.8237195276634997,0.016038643661886454,0.04847213835455477,0.10386265069246292,0.4588656350970268
1940,1940,3.4458742141723633,3.5278408527374268,2e-07,1.821992604444449,0.01604207046329975,0.048318959306925535,0.10403683967888355,0.45909400284290314
1941,1941,3.5062365531921387,3.447746515274048,2e-07,1.8264155775166717,0.016053171828389168,0.046574004692956805,0.10298834089189768,0.4525904953479767
1942,1942,3.4803481101989746,3.494084596633911,2e-07,1.8271615801613654,0.016040498856455088,0.04736593249253929,0.10372134484350681,0.4582807123661041
1943,1943,3.5007762908935547,3.485278606414795,2e-07,1.8244986976091702,0.016037670895457268,0.046773858834058046,0.1029528584331274,0.4540901258587837
1944,1944,3.4481563568115234,3.473367214202881,2e-07,1.822901329932514,0.016045636497437954,0.047263631131500006,0.10329010896384716,0.4564427584409714
1945,1945,3.507974863052368,3.5742928981781006,2e-07,1.8285699870518253,0.016048084013164043,0.04799876525066793,0.10357982385903597,0.4582427814602852
1946,1946,3.454655885696411,3.567737579345703,2e-07,1.8273718439551314,0.016043695621192455,0.04849166120402515,0.10376233793795109,0.45859741419553757
1947,1947,3.4663069248199463,3.549948215484619,2e-07,1.8234702261202613,0.016032307874411345,0.04747273214161396,0.10348568763583899,0.45743361860513687
1948,1948,3.5131304264068604,3.4819929599761963,2e-07,1.824262890944714,0.016034812200814486,0.04728552442975342,0.10349429026246071,0.4560801014304161
1949,1949,3.5111780166625977,3.4655086994171143,2e-07,1.8252222381703025,0.016028378624469042,0.04693982936441898,0.10342161264270544,0.4563377946615219
1950,1950,3.5283944606781006,3.474869728088379,2e-07,1.8280949779075906,0.016049575060606003,0.04755194834433496,0.10355362854897976,0.4562642201781273
1951,1951,3.41953706741333,3.5154056549072266,2e-07,1.8265938466673644,0.016049544792622328,0.047488717595115304,0.10325254406780005,0.45717012882232666
1952,1952,3.481175422668457,3.459141492843628,2e-07,1.8322009796914926,0.016043761279433966,0.048376568127423525,0.10373393073678017,0.46002136915922165
1953,1953,3.4383039474487305,3.513758420944214,2e-07,1.8286011855856414,0.016040603164583445,0.048209595028311014,0.10353358089923859,0.45681947469711304
1954,1954,3.4755451679229736,3.4852423667907715,2e-07,1.8286010231810912,0.01604024786502123,0.04751627682708204,0.1036510718986392,0.45721063017845154
1955,1955,3.4626824855804443,3.5714595317840576,2e-07,1.8270925541614285,0.016043819952756166,0.047391721745952964,0.10326302610337734,0.45651499181985855
1956,1956,3.4264073371887207,3.51729154586792,2e-07,1.8276285864628257,0.016045797616243362,0.047603806713595986,0.1034844433888793,0.45853009819984436
1957,1957,3.485456943511963,3.5843117237091064,2e-07,1.8230940521658607,0.016050748992711306,0.046754027949646115,0.10306224040687084,0.45681603997945786
1958,1958,3.5151450634002686,3.446906089782715,2e-07,1.8218582286598235,0.01604106742888689,0.04717176570557058,0.10331288445740938,0.4546130523085594
1959,1959,3.51890230178833,3.5249414443969727,2e-07,1.8276696068278673,0.016045596450567245,0.04780453070998192,0.10361438058316708,0.45817285031080246
1960,1960,3.5085949897766113,3.5131447315216064,2e-07,1.8244270167304997,0.016049553640186787,0.04746098327450454,0.10345117654651403,0.45828918367624283
1961,1961,3.477984666824341,3.4797134399414062,2e-07,1.8238245989564275,0.016044408548623323,0.04769487795419991,0.10362549591809511,0.45892569422721863
1962,1962,3.452827215194702,3.4905648231506348,2e-07,1.8233827418456325,0.016035040840506554,0.047130339313298464,0.10342325828969479,0.4567241445183754
1963,1963,3.4682815074920654,3.4498538970947266,2e-07,1.8228393605212774,0.016043378971517086,0.04814558941870928,0.10382949374616146,0.4593660309910774
1964,1964,3.453815460205078,3.5049822330474854,2e-07,1.8221670925274769,0.016041069757193327,0.047993834828957915,0.10381200443953276,0.4597269296646118
1965,1965,3.491576910018921,3.540769577026367,2e-07,1.8188610016105624,0.01603382918983698,0.047250380739569664,0.10341942124068737,0.4569232016801834
1966,1966,3.4753339290618896,3.469402551651001,2e-07,1.8198616441036055,0.016057920176535845,0.04812672594562173,0.10384351015090942,0.46041300147771835
1967,1967,3.473344087600708,3.4790945053100586,2e-07,1.8198767059803795,0.016062358394265175,0.047572892624884844,0.1036862563341856,0.4589512497186661
1968,1968,3.4749324321746826,3.4572062492370605,2e-07,1.822891541430644,0.01601734757423401,0.04702419834211469,0.10323987994343042,0.4586758613586426
1969,1969,3.476731061935425,3.5099751949310303,2e-07,1.8225316276616368,0.016030498314648867,0.04689915315248072,0.10352274589240551,0.4579602926969528
1970,1970,3.438383102416992,3.5320932865142822,2e-07,1.8238258644936747,0.016033621970564127,0.04606051160953939,0.10307405609637499,0.4547841399908066
1971,1971,3.4473609924316406,3.5485804080963135,2e-07,1.8268166131693206,0.01605709921568632,0.04681443911977112,0.10346152726560831,0.45529694110155106
1972,1972,3.455904960632324,3.4717137813568115,2e-07,1.825899596607464,0.016041350550949574,0.04768708092160523,0.10340227652341127,0.45873913168907166
1973,1973,3.458984851837158,3.4994475841522217,2e-07,1.8265510825204074,0.01605425262823701,0.047734923427924514,0.10358838737010956,0.45987243205308914
1974,1974,3.4838123321533203,3.512938976287842,2e-07,1.829355853403158,0.016043618321418762,0.048119801096618176,0.10406038351356983,0.4598314166069031
1975,1975,3.440263509750366,3.452747106552124,2e-07,1.8257107702624498,0.016032768413424492,0.04781388654373586,0.1037436444312334,0.4598044082522392
1976,1976,3.458489418029785,3.4642722606658936,2e-07,1.8258562837896966,0.016044464893639088,0.046784147154539824,0.10352989379316568,0.4568474739789963
1977,1977,3.496532678604126,3.5479538440704346,2e-07,1.8251525676785472,0.01606331765651703,0.047503083012998104,0.1036361763253808,0.4590187072753906
1978,1978,3.467996120452881,3.5455360412597656,2e-07,1.8244378764114315,0.01602963311597705,0.048339479602873325,0.10403189435601234,0.46271028369665146
1979,1979,3.550839900970459,3.4830803871154785,2e-07,1.8208900579111378,0.01605653529986739,0.0475527576636523,0.10355427116155624,0.4595671147108078
1980,1980,3.4383256435394287,3.4855258464813232,2e-07,1.8215654062224287,0.016055437736213207,0.047889063600450754,0.10394967067986727,0.46100524067878723
1981,1981,3.4395904541015625,3.462129592895508,2e-07,1.8214176726658566,0.016027093399316072,0.04751672828570008,0.1037720488384366,0.46060433983802795
1982,1982,3.456705093383789,3.6037895679473877,2e-07,1.817742622120266,0.016030743718147278,0.04698073398321867,0.10368981212377548,0.4584980458021164
1983,1983,3.4968972206115723,3.5394790172576904,2e-07,1.8163281928367776,0.016052440740168095,0.0478264729026705,0.10377233754843473,0.46127038449048996
1984,1984,3.5082790851593018,3.48219895362854,2e-07,1.815941697774483,0.016053791157901287,0.047838088823482394,0.10378601867705584,0.45986970514059067
1985,1985,3.480433940887451,3.486037015914917,2e-07,1.8175928157145749,0.016046719159930944,0.04745129635557532,0.103837207891047,0.4596768096089363
1986,1986,3.465644121170044,3.4570114612579346,2e-07,1.823071504480206,0.016047084238380194,0.048258577240630984,0.10406892001628876,0.46139201521873474
1987,1987,3.4637410640716553,3.40450382232666,2e-07,1.8278920735463229,0.016027559526264668,0.04739782074466348,0.10333679616451263,0.4588303193449974
1988,1988,3.4477121829986572,3.507673978805542,2e-07,1.7070376099284916,0.016039383597671986,0.04705521743744612,0.10346851963549852,0.4588795378804207
1989,1989,3.4483237266540527,3.5078954696655273,2e-07,1.7174956383775857,0.01604798762127757,0.04775309260003269,0.10387128312140703,0.4607533738017082
1990,1990,3.4743096828460693,3.4209675788879395,2e-07,1.7283633968360412,0.016057162079960108,0.04724562750197947,0.10367792565375566,0.46048086881637573
1991,1991,3.4381558895111084,3.4778149127960205,2e-07,1.7373711246611505,0.016066879499703646,0.04673915053717792,0.10338732413947582,0.45723019540309906
1992,1992,3.4964616298675537,3.4698596000671387,2e-07,1.743711402847885,0.016023265197873116,0.047197829000651836,0.1034968663007021,0.4591624364256859
1993,1993,3.499372720718384,3.4651944637298584,2e-07,1.7484580573525328,0.016046506818383932,0.0469937629532069,0.10369476210325956,0.4578825905919075
1994,1994,3.514611005783081,3.5773205757141113,2e-07,1.756099924213489,0.01605845196172595,0.04792180494405329,0.10381160769611597,0.4615173190832138
1995,1995,3.413043975830078,3.461211919784546,2e-07,1.759122625040214,0.016054301522672176,0.04756279964931309,0.10361450165510178,0.4595278203487396
1996,1996,3.4333975315093994,3.4759256839752197,2e-07,1.7668387508384384,0.0160261825658381,0.04801050969399512,0.10370079800486565,0.4596148356795311
1997,1997,3.5198113918304443,3.5205581188201904,2e-07,1.7705165697896534,0.016038933768868446,0.048149937530979514,0.10365402791649103,0.46150436997413635
1998,1998,3.4883744716644287,3.452159881591797,2e-07,1.7756102819600046,0.016040473710745573,0.04723093216307461,0.10401347372680902,0.4613736644387245
1999,1999,3.5124752521514893,3.52675724029541,2e-07,1.785100875793643,0.016055434942245483,0.047526393085718155,0.10385422687977552,0.46177349984645844
2000,2000,3.5190811157226562,3.510875940322876,2e-07,1.7872432859811673,0.016051993239670992,0.047647678293287754,0.10389658901840448,0.46226194500923157
2001,2001,3.532350778579712,3.4796268939971924,2e-07,1.7892106734358717,0.016058675944805145,0.047622858779504895,0.10399624705314636,0.4620448648929596
2002,2002,3.491696357727051,3.4845094680786133,2e-07,1.7934715190325845,0.016046912409365177,0.04768719873391092,0.10377667099237442,0.4625236690044403
2003,2003,3.470381021499634,3.490584135055542,2e-07,1.800698791186386,0.016036929097026587,0.048225026577711105,0.10400477796792984,0.46315524727106094
2004,2004,3.414109230041504,3.4398422241210938,2e-07,1.8014926424610334,0.016034070402383804,0.047536277677863836,0.10367443040013313,0.4600522220134735
2005,2005,3.4553020000457764,3.6197919845581055,2e-07,1.802992794351795,0.016059691086411476,0.04806231986731291,0.10398118756711483,0.4631084278225899
2006,2006,3.4728071689605713,3.492640495300293,2e-07,1.804522448931029,0.016057796776294708,0.04790749424137175,0.10382401756942272,0.4621732756495476
2007,2007,3.4610331058502197,3.4857547283172607,2e-07,1.8039585565201732,0.016036021057516336,0.048250062158331275,0.10384045168757439,0.4614223465323448
2008,2008,3.5044667720794678,3.5768327713012695,2e-07,1.8028017234892124,0.016065542120486498,0.04817380313761532,0.10381121095269918,0.46272216737270355
2009,2009,3.4570744037628174,3.5829243659973145,2e-07,1.804971126498978,0.01603536494076252,0.048000353621318936,0.10410764254629612,0.46325722336769104
2010,2010,3.422149181365967,3.481473684310913,2e-07,1.8083380609009354,0.016033493913710117,0.04739276226609945,0.103625631891191,0.46108945459127426
2011,2011,3.4617037773132324,3.468935966491699,2e-07,1.8113470291357174,0.01605777069926262,0.047747170086950064,0.10365449264645576,0.4625682979822159
2012,2012,3.4418649673461914,3.523092746734619,2e-07,1.8144096428445962,0.016041538678109646,0.04816763405688107,0.10396555904299021,0.46403132379055023
2013,2013,3.3834004402160645,3.4543588161468506,2e-07,1.815157714905876,0.016040444374084473,0.0482355710119009,0.1040805745869875,0.46241484582424164
2014,2014,3.4702699184417725,3.513734817504883,2e-07,1.8211671748217937,0.016040812246501446,0.047800964675843716,0.1040220707654953,0.46314142644405365
2015,2015,3.496332883834839,3.459855794906616,2e-07,1.827233870368377,0.016045857686549425,0.04817752982489765,0.10385378170758486,0.4640538990497589
2016,2016,3.452977180480957,3.499267816543579,2e-07,1.8260523587878912,0.016051440499722958,0.047479887725785375,0.10365581698715687,0.46176548302173615
2017,2017,3.461197853088379,3.4579451084136963,2e-07,1.8228590869108017,0.016053745988756418,0.04708338715136051,0.10331217665225267,0.4601077139377594
2018,2018,3.5170228481292725,3.5045931339263916,2e-07,1.823484801080337,0.016043951734900475,0.04789969604462385,0.10391052160412073,0.4635639935731888
2019,2019,3.464290142059326,3.486056089401245,2e-07,1.8274085197141112,0.016028309240937233,0.04800674202851951,0.10384989902377129,0.4635171964764595
2020,2020,3.5868959426879883,3.505382537841797,2e-07,1.8265117352514137,0.016054032370448112,0.047921699937433004,0.10393977351486683,0.46321140974760056
2021,2021,3.3829896450042725,3.497142791748047,2e-07,1.822862791914273,0.01601962884888053,0.04776667803525925,0.1036669984459877,0.4630473032593727
2022,2022,3.519282579421997,3.501248836517334,2e-07,1.8250323614436805,0.016043724957853556,0.04744515288621187,0.10370275750756264,0.46257326751947403
2023,2023,3.5067996978759766,3.4340009689331055,2e-07,1.828565395909798,0.016043958719819784,0.048010339960455894,0.10410549398511648,0.464467816054821
2024,2024,3.481718063354492,3.4609713554382324,2e-07,1.826068689247356,0.016050680074840784,0.04847796796821058,0.10424448549747467,0.4658084511756897
2025,2025,3.4561984539031982,3.463669538497925,2e-07,1.8254895820977945,0.01604407886043191,0.04684855998493731,0.10376887489110231,0.4613613188266754
2026,2026,3.4482953548431396,3.567878246307373,2e-07,1.8251999514126247,0.01604974316433072,0.04831747547723353,0.10404641460627317,0.46489620208740234
2027,2027,3.406714677810669,3.4624269008636475,2e-07,1.823026762529617,0.016049258410930634,0.048084071604534984,0.1040080226957798,0.4639155939221382
2028,2028,3.4756741523742676,3.4761111736297607,2e-07,1.82210771261987,0.0160437123849988,0.04680780414491892,0.10371506493538618,0.4601302593946457
2029,2029,3.4952785968780518,3.4982123374938965,2e-07,1.8270406892854356,0.01604161038994789,0.048081414541229606,0.10429731011390686,0.4634743183851242
2030,2030,3.4520695209503174,3.4458351135253906,2e-07,1.8319000856686516,0.01605647150427103,0.047689641593024135,0.1038063308224082,0.4636700600385666
2031,2031,3.424405336380005,3.4796998500823975,2e-07,1.831686803287995,0.016042092349380255,0.04755900730378926,0.10381416417658329,0.4628618583083153
2032,2032,3.4397132396698,3.5084550380706787,2e-07,1.836480955587488,0.016062161419540644,0.04840801632963121,0.10416168626397848,0.46651532500982285
2033,2033,3.5117273330688477,3.4743287563323975,2e-07,1.832623143401546,0.016033434309065342,0.047567507019266486,0.10366052761673927,0.4630322679877281
2034,2034,3.455617904663086,3.497199296951294,2e-07,1.8322418310905575,0.01606185268610716,0.047671774635091424,0.1039911350235343,0.4624876603484154
2035,2035,3.5127835273742676,3.4169561862945557,2e-07,1.830702939330485,0.016059884801506996,0.047694460954517126,0.10402940772473812,0.4650115743279457
2036,2036,3.5496606826782227,3.4342827796936035,2e-07,1.827641417477123,0.01604852033779025,0.04787227907218039,0.10383746959269047,0.46485430002212524
2037,2037,3.5215604305267334,3.5329482555389404,2e-07,1.823969376602773,0.016047687269747257,0.04768738127313554,0.10393488593399525,0.4646974205970764
2038,2038,3.4435548782348633,3.5420587062835693,2e-07,1.824269931065893,0.0160582740791142,0.04731845064088702,0.10375246405601501,0.4616309329867363
2039,2039,3.3988797664642334,3.4557840824127197,2e-07,1.8253652841015908,0.016044244170188904,0.04791917325928807,0.10402421467006207,0.4657188206911087
2040,2040,3.4535717964172363,3.554257392883301,2e-07,1.8283811688692526,0.016039311420172453,0.04692614916712046,0.1037964578717947,0.4622591510415077
2041,2041,3.463474988937378,3.5235562324523926,2e-07,1.827137738523257,0.0160458548925817,0.04772711149416864,0.10387083049863577,0.46445470303297043
2042,2042,3.478332757949829,3.433832883834839,2e-07,1.8324858932816515,0.016044930089265108,0.048079581931233406,0.10407784674316645,0.4651946648955345
2043,2043,3.4550046920776367,3.444181203842163,2e-07,1.8290682822749968,0.01605334086343646,0.048637730767950416,0.10450708493590355,0.4668544828891754
2044,2044,3.473675012588501,3.4695661067962646,2e-07,1.8288074003466632,0.016046398784965277,0.04902814351953566,0.10435104835778475,0.4683794006705284
2045,2045,3.43039608001709,3.532564878463745,2e-07,1.833754163255726,0.016050163190811872,0.048242659540846944,0.1042858986184001,0.46507638692855835
2046,2046,3.4564597606658936,3.4626641273498535,2e-07,1.8305991062494114,0.016044176183640957,0.047325835563242435,0.10381729528307915,0.4639655351638794
2047,2047,3.437366247177124,3.438281536102295,2e-07,1.8281468933340483,0.01604518201202154,0.048763923114165664,0.10448421165347099,0.46780963987112045
2048,2048,3.4767727851867676,3.521519899368286,2e-07,1.8279934201040768,0.016046842094510794,0.04845005553215742,0.10466237086802721,0.4671037122607231
2049,2049,3.4660019874572754,3.426913022994995,2e-07,1.8270173376971015,0.01604133378714323,0.047926164232194424,0.10389283485710621,0.4650936722755432
2050,2050,3.435431480407715,3.574326515197754,2e-07,1.824328083782152,0.01606204779818654,0.04826979315839708,0.10414339508861303,0.4660823345184326
2051,2051,3.475928544998169,3.4810667037963867,2e-07,1.8220246284099406,0.01605303678661585,0.048477340722456574,0.10425062384456396,0.466403566300869
2052,2052,3.3694558143615723,3.596151113510132,2e-07,1.8215169001185527,0.016041189897805452,0.04910388286225498,0.10455690883100033,0.4677266776561737
2053,2053,3.4766974449157715,3.4823880195617676,2e-07,1.8210580559376495,0.016058124136179686,0.04818675061687827,0.10424876771867275,0.46686676144599915
2054,2054,3.468431234359741,3.508660316467285,2e-07,1.820579015750832,0.016038772650063038,0.04772614873945713,0.10390007682144642,0.4652310088276863
2055,2055,3.481717348098755,3.564406394958496,2e-07,1.8233788317408979,0.016046469565480947,0.048224878031760454,0.10449944250285625,0.46788454055786133
2056,2056,3.488407850265503,3.555807113647461,2e-07,1.825176170101273,0.016054929234087467,0.0485553820617497,0.10412133764475584,0.46638425439596176
2057,2057,3.3869423866271973,3.4783551692962646,2e-07,1.8233670821939285,0.016049698926508427,0.04813882056623697,0.10407109186053276,0.4663223475217819
2058,2058,3.454949378967285,3.509826421737671,2e-07,1.8276825008479876,0.016032866202294827,0.04831754392944276,0.10422241780906916,0.4668618440628052
2059,2059,3.4404542446136475,3.4213509559631348,2e-07,1.8278201314368618,0.016042832750827074,0.04834239976480603,0.1042286017909646,0.46668170392513275
2060,2060,3.50406551361084,3.502789258956909,2e-07,1.8256196928958035,0.016057866625487804,0.04806966381147504,0.1043859962373972,0.46780800074338913
2061,2061,3.476846694946289,3.4824182987213135,2e-07,1.8233896445452646,0.016040389891713858,0.04658422549255192,0.10389293730258942,0.46429433673620224
2062,2062,3.489974021911621,3.4708006381988525,2e-07,1.8292401714605586,0.016030659433454275,0.047199137043207884,0.1040362510830164,0.4658699259161949
2063,2063,3.464858055114746,3.4710686206817627,2e-07,1.8259826164508812,0.01604766957461834,0.04658460174687207,0.10349137429147959,0.46283044666051865
2064,2064,3.4633214473724365,3.4872961044311523,2e-07,1.824920573753453,0.016060535330325365,0.047465374460443854,0.10384850855916739,0.466434046626091
2065,2065,3.4698116779327393,3.502364158630371,2e-07,1.8229131284236404,0.016027722042053938,0.04861111054196954,0.10452513583004475,0.46892397105693817
2066,2066,3.5165395736694336,3.4594266414642334,2e-07,1.8230314059565302,0.01604657480493188,0.04736584145575762,0.10394972003996372,0.463939793407917
2067,2067,3.452362298965454,3.431525945663452,2e-07,1.822670762018844,0.01604886958375573,0.04805656406097114,0.1042016502469778,0.4676230847835541
2068,2068,3.4417426586151123,3.4531002044677734,2e-07,1.8201514441589919,0.016048754565417767,0.04680244787596166,0.10362062510102987,0.4632810354232788
2069,2069,3.480466604232788,3.502493381500244,2e-07,1.8189869305780566,0.016043306794017553,0.04747786256484687,0.1038152165710926,0.465713232755661
2070,2070,3.3987107276916504,3.4964215755462646,2e-07,1.8255211849316884,0.016045126132667065,0.04786595539189875,0.10394701547920704,0.4652314856648445
2071,2071,3.4646267890930176,3.465674877166748,2e-07,1.8224381375012102,0.016082232352346182,0.0468747541308403,0.10397838428616524,0.46552642434835434
2072,2072,3.4537110328674316,3.441210985183716,2e-07,1.8240506346962817,0.0160465813241899,0.04757722816430032,0.10368859954178333,0.4660453796386719
2073,2073,3.4841110706329346,3.5610785484313965,2e-07,1.829038111151365,0.016051372047513723,0.0480580935254693,0.10409910418093204,0.4683616831898689
2074,2074,3.4978535175323486,3.573732376098633,2e-07,1.8337541384765368,0.016039205249398947,0.047505169408395886,0.10411934647709131,0.4661703258752823
2075,2075,3.4491846561431885,3.478236675262451,2e-07,1.8335145743484778,0.016064095310866833,0.04767286288551986,0.10405663028359413,0.4668284133076668
2076,2076,3.3911094665527344,3.480480909347534,2e-07,1.833602642636076,0.016016081906855106,0.04825366195291281,0.1041192077100277,0.46734654903411865
2077,2077,3.4661691188812256,3.510066270828247,2e-07,1.835135293895159,0.016059356275945902,0.04737702291458845,0.10393987782299519,0.4665909707546234
2078,2078,3.483658790588379,3.444699764251709,2e-07,1.833835491573014,0.016041751019656658,0.048201355850324035,0.10409201495349407,0.4666745364665985
2079,2079,3.5084872245788574,3.5414609909057617,2e-07,1.832039082634894,0.016037467867136,0.04806712735444307,0.10448878351598978,0.4669565334916115
2080,2080,3.4777987003326416,3.4721457958221436,2e-07,1.8288903046205685,0.016058127395808697,0.047935593174770474,0.10422345530241728,0.46821074932813644
2081,2081,3.489978075027466,3.4960134029388428,2e-07,1.8249265440886724,0.016032833140343428,0.04787797760218382,0.10459525231271982,0.4679950922727585
2082,2082,3.4733152389526367,3.461184024810791,2e-07,1.8251944217793636,0.016060844529420137,0.04814058844931424,0.10446651373058558,0.4690034091472626
2083,2083,3.4180643558502197,3.489551305770874,2e-07,1.8239701821087921,0.016045608557760715,0.048240843461826444,0.10445380583405495,0.4693360924720764
2084,2084,3.4676668643951416,3.478746175765991,2e-07,1.8218474274264622,0.01604605233296752,0.04754887335002422,0.10420201066881418,0.4666605591773987
2085,2085,3.437218189239502,3.4999563694000244,2e-07,1.818598944884647,0.016041504684835672,0.04811122454702854,0.10417523700743914,0.46858206391334534
2086,2086,3.464728593826294,3.4819791316986084,2e-07,1.8212202081119437,0.016036467161029577,0.04853611858561635,0.10447632800787687,0.47003570199012756
2087,2087,3.469057321548462,3.4874658584594727,2e-07,1.821222679537418,0.01605668431147933,0.048026919830590487,0.1044003777205944,0.46820665150880814
2088,2088,3.4682161808013916,3.465301990509033,2e-07,1.8243224888875809,0.016043400391936302,0.04839479411020875,0.10438941512256861,0.4687437042593956
2089,2089,3.4902379512786865,3.473900079727173,2e-07,1.8215290043250054,0.016055846121162176,0.04753040079958737,0.10393320675939322,0.46719180047512054
2090,2090,3.446672201156616,3.4510440826416016,2e-07,1.8218961716521802,0.016051840037107468,0.04836262599565089,0.10428689327090979,0.46996627002954483
2091,2091,3.4987494945526123,3.410773277282715,2e-07,1.8225034020689028,0.016048405785113573,0.04748805449344218,0.10374276991933584,0.46699870377779007
2092,2092,3.4368042945861816,3.509422540664673,2e-07,1.8236887372911161,0.016045723110437393,0.04807080840691924,0.10426145419478416,0.4693360701203346
2093,2093,3.4918148517608643,3.4813873767852783,2e-07,1.835600563918108,0.016049664467573166,0.04845258523710072,0.10445886291563511,0.470346637070179
2094,2094,3.553107261657715,3.5048274993896484,2e-07,1.8386567635205913,0.01605914020910859,0.047853322234004736,0.10431263502687216,0.4673982933163643
2095,2095,3.5224711894989014,3.563138008117676,2e-07,1.8349000228169623,0.016036783810704947,0.04799399129115045,0.10441726073622704,0.47070781141519547
2096,2096,3.4552206993103027,3.5366432666778564,2e-07,1.834157176883612,0.016051277983933687,0.047096900176256895,0.10391493421047926,0.466341108083725
2097,2097,3.4026238918304443,3.44777774810791,2e-07,1.8383592837260418,0.016047993674874306,0.04830353823490441,0.10446387063711882,0.4697841629385948
2098,2098,3.4218780994415283,3.5043439865112305,2e-07,1.8417994425361568,0.01603769790381193,0.04843748384155333,0.10450447723269463,0.46994301676750183
2099,2099,3.521854877471924,3.4477930068969727,2e-07,1.8397326051292935,0.016055334359407425,0.047608632827177644,0.10411363374441862,0.4688069373369217
2100,2100,3.5211546421051025,3.504181146621704,2e-07,1.8365314179325039,0.0160505841486156,0.04895953112281859,0.10451782960444689,0.47186296433210373
2101,2101,3.4217352867126465,3.511422634124756,2e-07,1.8355967767553685,0.01604354428127408,0.04781336383894086,0.10393196158111095,0.4680374041199684
2102,2102,3.4348695278167725,3.4842143058776855,2e-07,1.8334301372904562,0.01604471541941166,0.04888477595523,0.10485650599002838,0.47209616750478745
2103,2103,3.4662740230560303,3.476120948791504,2e-07,1.832236289027261,0.016041206661611795,0.04736743518151343,0.10412006359547377,0.46755385398864746
2104,2104,3.4686989784240723,3.474785089492798,2e-07,1.8280680681880643,0.016065208707004786,0.04793655383400619,0.10427190363407135,0.4686935767531395
2105,2105,3.4612302780151367,3.4778802394866943,2e-07,1.827292814560097,0.01605601515620947,0.04748067748732865,0.10426015872508287,0.4697941914200783
2106,2106,3.494107961654663,3.444571018218994,2e-07,1.8269788345467817,0.016059642657637596,0.04750200849957764,0.1043594116345048,0.46946582943201065
2107,2107,3.425004005432129,3.472395896911621,2e-07,1.8285404046967582,0.0160482837818563,0.04875929933041334,0.10455545224249363,0.4704408496618271
2108,2108,3.4871697425842285,3.5864310264587402,2e-07,1.8285539728661309,0.01607020338997245,0.04779127612709999,0.10417322721332312,0.4681795835494995
2109,2109,3.4312593936920166,3.463168144226074,2e-07,1.827219712227154,0.0160356885753572,0.04871310805901885,0.10429164487868547,0.4701857343316078
2110,2110,3.456247329711914,3.544025421142578,2e-07,1.824651229583705,0.016048541758209467,0.04858085769228637,0.10485643707215786,0.47219424694776535
2111,2111,3.448040246963501,3.547205686569214,2e-07,1.8227303756099391,0.016040233429521322,0.04807737097144127,0.10425947606563568,0.470750130712986
2112,2112,3.483807325363159,3.459014892578125,2e-07,1.821645418748634,0.016070593614131212,0.04912531725130975,0.10475561302155256,0.4737599268555641
2113,2113,3.4226410388946533,3.514127254486084,2e-07,1.8274133948719378,0.01603971468284726,0.04832287831231952,0.10412855260074139,0.4712478518486023
2114,2114,3.465113878250122,3.420072317123413,2e-07,1.8245807752412353,0.01605539908632636,0.048330559860914946,0.10448424331843853,0.47094881534576416
2115,2115,3.436481237411499,3.458242893218994,2e-07,1.8237513504691283,0.01602830085903406,0.04802181897684932,0.10427826270461082,0.471110075712204
2116,2116,3.4959230422973633,3.51627516746521,2e-07,1.8234039771973896,0.01606799801811576,0.04780525807291269,0.10432623140513897,0.4710121154785156
2117,2117,3.449247360229492,3.41430401802063,2e-07,1.823433202391557,0.01602429198101163,0.047510367119684815,0.10422365181148052,0.46992894262075424
2118,2118,3.444502115249634,3.4695322513580322,2e-07,1.8276125402635492,0.016072618775069714,0.04780107643455267,0.10421654302626848,0.470953106880188
2119,2119,3.41127347946167,3.5177011489868164,2e-07,1.8282677126237954,0.016029715538024902,0.047800329281017184,0.10446273442357779,0.47070862352848053
2120,2120,3.425302743911743,3.4892125129699707,2e-07,1.827286900734043,0.0160631793551147,0.04825532459653914,0.10437565110623837,0.47127149254083633
2121,2121,3.441800117492676,3.4229183197021484,2e-07,1.8297410405941843,0.016050392761826515,0.04757417202927172,0.10409669205546379,0.4695045277476311
2122,2122,3.455458641052246,3.4360249042510986,2e-07,1.8286886027567033,0.0160471866838634,0.04813032248057425,0.10414986778050661,0.470841646194458
2123,2123,3.456099271774292,3.496187448501587,2e-07,1.8294500599568702,0.016037010587751865,0.048294729785993695,0.10450382065027952,0.47123415023088455
2124,2124,3.463864803314209,3.508056640625,2e-07,1.8249080156544646,0.016026390250772238,0.049041789723560214,0.10479457955807447,0.4738140404224396
2125,2125,3.4371471405029297,3.4361155033111572,2e-07,1.8239704036203304,0.016063703689724207,0.047969500068575144,0.10426515154540539,0.47104818373918533
2126,2126,3.4045114517211914,3.441239595413208,2e-07,1.8286810511162397,0.01604333845898509,0.04852194502018392,0.10448187589645386,0.4715743958950043
2127,2127,3.4580459594726562,3.5026652812957764,2e-07,1.8265887586073954,0.01605677604675293,0.047782817389816046,0.10422578267753124,0.4710489511489868
2128,2128,3.467294692993164,3.434979200363159,2e-07,1.8235520324855037,0.016054990235716105,0.04779748828150332,0.10445334017276764,0.47125229239463806
2129,2129,3.4161810874938965,3.453078031539917,2e-07,1.825502913096854,0.016048335935920477,0.047361155273392797,0.10421158280223608,0.46986646205186844
2130,2130,3.3980228900909424,3.5440611839294434,2e-07,1.8250543446674146,0.0160315060056746,0.04821590334177017,0.10444189142435789,0.4735290855169296
2131,2131,3.482020854949951,3.4864742755889893,2e-07,1.8209027205591137,0.016057209111750126,0.04750509047880769,0.10435863025486469,0.4701167792081833
2132,2132,3.460908889770508,3.4804906845092773,2e-07,1.8196387566206187,0.016058544162660837,0.048127782763913274,0.10443137399852276,0.47119441628456116
2133,2133,3.451630115509033,3.4879584312438965,2e-07,1.8184563027813583,0.016046192031353712,0.048597438959404826,0.10475837998092175,0.47401486337184906
2134,2134,3.444049119949341,3.4974558353424072,2e-07,1.8195337808194192,0.01605170825496316,0.048114296747371554,0.1045549176633358,0.4714716821908951
2135,2135,3.4692351818084717,3.5336694717407227,2e-07,1.8190129814596592,0.016069650650024414,0.04787248955108225,0.10439708456397057,0.47145700454711914
2136,2136,3.449260950088501,3.412661552429199,2e-07,1.8213264717261333,0.016055474523454905,0.048098576720803976,0.1043371707201004,0.47217465192079544
2137,2137,3.4355063438415527,3.4687492847442627,2e-07,1.8216395910633116,0.016029457096010447,0.04770040954463184,0.10402745101600885,0.46850547194480896
