step,iter,train/loss,val/loss,lr,mfu,token_embedding_act_abs_mean,attn_act_abs_mean,mlp_act_abs_mean,lm_head_act_abs_mean
0,0,4.174141883850098,4.17411470413208,0.2,-100.0
1,1,4.039515495300293,4.055574417114258,0.2,-100.0,0.01588020520284772,5.9650966591107135e-05,0.0003172201759298332,0.000565363050554879
2,2,3.737832546234131,3.7747302055358887,0.2,-100.0,0.20072317123413086,0.20582479983568192,0.20956240128725767,0.13171349093317986
3,3,3.6156437397003174,3.530726194381714,0.2,-100.0,0.29453087598085403,0.3958924934267998,0.4544874168932438,0.4388592168688774
4,4,3.3981974124908447,3.5399856567382812,0.2,-100.0,0.4699200168251991,0.6457028985023499,0.7212229203432798,0.8656729906797409
5,5,3.56719708442688,3.4095404148101807,0.2,-100.0,0.6182690113782883,0.8891396205872297,1.0126632004976273,1.3833017945289612
6,6,3.549043655395508,3.461653232574463,0.2,0.8856552371724391,0.7230617702007294,1.1339518837630749,1.361824456602335,1.8667113184928894
7,7,3.3802454471588135,3.3476510047912598,0.2,2.5291726258323113,0.7156592458486557,1.4553599990904331,1.8997405655682087,2.1171876788139343
8,8,3.465832233428955,3.4161226749420166,0.2,2.3624599968496582,0.7212800532579422,1.8690732307732105,2.743845120072365,1.8045757412910461
9,9,3.4158122539520264,3.509443998336792,0.2,3.9579243813252507,0.7377099692821503,2.456938572227955,3.9275480061769485,1.43046835064888
10,10,3.350745916366577,3.386139154434204,0.2,5.380314673402634,0.8166565746068954,3.240747883915901,5.372924283146858,1.0922226309776306
11,11,3.301645517349243,3.279505491256714,0.2,6.742944084952487,0.9100487381219864,3.7588665187358856,5.915587216615677,1.4395129680633545
12,12,3.3566513061523438,3.327136278152466,0.2,6.1575029669412205,1.007916897535324,4.364442341029644,6.687116742134094,1.5252172946929932
13,13,3.3448269367218018,3.4260544776916504,0.2,7.491128287729941,1.0784287452697754,5.4884874522686005,8.415919721126556,1.2683009505271912
14,14,3.577285051345825,3.4104623794555664,0.2,8.682103397008827,1.1789198517799377,5.9557880610227585,8.8820241689682,1.187585324048996
15,15,3.291172981262207,3.2904186248779297,0.2,9.737439660717772,1.2975890040397644,5.848886162042618,8.427568882703781,1.8177019357681274
16,16,3.3411498069763184,3.3398797512054443,0.2,10.696094840261345,1.3720826506614685,6.450887054204941,9.291670829057693,1.5110508501529694
17,17,3.42600154876709,3.5726354122161865,0.2,11.461865750633091,1.4460645914077759,7.186391770839691,10.439340084791183,1.1820658147335052
18,18,3.4263997077941895,3.571941375732422,0.2,12.159891807002204,1.5568763315677643,7.371858015656471,10.31602680683136,1.7770300805568695
19,19,3.313072443008423,3.3835716247558594,0.2,12.882872967622443,1.605652391910553,8.931961834430695,12.830834358930588,1.2625854313373566
20,20,3.226097822189331,3.3583719730377197,0.2,13.417481502166279,1.6837579607963562,10.504391998052597,14.824731409549713,1.821208655834198
21,21,3.302757501602173,3.405168294906616,0.2,14.009907605319484,1.7586819529533386,12.310082346200943,17.339591085910797,1.645209789276123
22,22,3.396450996398926,3.4717764854431152,0.2,14.55541828586483,1.8130115568637848,14.369922429323196,20.302220165729523,1.3479288816452026
23,23,3.31441330909729,3.3697052001953125,0.2,14.93877746514523,1.8606017231941223,16.232428461313248,22.946799993515015,1.7982003688812256
24,24,3.2556512355804443,3.4659805297851562,0.2,15.38493937910535,1.9102047681808472,18.254820853471756,26.009597659111023,1.2119956016540527
25,25,3.3939411640167236,3.3678183555603027,0.2,15.790187252883944,1.9844013452529907,19.089552521705627,27.134385526180267,1.881276935338974
26,26,3.2354915142059326,3.4238901138305664,0.2,16.152270850097082,1.9751302003860474,20.124357372522354,28.604212760925293,1.46146821975708
27,27,3.2803289890289307,3.350374460220337,0.2,16.472953515314884,1.9757930934429169,19.57677647471428,28.127098619937897,1.633556455373764
28,28,3.4667680263519287,3.3601832389831543,0.2,16.760597884675462,2.0090635418891907,19.255703657865524,27.835797369480133,1.4594930410385132
29,29,3.449549913406372,3.277261734008789,0.2,17.018691599571174,2.0478619933128357,18.34883287549019,26.156598448753357,2.0927735567092896
30,30,3.464395046234131,3.518263816833496,0.2,15.405423952962682,2.0156699419021606,17.13542890548706,23.97641533613205,1.4794705510139465
31,31,3.332686185836792,3.3248226642608643,0.2,15.810754048426173,1.9864537119865417,16.536052703857422,22.41041338443756,0.9908013045787811
32,32,3.847827434539795,3.457287073135376,0.2,16.16909743376678,2.019030272960663,15.12923327088356,23.20221197605133,1.6398180425167084
33,33,3.3809962272644043,3.423989772796631,0.2,16.478647810457193,2.030298352241516,14.616880893707275,27.055953323841095,2.2837652564048767
34,34,3.3729355335235596,3.305601119995117,0.2,16.746627341691305,2.026636779308319,17.119272500276566,32.19305622577667,2.4582908749580383
35,35,3.4025206565856934,3.359037399291992,0.2,17.000713670169354,1.942675769329071,16.23161470890045,34.86936926841736,1.7859508693218231
36,36,3.3382484912872314,3.452394962310791,0.2,17.230381015096576,1.859436959028244,16.1099054813385,37.76772379875183,1.2625962793827057
37,37,3.3269975185394287,3.267688035964966,0.2,17.442739608822862,1.8417036533355713,19.721229195594788,38.993006348609924,1.9046550393104553
38,38,3.386234998703003,3.3037796020507812,0.2,15.783570068100577,1.8494403958320618,22.26090407371521,37.19227123260498,2.3583373427391052
39,39,3.3229808807373047,3.394953727722168,0.2,16.145875295308546,1.7839394509792328,21.31710135936737,35.65517359972,1.795409232378006
40,40,3.2798123359680176,3.376446485519409,0.2,16.462940267752792,1.7334692478179932,23.25827670097351,34.82865273952484,1.3579221665859222
41,41,3.2904598712921143,3.380383253097534,0.2,16.752702813941276,1.740943193435669,23.50039851665497,33.580037355422974,1.675539791584015
42,42,3.273122549057007,3.463547945022583,0.2,17.018777838044677,1.739311546087265,23.71052473783493,32.637872099876404,1.967858076095581
43,43,3.300471544265747,3.3692657947540283,0.2,17.25935261649918,1.735981971025467,25.72470337152481,32.94896864891052,1.8637293875217438
44,44,3.5176472663879395,3.4367332458496094,0.2,17.47635531175579,1.7549956440925598,27.48883891105652,33.39811956882477,1.5995109379291534
45,45,3.3204774856567383,3.4432132244110107,0.2,17.661354555734757,1.781243622303009,26.841914892196655,33.23159921169281,1.8972019851207733
46,46,3.277435779571533,3.46880841255188,0.2,17.834819153821357,1.7368937730789185,29.00719290971756,36.441407322883606,1.4319604337215424
47,47,3.4251317977905273,3.382704019546509,0.2,17.992741339284805,1.7559008598327637,30.942063570022583,39.177414417266846,1.2454566657543182
48,48,3.434149980545044,3.398493766784668,0.2,18.137852317821718,1.7777724862098694,29.88186287879944,38.262925028800964,1.8128858506679535
49,49,3.3727071285247803,3.4253251552581787,0.2,18.265236026858346,1.7486408650875092,30.907171726226807,40.07340431213379,1.477577567100525
50,50,3.2953712940216064,3.3760828971862793,0.2,18.361516644506747,1.7215997874736786,31.378536820411682,41.15858864784241,1.16194748878479
51,51,3.4464614391326904,3.446187734603882,0.2,18.462659386815872,1.7270032167434692,29.463062942028046,38.346231520175934,1.6935897469520569
52,52,3.342539072036743,3.224344491958618,0.2,18.56222262325277,1.7401994466781616,28.337005257606506,36.22594624757767,2.130737841129303
53,53,3.402240037918091,3.3711330890655518,0.2,16.79468539408793,1.7258503437042236,28.69142085313797,34.48782271146774,2.097631871700287
54,54,3.460874080657959,3.448395252227783,0.2,17.059659636068858,1.6758298873901367,29.335021138191223,32.27287411689758,1.6488771736621857
55,55,3.284409999847412,3.4139230251312256,0.2,17.309573623564937,1.65449458360672,29.844406306743622,30.71276956796646,1.1899773180484772
56,56,3.3835678100585938,3.2675843238830566,0.2,17.521411583741386,1.6571592092514038,31.177944779396057,34.01475673913956,1.6282266974449158
57,57,3.3479387760162354,3.5977890491485596,0.2,17.711900893892466,1.6708315312862396,33.07913434505463,37.81166398525238,2.006864845752716
58,58,3.2810611724853516,3.384800672531128,0.2,17.882063949174725,1.643602043390274,35.105033695697784,41.93173670768738,2.083616554737091
59,59,3.337106943130493,3.3980515003204346,0.2,18.0360315493803,1.5973345935344696,37.02008295059204,45.96581828594208,1.7335761487483978
60,60,3.274538516998291,3.3485617637634277,0.2,18.176677212138223,1.5673639178276062,39.16180765628815,49.95377337932587,1.3868508636951447
61,61,3.3430707454681396,3.369706869125366,0.2,18.305428186714856,1.575954109430313,38.79998028278351,50.692976117134094,1.5903696417808533
62,62,3.245241403579712,3.379601001739502,0.2,18.42172048847597,1.5883034765720367,37.3970285654068,49.94938635826111,1.7434918284416199
63,63,3.3118317127227783,3.3949484825134277,0.2,18.529022863733758,1.582076370716095,36.329869627952576,50.52110397815704,1.8483487367630005
64,64,3.3966851234436035,3.369861602783203,0.2,18.58406025242166,1.5754937827587128,37.13348197937012,52.57058227062225,1.572632074356079
65,65,3.2476675510406494,3.3122920989990234,0.2,18.66565344072302,1.5662237107753754,38.236865520477295,54.09082865715027,1.5317434072494507
66,66,3.369412899017334,3.3508267402648926,0.2,18.747756551198844,1.5821134448051453,36.86821258068085,52.979350566864014,1.7611208856105804
67,67,3.341186046600342,3.5009548664093018,0.2,18.81641758359593,1.582915723323822,35.5327650308609,51.551639914512634,1.7506512701511383
68,68,3.3227462768554688,3.348073720932007,0.2,18.877927118498736,1.579048603773117,35.221545338630676,51.43843758106232,1.4530749320983887
69,69,3.429515838623047,3.367520809173584,0.2,18.932222101408165,1.5638624131679535,36.22062301635742,51.04246127605438,1.604907065629959
70,70,3.240159749984741,3.340064525604248,0.2,18.985728589718263,1.5897419452667236,36.56264078617096,49.795103549957275,2.0457152128219604
71,71,3.3180108070373535,3.435748815536499,0.2,19.027943310889047,1.5654606521129608,38.83127188682556,51.332056522369385,1.803782880306244
72,72,3.2926387786865234,3.4162609577178955,0.2,19.06090673348981,1.5823914110660553,41.026440262794495,52.63059365749359,1.5597661435604095
73,73,3.2458338737487793,3.5219016075134277,0.2,19.093392875994304,1.5731858611106873,41.737847685813904,52.07289683818817,1.7397834062576294
74,74,3.375206232070923,3.411978244781494,0.2,19.12201828159457,1.6015097796916962,42.63062787055969,52.10064661502838,2.0228835940361023
75,75,3.3616719245910645,3.382024049758911,0.2,19.155283427778862,1.5987304151058197,43.913092851638794,52.71061396598816,1.7165603339672089
76,76,3.337484836578369,3.3332769870758057,0.2,19.184804908206907,1.5945873260498047,45.3941867351532,53.55719435214996,1.4581521153450012
77,77,3.485713243484497,3.1991994380950928,0.2,19.211214248953635,1.602059930562973,46.31626284122467,55.808072566986084,1.7626166939735413
78,78,3.3373191356658936,3.324230194091797,0.2,17.363618159915514,1.5955490171909332,45.72349202632904,57.211888909339905,1.8761614859104156
79,79,3.301326036453247,3.2587931156158447,0.2,17.586118064327476,1.567289650440216,43.80687117576599,57.6121381521225,1.6518807709217072
80,80,3.3871195316314697,3.36181902885437,0.2,17.77808008699269,1.5728719234466553,41.37403953075409,55.91207706928253,1.5539867281913757
81,81,3.4038829803466797,3.4828200340270996,0.2,17.94720969015053,1.5643070042133331,39.702866077423096,54.23798739910126,1.8016362488269806
82,82,3.2884106636047363,3.43391752243042,0.2,18.096826652479795,1.5703565776348114,38.85021114349365,53.36147201061249,2.0475048422813416
83,83,3.3111629486083984,3.4749197959899902,0.2,18.2348269573689,1.5444987416267395,39.309433579444885,52.09416174888611,1.7919778227806091
84,84,3.382599353790283,3.3382017612457275,0.2,18.309901042651365,1.556534081697464,37.049840569496155,49.35346436500549,1.6007024645805359
85,85,3.268850803375244,3.2599003314971924,0.2,18.426091682034098,1.5690858662128448,34.487097322940826,45.587971687316895,1.845184326171875
86,86,3.2845675945281982,3.356886625289917,0.2,18.529763316441883,1.559796690940857,32.73653161525726,43.038049936294556,1.8549624383449554
87,87,3.5225119590759277,3.322815179824829,0.2,18.619133603659808,1.557494878768921,34.64294397830963,41.67266374826431,1.6142538189888
88,88,3.2359683513641357,3.4679572582244873,0.2,18.703736132682323,1.5492977499961853,33.39659583568573,39.0093457698822,1.5570388436317444
89,89,3.4316115379333496,3.4878811836242676,0.2,18.69919000912287,1.5786132514476776,30.892175376415253,34.23581612110138,1.9260227978229523
90,90,3.393528699874878,3.387230634689331,0.2,18.769075839068456,1.578532338142395,28.773792386054993,31.72991979122162,1.953101634979248
91,91,3.3091835975646973,3.3260884284973145,0.2,18.83614061043913,1.5631864368915558,27.961471498012543,31.451574087142944,1.570274829864502
92,92,3.479822874069214,3.2251830101013184,0.2,18.89962054716673,1.5539277493953705,24.5275856256485,26.529001861810684,1.4723550975322723
93,93,3.3007094860076904,3.27803635597229,0.2,18.94301345895167,1.5821688771247864,21.88904160261154,22.738350957632065,2.0115492939949036
94,94,3.2132363319396973,3.3502542972564697,0.2,18.998999766610112,1.6055656969547272,19.7380753159523,20.81466296315193,2.3184010982513428
95,95,3.356656312942505,3.3099353313446045,0.2,19.042526002800656,1.5839645862579346,18.628053158521652,20.45070978999138,2.020629584789276
96,96,3.20680832862854,3.236919641494751,0.2,19.080124464422685,1.5514195561408997,16.315771013498306,19.519392400979996,1.7240036725997925
97,97,3.2246429920196533,3.2017741203308105,0.2,19.12044616447977,1.5496843755245209,13.966824352741241,16.580727219581604,1.7815861701965332
98,98,3.148860216140747,3.230712890625,0.2,19.152262554407624,1.5866588056087494,13.880047768354416,15.585661888122559,2.081676959991455
99,99,3.2015345096588135,3.1469993591308594,0.2,19.1890581175479,1.5691680610179901,16.663950622081757,14.755344659090042,2.0351202487945557
100,100,3.233466386795044,3.179748058319092,0.2,17.359450967996352,1.5984266996383667,20.967782229185104,15.227179229259491,2.318505346775055
101,101,3.1982429027557373,3.163708448410034,0.2,17.588056066216588,1.6590732038021088,25.139543890953064,17.09918051958084,2.145179808139801
102,102,3.1989176273345947,3.1877472400665283,0.2,17.79035214691277,1.6463633477687836,28.71202915906906,15.199026584625244,1.9816741645336151
103,103,3.208670139312744,3.244342565536499,0.2,17.97206670441438,1.6846731007099152,31.87805688381195,14.496620565652847,2.2061254382133484
104,104,3.19622540473938,3.2822632789611816,0.2,18.07318317506731,1.7100635170936584,33.747569262981415,14.702166020870209,2.129877805709839
105,105,3.153912305831909,3.2109720706939697,0.2,18.22186549672151,1.7407887279987335,33.89201831817627,16.914872765541077,2.190057098865509
106,106,3.2120985984802246,3.125790596008301,0.2,18.36175572550086,1.7590955197811127,32.50343436002731,15.014223992824554,2.230490803718567
107,107,3.135754108428955,3.1623668670654297,0.2,16.61386525798738,1.7733572125434875,34.45247757434845,15.504979640245438,2.002794563770294
108,108,3.1522512435913086,3.147855520248413,0.2,16.82178723656606,1.8016560971736908,27.4851536154747,16.172237902879715,2.498589813709259
109,109,3.1136674880981445,3.1078593730926514,0.2,17.1060443414166,1.7885694801807404,27.06472510099411,15.507517844438553,2.3981017470359802
110,110,3.155827522277832,3.0741477012634277,0.2,15.484064297259556,1.802565574645996,29.627948462963104,16.371760487556458,2.2316245436668396
111,111,3.136932611465454,3.1078898906707764,0.2,14.024451085412593,1.8291693329811096,31.896074771881104,17.95100638270378,2.0388343930244446
112,112,3.0792500972747803,3.1447691917419434,0.2,14.59346005750492,1.858069270849228,28.502836048603058,16.97474929690361,1.9855531752109528
113,113,3.1659600734710693,3.158053159713745,0.2,15.100820701333934,1.8965202569961548,24.429008096456528,17.156190812587738,2.396256923675537
114,114,3.1755831241607666,3.1056411266326904,0.2,15.55544270184697,1.8831603527069092,19.82217636704445,18.728157132864,2.2158177495002747
115,115,3.1347737312316895,3.26902437210083,0.2,15.96564011915618,1.8921173214912415,23.496399223804474,15.86531189084053,2.5305286049842834
116,116,3.066465139389038,3.071763753890991,0.2,16.244426968231345,1.9414938986301422,27.541189193725586,15.397800266742706,2.679767668247223
117,117,3.1238348484039307,3.1019816398620605,0.2,14.709475349054706,1.947294443845749,23.017847687005997,16.13986811041832,2.285768747329712
118,118,3.0812106132507324,3.1204159259796143,0.2,15.202609840318566,1.972968339920044,18.99566650390625,17.399483770132065,2.022338032722473
119,119,3.0990383625030518,3.0484137535095215,0.2,15.650499355215509,1.9896054863929749,16.880014330148697,17.619701355695724,2.071300506591797
120,120,3.1214892864227295,3.0579559803009033,0.2,14.175111172326538,1.988038331270218,17.08802178502083,16.546500623226166,2.336035966873169
121,121,3.0917444229125977,3.0572667121887207,0.2,14.687019955569781,2.011466383934021,16.934642523527145,16.664521127939224,2.444881319999695
122,122,3.0738840103149414,3.0245823860168457,0.2,15.18562550872597,2.0094380378723145,16.006514728069305,16.691247642040253,2.4932122826576233
123,123,3.048487663269043,3.0519440174102783,0.2,13.75655529041894,2.0289584398269653,16.920435786247253,17.057192891836166,2.023859441280365
124,124,3.0783896446228027,3.104273557662964,0.2,14.365466803983468,2.027508556842804,17.8450465798378,16.98308700323105,1.7192417681217194
125,125,2.996051073074341,3.014030694961548,0.2,14.898098441188768,2.0311537981033325,16.22962361574173,16.67096883058548,2.178544044494629
126,126,3.0610427856445312,3.049799919128418,0.2,13.497953529703164,2.0431618094444275,15.995399296283722,16.28737100958824,2.294424533843994
127,127,2.9822170734405518,3.0216944217681885,0.2,14.124174186024776,2.068338096141815,16.160178869962692,16.538218915462494,2.3803865909576416
128,128,3.037531614303589,3.048062324523926,0.2,14.677665915123209,2.067616820335388,16.09154087305069,15.985231965780258,2.522242784500122
129,129,3.059873580932617,2.952089309692383,0.2,15.175244579077962,2.0836329460144043,17.54016947746277,16.268499791622162,2.418310225009918
130,130,3.013674736022949,3.038825035095215,0.2,13.746122950037233,2.0889339447021484,17.09550406038761,15.858120530843735,2.2849332690238953
131,131,2.9726085662841797,2.962502956390381,0.2,14.335024490351831,2.112687885761261,16.180813118815422,16.654670119285583,2.198543071746826
132,132,3.034099817276001,3.0303173065185547,0.2,14.875611041483971,2.126547396183014,16.297045812010765,16.300912350416183,2.2674716114997864
133,133,3.034677028656006,3.002530097961426,0.2,15.35941105421314,2.1430492401123047,15.60817676782608,16.277546018362045,2.2781195640563965
134,134,2.940100908279419,3.040818214416504,0.2,15.789547925258812,2.1573105454444885,15.322303801774979,16.4031300842762,2.442968010902405
135,135,2.940286159515381,3.041788339614868,0.2,16.18073440791754,2.167989194393158,16.344379380345345,16.880741626024246,2.0146782994270325
136,136,3.0158441066741943,2.938443660736084,0.2,16.532931425548938,2.192274570465088,16.39985078573227,16.807586640119553,2.194369912147522
137,137,2.9466769695281982,3.0237205028533936,0.2,14.969168618512679,2.211728513240814,16.817965030670166,16.412114292383194,2.5033273100852966
138,138,2.9479527473449707,2.991472005844116,0.2,15.450864685680843,2.2247764468193054,18.046542555093765,16.964507669210434,2.399653911590576
139,139,2.9675118923187256,2.9606733322143555,0.2,15.878012730528123,2.2144872546195984,19.63756227493286,15.789794504642487,2.318711042404175
140,140,2.9693753719329834,2.9048690795898438,0.2,16.260804948124854,2.2663419246673584,19.604787796735764,16.714796483516693,2.319318115711212
141,141,3.0169498920440674,2.958782196044922,0.2,14.72454716091702,2.2651537656784058,18.467629939317703,16.638602554798126,2.322209060192108
142,142,3.0038716793060303,2.9450888633728027,0.2,15.229238007793239,2.2909355759620667,17.59249383211136,16.798211723566055,2.3411003947257996
143,143,2.938021659851074,2.981961488723755,0.2,15.680549122548237,2.2802913188934326,18.27629664540291,16.610407680273056,2.1637949347496033
144,144,2.9690678119659424,2.949829339981079,0.2,16.078791975577353,2.30329567193985,16.534952610731125,16.21742284297943,2.5839900970458984
145,145,2.9788315296173096,2.933616876602173,0.2,16.439181455068542,2.3115013241767883,16.222280740737915,17.09880244731903,2.5506776571273804
146,146,2.9623982906341553,2.9116060733795166,0.2,16.768126392234915,2.307191789150238,16.367717280983925,17.483000814914703,2.3016576170921326
147,147,2.88452410697937,2.9368584156036377,0.2,17.060728688004954,2.291234016418457,16.16693365573883,15.815116941928864,2.550650954246521
148,148,2.9076998233795166,2.9288504123687744,0.2,17.319706532816397,2.2986133694648743,16.6628300845623,15.76131495833397,2.4925386905670166
149,149,2.9217166900634766,2.960278272628784,0.2,17.56078248284889,2.2897658944129944,16.153947949409485,15.338461846113205,2.2677645087242126
150,150,2.9036521911621094,2.8944242000579834,0.2,17.77108242266907,2.2888365387916565,16.95300778746605,15.33453220129013,2.3716151118278503
151,151,2.951091766357422,2.965090751647949,0.2,16.082921061829065,2.304338216781616,17.030016511678696,15.269383072853088,2.4900505542755127
152,152,2.8630785942077637,2.8590917587280273,0.2,16.567977691055727,2.2920870780944824,17.43827399611473,14.932480216026306,2.490651786327362
153,153,2.920614719390869,2.845221757888794,0.2,15.000903762985363,2.2970544695854187,16.86212608218193,14.770839363336563,2.638269007205963
154,154,2.8060576915740967,2.9052844047546387,0.2,13.590020618687394,2.3260534405708313,16.51041728258133,14.472958981990814,2.7215076088905334
155,155,2.932454824447632,2.9354770183563232,0.2,14.204574068697132,2.302285313606262,16.76626855134964,14.387664407491684,2.4201627373695374
156,156,2.9146358966827393,2.9009976387023926,0.2,14.757053958295222,2.2950987219810486,16.901089310646057,14.109944075345993,2.311421811580658
157,157,2.940556764602661,2.8572397232055664,0.2,15.257042465772292,2.3223102688789368,16.005430698394775,13.839191615581512,2.6268027424812317
158,158,2.882786512374878,2.8440752029418945,0.2,15.700090500011482,2.3200039863586426,16.107451111078262,13.082861363887787,2.768816888332367
159,159,2.932159423828125,2.910770893096924,0.2,14.219769273597112,2.3199443221092224,15.949093371629715,12.876446157693863,2.621653735637665
160,160,2.8501689434051514,2.8620033264160156,0.2,14.779782232698995,2.366500437259674,16.537998735904694,13.38967776298523,2.400449216365814
161,161,2.869948148727417,2.8468377590179443,0.2,15.26911826667775,2.350806176662445,16.506293654441833,12.910678327083588,2.391437351703644
162,162,2.7920026779174805,2.8445661067962646,0.2,15.712589947664751,2.3535907864570618,16.83244436979294,12.422999531030655,2.494787633419037
163,163,2.8375978469848633,2.8050904273986816,0.2,16.117019443556174,2.3787543773651123,16.830478698015213,11.907058238983154,2.7058509588241577
164,164,2.842866897583008,2.8521153926849365,0.2,14.59391023142902,2.373209238052368,16.847420290112495,11.483028590679169,2.635288715362549
165,165,2.7986793518066406,2.7930901050567627,0.2,15.111686453973643,2.368897557258606,16.67192980647087,11.715586066246033,2.466058671474457
166,166,2.827666997909546,2.8104050159454346,0.2,13.689823766639595,2.3873271346092224,16.89773590862751,11.481440544128418,2.4907531142234802
167,167,2.8112072944641113,2.7322983741760254,0.2,14.29378003583684,2.4043347239494324,16.77970862388611,11.166497349739075,2.479941189289093
168,168,2.74391508102417,2.7589988708496094,0.2,12.942416365550056,2.416605770587921,16.510408893227577,11.080787569284439,2.332188665866852
169,169,2.8167529106140137,2.7677745819091797,0.2,13.625401604613744,2.4222633242607117,16.378590166568756,10.926911666989326,2.389418363571167
170,170,2.8314902782440186,2.8833401203155518,0.2,14.237950667435149,2.4377092719078064,16.397662177681923,10.509315580129623,2.6126822233200073
171,171,2.844248056411743,2.889648675918579,0.2,14.785578692432361,2.462149500846863,16.001153588294983,10.966904938220978,2.7317510843276978
172,172,2.9677863121032715,2.8995401859283447,0.2,15.278551706582396,2.448124945163727,15.69846560060978,10.534969687461853,2.5490851402282715
173,173,2.791750431060791,2.7582287788391113,0.2,15.722510428495958,2.428731381893158,15.684908598661423,9.970096290111542,2.3955253958702087
174,174,2.806485176086426,2.7817068099975586,0.2,16.11779773426703,2.4316117763519287,15.416060358285904,10.200156658887863,2.3755645751953125
175,175,2.809427261352539,2.8087921142578125,0.2,16.475832316649246,2.4392189979553223,15.07216790318489,10.120082393288612,2.433293342590332
176,176,2.8388466835021973,2.755525827407837,0.2,16.798041919044675,2.416200041770935,14.949980303645134,9.761580556631088,2.3517192006111145
177,177,2.8127312660217285,2.7629384994506836,0.2,17.08860777587286,2.4181137681007385,15.223431274294853,9.810399189591408,2.432032525539398
178,178,2.6876912117004395,2.7352445125579834,0.2,17.351060962986175,2.410765051841736,15.188097953796387,9.788583859801292,2.317690372467041
179,179,2.843721389770508,2.7500762939453125,0.2,17.586028865644337,2.4185099005699158,14.97386585175991,9.977445736527443,2.282590866088867
180,180,2.7411582469940186,2.7198965549468994,0.2,17.797999277112076,2.417497396469116,14.881105735898018,9.728042021393776,2.556705594062805
181,181,2.730435609817505,2.7551090717315674,0.2,16.10769455841816,2.451923370361328,14.782040074467659,10.220849350094795,2.5396589636802673
182,182,2.741279363632202,2.7702696323394775,0.2,16.473253844604553,2.440144658088684,14.615751057863235,10.09023004770279,2.3403478860855103
183,183,2.70131254196167,2.747863292694092,0.2,16.793535254030612,2.4642885327339172,14.528252899646759,10.289143860340118,2.393154203891754
184,184,2.767632484436035,2.8029496669769287,0.2,17.0852357232599,2.4726169109344482,14.541447445750237,10.097520381212234,2.6290265917778015
185,185,2.6491315364837646,2.812152147293091,0.2,17.34732044976587,2.4749465584754944,14.550772845745087,9.739840060472488,2.786050021648407
186,186,2.7465484142303467,2.7749183177948,0.2,17.584251349022107,2.463948667049408,14.23424819111824,9.736043944954872,2.491111934185028
187,187,2.720787286758423,2.699589729309082,0.2,17.794707496078864,2.457533061504364,14.847391337156296,9.67224968969822,2.285839855670929
188,188,2.6932168006896973,2.642455577850342,0.2,16.104360832923977,2.4734345078468323,14.712350904941559,9.728258550167084,2.578061521053314
189,189,2.6452431678771973,2.724519729614258,0.2,14.583217065212697,2.4852817058563232,14.543976753950119,9.855578497052193,2.711934447288513
190,190,2.662868022918701,2.6554341316223145,0.2,15.10937638811964,2.485331356525421,14.699238359928131,9.704366624355316,2.4984520077705383
191,191,2.6768999099731445,2.727163791656494,0.2,15.565793258730064,2.5147483944892883,14.646048426628113,9.95511095225811,2.4953359365463257
192,192,2.7310173511505127,2.67730712890625,0.2,15.977830511968055,2.515605866909027,14.836153119802475,9.568023294210434,2.494790732860565
193,193,2.643921375274658,2.700441360473633,0.2,16.34923518820809,2.528838336467743,14.742840230464935,9.59580959379673,2.5368953943252563
194,194,2.704346179962158,2.7798948287963867,0.2,16.685830425631195,2.549095332622528,14.284534126520157,9.39655089378357,2.7757508754730225
195,195,2.6609158515930176,2.681644916534424,0.2,16.983952691765474,2.5615764260292053,14.123699009418488,9.522055700421333,2.6648671627044678
196,196,2.7656354904174805,2.744886875152588,0.2,17.261660066536077,2.5970340967178345,14.32274654507637,9.7386344820261,2.4154032468795776
197,197,2.6969974040985107,2.744089126586914,0.2,17.50310890646628,2.565114438533783,14.262417778372765,9.48227110505104,2.2341856360435486
198,198,2.701787233352661,2.644737482070923,0.2,17.717164929594308,2.577422559261322,14.207587212324142,9.453587159514427,2.5149534344673157
199,199,2.7017602920532227,2.6921653747558594,0.2,17.915581638429543,2.596327543258667,14.284993633627892,9.211257547140121,2.7695271372795105
200,200,2.7305452823638916,2.6616246700286865,0.2,18.092357961513,2.602396547794342,14.036261171102524,9.489841639995575,2.6986183524131775
201,201,2.658215045928955,2.6341402530670166,0.2,18.248804913651124,2.6157748103141785,13.77878375351429,9.609231948852539,2.4544365406036377
202,202,2.6208043098449707,2.7353951930999756,0.2,16.51346780045826,2.60242623090744,14.195136457681656,9.001679345965385,2.563331425189972
203,203,2.6514575481414795,2.672574996948242,0.2,16.835600921844744,2.5959585905075073,14.178500562906265,8.82147242128849,2.6307788491249084
204,204,2.6770098209381104,2.6685972213745117,0.2,17.120386061474377,2.5978766083717346,14.150987297296524,8.866215333342552,2.535021185874939
205,205,2.6845004558563232,2.6912167072296143,0.2,17.377064801242962,2.618860423564911,14.053490906953812,9.085057780146599,2.3574635982513428
206,206,2.6392288208007812,2.7348148822784424,0.2,17.611912464547142,2.6325286626815796,14.11894865334034,9.052712932229042,2.3397364020347595
207,207,2.7891762256622314,2.6986639499664307,0.2,17.818416595274574,2.6584041714668274,14.132552176713943,9.23308102786541,2.5344443321228027
208,208,2.6335856914520264,2.6995954513549805,0.2,18.00292497511648,2.6514841318130493,13.856018647551537,9.0798799097538,2.4830495715141296
209,209,2.7074408531188965,2.6735424995422363,0.2,18.17262709652222,2.6551414728164673,13.970305070281029,9.229317784309387,2.4162363409996033
210,210,2.7030322551727295,2.580949544906616,0.2,18.327346775865152,2.6495551466941833,13.873230546712875,8.936300918459892,2.4507222771644592
211,211,2.7049012184143066,2.6359939575195312,0.2,16.572176444696964,2.641642153263092,13.538192376494408,8.811902642250061,2.4072823524475098
212,212,2.6988091468811035,2.757995843887329,0.2,16.892222268720865,2.662292182445526,13.637524008750916,9.017662465572357,2.6552730202674866
213,213,2.6496660709381104,2.6923727989196777,0.2,17.181001077680026,2.661630630493164,13.441995024681091,9.038540780544281,2.4319074153900146
214,214,2.625458240509033,2.676380157470703,0.2,17.433581966685757,2.657720685005188,13.457843989133835,8.799143925309181,2.467641830444336
215,215,2.683408260345459,2.723557233810425,0.2,17.659053987002483,2.665099859237671,13.47333699464798,8.443815112113953,2.7265689969062805
216,216,2.635246753692627,2.732851505279541,0.2,17.859735906533793,2.6732438802719116,13.711707785725594,8.69375966489315,2.4194032549858093
217,217,2.7056081295013428,2.6480672359466553,0.2,18.04299306084285,2.6738997101783752,13.328261137008667,8.919123113155365,2.2187082767486572
218,218,2.624866008758545,2.7555670738220215,0.2,18.101183035538742,2.6838085055351257,13.637281686067581,8.888089641928673,2.429556965827942
219,219,2.65785813331604,2.626227378845215,0.2,18.263261490046308,2.6790730357170105,13.551101252436638,8.663924649357796,2.4084755778312683
220,220,2.596513271331787,2.6395339965820312,0.2,18.40510866872864,2.6851664781570435,13.68553276360035,8.579070881009102,2.4376140236854553
221,221,2.640503406524658,2.613496780395508,0.2,18.528515353097667,2.6751726269721985,13.746050760149956,8.406315222382545,2.579056680202484
222,222,2.642488479614258,2.623318910598755,0.2,18.644617670318972,2.692793309688568,13.852523222565651,8.527962148189545,2.5799609422683716
223,223,2.6677889823913574,2.6567609310150146,0.2,18.74953453532939,2.7020219564437866,13.402373850345612,8.86586444079876,2.2587327361106873
224,224,2.658176898956299,2.6552646160125732,0.2,18.839435037094354,2.6883068680763245,13.413140773773193,8.503309339284897,2.27457195520401
225,225,2.67700457572937,2.613234758377075,0.2,18.92462952415059,2.7047590017318726,13.396327912807465,8.549509435892105,2.4361391067504883
226,226,2.629621982574463,2.698211908340454,0.2,19.002291700206413,2.709155023097992,13.482624888420105,8.77780793607235,2.3191539645195007
227,227,2.657799005508423,2.575404644012451,0.2,19.07181366719653,2.699018716812134,13.43462997674942,8.59562262892723,2.3295661211013794
228,228,2.6652233600616455,2.7788755893707275,0.2,17.254112615583757,2.710440218448639,13.733183488249779,8.422174096107483,2.599667489528656
229,229,2.6538240909576416,2.627979278564453,0.2,17.50188022132161,2.7149038910865784,13.407935976982117,8.414802610874176,2.697788715362549
230,230,2.679943084716797,2.65865421295166,0.2,17.72074147672532,2.7077412605285645,13.708073422312737,8.386814996600151,2.4097588062286377
231,231,2.7104291915893555,2.6498098373413086,0.2,17.924828184925673,2.707815706729889,13.476116091012955,8.40010841190815,2.253385901451111
232,232,2.637698173522949,2.685184955596924,0.2,18.10345323523935,2.724267065525055,13.257509544491768,8.422323614358902,2.497859537601471
233,233,2.6423180103302,2.727823257446289,0.2,18.265175233822657,2.717713177204132,12.86370775103569,8.279989942908287,2.517100989818573
234,234,2.6339192390441895,2.65157151222229,0.2,18.403798116085824,2.7222558856010437,12.786097258329391,8.348736181855202,2.526251792907715
235,235,2.5938336849212646,2.6520321369171143,0.2,18.53441034745022,2.7268911600112915,12.622679516673088,8.448951810598373,2.4999455213546753
236,236,2.626500368118286,2.5911247730255127,0.2,18.649349466214495,2.727618932723999,12.662152335047722,8.407064855098724,2.4267759919166565
237,237,2.6427340507507324,2.6712136268615723,0.2,18.750408078052473,2.727335035800934,12.684962064027786,8.269706413149834,2.5045214891433716
238,238,2.666077136993408,2.6875579357147217,0.2,18.843648034494755,2.7253159880638123,12.544322073459625,8.17805977165699,2.689485251903534
239,239,2.622257709503174,2.6515109539031982,0.2,18.927515647389097,2.7214757800102234,12.77040283381939,8.159474685788155,2.633971631526947
240,240,2.640087366104126,2.6463565826416016,0.2,18.99992590849981,2.7228622436523438,12.666453316807747,8.258388295769691,2.482955038547516
241,241,2.712980270385742,2.6521804332733154,0.2,19.06941682853634,2.699191093444824,12.7242361754179,8.041298985481262,2.5213822722434998
242,242,2.615628242492676,2.6064677238464355,0.2,19.134154261846398,2.7099761962890625,12.876613676548004,8.168823033571243,2.6173834204673767
243,243,2.609469413757324,2.594452142715454,0.2,19.191021405882097,2.700698494911194,12.614352643489838,8.375524923205376,2.311022698879242
244,244,2.631743907928467,2.6439528465270996,0.2,19.238624573991288,2.678736627101898,12.775087475776672,8.008860141038895,2.3199641704559326
245,245,2.6565537452697754,2.6430273056030273,0.2,19.28335720011976,2.688874125480652,12.861131951212883,8.171664148569107,2.5663387179374695
246,246,2.5643398761749268,2.5869140625,0.2,19.322957146080977,2.707319736480713,12.862251460552216,8.286458611488342,2.705170512199402
247,247,2.6281394958496094,2.668158531188965,0.2,19.356977961493342,2.6817742586135864,12.798101976513863,8.125639721751213,2.498755097389221
248,248,2.643533706665039,2.6987783908843994,0.2,19.390650730245586,2.68784362077713,12.745461821556091,7.9721270352602005,2.547118604183197
249,249,2.6310765743255615,2.704061269760132,0.2,19.416585504362953,2.6826764345169067,12.494404792785645,7.904253959655762,2.3636685013771057
250,250,2.607340097427368,2.597534418106079,0.2,19.43947179718458,2.671195864677429,12.334317699074745,7.595037549734116,2.3584643602371216
251,251,2.604641914367676,2.6723005771636963,0.2,19.462588006626337,2.689070224761963,12.025073409080505,7.575179934501648,2.7105782628059387
252,252,2.6162502765655518,2.674805164337158,0.2,19.480594460217908,2.6957926154136658,11.804537445306778,7.783637389540672,2.5994054079055786
253,253,2.626232862472534,2.662707567214966,0.2,19.494291546387807,2.671585977077484,11.727415159344673,7.599756628274918,2.3948110938072205
254,254,2.743954658508301,2.6745645999908447,0.2,19.512589983016277,2.683923363685608,11.767087057232857,7.777189165353775,2.4862595200538635
255,255,2.560675859451294,2.6268346309661865,0.2,19.522096750309558,2.6717907190322876,11.642471089959145,7.687111899256706,2.618845045566559
256,256,2.6564319133758545,2.6174087524414062,0.2,19.532095985774717,2.6724185943603516,11.555196776986122,7.847506463527679,2.704179883003235
257,257,2.6538453102111816,2.708599805831909,0.2,19.546101362792704,2.654728055000305,11.721477061510086,7.590031623840332,2.5685511231422424
258,258,2.6255757808685303,2.71585750579834,0.2,19.554574792547452,2.6650002002716064,11.658968418836594,7.826138466596603,2.4778135418891907
259,259,2.5855867862701416,2.651829481124878,0.2,19.561295524858167,2.651680648326874,11.39762370288372,7.825088188052177,2.3555094599723816
260,260,2.641533136367798,2.6503875255584717,0.2,19.57283987408374,2.64296692609787,11.356084451079369,7.6293997168540955,2.3954195976257324
261,261,2.624786853790283,2.642942428588867,0.2,19.577524570325682,2.656405508518219,11.374031826853752,7.840152382850647,2.5716055035591125
262,262,2.658848762512207,2.579573631286621,0.2,19.585777731024063,2.6598392724990845,11.274282708764076,7.9054946154356,2.531662940979004
263,263,2.615108013153076,2.609637975692749,0.2,19.591227156054256,2.6470518708229065,11.313154637813568,7.596208333969116,2.41480553150177
264,264,2.6238670349121094,2.635122776031494,0.2,19.598789636134025,2.6502004861831665,11.05232897400856,7.669932380318642,2.2873716950416565
265,265,2.5789458751678467,2.6657047271728516,0.2,19.599921702955672,2.6477248072624207,11.069683223962784,7.401365697383881,2.562355875968933
266,266,2.71073055267334,2.617204189300537,0.2,19.601656714175196,2.670514225959778,10.97395521402359,7.5642396211624146,2.570619821548462
267,267,2.5969436168670654,2.7117979526519775,0.2,19.606331614567637,2.671277403831482,11.012432351708412,7.594358816742897,2.540028214454651
268,268,2.6287758350372314,2.637073278427124,0.2,19.608566955209415,2.661444842815399,11.172907218337059,7.534422859549522,2.379467189311981
269,269,2.680703639984131,2.698352575302124,0.2,19.611225431540596,2.6584202647209167,11.316907867789268,7.311050370335579,2.5837353467941284
270,270,2.7844958305358887,2.614443302154541,0.2,19.61418892648362,2.6682655215263367,11.06424517929554,7.288174748420715,2.7392698526382446
271,271,2.7001051902770996,2.6835312843322754,0.2,19.616968412564155,2.666476249694824,11.043702065944672,7.385198950767517,2.4513760805130005
272,272,2.7122647762298584,2.6370701789855957,0.2,19.61832441103709,2.6497602462768555,11.026859492063522,7.527540162205696,2.226656973361969
273,273,2.5748257637023926,2.5548007488250732,0.2,19.61762165592376,2.642620623111725,10.653084769845009,7.380237907171249,2.4121446013450623
274,274,2.62241792678833,2.67995023727417,0.2,17.735652269674492,2.6400524377822876,10.871416881680489,7.411429703235626,2.578859269618988
275,275,2.67722487449646,2.643488645553589,0.2,17.942083892553633,2.6341307759284973,10.763305604457855,7.555520236492157,2.5503019094467163
276,276,2.635514497756958,2.6402599811553955,0.2,18.119262218016534,2.6240049600601196,10.791438490152359,7.466059327125549,2.559670865535736
277,277,2.6126692295074463,2.6733033657073975,0.2,18.27660572743334,2.6226232647895813,10.728061243891716,7.535182490944862,2.6235799193382263
278,278,2.608884572982788,2.6725337505340576,0.2,18.415183947419276,2.617768347263336,10.766787976026535,7.347191959619522,2.6907829642295837
279,279,2.6424150466918945,2.6592719554901123,0.2,18.544502733538426,2.6133458018302917,10.600669339299202,7.368881717324257,2.4153637886047363
280,280,2.6048948764801025,2.6191625595092773,0.2,18.65937193472955,2.6078445315361023,10.692931815981865,7.370630040764809,2.2688026428222656
281,281,2.662693738937378,2.584763765335083,0.2,18.76049276495341,2.607286036014557,10.765239611268044,7.392799407243729,2.3395684361457825
282,282,2.587730646133423,2.586679220199585,0.2,18.850915511502922,2.6159903407096863,10.68656912446022,7.291699603199959,2.5866039991378784
283,283,2.6344692707061768,2.7009241580963135,0.2,18.929964829771702,2.6205034852027893,10.536992609500885,7.199142575263977,2.6905704140663147
284,284,2.6558215618133545,2.6347053050994873,0.2,19.008220343492845,2.6146209836006165,10.549413874745369,7.137610629200935,2.5634358525276184
285,285,2.6368958950042725,2.6689767837524414,0.2,19.07104848028252,2.613037109375,10.52662056684494,7.105187356472015,2.5592198371887207
286,286,2.5945398807525635,2.5864179134368896,0.2,19.131004338679126,2.599808156490326,10.30606096982956,7.094039440155029,2.4496582746505737
287,287,2.6430137157440186,2.698478937149048,0.2,19.17993664320223,2.608482241630554,10.006126046180725,7.216974169015884,2.437952756881714
288,288,2.6531829833984375,2.634829521179199,0.2,19.229716208575443,2.6076295375823975,10.150163292884827,7.234158143401146,2.547787666320801
289,289,2.65867018699646,2.6457295417785645,0.2,19.270694229465423,2.6159252524375916,10.364315524697304,7.3529831022024155,2.5404056906700134
290,290,2.6248278617858887,2.59000301361084,0.2,19.306373107073828,2.613679528236389,10.370989665389061,7.433260157704353,2.3520413041114807
291,291,2.6125316619873047,2.65244722366333,0.2,19.341561880238604,2.6225515007972717,10.413209944963455,7.210360676050186,2.4785110354423523
292,292,2.6628894805908203,2.6473968029022217,0.2,19.372899590952507,2.6113539934158325,10.239627063274384,7.152208685874939,2.552813231945038
293,293,2.6572048664093018,2.6222054958343506,0.2,19.40085446540894,2.6325257420539856,10.231543838977814,7.354665160179138,2.7094922065734863
294,294,2.6153149604797363,2.6490561962127686,0.2,19.428391918215063,2.6435185074806213,10.271254941821098,7.425302132964134,2.5968927145004272
295,295,2.6162469387054443,2.6113059520721436,0.2,19.449748430196156,2.6344409584999084,10.19978603720665,7.259263530373573,2.4134073853492737
296,296,2.601992607116699,2.5743420124053955,0.2,19.466712913801782,2.642366588115692,10.145993396639824,7.294962465763092,2.41799134016037
297,297,2.6353352069854736,2.6417603492736816,0.2,19.48867566703976,2.6592010855674744,10.191907599568367,7.220388203859329,2.5805006623268127
298,298,2.6345460414886475,2.6567325592041016,0.2,19.502907697867123,2.6651397347450256,10.079145759344101,7.381646424531937,2.3400083780288696
299,299,2.600217342376709,2.604827404022217,0.2,19.513865283986046,2.653174638748169,9.890578284859657,7.318225517868996,2.1328929662704468
300,300,2.5365569591522217,2.6474547386169434,0.2,19.52904462252805,2.673271417617798,10.062244728207588,7.278179705142975,2.426471173763275
301,301,2.6226308345794678,2.6958394050598145,0.2,19.535878879655453,2.6544054746627808,10.089619174599648,7.027404010295868,2.5860371589660645
302,302,2.667019844055176,2.5783791542053223,0.2,19.541360246394163,2.6646628379821777,10.149332106113434,7.2690175622701645,2.5121002793312073
303,303,2.586564779281616,2.598134756088257,0.2,19.54765151601649,2.646531641483307,10.17094001173973,7.267730459570885,2.3683997988700867
304,304,2.5587823390960693,2.577901840209961,0.2,19.554410783430548,2.667203962802887,10.117169216275215,7.3956665098667145,2.3885867595672607
305,305,2.6243300437927246,2.6397106647491455,0.2,19.560442106271264,2.671248197555542,10.115497276186943,7.359064072370529,2.4412599205970764
306,306,2.633138418197632,2.6188735961914062,0.2,19.562897866520405,2.668371021747589,10.006106525659561,7.015265002846718,2.651892900466919
307,307,2.662074327468872,2.570780038833618,0.2,19.566489269245487,2.6833128929138184,10.138467654585838,7.254310145974159,2.7195926904678345
308,308,2.6915061473846436,2.6393277645111084,0.2,19.56744050913227,2.66850209236145,9.942039355635643,7.1081531792879105,2.497957944869995
309,309,2.63364315032959,2.6474618911743164,0.2,19.569003639271045,2.6727845668792725,10.273864507675171,7.246356800198555,2.296693444252014
310,310,2.6492202281951904,2.612372398376465,0.2,19.572905027047376,2.6674232482910156,10.100902497768402,7.085556998848915,2.3906588554382324
311,311,2.648101568222046,2.7549359798431396,0.2,19.576364296535527,2.658543825149536,9.91325230896473,7.026625990867615,2.5484352111816406
312,312,2.6006040573120117,2.6833600997924805,0.2,19.57770000070225,2.641570568084717,9.791603982448578,7.103574424982071,2.416923224925995
313,313,2.6481423377990723,2.698248863220215,0.2,19.579985644100947,2.6446845531463623,9.922694638371468,7.220043942332268,2.4051578044891357
314,314,2.6153626441955566,2.569286584854126,0.2,19.58162594927065,2.639143466949463,9.854819506406784,7.01792100071907,2.401914596557617
315,315,2.651923179626465,2.702183723449707,0.2,19.579895143894852,2.65642774105072,9.64839181303978,7.145454689860344,2.4726973176002502
316,316,2.6283626556396484,2.628767490386963,0.2,19.579764886997967,2.650303542613983,9.769550889730453,6.857956752181053,2.693770170211792
317,317,2.564232587814331,2.5822222232818604,0.2,19.577244070077377,2.6539077758789062,9.589717999100685,7.122388601303101,2.613117277622223
318,318,2.6368188858032227,2.693315029144287,0.2,19.574589665614276,2.6517072319984436,9.594484761357307,7.222919464111328,2.451682925224304
319,319,2.6511380672454834,2.634253740310669,0.2,19.57757931089478,2.6484737396240234,9.357306137681007,7.122684761881828,2.396374523639679
320,320,2.7051172256469727,2.715996503829956,0.2,19.579895669059884,2.6238523721694946,9.161650970578194,7.107020512223244,2.290777802467346
321,321,2.6226696968078613,2.5802245140075684,0.2,19.57566649577838,2.633290112018585,9.420834302902222,7.405877500772476,2.355510115623474
322,322,2.6056976318359375,2.5931458473205566,0.2,19.578258045880823,2.6272183656692505,9.48674327135086,7.3129598796367645,2.4456815123558044
323,323,2.6724231243133545,2.6419434547424316,0.2,19.574444091966473,2.630729556083679,9.42199170589447,7.202973201870918,2.5993528962135315
324,324,2.601491689682007,2.626481056213379,0.2,19.57452545672572,2.6217480301856995,9.524928346276283,7.135536625981331,2.6289355754852295
325,325,2.635413646697998,2.671952724456787,0.2,19.577015355581125,2.6055451035499573,9.31810250878334,6.99142099916935,2.495124042034149
326,326,2.6508407592773438,2.6547329425811768,0.2,19.57307818351908,2.6123857498168945,9.220414757728577,6.895564004778862,2.5886985063552856
327,327,2.5841176509857178,2.657132863998413,0.2,19.572682613739826,2.5968634486198425,9.396350607275963,6.979981541633606,2.597861886024475
328,328,2.6311914920806885,2.622041702270508,0.2,19.56937855357597,2.610348105430603,9.443021669983864,7.218773692846298,2.4609795212745667
329,329,2.618840217590332,2.6612439155578613,0.2,19.565763181741254,2.618799149990082,9.277835473418236,7.364949509501457,2.43888658285141
330,330,2.62955379486084,2.6825945377349854,0.2,19.56253580134252,2.6400201320648193,9.154207989573479,7.471532508730888,2.5319268107414246
331,331,2.667053699493408,2.6814277172088623,0.2,19.562163498472696,2.634687304496765,8.949895933270454,7.327069401741028,2.434140682220459
332,332,2.6276609897613525,2.6257784366607666,0.2,19.55940455632808,2.6473804116249084,8.954117730259895,7.344459235668182,2.5385279655456543
333,333,2.7178919315338135,2.566422939300537,0.2,19.553871753124103,2.657625913619995,8.988453269004822,7.378417864441872,2.505420684814453
334,334,2.656751871109009,2.6591596603393555,0.2,19.550826114731066,2.6527183651924133,9.06197004020214,7.380882367491722,2.414933502674103
335,335,2.6962482929229736,2.665757894515991,0.2,19.548390323578804,2.64821195602417,9.222089976072311,7.145412877202034,2.3987056016921997
336,336,2.617863893508911,2.590681791305542,0.2,19.544358606807673,2.6557154655456543,9.058310687541962,7.001362681388855,2.313681483268738
337,337,2.6458141803741455,2.626138925552368,0.2,19.542664739233185,2.659424126148224,8.91241717338562,7.0390176475048065,2.602048337459564
338,338,2.6388864517211914,2.6379096508026123,0.2,19.542880117119847,2.673698127269745,8.884085476398468,7.3120031505823135,2.5567976236343384
339,339,2.647463798522949,2.6682167053222656,0.2,19.54058750567035,2.668151617050171,8.81635145843029,7.397078305482864,2.4367422461509705
340,340,2.6599199771881104,2.669642210006714,0.2,19.534023688653207,2.6588876247406006,8.859967783093452,7.232543438673019,2.530949890613556
341,341,2.6360113620758057,2.5799190998077393,0.2,19.534368480623577,2.675485849380493,8.84282648563385,7.291945457458496,2.53214955329895
342,342,2.6128456592559814,2.6677169799804688,0.2,19.534606016262572,2.6458019018173218,8.88190159201622,7.310613691806793,2.4046972393989563
343,343,2.5897879600524902,2.539388656616211,0.2,19.53277103350843,2.6592432856559753,9.13771440088749,7.305353134870529,2.4895131587982178
344,344,2.6358158588409424,2.5975661277770996,0.2,17.664141610517188,2.6446204781532288,8.88604524731636,7.139407962560654,2.5300684571266174
345,345,2.5644538402557373,2.6206533908843994,0.2,17.864824373435113,2.6427719593048096,8.919967263936996,7.2594030648469925,2.5552698969841003
346,346,2.6219875812530518,2.573415994644165,0.2,18.04534094162277,2.633514702320099,8.886224031448364,7.187109470367432,2.503826081752777
347,347,2.619952440261841,2.6614832878112793,0.2,18.206272622773902,2.639639139175415,8.942856892943382,7.324167758226395,2.3622005581855774
348,348,2.631042957305908,2.688971996307373,0.2,18.34511251221842,2.631458103656769,9.005769431591034,7.178790107369423,2.556652069091797
349,349,2.5816714763641357,2.5628085136413574,0.2,18.47241116030499,2.6369506120681763,8.805188849568367,6.986595377326012,2.5843909978866577
350,350,2.6048758029937744,2.6513185501098633,0.2,18.591001486891525,2.647477924823761,8.946800455451012,7.239050015807152,2.494114577770233
351,351,2.6400599479675293,2.530508518218994,0.2,18.691140910307865,2.6586629152297974,8.772335916757584,7.232672780752182,2.4473995566368103
352,352,2.5947537422180176,2.624802350997925,0.2,16.911495855511586,2.6656911969184875,8.570606350898743,7.477823004126549,2.4344784021377563
353,353,2.57460880279541,2.6465792655944824,0.2,17.187384173430168,2.667795419692993,8.504054948687553,7.354214832186699,2.499748706817627
354,354,2.614589214324951,2.6265506744384766,0.2,17.437953130672756,2.6788511872291565,8.556948646903038,7.293873175978661,2.3083873987197876
355,355,2.6354990005493164,2.685734987258911,0.2,17.6593999733799,2.6928595304489136,8.34727880358696,7.189565449953079,2.394657611846924
356,356,2.602978229522705,2.5965211391448975,0.2,17.857962006253963,2.6854223012924194,8.507080033421516,7.206300064921379,2.4122480154037476
357,357,2.546205520629883,2.5851168632507324,0.2,18.04098661619711,2.6905162930488586,8.509489119052887,7.204090639948845,2.5342946648597717
358,358,2.730334520339966,2.6137959957122803,0.2,18.20400097566171,2.684965133666992,8.393087178468704,7.189154803752899,2.61412513256073
359,359,2.6071736812591553,2.6454198360443115,0.2,18.35008228512693,2.6675108671188354,8.242787688970566,7.074572429060936,2.482751727104187
360,360,2.680093765258789,2.7459254264831543,0.2,18.480618847403843,2.6533963680267334,8.092410430312157,7.057247802615166,2.5426645278930664
361,361,2.63492751121521,2.652744770050049,0.2,18.599782670927514,2.6648417711257935,8.155560970306396,7.254547193646431,2.5113930106163025
362,362,2.6117630004882812,2.6687729358673096,0.2,18.704762756596285,2.6497299671173096,8.151565343141556,7.278545960783958,2.3125141263008118
363,363,2.6425726413726807,2.6602425575256348,0.2,18.797653308644215,2.6461670994758606,8.00291422009468,7.209459036588669,2.3834494948387146
364,364,2.6241214275360107,2.6606976985931396,0.2,18.884024917155113,2.663249433040619,8.023103922605515,7.155615583062172,2.5767688751220703
365,365,2.628941774368286,2.6194534301757812,0.2,18.962504746384933,2.640767276287079,8.057431608438492,7.117028310894966,2.4665294885635376
366,366,2.6622066497802734,2.583153247833252,0.2,19.032534612952865,2.6352832913398743,8.054195791482925,7.068353667855263,2.516216218471527
367,367,2.601311683654785,2.6174826622009277,0.2,19.09619297774215,2.6338956356048584,8.116642415523529,7.149344250559807,2.6020907759666443
368,368,2.645937442779541,2.584298610687256,0.2,19.15314490968741,2.6212440729141235,7.917490363121033,7.1108328104019165,2.43502277135849
369,369,2.6023025512695312,2.554417133331299,0.2,19.200871235373246,2.6254591941833496,7.7992410361766815,7.115668773651123,2.5244598984718323
370,370,2.663496732711792,2.6593003273010254,0.2,19.24490358330169,2.6281230449676514,7.76781240105629,7.20754374563694,2.576562225818634
371,371,2.6152334213256836,2.730095386505127,0.2,19.280435573276947,2.6289291977882385,7.667351007461548,7.418244808912277,2.465927004814148
372,372,2.572382688522339,2.543935537338257,0.2,19.317145599531475,2.6106033325195312,7.617737665772438,7.076611340045929,2.428479313850403
373,373,2.6575865745544434,2.621232271194458,0.2,19.3515961215885,2.606017768383026,7.560015514492989,7.082406044006348,2.6021541953086853
374,374,2.6113009452819824,2.5946741104125977,0.2,19.37745420552647,2.6120270490646362,7.449949115514755,7.100167587399483,2.6287121176719666
375,375,2.626925468444824,2.708723306655884,0.2,19.4007211485376,2.605699300765991,7.404646590352058,7.089778438210487,2.641855776309967
376,376,2.5849173069000244,2.6374526023864746,0.2,19.421608073512218,2.6073168516159058,7.384783089160919,7.286041036248207,2.585747241973877
377,377,2.6388235092163086,2.6407651901245117,0.2,19.443786088752933,2.5959518551826477,7.4441903829574585,7.144524455070496,2.639170527458191
378,378,2.6361501216888428,2.5963704586029053,0.2,19.460190571952506,2.622113823890686,7.601400926709175,7.337694972753525,2.557503044605255
379,379,2.6498210430145264,2.6253585815429688,0.2,19.471018715012665,2.6104244589805603,7.518602356314659,7.285330221056938,2.327837824821472
380,380,2.6503372192382812,2.579460859298706,0.2,19.48529321902263,2.610418140888214,7.350859835743904,7.043824836611748,2.430420398712158
381,381,2.585932731628418,2.59675931930542,0.2,19.501751697326156,2.618288516998291,7.154376894235611,7.016259670257568,2.6139076352119446
382,382,2.6554758548736572,2.576942205429077,0.2,19.513106281927495,2.6329121589660645,7.1669042110443115,7.144366592168808,2.731786847114563
383,383,2.552698850631714,2.665243625640869,0.2,19.52131737918772,2.6303208470344543,7.297919392585754,7.031559377908707,2.7369654774665833
384,384,2.596062183380127,2.5654003620147705,0.2,19.529716863113244,2.6408511996269226,7.3661607801914215,7.065475404262543,2.679166615009308
385,385,2.5730526447296143,2.660729169845581,0.2,19.536018017481744,2.6462544798851013,7.4782863557338715,7.015413776040077,2.572838246822357
386,386,2.5815658569335938,2.679492235183716,0.2,19.54182081106427,2.6269484758377075,7.370403632521629,7.036951407790184,2.3542789816856384
387,387,2.5988359451293945,2.7004263401031494,0.2,19.5455405114464,2.6244771480560303,7.2940047681331635,6.8289716094732285,2.38722687959671
388,388,2.596534490585327,2.7482810020446777,0.2,19.55046559136277,2.63650119304657,7.254421204328537,6.820151194930077,2.512892007827759
389,389,2.6301326751708984,2.6300337314605713,0.2,19.55786689332018,2.6244699358940125,7.1143428683280945,6.9465674459934235,2.3637444376945496
390,390,2.638495445251465,2.621777057647705,0.2,19.562618088232796,2.625350594520569,7.103864535689354,7.157302424311638,2.4120216965675354
391,391,2.573080539703369,2.61904239654541,0.2,19.566543782835712,2.619969606399536,7.166970103979111,7.235285922884941,2.528493046760559
392,392,2.613574504852295,2.605665445327759,0.2,19.568940032587122,2.635532319545746,7.1622966676950455,7.309218987822533,2.6158120036125183
393,393,2.612328290939331,2.638274908065796,0.2,19.569004743632583,2.624822735786438,7.226512998342514,7.325612410902977,2.556439459323883
394,394,2.6825718879699707,2.789673328399658,0.2,19.570860908945143,2.6303486227989197,7.383640632033348,7.0760059505701065,2.5867533087730408
395,395,2.599020004272461,2.551100254058838,0.2,19.570862320343473,2.6458492279052734,7.403687164187431,6.965597227215767,2.5828422904014587
396,396,2.62489652633667,2.5857064723968506,0.2,19.57394227983322,2.631188154220581,7.259927868843079,6.990899249911308,2.4112311601638794
397,397,2.6367831230163574,2.641993284225464,0.2,19.581197259725403,2.642025053501129,7.184281602501869,7.068044006824493,2.579815089702606
398,398,2.634892225265503,2.560682773590088,0.2,19.577572628305703,2.651996433734894,7.048530668020248,7.218995302915573,2.813281834125519
399,399,2.7117059230804443,2.640510082244873,0.2,19.57741420379303,2.6364895701408386,6.942876979708672,7.109283670783043,2.6154613494873047
400,400,2.6298129558563232,2.600785493850708,0.2,19.578135522952895,2.6390304565429688,6.951069533824921,7.223444938659668,2.4892812967300415
401,401,2.545774221420288,2.6267592906951904,0.2,19.576846648249138,2.6231393814086914,7.001343861222267,6.95754961669445,2.526530683040619
402,402,2.6179897785186768,2.6696200370788574,0.2,19.582154709252396,2.6433603763580322,7.055848836898804,7.065032750368118,2.5041110515594482
403,403,2.7095658779144287,2.5925076007843018,0.2,19.574655527109627,2.62654447555542,6.949844628572464,7.018071040511131,2.488918364048004
404,404,2.6250088214874268,2.5445683002471924,0.2,19.580265524782213,2.655151605606079,6.875404968857765,7.119660273194313,2.6368842124938965
405,405,2.6715312004089355,2.747525453567505,0.2,19.581927099846997,2.6538866758346558,6.8662450313568115,6.892428934574127,2.5733686685562134
406,406,2.6012797355651855,2.594352960586548,0.2,19.580479380070155,2.661281645298004,6.8905618488788605,6.825070038437843,2.542738914489746
407,407,2.6455180644989014,2.6235084533691406,0.2,19.582198121210904,2.6696577072143555,6.9192619025707245,7.098532274365425,2.460469126701355
408,408,2.5577030181884766,2.577423095703125,0.2,19.579762781293315,2.6726353764533997,6.941268250346184,7.0412557721138,2.581148624420166
409,409,2.5695388317108154,2.589216947555542,0.2,19.575359007985575,2.6857354044914246,6.80266147851944,7.010790571570396,2.6636329889297485
410,410,2.6081464290618896,2.567140817642212,0.2,19.573904655472695,2.670102059841156,6.773674592375755,7.15857906639576,2.4510401487350464
411,411,2.612835645675659,2.5354654788970947,0.2,19.56856506948282,2.6785234808921814,6.807808458805084,7.170345678925514,2.58219313621521
412,412,2.6374173164367676,2.598723888397217,0.2,19.571513854101504,2.6740463972091675,6.6822588965296745,7.0479550659656525,2.6757296919822693
413,413,2.600682020187378,2.5945253372192383,0.2,19.56871852339381,2.6735680103302,6.74351029843092,7.149043068289757,2.5381972193717957
414,414,2.6566691398620605,2.579401731491089,0.2,19.566496719032365,2.6841644644737244,6.76924766600132,7.060284271836281,2.602182686328888
415,415,2.5882487297058105,2.5988874435424805,0.2,19.565705779893257,2.6786425709724426,6.712074212729931,6.8927884846925735,2.658368706703186
416,416,2.645014524459839,2.598872184753418,0.2,19.562943235052288,2.6773062348365784,6.714534856379032,6.9872927069664,2.5520548224449158
417,417,2.619821548461914,2.6208035945892334,0.2,19.561218168776364,2.66685688495636,6.787837155163288,6.949207231402397,2.675812542438507
418,418,2.58587908744812,2.636216640472412,0.2,19.559059229545817,2.664307653903961,6.650593392550945,7.140985503792763,2.5707448720932007
419,419,2.5882976055145264,2.6854546070098877,0.2,19.560183715209888,2.6549787521362305,6.596424832940102,7.129861578345299,2.4267106652259827
420,420,2.5960607528686523,2.559325695037842,0.2,19.558414152593937,2.652487814426422,6.567745618522167,7.073073774576187,2.446792244911194
421,421,2.492375373840332,2.5772523880004883,0.2,19.554915595621356,2.6322977542877197,6.497463420033455,7.015027992427349,2.257778584957123
422,422,2.593583583831787,2.605048418045044,0.2,19.55252036497341,2.614775240421295,6.546189934015274,7.045357242226601,2.5015403628349304
423,423,2.6152443885803223,2.570181369781494,0.2,19.550270772323703,2.617277443408966,6.523850508034229,6.817451238632202,2.747158944606781
424,424,2.586080312728882,2.5658462047576904,0.2,19.550867730694847,2.608781933784485,6.514249958097935,6.875259339809418,2.6888643503189087
425,425,2.5738277435302734,2.6163034439086914,0.2,19.55000990748919,2.5990806221961975,6.50728128105402,6.921914875507355,2.53496515750885
426,426,2.6436448097229004,2.651407480239868,0.2,19.550113371515458,2.614090919494629,6.475229024887085,7.158941447734833,2.4492928981781006
427,427,2.644129753112793,2.662724256515503,0.2,19.552218748661986,2.5947959423065186,6.442100062966347,6.914233893156052,2.561624765396118
428,428,2.6178395748138428,2.6147022247314453,0.2,19.55349766504883,2.6082043647766113,6.437491752207279,6.818100675940514,2.698517084121704
429,429,2.577899932861328,2.583928346633911,0.2,19.551936081608353,2.6019207239151,6.410119138658047,6.84682434797287,2.441338062286377
430,430,2.560731887817383,2.604616165161133,0.2,19.551599164215645,2.61415958404541,6.398271523416042,7.026460215449333,2.3441309928894043
431,431,2.5355234146118164,2.6301629543304443,0.2,19.55472515781131,2.6157053112983704,6.431642904877663,6.80520062148571,2.6198365092277527
432,432,2.558896064758301,2.5789620876312256,0.2,19.555177683631808,2.6486690640449524,6.293483853340149,7.015456393361092,2.754666030406952
433,433,2.5658020973205566,2.580984354019165,0.2,19.554578872365518,2.642674505710602,6.275879472494125,7.076454669237137,2.5177029967308044
434,434,2.6286118030548096,2.5960683822631836,0.2,19.557702072033926,2.634835422039032,6.219982951879501,6.941615082323551,2.3678937554359436
435,435,2.599691867828369,2.665682315826416,0.2,19.557156911975326,2.6337369084358215,6.196537375450134,6.761669740080833,2.5501378178596497
436,436,2.6274502277374268,2.602578639984131,0.2,19.556213129731294,2.6774742603302,6.198064662516117,6.831232845783234,2.7052826285362244
437,437,2.6141538619995117,2.629206895828247,0.2,19.553766169707643,2.6566991209983826,6.1513896510005,6.877939149737358,2.527571976184845
438,438,2.6742191314697266,2.573740243911743,0.2,19.54875236869323,2.65707004070282,6.160759896039963,6.8236792385578156,2.4992032051086426
439,439,2.601902961730957,2.6834545135498047,0.2,19.547543576529513,2.661675453186035,6.198711059987545,6.977264553308487,2.6791703701019287
440,440,2.560980796813965,2.626157760620117,0.2,19.550330933682623,2.6534329652786255,6.065467841923237,7.169482439756393,2.715773344039917
441,441,2.6065564155578613,2.6583712100982666,0.2,19.551245427944966,2.6453235745429993,5.997331589460373,7.172833137214184,2.6656143069267273
442,442,2.482775926589966,2.5810611248016357,0.2,19.549136551700798,2.651932656764984,6.021461650729179,7.036925375461578,2.532976508140564
443,443,2.5659143924713135,2.554133176803589,0.2,19.551112576829926,2.650510549545288,6.046101801097393,6.8130770698189735,2.708977222442627
444,444,2.621554136276245,2.645122766494751,0.2,19.548371926563203,2.6778130531311035,6.13126115500927,7.112694889307022,2.7121863961219788
445,445,2.6022067070007324,2.629509210586548,0.2,19.550239904908604,2.669041097164154,6.162049517035484,6.766002133488655,2.624090790748596
446,446,2.6046054363250732,2.6629221439361572,0.2,19.54873417637862,2.685160279273987,6.121953621506691,6.847771763801575,2.6324033737182617
447,447,2.582770824432373,2.6130964756011963,0.2,19.550033835252176,2.689888596534729,6.045676231384277,6.831015549600124,2.648849129676819
448,448,2.588806629180908,2.6440320014953613,0.2,19.548669110455563,2.695738971233368,6.0897036492824554,6.817052341997623,2.690096855163574
449,449,2.6112582683563232,2.593224048614502,0.2,19.54715907360088,2.706751227378845,6.114078551530838,6.867201820015907,2.5358641147613525
450,450,2.613644599914551,2.5773062705993652,0.2,19.54703493825336,2.723778188228607,6.027932457625866,6.966567173600197,2.434899389743805
451,451,2.640835762023926,2.6061365604400635,0.2,19.548080114447476,2.72286057472229,6.03176424652338,6.99826380610466,2.41834032535553
452,452,2.592484951019287,2.636085271835327,0.2,19.548200334147538,2.7416549921035767,6.0519421473145485,6.802364252507687,2.544203758239746
453,453,2.6511542797088623,2.762950897216797,0.2,19.55044390294269,2.7308067083358765,5.960077665746212,6.648928225040436,2.3850693106651306
454,454,2.618086576461792,2.641315460205078,0.2,19.550999683899324,2.7215914726257324,5.905829295516014,6.687173381447792,2.463949978351593
455,455,2.6032938957214355,2.7269179821014404,0.2,19.545986964308256,2.7227750420570374,5.911649093031883,6.8766147792339325,2.4605746269226074
456,456,2.6118948459625244,2.54431414604187,0.2,19.546105867345414,2.71928334236145,5.813810959458351,6.862285152077675,2.4124258160591125
457,457,2.6604673862457275,2.7107880115509033,0.2,19.54693371993341,2.7185466289520264,5.770893678069115,6.854923896491528,2.605436623096466
458,458,2.5565836429595947,2.6709773540496826,0.2,19.54527452657497,2.715253710746765,5.766310341656208,6.938363939523697,2.68928599357605
459,459,2.5956974029541016,2.6495184898376465,0.2,19.546112610053147,2.6916036009788513,5.689065344631672,6.894323870539665,2.4835126996040344
460,460,2.578921318054199,2.6095571517944336,0.2,19.549690215832275,2.6773868799209595,5.659554019570351,7.0550563260912895,2.3559422492980957
461,461,2.5767884254455566,2.639357566833496,0.2,19.549483830637726,2.685912609100342,5.7146719843149185,7.174257941544056,2.6182539463043213
462,462,2.6706032752990723,2.607212781906128,0.2,19.41476495346256,2.662287175655365,5.746753290295601,6.88731674104929,2.767453908920288
463,463,2.527148962020874,2.734243392944336,0.2,19.427443271125654,2.659000873565674,5.787151150405407,7.127110801637173,2.5674158334732056
464,464,2.6042122840881348,2.590393543243408,0.2,19.440124127806396,2.650519847869873,5.879201158881187,7.127531677484512,2.3953163027763367
465,465,2.6040151119232178,2.6211600303649902,0.2,19.451970447789886,2.6386700868606567,5.865926615893841,6.998011410236359,2.497292459011078
466,466,2.608100652694702,2.596853017807007,0.2,19.46262020066174,2.6413381695747375,5.729639656841755,6.877006806433201,2.606142818927765
467,467,2.5573318004608154,2.5626275539398193,0.2,19.471134063532347,2.6464022397994995,5.626205928623676,6.9717007875442505,2.569627344608307
468,468,2.600579023361206,2.642805814743042,0.2,19.4784151113867,2.6417930126190186,5.630787402391434,7.209295243024826,2.5024099946022034
469,469,2.5671451091766357,2.579599380493164,0.2,19.486107484686425,2.644024908542633,5.663678914308548,7.381950445473194,2.371660530567169
470,470,2.6248185634613037,2.5636813640594482,0.2,19.49215075768354,2.647266447544098,5.726834170520306,7.209965631365776,2.457323133945465
471,471,2.6085798740386963,2.6261608600616455,0.2,19.497111676308972,2.6261669397354126,5.780572980642319,6.954346626996994,2.6144441962242126
472,472,2.5867676734924316,2.5512475967407227,0.2,19.505501646023635,2.639240026473999,5.732286773622036,6.945063844323158,2.5111294388771057
473,473,2.585547924041748,2.624422311782837,0.2,19.50943995458025,2.6623010635375977,5.662536174058914,6.988752119243145,2.4293604493141174
474,474,2.5822396278381348,2.5413477420806885,0.2,19.510170433930114,2.6478598713874817,5.589543588459492,6.9829136580228806,2.353513538837433
475,475,2.630336284637451,2.5954573154449463,0.2,19.51173280241435,2.654794216156006,5.64161179959774,6.988105572760105,2.569662630558014
476,476,2.5889480113983154,2.587611675262451,0.2,19.51665964071032,2.6632484197616577,5.618994653224945,7.0895741656422615,2.7089345455169678
477,477,2.5739657878875732,2.571138620376587,0.2,19.518649536117604,2.671309530735016,5.441190615296364,7.098219834268093,2.559127390384674
478,478,2.612243175506592,2.634997606277466,0.2,19.519756614816746,2.671264111995697,5.28474236279726,7.089131221175194,2.452166795730591
479,479,2.710340738296509,2.687844753265381,0.2,19.52157972306072,2.6844170093536377,5.080943264067173,7.121286436915398,2.4628354907035828
480,480,2.6281511783599854,2.5816235542297363,0.2,19.523411100003194,2.681740880012512,5.225555747747421,6.851697139441967,2.609142005443573
481,481,2.5527725219726562,2.6178665161132812,0.2,19.525067280871724,2.6856781244277954,5.132224686443806,6.990414708852768,2.5393221974372864
482,482,2.5684125423431396,2.747126817703247,0.2,19.528368893838984,2.6968624591827393,5.066037476062775,7.381722301244736,2.4901631474494934
483,483,2.596146821975708,2.6201062202453613,0.2,19.524425589282714,2.696434199810028,5.113179124891758,7.171931520104408,2.565463423728943
484,484,2.645564556121826,2.60648512840271,0.2,19.52553039786606,2.7233080863952637,5.05496921390295,7.479632087051868,2.6367515921592712
485,485,2.5824222564697266,2.497567653656006,0.2,19.52533739430578,2.71253901720047,5.002992570400238,7.550511687994003,2.488700032234192
486,486,2.639693260192871,2.578964948654175,0.2,17.66256122134698,2.732874810695648,5.036532543599606,7.269364193081856,2.6461368799209595
487,487,2.583524465560913,2.729994297027588,0.2,17.861416052839395,2.7274630665779114,5.033913813531399,7.01793760061264,2.5142500400543213
488,488,2.5962915420532227,2.672539234161377,0.2,18.03913985396232,2.7342429757118225,5.030354417860508,6.849681921303272,2.569576919078827
489,489,2.596583127975464,2.5572874546051025,0.2,18.201700572740815,2.7420933842658997,4.961581259965897,6.999305568635464,2.4116917848587036
490,490,2.587251901626587,2.6088201999664307,0.2,18.3462198665324,2.7424007654190063,4.835091590881348,7.026860594749451,2.3296696543693542
491,491,2.561150550842285,2.566587448120117,0.2,18.470358509756423,2.7555769085884094,4.779141932725906,7.182776965200901,2.4877074360847473
492,492,2.570805072784424,2.5609970092773438,0.2,18.58786883997646,2.7629313468933105,4.7377092987298965,7.3462221920490265,2.5392561554908752
493,493,2.568046808242798,2.5642170906066895,0.2,18.6882989060991,2.7501736879348755,4.7364577651023865,7.259377263486385,2.5499242544174194
494,494,2.537869691848755,2.72965931892395,0.2,18.779443420746354,2.7424612045288086,4.70740532875061,7.020164892077446,2.6215574741363525
495,495,2.6229288578033447,2.700274705886841,0.2,18.864092474506453,2.734141170978546,4.746528595685959,7.014007329940796,2.7167400121688843
496,496,2.6931800842285156,2.6157474517822266,0.2,18.942050140830464,2.7578848600387573,4.729008883237839,6.988075330853462,2.436005711555481
497,497,2.601656198501587,2.5674774646759033,0.2,19.006060579762348,2.7508923411369324,4.675876460969448,6.925560124218464,2.323987364768982
498,498,2.624816417694092,2.6405704021453857,0.2,19.062522107302645,2.7506422996520996,4.614939950406551,6.910977423191071,2.535728335380554
499,499,2.533148765563965,2.582130193710327,0.2,19.114549159486003,2.7503117322921753,4.572240889072418,6.911250457167625,2.5586785078048706
500,500,2.6370761394500732,2.5986781120300293,0.2,19.16623124891412,2.7338892221450806,4.529440484941006,7.044532559812069,2.4366183280944824
501,501,2.544790267944336,2.5641868114471436,0.2,19.210528505956262,2.753881871700287,4.523323222994804,7.103718988597393,2.455762803554535
502,502,2.579009771347046,2.5769407749176025,0.2,19.247345543679053,2.772086501121521,4.498142369091511,7.042622171342373,2.4681944251060486
503,503,2.640582799911499,2.607267379760742,0.2,19.286286558430113,2.7762492895126343,4.48357954621315,7.21351695805788,2.377464711666107
504,504,2.5835375785827637,2.562171697616577,0.2,19.31545736383552,2.763144373893738,4.474993988871574,6.8842568770051,2.525145709514618
505,505,2.5577328205108643,2.6034348011016846,0.2,19.34375952759213,2.7731805443763733,4.4012084528803825,6.755739890038967,2.4859631061553955
506,506,2.545823097229004,2.6405909061431885,0.2,19.36324057324626,2.7909377217292786,4.40468206256628,6.834928445518017,2.5785401463508606
507,507,2.555058479309082,2.638199806213379,0.2,19.385057529310366,2.7803369760513306,4.27419999986887,6.90995192527771,2.392706036567688
508,508,2.4982402324676514,2.7071096897125244,0.2,19.404403060828336,2.785334348678589,4.231422953307629,6.92384821921587,2.625414729118347
509,509,2.60600209236145,2.6940927505493164,0.2,19.419909016124716,2.7802440524101257,4.261253573000431,6.843056105077267,2.7575595378875732
510,510,2.632840156555176,2.627093553543091,0.2,19.43309412780005,2.7821402549743652,4.22332863509655,6.908875212073326,2.624034881591797
511,511,2.596363067626953,2.6576316356658936,0.2,19.448293993951772,2.764591872692108,4.218059442937374,6.615473262965679,2.6354346871376038
512,512,2.6126248836517334,2.513458013534546,0.2,19.46048039835181,2.7932873964309692,4.169017605483532,6.818871967494488,2.7089614272117615
513,513,2.6055917739868164,2.6763525009155273,0.2,19.472840583294623,2.7683035135269165,4.134506702423096,6.625218473374844,2.458700478076935
514,514,2.581833839416504,2.5735151767730713,0.2,19.484319814985756,2.7651495337486267,4.138896808028221,6.442549213767052,2.4700580835342407
515,515,2.553967237472534,2.5738956928253174,0.2,19.4946750651229,2.77993643283844,4.121748611330986,6.7597406804561615,2.6253969073295593
516,516,2.615293502807617,2.640305757522583,0.2,19.50289806720557,2.782505512237549,4.062980078160763,6.934080734848976,2.5340999364852905
517,517,2.6562726497650146,2.582892656326294,0.2,19.51056452854302,2.7924662828445435,4.013460911810398,7.112467892467976,2.512625753879547
518,518,2.6342976093292236,2.6658987998962402,0.2,19.51596242295315,2.777034819126129,4.073822200298309,7.189399227499962,2.6926140785217285
519,519,2.5422167778015137,2.5174012184143066,0.2,19.518520993667185,2.7738062739372253,4.071878254413605,6.964362524449825,2.7084604501724243
520,520,2.611344575881958,2.627732753753662,0.2,19.52092829485918,2.7877923250198364,3.9798297062516212,6.880139097571373,2.4540836215019226
521,521,2.6199066638946533,2.6095879077911377,0.2,19.524252695935296,2.811853528022766,3.9473987221717834,6.820225954055786,2.4611796736717224
522,522,2.5993034839630127,2.567955493927002,0.2,19.52678215525121,2.80822092294693,3.8806177377700806,6.826055251061916,2.6456214785575867
523,523,2.594893217086792,2.5122783184051514,0.2,19.5262261544396,2.821037173271179,3.8011531233787537,6.779802180826664,2.683124303817749
524,524,2.5337395668029785,2.560757875442505,0.2,19.523631465340728,2.8191564083099365,3.8049384877085686,6.86443343013525,2.485919773578644
525,525,2.59393048286438,2.624185562133789,0.2,19.529866693602706,2.812708079814911,3.8300831764936447,6.666465364396572,2.596848249435425
526,526,2.6119918823242188,2.5987792015075684,0.2,19.530455175134286,2.85273540019989,3.800883397459984,6.71918261796236,2.606835663318634
527,527,2.5877089500427246,2.538184404373169,0.2,19.52973798096419,2.8565548062324524,3.7739712968468666,6.681848496198654,2.5096667408943176
528,528,2.5706233978271484,2.5958852767944336,0.2,19.529261653493172,2.884909927845001,3.7623671144247055,6.953997693955898,2.484536647796631
529,529,2.535674571990967,2.5644962787628174,0.2,19.531274318308324,2.876900374889374,3.7062897607684135,6.841288514435291,2.4475866556167603
530,530,2.5869967937469482,2.578380584716797,0.2,19.531538152547363,2.87687349319458,3.666276417672634,6.701787367463112,2.454564929008484
531,531,2.5313353538513184,2.598524570465088,0.2,19.531217546357748,2.893171727657318,3.6857277378439903,6.6653012335300446,2.60176682472229
532,532,2.585975170135498,2.574388265609741,0.2,19.534198563181263,2.891446590423584,3.6584814712405205,6.682008482515812,2.6255112886428833
533,533,2.572941303253174,2.530221700668335,0.2,19.535171836924736,2.887077510356903,3.637766517698765,6.70830424875021,2.590815842151642
534,534,2.639040946960449,2.7307660579681396,0.2,19.534514303298774,2.8620723485946655,3.6612329706549644,6.784932464361191,2.7518157958984375
535,535,2.5628085136413574,2.5343356132507324,0.2,19.535595048156466,2.892574369907379,3.6740390434861183,6.7242192924022675,2.7509413957595825
536,536,2.5809707641601562,2.502098321914673,0.2,19.533589863345107,2.870652139186859,3.6272762566804886,6.688981764018536,2.3721890449523926
537,537,2.6024062633514404,2.602519989013672,0.2,19.534634600290325,2.8752691745758057,3.5428450405597687,6.561151444911957,2.375553011894226
538,538,2.512805700302124,2.5440311431884766,0.2,19.5349209476404,2.8806554079055786,3.551185205578804,6.467239998281002,2.713024377822876
539,539,2.608053684234619,2.6093497276306152,0.2,19.53252249654424,2.880439817905426,3.5784391909837723,6.731044389307499,2.624238908290863
540,540,2.558260202407837,2.54807186126709,0.2,19.533210624239594,2.8972631692886353,3.5590554624795914,7.022720605134964,2.5085254311561584
541,541,2.5605530738830566,2.531236410140991,0.2,19.53074569237631,2.8882152438163757,3.5855369567871094,6.899814680218697,2.525365948677063
542,542,2.500237464904785,2.6045470237731934,0.2,19.533364103477126,2.893566370010376,3.5852314233779907,6.606935881078243,2.7181848287582397
543,543,2.542170763015747,2.6119420528411865,0.2,19.532625608821853,2.8951168060302734,3.5512357652187347,6.700392685830593,2.6009278297424316
544,544,2.555507183074951,2.5427916049957275,0.2,19.531108830395375,2.8953065872192383,3.5327169112861156,6.659950226545334,2.5137991905212402
545,545,2.553285837173462,2.6160242557525635,0.2,19.529172094697795,2.897379159927368,3.500843111425638,6.608862787485123,2.6763925552368164
546,546,2.5213046073913574,2.506772041320801,0.2,19.527140042066485,2.931608259677887,3.5047680474817753,6.675118178129196,2.7621655464172363
547,547,2.67551851272583,2.6386117935180664,0.2,19.52890126836568,2.918978750705719,3.467853970825672,6.946052551269531,2.524115264415741
548,548,2.5771474838256836,2.6071791648864746,0.2,19.525648947888882,2.9294604659080505,3.468408476561308,7.093921385705471,2.430148661136627
549,549,2.6051998138427734,2.557046413421631,0.2,19.52656262707113,2.9419708847999573,3.4314638264477253,6.875939168035984,2.6210007071495056
550,550,2.5724637508392334,2.588693618774414,0.2,19.527394198721858,2.92097270488739,3.408782262355089,6.927425377070904,2.5386857390403748
551,551,2.5403146743774414,2.5413308143615723,0.2,19.523317967814993,2.934210956096649,3.4319446198642254,6.938958778977394,2.6146262884140015
552,552,2.594542980194092,2.6344361305236816,0.2,19.521465038567616,2.934515058994293,3.3833322636783123,6.924619190394878,2.5450580716133118
553,553,2.5773284435272217,2.630399227142334,0.2,19.509099885733725,2.9339044094085693,3.3742178082466125,6.929848566651344,2.4103689789772034
554,554,2.579514741897583,2.572136878967285,0.2,19.51516188779312,2.9197327494621277,3.416111536324024,6.768707223236561,2.590456783771515
555,555,2.663116931915283,2.5055251121520996,0.2,19.514439821783707,2.917743504047394,3.340570706874132,6.8890717178583145,2.6146323680877686
556,556,2.613668918609619,2.5425994396209717,0.2,19.511102353764578,2.9308242201805115,3.347729753702879,6.883629724383354,2.588156819343567
557,557,2.6091792583465576,2.5409440994262695,0.2,19.51330666577497,2.906204044818878,3.380466442555189,6.810951337218285,2.5903478264808655
558,558,2.593047857284546,2.6215670108795166,0.2,19.50387935068984,2.886474132537842,3.3409516736865044,6.946628384292126,2.6187979578971863
559,559,2.5833988189697266,2.6706268787384033,0.2,19.502253338999367,2.8963257670402527,3.328037243336439,6.748419873416424,2.7085781693458557
560,560,2.576296091079712,2.515977382659912,0.2,19.493899982499713,2.916780471801758,3.324085056781769,7.015005424618721,2.561685800552368
561,561,2.582517623901367,2.5225632190704346,0.2,19.48375536699355,2.90941846370697,3.3110211305320263,7.18709833920002,2.3259682655334473
562,562,2.4953010082244873,2.5650010108947754,0.2,19.483100938153836,2.8860697150230408,3.3334959745407104,7.007494390010834,2.4362540245056152
563,563,2.607862949371338,2.5687901973724365,0.2,19.48084055553238,2.93271005153656,3.3419537767767906,7.091002218425274,2.657670736312866
564,564,2.542670726776123,2.5669474601745605,0.2,19.47770140766428,2.8895307779312134,3.3257345743477345,7.125521279871464,2.4736714363098145
565,565,2.5668039321899414,2.7257230281829834,0.2,19.478136459065976,2.867098808288574,3.3183680810034275,7.1631515100598335,2.454807221889496
566,566,2.5301425457000732,2.669846296310425,0.2,19.472064076087467,2.872186601161957,3.333384096622467,6.9922474175691605,2.6211795806884766
567,567,2.581449031829834,2.5575923919677734,0.2,19.472172489139666,2.8542360663414,3.3096799105405807,6.920474588871002,2.5692139267921448
568,568,2.5782859325408936,2.573090076446533,0.2,19.469934244213604,2.845612943172455,3.2897041775286198,7.238484688103199,2.450744092464447
569,569,2.5517520904541016,2.6908557415008545,0.2,19.4696629493663,2.8504987955093384,3.2832131199538708,7.373462088406086,2.522088646888733
570,570,2.5795257091522217,2.4851698875427246,0.2,19.464877187771595,2.831876754760742,3.2461455501616,7.354453533887863,2.666190505027771
571,571,2.623030185699463,2.603287935256958,0.2,17.60767528409311,2.828718841075897,3.2583345733582973,7.3862710520625114,2.6884477138519287
572,572,2.5450148582458496,2.4941773414611816,0.2,17.808863095122895,2.8134241104125977,3.2690325751900673,7.329760178923607,2.431372284889221
573,573,2.6045103073120117,2.4551188945770264,0.2,17.98618825064494,2.7824764251708984,3.269494127482176,7.182106174528599,2.5691380500793457
574,574,2.6668972969055176,2.555499315261841,0.2,16.275448543539976,2.7664908170700073,3.294038362801075,7.224948711693287,2.897051990032196
575,575,2.5562078952789307,2.5691542625427246,0.2,16.614598270892344,2.7615292072296143,3.2909079007804394,7.064002655446529,2.657938599586487
576,576,2.5077121257781982,2.599289894104004,0.2,16.918664484582788,2.7610392570495605,3.307035591453314,7.169113479554653,2.434873044490814
577,577,2.5592410564422607,2.6327667236328125,0.2,17.19053643464841,2.757341146469116,3.3256914652884007,7.207688987255096,2.5873586535453796
578,578,2.596816062927246,2.6047677993774414,0.2,17.4318421387524,2.7326332926750183,3.330452848225832,7.094263255596161,2.5967559218406677
579,579,2.5851502418518066,2.5668020248413086,0.2,17.652288045443346,2.760244071483612,3.263790111988783,7.20924012362957,2.642835855484009
580,580,2.605161428451538,2.5830276012420654,0.2,17.845309257092865,2.744922697544098,3.2636312134563923,7.448403224349022,2.537869691848755
581,581,2.5532031059265137,2.553034543991089,0.2,18.019082853530964,2.7400185465812683,3.265439596027136,7.411359667778015,2.5632814168930054
582,582,2.5765531063079834,2.573723077774048,0.2,18.174392203385924,2.723475754261017,3.2990257889032364,7.142138071358204,2.6170892119407654
583,583,2.5686850547790527,2.5792574882507324,0.2,18.31633095984855,2.7281763553619385,3.3154371194541454,7.164270460605621,2.8475449085235596
584,584,2.563108205795288,2.5593111515045166,0.2,18.445185115001404,2.7455546855926514,3.2607386521995068,7.375565491616726,2.716251492500305
585,585,2.535537004470825,2.6268715858459473,0.2,18.56015105876,2.7186707854270935,3.281457655131817,7.228383384644985,2.538229763507843
586,586,2.6086926460266113,2.6247036457061768,0.2,18.66351392968522,2.7433966398239136,3.237606003880501,7.381035633385181,2.602669060230255
587,587,2.579249382019043,2.5532143115997314,0.2,18.75451165029972,2.7139106392860413,3.2657413072884083,7.246218793094158,2.4602470993995667
588,588,2.5805180072784424,2.5877859592437744,0.2,18.836017871950972,2.7018970251083374,3.262076437473297,7.118829056620598,2.466663956642151
589,589,2.5923638343811035,2.5042471885681152,0.2,18.839873274764244,2.727194845676422,3.1949685029685497,7.237262845039368,2.7707435488700867
590,590,2.5562939643859863,2.576077699661255,0.2,18.91356316980341,2.728811025619507,3.1604500859975815,7.450907416641712,2.7171327471733093
591,591,2.5354864597320557,2.5630409717559814,0.2,18.979852189483935,2.7014954686164856,3.1804002448916435,7.363304682075977,2.555104672908783
592,592,2.5603604316711426,2.555041551589966,0.2,19.039914942349828,2.711719572544098,3.232134625315666,7.194505259394646,2.707119405269623
593,593,2.553154706954956,2.652148723602295,0.2,19.09348907468297,2.702643871307373,3.2834178283810616,7.061691790819168,2.6622809171676636
594,594,2.5674846172332764,2.652646541595459,0.2,19.136538524549216,2.7133145332336426,3.297296941280365,7.051097117364407,2.7153766751289368
595,595,2.533364772796631,2.5472710132598877,0.2,19.180346685245635,2.726833701133728,3.2221554554998875,7.252298027276993,2.5144463777542114
596,596,2.577697277069092,2.552610397338867,0.2,19.215200752716125,2.715658485889435,3.193858403712511,7.234933890402317,2.570875883102417
597,597,2.5545706748962402,2.594914436340332,0.2,19.250781457813442,2.718920111656189,3.183631267398596,7.118571430444717,2.861218512058258
598,598,2.535787582397461,2.5575883388519287,0.2,19.278875019996946,2.714798867702484,3.185386896133423,7.112063907086849,2.6603625416755676
599,599,2.5239334106445312,2.5805811882019043,0.2,19.303823371130292,2.722023606300354,3.202588301151991,7.0458895936608315,2.6467365622520447
600,600,2.514193058013916,2.550215005874634,0.2,19.326471245747353,2.7180402874946594,3.1845306865870953,7.152441009879112,2.5710843801498413
601,601,2.5688376426696777,2.5410070419311523,0.2,19.351780389230626,2.7227715849876404,3.148529566824436,7.192896217107773,2.747333347797394
602,602,2.557007312774658,2.620737075805664,0.2,19.366689599106422,2.709677994251251,3.1383890099823475,7.368963986635208,2.6408966183662415
603,603,2.60158371925354,2.59963059425354,0.2,19.379232918363,2.72272127866745,3.1408835351467133,7.408903896808624,2.6311230063438416
604,604,2.590068817138672,2.5278565883636475,0.2,19.393046165104487,2.7299118041992188,3.202009789645672,7.416748933494091,2.4571343660354614
605,605,2.5998899936676025,2.628730058670044,0.2,19.40556392654973,2.6852141618728638,3.1289438381791115,7.349606975913048,2.426958918571472
606,606,2.5328457355499268,2.6981546878814697,0.2,19.41468091905358,2.6829456090927124,3.0936304591596127,7.116170480847359,2.7684733271598816
607,607,2.5589075088500977,2.4664626121520996,0.2,19.42332776099406,2.6981789469718933,3.0952058248221874,7.225355431437492,2.9600679874420166
608,608,2.5646896362304688,2.5969502925872803,0.2,19.43464422866416,2.6764535903930664,3.0657146386802197,7.390676952898502,2.626458168029785
609,609,2.572953224182129,2.5197103023529053,0.2,19.443820017241865,2.6589757800102234,3.1737229861319065,7.338286742568016,2.375148057937622
610,610,2.5373029708862305,2.5866825580596924,0.2,19.44698948772038,2.6587687134742737,3.222369860857725,7.137019030749798,2.629358947277069
611,611,2.534057378768921,2.5515499114990234,0.2,19.451364528845936,2.6675896644592285,3.15879675000906,7.453401766717434,2.8697354197502136
612,612,2.5269811153411865,2.5116121768951416,0.2,19.45423329109722,2.6601661443710327,3.1077108830213547,7.620289862155914,2.6789172887802124
613,613,2.542440891265869,2.4841909408569336,0.2,19.461533448547797,2.6140857934951782,3.1521173901855946,7.3754050731658936,2.4515340924263
614,614,2.530972957611084,2.5745675563812256,0.2,19.463163024136982,2.6079962849617004,3.1349074356257915,7.289502024650574,2.5719321966171265
615,615,2.5837111473083496,2.602768898010254,0.2,19.46601290228695,2.6169967651367188,3.115557085722685,7.571301445364952,2.604205369949341
616,616,2.574774742126465,2.565377950668335,0.2,19.47193419298158,2.624703586101532,3.091018360108137,7.77461901307106,2.454366147518158
617,617,2.568955421447754,2.5589029788970947,0.2,19.472827553440418,2.594914674758911,3.070919267833233,7.638977117836475,2.601963520050049
618,618,2.5821073055267334,2.5943543910980225,0.2,19.471520991710907,2.5718623995780945,3.0801050923764706,7.447541318833828,2.6595219373703003
619,619,2.572723150253296,2.5526974201202393,0.2,19.475396554543575,2.5721417665481567,3.130078688263893,7.405563160777092,2.7704222202301025
620,620,2.5694072246551514,2.504826784133911,0.2,19.47467099697362,2.5918973684310913,3.1314262710511684,7.451081171631813,2.717015266418457
621,621,2.481783628463745,2.543195962905884,0.2,19.477868739883412,2.57322359085083,3.0830790400505066,7.527497977018356,2.5457919239997864
622,622,2.5444016456604004,2.5625431537628174,0.2,19.47985013420014,2.564456582069397,3.0889962427318096,7.47641546279192,2.617294728755951
623,623,2.47355318069458,2.552365779876709,0.2,19.48102076482627,2.5688855051994324,3.0913567058742046,7.630574218928814,2.74320125579834
624,624,2.4760701656341553,2.577118158340454,0.2,19.482312748969044,2.5703985691070557,3.0458472669124603,7.714499898254871,2.5661670565605164
625,625,2.5897016525268555,2.61435866355896,0.2,19.483731139887315,2.5582363605499268,3.088622208684683,7.55942989885807,2.689205527305603
626,626,2.516765832901001,2.5164682865142822,0.2,19.482866107679442,2.553617000579834,3.088255900889635,7.683011792600155,2.6808753609657288
627,627,2.549062967300415,2.5371172428131104,0.2,19.482607075860624,2.5259991884231567,3.0775188207626343,7.660385683178902,2.6257325410842896
628,628,2.537949323654175,2.5274598598480225,0.2,19.481552085653025,2.5320340394973755,3.1427131220698357,7.547450765967369,2.803885042667389
629,629,2.559068441390991,2.500209331512451,0.2,19.481973188045036,2.5099050998687744,3.0995906479656696,7.571656987071037,2.786866784095764
630,630,2.5509307384490967,2.555034637451172,0.2,19.481571941804365,2.5030672550201416,3.0704251639544964,7.817595303058624,2.6371408700942993
631,631,2.4867608547210693,2.508314371109009,0.2,19.484951903863994,2.493587553501129,3.0932454839348793,7.665302224457264,2.7068928480148315
632,632,2.5493462085723877,2.597097635269165,0.2,19.490521510725483,2.5258360505104065,3.1073695309460163,7.661718629300594,2.570643424987793
633,633,2.5158681869506836,2.494992733001709,0.2,19.489337772051055,2.498577654361725,3.1166417337954044,7.786558970808983,2.48236083984375
634,634,2.543682813644409,2.536163330078125,0.2,19.489666326394527,2.4927546977996826,3.088627904653549,7.849587522447109,2.7534252405166626
635,635,2.531085729598999,2.59291934967041,0.2,19.492518109727126,2.5317617654800415,3.0991397351026535,7.838883571326733,2.777621328830719
636,636,2.5422983169555664,2.527297258377075,0.2,19.493121551390104,2.4997292160987854,3.1250522397458553,7.765671208500862,2.548663914203644
637,637,2.5244932174682617,2.625887393951416,0.2,19.491058490578954,2.4966647028923035,3.088502489030361,7.84629026055336,2.777847647666931
638,638,2.47468638420105,2.4897947311401367,0.2,19.493096434238506,2.499804675579071,3.1158099584281445,7.7358957305550575,2.9799928665161133
639,639,2.560265064239502,2.6738739013671875,0.2,19.4910818931098,2.5066747069358826,3.0589757040143013,7.751048319041729,2.800269305706024
640,640,2.582141399383545,2.581296443939209,0.2,19.492428832386675,2.5219401121139526,3.035555962473154,7.869967371225357,2.6216835379600525
641,641,2.5483198165893555,2.541356325149536,0.2,19.486461601160933,2.5037454962730408,3.0413250029087067,7.8696422055363655,2.6453579664230347
642,642,2.5650229454040527,2.544877529144287,0.2,19.48662212732004,2.5121996998786926,3.05965268984437,7.637335188686848,2.827985167503357
643,643,2.5009875297546387,2.5422770977020264,0.2,19.480823280264847,2.5110546946525574,3.1113244742155075,7.423103079199791,2.89252507686615
644,644,2.586369514465332,2.5171141624450684,0.2,19.481475228972663,2.495809018611908,3.068894986063242,7.588692858815193,2.6110029220581055
645,645,2.5324740409851074,2.567466974258423,0.2,19.48248335012154,2.496646225452423,3.007794067263603,7.547061428427696,2.674717605113983
646,646,2.595027208328247,2.567089080810547,0.2,19.483019319679197,2.4805034399032593,3.0075477212667465,7.447340667247772,2.784966289997101
647,647,2.5863771438598633,2.532475709915161,0.2,19.48688584095894,2.4851925373077393,3.0125335305929184,7.5394569635391235,2.9465625286102295
648,648,2.4582149982452393,2.443653106689453,0.2,19.49083350300261,2.4978548884391785,3.0338549949228764,7.616017572581768,2.7869178652763367
649,649,2.4901885986328125,2.5498359203338623,0.2,17.626485689355707,2.4765942096710205,2.994974371045828,7.660136513411999,2.5790014266967773
650,650,2.469597339630127,2.538790464401245,0.2,17.830857586692687,2.482166290283203,2.969113599509001,7.651378288865089,2.7289056181907654
651,651,2.490786552429199,2.5316829681396484,0.2,18.020675390256084,2.5002719163894653,2.969888761639595,7.697311855852604,2.8361441493034363
652,652,2.535637617111206,2.5420868396759033,0.2,18.19211745607569,2.471934735774994,2.9946370981633663,7.470613516867161,2.864495098590851
653,653,2.506636381149292,2.5352683067321777,0.2,18.340646724582136,2.4730876088142395,3.000311952084303,7.479634523391724,2.7947864532470703
654,654,2.542915105819702,2.544420003890991,0.2,18.46985801340891,2.4778361916542053,2.9188657328486443,7.7367387264966965,2.840272009372711
655,655,2.53273868560791,2.5628411769866943,0.2,18.58956813464186,2.4734853506088257,2.9156653322279453,7.644813448190689,2.9919028878211975
656,656,2.5458176136016846,2.547997236251831,0.2,18.699882396777323,2.4725438356399536,2.9728478640317917,7.471387326717377,2.740391433238983
657,657,2.557727336883545,2.5931270122528076,0.2,18.79151728420139,2.465370774269104,2.977929938584566,7.335823453962803,2.6953746676445007
658,658,2.495354175567627,2.539851427078247,0.2,18.877238248268583,2.4405094385147095,2.923829786479473,7.654548786580563,2.6212810277938843
659,659,2.515047311782837,2.668367385864258,0.2,18.953948224218678,2.435970366001129,2.91368742659688,7.607837967574596,2.7676873207092285
660,660,2.544370174407959,2.488248586654663,0.2,19.013721463880096,2.4357908368110657,2.9526237696409225,7.629441045224667,2.977337062358856
661,661,2.534363269805908,2.5601773262023926,0.2,19.0812453819115,2.4418665766716003,2.9422105737030506,7.794137068092823,2.8415544629096985
662,662,2.4667904376983643,2.588404417037964,0.2,19.136379434441043,2.43143630027771,2.955413829535246,7.749170549213886,2.5531840920448303
663,663,2.529681444168091,2.52187180519104,0.2,19.181971748104075,2.433463156223297,2.9970098957419395,7.640695638954639,2.61965548992157
664,664,2.5969078540802,2.618479013442993,0.2,19.228478643940097,2.4403541684150696,2.983240906149149,7.651822283864021,2.8414978981018066
665,665,2.51021671295166,2.507359266281128,0.2,19.268074635401646,2.437019944190979,2.9425527676939964,7.914167858660221,2.7703998684883118
666,666,2.5158722400665283,2.5507936477661133,0.2,19.303428032282344,2.419417381286621,2.922353595495224,7.880577005445957,2.8003110885620117
667,667,2.554583787918091,2.569333791732788,0.2,19.33743207761627,2.4423846006393433,2.8909528143703938,7.944617390632629,2.8416791558265686
668,668,2.6375718116760254,2.55464243888855,0.2,19.35853231297946,2.4311724305152893,2.910676084458828,7.995882511138916,2.6869399547576904
669,669,2.517197608947754,2.544295072555542,0.2,19.384610401997843,2.410239100456238,2.932263094931841,7.87897964566946,2.8144651651382446
670,670,2.6038260459899902,2.634403944015503,0.2,19.40999738720858,2.413240969181061,2.966161612421274,7.97772479057312,2.8566944003105164
671,671,2.5664899349212646,2.581655740737915,0.2,19.42816802557747,2.3948201537132263,3.011262021958828,8.067735522985458,2.7506444454193115
672,672,2.5523879528045654,2.626471519470215,0.2,19.44595306861156,2.372858703136444,2.9717665165662766,7.851811990141869,2.8627928495407104
673,673,2.57000470161438,2.558415412902832,0.2,19.4630022324473,2.393267273902893,2.9113425835967064,8.050112426280975,2.917928695678711
674,674,2.5405824184417725,2.53813099861145,0.2,19.476625810453214,2.372863471508026,2.905454695224762,8.077205203473568,2.652833878993988
675,675,2.5382161140441895,2.569301128387451,0.2,19.494117022626227,2.3295599818229675,2.9332124814391136,7.931268185377121,2.667996048927307
676,676,2.4677584171295166,2.583383321762085,0.2,19.50099381423863,2.3675559163093567,2.944280244410038,8.032642148435116,2.804947793483734
677,677,2.4877688884735107,2.521655559539795,0.2,19.5125709197752,2.3407185673713684,2.9310902431607246,7.957004390656948,2.744431972503662
678,678,2.5193819999694824,2.580785036087036,0.2,19.526351155241134,2.3414891958236694,2.909969564527273,8.03897587954998,2.6052053570747375
679,679,2.5789577960968018,2.59667706489563,0.2,19.53167097879823,2.33351731300354,2.935670044273138,7.922746226191521,2.6840548515319824
680,680,2.55191707611084,2.6029293537139893,0.2,19.53715279129987,2.3165407180786133,2.927043702453375,7.971889950335026,2.637434422969818
681,681,2.579138994216919,2.5871469974517822,0.2,19.540187811727673,2.3258414268493652,2.953166276216507,7.993582382798195,2.725916802883148
682,682,2.5388903617858887,2.5245089530944824,0.2,19.539441252972033,2.3068400621414185,2.9783573038876057,7.909342348575592,2.7043893933296204
683,683,2.619292974472046,2.547894239425659,0.2,19.541910340676424,2.296123445034027,2.9320399463176727,8.050127513706684,2.79321151971817
684,684,2.582796812057495,2.54746675491333,0.2,19.543936160516985,2.29556667804718,2.91845640912652,7.912690222263336,2.956318438053131
685,685,2.5042550563812256,2.4872891902923584,0.2,19.548613129659476,2.288558065891266,2.9243302792310715,7.798812784254551,2.91503369808197
686,686,2.573744535446167,2.4955801963806152,0.2,19.552883606378163,2.2832570672035217,2.9051933754235506,7.9580003917217255,2.7275574803352356
687,687,2.6132941246032715,2.5554349422454834,0.2,19.553385022082594,2.31492155790329,2.9198173619806767,7.99049299955368,2.7784247994422913
688,688,2.4987993240356445,2.5798585414886475,0.2,19.555937670190726,2.3137091398239136,2.951783049851656,7.95603483915329,2.707535982131958
689,689,2.5158398151397705,2.5244126319885254,0.2,19.558308145128343,2.296291768550873,2.9270539805293083,8.157025210559368,2.7394540309906006
690,690,2.534156560897827,2.5717644691467285,0.2,19.558933004820442,2.365419030189514,2.9061457253992558,8.284431457519531,2.7175257802009583
691,691,2.5582380294799805,2.5811595916748047,0.2,19.561509092226796,2.298341751098633,2.9214979633688927,8.031578220427036,2.5872276425361633
692,692,2.4886767864227295,2.516077756881714,0.2,19.56465630855607,2.3168975114822388,2.9189946167171,7.949575304985046,2.7125871181488037
693,693,2.4972727298736572,2.559095859527588,0.2,19.566844907768942,2.29777455329895,2.8829393573105335,7.9957010820508,2.771263599395752
694,694,2.5343236923217773,2.5400378704071045,0.2,19.568161871334706,2.306970179080963,2.8878826946020126,8.000410564243793,2.8100777864456177
695,695,2.4662768840789795,2.5377869606018066,0.2,19.570910005898014,2.2818878293037415,2.9076626747846603,7.9333566799759865,2.7658623456954956
696,696,2.6009955406188965,2.5302345752716064,0.2,19.571023360854518,2.3131443858146667,2.9368194863200188,8.035991832613945,2.861167073249817
697,697,2.5979316234588623,2.5607707500457764,0.2,19.570985954746046,2.3232258558273315,2.93302521109581,8.065730318427086,2.7099902033805847
698,698,2.5899124145507812,2.5606958866119385,0.2,19.572409935578733,2.3082377314567566,2.969003800302744,8.015292376279831,2.589324116706848
699,699,2.518925666809082,2.491731643676758,0.2,19.57282092148247,2.327373504638672,2.957753412425518,7.957629479467869,2.72405344247818
700,700,2.5452880859375,2.5889599323272705,0.2,19.57291052178903,2.3408653140068054,2.9173201732337475,8.119208291172981,2.917320191860199
701,701,2.5383362770080566,2.585184335708618,0.2,19.57360763365256,2.318553388118744,2.9052494671195745,8.170844733715057,2.6934560537338257
702,702,2.564918279647827,2.5203304290771484,0.2,19.572181195484976,2.3076521158218384,2.9118799455463886,8.131812736392021,2.7498887181282043
703,703,2.601752996444702,2.557666540145874,0.2,19.571832843485513,2.334923267364502,2.9318310357630253,7.9950812086462975,2.9043161273002625
704,704,2.538480758666992,2.544589042663574,0.2,19.570845187395967,2.299575984477997,2.945365108549595,7.928455181419849,2.6268308758735657
705,705,2.5320303440093994,2.6148440837860107,0.2,19.572559871319125,2.3028846383094788,2.945553071796894,7.905743330717087,2.6941383481025696
706,706,2.538771152496338,2.468831777572632,0.2,19.572853569515726,2.293708562850952,2.909846993163228,8.030917011201382,2.6894054412841797
707,707,2.4529032707214355,2.546217679977417,0.2,19.57256410104233,2.29153048992157,2.945945978164673,8.065902255475521,2.9616523385047913
708,708,2.5147409439086914,2.6051204204559326,0.2,19.571695693472243,2.294002890586853,2.9669969864189625,8.065166428685188,3.1060970425605774
709,709,2.5861854553222656,2.6134119033813477,0.2,19.57063022204795,2.2783257365226746,2.9805349484086037,8.046165317296982,2.84627366065979
710,710,2.521674633026123,2.637576103210449,0.2,19.57235842180496,2.284155786037445,3.04061571508646,8.006314657628536,2.7723114490509033
711,711,2.5247573852539062,2.6118319034576416,0.2,19.571653892413533,2.2795052528381348,2.9937779679894447,8.182264178991318,2.7296029925346375
712,712,2.5241122245788574,2.5849640369415283,0.2,19.57112863962233,2.2911950945854187,2.964974619448185,8.311204202473164,2.7542349100112915
713,713,2.5160093307495117,2.524005889892578,0.2,19.569650417829504,2.272452235221863,2.978130307048559,8.01866915076971,2.8774126768112183
714,714,2.5753931999206543,2.5676169395446777,0.2,19.570209821609986,2.2564963698387146,2.953422360122204,8.04265084117651,2.6997310519218445
715,715,2.5478806495666504,2.573397159576416,0.2,19.570666792412055,2.2834699153900146,2.964866291731596,8.142918556928635,2.7806761264801025
716,716,2.55049467086792,2.5113027095794678,0.2,19.56885829269242,2.2686405181884766,2.976739786565304,7.964875943958759,2.800970673561096
717,717,2.5135717391967773,2.534625291824341,0.2,19.569253843516172,2.2657787799835205,2.9556558430194855,8.1302455291152,2.7908273339271545
718,718,2.515723466873169,2.5583038330078125,0.2,19.567573385600664,2.261077642440796,2.923727350309491,8.199640206992626,2.8636831641197205
719,719,2.51023530960083,2.632707118988037,0.2,19.56556676168948,2.279442608356476,2.945577312260866,8.183561034500599,2.9558741450309753
720,720,2.5747880935668945,2.5272679328918457,0.2,19.562329923657572,2.2556633949279785,2.918824017047882,8.327567145228386,2.72544401884079
721,721,2.413388967514038,2.5356578826904297,0.2,19.564113005173105,2.265265464782715,2.930489644408226,8.327568486332893,2.635236144065857
722,722,2.4915761947631836,2.5419397354125977,0.2,19.56217825941888,2.246801495552063,2.962928172200918,8.096126541495323,2.8597633838653564
723,723,2.5883638858795166,2.5743801593780518,0.2,19.56324314163258,2.2472060918807983,2.9841161221265793,8.005595847964287,2.9709489941596985
724,724,2.554927349090576,2.5414700508117676,0.2,19.564661153496967,2.2519723176956177,2.9362223520874977,8.095757089555264,2.818028509616852
725,725,2.5114614963531494,2.5529353618621826,0.2,19.563104721284226,2.2389814257621765,2.9379075318574905,8.161206968128681,2.7314279079437256
726,726,2.5944442749023438,2.523737668991089,0.2,19.562631764041463,2.2408081889152527,2.9476425275206566,8.11768864840269,2.7538623809814453
727,727,2.564119338989258,2.5940330028533936,0.2,19.561094134646392,2.2064579725265503,2.9519142508506775,7.849360965192318,2.8156827092170715
728,728,2.5877466201782227,2.5425240993499756,0.2,19.559773850846167,2.2091856598854065,2.9398556761443615,7.922029420733452,2.9480507373809814
729,729,2.5689189434051514,2.484848976135254,0.2,19.558066458088753,2.2315585017204285,2.9483912475407124,8.037748575210571,2.9727975130081177
730,730,2.5770866870880127,2.5559897422790527,0.2,19.559287565459872,2.235292136669159,2.9497583024203777,8.169930018484592,2.725809872150421
731,731,2.556295871734619,2.4128384590148926,0.2,19.55987419730448,2.2276894450187683,2.9413594119250774,8.137026093900204,2.620702385902405
732,732,2.5467898845672607,2.569856882095337,0.2,17.68812840249238,2.2555508613586426,2.9285167269408703,8.094716042280197,2.7829545736312866
733,733,2.5616369247436523,2.558784008026123,0.2,17.884399742074212,2.236149549484253,2.9579333774745464,8.003275260329247,2.73377388715744
734,734,2.5920650959014893,2.623788595199585,0.2,18.06152866633767,2.249837636947632,2.9584299959242344,8.006388261914253,2.6883840560913086
735,735,2.5290122032165527,2.603822946548462,0.2,18.215362190503246,2.2424843311309814,2.924956563860178,8.093106105923653,2.61173152923584
736,736,2.573805093765259,2.5830492973327637,0.2,18.356155017433625,2.2211002111434937,2.8988870084285736,8.192540049552917,2.6077269911766052
737,737,2.4958858489990234,2.5033681392669678,0.2,18.484221768597376,2.227500557899475,2.9074822925031185,8.086380958557129,2.8098504543304443
738,738,2.575274705886841,2.484163761138916,0.2,18.593339978129606,2.2593563199043274,2.9196076914668083,8.217288330197334,2.864327371120453
739,739,2.567735195159912,2.5606942176818848,0.2,18.69209515516595,2.2156707048416138,2.90657127648592,8.2045793607831,2.7063060998916626
740,740,2.5478882789611816,2.4982502460479736,0.2,18.78457813513346,2.217003285884857,2.9200670290738344,8.07976221293211,2.7320109009742737
741,741,2.5145480632781982,2.618434190750122,0.2,18.862625093889072,2.198938012123108,2.929689183831215,7.92726057767868,2.8464242219924927
742,742,2.503291368484497,2.4608232975006104,0.2,18.93405575033264,2.2046430706977844,2.9114505909383297,7.804414160549641,2.765889585018158
743,743,2.5783591270446777,2.581294536590576,0.2,18.999316374769275,2.1970040798187256,2.9139453135430813,7.713830806314945,2.8509241938591003
744,744,2.6141912937164307,2.4746506214141846,0.2,19.05833824629013,2.2328630089759827,2.907923936843872,7.966887146234512,2.7354310750961304
745,745,2.6305365562438965,2.5455150604248047,0.2,19.10959856296948,2.2247976064682007,2.89856780692935,8.109592713415623,2.6297446489334106
746,746,2.5254292488098145,2.5601308345794678,0.2,19.15575276529773,2.2202494740486145,2.9466083981096745,8.004279538989067,2.7768474817276
747,747,2.532517433166504,2.5422182083129883,0.2,19.19523821591952,2.23273366689682,2.938360970467329,8.03203809261322,2.687589466571808
748,748,2.472285270690918,2.5413713455200195,0.2,19.231127648298227,2.2060539722442627,2.8973417300730944,7.980965860188007,2.767447769641876
749,749,2.4774227142333984,2.5839133262634277,0.2,19.26348248558784,2.2344736456871033,2.8969118893146515,7.953013204038143,2.923422634601593
750,750,2.5632808208465576,2.50447678565979,0.2,19.291093143997788,2.2158362865448,2.9233503751456738,7.847078800201416,2.895029306411743
751,751,2.573049545288086,2.606947898864746,0.2,19.323783055250793,2.229526162147522,2.946883987635374,7.936359249055386,2.772467851638794
752,752,2.4958584308624268,2.631727457046509,0.2,19.341523638642432,2.2457817792892456,2.9552297852933407,7.9382549822330475,2.653033137321472
753,753,2.5194027423858643,2.531649589538574,0.2,19.362233264653916,2.2246294617652893,2.908506091684103,7.860831901431084,2.7126975059509277
754,754,2.5293939113616943,2.518819570541382,0.2,19.38541985731191,2.243572473526001,2.8830106630921364,8.007848851382732,2.8541808128356934
755,755,2.576392889022827,2.4759771823883057,0.2,19.3993634480799,2.2553091049194336,2.8780841417610645,8.002512276172638,2.7116844058036804
756,756,2.6414926052093506,2.5263304710388184,0.2,19.41644821788679,2.2538554668426514,2.8904839009046555,8.024629451334476,2.6259657740592957
757,757,2.5225799083709717,2.6190226078033447,0.2,19.43129887935514,2.2580177783966064,2.9047350212931633,7.94032759219408,2.7580665946006775
758,758,2.5542383193969727,2.6032683849334717,0.2,19.441148957083584,2.266065537929535,2.9414959214627743,7.895539246499538,2.8764652013778687
759,759,2.4811315536499023,2.495414972305298,0.2,19.452803947345515,2.2670777440071106,2.913862220942974,7.955087244510651,2.8004512190818787
760,760,2.5687038898468018,2.51828932762146,0.2,19.458105295589966,2.2580313086509705,2.9162869825959206,7.849112905561924,2.866710662841797
761,761,2.4841182231903076,2.587141513824463,0.2,19.467143508191562,2.261862874031067,2.9225887581706047,7.821645520627499,2.742406129837036
762,762,2.5043540000915527,2.5955657958984375,0.2,19.470700988000463,2.236265182495117,2.9189229756593704,7.7985784113407135,2.627861976623535
763,763,2.562570333480835,2.552635431289673,0.2,19.473919861342743,2.229134440422058,2.885304881259799,7.914867490530014,2.771002948284149
764,764,2.557262659072876,2.5886635780334473,0.2,19.479501229740407,2.2296098470687866,2.9269817881286144,7.78424508869648,2.8788955211639404
765,765,2.536954402923584,2.531311273574829,0.2,19.484937081699105,2.2364591360092163,2.9043373875319958,8.149755112826824,2.8291980028152466
766,766,2.5201752185821533,2.597003936767578,0.2,19.490084678507273,2.216048002243042,2.916483163833618,7.966493457555771,2.7517480850219727
767,767,2.469386100769043,2.622793436050415,0.2,19.489203775285542,2.235304117202759,2.974798373878002,8.017791412770748,2.5774720907211304
768,768,2.4957118034362793,2.452686309814453,0.2,19.493361213408395,2.201916813850403,2.975516576319933,8.10521586239338,2.563509941101074
769,769,2.5630908012390137,2.648270845413208,0.2,19.492355290732043,2.219928205013275,2.9513006825000048,8.1661796271801,2.7534199953079224
770,770,2.5417258739471436,2.5604159832000732,0.2,19.49323205879967,2.2092076539993286,2.95067448168993,8.128119021654129,2.8657435178756714
771,771,2.53362774848938,2.6162352561950684,0.2,19.489075407943854,2.2001652121543884,2.9603575728833675,8.076018519699574,2.645966589450836
772,772,2.591548442840576,2.6364290714263916,0.2,19.490713998169493,2.188716471195221,2.944327361881733,7.956967629492283,2.584714412689209
773,773,2.5527026653289795,2.6047840118408203,0.2,19.486578326468106,2.1782227754592896,2.9399672970175743,7.854167781770229,2.7505970001220703
774,774,2.5245633125305176,2.532485246658325,0.2,19.488804331264763,2.1429975032806396,2.979637335985899,7.872687764465809,2.8789639472961426
775,775,2.6290535926818848,2.535306930541992,0.2,19.48567038511456,2.1550639271736145,2.9523800779134035,8.04257107526064,2.7128130197525024
776,776,2.538321018218994,2.5640251636505127,0.2,19.487888234507377,2.1261680126190186,2.9165308363735676,8.113767325878143,2.7295186519622803
777,777,2.594301462173462,2.5812761783599854,0.2,19.4831896790764,2.114685893058777,2.9268593564629555,8.06133945286274,2.891764223575592
778,778,2.596338987350464,2.5193371772766113,0.2,19.483831450185907,2.1205174326896667,2.92773768119514,8.149950943887234,3.005086302757263
779,779,2.516777515411377,2.6001436710357666,0.2,19.479364329406142,2.1084519028663635,2.9357742704451084,8.025604106485844,2.854031026363373
780,780,2.480360984802246,2.47452974319458,0.2,19.47807908499415,2.141600549221039,2.998712796717882,7.896042816340923,2.844604015350342
781,781,2.4939463138580322,2.604907274246216,0.2,19.47393833522107,2.0951138138771057,2.9348029643297195,8.031062990427017,2.800915539264679
782,782,2.5200605392456055,2.548616409301758,0.2,19.477735806420387,2.159381330013275,2.9136619828641415,8.315774470567703,2.8934386372566223
783,783,2.5592880249023438,2.5099124908447266,0.2,19.473152788505576,2.1539031863212585,2.9378729313611984,8.333915516734123,2.935750901699066
784,784,2.511054515838623,2.5113773345947266,0.2,19.474120335549,2.168968915939331,2.9556296877563,8.19836451113224,3.1120733618736267
785,785,2.4942891597747803,2.5118300914764404,0.2,19.473184787402705,2.154587745666504,2.940685737878084,8.243989780545235,3.006995439529419
786,786,2.4783852100372314,2.571317672729492,0.2,19.47334152019875,2.19093781709671,2.9750436693429947,8.127518244087696,3.0006324648857117
787,787,2.5124683380126953,2.632193088531494,0.2,19.47227372596858,2.18863445520401,2.9923210255801678,8.06531211733818,2.867792308330536
788,788,2.4839816093444824,2.576195478439331,0.2,19.473181812044167,2.191143035888672,3.0149185098707676,8.092355273663998,3.0098935961723328
789,789,2.5772204399108887,2.534986972808838,0.2,19.47029985877034,2.180026054382324,2.9653684459626675,8.194015942513943,2.7899239659309387
790,790,2.542938709259033,2.520207166671753,0.2,19.471954124360582,2.206517994403839,3.013296853750944,8.170226790010929,2.7562330961227417
791,791,2.538818120956421,2.522169589996338,0.2,19.467288450105848,2.1860499382019043,2.948435313999653,8.209234684705734,2.8247956037521362
792,792,2.5711333751678467,2.5954644680023193,0.2,19.467225244158243,2.208152651786804,2.932732991874218,8.331922806799412,2.899859607219696
793,793,2.547683000564575,2.4828011989593506,0.2,19.469476626790396,2.173693358898163,3.0044615864753723,8.360174715518951,2.657136559486389
794,794,2.52911639213562,2.5859880447387695,0.2,19.471708315482115,2.177161991596222,2.967166993767023,8.273623377084732,2.8131500482559204
795,795,2.520054578781128,2.5457019805908203,0.2,19.469258172641297,2.171037793159485,2.989496998488903,8.142792344093323,2.8285182118415833
796,796,2.529125213623047,2.548987627029419,0.2,19.470117906230897,2.1570010781288147,2.989048283547163,8.284716501832008,2.6653189659118652
797,797,2.515448808670044,2.5941028594970703,0.2,19.470478779112245,2.1589847803115845,2.992468547075987,8.31994316726923,2.8620986342430115
798,798,2.5453317165374756,2.5601096153259277,0.2,19.472346870244284,2.131144106388092,3.025409922003746,8.119087249040604,2.7820722460746765
799,799,2.517850160598755,2.5495381355285645,0.2,19.472476958861474,2.1495498418807983,3.015981387346983,8.14559007436037,2.8557748198509216
800,800,2.510186195373535,2.4719560146331787,0.2,19.47372923298708,2.151173233985901,3.0018399581313133,8.152958750724792,2.696849226951599
801,801,2.526801824569702,2.512758731842041,0.2,19.47205554945287,2.127265155315399,2.976370431482792,8.241350196301937,2.6396926641464233
802,802,2.5739760398864746,2.59930682182312,0.2,19.46928491175165,2.12351256608963,2.9361426420509815,8.286769524216652,2.8390514850616455
803,803,2.491044044494629,2.5364179611206055,0.2,19.47193493182336,2.1214283108711243,2.9254175759851933,8.283567182719707,2.8638224601745605
804,804,2.5361649990081787,2.5033864974975586,0.2,19.475195248415474,2.1120553612709045,2.960177157074213,8.077157244086266,2.9096559882164
805,805,2.585890769958496,2.571294069290161,0.2,19.475962497110793,2.1139320731163025,2.9578203093260527,8.214929774403572,2.8041025400161743
806,806,2.5443027019500732,2.55574631690979,0.2,19.4752762643502,2.091589391231537,3.0024377405643463,8.233661383390427,2.6496670246124268
807,807,2.5236127376556396,2.497880697250366,0.2,19.47329302790418,2.0973997712135315,3.0384932458400726,8.202403217554092,2.7859359979629517
808,808,2.5794153213500977,2.5351850986480713,0.2,19.4745663619221,2.1276187896728516,3.0817797109484673,8.225563183426857,2.8326256275177
809,809,2.5438780784606934,2.588412046432495,0.2,19.464742471564435,2.100315272808075,3.086709339171648,8.092653572559357,2.701662600040436
810,810,2.551802158355713,2.5418052673339844,0.2,19.475103477483373,2.0877363681793213,3.0138041730970144,8.16917609423399,2.767434537410736
811,811,2.4991705417633057,2.5095112323760986,0.2,19.475351061640566,2.1232528686523438,2.9893416333943605,8.317762143909931,2.8110098242759705
812,812,2.521253824234009,2.5468366146087646,0.2,19.47815767262969,2.107572376728058,2.9855797924101353,8.34234244376421,2.774519979953766
813,813,2.543048858642578,2.485232353210449,0.2,19.476968134386766,2.1113392114639282,3.061472311615944,8.195598885416985,2.788039803504944
814,814,2.557389736175537,2.519821882247925,0.2,19.479438990391436,2.116558015346527,2.980025202035904,8.226296968758106,2.899384915828705
815,815,2.551387071609497,2.579470157623291,0.2,19.47550936952166,2.1219369769096375,2.9469766467809677,8.274806819856167,2.7788732647895813
816,816,2.5378410816192627,2.537144660949707,0.2,19.476008375845367,2.130476713180542,3.000946518033743,8.161487624049187,2.818926453590393
817,817,2.561067581176758,2.521944999694824,0.2,19.46086364399291,2.13964980840683,3.0652562864124775,8.106774739921093,2.7579225301742554
818,818,2.5096819400787354,2.5472774505615234,0.2,19.479716893531958,2.143610179424286,3.0539173893630505,8.17115393280983,2.559458553791046
819,819,2.5284440517425537,2.5429115295410156,0.2,19.480021450703482,2.1283974647521973,3.0109071768820286,8.052029430866241,2.636599361896515
820,820,2.476820468902588,2.535284996032715,0.2,19.47531328554449,2.1396639347076416,2.9761185124516487,8.068453676998615,2.88403981924057
821,821,2.536760091781616,2.55704665184021,0.2,19.473688576583026,2.180359959602356,2.9730578809976578,8.22793959081173,2.779892385005951
822,822,2.43117618560791,2.524716854095459,0.2,19.475130354966012,2.1622215509414673,2.9610740542411804,8.193757571280003,2.6789677143096924
823,823,2.5294029712677,2.555405855178833,0.2,19.473304747789488,2.1694602370262146,3.001568678766489,8.099726267158985,2.676256000995636
824,824,2.485562801361084,2.584141969680786,0.2,19.4709283603519,2.1652597784996033,2.991960819810629,8.244672559201717,2.7303637862205505
825,825,2.548201322555542,2.520228624343872,0.2,19.473939911385298,2.170327067375183,2.9841482043266296,8.277177982032299,2.8033893704414368
826,826,2.5612385272979736,2.534148931503296,0.2,19.47830226724161,2.1642876863479614,2.9761177729815245,8.281741879880428,2.791347086429596
827,827,2.5778865814208984,2.5929155349731445,0.2,19.47715869892248,2.158294439315796,3.011098477989435,8.119694024324417,2.8491694927215576
828,828,2.5891566276550293,2.7382047176361084,0.2,19.477102128228648,2.1597487330436707,3.0399473682045937,8.179489403963089,2.9220654368400574
829,829,2.5597870349884033,2.5769288539886475,0.2,19.478167004128682,2.1837485432624817,3.103742901235819,8.487526908516884,2.8265620470046997
830,830,2.5556838512420654,2.4798285961151123,0.2,19.47895820577972,2.1680338382720947,3.0393687710165977,8.445258148014545,2.811012923717499
831,831,2.5061604976654053,2.52996563911438,0.2,19.478821632277526,2.1791957020759583,3.02924270555377,8.282804131507874,2.739357113838196
832,832,2.4963266849517822,2.5726394653320312,0.2,19.48203311271765,2.1537736654281616,2.969553343951702,8.29917699098587,2.6038220524787903
833,833,2.5460922718048096,2.475374937057495,0.2,19.480097472392323,2.144952952861786,2.9888785872608423,8.300273716449738,2.700773298740387
834,834,2.4846794605255127,2.5542593002319336,0.2,19.478799344616377,2.1643649339675903,2.986445249989629,8.343725368380547,2.886025547981262
835,835,2.5959548950195312,2.5385162830352783,0.2,19.479211447240342,2.1377400755882263,3.012473363429308,8.157629527151585,2.807725429534912
836,836,2.5878965854644775,2.526336431503296,0.2,19.476553926125362,2.133194088935852,3.0016813576221466,8.174562864005566,2.937898874282837
837,837,2.531754732131958,2.5216493606567383,0.2,19.47327053988157,2.1763944029808044,3.051774810999632,8.461873956024647,2.8503604531288147
838,838,2.5041773319244385,2.467195510864258,0.2,19.47158629449537,2.1244488954544067,3.064841106534004,8.237670071423054,2.6668505668640137
839,839,2.5601351261138916,2.5075271129608154,0.2,19.47148486387144,2.121520221233368,3.0788337625563145,8.307075038552284,2.597694516181946
840,840,2.594072103500366,2.600499391555786,0.2,19.474186358121443,2.1108630299568176,3.1335299760103226,8.36667774617672,2.613572835922241
841,841,2.561872720718384,2.4959938526153564,0.2,19.475903610692125,2.0987141132354736,3.1480761654675007,8.158205971121788,2.8237491846084595
842,842,2.5541720390319824,2.58243465423584,0.2,19.475917318868564,2.1029767990112305,3.0647098645567894,8.1882828399539,2.879385530948639
843,843,2.5820069313049316,2.6229381561279297,0.2,19.476796601647838,2.0762667059898376,3.0412484984844923,8.272468231618404,2.6962398290634155
844,844,2.52022647857666,2.5185012817382812,0.2,19.47331334320152,2.057512104511261,3.1022172458469868,8.246501952409744,2.554065525531769
845,845,2.5265345573425293,2.5485568046569824,0.2,19.47497961883325,2.0698453783988953,3.0018483381718397,8.549360156059265,2.756685256958008
846,846,2.5275096893310547,2.4945547580718994,0.2,19.470403909963704,2.0501620173454285,2.990073872730136,8.364692613482475,2.953013598918915
847,847,2.5002121925354004,2.605004072189331,0.2,19.471313484530643,2.0677358508110046,3.0241592675447464,8.278789333999157,2.8419528007507324
848,848,2.5002055168151855,2.521369695663452,0.2,19.47233206732917,2.0554069876670837,3.04947067797184,8.148326605558395,2.63602077960968
849,849,2.590935707092285,2.547426462173462,0.2,19.47362515439628,2.056348502635956,3.030639760196209,8.321639075875282,2.6341652274131775
850,850,2.6044020652770996,2.508514404296875,0.2,19.47044593712234,2.057097375392914,3.036214243620634,8.434047542512417,2.613060414791107
851,851,2.4947943687438965,2.5816657543182373,0.2,19.472962725629166,2.0544140338897705,3.0918319150805473,8.205090634524822,2.8086807131767273
852,852,2.53935170173645,2.533649444580078,0.2,19.471384066473785,2.075793504714966,3.0436628200113773,8.332579955458641,2.8763387799263
853,853,2.53355073928833,2.496403455734253,0.2,19.472099603827807,2.052710473537445,2.972832426428795,8.515423700213432,2.7471360564231873
854,854,2.4983701705932617,2.5562334060668945,0.2,19.466619142933784,2.068951189517975,2.9807677417993546,8.578517533838749,2.862776815891266
855,855,2.5222091674804688,2.5400850772857666,0.2,19.470197414187584,2.0472015142440796,3.0118215419352055,8.43444960564375,2.959373652935028
856,856,2.5257041454315186,2.60939621925354,0.2,19.46836521477426,2.0483095049858093,3.0169394239783287,8.459966279566288,2.7787649631500244
857,857,2.6154043674468994,2.4966485500335693,0.2,19.471975909031013,2.05135977268219,3.0032819658517838,8.399352118372917,2.70972740650177
858,858,2.5402369499206543,2.527912139892578,0.2,19.46737608085075,2.06471049785614,2.9765360355377197,8.345295913517475,2.8460052609443665
859,859,2.5074117183685303,2.4797632694244385,0.2,19.470974915289386,2.0526416301727295,2.9684687424451113,8.457680389285088,2.8239102363586426
860,860,2.4718265533447266,2.5956215858459473,0.2,19.465459238861357,2.0540443658828735,2.975998753681779,8.632780954241753,2.808931827545166
861,861,2.5246057510375977,2.5246078968048096,0.2,19.469975286887365,2.0529605746269226,3.0168204326182604,8.671421810984612,2.762303054332733
862,862,2.5164480209350586,2.6050314903259277,0.2,19.4651883679144,2.0504005551338196,2.9985765628516674,8.464519165456295,2.906141698360443
863,863,2.4948666095733643,2.6078391075134277,0.2,19.46567547659181,2.0370419025421143,3.032852206379175,8.182632438838482,2.895809054374695
864,864,2.6156811714172363,2.5736327171325684,0.2,19.461415312432273,2.05098819732666,3.0282662101089954,8.420459628105164,2.6702204942703247
865,865,2.4980733394622803,2.637028932571411,0.2,19.464607244227896,2.0710707306861877,2.997204879298806,8.665945440530777,2.720739960670471
866,866,2.612032890319824,2.626141309738159,0.2,19.461367190196942,2.04693067073822,2.999416744336486,8.689336501061916,2.725933849811554
867,867,2.5173585414886475,2.515408754348755,0.2,19.46332777589902,2.0660464763641357,3.022481331601739,8.700737752020359,2.7934237122535706
868,868,2.539200782775879,2.489539861679077,0.2,19.46138797451731,2.057919144630432,3.012977797538042,8.574382051825523,2.688488006591797
869,869,2.56996750831604,2.545032262802124,0.2,19.46428234245434,2.0730620622634888,3.095020618289709,8.396610602736473,2.7196094393730164
870,870,2.5798237323760986,2.6020705699920654,0.2,19.46355597275831,2.0945796966552734,3.107523988932371,8.491529032588005,2.9023152589797974
871,871,2.52597975730896,2.5748631954193115,0.2,19.460227325909866,2.0799704790115356,3.0827283561229706,8.431458108127117,2.6979324221611023
872,872,2.5655274391174316,2.5358362197875977,0.2,19.45860281205761,2.0538046956062317,3.030955823138356,8.32916034013033,2.8158592581748962
873,873,2.552292585372925,2.553018093109131,0.2,19.45501721942693,2.047297418117523,2.9882837180048227,8.415426187217236,2.7862425446510315
874,874,2.5649759769439697,2.567701816558838,0.2,19.453565149500083,2.057025134563446,2.980427425354719,8.342627495527267,2.8428353667259216
875,875,2.521810293197632,2.489107131958008,0.2,19.455877139045157,2.0253366231918335,3.0038917399942875,8.304876640439034,2.808541238307953
876,876,2.546222686767578,2.6197144985198975,0.2,19.453040260502515,2.0514814853668213,3.034526787698269,8.372895568609238,2.7737844586372375
877,877,2.5744869709014893,2.53287935256958,0.2,19.455194353899923,2.0510014295578003,3.0104771591722965,8.329789489507675,2.6855579018592834
878,878,2.508303642272949,2.5569357872009277,0.2,19.454217317917593,2.050193428993225,3.024065587669611,8.312594562768936,2.7384575605392456
879,879,2.537055492401123,2.5346508026123047,0.2,19.456702143509244,2.051521062850952,3.0467379838228226,8.29472953081131,2.809131145477295
880,880,2.5431294441223145,2.4915387630462646,0.2,19.455711975516262,2.055199384689331,3.087190840393305,8.349010333418846,2.740389347076416
881,881,2.5460824966430664,2.5128519535064697,0.2,19.45773038274027,2.0573673248291016,3.0692622289061546,8.442222490906715,2.631642520427704
