step,iter,train/loss,val/loss,lr,mfu,token_embedding_act_abs_mean,attn_act_abs_mean,mlp_act_abs_mean,lm_head_act_abs_mean
0,0,4.174321174621582,4.174361705780029,0.02,-100.0
1,1,4.157951354980469,4.1598100662231445,0.02,-100.0,0.016020245384424925,6.120538080267579e-05,0.000317672946039238,0.0011680824973154813
2,2,4.1371684074401855,4.138004779815674,0.02,-100.0,0.02364395884796977,0.020660096313804388,0.020869731961283833,0.012236353475600481
3,3,4.1100592613220215,4.1104230880737305,0.02,-100.0,0.0363280912861228,0.036277865641750395,0.037184542627073824,0.031586866825819016
4,4,4.091032981872559,4.09368896484375,0.02,-100.0,0.052953505888581276,0.055668761022388935,0.05728522362187505,0.05140331853181124
5,5,4.066993713378906,4.063873291015625,0.02,-100.0,0.07103493623435497,0.07350255874916911,0.07602008176036179,0.07458463683724403
6,6,4.035442352294922,4.044851779937744,0.02,0.8109805989310721,0.08963673189282417,0.09443142381496727,0.09804931422695518,0.09986422397196293
7,7,3.9956188201904297,4.004405498504639,0.02,0.8103521622923249,0.1085745245218277,0.11575670214369893,0.12056255084462464,0.1267651990056038
8,8,3.969048500061035,3.978153705596924,0.02,0.8116247016377645,0.1277708224952221,0.13699311390519142,0.14251705585047603,0.15511130914092064
9,9,3.9396584033966064,3.9593162536621094,0.02,0.8123661395883018,0.1470632255077362,0.15782408649101853,0.1637539709918201,0.1849290244281292
10,10,3.9140543937683105,3.92147159576416,0.02,0.8142363894452757,0.1662936843931675,0.17848118348047137,0.1847704602405429,0.2161930911242962
11,11,3.900975227355957,3.852193593978882,0.02,0.8124655022962187,0.18470481038093567,0.19912458583712578,0.205896710511297,0.2482195869088173
12,12,3.862506866455078,3.8819689750671387,0.02,0.8110739276073177,0.20313675329089165,0.22045408841222525,0.22827558778226376,0.28147656470537186
13,13,3.8212807178497314,3.8381454944610596,0.02,0.964592919578727,0.22172404825687408,0.24266052851453424,0.25224683806300163,0.31597163528203964
14,14,3.7999179363250732,3.8366446495056152,0.02,0.9523345665624458,0.23970305547118187,0.2656844314187765,0.27750539779663086,0.3506983071565628
15,15,3.7674615383148193,3.786376476287842,0.02,0.9417589933549844,0.2562505379319191,0.28855975065380335,0.3026203429326415,0.3861476555466652
16,16,3.748406171798706,3.7670421600341797,0.02,0.9312275853561128,0.2734532803297043,0.31184287555515766,0.3281227443367243,0.4227171614766121
17,17,3.690117835998535,3.792238473892212,0.02,0.923178845677068,0.2894875183701515,0.3354630218818784,0.354138164781034,0.4604514390230179
18,18,3.739368200302124,3.740645408630371,0.02,1.0954223194023176,0.3067127466201782,0.359225002117455,0.38034663163125515,0.49997371435165405
19,19,3.665478229522705,3.6599926948547363,0.02,1.0701860131973453,0.3215556889772415,0.38307178672403097,0.4064658423885703,0.5393124967813492
20,20,3.614914894104004,3.624641180038452,0.02,1.0400700196973862,0.33688001334667206,0.4067720305174589,0.4321358595043421,0.5789538621902466
21,21,3.5882532596588135,3.5965468883514404,0.02,1.0205218401172869,0.3537597060203552,0.43029241543263197,0.4573949333280325,0.620146632194519
22,22,3.590735912322998,3.5906593799591064,0.02,1.0052188936634459,0.369475394487381,0.45389159582555294,0.48267747461795807,0.663207158446312
23,23,3.502274990081787,3.6258561611175537,0.02,0.9892930240204314,0.38308631628751755,0.47764969896525145,0.5081880949437618,0.7060198038816452
24,24,3.48905086517334,3.5183825492858887,0.02,1.139171647125978,0.39600399881601334,0.5017665391787887,0.5343755222856998,0.7505158334970474
25,25,3.5602598190307617,3.526463747024536,0.02,1.1060011942445356,0.41139333695173264,0.5263402741402388,0.561094518750906,0.7936553955078125
26,26,3.486835479736328,3.455430030822754,0.02,1.2327763464799246,0.42440012097358704,0.551486337557435,0.588594600558281,0.8355639725923538
27,27,3.475975751876831,3.433209180831909,0.02,1.1925390188188725,0.43396180123090744,0.5769717618823051,0.6170036643743515,0.8790455013513565
28,28,3.425989866256714,3.510599136352539,0.02,1.1574276053503807,0.4462269991636276,0.6031443011015654,0.646179212257266,0.9223048239946365
29,29,3.433685541152954,3.6436266899108887,0.02,1.3063478479357986,0.45337770879268646,0.6292813662439585,0.6753771137446165,0.9633623212575912
30,30,3.541287899017334,3.4830987453460693,0.02,1.4398957031280741,0.46945420652627945,0.6551225986331701,0.7036855146288872,1.0071399807929993
31,31,3.386899471282959,3.4389193058013916,0.02,1.558898441537205,0.4774813950061798,0.6809230614453554,0.7321274634450674,1.0512512624263763
32,32,3.443627119064331,3.5165202617645264,0.02,1.6659939475850074,0.4868258908390999,0.7069012932479382,0.7604755107313395,1.0947438776493073
33,33,3.4617128372192383,3.442352294921875,0.02,1.7633066278454341,0.49463872611522675,0.7326194103807211,0.7887951377779245,1.1372641921043396
34,34,3.38299822807312,3.3648483753204346,0.02,1.8499265281830768,0.498642697930336,0.7586971018463373,0.8172589149326086,1.1780181527137756
35,35,3.277165412902832,3.5379748344421387,0.02,1.7164319207444534,0.4926856607198715,0.7843736875802279,0.8462594915181398,1.2164649367332458
36,36,3.321135997772217,3.376926898956299,0.02,1.8213898022667943,0.49766281247138977,0.8107983358204365,0.8759293854236603,1.250210553407669
37,37,3.4910528659820557,3.516183376312256,0.02,1.9160389614908575,0.4995603412389755,0.8379003275185823,0.9065754506736994,1.2839831411838531
38,38,3.417501449584961,3.355661630630493,0.02,2.002493103497607,0.4995467886328697,0.8647769037634134,0.9380149804055691,1.3188998103141785
39,39,3.3795530796051025,3.581437826156616,0.02,1.8797035123788028,0.4918852522969246,0.8911664616316557,0.9693998638540506,1.3493937253952026
40,40,3.2873685359954834,3.334514617919922,0.02,1.9691957313259425,0.49274424463510513,0.917522294446826,1.0008706748485565,1.3764880299568176
41,41,3.3795206546783447,3.501081705093384,0.02,1.858343109108337,0.4904891699552536,0.9441698119044304,1.0324970446527004,1.4041839838027954
42,42,3.253929853439331,3.3383045196533203,0.02,1.9495702879665566,0.48664485663175583,0.9699021074920893,1.0646506622433662,1.4356041848659515
43,43,3.295736074447632,3.4955546855926514,0.02,2.0317453786230684,0.48582378029823303,0.9900959618389606,1.0856898874044418,1.4625863432884216
44,44,3.2518887519836426,3.3796894550323486,0.02,2.1062238603043673,0.477017305791378,1.0151080712676048,1.117402721196413,1.4891140758991241
45,45,3.3558990955352783,3.456737756729126,0.02,2.173741769899727,0.4751327633857727,1.0366738438606262,1.1472033634781837,1.517373114824295
46,46,3.300853729248047,3.369709014892578,0.02,2.2340760246967166,0.4765581786632538,1.0611224323511124,1.1790646351873875,1.543333649635315
47,47,3.2073121070861816,3.3266940116882324,0.02,2.28788887944117,0.47025226056575775,1.0834669135510921,1.2092442475259304,1.571059226989746
48,48,3.3392748832702637,3.271944284439087,0.02,2.146002657640764,0.4764629304409027,1.1034523509442806,1.2372075133025646,1.5931968688964844
49,49,3.4198031425476074,3.467015027999878,0.02,2.017402745702046,0.4818939045071602,1.1188170909881592,1.2614569999277592,1.617640495300293
50,50,3.2733654975891113,3.443329095840454,0.02,2.092359246830051,0.47015444934368134,1.1312645301222801,1.283510260283947,1.6284613013267517
51,51,3.3586766719818115,3.2961223125457764,0.02,2.159489272031316,0.47714103758335114,1.1435177214443684,1.305792961269617,1.6454595029354095
52,52,3.317704677581787,3.4363462924957275,0.02,2.219873365386983,0.4768979549407959,1.1551743373274803,1.3277742341160774,1.6351905763149261
53,53,3.2938802242279053,3.3289058208465576,0.02,2.2738726699003995,0.48755865544080734,1.1654349826276302,1.3495902121067047,1.6059266924858093
54,54,3.310605764389038,3.329354763031006,0.02,2.323379291378646,0.4934772625565529,1.1765311025083065,1.371973592787981,1.5646335780620575
55,55,3.2636330127716064,3.3576242923736572,0.02,2.3682861222130267,0.4824856147170067,1.1874708272516727,1.3946292623877525,1.5150939226150513
56,56,3.2831826210021973,3.527022123336792,0.02,2.4080992763905904,0.4874628335237503,1.1987508907914162,1.4177277833223343,1.4650629162788391
57,57,3.3904080390930176,3.3537204265594482,0.02,2.4436761579347697,0.47778935730457306,1.2104339972138405,1.4416283555328846,1.4145742356777191
58,58,3.3084933757781982,3.2929282188415527,0.02,2.4755143097737573,0.4753257483243942,1.225377719849348,1.4711398519575596,1.3735401034355164
59,59,3.2671241760253906,3.261345148086548,0.02,2.5041653569596005,0.4813489094376564,1.249036729335785,1.4965440407395363,1.393029123544693
60,60,3.2933475971221924,3.450815200805664,0.02,2.339083386313547,0.48457328230142593,1.273474756628275,1.5133934803307056,1.43010413646698
61,61,3.321157217025757,3.293607711791992,0.02,2.3702656113485743,0.48622725903987885,1.2906827591359615,1.5187382251024246,1.4692939519882202
62,62,3.283289670944214,3.326651096343994,0.02,2.3988639829223875,0.49177493155002594,1.299451056867838,1.5161982029676437,1.5106070935726166
63,63,3.245046377182007,3.3609697818756104,0.02,2.422763585567811,0.5021397173404694,1.313631184399128,1.5201121531426907,1.550273984670639
64,64,3.3595590591430664,3.241724967956543,0.02,2.4438488650079973,0.5018463954329491,1.3312525562942028,1.5283881165087223,1.5837743282318115
65,65,3.213019609451294,3.4201107025146484,0.02,2.274971724313533,0.4984721392393112,1.342092651873827,1.5382603034377098,1.5787052810192108
66,66,3.3379900455474854,3.3816864490509033,0.02,2.3132395045329948,0.4947674497961998,1.3521810844540596,1.5464954040944576,1.5772818624973297
67,67,3.331087112426758,3.3592331409454346,0.02,2.346434667206591,0.49542782455682755,1.3595339320600033,1.5533736161887646,1.549111694097519
68,68,3.2798097133636475,3.3763110637664795,0.02,2.374993431872979,0.4908200055360794,1.3667573928833008,1.5573691874742508,1.5300928056240082
69,69,3.2557015419006348,3.3180625438690186,0.02,2.400654507808302,0.49620961397886276,1.380073957145214,1.563091404736042,1.5620172321796417
70,70,3.2978811264038086,3.3704049587249756,0.02,2.424246106849421,0.5023295059800148,1.391236823052168,1.5660438276827335,1.593835562467575
71,71,3.238572835922241,3.3406565189361572,0.02,2.446949436083064,0.5120531618595123,1.3973716497421265,1.562699731439352,1.630249261856079
72,72,3.270104169845581,3.4013309478759766,0.02,2.4657647516064376,0.5146021991968155,1.4052619859576225,1.5614297203719616,1.6617501974105835
73,73,3.309863805770874,3.28598690032959,0.02,2.4848071246776775,0.5210615992546082,1.4039860926568508,1.5578984767198563,1.625273436307907
74,74,3.278770923614502,3.4560301303863525,0.02,2.501909773215341,0.5108585953712463,1.404877282679081,1.557508647441864,1.5863149166107178
75,75,3.281904458999634,3.2732796669006348,0.02,2.517754058980658,0.5093000084161758,1.3960254713892937,1.544467005878687,1.5626608431339264
76,76,3.331392526626587,3.4768993854522705,0.02,2.5320556294764143,0.5164282619953156,1.3873753733932972,1.5337433405220509,1.5423330068588257
77,77,3.48694109916687,3.3405110836029053,0.02,2.5453061135017996,0.510565847158432,1.3707121014595032,1.5128475800156593,1.526317149400711
78,78,3.3477044105529785,3.349764108657837,0.02,2.55512275629705,0.5163997858762741,1.3585709519684315,1.5001666136085987,1.4955570697784424
79,79,3.4928627014160156,3.4144818782806396,0.02,2.568137706639228,0.52353635430336,1.3362206369638443,1.4753047302365303,1.48383429646492
80,80,3.330702781677246,3.302058219909668,0.02,2.5753792411478935,0.5302678197622299,1.324978843331337,1.4550801552832127,1.5299014449119568
81,81,3.3760807514190674,3.5352461338043213,0.02,2.580413792462256,0.5355298966169357,1.3106931410729885,1.4317048490047455,1.5799698233604431
82,82,3.441075325012207,3.413850784301758,0.02,2.5880977800516916,0.5423763543367386,1.2970890030264854,1.4088287129998207,1.6365772783756256
83,83,3.272975444793701,3.2930243015289307,0.02,2.59480649664007,0.5423399358987808,1.2826351337134838,1.3856444582343102,1.6925082504749298
84,84,3.2422091960906982,3.3868424892425537,0.02,2.601887042670171,0.5412371605634689,1.2489366866648197,1.3452265821397305,1.6830924153327942
85,85,3.224179983139038,3.383127212524414,0.02,2.6051806559332507,0.5427254438400269,1.232003616169095,1.332643948495388,1.6439923644065857
86,86,3.255645751953125,3.2540950775146484,0.02,2.6100423367261474,0.5406389534473419,1.2091432958841324,1.3125382885336876,1.6017986536026
87,87,3.4013760089874268,3.292757987976074,0.02,2.6129091407417016,0.5427054315805435,1.1828882358968258,1.2768639661371708,1.6012593507766724
88,88,3.516005039215088,3.5091066360473633,0.02,2.61619366968124,0.5485049486160278,1.1687470749020576,1.2544730864465237,1.6431688964366913
89,89,3.399277925491333,3.283942461013794,0.02,2.6187529302806163,0.5517918765544891,1.155861059203744,1.2341479733586311,1.686073660850525
90,90,3.27103590965271,3.504368782043457,0.02,2.62123292660475,0.5519101321697235,1.1151956785470247,1.1889636665582657,1.6594327092170715
91,91,3.5518031120300293,3.3287758827209473,0.02,2.626089182256701,0.5510705560445786,1.077496562153101,1.1503288485109806,1.626766711473465
92,92,3.2181556224823,3.3298473358154297,0.02,2.629184320311902,0.5447072386741638,1.0392277296632528,1.1106615476310253,1.588078111410141
93,93,3.347254753112793,3.347127676010132,0.02,2.631817825660493,0.5548668652772903,0.999506464228034,1.0687032975256443,1.5619380176067352
94,94,3.324101686477661,3.3527746200561523,0.02,2.6342974885184303,0.5562467575073242,0.9589762967079878,1.025573007762432,1.5643843114376068
95,95,3.2569429874420166,3.313075304031372,0.02,2.638836481960975,0.5706695169210434,0.9199831448495388,0.987101336941123,1.5497432351112366
96,96,3.325136423110962,3.3365166187286377,0.02,2.6392900445887344,0.5751293450593948,0.8790270183235407,0.9437523018568754,1.5335221588611603
97,97,3.213747262954712,3.4064559936523438,0.02,2.640186232726274,0.5836277604103088,0.841415710747242,0.9051336795091629,1.5342211425304413
98,98,3.284480571746826,3.3956916332244873,0.02,2.642146936201339,0.5978426784276962,0.8049303982406855,0.854455042630434,1.5927696824073792
99,99,3.3612208366394043,3.3605995178222656,0.02,2.639777414230641,0.606298640370369,0.7883346434682608,0.8321294691413641,1.6706530153751373
100,100,3.382233142852783,3.318152904510498,0.02,2.64041033418516,0.6068593263626099,0.7573192436248064,0.7891657892614603,1.7119568586349487
101,101,3.215719699859619,3.36149525642395,0.02,2.642407615603198,0.611028864979744,0.7232498284429312,0.7527616526931524,1.7210466861724854
102,102,3.2761731147766113,3.3165481090545654,0.02,2.641832896363031,0.6024005264043808,0.6845821384340525,0.714167844504118,1.7126767039299011
103,103,3.1860897541046143,3.285736560821533,0.02,2.642614986242214,0.5995831340551376,0.6464213896542788,0.6738894023001194,1.7094306349754333
104,104,3.2003824710845947,3.3115522861480713,0.02,2.6425200786616863,0.6012304872274399,0.6097419029101729,0.6452177613973618,1.7120126485824585
105,105,3.24007248878479,3.218764305114746,0.02,2.6433081427523453,0.6133525967597961,0.5747285159304738,0.6316405106335878,1.707125872373581
106,106,3.2221131324768066,3.230745553970337,0.02,2.4439264703032886,0.6182500123977661,0.5390237830579281,0.6088256631046534,1.734175443649292
107,107,3.200169324874878,3.2548508644104004,0.02,2.4631439222348743,0.6225764453411102,0.5050382707268,0.6032034009695053,1.7250224947929382
108,108,3.2094321250915527,3.3034515380859375,0.02,2.4825975282134376,0.6291002035140991,0.47402989584952593,0.6031262585893273,1.7228102385997772
109,109,3.2381367683410645,3.2459871768951416,0.02,2.500017480938266,0.6273460239171982,0.4417517492547631,0.5887260073795915,1.7436808347702026
110,110,3.1640231609344482,3.2181904315948486,0.02,2.516038789632585,0.6331126838922501,0.41295234207063913,0.5851695584133267,1.747037023305893
111,111,3.229689121246338,3.1762166023254395,0.02,2.349224645838448,0.6321315765380859,0.389679791405797,0.5960056083276868,1.7810029089450836
112,112,3.1606948375701904,3.2307887077331543,0.02,2.1991165163473774,0.6325631588697433,0.3716322239488363,0.6110305096954107,1.838245004415512
113,113,3.195469617843628,3.2321221828460693,0.02,2.2434978939862793,0.6396162658929825,0.358654310926795,0.6279778489843011,1.882332593202591
114,114,3.182678461074829,3.12971830368042,0.02,2.2817522935834953,0.6439533978700638,0.34590642899274826,0.6417098040692508,1.929804503917694
115,115,3.2333831787109375,3.083909273147583,0.02,2.1384496484346247,0.6444325745105743,0.3407513443380594,0.6592301451601088,1.9378651678562164
116,116,3.1890368461608887,3.1793935298919678,0.02,2.0019628621063554,0.6447161883115768,0.34648205898702145,0.6917333230376244,1.9209071397781372
117,117,3.132101058959961,3.150937080383301,0.02,2.078412742233613,0.6499366760253906,0.3692883076146245,0.720075705088675,1.926575928926468
118,118,3.1519670486450195,3.2036542892456055,0.02,2.146736670997204,0.6483483016490936,0.3958927905187011,0.7464417964220047,1.9415855705738068
119,119,3.1562917232513428,3.099940061569214,0.02,2.2100566039858456,0.6531424075365067,0.4075238052755594,0.7920049857348204,1.8849515318870544
120,120,3.143150568008423,3.191567897796631,0.02,2.266174232360656,0.6550676226615906,0.43337306659668684,0.8102801544591784,1.9360522627830505
121,121,3.130246877670288,3.1336452960968018,0.02,2.31683361106189,0.6590312868356705,0.44959172513335943,0.831935191527009,1.9454869329929352
122,122,3.1323482990264893,3.1434121131896973,0.02,2.3613472458442892,0.6640131324529648,0.4594896659255028,0.843756896443665,1.956896960735321
123,123,3.1724228858947754,3.139667272567749,0.02,2.402698329979484,0.6679099798202515,0.4660043017938733,0.8480082424357533,1.9640189707279205
124,124,3.1568078994750977,3.182173013687134,0.02,2.4393356097588486,0.6702371537685394,0.47207479644566774,0.8248049896210432,1.9994925558567047
125,125,3.115412473678589,3.131352186203003,0.02,2.4721593599837233,0.6737083941698074,0.4632217437028885,0.8258648151531816,2.0129221081733704
126,126,3.1731770038604736,3.092562675476074,0.02,2.5010242468435395,0.6823343187570572,0.45292793307453394,0.8168414691463113,2.082675576210022
127,127,3.174018383026123,3.133854389190674,0.02,2.5280440071371784,0.6848200857639313,0.44179793260991573,0.8015919867902994,2.0311948359012604
128,128,3.0990984439849854,3.1623852252960205,0.02,2.552492099985083,0.6888442039489746,0.43317757081240416,0.8187867728993297,2.0992106795310974
129,129,3.1091084480285645,3.1663742065429688,0.02,2.574495383548197,0.6957812756299973,0.4511082209646702,0.789613748434931,2.131635546684265
130,130,3.091521739959717,3.0929336547851562,0.02,2.593867022534218,0.7007607072591782,0.4441886954009533,0.8133282172493637,2.171211302280426
131,131,3.132645606994629,3.116537094116211,0.02,2.610572098683719,0.7052214592695236,0.4562399946153164,0.779294646345079,2.1093116402626038
132,132,3.1779229640960693,3.1083767414093018,0.02,2.6261104643029984,0.7056391835212708,0.4613882405683398,0.801739679183811,2.233750283718109
133,133,3.042602777481079,3.075453996658325,0.02,2.641014003505105,0.7173832356929779,0.45814955374225974,0.8570348983630538,2.1979305744171143
134,134,3.10617995262146,3.2037832736968994,0.02,2.4523929070586257,0.7230285257101059,0.4776033088564873,0.7899144515395164,2.2380807399749756
135,135,3.0367679595947266,3.046018600463867,0.02,2.470632940491286,0.7284261733293533,0.49584971088916063,0.7531483098864555,2.163061559200287
136,136,3.054298162460327,3.0552735328674316,0.02,2.307377259549333,0.737639844417572,0.4828481115400791,0.8315252596512437,2.1908464431762695
137,137,3.0464954376220703,3.0562186241149902,0.02,2.3405676266441686,0.7377185225486755,0.4796218588016927,0.8726355442777276,2.1754013895988464
138,138,3.0553317070007324,3.0843160152435303,0.02,2.3724180167711006,0.7424811869859695,0.4890057644806802,0.8488632226362824,2.1794052720069885
139,139,3.1319329738616943,3.069911241531372,0.02,2.399159384957835,0.7454563528299332,0.49036029260605574,0.8049520263448358,2.1545557975769043
140,140,3.0756869316101074,3.107618808746338,0.02,2.4229654558900915,0.7519045770168304,0.4754555467516184,0.8105501690879464,2.104927957057953
141,141,3.0841546058654785,3.064082384109497,0.02,2.4441761754062754,0.7589553445577621,0.46224429924041033,0.8772550588473678,2.0998345613479614
142,142,3.091505527496338,3.0475077629089355,0.02,2.46511502497161,0.7648738026618958,0.4590862849727273,0.8701704097911716,2.168341279029846
143,143,3.0085272789001465,2.972292423248291,0.02,2.4814924853558953,0.7714725732803345,0.4718543142080307,0.8234796514734626,2.260856568813324
144,144,3.0533761978149414,3.0339467525482178,0.02,2.3179375079694373,0.7713386118412018,0.46456241654232144,0.8861442925408483,2.2666518688201904
145,145,3.064476490020752,2.947040319442749,0.02,2.3633763652330715,0.7802428305149078,0.4527728231623769,0.9408544423058629,2.219846785068512
146,146,3.0326743125915527,2.9961047172546387,0.02,2.202134254898134,0.78587706387043,0.46688880305737257,0.8720379211008549,2.2943511605262756
147,147,3.0395727157592773,2.946591854095459,0.02,2.241323411858584,0.7889975160360336,0.4631779221817851,0.8773653460666537,2.2403404712677
148,148,3.032518148422241,3.101574182510376,0.02,2.092520840726693,0.7918272167444229,0.4725563321262598,0.9038959993049502,2.2605055570602417
149,149,3.0819876194000244,2.905158519744873,0.02,2.1610814233578846,0.7948807179927826,0.4717552890069783,0.9628452304750681,2.211342990398407
150,150,3.08797287940979,3.059512138366699,0.02,2.0307691703029622,0.7998934537172318,0.4779968857765198,0.9409486213698983,2.2290852665901184
151,151,3.01404070854187,3.1046998500823975,0.02,2.1041680242782053,0.798052579164505,0.4813507804647088,0.9191715382039547,2.251489996910095
152,152,3.0297112464904785,2.9759883880615234,0.02,2.1703962881904,0.8009647727012634,0.48998707439750433,0.9507291987538338,2.276501953601837
153,153,2.97633957862854,2.9937448501586914,0.02,2.23162599712544,0.8016647547483444,0.4933237573131919,1.0060743829235435,2.2388744354248047
154,154,2.9772067070007324,3.0742905139923096,0.02,2.2858828206442796,0.805568054318428,0.5031348709017038,0.9893425554037094,2.273956000804901
155,155,3.0140154361724854,2.992339611053467,0.02,2.3344741325805964,0.8161075264215469,0.5007571494206786,0.9776161853224039,2.286609470844269
156,156,2.970299005508423,2.986863374710083,0.02,2.3797598151521404,0.8192764222621918,0.5258476054295897,0.9897800981998444,2.35401314496994
157,157,2.969567060470581,2.9785642623901367,0.02,2.418929200165031,0.816085010766983,0.5296860728412867,1.0489486884325743,2.3101500868797302
158,158,3.0361270904541016,3.0013375282287598,0.02,2.4544590218999187,0.8209346979856491,0.545507350936532,1.0514438040554523,2.3047847747802734
159,159,2.9974939823150635,2.9717209339141846,0.02,2.486577525645023,0.830212876200676,0.547524063847959,1.0222305171191692,2.3298913836479187
160,160,3.0142369270324707,3.0181491374969482,0.02,2.5146308547801706,0.8328871876001358,0.5482984809204936,1.0265453653410077,2.3174572587013245
161,161,2.9521920680999756,2.9800736904144287,0.02,2.5398458393841716,0.84133280813694,0.567400723695755,1.0373276341706514,2.351723790168762
162,162,3.006532669067383,2.933060884475708,0.02,2.5637959985820737,0.8508327156305313,0.5804860619828105,1.0553694562986493,2.3527050018310547
163,163,2.928283452987671,2.9342846870422363,0.02,2.5849331982121733,0.8492645174264908,0.5767446868121624,1.0493154330179095,2.3284566402435303
164,164,3.017204523086548,2.953233003616333,0.02,2.6027290053871748,0.8523936867713928,0.5634708376601338,1.0463973572477698,2.263313591480255
165,165,2.907769203186035,2.965113401412964,0.02,2.618620211659003,0.8618925362825394,0.5667031994089484,1.0584096042439342,2.292838394641876
166,166,2.923299551010132,2.913541555404663,0.02,2.6333262787133975,0.8605151921510696,0.5716693038120866,1.0773425083607435,2.3378841876983643
167,167,3.0135250091552734,2.988422393798828,0.02,2.64760900268955,0.8669445216655731,0.5587092386558652,1.1071666851639748,2.357706367969513
168,168,2.9323127269744873,2.9405713081359863,0.02,2.6603471920506445,0.8753356039524078,0.55924510397017,1.0984728261828423,2.3539592623710632
169,169,2.9648237228393555,2.982661247253418,0.02,2.6689634293292586,0.878276601433754,0.5712211858481169,1.1143537275493145,2.2778117060661316
170,170,2.951301097869873,2.935805082321167,0.02,2.6788695412978454,0.8819277584552765,0.5814436729997396,1.120795413851738,2.3076025247573853
171,171,2.9525206089019775,2.9711263179779053,0.02,2.6876859654523506,0.898574709892273,0.59467345289886,1.1038898108527064,2.4174365997314453
172,172,2.984797239303589,2.939771890640259,0.02,2.695233927745679,0.8970124125480652,0.5889507187530398,1.1024883855134249,2.33813613653183
173,173,2.9483482837677,2.994965076446533,0.02,2.702049043205871,0.8979810625314713,0.589614674448967,1.0881751915439963,2.274596631526947
174,174,2.9668984413146973,2.929795026779175,0.02,2.7077683925132843,0.9060868173837662,0.5859136087819934,1.0947373723611236,2.3513190746307373
175,175,2.953308582305908,2.987961769104004,0.02,2.7129979014675376,0.9080907702445984,0.5717504573985934,1.0898917112499475,2.389904260635376
176,176,2.885457754135132,2.940805435180664,0.02,2.7188777053215283,0.9123233556747437,0.5638439627364278,1.0718900356441736,2.360876202583313
177,177,2.9060401916503906,2.9336965084075928,0.02,2.7241375092864293,0.9136359393596649,0.5605263896286488,1.0814197193831205,2.2524837255477905
178,178,2.897059917449951,2.9451091289520264,0.02,2.7288967270266267,0.9205896407365799,0.5611043786630034,1.0888372417539358,2.3607435822486877
179,179,2.861832618713379,2.902750253677368,0.02,2.7326356217454584,0.9247747659683228,0.5673722280189395,1.0949704004451632,2.4775049686431885
180,180,2.904730796813965,2.9702377319335938,0.02,2.5248961116784203,0.9268918335437775,0.5603687036782503,1.0652628792449832,2.4262447357177734
181,181,2.8970818519592285,2.8897716999053955,0.02,2.5493455772502784,0.9275697469711304,0.5616938630118966,1.073246669024229,2.2808669209480286
182,182,2.8837132453918457,2.933544874191284,0.02,2.380020580977135,0.93088798224926,0.5631712600588799,1.0618402669206262,2.2485519647598267
183,183,2.8905105590820312,2.905432939529419,0.02,2.4180599129745817,0.9322454035282135,0.5592754809185863,1.0324632432311773,2.384721040725708
184,184,2.904459238052368,2.9221651554107666,0.02,2.4544665106459127,0.9366271793842316,0.5640699472278357,1.0029478212818503,2.3403717279434204
185,185,2.912125825881958,2.839569568634033,0.02,2.486721640731297,0.9386435449123383,0.5711626624688506,0.9842852372676134,2.3080525398254395
186,186,2.8826186656951904,2.9092068672180176,0.02,2.31389271806372,0.9372780323028564,0.5676581906154752,0.9552234718576074,2.3361955881118774
187,187,2.8777971267700195,2.889437198638916,0.02,2.346329457660916,0.9429393261671066,0.5686287647113204,0.9513801010325551,2.268066942691803
188,188,2.9671473503112793,2.9182043075561523,0.02,2.37599255307772,0.9453844130039215,0.5711162677034736,0.9398971544578671,2.296045422554016
189,189,2.8697333335876465,2.8717026710510254,0.02,2.4016682344795695,0.9471530765295029,0.5731124468147755,0.9187500141561031,2.391770660877228
190,190,2.889120578765869,2.8143725395202637,0.02,2.427053348411394,0.9482141882181168,0.5763286612927914,0.9288194896653295,2.2597880363464355
191,191,2.9075822830200195,2.882072925567627,0.02,2.260579576759432,0.9549088925123215,0.5823883954435587,0.9136212673038244,2.244376301765442
192,192,2.8639304637908936,2.928684711456299,0.02,2.3112216960353513,0.9620546698570251,0.5801047589629889,0.8827991727739573,2.3808512091636658
193,193,2.7916624546051025,2.9067888259887695,0.02,2.356849131643051,0.962743267416954,0.5749898180365562,0.8701165243983269,2.285540997982025
194,194,2.8758726119995117,2.8628451824188232,0.02,2.398902582074633,0.9617026150226593,0.5674700825475156,0.8533526798710227,2.347421407699585
195,195,2.893923282623291,2.77950382232666,0.02,2.435781745347116,0.9704421162605286,0.554921105504036,0.8578164987266064,2.191313624382019
196,196,2.884085178375244,2.806476593017578,0.02,2.276004824480686,0.9713809490203857,0.5539666046388447,0.8170203156769276,2.3410316109657288
197,197,2.902886152267456,2.894472599029541,0.02,2.313263811248245,0.9762652814388275,0.5593691989779472,0.8023556489497423,2.419803500175476
198,198,2.8872082233428955,2.7857601642608643,0.02,2.3461331113107273,0.9793015569448471,0.5610916069708765,0.7913581989705563,2.2443606853485107
199,199,2.8487963676452637,2.8389294147491455,0.02,2.375387835637376,0.9810403734445572,0.5629108375869691,0.7656256277114153,2.3742266297340393
200,200,2.7817482948303223,2.843470573425293,0.02,2.4024094043724955,0.9859501868486404,0.562209197320044,0.7709430633112788,2.2140761017799377
201,201,2.7897934913635254,2.7867724895477295,0.02,2.426414315591221,0.9883827120065689,0.557753702159971,0.7358012795448303,2.2350043058395386
202,202,2.8715388774871826,2.781832218170166,0.02,2.447583890088682,0.9922759681940079,0.5581623828038573,0.7528115548193455,2.0484328866004944
203,203,2.7814667224884033,2.851818323135376,0.02,2.4674552849245206,0.9865090996026993,0.564636486582458,0.7342516388744116,2.4268996119499207
204,204,2.9060661792755127,2.7976248264312744,0.02,2.484319855393983,0.9923433363437653,0.5706682493910193,0.7248485721647739,2.418684959411621
205,205,2.8865773677825928,2.8210525512695312,0.02,2.49911698757138,0.9986898899078369,0.5745312352664769,0.7477925354614854,2.211036443710327
206,206,2.8484935760498047,2.8098232746124268,0.02,2.511853096474925,1.0087257623672485,0.5726048648357391,0.7635467881336808,2.3335201144218445
207,207,2.8208260536193848,2.7993266582489014,0.02,2.5265312476725157,1.0055681318044662,0.5611448106355965,0.7673334907740355,2.4600481390953064
208,208,2.806105613708496,2.807781934738159,0.02,2.538684164784205,1.0039674639701843,0.5642415978945792,0.7836857317015529,2.4262876510620117
209,209,2.6865439414978027,2.8087470531463623,0.02,2.5480448660225807,1.0131275355815887,0.5601424742490053,0.8028625808656216,2.3098103404045105
210,210,2.772719144821167,2.7474119663238525,0.02,2.5579899931880403,1.0136809349060059,0.5668708388693631,0.7755756452679634,2.4534695744514465
211,211,2.7809817790985107,2.7206289768218994,0.02,2.377781924367612,1.0092676877975464,0.5661042742431164,0.756821796298027,2.542725682258606
212,212,2.801154375076294,2.7523510456085205,0.02,2.223353921990121,1.0203841030597687,0.5639787511900067,0.7719606766477227,2.3907716274261475
213,213,2.730759382247925,2.712815284729004,0.02,2.2636554314271864,1.0199384987354279,0.5568860690109432,0.7970863208174706,2.2608346939086914
214,214,2.7343246936798096,2.802238702774048,0.02,2.1211116369343097,1.0208761394023895,0.5461388775147498,0.7834695875644684,2.471997559070587
215,215,2.763814687728882,2.7413840293884277,0.02,2.1712186746372883,1.0337934494018555,0.5292278551496565,0.7645614938810468,2.603036880493164
216,216,2.8085546493530273,2.765007257461548,0.02,2.2163792610197115,1.0280058979988098,0.5163725721649826,0.7735944166779518,2.5416760444641113
217,217,2.739919424057007,2.7307088375091553,0.02,2.2577674474061245,1.0373956263065338,0.5078856130130589,0.7738178046420217,2.500906527042389
218,218,2.752984046936035,2.710210084915161,0.02,2.29672016936407,1.0357536971569061,0.5013355910778046,0.7851935131475329,2.470809757709503
219,219,2.7784740924835205,2.689375162124634,0.02,2.1423001944683144,1.039219230413437,0.49904336920008063,0.7569063417613506,2.613846778869629
220,220,2.687849760055542,2.7272586822509766,0.02,1.9946880774906781,1.0458860397338867,0.5033515472896397,0.776673823595047,2.612399697303772
221,221,2.67319655418396,2.811586856842041,0.02,2.0584952026934427,1.0492658615112305,0.5123784872703254,0.8017361415550113,2.4928483963012695
222,222,2.7363831996917725,2.8231658935546875,0.02,2.115333155992455,1.0487902760505676,0.5135555099695921,0.8048324678093195,2.5727322697639465
223,223,2.743898630142212,2.6967835426330566,0.02,2.1665488198013425,1.0530592203140259,0.5140279815532267,0.7783093499019742,2.599500834941864
224,224,2.6681835651397705,2.699341058731079,0.02,2.2159464950821732,1.0547004342079163,0.5132216489873827,0.7949528759345412,2.502770245075226
225,225,2.669595718383789,2.738553762435913,0.02,2.2570978482299684,1.0605665743350983,0.5052649485878646,0.7840709313750267,2.4974007606506348
226,226,2.7308640480041504,2.7197415828704834,0.02,2.2951430645795607,1.0636696219444275,0.49656329629942775,0.7988510690629482,2.483956277370453
227,227,2.7574684619903564,2.652134418487549,0.02,2.3286439331464215,1.0700148344039917,0.484657967928797,0.807204538024962,2.5196093916893005
228,228,2.66865873336792,2.748417854309082,0.02,2.1728322978219796,1.0758401453495026,0.47191615821793675,0.8066895436495543,2.4767221212387085
229,229,2.677000045776367,2.692631483078003,0.02,2.232230438929113,1.0731775760650635,0.4777978593483567,0.7831924147903919,2.573830723762512
230,230,2.735278606414795,2.685728073120117,0.02,2.285845094279861,1.0828887522220612,0.4762701294384897,0.7750322455540299,2.614429235458374
231,231,2.7210474014282227,2.6749818325042725,0.02,2.3341754123928093,1.0790648460388184,0.47609427059069276,0.7903648465871811,2.5958831906318665
232,232,2.6979315280914307,2.6917383670806885,0.02,2.376914304972879,1.0861766040325165,0.4802087740972638,0.8233099086210132,2.5522244572639465
233,233,2.74074125289917,2.6575706005096436,0.02,2.416308639137514,1.0906996130943298,0.4804696124047041,0.8197833932936192,2.5929826498031616
234,234,2.7647204399108887,2.693842649459839,0.02,2.45234187544691,1.0918790400028229,0.4751692065037787,0.7937593255192041,2.518422484397888
235,235,2.7170495986938477,2.6468420028686523,0.02,2.484329249694735,1.1023962795734406,0.4668102292343974,0.7870532926172018,2.5815075635910034
236,236,2.677219867706299,2.7315778732299805,0.02,2.3129885270722137,1.101104587316513,0.45382138527929783,0.8042115429416299,2.596462845802307
237,237,2.6967546939849854,2.694305181503296,0.02,2.3580292801610994,1.1061821281909943,0.4426232064142823,0.8321718107908964,2.499872326850891
238,238,2.6702449321746826,2.6858623027801514,0.02,2.400116691440092,1.1131115555763245,0.4428168833255768,0.8251644475385547,2.601763904094696
239,239,2.741251230239868,2.6865100860595703,0.02,2.4355006644770487,1.1101337671279907,0.4526562509126961,0.7998927617445588,2.6739614009857178
240,240,2.702489137649536,2.692744255065918,0.02,2.4701587370918783,1.1108476519584656,0.45214245934039354,0.7975084111094475,2.5403409600257874
241,241,2.755922555923462,2.6865925788879395,0.02,2.5002352492082074,1.117516815662384,0.44855279801413417,0.8282464584335685,2.502652883529663
242,242,2.623303174972534,2.7182652950286865,0.02,2.5273250792187008,1.1226722300052643,0.4553605215623975,0.8358317809179425,2.6987730264663696
243,243,2.7336111068725586,2.645577907562256,0.02,2.5516408220078732,1.1262736022472382,0.45701789297163486,0.8275873586535454,2.6467809677124023
244,244,2.675624370574951,2.7352638244628906,0.02,2.372705797343464,1.1226430833339691,0.4501397106796503,0.8250780366361141,2.4803138375282288
245,245,2.732078790664673,2.737340211868286,0.02,2.400442984964749,1.1322720646858215,0.44250690983608365,0.8186763050034642,2.5611228346824646
246,246,2.6503806114196777,2.671109437942505,0.02,2.424756989148944,1.132129579782486,0.4399250098504126,0.8240962279960513,2.758219540119171
247,247,2.71875,2.699927806854248,0.02,2.4507681032931217,1.1360299587249756,0.4357601278461516,0.8250275319442153,2.7400192618370056
248,248,2.6190478801727295,2.671666383743286,0.02,2.4696474222467972,1.1331460773944855,0.43210646603256464,0.8373469561338425,2.5947828888893127
249,249,2.7134854793548584,2.6906673908233643,0.02,2.487094229502095,1.1430210769176483,0.43835199484601617,0.8439888199791312,2.6816099286079407
250,250,2.6520118713378906,2.62756085395813,0.02,2.5040148098708186,1.1455361247062683,0.4407071149908006,0.8317539663985372,2.7774879336357117
251,251,2.608146905899048,2.5935933589935303,0.02,2.329086181865008,1.1449807584285736,0.4462700551375747,0.8443701947107911,2.6872544288635254
252,252,2.685351610183716,2.6620914936065674,0.02,2.1646403787205735,1.1475731432437897,0.44409814663231373,0.8390603149309754,2.529875099658966
253,253,2.6414358615875244,2.6494455337524414,0.02,2.2242155405649,1.1447409391403198,0.4380586836487055,0.8376890234649181,2.402568280696869
254,254,2.6766602993011475,2.769894599914551,0.02,2.278448953144253,1.1507628560066223,0.45003564236685634,0.8499562535434961,2.566444754600525
255,255,2.6527395248413086,2.6834568977355957,0.02,2.3284211617977673,1.1522268652915955,0.45774299651384354,0.8667709352448583,2.740413725376129
256,256,2.5381956100463867,2.588022232055664,0.02,2.372652672301787,1.1519335210323334,0.4574402621947229,0.8768815519288182,2.800714373588562
257,257,2.6044862270355225,2.677603244781494,0.02,2.221511567043899,1.1557722985744476,0.4517008778639138,0.86182298976928,2.7431703209877014
258,258,2.6518805027008057,2.685615301132202,0.02,2.2763391767483996,1.1556771099567413,0.44242294505238533,0.8364089978858829,2.619578003883362
259,259,2.72748064994812,2.6535658836364746,0.02,2.325762335682691,1.1534802317619324,0.4364318363368511,0.844271638430655,2.5655351281166077
260,260,2.622661828994751,2.6951904296875,0.02,2.3694840067075718,1.1592988073825836,0.44446085998788476,0.8736566044390202,2.634619355201721
261,261,2.657540798187256,2.6460251808166504,0.02,2.4095860631696624,1.1621442437171936,0.44894436188042164,0.8632769072428346,2.8288596272468567
262,262,2.625429630279541,2.5853660106658936,0.02,2.4458689025615645,1.165805995464325,0.4488702598027885,0.8899117857217789,2.7795881032943726
263,263,2.662925958633423,2.5846400260925293,0.02,2.2785864709376966,1.163692981004715,0.4526137951761484,0.9017688613384962,2.60477352142334
264,264,2.59259295463562,2.6110706329345703,0.02,2.135268233194916,1.1704167127609253,0.456463317386806,0.8838350242003798,2.73976731300354
265,265,2.587019681930542,2.6865804195404053,0.02,2.1878000714993955,1.16494619846344,0.4567902125418186,0.865879287943244,2.825931668281555
266,266,2.635028839111328,2.6548194885253906,0.02,2.2309184609696024,1.1689968407154083,0.446777799166739,0.8801261587068439,2.6764146089553833
267,267,2.6043877601623535,2.6967620849609375,0.02,2.2702119381593313,1.1704806089401245,0.4528208286501467,0.8895687758922577,2.6496151089668274
268,268,2.6721930503845215,2.6305127143859863,0.02,2.3092056642213357,1.175215631723404,0.4468424515798688,0.8733874065801501,2.780439555644989
269,269,2.586491584777832,2.5850629806518555,0.02,2.342305332273289,1.1748241484165192,0.4509239289909601,0.8703542603179812,2.872558295726776
270,270,2.6501073837280273,2.559140205383301,0.02,2.3706740322920377,1.176146686077118,0.4446359695866704,0.8979031248018146,2.699236035346985
271,271,2.574476480484009,2.5330777168273926,0.02,2.210377371110573,1.1783587336540222,0.44066801900044084,0.9144919170066714,2.6860817074775696
272,272,2.6343183517456055,2.619922161102295,0.02,2.074784447040492,1.175572544336319,0.4520818181335926,0.9006193447858095,2.8136333227157593
273,273,2.629748821258545,2.5605738162994385,0.02,2.145285163506745,1.1784377992153168,0.45290667843073606,0.8973968354985118,2.7196576595306396
274,274,2.5887162685394287,2.639178991317749,0.02,2.208240242514214,1.1793336868286133,0.4464445482008159,0.9086490767076612,2.7127081155776978
275,275,2.599714994430542,2.5989346504211426,0.02,2.265181193328226,1.1848246455192566,0.43744786316528916,0.8922533076256514,2.776117980480194
276,276,2.6091108322143555,2.6468758583068848,0.02,2.315722357166922,1.1863201260566711,0.44960987102240324,0.8942531356588006,2.6967483162879944
277,277,2.6368470191955566,2.564091920852661,0.02,2.36095698140374,1.187650978565216,0.461939156986773,0.9050062680616975,2.7043007612228394
278,278,2.5832602977752686,2.5941238403320312,0.02,2.40183012618847,1.1899074018001556,0.4637033478356898,0.9126381538808346,2.863380014896393
279,279,2.670564651489258,2.59144926071167,0.02,2.439387694593215,1.1905865669250488,0.4556040233001113,0.9304728452116251,2.856302320957184
280,280,2.630011558532715,2.594097375869751,0.02,2.472353833771982,1.1889495551586151,0.4479882628656924,0.9424566496163607,2.745230197906494
281,281,2.6190085411071777,2.52402400970459,0.02,2.501652461989927,1.1927033066749573,0.44912017323076725,0.9396879281848669,2.7467987537384033
282,282,2.6321215629577637,2.6442835330963135,0.02,2.332259143949688,1.1913112103939056,0.45043974416330457,0.9169774064794183,2.7748828530311584
283,283,2.64023494720459,2.678114414215088,0.02,2.3625235297948786,1.19641974568367,0.44428077759221196,0.9092094972729683,2.715837061405182
284,284,2.6323788166046143,2.562384605407715,0.02,2.3895321669256697,1.1951915919780731,0.442992125172168,0.9168499791994691,2.722406268119812
285,285,2.5757992267608643,2.5985116958618164,0.02,2.4153013661818554,1.2016368806362152,0.4404986225999892,0.9331695968285203,2.732644736766815
286,286,2.562352180480957,2.5568509101867676,0.02,2.436947575601446,1.2059513628482819,0.4338039793074131,0.9311718251556158,2.737777590751648
287,287,2.551077365875244,2.5995712280273438,0.02,2.4576523097637923,1.1994369328022003,0.43533438676968217,0.9207579167559743,2.7620385885238647
288,288,2.5659852027893066,2.6087236404418945,0.02,2.473190392613648,1.2040626108646393,0.4426294630393386,0.920985309407115,2.7898093461990356
289,289,2.580981731414795,2.5439298152923584,0.02,2.491749037905729,1.2058669328689575,0.4477788652293384,0.945577597245574,2.8108256459236145
290,290,2.593505859375,2.5496301651000977,0.02,2.506837048071404,1.2077737152576447,0.4453885960392654,0.9684878941625357,2.799377977848053
291,291,2.621866464614868,2.6384735107421875,0.02,2.5188259407133056,1.2118315994739532,0.4397622523829341,0.97008600179106,2.7192206382751465
292,292,2.6133484840393066,2.584196090698242,0.02,2.5309976496653075,1.207840472459793,0.4471604838036001,0.953906025737524,2.76769882440567
293,293,2.5502820014953613,2.59499192237854,0.02,2.54082459914224,1.2181589603424072,0.45202612318098545,0.9583273967728019,2.7372406721115112
294,294,2.6149330139160156,2.5656230449676514,0.02,2.5492670586666892,1.2179187536239624,0.4551163543947041,0.942173664458096,2.7945586442947388
295,295,2.6489157676696777,2.587000608444214,0.02,2.556204249286999,1.2153961956501007,0.45253568328917027,0.9544780170544982,2.835415840148926
296,296,2.5377357006073,2.6168549060821533,0.02,2.563400294910616,1.2100119292736053,0.4452410568483174,0.9441427616402507,2.866888999938965
297,297,2.6111674308776855,2.559431552886963,0.02,2.5709162926386244,1.2176868319511414,0.4401389923878014,0.9435671251267195,2.843865931034088
298,298,2.5465362071990967,2.5504133701324463,0.02,2.5756708204752012,1.2188287377357483,0.43342412868514657,0.92135173920542,2.7896894812583923
299,299,2.5861265659332275,2.6734619140625,0.02,2.584495512011553,1.224916696548462,0.43171493243426085,0.9396582515910268,2.7752988934516907
300,300,2.6041061878204346,2.5934762954711914,0.02,2.5906626605632392,1.2271482646465302,0.43195278057828546,0.9564608624204993,2.7690871357917786
301,301,2.522066831588745,2.5200552940368652,0.02,2.594557889719456,1.2250872254371643,0.4369523818604648,0.9727548453956842,2.7627553939819336
302,302,2.5570054054260254,2.6686484813690186,0.02,2.419819978458972,1.2258194088935852,0.4469612487591803,0.9825218413025141,2.8223719596862793
303,303,2.5047378540039062,2.5218746662139893,0.02,2.454828876690098,1.2262196242809296,0.4470396707765758,0.9668083619326353,2.7520293593406677
304,304,2.5703623294830322,2.575413703918457,0.02,2.486842865077783,1.2253407537937164,0.4499076339416206,0.9749518390744925,2.7723270654678345
305,305,2.5823605060577393,2.581372022628784,0.02,2.5148828671225147,1.2258319556713104,0.4495960040949285,0.9665684448555112,2.8180705904960632
306,306,2.6110498905181885,2.566185474395752,0.02,2.540107863164513,1.227584183216095,0.4511426077224314,0.9803132591769099,2.791569411754608
307,307,2.551318407058716,2.582263231277466,0.02,2.562649774584834,1.2270918190479279,0.44515535794198513,0.9861027887091041,2.650295913219452
308,308,2.576028823852539,2.606140613555908,0.02,2.5825489039368965,1.2235106229782104,0.44318963307887316,0.9728034669533372,2.6348884105682373
309,309,2.579345941543579,2.493002414703369,0.02,2.601220965152677,1.2315312922000885,0.44227153714746237,0.9674955001100898,2.8244044184684753
310,310,2.6016602516174316,2.5744736194610596,0.02,2.4189588906712083,1.2358777225017548,0.43751742457970977,0.9634527303278446,2.969776213169098
311,311,2.588404655456543,2.5265815258026123,0.02,2.4537663798883766,1.2325343191623688,0.43022783659398556,0.9735401701182127,2.851807713508606
312,312,2.5479371547698975,2.616553783416748,0.02,2.4856289781435112,1.235865205526352,0.43207732401788235,1.0009477799758315,2.760953187942505
313,313,2.582287311553955,2.5836541652679443,0.02,2.5137617556269913,1.2341521084308624,0.4410498049110174,0.9884610269218683,2.8746635913848877
314,314,2.569854736328125,2.5159480571746826,0.02,2.538909700018486,1.235810786485672,0.44512915425002575,0.9732688572257757,2.876709818840027
315,315,2.5970613956451416,2.6378796100616455,0.02,2.562299952116569,1.2351244688034058,0.4396298988722265,0.9994884431362152,2.8157302737236023
316,316,2.557676076889038,2.546674966812134,0.02,2.583534740116007,1.232100784778595,0.4408269999548793,0.9879644801840186,2.837859272956848
317,317,2.53314471244812,2.531473398208618,0.02,2.602377424820705,1.2343520522117615,0.45343624614179134,0.9792749062180519,2.8806616067886353
318,318,2.5253612995147705,2.62898325920105,0.02,2.6191879330496772,1.2443066835403442,0.4498441182076931,0.9887071400880814,2.796070396900177
319,319,2.5744504928588867,2.6401569843292236,0.02,2.6346277375095686,1.2465945482254028,0.4373309379443526,0.9884561570361257,2.680607497692108
320,320,2.5591650009155273,2.5648252964019775,0.02,2.647946496577629,1.2411010265350342,0.425918594468385,1.0008455086499453,2.6822954416275024
321,321,2.5914838314056396,2.5219085216522217,0.02,2.6597529205166524,1.246013194322586,0.42501070257276297,0.9983134437352419,2.8413649797439575
322,322,2.6368725299835205,2.7957282066345215,0.02,2.6702369207385357,1.246966004371643,0.4358896850608289,0.9888609312474728,2.989842653274536
323,323,2.565960645675659,2.5714848041534424,0.02,2.678913339416884,1.2479920089244843,0.44132170313969254,0.9642572728917003,2.9454081654548645
324,324,2.561429500579834,2.576324939727783,0.02,2.6875021711410483,1.2492393553256989,0.43489542230963707,0.9642974715679884,2.8234810829162598
325,325,2.5502195358276367,2.6240243911743164,0.02,2.6929007648380363,1.2558526992797852,0.4309591380879283,0.9826475773006678,2.672282576560974
326,326,2.5371222496032715,2.5147571563720703,0.02,2.6978081182212432,1.2501136362552643,0.430920188780874,0.988300153054297,2.807938575744629
327,327,2.688037157058716,2.534097194671631,0.02,2.704660273339792,1.2513513565063477,0.43786844285205007,0.9937337702140212,2.911120057106018
328,328,2.5792646408081055,2.512338638305664,0.02,2.711873860666233,1.2523661255836487,0.4424323793500662,0.9714394919574261,2.9611658453941345
329,329,2.562405586242676,2.495497941970825,0.02,2.7177391381894065,1.2520211040973663,0.4420948028564453,0.9807874346151948,2.8352814316749573
330,330,2.6063473224639893,2.5380895137786865,0.02,2.723476489285248,1.2536784410476685,0.4400251768529415,0.9749247124418616,2.6999701261520386
331,331,2.5299813747406006,2.485687255859375,0.02,2.7280668147679816,1.253204494714737,0.43779485020786524,0.979746070690453,2.7032439708709717
332,332,2.4910213947296143,2.4628422260284424,0.02,2.5236596809172585,1.2580475807189941,0.4359547011554241,0.9869846254587173,2.782845616340637
333,333,2.5544850826263428,2.643977403640747,0.02,2.3570007182152986,1.2552289366722107,0.4380983915179968,1.0014790603891015,2.859432637691498
334,334,2.598963499069214,2.5745792388916016,0.02,2.3984415970895148,1.2574301958084106,0.44001480424776673,1.00883212313056,2.8807658553123474
335,335,2.5551910400390625,2.5013301372528076,0.02,2.4354009935319314,1.2601401507854462,0.4394775270484388,0.9991149483248591,2.87527197599411
336,336,2.540623664855957,2.6060776710510254,0.02,2.468178550404298,1.2620775401592255,0.43379690404981375,0.9870181391015649,2.768854081630707
337,337,2.5275285243988037,2.512157917022705,0.02,2.4964601546549794,1.2586750984191895,0.43739388789981604,0.9732305044308305,2.802746057510376
338,338,2.5812299251556396,2.6095991134643555,0.02,2.523926390404526,1.2586815357208252,0.43577605579048395,0.9875865457579494,2.8217461705207825
339,339,2.5480048656463623,2.572165012359619,0.02,2.5484287418098686,1.2634034752845764,0.433791171759367,0.9953654995188117,2.8035500049591064
340,340,2.5053164958953857,2.570702075958252,0.02,2.570948888164648,1.2641684114933014,0.43332701083272696,1.003473374992609,2.8269577026367188
341,341,2.5217084884643555,2.5927693843841553,0.02,2.5906531505527046,1.2665862441062927,0.42933240020647645,1.004832767881453,2.7537737488746643
342,342,2.515070676803589,2.5749378204345703,0.02,2.6080987676977645,1.26844522356987,0.42740558879449964,1.010002321563661,2.7967283129692078
343,343,2.522976875305176,2.5495378971099854,0.02,2.6238734708530727,1.2694971561431885,0.42635826393961906,1.0080278916284442,2.746119797229767
344,344,2.5076065063476562,2.5977890491485596,0.02,2.637266009489981,1.2644897997379303,0.4301776299253106,1.0013805041089654,2.7760231494903564
345,345,2.5374855995178223,2.592142343521118,0.02,2.649713381252473,1.2625213861465454,0.4297005319967866,1.0037946607917547,2.7893269062042236
346,346,2.6228830814361572,2.559192657470703,0.02,2.661349714743507,1.2612639665603638,0.4315159027464688,0.9931045770645142,2.824554979801178
347,347,2.5442347526550293,2.491976022720337,0.02,2.671184963843008,1.2701312899589539,0.4347310783341527,0.9941692240536213,2.784294068813324
348,348,2.5576162338256836,2.598935604095459,0.02,2.681592122723845,1.2654360830783844,0.4351622178219259,0.9957376988604665,2.872368097305298
349,349,2.5288901329040527,2.580937623977661,0.02,2.6902783205913843,1.272299349308014,0.43097043689340353,1.0218950416892767,2.822132706642151
350,350,2.5075948238372803,2.5285439491271973,0.02,2.69810471165104,1.2650215029716492,0.43446627212688327,1.031056354753673,2.7943952679634094
351,351,2.509317636489868,2.522740364074707,0.02,2.7046865394817323,1.2712756097316742,0.4366344171576202,1.0308820437639952,2.760776460170746
352,352,2.5677437782287598,2.578752279281616,0.02,2.710348015191191,1.265182912349701,0.4389988970942795,1.0301754707470536,2.887961685657501
353,353,2.561580181121826,2.549203395843506,0.02,2.71626772393143,1.2687335312366486,0.4357584132812917,1.0358789889141917,2.9189669489860535
354,354,2.5326576232910156,2.5428807735443115,0.02,2.7222319356163065,1.2637835144996643,0.43171278527006507,1.0286420183256269,2.9030421376228333
355,355,2.547710418701172,2.5618972778320312,0.02,2.7269610474201946,1.2650411427021027,0.43123992858454585,1.020248611457646,2.8970190286636353
356,356,2.553258180618286,2.47572922706604,0.02,2.7306605356661895,1.2669053077697754,0.43315934436395764,1.0250465534627438,2.9630138278007507
357,357,2.557753324508667,2.590296983718872,0.02,2.7338858034427376,1.2652899622917175,0.42718988191336393,1.0389100536704063,2.863099455833435
358,358,2.460371732711792,2.561734199523926,0.02,2.736463065208107,1.270948201417923,0.42216551257297397,1.0447752363979816,2.7671326398849487
359,359,2.5132806301116943,2.541627883911133,0.02,2.7388461021293407,1.2705649435520172,0.42327967984601855,1.0522851487621665,2.8663042187690735
360,360,2.5028889179229736,2.6189756393432617,0.02,2.7408748032904127,1.2781855762004852,0.431584226898849,1.046368319541216,2.9889832735061646
361,361,2.47475004196167,2.5272178649902344,0.02,2.743043538935558,1.2782779037952423,0.436299005523324,1.0316982418298721,2.9477599263191223
362,362,2.556112289428711,2.511403799057007,0.02,2.7460690382336783,1.2726147770881653,0.4377780118957162,1.042099212296307,2.89549857378006
363,363,2.450324535369873,2.4975030422210693,0.02,2.7489047889491176,1.2738637328147888,0.42922502057626843,1.0337451826781034,2.863083004951477
364,364,2.5434789657592773,2.5350723266601562,0.02,2.7508343860049767,1.2772769331932068,0.4345922050997615,1.0370556693524122,2.9017698764801025
365,365,2.480044364929199,2.538835048675537,0.02,2.75195123263173,1.2720002830028534,0.4422047147527337,1.0418245773762465,2.970320701599121
366,366,2.535332679748535,2.6225478649139404,0.02,2.75299258249274,1.279486894607544,0.44033113215118647,1.013140320777893,2.880712151527405
367,367,2.5660321712493896,2.540098190307617,0.02,2.753882645313184,1.2685015499591827,0.43691537994891405,1.0178707037121058,2.8340762853622437
368,368,2.567563056945801,2.5511245727539062,0.02,2.7563447687490665,1.2832559943199158,0.4340786663815379,1.016855649650097,2.68681800365448
369,369,2.488736152648926,2.530853271484375,0.02,2.75798930387516,1.2808553576469421,0.4314757874235511,1.0274055330082774,2.782812774181366
370,370,2.6649229526519775,2.517667531967163,0.02,2.758971906306661,1.2802840769290924,0.42269157292321324,1.0340239312499762,2.8556986451148987
371,371,2.475447654724121,2.5095396041870117,0.02,2.75956037486371,1.280493676662445,0.4170406311750412,1.053497520275414,2.8232302069664
372,372,2.5639662742614746,2.518247365951538,0.02,2.759529685278473,1.282022774219513,0.41280614491552114,1.029895719140768,2.769577205181122
373,373,2.51777982711792,2.5146484375,0.02,2.761037073944873,1.281894564628601,0.4184674615971744,1.0433507459238172,2.856729567050934
374,374,2.583146572113037,2.514674425125122,0.02,2.761982720467938,1.2816244959831238,0.42349226912483573,1.0207754550501704,2.9181711077690125
375,375,2.4354844093322754,2.4816386699676514,0.02,2.76260892998478,1.2877286970615387,0.4200852192007005,1.0311747202649713,2.875853419303894
376,376,2.5283563137054443,2.4923343658447266,0.02,2.7627897541107482,1.2779803574085236,0.41431159200146794,1.0607722774147987,2.9101495146751404
377,377,2.5754048824310303,2.527214288711548,0.02,2.7616265550072905,1.2810851037502289,0.40607279632240534,1.0791654838249087,2.9425979256629944
378,378,2.426579713821411,2.6013879776000977,0.02,2.75936340367286,1.2923780381679535,0.40577680384740233,1.0690216086804867,2.952577233314514
379,379,2.492649555206299,2.4994943141937256,0.02,2.7560280485004385,1.2891288995742798,0.41527281049638987,1.0681444415822625,2.8807592391967773
380,380,2.496105670928955,2.5499823093414307,0.02,2.7538156749399687,1.2844897508621216,0.41698845522478223,1.0667665004730225,2.8536553978919983
381,381,2.533010959625244,2.5034451484680176,0.02,2.7534172281426637,1.2872049510478973,0.41965154046192765,1.0588187780231237,2.8571061491966248
382,382,2.5434138774871826,2.5213780403137207,0.02,2.7539483379076293,1.2765571475028992,0.42242942610755563,1.0608035838231444,2.8400275111198425
383,383,2.4529201984405518,2.5648436546325684,0.02,2.754623372299735,1.2836666107177734,0.41950736241415143,1.0654251594096422,2.865916430950165
384,384,2.5221145153045654,2.6028151512145996,0.02,2.754995587827159,1.2813546657562256,0.41634400002658367,1.0696310074999928,2.947483539581299
385,385,2.5152547359466553,2.537142753601074,0.02,2.755485954426701,1.293020486831665,0.4089540229178965,1.0831692116335034,2.98358416557312
386,386,2.4783873558044434,2.509918689727783,0.02,2.756142030118041,1.285588413476944,0.4039898565970361,1.0895700100809336,2.9770606756210327
387,387,2.503950357437134,2.546194553375244,0.02,2.756168955928108,1.2819235920906067,0.4040616904385388,1.1111029665917158,2.9698150753974915
388,388,2.565333843231201,2.5621891021728516,0.02,2.7564402078183745,1.2916539311408997,0.4093442717567086,1.106231008656323,2.933014154434204
389,389,2.524868965148926,2.595855712890625,0.02,2.756828815825154,1.2931313514709473,0.41694631706923246,1.1064806832000613,2.934574782848358
390,390,2.496509075164795,2.491410732269287,0.02,2.756836212920264,1.2912698090076447,0.41935952845960855,1.0900172460824251,2.847516655921936
391,391,2.6024329662323,2.5743966102600098,0.02,2.7570188611977375,1.288832813501358,0.4168264288455248,1.0948283588513732,2.8305631279945374
392,392,2.509977340698242,2.569833755493164,0.02,2.75550035766871,1.2908860445022583,0.41016964334994555,1.103372917510569,2.8999236822128296
393,393,2.5269253253936768,2.483506917953491,0.02,2.7531507406796787,1.2961158454418182,0.4082969534210861,1.1057217298075557,2.8758933544158936
394,394,2.5517079830169678,2.530863046646118,0.02,2.7483392075313398,1.2961052358150482,0.4088473226875067,1.0793311093002558,2.8126397132873535
395,395,2.4650094509124756,2.511308193206787,0.02,2.745580729347705,1.2917212843894958,0.41273752180859447,1.078733630478382,2.8395254611968994
396,396,2.4811744689941406,2.511967897415161,0.02,2.7430076929223004,1.2931394577026367,0.4086938868276775,1.0711813000962138,2.882466495037079
397,397,2.507763147354126,2.449954032897949,0.02,2.7422123494796318,1.2971993386745453,0.4035481051541865,1.07891664840281,2.894941031932831
398,398,2.5002946853637695,2.5384671688079834,0.02,2.5405847441183074,1.2956555783748627,0.4078410086221993,1.0859439875930548,2.9499199986457825
399,399,2.476029396057129,2.5797040462493896,0.02,2.55811317212826,1.2968754768371582,0.41453328914940357,1.0955435708165169,3.0156410932540894
400,400,2.431715488433838,2.496859073638916,0.02,2.574239053712057,1.291035234928131,0.4149428103119135,1.0731956949457526,3.0101383924484253
401,401,2.5103464126586914,2.616166591644287,0.02,2.5901669116088537,1.2948824763298035,0.4103211364708841,1.0847403025254607,2.8505609035491943
402,402,2.5062825679779053,2.5349998474121094,0.02,2.6068984092172247,1.2958885431289673,0.40739535028114915,1.0986894872039557,2.8556859493255615
403,403,2.4919118881225586,2.4875566959381104,0.02,2.622663466572273,1.2964732944965363,0.4098025234416127,1.1023308038711548,2.950551450252533
404,404,2.543242931365967,2.6072912216186523,0.02,2.6368311486144123,1.2968322038650513,0.4127343576401472,1.0900108721107244,2.96947705745697
405,405,2.4991204738616943,2.578852653503418,0.02,2.6492836430310533,1.2980736196041107,0.41031993133947253,1.0776244224980474,2.883893072605133
406,406,2.503753900527954,2.5034003257751465,0.02,2.660509520342413,1.3066767156124115,0.4016124508343637,1.0867899358272552,2.7817413210868835
407,407,2.5035736560821533,2.5277645587921143,0.02,2.6701007891586657,1.2991698682308197,0.3954602819867432,1.092773056589067,2.860231876373291
408,408,2.5366733074188232,2.6546316146850586,0.02,2.6793337640034345,1.2946939766407013,0.3973257802426815,1.1111228112131357,2.980470597743988
409,409,2.475841522216797,2.530256748199463,0.02,2.687608348258582,1.2977538406848907,0.4018460758961737,1.1128223650157452,3.0116917490959167
410,410,2.4954264163970947,2.4499998092651367,0.02,2.696356564579907,1.2960121929645538,0.4028120543807745,1.091402668505907,3.013974368572235
411,411,2.556718111038208,2.525176763534546,0.02,2.7042487774195734,1.2911917567253113,0.4024862111546099,1.0944304345175624,2.959946393966675
412,412,2.4489710330963135,2.533223867416382,0.02,2.710411778179677,1.3021120429039001,0.39953618543222547,1.0805659154430032,2.841044068336487
413,413,2.5032010078430176,2.5265917778015137,0.02,2.715807924048028,1.294996201992035,0.4017455726861954,1.0825993660837412,2.9199949502944946
414,414,2.505789041519165,2.5325849056243896,0.02,2.7203638368714955,1.2975830137729645,0.39886067900806665,1.0737346392124891,2.988626539707184
415,415,2.5716922283172607,2.625077486038208,0.02,2.72544080811566,1.2917615175247192,0.3890487439930439,1.0839789416640997,2.9557632207870483
416,416,2.518291473388672,2.498918294906616,0.02,2.730751553740444,1.2952663600444794,0.3813156262040138,1.0811617225408554,2.8596339225769043
417,417,2.536344051361084,2.4998815059661865,0.02,2.734609963551644,1.294413149356842,0.3805914930999279,1.0751501740887761,2.871283710002899
418,418,2.514360189437866,2.491403579711914,0.02,2.7374951585437657,1.2948064804077148,0.3859134283848107,1.0770874498412013,2.99658203125
419,419,2.4604108333587646,2.493134021759033,0.02,2.7398319432112612,1.2933151125907898,0.3943214784376323,1.080133710987866,3.0357550382614136
420,420,2.4527392387390137,2.5474414825439453,0.02,2.742888174265385,1.287409484386444,0.3969079591333866,1.1027192007750273,2.9818172454833984
421,421,2.5094213485717773,2.5201210975646973,0.02,2.7465785180091484,1.296044021844864,0.39097825484350324,1.111532686278224,2.8803096413612366
422,422,2.5068838596343994,2.582552671432495,0.02,2.7486405523363846,1.2998611629009247,0.3901303461752832,1.1020732400938869,2.8801522850990295
423,423,2.5253615379333496,2.5035767555236816,0.02,2.7500458765448292,1.296431988477707,0.39138401858508587,1.1258243788033724,2.989580810070038
424,424,2.49910044670105,2.46122145652771,0.02,2.751519257208579,1.2975261807441711,0.397489994764328,1.1058691702783108,3.0219379663467407
425,425,2.5526998043060303,2.4638278484344482,0.02,2.753157673219127,1.29702490568161,0.4004470594227314,1.101671814918518,2.9783241748809814
426,426,2.5063700675964355,2.512500047683716,0.02,2.7551474414109087,1.306874930858612,0.39684214163571596,1.1029120851308107,2.8603917956352234
427,427,2.547985792160034,2.5441019535064697,0.02,2.756414230088835,1.2957600951194763,0.3966540703549981,1.1191197372972965,2.8612207770347595
428,428,2.502464532852173,2.523010492324829,0.02,2.757434374306691,1.3044205009937286,0.3961931332014501,1.1176727078855038,2.829184412956238
429,429,2.4923622608184814,2.462437152862549,0.02,2.7586807302120424,1.2943417727947235,0.3973468691110611,1.1224936274811625,2.912995755672455
430,430,2.5165951251983643,2.511136054992676,0.02,2.761026358658434,1.2888028919696808,0.40165018662810326,1.1309476997703314,3.003208875656128
431,431,2.530722141265869,2.528658390045166,0.02,2.7621497029866964,1.2926920652389526,0.39822128182277083,1.1031272048130631,3.0516369342803955
432,432,2.5192453861236572,2.4781579971313477,0.02,2.7625996003283264,1.3036727905273438,0.3950629001483321,1.087594705633819,3.017482578754425
433,433,2.488739252090454,2.551445960998535,0.02,2.7626309616386604,1.2956799864768982,0.3923984938301146,1.1133133256807923,2.9355419278144836
434,434,2.461603879928589,2.5338006019592285,0.02,2.76490122222487,1.2938325107097626,0.38981185806915164,1.1117003913968801,2.9651121497154236
435,435,2.5109992027282715,2.514129400253296,0.02,2.765806189846033,1.2980618476867676,0.39195097237825394,1.1134199183434248,2.9790133833885193
436,436,2.479001522064209,2.4908454418182373,0.02,2.7612010384818384,1.291961520910263,0.3928604479879141,1.1295170653611422,3.0476802587509155
437,437,2.487600803375244,2.4601099491119385,0.02,2.7612373684530054,1.297971397638321,0.39100939547643065,1.1264173295348883,2.976855158805847
438,438,2.5657286643981934,2.496535062789917,0.02,2.7620240506596474,1.294569045305252,0.38778722612187266,1.1175590977072716,2.9216031432151794
439,439,2.548574209213257,2.4612114429473877,0.02,2.763598819287009,1.293599784374237,0.3922291868366301,1.1127942763268948,2.891293227672577
440,440,2.5350699424743652,2.5898866653442383,0.02,2.7642563018537665,1.290094017982483,0.3935906318947673,1.1161292381584644,2.95211261510849
441,441,2.443702459335327,2.5071635246276855,0.02,2.763931215133148,1.3006069660186768,0.39298456255346537,1.1101513337343931,2.9531458616256714
442,442,2.4271984100341797,2.491471767425537,0.02,2.764217263962205,1.2903314530849457,0.39181023091077805,1.1276705898344517,2.9370537996292114
443,443,2.4996869564056396,2.518085479736328,0.02,2.7648691642497814,1.2935740649700165,0.39211447816342115,1.1261420529335737,2.829377830028534
444,444,2.562351703643799,2.5299196243286133,0.02,2.7666226519331585,1.2964504063129425,0.3967325915582478,1.1124781528487802,2.835059702396393
445,445,2.511005401611328,2.56341290473938,0.02,2.7669832661258567,1.299367755651474,0.39669433888047934,1.1076937103644013,2.9033164381980896
446,446,2.523500442504883,2.63850736618042,0.02,2.7670004233571377,1.3004507720470428,0.3961359513923526,1.104640444740653,2.850984573364258
447,447,2.5076098442077637,2.546053886413574,0.02,2.7678459638510557,1.2971855700016022,0.3931677620857954,1.1137414015829563,2.885008215904236
448,448,2.551975727081299,2.494241952896118,0.02,2.767362563801738,1.2917647659778595,0.3962140157818794,1.1143274866044521,2.9581337571144104
449,449,2.5001158714294434,2.5157086849212646,0.02,2.7679594769906886,1.298488050699234,0.39507846301421523,1.1216752883046865,3.0074877738952637
450,450,2.4601452350616455,2.553378105163574,0.02,2.76809048090109,1.2940860390663147,0.3966274354606867,1.1277138944715261,2.94643235206604
451,451,2.4582765102386475,2.553102731704712,0.02,2.7681962603519152,1.2984973192214966,0.3967659082263708,1.1257958058267832,2.959222435951233
452,452,2.4974887371063232,2.5426862239837646,0.02,2.7684877818242906,1.2929935455322266,0.39856379199773073,1.1337996497750282,3.098580479621887
453,453,2.4884414672851562,2.5483386516571045,0.02,2.7682950703543154,1.2994173169136047,0.396176646463573,1.1387217557057738,3.101405680179596
454,454,2.4639785289764404,2.5415761470794678,0.02,2.7679259541134518,1.307275265455246,0.3915468123741448,1.135993940755725,3.061362624168396
455,455,2.5019850730895996,2.5755348205566406,0.02,2.7670007220848762,1.291986882686615,0.3934366493485868,1.151129039004445,3.1151021122932434
456,456,2.463315010070801,2.4795548915863037,0.02,2.7664340672801933,1.2922461330890656,0.39216771721839905,1.145694361999631,3.0807414054870605
457,457,2.5137789249420166,2.5742311477661133,0.02,2.7659449021666394,1.296930193901062,0.3856409532018006,1.1457844786345959,2.976572573184967
458,458,2.465989589691162,2.5388450622558594,0.02,2.765642830479687,1.300506830215454,0.3814947693608701,1.149661896750331,2.9544371962547302
459,459,2.4961719512939453,2.532719850540161,0.02,2.7647917687076395,1.295048475265503,0.38278632517904043,1.158606754615903,3.0549699664115906
460,460,2.456409454345703,2.4909961223602295,0.02,2.7659755839522697,1.300746887922287,0.3837079368531704,1.1726753171533346,3.128328561782837
461,461,2.4850077629089355,2.535151720046997,0.02,2.766172771954912,1.298578143119812,0.3799889078363776,1.1690522693097591,3.1007564067840576
462,462,2.44296932220459,2.500640869140625,0.02,2.7663535447491365,1.3001002967357635,0.3724394650198519,1.1587917562574148,3.0047194957733154
463,463,2.4660019874572754,2.5154378414154053,0.02,2.7661522189735894,1.2988492846488953,0.37278878362849355,1.1535528134554625,2.9285096526145935
464,464,2.5393521785736084,2.474080801010132,0.02,2.7654142051687725,1.3020565807819366,0.37561985570937395,1.1422406882047653,3.0007147192955017
465,465,2.4950296878814697,2.6571786403656006,0.02,2.764966754268104,1.2948779165744781,0.380283675622195,1.1469401884824038,3.0883710384368896
466,466,2.420990467071533,2.5097239017486572,0.02,2.764245592136766,1.2962157428264618,0.3774525411427021,1.1502292342483997,3.065575659275055
467,467,2.4561922550201416,2.44831919670105,0.02,2.7650624786319584,1.2924408912658691,0.37253072392195463,1.149510182440281,2.960469961166382
468,468,2.474991798400879,2.4801599979400635,0.02,2.574652257133007,1.2999464869499207,0.3725991868413985,1.1446016235277057,2.91813462972641
469,469,2.4983227252960205,2.6081767082214355,0.02,2.594067696842018,1.296822875738144,0.37639266392216086,1.1354536898434162,2.961881995201111
470,470,2.47268009185791,2.506082057952881,0.02,2.611279596172789,1.2949300110340118,0.37847501412034035,1.1359691880643368,2.9967174530029297
471,471,2.476978302001953,2.5347907543182373,0.02,2.6274980724276262,1.2969394624233246,0.3804744500666857,1.1340533532202244,3.039178788661957
472,472,2.5625698566436768,2.511198043823242,0.02,2.641822995277274,1.2943956553936005,0.3825286221690476,1.1451815105974674,3.0779499411582947
473,473,2.4641759395599365,2.494856834411621,0.02,2.655099946461644,1.2959283590316772,0.3824493340216577,1.1465156897902489,3.0460601449012756
474,474,2.4516584873199463,2.4861884117126465,0.02,2.666199822841544,1.3001199662685394,0.3782868133857846,1.1475931964814663,2.97300922870636
475,475,2.4878809452056885,2.463412284851074,0.02,2.676821286266258,1.2958983480930328,0.37391834799200296,1.1633831411600113,2.9863601326942444
476,476,2.5178141593933105,2.46681809425354,0.02,2.6861443901487494,1.2993333339691162,0.3681717081926763,1.1484320294111967,3.036234974861145
477,477,2.5729894638061523,2.4910876750946045,0.02,2.694133224035518,1.298885017633438,0.3716034712269902,1.1738935969769955,3.1121508479118347
478,478,2.52827787399292,2.4627296924591064,0.02,2.701263805575759,1.294457584619522,0.3732609171420336,1.1662107929587364,3.1098764538764954
479,479,2.4571404457092285,2.510690450668335,0.02,2.707419969182688,1.2937336564064026,0.37828947650268674,1.1725786924362183,3.070510149002075
480,480,2.498321294784546,2.4708142280578613,0.02,2.7141693145422274,1.2904024720191956,0.3827381073497236,1.1608088966459036,3.117490530014038
481,481,2.463329315185547,2.6378729343414307,0.02,2.720223805589141,1.2916395664215088,0.3810201664455235,1.1623001862317324,3.128485143184662
482,482,2.4682457447052,2.490110158920288,0.02,2.7251603451825877,1.2864318490028381,0.3744005151093006,1.1822134852409363,3.123316526412964
483,483,2.4863877296447754,2.492438316345215,0.02,2.7290673566411296,1.290131837129593,0.37157716462388635,1.1703440845012665,3.1236988306045532
484,484,2.5145645141601562,2.5322587490081787,0.02,2.734146446076963,1.2902292013168335,0.3728696587495506,1.17394308000803,3.0772979259490967
485,485,2.4729387760162354,2.517213821411133,0.02,2.737992029051726,1.2932407855987549,0.37161482824012637,1.1500707380473614,3.0097546577453613
486,486,2.4941024780273438,2.4822044372558594,0.02,2.7408224934347234,1.2900089025497437,0.36779873445630074,1.1437462363392115,3.001264750957489
487,487,2.546665906906128,2.4884512424468994,0.02,2.74296794352119,1.2944191098213196,0.3688439205288887,1.1516501419246197,3.0349485278129578
488,488,2.4870545864105225,2.462245464324951,0.02,2.7458363886843182,1.2877698242664337,0.374115988612175,1.1460360810160637,3.1329686641693115
489,489,2.5425095558166504,2.5322437286376953,0.02,2.7486080305951273,1.2908961772918701,0.3766996283084154,1.1471376698464155,3.1192106008529663
490,490,2.489211320877075,2.5281574726104736,0.02,2.7507987878925433,1.297115534543991,0.3757845610380173,1.1389111299067736,3.071831226348877
491,491,2.494266986846924,2.5498712062835693,0.02,2.7520859567669036,1.300747275352478,0.37089612195268273,1.1566652916371822,3.0172486305236816
492,492,2.4990646839141846,2.578756332397461,0.02,2.7530655857920543,1.290337711572647,0.37349132262170315,1.1750609260052443,3.085377335548401
493,493,2.5854246616363525,2.544381618499756,0.02,2.7541041209464745,1.2861410975456238,0.3741131382994354,1.1814482100307941,3.0776482820510864
494,494,2.493046283721924,2.5228018760681152,0.02,2.75483260600657,1.2918184101581573,0.3764735609292984,1.172290202230215,3.0766186714172363
495,495,2.5503475666046143,2.5260660648345947,0.02,2.7562619686848056,1.287577211856842,0.3721663919277489,1.1805470827966928,3.1121689677238464
496,496,2.4965617656707764,2.518324136734009,0.02,2.75813264787302,1.296025425195694,0.36787266097962856,1.162796027958393,3.058452546596527
497,497,2.465787649154663,2.490375518798828,0.02,2.7591647932256413,1.2860142588615417,0.367308278568089,1.1756637543439865,3.000518560409546
498,498,2.462106704711914,2.5437376499176025,0.02,2.760276708399233,1.2903116047382355,0.365721489302814,1.1599872447550297,3.003111779689789
499,499,2.5253052711486816,2.5516624450683594,0.02,2.7618045852443913,1.2936191856861115,0.37049854500219226,1.1733905132859945,3.0905230045318604
500,500,2.5240437984466553,2.557602643966675,0.02,2.76268010006107,1.293576180934906,0.36743338592350483,1.193216223269701,3.0301067233085632
501,501,2.48012113571167,2.5006322860717773,0.02,2.763372112702518,1.2899958193302155,0.36642923718318343,1.1982519272714853,2.976507604122162
502,502,2.480943202972412,2.554487705230713,0.02,2.7643050733898433,1.291078358888626,0.3677892223931849,1.1888099405914545,3.02521550655365
503,503,2.555398941040039,2.5560638904571533,0.02,2.765932604206694,1.296052247285843,0.36769180838018656,1.1883350387215614,3.0203028321266174
504,504,2.533334255218506,2.534846305847168,0.02,2.7671509011960125,1.2961014807224274,0.3698566700331867,1.1734571978449821,3.0613356232643127
505,505,2.473191261291504,2.5117905139923096,0.02,2.7671667035281144,1.2951886057853699,0.36627514800056815,1.1782846041023731,2.9767348170280457
506,506,2.4936141967773438,2.4623563289642334,0.02,2.7676428787901033,1.293251097202301,0.36728856060653925,1.1828263830393553,2.947264075279236
507,507,2.5361552238464355,2.5039191246032715,0.02,2.7676237928924095,1.288805514574051,0.3729479224421084,1.1787884049117565,2.990280032157898
508,508,2.429771900177002,2.525763988494873,0.02,2.7677508942491333,1.2885896861553192,0.3762937388382852,1.173288842663169,3.0297167897224426
509,509,2.522472858428955,2.4834938049316406,0.02,2.768054948638969,1.2884099185466766,0.380038321018219,1.1758475787937641,3.006047308444977
510,510,2.559154510498047,2.5226197242736816,0.02,2.768169792124644,1.281770020723343,0.382126827724278,1.1845988687127829,3.107417106628418
511,511,2.503873586654663,2.4462311267852783,0.02,2.7689836737496556,1.296582669019699,0.37309854151681066,1.1636322140693665,3.025270938873291
512,512,2.4417104721069336,2.530186176300049,0.02,2.574404553229616,1.2842198312282562,0.3705042931251228,1.1842953115701675,3.0949942469596863
513,513,2.486375093460083,2.542095184326172,0.02,2.594654795369496,1.2921744883060455,0.3665478932671249,1.1690695099532604,3.1124192476272583
514,514,2.449394941329956,2.5286121368408203,0.02,2.6124528581274538,1.2897867560386658,0.3691126308403909,1.1848678421229124,3.1746014952659607
515,515,2.4616785049438477,2.5236711502075195,0.02,2.628992509329121,1.2990176677703857,0.3723585242405534,1.1528827119618654,3.091162383556366
516,516,2.4742178916931152,2.516411781311035,0.02,2.643677597461324,1.287436455488205,0.3785979086533189,1.1453121975064278,3.0958974957466125
517,517,2.4153494834899902,2.5663037300109863,0.02,2.6562235631207187,1.2866359055042267,0.3796841944567859,1.1643895711749792,3.0630784034729004
518,518,2.4699597358703613,2.583456516265869,0.02,2.668098082865342,1.2898689210414886,0.38010979210957885,1.1618954595178366,3.0718222856521606
519,519,2.5474672317504883,2.527045726776123,0.02,2.678161227140847,1.2827140986919403,0.37889511371031404,1.1909635905176401,3.0928463339805603
520,520,2.502042293548584,2.5303282737731934,0.02,2.6871541669588486,1.2922431528568268,0.37035425333306193,1.1691869664937258,3.0397728085517883
521,521,2.477872371673584,2.556053638458252,0.02,2.6945765514501208,1.2865351438522339,0.3644974776543677,1.2027396485209465,3.046697974205017
522,522,2.4454970359802246,2.5995452404022217,0.02,2.7012457382948574,1.2904363572597504,0.358367673587054,1.2079148180782795,2.9843961000442505
523,523,2.5373055934906006,2.4295876026153564,0.02,2.7075870479959874,1.2909889817237854,0.3582260678522289,1.2129635009914637,3.048580229282379
524,524,2.4535839557647705,2.5104048252105713,0.02,2.5229305492926435,1.2848473489284515,0.3653108845464885,1.2148179188370705,3.0128968954086304
525,525,2.4965736865997314,2.4533872604370117,0.02,2.5475831852580186,1.2801498174667358,0.375717387534678,1.2173481583595276,3.0538920164108276
526,526,2.497692346572876,2.498439073562622,0.02,2.5696383345266134,1.2938241064548492,0.376636094879359,1.1931825205683708,3.0071038007736206
527,527,2.4807121753692627,2.4540488719940186,0.02,2.58990600446811,1.2871760725975037,0.3750728783197701,1.1702516339719296,2.9732784032821655
528,528,2.463549852371216,2.5008046627044678,0.02,2.608339251963669,1.2791656851768494,0.37745541613548994,1.1742239762097597,3.0035239458084106
529,529,2.4811477661132812,2.5243616104125977,0.02,2.624341924489416,1.2904348373413086,0.370442355517298,1.1715507358312607,3.0311994552612305
530,530,2.5052103996276855,2.4731173515319824,0.02,2.6383022270223586,1.2897655963897705,0.37092528492212296,1.173205230385065,3.0312615036964417
531,531,2.4287915229797363,2.534708261489868,0.02,2.6511280710325766,1.287524163722992,0.3765264772810042,1.1715771798044443,3.0194669365882874
532,532,2.4766037464141846,2.511192798614502,0.02,2.663361699801435,1.2870503962039948,0.38531889021396637,1.163025001063943,3.106854736804962
533,533,2.516141653060913,2.4441301822662354,0.02,2.6740417913649885,1.2792668342590332,0.3800555798225105,1.2039061486721039,3.126383066177368
534,534,2.5539894104003906,2.58211612701416,0.02,2.683166128380184,1.2843607366085052,0.38018721947446465,1.1920752692967653,3.1592957377433777
535,535,2.5141119956970215,2.5247433185577393,0.02,2.6912824459300038,1.2839133739471436,0.3697322900407016,1.2288066688925028,3.1255626678466797
536,536,2.556851387023926,2.4881558418273926,0.02,2.6996466503529324,1.2891946732997894,0.35876725148409605,1.2160512823611498,2.9936376214027405
537,537,2.5279664993286133,2.7202565670013428,0.02,2.7069355837129643,1.2889617383480072,0.36278591910377145,1.215924782678485,2.9612472653388977
538,538,2.4684882164001465,2.5322487354278564,0.02,2.7130334682265476,1.2802326679229736,0.3699789084494114,1.2021025381982327,2.947952449321747
539,539,2.5060577392578125,2.501814842224121,0.02,2.7183487904188652,1.28240767121315,0.3687605173327029,1.2261912915855646,2.9548943042755127
540,540,2.499758243560791,2.525172233581543,0.02,2.722659384519938,1.2793413698673248,0.36924205580726266,1.2147466838359833,3.033651292324066
541,541,2.455890417098999,2.516826868057251,0.02,2.7268417536114318,1.275863528251648,0.3697682688944042,1.2165983244776726,3.077400326728821
542,542,2.5143516063690186,2.518054246902466,0.02,2.7315703646798277,1.2756734490394592,0.36449699476361275,1.2244138531386852,3.066457211971283
543,543,2.5329291820526123,2.4995181560516357,0.02,2.7360851854369184,1.2842958271503448,0.35781870363280177,1.206643246114254,3.020627498626709
544,544,2.478738784790039,2.4793097972869873,0.02,2.739397005242798,1.278651863336563,0.3573872330598533,1.211491446942091,3.0077045559883118
545,545,2.566251277923584,2.593308687210083,0.02,2.7426413157831653,1.2853284776210785,0.35861677350476384,1.1934116873890162,2.933917284011841
546,546,2.49015474319458,2.484382152557373,0.02,2.7458353284436225,1.279289722442627,0.36862922133877873,1.2048592818900943,2.9613985419273376
547,547,2.5225679874420166,2.4711716175079346,0.02,2.748266954199978,1.2792809009552002,0.3720201449468732,1.2045777440071106,2.9854822754859924
548,548,2.484104633331299,2.5244736671447754,0.02,2.7500611273796283,1.2776377201080322,0.37483931006863713,1.193930109962821,3.0279027223587036
549,549,2.5177321434020996,2.488875389099121,0.02,2.751384742699504,1.2760664522647858,0.37526677502319217,1.1979352645576,3.092044770717621
550,550,2.455375909805298,2.487694025039673,0.02,2.754075575604616,1.28154855966568,0.37350289849564433,1.1817493755370378,3.0737735629081726
551,551,2.5879952907562256,2.522041082382202,0.02,2.755859759309388,1.2741264998912811,0.3641573074273765,1.1993338633328676,3.041088819503784
552,552,2.5376529693603516,2.477649450302124,0.02,2.756824282614546,1.2745373845100403,0.35805506771430373,1.226854333654046,2.998498857021332
553,553,2.443789005279541,2.4895801544189453,0.02,2.7578221249645676,1.2731895744800568,0.35873981984332204,1.2327765338122845,3.0585158467292786
554,554,2.484823226928711,2.5342068672180176,0.02,2.758659681271048,1.2855497002601624,0.36026977747678757,1.210671804845333,2.986476719379425
555,555,2.4865076541900635,2.5012996196746826,0.02,2.760760657939669,1.2841410636901855,0.3633427764289081,1.210827063769102,2.951467216014862
556,556,2.5075910091400146,2.4903409481048584,0.02,2.7628248877714987,1.278688371181488,0.36591268982738256,1.2252168264240026,2.970965564250946
557,557,2.4757702350616455,2.465470314025879,0.02,2.7625640769318442,1.2709949016571045,0.3656646581366658,1.253011668100953,3.0167901515960693
558,558,2.464019298553467,2.5432653427124023,0.02,2.762253809978563,1.2722452282905579,0.36186362244188786,1.247572185471654,3.048942804336548
559,559,2.482161283493042,2.5146195888519287,0.02,2.7624734412753953,1.2725828886032104,0.36159113980829716,1.235362321138382,3.057317018508911
560,560,2.5110063552856445,2.5209105014801025,0.02,2.7639156862906447,1.2776087522506714,0.35885692900046706,1.2217300850898027,3.058938145637512
561,561,2.54419207572937,2.452671766281128,0.02,2.7654111272405477,1.2745813727378845,0.36390300188213587,1.2201401833444834,3.0335174202919006
562,562,2.4797463417053223,2.4696431159973145,0.02,2.765669165721014,1.2688474655151367,0.36617386154830456,1.2381851617246866,3.072770416736603
563,563,2.489943027496338,2.5260939598083496,0.02,2.765616478169781,1.2754877209663391,0.3628756133839488,1.2341223191469908,3.0895232558250427
564,564,2.5215601921081543,2.508718729019165,0.02,2.766410111132044,1.275379329919815,0.36808083206415176,1.2153135742992163,3.0036184787750244
565,565,2.489649534225464,2.5224716663360596,0.02,2.7665770612572564,1.2676292955875397,0.3677550097927451,1.2238872312009335,2.9922430515289307
566,566,2.4732086658477783,2.445302963256836,0.02,2.7670316063465754,1.271455705165863,0.37534653674811125,1.2133603189140558,3.0389996767044067
567,567,2.487666606903076,2.4673502445220947,0.02,2.767314930877611,1.275166004896164,0.38074022764340043,1.2083564586937428,3.091017961502075
568,568,2.4029417037963867,2.467449188232422,0.02,2.767725492430493,1.2681517004966736,0.3808710998855531,1.219768339768052,3.1464595794677734
569,569,2.495832920074463,2.4711177349090576,0.02,2.7678854060881224,1.271312952041626,0.37538563972339034,1.2132320441305637,3.0593422055244446
570,570,2.5534677505493164,2.4209914207458496,0.02,2.76803814690222,1.275644600391388,0.37476632883772254,1.2166876997798681,3.0151944160461426
571,571,2.480553388595581,2.643941640853882,0.02,2.5731132759407074,1.2678202092647552,0.3695228789001703,1.2311720196157694,2.9953112602233887
572,572,2.4862849712371826,2.527658700942993,0.02,2.5926385460687507,1.266452819108963,0.37349147675558925,1.2356666810810566,3.043404281139374
573,573,2.5168230533599854,2.5572924613952637,0.02,2.609626519892182,1.2696526944637299,0.37100161891430616,1.2428004369139671,3.049960732460022
574,574,2.4517831802368164,2.5171916484832764,0.02,2.625106683408762,1.265595018863678,0.3714994699694216,1.260807003825903,3.0910839438438416
575,575,2.4842236042022705,2.4727847576141357,0.02,2.64016152832399,1.265440285205841,0.36696508154273033,1.266710802912712,3.109080135822296
576,576,2.4908859729766846,2.500553846359253,0.02,2.6532576267066355,1.2623987793922424,0.3702221605926752,1.2819504886865616,3.1344730257987976
577,577,2.437345027923584,2.4694740772247314,0.02,2.665205350943777,1.2693981230258942,0.3770413640886545,1.2599863819777966,3.114876925945282
578,578,2.463627815246582,2.535578489303589,0.02,2.675148502259405,1.269530862569809,0.3809775630943477,1.2425744533538818,3.126438796520233
579,579,2.4449119567871094,2.5378689765930176,0.02,2.6857984119688356,1.2664205431938171,0.38312496338039637,1.2324608825147152,3.1040493845939636
580,580,2.4901742935180664,2.4912827014923096,0.02,2.6950523157426813,1.2709161341190338,0.3807393377646804,1.227824304252863,3.039081394672394
581,581,2.458277940750122,2.6270523071289062,0.02,2.7021690525735167,1.2655270993709564,0.374800858553499,1.2491358071565628,3.0856679677963257
582,582,2.474780559539795,2.4498202800750732,0.02,2.709891331617096,1.2749667167663574,0.37391333701089025,1.2303427997976542,3.059717535972595
583,583,2.5519423484802246,2.490169048309326,0.02,2.7166206067951326,1.2717745304107666,0.37098290445283055,1.2278791517019272,3.0034781098365784
584,584,2.504406690597534,2.525648593902588,0.02,2.722119369165207,1.265385001897812,0.36900859512388706,1.2452338580042124,2.9832202792167664
585,585,2.5044169425964355,2.5616631507873535,0.02,2.7270859220054513,1.2684127986431122,0.36835160525515676,1.243875714018941,3.0338648557662964
586,586,2.4872384071350098,2.5419223308563232,0.02,2.731343967607955,1.2683497369289398,0.37156881345435977,1.256719060242176,3.1096229553222656
587,587,2.4993696212768555,2.515814781188965,0.02,2.7350913381417326,1.2707067728042603,0.36920050624758005,1.2392005547881126,3.026085615158081
588,588,2.434868812561035,2.4910783767700195,0.02,2.737967915574455,1.2619284391403198,0.36963644064962864,1.257663544267416,3.0306726694107056
589,589,2.5306036472320557,2.5295286178588867,0.02,2.741638120289482,1.267423540353775,0.37314833840355277,1.250691469758749,3.0689361691474915
590,590,2.4786534309387207,2.536893844604492,0.02,2.744785370144743,1.265416145324707,0.37391650257632136,1.248342351987958,3.0974797010421753
591,591,2.485900640487671,2.4762485027313232,0.02,2.747328609520605,1.2572285532951355,0.37302998872473836,1.2499547395855188,3.0574971437454224
592,592,2.46504282951355,2.54343843460083,0.02,2.749255115563323,1.252356380224228,0.37270707776769996,1.2642418593168259,2.9948577284812927
593,593,2.449185609817505,2.48158597946167,0.02,2.7505967894506433,1.2525794804096222,0.376011295709759,1.2625640667974949,3.029917597770691
594,594,2.518397569656372,2.486163377761841,0.02,2.752593083846697,1.2531098425388336,0.38511051144450903,1.2538246028125286,3.134300470352173
595,595,2.489215850830078,2.456796646118164,0.02,2.7549934433072285,1.2589510083198547,0.38781899958848953,1.2465182077139616,3.150355815887451
596,596,2.458437919616699,2.499417304992676,0.02,2.7562106833783115,1.2558545470237732,0.38913448341190815,1.2587608564645052,3.110919773578644
597,597,2.4761154651641846,2.5196731090545654,0.02,2.7570434148398806,1.2560801208019257,0.38723642006516457,1.256719658151269,3.0612021684646606
598,598,2.478086233139038,2.5032057762145996,0.02,2.7576907529022727,1.2590487599372864,0.3800579351373017,1.2652689944952726,2.988309681415558
599,599,2.488438129425049,2.512279748916626,0.02,2.7579773060166053,1.2552712261676788,0.3734780363738537,1.2798095140606165,3.0252749919891357
600,600,2.4876468181610107,2.4815471172332764,0.02,2.7593668993699056,1.2528294622898102,0.37613403145223856,1.2780488599091768,3.098694682121277
601,601,2.4895567893981934,2.4610788822174072,0.02,2.761044453561712,1.2584565877914429,0.3705520685762167,1.292776681482792,3.1263232827186584
602,602,2.448382616043091,2.454354763031006,0.02,2.762149420119858,1.265855073928833,0.3747197138145566,1.2629907671362162,3.080591320991516
603,603,2.5077319145202637,2.499835968017578,0.02,2.762139149241882,1.2594897747039795,0.3771591396071017,1.2790445294231176,3.0426518321037292
604,604,2.4994394779205322,2.582899570465088,0.02,2.76227142566498,1.2612324655056,0.3862944315187633,1.2454121839255095,2.9838386178016663
605,605,2.488847494125366,2.4475491046905518,0.02,2.7637948429849266,1.2628681361675262,0.38659636583179235,1.2593827694654465,3.061704933643341
606,606,2.4434778690338135,2.588568925857544,0.02,2.764580598201681,1.2547298669815063,0.3919602702371776,1.2687850538641214,3.1999823451042175
607,607,2.521253824234009,2.4512197971343994,0.02,2.76487764782719,1.2699511349201202,0.38389550149440765,1.2669858150184155,3.189755618572235
608,608,2.4535276889801025,2.509093999862671,0.02,2.764540836416866,1.2631692290306091,0.37883580243214965,1.2744048181921244,3.103817105293274
609,609,2.5278725624084473,2.5647990703582764,0.02,2.764594388233585,1.2601174116134644,0.3755972567014396,1.2845966015011072,2.981386661529541
610,610,2.494206190109253,2.4994490146636963,0.02,2.765719288475342,1.258210450410843,0.37823106348514557,1.2747411169111729,2.9734396934509277
611,611,2.4339187145233154,2.5318410396575928,0.02,2.7666154624442068,1.2641892731189728,0.3773626904003322,1.2485620453953743,2.9997302293777466
612,612,2.4750919342041016,2.543053150177002,0.02,2.7689295383000396,1.2605981826782227,0.37577022751793265,1.2520144265145063,3.066710591316223
613,613,2.550346612930298,2.5108954906463623,0.02,2.770203568646954,1.2597325146198273,0.38354137260466814,1.2479200549423695,3.1011804342269897
614,614,2.4573171138763428,2.4588229656219482,0.02,2.7703859969391558,1.2521543502807617,0.3777551129460335,1.2607107181102037,3.1012843251228333
615,615,2.4697976112365723,2.5353708267211914,0.02,2.7705932619895535,1.2535732686519623,0.37516018748283386,1.2585213370621204,3.0859442949295044
616,616,2.440906286239624,2.5321266651153564,0.02,2.7706362539548426,1.25693079829216,0.36743802204728127,1.2662554830312729,3.0876628756523132
617,617,2.4706082344055176,2.438169240951538,0.02,2.771011964101752,1.2584823071956635,0.36858632508665323,1.2594660557806492,3.10023295879364
618,618,2.470700740814209,2.5257461071014404,0.02,2.77103295266957,1.2531501352787018,0.3707733494229615,1.275853656232357,3.169402003288269
619,619,2.441509485244751,2.5165977478027344,0.02,2.7710584652849146,1.2514688670635223,0.3702908647246659,1.3023427166044712,3.213936984539032
620,620,2.4611146450042725,2.494279623031616,0.02,2.7712227907140004,1.2527812719345093,0.3696309505030513,1.2924951426684856,3.1793041229248047
621,621,2.512871503829956,2.479307174682617,0.02,2.7709481249746397,1.2562753558158875,0.3745388872921467,1.255354417487979,3.084763765335083
622,622,2.44197678565979,2.4711718559265137,0.02,2.7717836145908112,1.2552737891674042,0.3779302416369319,1.242111625149846,3.011639654636383
623,623,2.5070641040802,2.4997057914733887,0.02,2.772145300239725,1.2610060572624207,0.3733748337253928,1.2498963214457035,2.988154172897339
624,624,2.5244600772857666,2.446504831314087,0.02,2.7719481347112116,1.2636068761348724,0.3729355954565108,1.2449200097471476,3.033586621284485
625,625,2.5306854248046875,2.50240421295166,0.02,2.77257375324911,1.2542262971401215,0.37679926585406065,1.2667948100715876,3.0757720470428467
626,626,2.4741153717041016,2.5148072242736816,0.02,2.772714785705722,1.2489150166511536,0.3835756634362042,1.2633082643151283,3.075623393058777
627,627,2.461693525314331,2.4607367515563965,0.02,2.7720575770857105,1.2588737607002258,0.3912636023014784,1.2573318108916283,3.0367032885551453
628,628,2.420180320739746,2.4913909435272217,0.02,2.771455092278783,1.2538886070251465,0.3870846196077764,1.2627202831208706,3.062580168247223
629,629,2.466534376144409,2.4481961727142334,0.02,2.7703498779523312,1.2516145706176758,0.3827613708563149,1.2749275751411915,3.0488449335098267
630,630,2.501103639602661,2.5042943954467773,0.02,2.770983422899705,1.2475712597370148,0.38183748722076416,1.2760615535080433,3.0626416206359863
631,631,2.505718231201172,2.459209680557251,0.02,2.7714882480377447,1.2508007884025574,0.38253934029489756,1.2671821862459183,3.051659882068634
632,632,2.4708714485168457,2.456611156463623,0.02,2.7710879276245897,1.2450254261493683,0.37415716890245676,1.2945198938250542,3.013162672519684
633,633,2.4238743782043457,2.450648546218872,0.02,2.7718073326104267,1.2459094822406769,0.3718644231557846,1.2765320874750614,2.991865873336792
634,634,2.5258100032806396,2.481841802597046,0.02,2.7726690807539747,1.2543804347515106,0.37627226300537586,1.2642167694866657,2.9822584986686707
635,635,2.4569180011749268,2.4453353881835938,0.02,2.7724085080516323,1.248534470796585,0.3864377369172871,1.268086038529873,3.0642926692962646
636,636,2.4031431674957275,2.528125047683716,0.02,2.771465561839619,1.2512601912021637,0.38598310528323054,1.2813634220510721,3.082952380180359
637,637,2.501401424407959,2.470339298248291,0.02,2.772499336028874,1.255984902381897,0.37975947139784694,1.2723093573004007,3.0147382616996765
638,638,2.4843170642852783,2.6319069862365723,0.02,2.7731153256556222,1.2535409927368164,0.3764801495708525,1.2567472010850906,2.9528655409812927
639,639,2.4423599243164062,2.535719394683838,0.02,2.7726106530435706,1.2487687766551971,0.382455020211637,1.2811428122222424,2.9633752703666687
640,640,2.4490420818328857,2.5419108867645264,0.02,2.7726186547309957,1.2470911145210266,0.39034735737368464,1.2645832281559706,3.078657031059265
641,641,2.436048746109009,2.550440788269043,0.02,2.7725242370587546,1.2515851557254791,0.3918509385548532,1.2667082957923412,3.1182550191879272
642,642,2.493115186691284,2.570934295654297,0.02,2.7719344807087225,1.2580053508281708,0.39412578847259283,1.2438827902078629,3.0483208298683167
643,643,2.512758493423462,2.4964358806610107,0.02,2.7710126061132123,1.2525582015514374,0.4031188003718853,1.2499106749892235,3.0395302176475525
644,644,2.48136043548584,2.456395149230957,0.02,2.7710313229154595,1.2493098974227905,0.401704806368798,1.2493881061673164,3.039843201637268
645,645,2.4955499172210693,2.4963881969451904,0.02,2.7711431250781127,1.2482559382915497,0.3969820197671652,1.2512527648359537,3.102854013442993
646,646,2.485487699508667,2.4800896644592285,0.02,2.771141063785346,1.2461559474468231,0.3957626582123339,1.253987466916442,3.156575083732605
647,647,2.4635705947875977,2.4708714485168457,0.02,2.770314987242627,1.2458975911140442,0.3923359136097133,1.2667860519140959,3.1335217356681824
648,648,2.4963958263397217,2.4789581298828125,0.02,2.7696143140678053,1.2504110932350159,0.3908425276167691,1.279594810679555,3.0672314763069153
649,649,2.494236707687378,2.525662660598755,0.02,2.769245159388111,1.245261549949646,0.3908477840013802,1.2739262878894806,3.0185407996177673
650,650,2.4594030380249023,2.501591682434082,0.02,2.7702875882450253,1.2485636174678802,0.4002177254296839,1.2657265793532133,3.073732316493988
651,651,2.4424614906311035,2.49951434135437,0.02,2.7704947515331813,1.2505263090133667,0.40589727740734816,1.2495271507650614,3.0879956483840942
652,652,2.509593963623047,2.4611456394195557,0.02,2.7703667169174833,1.2415972352027893,0.4152016662992537,1.266731010749936,3.116548478603363
653,653,2.501142978668213,2.5667238235473633,0.02,2.768102485006451,1.245326042175293,0.428292952477932,1.2328053023666143,3.149009644985199
654,654,2.4752960205078125,2.5041627883911133,0.02,2.7679505033977274,1.2401331067085266,0.39260372752323747,1.2607532180845737,3.07889461517334
655,655,2.486126661300659,2.5785419940948486,0.02,2.7674829861587416,1.2470878064632416,0.39723039139062166,1.2420296128839254,3.0451916456222534
656,656,2.502163887023926,2.498692035675049,0.02,2.766841805169233,1.242705762386322,0.39844710333272815,1.2602810095995665,3.07039475440979
657,657,2.4656710624694824,2.471893072128296,0.02,2.767428901584489,1.256185621023178,0.39535715989768505,1.2374134082347155,3.0165345668792725
658,658,2.475377082824707,2.583819627761841,0.02,2.7686640619724634,1.2483814656734467,0.4032672941684723,1.2584119979292154,3.04653799533844
659,659,2.420872449874878,2.473555088043213,0.02,2.7683679427758525,1.2455566227436066,0.408995795994997,1.272309361025691,3.1363418102264404
660,660,2.4404819011688232,2.5349109172821045,0.02,2.766546877564642,1.2431464493274689,0.39737646700814366,1.273614764213562,3.1696503162384033
661,661,2.436194658279419,2.5180180072784424,0.02,2.762933930708729,1.2454454004764557,0.4096670229919255,1.2776015494018793,3.143999397754669
662,662,2.4588961601257324,2.456127643585205,0.02,2.761097560656668,1.2479077279567719,0.42358020367100835,1.2869254555553198,3.095758616924286
663,663,2.512925863265991,2.526811361312866,0.02,2.761788057019091,1.2522295117378235,0.43218281771987677,1.2686989679932594,3.021420180797577
664,664,2.453007221221924,2.4759228229522705,0.02,2.761615599522764,1.2376108169555664,0.43613560078665614,1.287147982046008,3.100638747215271
665,665,2.452831983566284,2.4829118251800537,0.02,2.7625773283438826,1.2485714852809906,0.43415834195911884,1.2779788430780172,3.099910795688629
666,666,2.444871425628662,2.469587802886963,0.02,2.763580927987297,1.2376671135425568,0.42517107632011175,1.2758864481002092,3.0917645692825317
667,667,2.439305305480957,2.4351048469543457,0.02,2.7644466061642734,1.2470596134662628,0.4187617367133498,1.2532291896641254,3.0274304151535034
668,668,2.4627938270568848,2.536105155944824,0.02,2.7646690135075995,1.2396632134914398,0.41707896115258336,1.2706498708575964,3.0967230796813965
669,669,2.5332040786743164,2.4521894454956055,0.02,2.7642018909985593,1.2391697764396667,0.4352107779122889,1.2806094828993082,3.124375641345978
670,670,2.5239827632904053,2.473133087158203,0.02,2.7649789649997683,1.2407226264476776,0.4503950825892389,1.2681486047804356,3.1075817346572876
671,671,2.448585033416748,2.480766773223877,0.02,2.7653363932803967,1.2379061877727509,0.4397570015862584,1.277649698778987,3.043053686618805
672,672,2.4241714477539062,2.4845855236053467,0.02,2.766266430646002,1.241060733795166,0.44531130930408835,1.265351751819253,3.04254013299942
673,673,2.421252965927124,2.497037410736084,0.02,2.767091293165551,1.229581594467163,0.42725765984505415,1.2863018810749054,3.0953577160835266
674,674,2.3982067108154297,2.4667515754699707,0.02,2.7666636109053795,1.2462660372257233,0.41744737373664975,1.278381621465087,3.061617076396942
675,675,2.483185291290283,2.496659517288208,0.02,2.7660364495312257,1.2338815927505493,0.41758802020922303,1.2868155427277088,3.183852434158325
676,676,2.4741480350494385,2.5140633583068848,0.02,2.766242968412622,1.230106234550476,0.4250846868380904,1.2934001088142395,3.2239272594451904
677,677,2.447171926498413,2.4818127155303955,0.02,2.7671565044525304,1.2397239208221436,0.43397780880331993,1.2735266592353582,3.1799049377441406
678,678,2.419215440750122,2.430445671081543,0.02,2.7676491614400223,1.238711416721344,0.4498266037553549,1.2729029022157192,3.1613054275512695
679,679,2.4252967834472656,2.570087432861328,0.02,2.767430347635628,1.238291084766388,0.4611425884068012,1.2531480845063925,3.117928624153137
680,680,2.449476718902588,2.470790386199951,0.02,2.767829367512708,1.2461932003498077,0.4475499354302883,1.2509895507246256,3.109789550304413
681,681,2.4702491760253906,2.480898380279541,0.02,2.768489085300245,1.2415633797645569,0.4405981320887804,1.2534455582499504,3.1511542201042175
682,682,2.5015764236450195,2.4867920875549316,0.02,2.76897666279611,1.2436020970344543,0.43309804238379,1.254780352115631,3.152795433998108
683,683,2.416084051132202,2.5793862342834473,0.02,2.7686448859914137,1.2380467057228088,0.43494391441345215,1.2705918569117785,3.045714497566223
684,684,2.4821486473083496,2.5341310501098633,0.02,2.7688551274846827,1.2340557873249054,0.43565277149900794,1.2769524045288563,3.044320583343506
685,685,2.561556577682495,2.5089359283447266,0.02,2.769558383774583,1.2420414984226227,0.4376986841671169,1.2846184130758047,3.0823869705200195
686,686,2.467404842376709,2.5013179779052734,0.02,2.7698053305540222,1.2434776723384857,0.42197862546890974,1.294515211135149,3.1322867274284363
687,687,2.4727373123168945,2.420222759246826,0.02,2.7696867324342143,1.2471802830696106,0.41535921674221754,1.2986334506422281,3.0762726068496704
688,688,2.487804412841797,2.525646448135376,0.02,2.5773635832531157,1.2368634343147278,0.41641360707581043,1.2879429627209902,3.0928136706352234
689,689,2.472066640853882,2.4998743534088135,0.02,2.5966126073876143,1.2359157800674438,0.4231343511492014,1.269202534109354,3.0843604803085327
690,690,2.4180569648742676,2.4551877975463867,0.02,2.6144172363862235,1.2385181784629822,0.4171412028372288,1.26580816693604,2.9663309454917908
691,691,2.4630253314971924,2.517293930053711,0.02,2.63109801885093,1.2339805960655212,0.4063069000840187,1.2592700812965631,2.995271921157837
692,692,2.47758150100708,2.459484815597534,0.02,2.6459396152013195,1.2343965470790863,0.43154499121010303,1.2525064758956432,3.062639057636261
693,693,2.4276833534240723,2.472240447998047,0.02,2.658234032393499,1.2362509071826935,0.4385269111953676,1.2538619562983513,3.058851182460785
694,694,2.416700839996338,2.5416789054870605,0.02,2.6696255636083484,1.241443246603012,0.4552238672040403,1.2618171256035566,3.0305302143096924
695,695,2.433608055114746,2.446678400039673,0.02,2.6810214093588036,1.2342833280563354,0.4449858902953565,1.262186387553811,3.0217408537864685
696,696,2.5377633571624756,2.5002713203430176,0.02,2.689758069196893,1.234911471605301,0.43831917829811573,1.2587213180959225,3.070014774799347
697,697,2.4570436477661133,2.490391254425049,0.02,2.6982780315604646,1.224947452545166,0.41636208398267627,1.3094904981553555,3.210546553134918
698,698,2.548091173171997,2.50571608543396,0.02,2.7053606474563607,1.2367040514945984,0.4176144227385521,1.294034868478775,3.1445314288139343
699,699,2.4933018684387207,2.474133253097534,0.02,2.711628138862093,1.2288103997707367,0.4269077298231423,1.2812250014394522,3.1039302945137024
700,700,2.4515442848205566,2.5087547302246094,0.02,2.716970762650012,1.2344672977924347,0.43731381371617317,1.2576076202094555,3.0103145241737366
701,701,2.5003573894500732,2.492794990539551,0.02,2.7214959025390626,1.2359662353992462,0.4350512269884348,1.2675784640014172,3.104794204235077
702,702,2.4040398597717285,2.448995351791382,0.02,2.72644531959071,1.239681988954544,0.4249474969692528,1.2823202461004257,3.1067177057266235
703,703,2.438258409500122,2.5182626247406006,0.02,2.731563544879837,1.2385849058628082,0.41502783354371786,1.257636308670044,2.9830382466316223
704,704,2.5115463733673096,2.450718402862549,0.02,2.735269125327448,1.2364181280136108,0.40508644888177514,1.2468857634812593,2.9222366213798523
705,705,2.4332802295684814,2.4008872509002686,0.02,2.7380587716332663,1.2280312478542328,0.41049539763480425,1.2684218231588602,3.0161390900611877
706,706,2.460172176361084,2.5917258262634277,0.02,2.5506104146976702,1.227147787809372,0.4467668840661645,1.263911847025156,3.1309682726860046
707,707,2.4946014881134033,2.496382474899292,0.02,2.572651691392148,1.231107622385025,0.4383854726329446,1.2601878456771374,3.2172407507896423
708,708,2.490133047103882,2.479790687561035,0.02,2.5924447021388644,1.2329954206943512,0.43052094941958785,1.2542427945882082,3.161688208580017
709,709,2.449704647064209,2.416893482208252,0.02,2.6096979776292626,1.2213110327720642,0.4369300031103194,1.249630419537425,3.155083954334259
710,710,2.4859302043914795,2.503180980682373,0.02,2.624793666422491,1.221390724182129,0.4432694208808243,1.2396245710551739,3.156149983406067
711,711,2.456554889678955,2.4823544025421143,0.02,2.638810946666627,1.224305272102356,0.43468446796759963,1.2334323059767485,3.1576420068740845
712,712,2.4754040241241455,2.538207769393921,0.02,2.652574007636676,1.22805655002594,0.448104674462229,1.212929641827941,3.2183923721313477
713,713,2.41538405418396,2.499802589416504,0.02,2.6651104167857476,1.228747546672821,0.46145651349797845,1.2217665370553732,3.187213718891144
714,714,2.4412636756896973,2.580080986022949,0.02,2.675516406945242,1.2273328602313995,0.4276444986462593,1.2144518569111824,3.061680257320404
715,715,2.4315829277038574,2.4656150341033936,0.02,2.6843570652465143,1.223539412021637,0.44053924223408103,1.203272381797433,3.0118223428726196
716,716,2.4335274696350098,2.458148241043091,0.02,2.6937706370939325,1.2245610356330872,0.46033613942563534,1.2209057565778494,3.0784374475479126
717,717,2.4237043857574463,2.510514974594116,0.02,2.701629495497198,1.2261966466903687,0.45425527170300484,1.2293620835989714,3.1919000148773193
718,718,2.460991621017456,2.496511459350586,0.02,2.708330684338213,1.2308825254440308,0.46243129950016737,1.248642560094595,3.208058476448059
719,719,2.4767560958862305,2.4891767501831055,0.02,2.7137187354293886,1.2241288423538208,0.4638739535585046,1.2415575217455626,3.2020904421806335
720,720,2.503085136413574,2.537954092025757,0.02,2.719440351269997,1.2295368313789368,0.44549436308443546,1.2410355247557163,3.0693397521972656
721,721,2.4378855228424072,2.514558792114258,0.02,2.725005367290181,1.2261078655719757,0.44351060409098864,1.2416528668254614,3.0591073036193848
722,722,2.4853289127349854,2.465822458267212,0.02,2.7289860949139233,1.2258721590042114,0.4434619303792715,1.2291792761534452,3.0936564207077026
723,723,2.4176225662231445,2.4980266094207764,0.02,2.7329428102031366,1.2299634218215942,0.4621889302507043,1.2126768790185452,3.176147699356079
724,724,2.585171937942505,2.46042537689209,0.02,2.7359837447858513,1.229681670665741,0.4471000861376524,1.2150380779057741,3.111131429672241
725,725,2.466740369796753,2.467363119125366,0.02,2.7396942216168374,1.2234942018985748,0.4463772773742676,1.2157785650342703,3.0994065403938293
726,726,2.472785234451294,2.4240541458129883,0.02,2.7440575897249233,1.230007827281952,0.4847428905777633,1.1931962296366692,3.1024228930473328
727,727,2.500391721725464,2.462952136993408,0.02,2.7468513026494277,1.2237523794174194,0.4975745817646384,1.1966086477041245,3.194545269012451
728,728,2.4522907733917236,2.4260575771331787,0.02,2.749364539879116,1.2261471152305603,0.48374231718480587,1.1893060989677906,3.204939067363739
729,729,2.462320566177368,2.571995496749878,0.02,2.752313985582526,1.2181540131568909,0.4943347070366144,1.1888579279184341,3.201522171497345
730,730,2.451686143875122,2.438230037689209,0.02,2.754392543616758,1.2203058302402496,0.46629633847624063,1.1976125482469797,3.10873019695282
731,731,2.4943346977233887,2.43005633354187,0.02,2.7560434679909087,1.2163847386837006,0.49403965659439564,1.2063829693943262,3.121177077293396
732,732,2.4654738903045654,2.5482778549194336,0.02,2.757893946063569,1.2208236455917358,0.5187382698059082,1.20983013138175,3.133523166179657
733,733,2.4616408348083496,2.4746761322021484,0.02,2.7587430179936545,1.2350313365459442,0.48482137359678745,1.2125710546970367,3.183858871459961
734,734,2.458446979522705,2.5462236404418945,0.02,2.7592906639468313,1.2283864319324493,0.4894556151703,1.2163755875080824,3.188515782356262
735,735,2.4700801372528076,2.450821876525879,0.02,2.7597923313431103,1.2223365604877472,0.4732381496578455,1.221687600016594,3.1926738023757935
736,736,2.430144786834717,2.6214401721954346,0.02,2.76006821728395,1.2212364971637726,0.4662037631496787,1.2197250425815582,3.2296553254127502
737,737,2.4060754776000977,2.4447083473205566,0.02,2.761553844571484,1.2204199135303497,0.4532774994149804,1.2298905476927757,3.244169294834137
738,738,2.474719524383545,2.4924285411834717,0.02,2.762696259079342,1.225865125656128,0.45614882139489055,1.2284837346524,3.170391321182251
739,739,2.441262722015381,2.4428467750549316,0.02,2.7635212261217754,1.2271599769592285,0.4619224229827523,1.2413865439593792,3.074374556541443
740,740,2.5182721614837646,2.4701149463653564,0.02,2.7653049515414305,1.2240279018878937,0.485022209584713,1.2162485793232918,3.046547055244446
741,741,2.414637327194214,2.4598934650421143,0.02,2.766476237537263,1.2294814884662628,0.48527069902047515,1.213015453889966,3.0512463450431824
742,742,2.4775490760803223,2.5658702850341797,0.02,2.7664000001874536,1.2204951345920563,0.47571934293955564,1.2367748487740755,3.150436282157898
743,743,2.3751652240753174,2.514821767807007,0.02,2.7675660112422125,1.22866889834404,0.4859632449224591,1.2194895967841148,3.1447349786758423
744,744,2.5042195320129395,2.4341907501220703,0.02,2.7685566436371465,1.2220875024795532,0.48386187478899956,1.2189983297139406,3.1168436408042908
745,745,2.451603889465332,2.440401077270508,0.02,2.768857385998105,1.21469247341156,0.4763091653585434,1.2270097099244595,3.1348524689674377
746,746,2.4400863647460938,2.4825387001037598,0.02,2.7681335618821334,1.2240053117275238,0.4814342651516199,1.217823637649417,3.1296730041503906
747,747,2.5840210914611816,2.4565534591674805,0.02,2.7690242036874975,1.2219130396842957,0.5016611963510513,1.2046112436801195,3.1362485885620117
748,748,2.4884440898895264,2.5319302082061768,0.02,2.7691865830500073,1.2111879885196686,0.5273123253136873,1.2278093826025724,3.213586390018463
749,749,2.4194347858428955,2.4308888912200928,0.02,2.769262129097721,1.2210722863674164,0.5154709806665778,1.2106995517387986,3.1456871032714844
750,750,2.4197020530700684,2.433332920074463,0.02,2.76917031089327,1.2222656905651093,0.48219283763319254,1.2021517679095268,3.152545988559723
751,751,2.3430113792419434,2.4709508419036865,0.02,2.7704591939667305,1.2134810984134674,0.5151179926469922,1.207967834547162,3.1974905729293823
752,752,2.4370627403259277,2.493619680404663,0.02,2.770753077132032,1.2211655676364899,0.5420232405886054,1.178900271654129,3.1435089707374573
753,753,2.4204211235046387,2.4344260692596436,0.02,2.7709159009435593,1.2154929339885712,0.5288627604022622,1.1894580125808716,3.142647624015808
754,754,2.499539613723755,2.4794156551361084,0.02,2.7704363813200272,1.2139547169208527,0.5000914912670851,1.1954723857343197,3.114996373653412
755,755,2.4992165565490723,2.509293556213379,0.02,2.77114884719701,1.2151726484298706,0.4942701356485486,1.2170334979891777,3.1927189230918884
756,756,2.4998245239257812,2.4817051887512207,0.02,2.771192577346847,1.2195903956890106,0.4914100607857108,1.225181758403778,3.222916841506958
757,757,2.4278814792633057,2.4135913848876953,0.02,2.770961698324474,1.2188264727592468,0.5392207885161042,1.201378421857953,3.206118881702423
758,758,2.3853559494018555,2.430710554122925,0.02,2.7711113932363403,1.218648761510849,0.5548552190884948,1.1709402166306973,3.1053454875946045
759,759,2.4603466987609863,2.4988014698028564,0.02,2.7709922527395126,1.2111989259719849,0.5324901267886162,1.2042477689683437,3.203512489795685
760,760,2.488731622695923,2.4595367908477783,0.02,2.7702150733262743,1.2173936665058136,0.5228720037266612,1.1933272555470467,3.2177076935768127
761,761,2.465372323989868,2.4919586181640625,0.02,2.7696177102034336,1.2245650887489319,0.5125851025804877,1.1776898987591267,3.173060655593872
762,762,2.4215893745422363,2.423898220062256,0.02,2.7694264616500623,1.2140779197216034,0.5310924490913749,1.1591170150786638,3.102805197238922
763,763,2.4146032333374023,2.5104258060455322,0.02,2.7690563013009943,1.2062928378582,0.596112078987062,1.1308539733290672,3.0315182209014893
764,764,2.5059661865234375,2.449370861053467,0.02,2.7694020599076197,1.210022121667862,0.5839983392506838,1.137959672138095,3.074154257774353
765,765,2.433030366897583,2.522021532058716,0.02,2.7696050125111933,1.2144412994384766,0.539660157635808,1.163623720407486,3.1254440546035767
766,766,2.451528549194336,2.4769814014434814,0.02,2.769358894554755,1.2196820974349976,0.5480129383504391,1.147446459159255,3.1865926384925842
767,767,2.387589931488037,2.5297114849090576,0.02,2.7692970594721924,1.2243081331253052,0.5284268194809556,1.1471851710230112,3.0708749890327454
768,768,2.4314255714416504,2.5361130237579346,0.02,2.768405458065004,1.2137502133846283,0.5337678492069244,1.1502011623233557,3.0737674236297607
769,769,2.4595377445220947,2.4789836406707764,0.02,2.769309928243729,1.2191455960273743,0.5279260380193591,1.1519700344651937,3.167935788631439
770,770,2.5098421573638916,2.5276193618774414,0.02,2.769621485873879,1.2207823991775513,0.5229069786146283,1.1689474135637283,3.2233850359916687
771,771,2.49094557762146,2.4573452472686768,0.02,2.76918235821315,1.2125874161720276,0.5399415614083409,1.1688639037311077,3.2465657591819763
772,772,2.4837939739227295,2.5087060928344727,0.02,2.76854666655634,1.2046001553535461,0.5470179095864296,1.1681853607296944,3.2669273614883423
773,773,2.433120012283325,2.5816004276275635,0.02,2.7678056920017573,1.2095438838005066,0.5333743020892143,1.1741409990936518,3.196156084537506
774,774,2.494978189468384,2.4706270694732666,0.02,2.7681693853584037,1.2164667546749115,0.5293834265321493,1.1602682396769524,3.1886122822761536
775,775,2.444319486618042,2.497255563735962,0.02,2.76887256716095,1.2096911668777466,0.52671377081424,1.168167458847165,3.257286787033081
776,776,2.3985044956207275,2.4854788780212402,0.02,2.7692488527397625,1.2107888460159302,0.5333302803337574,1.1855332907289267,3.243968427181244
777,777,2.529431104660034,2.4037694931030273,0.02,2.768660280604007,1.2187235057353973,0.5143616311252117,1.1564307697117329,3.1482191681861877
778,778,2.425027847290039,2.452721357345581,0.02,2.76747797689443,1.213665246963501,0.5255636535584927,1.1586268618702888,3.110664427280426
779,779,2.489657402038574,2.449298143386841,0.02,2.767209246192664,1.2159161865711212,0.5420977454632521,1.1500481478869915,3.109605312347412
780,780,2.398736000061035,2.4472432136535645,0.02,2.7667116343652114,1.2153107821941376,0.5473965378478169,1.1611057184636593,3.201767146587372
781,781,2.4751322269439697,2.4826622009277344,0.02,2.765661944714853,1.2186216711997986,0.5501587120816112,1.1346316132694483,3.2027218341827393
782,782,2.471503734588623,2.537003993988037,0.02,2.76711045606422,1.2163968980312347,0.5793707622215152,1.1270468961447477,3.1795449256896973
783,783,2.474433183670044,2.5000264644622803,0.02,2.767478554272547,1.2133299708366394,0.5994094563648105,1.1318403501063585,3.2096531987190247
784,784,2.406804084777832,2.557715654373169,0.02,2.7670856714157654,1.2189210951328278,0.6336197312921286,1.126805217936635,3.159931004047394
785,785,2.5591530799865723,2.49878191947937,0.02,2.76680015025099,1.2172395884990692,0.6402452988550067,1.1249863896518946,3.1509750485420227
786,786,2.5251667499542236,2.4784510135650635,0.02,2.7665431812026924,1.2157948315143585,0.5911823995411396,1.135250261053443,3.127257227897644
787,787,2.4366111755371094,2.502423048019409,0.02,2.767254095056538,1.2149872779846191,0.5635647187009454,1.1490409802645445,3.218041181564331
788,788,2.459113836288452,2.469820261001587,0.02,2.768147360607504,1.220704346895218,0.5901740975677967,1.1400477271527052,3.213977634906769
789,789,2.519542932510376,2.4525129795074463,0.02,2.768597271763423,1.2108770906925201,0.5992854461073875,1.1377559807151556,3.256200134754181
790,790,2.413638114929199,2.494572639465332,0.02,2.767553508120973,1.2074172496795654,0.5722194723784924,1.167516466230154,3.2275280952453613
791,791,2.4690895080566406,2.40726900100708,0.02,2.766737731550626,1.2131867110729218,0.5867852624505758,1.135754819959402,3.1028597354888916
792,792,2.431384325027466,2.3606762886047363,0.02,2.766577088467517,1.2096191048622131,0.5667812917381525,1.1443279478698969,3.112259030342102
793,793,2.5065762996673584,2.4491872787475586,0.02,2.572398668636609,1.2134512960910797,0.544113582931459,1.1471917815506458,3.1396726965904236
794,794,2.462022066116333,2.4683988094329834,0.02,2.5920108215944224,1.2160274982452393,0.547540626488626,1.1258416753262281,3.0651374459266663
795,795,2.4758784770965576,2.4625775814056396,0.02,2.6098337218254546,1.2079052925109863,0.5442285742610693,1.1385499890893698,3.1643447875976562
796,796,2.4133951663970947,2.4778285026550293,0.02,2.6232922162285086,1.2097260653972626,0.5715693831443787,1.1109414622187614,3.2463728189468384
797,797,2.5041210651397705,2.496670722961426,0.02,2.638081868250203,1.2109617590904236,0.5741880647838116,1.1280614789575338,3.321948826313019
798,798,2.414872169494629,2.4669535160064697,0.02,2.651259063884993,1.2133588194847107,0.5413996716961265,1.1218457110226154,3.289232015609741
799,799,2.4324018955230713,2.4765491485595703,0.02,2.6623674371448645,1.2066174745559692,0.5469498708844185,1.1233538668602705,3.2518116235733032
800,800,2.4418063163757324,2.5200107097625732,0.02,2.672328785756482,1.2062768042087555,0.5623352201655507,1.0971208605915308,3.2243740558624268
801,801,2.3939144611358643,2.4501328468322754,0.02,2.6802943861294684,1.208674669265747,0.5708909332752228,1.1081181894987822,3.265203058719635
802,802,2.419433355331421,2.4973278045654297,0.02,2.6840215778293275,1.204609900712967,0.6007484002038836,1.1127836536616087,3.247095823287964
803,803,2.4249517917633057,2.551076650619507,0.02,2.689796319764298,1.2132705748081207,0.5995178585872054,1.0865762326866388,3.1197637915611267
804,804,2.4588749408721924,2.4911484718322754,0.02,2.698409886940889,1.208204984664917,0.6019385289400816,1.1075250059366226,3.2360969185829163
805,805,2.5213325023651123,2.4326882362365723,0.02,2.7050194026664656,1.2064819931983948,0.634021582081914,1.1145304199308157,3.311571419239044
806,806,2.420161008834839,2.454561471939087,0.02,2.7104220205954745,1.211620271205902,0.6135827787220478,1.1136560533195734,3.2873735427856445
807,807,2.441871404647827,2.426607608795166,0.02,2.7159885898527274,1.210744857788086,0.5915685081854463,1.1108759474009275,3.223782181739807
808,808,2.4491536617279053,2.439167022705078,0.02,2.7228383687455135,1.2035672664642334,0.5890138829126954,1.1140178833156824,3.210037052631378
809,809,2.485042095184326,2.4700887203216553,0.02,2.7284881647383052,1.2086633741855621,0.6149923428893089,1.0957638639956713,3.228706479072571
810,810,2.506418228149414,2.4627153873443604,0.02,2.7331937887080606,1.1992712616920471,0.6122126011177897,1.1216086987406015,3.3024529218673706
811,811,2.573676347732544,2.4948012828826904,0.02,2.736986661052299,1.206070452928543,0.5835461132228374,1.113740999251604,3.244352102279663
812,812,2.456666946411133,2.463864326477051,0.02,2.740456546903929,1.2038541734218597,0.5915563916787505,1.127843240275979,3.1794349551200867
813,813,2.427748680114746,2.4356513023376465,0.02,2.744042860902318,1.202085018157959,0.5612351782619953,1.1378749385476112,3.1719841957092285
814,814,2.428452730178833,2.462693691253662,0.02,2.747492291617855,1.208176702260971,0.6004436258226633,1.1188511941581964,3.1469197273254395
815,815,2.4202473163604736,2.4524922370910645,0.02,2.7495697468787252,1.2180491983890533,0.6128195468336344,1.09959471039474,3.0998154282569885
816,816,2.4315788745880127,2.4862239360809326,0.02,2.7522458487397823,1.2093809843063354,0.6183708906173706,1.1084254570305347,3.077113687992096
817,817,2.4090142250061035,2.479403018951416,0.02,2.7545956360080512,1.203699767589569,0.6175009459257126,1.130458377301693,3.1123316287994385
818,818,2.4630494117736816,2.4999094009399414,0.02,2.756214112778227,1.202503353357315,0.610767743550241,1.1418377198278904,3.2157503962516785
819,819,2.37631893157959,2.3921971321105957,0.02,2.7572828749276237,1.2040699422359467,0.5811120765283704,1.1365961097180843,3.226657271385193
820,820,2.456641912460327,2.409346342086792,0.02,2.757563125497893,1.19230055809021,0.6052800342440605,1.135013910010457,3.235694169998169
821,821,2.3853116035461426,2.483473539352417,0.02,2.7588594765379004,1.1983575522899628,0.5882005067542195,1.1135668717324734,3.192304253578186
822,822,2.452385425567627,2.415213108062744,0.02,2.7598773354657458,1.207268863916397,0.6401322837918997,1.0730138141661882,3.163944125175476
823,823,2.426231622695923,2.4991366863250732,0.02,2.7608529321049726,1.1951837539672852,0.6323867235332727,1.0783985778689384,3.2768972516059875
824,824,2.460798978805542,2.440660238265991,0.02,2.761529353710499,1.204011231660843,0.6382500315085053,1.0810589622706175,3.244141399860382
825,825,2.4414069652557373,2.4749433994293213,0.02,2.7617906787665127,1.1919438242912292,0.5965234879404306,1.112245436757803,3.2350266575813293
826,826,2.390734910964966,2.3359720706939697,0.02,2.763785268004848,1.1976922154426575,0.6353204539045691,1.0987919308245182,3.2134297490119934
827,827,2.48311185836792,2.4720895290374756,0.02,2.5699465982618386,1.1903023421764374,0.615487651899457,1.1052112467586994,3.2937428951263428
828,828,2.422922372817993,2.530073881149292,0.02,2.5769932142108476,1.1984811425209045,0.6033042017370462,1.1061347015202045,3.255357086658478
829,829,2.451380968093872,2.5074574947357178,0.02,2.584646311742146,1.1961423456668854,0.6233685547485948,1.1060963664203882,3.1843234300613403
830,830,2.3379998207092285,2.487657308578491,0.02,2.5913813720092254,1.1945675015449524,0.6537404963746667,1.086100934073329,3.123671233654022
831,831,2.395226240158081,2.4576313495635986,0.02,2.595744512064629,1.200719565153122,0.6777764735743403,1.0683425487950444,3.105158269405365
832,832,2.3876376152038574,2.402953624725342,0.02,2.602975562404785,1.1881220936775208,0.6526142116636038,1.0962998308241367,3.2339523434638977
833,833,2.419039487838745,2.4684853553771973,0.02,2.6077301943771807,1.1975570619106293,0.652903781272471,1.0900151263922453,3.258319616317749
834,834,2.4142367839813232,2.505776882171631,0.02,2.6133254913610355,1.199703723192215,0.6622317126020789,1.069553680717945,3.18621963262558
835,835,2.407907485961914,2.4097721576690674,0.02,2.6159420618912175,1.1972531080245972,0.6805244805291295,1.0665910188108683,3.0947147607803345
836,836,2.44179368019104,2.3958706855773926,0.02,2.618577650735079,1.1953893601894379,0.6531236646696925,1.074821436777711,3.09122234582901
837,837,2.4622182846069336,2.43190598487854,0.02,2.622273850147641,1.2056600451469421,0.6149922199547291,1.0917862132191658,3.118592381477356
838,838,2.3959264755249023,2.3997385501861572,0.02,2.6243826716665497,1.2055838406085968,0.5974417077377439,1.0872977208346128,3.141386091709137
839,839,2.416170835494995,2.451397657394409,0.02,2.6275145869504732,1.205232173204422,0.626810235902667,1.070072516798973,3.0940632820129395
840,840,2.485368251800537,2.411695718765259,0.02,2.6306550380392544,1.196013480424881,0.6156795872375369,1.0919177830219269,3.139760971069336
841,841,2.4563913345336914,2.469835042953491,0.02,2.6329166550259284,1.1925928592681885,0.589617095887661,1.097387982532382,3.224277138710022
842,842,2.380990982055664,2.512242555618286,0.02,2.6356907732581965,1.192160040140152,0.6264542285352945,1.0866886246949434,3.2578121423721313
843,843,2.349987030029297,2.4202418327331543,0.02,2.634317169386308,1.195362150669098,0.687699818983674,1.0788604952394962,3.222340703010559
844,844,2.412339448928833,2.457537889480591,0.02,2.635294992225034,1.1875899136066437,0.6769664352759719,1.0894629936665297,3.190551459789276
845,845,2.439145565032959,2.3747832775115967,0.02,2.6380308507673877,1.1822521090507507,0.6487116711214185,1.0810075588524342,3.1993090510368347
846,846,2.4250004291534424,2.408452033996582,0.02,2.6389642835146088,1.1856724619865417,0.6660278514027596,1.0810411125421524,3.2203264236450195
847,847,2.3951776027679443,2.44590425491333,0.02,2.6395930024877425,1.1837052404880524,0.613640058785677,1.0979711897671223,3.264429450035095
848,848,2.4031717777252197,2.4771947860717773,0.02,2.640311807787437,1.1923357546329498,0.6478901924565434,1.0797900706529617,3.2586703300476074
849,849,2.4885363578796387,2.4805378913879395,0.02,2.6411038036096692,1.194089561700821,0.657172673381865,1.0746205570176244,3.2553845643997192
850,850,2.3806324005126953,2.4259846210479736,0.02,2.639734464801065,1.1927662789821625,0.648452902212739,1.0560556650161743,3.1587002277374268
851,851,2.3628783226013184,2.3856635093688965,0.02,2.6404642984133133,1.189675211906433,0.6378043806180358,1.0689229685813189,3.123021960258484
852,852,2.4197771549224854,2.447150230407715,0.02,2.641871528432016,1.1876460909843445,0.7081237966194749,1.0648039150983095,3.241091728210449
853,853,2.4790987968444824,2.414679527282715,0.02,2.641744691621784,1.1965059638023376,0.7303457502275705,1.0575894750654697,3.3318938612937927
854,854,2.394489288330078,2.479451894760132,0.02,2.6447979235247265,1.1895697712898254,0.6956648547202349,1.066955404356122,3.245825171470642
855,855,2.428858518600464,2.481006622314453,0.02,2.6451161104198055,1.1878554224967957,0.6763970321044326,1.0488600004464388,3.149962902069092
856,856,2.4300687313079834,2.397030830383301,0.02,2.64553860132713,1.185284048318863,0.6775490185245872,1.0726093910634518,3.187681555747986
857,857,2.3794169425964355,2.4555394649505615,0.02,2.646316921231466,1.1939637064933777,0.6549949869513512,1.059608418494463,3.1753548979759216
858,858,2.447303295135498,2.4444398880004883,0.02,2.6460917543890266,1.1865228414535522,0.623521888628602,1.0883382949978113,3.173077702522278
859,859,2.5073206424713135,2.4436426162719727,0.02,2.647318612654899,1.1843630969524384,0.6432158360257745,1.1055837776511908,3.1782093048095703
860,860,2.3547046184539795,2.401723623275757,0.02,2.646226817054881,1.1908086240291595,0.6254236241802573,1.110337508842349,3.232258141040802
861,861,2.37247371673584,2.40543794631958,0.02,2.647621089408216,1.2023151218891144,0.6161895459517837,1.072723377496004,3.2295398116111755
862,862,2.433166980743408,2.4348273277282715,0.02,2.6477749246376208,1.189200758934021,0.6433334536850452,1.0926606375724077,3.261185109615326
863,863,2.410033941268921,2.48598575592041,0.02,2.648889341957687,1.1921576857566833,0.6533370297402143,1.0644484302029014,3.2477840185165405
864,864,2.430284261703491,2.483304262161255,0.02,2.647673444671438,1.189056634902954,0.5913160461932421,1.0901174116879702,3.262666702270508
865,865,2.4125730991363525,2.349229335784912,0.02,2.6480774906330815,1.189297616481781,0.6057414505630732,1.0918500069528818,3.1967872381210327
866,866,2.4783899784088135,2.37334942817688,0.02,2.64878418306464,1.205989420413971,0.6217241194099188,1.083100849762559,3.1094141602516174
867,867,2.4412569999694824,2.4005987644195557,0.02,2.6498515409916292,1.1954942047595978,0.6099341465160251,1.095083061605692,3.146159052848816
868,868,2.3652782440185547,2.4395086765289307,0.02,2.651004430733993,1.2018594145774841,0.6368223959580064,1.0808121357113123,3.1832812428474426
869,869,2.3331973552703857,2.4583804607391357,0.02,2.6494252254715143,1.199226975440979,0.6275499919429421,1.0797959575429559,3.2780280709266663
870,870,2.4143311977386475,2.480417013168335,0.02,2.651262628496033,1.1972981989383698,0.6271772067993879,1.0756129389628768,3.3386073112487793
871,871,2.4444785118103027,2.401728630065918,0.02,2.651777524989403,1.195550948381424,0.6572545152157545,1.0638758530840278,3.3056691884994507
872,872,2.4007129669189453,2.4126851558685303,0.02,2.6513332683575426,1.1986801028251648,0.689264458604157,1.0332186352461576,3.2153359055519104
873,873,2.3844597339630127,2.3775558471679688,0.02,2.6516161332433494,1.1868217587471008,0.6462631141766906,1.0650899279862642,3.2339928150177
874,874,2.320470094680786,2.4409170150756836,0.02,2.650107573271983,1.184828758239746,0.6452539218589664,1.0511028207838535,3.265877902507782
875,875,2.471731424331665,2.408421516418457,0.02,2.6502257661786257,1.1958636343479156,0.6418270720168948,1.0259373532608151,3.2661008834838867
876,876,2.394272565841675,2.491354465484619,0.02,2.6486386184357493,1.186157763004303,0.6328353332355618,1.0325736897066236,3.3832244277000427
877,877,2.3730223178863525,2.466221570968628,0.02,2.6477679428919845,1.1894617080688477,0.6426103506237268,1.0232541402801871,3.2801413536071777
878,878,2.3879940509796143,2.4627814292907715,0.02,2.6484326554750957,1.1892653405666351,0.6474509788677096,1.0108898989856243,3.1820701956748962
879,879,2.305074691772461,2.358682155609131,0.02,2.6484549088794553,1.188138872385025,0.6437337975949049,1.0131026012822986,3.177445113658905
880,880,2.259596824645996,2.42275071144104,0.02,2.6522092104839423,1.1903205215930939,0.6711782915517688,1.0127725284546614,3.2074593901634216
881,881,2.3847243785858154,2.3938610553741455,0.02,2.6513365479551108,1.1916809380054474,0.6477581011131406,1.0258532464504242,3.1495026350021362
882,882,2.4001662731170654,2.422691583633423,0.02,2.648338107234436,1.1909453868865967,0.6327139958739281,1.0471655167639256,3.16911917924881
883,883,2.421900987625122,2.5818662643432617,0.02,2.6496219814222735,1.1961010992527008,0.5951719814911485,1.061863986775279,3.226610481739044
884,884,2.4226977825164795,2.455533981323242,0.02,2.6490210993578884,1.1820359528064728,0.570706027559936,1.0853415271267295,3.3335710167884827
885,885,2.4316413402557373,2.4097237586975098,0.02,2.648387925892767,1.1900277733802795,0.6175356768071651,1.0646783467382193,3.2741373777389526
886,886,2.390127420425415,2.5094475746154785,0.02,2.649098030081865,1.1858532428741455,0.6145527921617031,1.0748023800551891,3.224372148513794
887,887,2.4207515716552734,2.429142475128174,0.02,2.6482966570443156,1.1902914941310883,0.6327275615185499,1.0551367234438658,3.1514997482299805
888,888,2.4075663089752197,2.3380186557769775,0.02,2.6496243790506755,1.2031404674053192,0.6559418169781566,1.026534553617239,3.0317253470420837
889,889,2.391629457473755,2.4201037883758545,0.02,2.6496929266373264,1.1926963925361633,0.6436559706926346,1.0253397105261683,3.1518284678459167
890,890,2.4000473022460938,2.4317710399627686,0.02,2.6488731751526444,1.1967622935771942,0.7021176554262638,1.0080389669165015,3.2074426412582397
891,891,2.3207550048828125,2.4578261375427246,0.02,2.64678843011991,1.1879073679447174,0.6805609641596675,1.019149119965732,3.283603608608246
892,892,2.3878836631774902,2.359816789627075,0.02,2.64606171085006,1.184502363204956,0.6261402806267142,1.040971478447318,3.2871209383010864
893,893,2.462062120437622,2.3713736534118652,0.02,2.6473820028750277,1.179566115140915,0.6242611231282353,1.0546061862260103,3.263485550880432
894,894,2.468827962875366,2.415799617767334,0.02,2.6452271786912176,1.1840258836746216,0.6139686955139041,1.0505513865500689,3.223088502883911
895,895,2.466508150100708,2.46767258644104,0.02,2.646540494526871,1.1846093535423279,0.6019723657518625,1.0615720599889755,3.2975550293922424
896,896,2.3908567428588867,2.464210271835327,0.02,2.64581353694006,1.187436282634735,0.5971678737550974,1.0635765995830297,3.3611403703689575
897,897,2.3311121463775635,2.388317108154297,0.02,2.6455703983677266,1.1949885785579681,0.6065916549414396,1.0329172853380442,3.3399513363838196
898,898,2.349815845489502,2.410975694656372,0.02,2.6442096159239163,1.182058423757553,0.6269021611660719,1.0453928327187896,3.2713725566864014
899,899,2.3868324756622314,2.4161550998687744,0.02,2.6443691279660952,1.1930494904518127,0.632559671998024,1.029656876809895,3.2712695598602295
900,900,2.461108684539795,2.477116823196411,0.02,2.643475413083557,1.2026166915893555,0.6363524151965976,1.0241346266120672,3.266036808490753
901,901,2.356184244155884,2.440671443939209,0.02,2.64182724745225,1.188485711812973,0.660717187449336,1.0106386682018638,3.2598997950553894
902,902,2.4075067043304443,2.4392549991607666,0.02,2.643240049693263,1.1970406472682953,0.6530516073107719,0.9977529104799032,3.1942270398139954
903,903,2.3591718673706055,2.4485974311828613,0.02,2.6432070660962093,1.194894254207611,0.6281370492652059,1.026172174140811,3.3144096732139587
904,904,2.4292023181915283,2.442333936691284,0.02,2.641778302360359,1.187784731388092,0.6292574033141136,1.0305940927937627,3.328666031360626
905,905,2.407504081726074,2.4428861141204834,0.02,2.6433857297685983,1.186827152967453,0.685338469222188,1.0116381291300058,3.207511246204376
906,906,2.378814935684204,2.56024432182312,0.02,2.642781162262798,1.1826923787593842,0.6949124420061707,1.0153910089284182,3.1133411526679993
907,907,2.4077813625335693,2.3980212211608887,0.02,2.643034227834122,1.1895324885845184,0.6699663372710347,1.0133310053497553,3.1312978267669678
908,908,2.379883050918579,2.4849913120269775,0.02,2.644803711277773,1.1771616637706757,0.6432711714878678,1.0467004738748074,3.3361039757728577
909,909,2.331613302230835,2.458061456680298,0.02,2.6438425817693747,1.182860255241394,0.6333443885669112,1.0433758897706866,3.336428999900818
910,910,2.426668882369995,2.366204023361206,0.02,2.6405145652648194,1.1856571733951569,0.6155215539038181,1.0316190980374813,3.2539893984794617
911,911,2.380605459213257,2.431999921798706,0.02,2.6397131418428152,1.1941390335559845,0.6622449597343802,0.999074743129313,3.127969741821289
912,912,2.384178638458252,2.4588894844055176,0.02,2.641258295687274,1.1781889200210571,0.6335687581449747,1.033698707818985,3.3123796582221985
913,913,2.38505482673645,2.3688902854919434,0.02,2.6430406351725373,1.1793820559978485,0.6429769536480308,1.0381785798817873,3.3873031735420227
914,914,2.369776725769043,2.442889928817749,0.02,2.643712042283699,1.178114265203476,0.6531052151694894,1.0384879000484943,3.362474501132965
915,915,2.4674205780029297,2.3954734802246094,0.02,2.6454463091035088,1.182539701461792,0.6942098680883646,1.02604541182518,3.2658873796463013
916,916,2.389214038848877,2.431636333465576,0.02,2.6450973593804643,1.18512761592865,0.6734963553026319,1.01043236348778,3.1595459580421448
917,917,2.361450433731079,2.418910026550293,0.02,2.644174752544673,1.1797916889190674,0.6754702683538198,1.0180304879322648,3.1694827675819397
918,918,2.3534884452819824,2.4228413105010986,0.02,2.642249511976763,1.1891303658485413,0.6240714928135276,1.006605165079236,3.1984466314315796
919,919,2.4248411655426025,2.4632394313812256,0.02,2.6416007057112747,1.1861484050750732,0.6369249522686005,1.0092094838619232,3.210103929042816
920,920,2.413780450820923,2.409372329711914,0.02,2.64236464912712,1.187427431344986,0.6682837903499603,1.0021830517798662,3.2089673280715942
921,921,2.4294087886810303,2.34690523147583,0.02,2.6426050656645077,1.1906944811344147,0.6316661927849054,1.0172718707472086,3.2339476943016052
922,922,2.462770938873291,2.3782854080200195,0.02,2.641276241659505,1.1811407506465912,0.6819288302212954,1.028955478221178,3.301238477230072
923,923,2.434326410293579,2.399806022644043,0.02,2.643198122678057,1.1820920407772064,0.7248979983851314,1.0228424556553364,3.35603791475296
924,924,2.327342987060547,2.457526683807373,0.02,2.643232595334887,1.181098222732544,0.6860313974320889,1.025000617839396,3.298092246055603
925,925,2.315603256225586,2.446882724761963,0.02,2.6443113531475646,1.182224154472351,0.6285318275913596,1.0135557185858488,3.3273958563804626
926,926,2.4129486083984375,2.391577959060669,0.02,2.6427453432075607,1.1768936514854431,0.6172802951186895,0.9992521703243256,3.3249626755714417
927,927,2.435288667678833,2.364078998565674,0.02,2.641330968658439,1.183424949645996,0.6208244552835822,0.9790791906416416,3.334853172302246
928,928,2.3727524280548096,2.4311349391937256,0.02,2.642890766765997,1.1825104355812073,0.638630660250783,0.9741166979074478,3.3058685064315796
929,929,2.43043851852417,2.409595012664795,0.02,2.6441445058738458,1.1713261902332306,0.6270283469930291,0.9874023608863354,3.3542389273643494
930,930,2.424440622329712,2.4265902042388916,0.02,2.645849775950599,1.1845254004001617,0.6559795066714287,0.9796983720734715,3.2515843510627747
931,931,2.3259432315826416,2.4174726009368896,0.02,2.6463301137626303,1.1884134113788605,0.6643712371587753,0.9655181001871824,3.164980411529541
932,932,2.3342132568359375,2.396395206451416,0.02,2.645712327521134,1.170842170715332,0.6121550453826785,1.0075576938688755,3.278104543685913
933,933,2.4441473484039307,2.401094675064087,0.02,2.644204003584422,1.1821062564849854,0.6183700328692794,0.9885161565616727,3.288418233394623
934,934,2.4295527935028076,2.381757974624634,0.02,2.6453801440942635,1.1864952147006989,0.6134190792217851,0.99278608802706,3.3123764991760254
935,935,2.4057135581970215,2.3972373008728027,0.02,2.646686289359731,1.186362236738205,0.633402063511312,0.9956769831478596,3.3047854900360107
936,936,2.4378421306610107,2.3887641429901123,0.02,2.6483033997209704,1.1861637830734253,0.6442737933248281,0.9811351206153631,3.190659463405609
937,937,2.4114396572113037,2.4464969635009766,0.02,2.6467938314050685,1.179952710866928,0.6576781403273344,0.9840352954342961,3.17306250333786
938,938,2.3753445148468018,2.364556074142456,0.02,2.647591404461843,1.1871260702610016,0.6756807481870055,0.9591189911589026,3.1681846976280212
939,939,2.3363940715789795,2.529602289199829,0.02,2.6488227761493235,1.1906210780143738,0.6743362629786134,0.9786308435723186,3.2320823669433594
940,940,2.435502290725708,2.401484966278076,0.02,2.6478275492721512,1.1787366271018982,0.6522909328341484,0.9872119389474392,3.268530309200287
941,941,2.4031386375427246,2.402951717376709,0.02,2.647267565218945,1.1829069256782532,0.6378368092700839,0.9983498426154256,3.25379478931427
942,942,2.392845869064331,2.327113151550293,0.02,2.6479468757102715,1.1798150837421417,0.6240686923265457,1.006035540252924,3.284342646598816
943,943,2.3554978370666504,2.4055633544921875,0.02,2.4572410092838686,1.177537739276886,0.6231056759133935,1.0135362073779106,3.2780731916427612
944,944,2.3680152893066406,2.368572473526001,0.02,2.4779892836678736,1.1808514893054962,0.644985287450254,1.0216874172911048,3.3146477937698364
945,945,2.317476749420166,2.421457052230835,0.02,2.4957463469243937,1.179161697626114,0.6716154124587774,1.0143178263679147,3.2890790700912476
946,946,2.429661512374878,2.419193744659424,0.02,2.5095233816591693,1.170217603445053,0.6297975145280361,1.0269145239144564,3.3229353427886963
947,947,2.338538885116577,2.499044179916382,0.02,2.522383049853198,1.1763421297073364,0.6277780421078205,1.0191219747066498,3.2993178367614746
948,948,2.4702796936035156,2.416957378387451,0.02,2.5353535343461733,1.1871184408664703,0.6288557192310691,1.0078971404582262,3.283091723918915
949,949,2.3934483528137207,2.469886541366577,0.02,2.5477233012009255,1.1848366260528564,0.6358157265931368,1.0145063027739525,3.268370807170868
950,950,2.3915746212005615,2.388693332672119,0.02,2.557187790646264,1.1780126094818115,0.6450019581243396,1.0051993755623698,3.189718008041382
951,951,2.3765628337860107,2.455289363861084,0.02,2.5641148362613864,1.1687796413898468,0.664832322858274,0.9974333290010691,3.272608458995819
952,952,2.3060197830200195,2.475109338760376,0.02,2.5714833530496914,1.1702839136123657,0.6614459380507469,0.9934876756742597,3.3041552305221558
953,953,2.3739066123962402,2.3664391040802,0.02,2.5779301359093414,1.1578430831432343,0.6790943359956145,0.9964870819821954,3.437294363975525
954,954,2.317765235900879,2.510990619659424,0.02,2.5854086041291238,1.163702368736267,0.6502572409808636,1.0015391828492284,3.4238855242729187
955,955,2.387981653213501,2.509873151779175,0.02,2.5895631519038593,1.1811372935771942,0.645210325717926,0.9754377137869596,3.300244390964508
956,956,2.409353017807007,2.4476561546325684,0.02,2.596308863595965,1.1816813349723816,0.6674454100430012,0.9635177841410041,3.193016469478607
957,957,2.428755521774292,2.4352781772613525,0.02,2.602497760491118,1.186925321817398,0.662088168784976,0.9663758622482419,3.1881545186042786
958,958,2.3382701873779297,2.462320327758789,0.02,2.6086754616356975,1.1725464463233948,0.6693258853629231,0.9871138948947191,3.24477618932724
959,959,2.496159315109253,2.484785795211792,0.02,2.61097331154865,1.1712325513362885,0.6541103916242719,0.9998045638203621,3.2295135259628296
960,960,2.544297456741333,2.3828670978546143,0.02,2.615485702433117,1.1881478130817413,0.6342124063521624,0.9873192142695189,3.157003700733185
961,961,2.349478006362915,2.3822813034057617,0.02,2.619730512700244,1.1719923913478851,0.64105115365237,0.9956338852643967,3.215851366519928
962,962,2.283806562423706,2.3681294918060303,0.02,2.621891960438662,1.1664460003376007,0.6333893379196525,0.9990867916494608,3.217261552810669
963,963,2.553481101989746,2.381951332092285,0.02,2.6223029887758624,1.177978903055191,0.6409560488536954,0.9832277707755566,3.225110948085785
964,964,2.2964940071105957,2.3694400787353516,0.02,2.623260982387627,1.1833983361721039,0.6425400953739882,0.9840997587889433,3.247219979763031
965,965,2.367885112762451,2.4194068908691406,0.02,2.624415206077021,1.1729819774627686,0.6346190329641104,0.9983890419825912,3.3134238719940186
966,966,2.4399352073669434,2.451075553894043,0.02,2.625441036721666,1.1858023405075073,0.6496312487870455,0.9722965024411678,3.241004705429077
967,967,2.372021436691284,2.4053025245666504,0.02,2.6285735950676563,1.1630707383155823,0.6536259679123759,0.980401256121695,3.2397930026054382
968,968,2.4134891033172607,2.3971076011657715,0.02,2.631017051379762,1.1652891039848328,0.6735704205930233,0.9680123953148723,3.2530702352523804
969,969,2.3517134189605713,2.4619438648223877,0.02,2.632520975850498,1.1660549938678741,0.6633734060451388,0.9832985978573561,3.310040593147278
970,970,2.4010884761810303,2.397529363632202,0.02,2.633365278107978,1.1659438610076904,0.6544595034793019,1.0011150622740388,3.309510290622711
971,971,2.3992669582366943,2.4616384506225586,0.02,2.636391967882276,1.1679904758930206,0.6590375229716301,1.0117561472579837,3.2700592279434204
972,972,2.391491413116455,2.3631012439727783,0.02,2.6363628700559625,1.1790830194950104,0.6681899391114712,1.0060534663498402,3.2364479899406433
973,973,2.2724251747131348,2.4692437648773193,0.02,2.637963681525152,1.1664593517780304,0.6334661580622196,1.0172495180740952,3.2560017704963684
974,974,2.3475427627563477,2.3422818183898926,0.02,2.63803634956625,1.174275517463684,0.648892174474895,1.0057203797623515,3.2478010058403015
975,975,2.3551363945007324,2.416520595550537,0.02,2.640292393654664,1.1681647300720215,0.6783269783481956,1.0104001248255372,3.290535867214203
976,976,2.396601438522339,2.411288261413574,0.02,2.6407842787847375,1.1677337288856506,0.6746350545436144,0.9804034121334553,3.2491238117218018
977,977,2.305346965789795,2.3369674682617188,0.02,2.6418762306963197,1.1707221865653992,0.6499571073800325,0.9738749684765935,3.2599717378616333
978,978,2.3455710411071777,2.407042980194092,0.02,2.6421674998032323,1.1644364893436432,0.6432846849784255,0.9788777306675911,3.26531982421875
979,979,2.4436721801757812,2.3478376865386963,0.02,2.6426328829766117,1.1661474704742432,0.6659977464005351,0.9777720216661692,3.2379695773124695
980,980,2.3842477798461914,2.4237701892852783,0.02,2.6427580344231134,1.1608204543590546,0.6795022999867797,1.0065954253077507,3.2546477913856506
981,981,2.3739540576934814,2.4115073680877686,0.02,2.642139280802751,1.1612118482589722,0.6424053646624088,1.0210897121578455,3.2817901968955994
982,982,2.362189769744873,2.446948289871216,0.02,2.6432130180113256,1.167555809020996,0.6571590015664697,1.0023328429087996,3.2342840433120728
983,983,2.389906406402588,2.416205644607544,0.02,2.6447724488991553,1.1613641679286957,0.6498693460598588,0.9958488801494241,3.1967106461524963
984,984,2.3125507831573486,2.4759504795074463,0.02,2.6438154437206087,1.1689362823963165,0.6649932023137808,0.9958112528547645,3.229966938495636
985,985,2.374131441116333,2.339412212371826,0.02,2.642622191837899,1.169255405664444,0.6195509620010853,1.0039391703903675,3.2258336544036865
986,986,2.3660900592803955,2.4245364665985107,0.02,2.6442569632462636,1.1689368784427643,0.6093456912785769,1.000219234265387,3.2074745893478394
987,987,2.421908140182495,2.3652892112731934,0.02,2.643693298123411,1.1606531739234924,0.6136547680944204,1.0139591908082366,3.2858134508132935
988,988,2.3677146434783936,2.368056535720825,0.02,2.6421761835079196,1.1677144169807434,0.6001968020573258,1.0090589951723814,3.3313528299331665
989,989,2.421870708465576,2.361924409866333,0.02,2.642861396923637,1.1698103249073029,0.6015557702630758,0.9942380348220468,3.3120580911636353
990,990,2.3167104721069336,2.33540678024292,0.02,2.6430089154565657,1.1692735254764557,0.6391650661826134,0.9727873727679253,3.2952449917793274
991,991,2.323380470275879,2.3752658367156982,0.02,2.642326113327656,1.1544111967086792,0.6399537958204746,0.9863081527873874,3.312965989112854
992,992,2.383352518081665,2.4003610610961914,0.02,2.640747258778037,1.1567361950874329,0.6415424114093184,0.9811853626742959,3.3578036427497864
993,993,2.4541006088256836,2.4419705867767334,0.02,2.6422680598864714,1.171218454837799,0.6467773793265224,0.965577794238925,3.3328502774238586
994,994,2.368985414505005,2.4096732139587402,0.02,2.6423573762302315,1.1557302176952362,0.6579573871567845,0.9605243196710944,3.30690199136734
995,995,2.298895835876465,2.3696963787078857,0.02,2.6406772693193963,1.1656701564788818,0.6558249955996871,0.9592639720067382,3.2659570574760437
996,996,2.3056857585906982,2.460742235183716,0.02,2.640084875443014,1.1593616902828217,0.6787096131592989,0.9686638787388802,3.325495958328247
997,997,2.364623546600342,2.4655959606170654,0.02,2.639102500387097,1.1697509586811066,0.6895676562562585,0.960787869989872,3.268162488937378
998,998,2.3672332763671875,2.430372476577759,0.02,2.6386835484613154,1.1610761284828186,0.6601451756432652,0.9682093160226941,3.2593696117401123
999,999,2.3921284675598145,2.45009708404541,0.02,2.640156480782064,1.1668111979961395,0.6769713247194886,0.9586019553244114,3.2453964948654175
1000,1000,2.302868127822876,2.40128755569458,0.02,2.6416238668790046,1.1753818690776825,0.6613400066271424,0.9573834128677845,3.2454519271850586
1001,1001,2.3086769580841064,2.3944544792175293,0.02,2.643557791577684,1.161376714706421,0.6463410211727023,0.985080910846591,3.264259994029999
1002,1002,2.3512189388275146,2.329655408859253,0.02,2.642318642464067,1.172486424446106,0.6526767499744892,0.9793576262891293,3.2046713829040527
1003,1003,2.3758225440979004,2.365288257598877,0.02,2.642262396551379,1.170570969581604,0.6319608492776752,0.9795271083712578,3.1731708645820618
1004,1004,2.4319827556610107,2.293376922607422,0.02,2.6420313465744587,1.1540405750274658,0.6076930845156312,1.0029958542436361,3.212972640991211
1005,1005,2.318539619445801,2.5060482025146484,0.02,2.452948873136206,1.1653591990470886,0.660185563378036,0.9866287671029568,3.200586497783661
1006,1006,2.38774037361145,2.378448724746704,0.02,2.472199249127965,1.1628290116786957,0.6215355321764946,0.9989302502945065,3.308559238910675
1007,1007,2.2934350967407227,2.3523097038269043,0.02,2.4890346293877563,1.1619523465633392,0.6579653173685074,0.9920728476718068,3.2191288471221924
1008,1008,2.3100905418395996,2.466428279876709,0.02,2.505602044946689,1.1509712934494019,0.6880143443122506,0.981399966403842,3.219580829143524
1009,1009,2.411996364593506,2.420909881591797,0.02,2.5197028300456252,1.162586748600006,0.6747703393921256,0.9684815499931574,3.2932321429252625
1010,1010,2.448929786682129,2.3975887298583984,0.02,2.5336305538181834,1.1628413796424866,0.6501678293570876,0.9669089587405324,3.2608816027641296
1011,1011,2.3652544021606445,2.369424819946289,0.02,2.5451652873162995,1.1649088263511658,0.6500685885548592,0.9486697427928448,3.244906783103943
1012,1012,2.3762969970703125,2.3602242469787598,0.02,2.5549528318612036,1.16148179769516,0.6550585012882948,0.9381417836993933,3.2911624908447266
1013,1013,2.264439582824707,2.392083168029785,0.02,2.5621886685821695,1.1565430760383606,0.6326229758560658,0.9600881300866604,3.297896385192871
1014,1014,2.431612014770508,2.455089807510376,0.02,2.5691929442261183,1.1697576940059662,0.6429202603176236,0.9438821654766798,3.2713732719421387
1015,1015,2.45346999168396,2.3801088333129883,0.02,2.5744829571879664,1.1495904624462128,0.6303021544590592,0.9547791816294193,3.3195680379867554
1016,1016,2.3972203731536865,2.372807741165161,0.02,2.579773718632529,1.165613442659378,0.6254145409911871,0.9411508571356535,3.2670881748199463
1017,1017,2.2646706104278564,2.4252774715423584,0.02,2.584682329725956,1.1523009836673737,0.6452506929636002,0.9632144998759031,3.3837465047836304
1018,1018,2.3343656063079834,2.3697311878204346,0.02,2.5911320583316826,1.1533531844615936,0.6284872377291322,0.9547978807240725,3.3400439620018005
1019,1019,2.4138402938842773,2.4186694622039795,0.02,2.5967714885910995,1.1616723537445068,0.6588218035176396,0.9192126328125596,3.240840792655945
1020,1020,2.3749444484710693,2.372403383255005,0.02,2.600337400671278,1.1637496054172516,0.6587970964610577,0.9318368500098586,3.327319383621216
1021,1021,2.303321123123169,2.4282257556915283,0.02,2.6034183005818945,1.1474401652812958,0.6561777293682098,0.9516807971522212,3.465907871723175
1022,1022,2.401954174041748,2.351134777069092,0.02,2.607950056220481,1.1613872051239014,0.6981234923005104,0.9493084596469998,3.4445897936820984
1023,1023,2.3702797889709473,2.4246103763580322,0.02,2.6116590794354386,1.1668788194656372,0.6829478982836008,0.9403987601399422,3.3679256439208984
1024,1024,2.266897678375244,2.3836560249328613,0.02,2.6145364513754425,1.1639172732830048,0.6801411090418696,0.9265171186998487,3.3261759281158447
1025,1025,2.3155548572540283,2.378258228302002,0.02,2.6173226364315716,1.1609618067741394,0.6593009335920215,0.9254165533930063,3.2526034116744995
1026,1026,2.260329008102417,2.373180389404297,0.02,2.619725874554932,1.1544940769672394,0.6447254624217749,0.9381410712376237,3.269871711730957
1027,1027,2.322495460510254,2.3607890605926514,0.02,2.6205171512799748,1.160895586013794,0.6541383126750588,0.9461437277495861,3.2496073246002197
1028,1028,2.4088690280914307,2.5203697681427,0.02,2.6214448222005053,1.1627637445926666,0.6540857218205929,0.9499240331351757,3.2140764594078064
1029,1029,2.358044147491455,2.4254698753356934,0.02,2.622933412805717,1.151728630065918,0.6180512411519885,0.9623958105221391,3.3061822056770325
1030,1030,2.3342933654785156,2.411222219467163,0.02,2.6238194040741396,1.1616514325141907,0.625246942974627,0.94854059163481,3.2883087396621704
1031,1031,2.295846462249756,2.351583242416382,0.02,2.6272653718981345,1.1674042046070099,0.6445585740730166,0.9409178206697106,3.2892531156539917
1032,1032,2.3471367359161377,2.491715431213379,0.02,2.627760981367755,1.15823295712471,0.6475711520761251,0.9414219409227371,3.393090605735779
1033,1033,2.271531105041504,2.532227039337158,0.02,2.6271467660729555,1.156320959329605,0.6320608975365758,0.941499556414783,3.3545905351638794
1034,1034,2.299954414367676,2.440354824066162,0.02,2.627587531822622,1.1526195406913757,0.6753186900168657,0.9299723487347364,3.2997703552246094
1035,1035,2.3420164585113525,2.352938413619995,0.02,2.629120803959502,1.148770272731781,0.6947934133931994,0.9218408344313502,3.3356253504753113
1036,1036,2.483663320541382,2.379619598388672,0.02,2.6326678319477823,1.162629783153534,0.6410807557404041,0.9240695312619209,3.263954758644104
1037,1037,2.3262405395507812,2.3844971656799316,0.02,2.632557486448039,1.147637039422989,0.6400428982451558,0.9363202396780252,3.221658766269684
1038,1038,2.3244881629943848,2.375001907348633,0.02,2.6351692624096996,1.1504711508750916,0.650575396604836,0.9357042293995619,3.2237513661384583
1039,1039,2.3470919132232666,2.428751230239868,0.02,2.637255974428086,1.1576433777809143,0.6726467665284872,0.9305308219045401,3.248993694782257
1040,1040,2.419943332672119,2.3831114768981934,0.02,2.6392719827286806,1.1521908640861511,0.6614605830982327,0.9411296807229519,3.2566946744918823
1041,1041,2.360433340072632,2.3506274223327637,0.02,2.6416060662885936,1.1511107385158539,0.6563363624736667,0.945994415320456,3.2625327706336975
1042,1042,2.2859339714050293,2.4077303409576416,0.02,2.6405501497569768,1.1493075489997864,0.6767157828435302,0.9480582438409328,3.309217870235443
1043,1043,2.2686870098114014,2.33953595161438,0.02,2.638256570197461,1.14741250872612,0.648163553327322,0.9536801092326641,3.3278459310531616
1044,1044,2.4062070846557617,2.4213979244232178,0.02,2.6370113162804096,1.1511828899383545,0.6761202197521925,0.9418948348611593,3.2820072770118713
1045,1045,2.330031394958496,2.3802692890167236,0.02,2.6361594207574806,1.1430717408657074,0.6722583072260022,0.9396111825481057,3.300690770149231
1046,1046,2.324035167694092,2.4433164596557617,0.02,2.638336859192171,1.1552390456199646,0.6718238964676857,0.9223309950903058,3.280419945716858
1047,1047,2.2817957401275635,2.4009616374969482,0.02,2.638616616120446,1.1409239768981934,0.6775669883936644,0.9227076917886734,3.287961483001709
1048,1048,2.2936851978302,2.3605358600616455,0.02,2.639158465361195,1.1463361084461212,0.6643994310870767,0.9276089752092957,3.350147545337677
1049,1049,2.323075532913208,2.40803599357605,0.02,2.6407064070249873,1.157206118106842,0.7124305553734303,0.9201248278841376,3.354750156402588
1050,1050,2.251800775527954,2.433795690536499,0.02,2.6409077141533057,1.1545540988445282,0.7153272675350308,0.9117560712620616,3.262217342853546
1051,1051,2.3522610664367676,2.3099887371063232,0.02,2.6424165252988434,1.1609412729740143,0.689518784172833,0.8899314859881997,3.2327539324760437
1052,1052,2.4124555587768555,2.344663619995117,0.02,2.6423454758653846,1.1510913670063019,0.6912324279546738,0.9118774086236954,3.266843318939209
1053,1053,2.324803590774536,2.4318082332611084,0.02,2.6436993583074946,1.1472619473934174,0.680623528547585,0.9163674330338836,3.2691214084625244
1054,1054,2.3220863342285156,2.3430566787719727,0.02,2.6424062569115914,1.1544768810272217,0.6615238711237907,0.8961567180231214,3.2109857201576233
1055,1055,2.318006992340088,2.397678852081299,0.02,2.641100294742791,1.1518266797065735,0.6468537403270602,0.8964854134246707,3.2390336990356445
1056,1056,2.3010504245758057,2.388772487640381,0.02,2.6389231711136945,1.1521697342395782,0.6422006078064442,0.9015171509236097,3.3250420689582825
1057,1057,2.322584629058838,2.4286422729492188,0.02,2.6381126622299975,1.155388355255127,0.6490401364862919,0.913495659828186,3.361820340156555
1058,1058,2.2958104610443115,2.3585851192474365,0.02,2.6386034612143536,1.1609496474266052,0.6616699881851673,0.911000182852149,3.307579815387726
1059,1059,2.3433499336242676,2.369384527206421,0.02,2.6403122838626802,1.1522501111030579,0.6510362308472395,0.9041361529380083,3.2499725222587585
1060,1060,2.431097984313965,2.41611647605896,0.02,2.6407790510791553,1.1484979689121246,0.6597892921417952,0.8928306382149458,3.2022867798805237
1061,1061,2.351815938949585,2.3744680881500244,0.02,2.641956446278202,1.1463236808776855,0.672895091585815,0.8871158715337515,3.2504730224609375
1062,1062,2.2150180339813232,2.440145969390869,0.02,2.641617829514261,1.1461014151573181,0.6655778419226408,0.8875600779429078,3.2891361713409424
1063,1063,2.331859827041626,2.407735824584961,0.02,2.6411200904970427,1.1425634622573853,0.6737302476540208,0.9040641346946359,3.3275644183158875
1064,1064,2.336301565170288,2.3917860984802246,0.02,2.642406049250031,1.1507196128368378,0.673440357670188,0.8945288751274347,3.2389619946479797
1065,1065,2.2962751388549805,2.359369993209839,0.02,2.6437194088110982,1.1529669761657715,0.6802817219868302,0.8764744605869055,3.1878886818885803
1066,1066,2.3963284492492676,2.3897287845611572,0.02,2.645120542205882,1.1498826146125793,0.6843097796663642,0.8801837135106325,3.236272394657135
1067,1067,2.51664400100708,2.4050910472869873,0.02,2.64671701239414,1.146737813949585,0.7284493483603001,0.8867516368627548,3.3081040382385254
1068,1068,2.3867077827453613,2.352886199951172,0.02,2.645972403020602,1.1529853343963623,0.7451598178595304,0.8778343833982944,3.307656407356262
1069,1069,2.2806570529937744,2.4679760932922363,0.02,2.646405138641484,1.1434139609336853,0.691461730748415,0.8864424815401435,3.321047782897949
1070,1070,2.408252477645874,2.399733781814575,0.02,2.644460032964983,1.1346396803855896,0.6708379415795207,0.8929303102195263,3.399648427963257
1071,1071,2.3056108951568604,2.3064959049224854,0.02,2.6458998427386216,1.1437313258647919,0.6678964793682098,0.8809412000700831,3.380761742591858
1072,1072,2.2972021102905273,2.326765537261963,0.02,2.6471184706875475,1.1481508314609528,0.6786187142133713,0.8804753217846155,3.389220654964447
1073,1073,2.3658885955810547,2.397247076034546,0.02,2.64880247713089,1.141884684562683,0.6656352374702692,0.8710225690156221,3.331147074699402
1074,1074,2.2966506481170654,2.398153781890869,0.02,2.647257950702981,1.145089864730835,0.6891438225284219,0.8547457093372941,3.2611095905303955
1075,1075,2.2938175201416016,2.354156017303467,0.02,2.6474692841205028,1.1525363624095917,0.670798878185451,0.8533112676814198,3.2690330743789673
1076,1076,2.360491991043091,2.4006738662719727,0.02,2.646670474031315,1.1405858397483826,0.6913807634264231,0.8509246073663235,3.352976620197296
1077,1077,2.3230535984039307,2.4282712936401367,0.02,2.645559602687288,1.1442726850509644,0.6738209947943687,0.8544563502073288,3.310544192790985
1078,1078,2.252533197402954,2.3708057403564453,0.02,2.646301423384016,1.1403960883617401,0.6958342809230089,0.8561493996530771,3.289984941482544
1079,1079,2.359252452850342,2.327927350997925,0.02,2.6449432290738386,1.143848329782486,0.7136391727253795,0.8558728490024805,3.2577000856399536
1080,1080,2.330348491668701,2.306692123413086,0.02,2.646147889009503,1.1455285251140594,0.736369838938117,0.8513252101838589,3.255735158920288
1081,1081,2.286505699157715,2.3643438816070557,0.02,2.645514266776414,1.1454362273216248,0.6942987097427249,0.8376322006806731,3.2791009545326233
1082,1082,2.3610997200012207,2.321807861328125,0.02,2.6437872530652613,1.144836574792862,0.6798916030675173,0.8403912261128426,3.2562830448150635
1083,1083,2.3306901454925537,2.364802360534668,0.02,2.642966700568989,1.1367202401161194,0.6866769473999739,0.8426424311473966,3.3145166635513306
1084,1084,2.332740545272827,2.381823778152466,0.02,2.6419469597136738,1.1355653405189514,0.6829219562932849,0.8420195393264294,3.420218586921692
1085,1085,2.371516227722168,2.395683765411377,0.02,2.6429772290500337,1.1402377486228943,0.728130504488945,0.8456711024045944,3.4930890798568726
1086,1086,2.3178913593292236,2.328178644180298,0.02,2.642744833228562,1.1448695361614227,0.7412194237112999,0.85522988345474,3.4416893124580383
1087,1087,2.2945854663848877,2.372244358062744,0.02,2.6435982898242907,1.144254595041275,0.7089701062068343,0.8601661007851362,3.3844302892684937
1088,1088,2.3166425228118896,2.4747254848480225,0.02,2.6430594702734407,1.1348163783550262,0.6931470800191164,0.8586219260469079,3.347764015197754
1089,1089,2.1641736030578613,2.366046667098999,0.02,2.6418472693439177,1.1405295133590698,0.6935326093807817,0.8519130535423756,3.2395265698432922
1090,1090,2.292104482650757,2.409651279449463,0.02,2.641344572907837,1.1317565441131592,0.6613091416656971,0.868106734007597,3.381296157836914
1091,1091,2.2257604598999023,2.3190104961395264,0.02,2.6404093599731593,1.137688010931015,0.7015472045168281,0.8574512796476483,3.467948794364929
1092,1092,2.267195463180542,2.37673020362854,0.02,2.641950771199851,1.1435624063014984,0.6619626916944981,0.8529663421213627,3.4368467330932617
1093,1093,2.3269896507263184,2.2830488681793213,0.02,2.6412420029045323,1.131490021944046,0.7202831320464611,0.8288522372022271,3.3747363686561584
1094,1094,2.233771562576294,2.464434862136841,0.02,2.4497847494495626,1.1350247859954834,0.7105275429785252,0.8140951627865434,3.255177319049835
1095,1095,2.2278034687042236,2.279541015625,0.02,2.4689397707625877,1.1316480934619904,0.7206341233104467,0.8256327351555228,3.307919919490814
1096,1096,2.3201489448547363,2.229041814804077,0.02,2.2850319628361997,1.1380645036697388,0.696180559694767,0.8352123638615012,3.3938509821891785
1097,1097,2.22161865234375,2.343778610229492,0.02,2.139505393993342,1.1456006169319153,0.6918542934581637,0.8294428503140807,3.29755300283432
1098,1098,2.2634871006011963,2.373598098754883,0.02,2.1872965951497845,1.1357581317424774,0.6879639327526093,0.8373485067859292,3.2647314071655273
1099,1099,2.2294673919677734,2.310180187225342,0.02,2.2332661874783306,1.1349048614501953,0.699751403182745,0.834474197588861,3.300560414791107
1100,1100,2.2940187454223633,2.333122730255127,0.02,2.27511298045986,1.1428227126598358,0.6912850774824619,0.8268919168040156,3.3692694306373596
1101,1101,2.266940116882324,2.255147933959961,0.02,2.3117492178711885,1.1471465826034546,0.6973712369799614,0.815135570243001,3.3772388100624084
1102,1102,2.167243003845215,2.340928554534912,0.02,2.3473429697801023,1.1416253745555878,0.6995545877143741,0.820524943061173,3.3229318857192993
1103,1103,2.3567512035369873,2.401653528213501,0.02,2.3743651842253124,1.1404211819171906,0.7087833937257528,0.821887488476932,3.2151890993118286
1104,1104,2.2319424152374268,2.35811185836792,0.02,2.3998196153382705,1.1310426890850067,0.6954980902373791,0.8532754741609097,3.285226047039032
1105,1105,2.2676327228546143,2.337905168533325,0.02,2.4241959564851134,1.1416323781013489,0.7264085067436099,0.8473390936851501,3.312065839767456
1106,1106,2.34558367729187,2.3895633220672607,0.02,2.4478818318847817,1.134810745716095,0.7604223107919097,0.8434914350509644,3.37647545337677
1107,1107,2.245187759399414,2.3319923877716064,0.02,2.4667516976544284,1.140833705663681,0.7438018033280969,0.8108722912147641,3.3159048557281494
1108,1108,2.166566848754883,2.2408480644226074,0.02,2.485086314051479,1.131106585264206,0.738470084965229,0.8217794355005026,3.343657076358795
1109,1109,2.2151005268096924,2.3372015953063965,0.02,2.5008325670103373,1.135459542274475,0.7178325345739722,0.8321375697851181,3.355844736099243
1110,1110,2.29669451713562,2.3378608226776123,0.02,2.5143174673291537,1.1320481598377228,0.6977491090074182,0.8047411926090717,3.3296658396720886
1111,1111,2.2592222690582275,2.2939653396606445,0.02,2.527410867920833,1.1364268064498901,0.7160438243299723,0.7986818663775921,3.313563108444214
1112,1112,2.1938235759735107,2.311856508255005,0.02,2.538095235847152,1.1392600238323212,0.6932487245649099,0.8160033961758018,3.3773608803749084
1113,1113,2.3553173542022705,2.26894211769104,0.02,2.548079714322406,1.1463288068771362,0.6999282278120518,0.8153549283742905,3.4048959016799927
1114,1114,2.2070369720458984,2.3815629482269287,0.02,2.5567989694571724,1.148144245147705,0.7662362642586231,0.8047949708998203,3.2981091737747192
1115,1115,2.162976026535034,2.301426887512207,0.02,2.5658767459654994,1.1344909965991974,0.7563627092167735,0.82297024410218,3.2928386926651
1116,1116,2.2805123329162598,2.4577629566192627,0.02,2.575720629584586,1.1304931342601776,0.7009627632796764,0.8530851993709803,3.3912439346313477
1117,1117,2.20046329498291,2.4065310955047607,0.02,2.5820446255583924,1.1328785121440887,0.7064848719164729,0.8543964754790068,3.479296624660492
1118,1118,2.3099920749664307,2.309828996658325,0.02,2.587078244049956,1.1452175676822662,0.6975802388042212,0.8444804102182388,3.46247136592865
1119,1119,2.2847297191619873,2.2820992469787598,0.02,2.5940856381710744,1.1394428610801697,0.690788290463388,0.8534774677827954,3.4165360927581787
1120,1120,2.2032582759857178,2.2715699672698975,0.02,2.5987434036704347,1.1364811658859253,0.7398823322728276,0.841797043569386,3.3015507459640503
1121,1121,2.2538199424743652,2.361663341522217,0.02,2.6030928376058173,1.126999408006668,0.6978198671713471,0.8366141999140382,3.2960458993911743
1122,1122,2.230250358581543,2.3162717819213867,0.02,2.6086561583281287,1.1377013325691223,0.7718288945034146,0.8169627785682678,3.301810622215271
1123,1123,2.2580723762512207,2.3042566776275635,0.02,2.6103620269989327,1.1472818851470947,0.6868362370878458,0.8149503478780389,3.303256094455719
1124,1124,2.266909599304199,2.485537528991699,0.02,2.6130048568662514,1.1488034427165985,0.7280833190307021,0.8002531426027417,3.2494149208068848
1125,1125,2.269526243209839,2.3653993606567383,0.02,2.6149713382229747,1.127176433801651,0.7287818221375346,0.790365700609982,3.2675715684890747
1126,1126,2.280921459197998,2.2179014682769775,0.02,2.6180737961393414,1.13477024435997,0.6939250286668539,0.789476809091866,3.236870527267456
1127,1127,2.3144900798797607,2.240668773651123,0.02,2.4393467837000644,1.1500913500785828,0.7087526889517903,0.785642852075398,3.293261170387268
1128,1128,2.304805278778076,2.24570894241333,0.02,2.459961392198736,1.1275398135185242,0.6966869048774242,0.8161406312137842,3.404322922229767
1129,1129,2.201925039291382,2.276409149169922,0.02,2.4787501314975025,1.1298938989639282,0.7174848737195134,0.8441989468410611,3.337090253829956
1130,1130,2.2539258003234863,2.236112117767334,0.02,2.4960717772487593,1.135708749294281,0.7043193215504289,0.8511482793837786,3.3551414012908936
1131,1131,2.27602219581604,2.261080503463745,0.02,2.511082305699395,1.13577601313591,0.6868603164330125,0.8390633771196008,3.37560772895813
1132,1132,2.3605527877807617,2.3088932037353516,0.02,2.5253113146058963,1.140887975692749,0.7663201782852411,0.8175086649134755,3.406376898288727
1133,1133,2.262592077255249,2.2893307209014893,0.02,2.5357267711872677,1.1360973119735718,0.7263507014140487,0.8208866957575083,3.391377091407776
1134,1134,2.116278886795044,2.2883899211883545,0.02,2.546170321055965,1.1340855360031128,0.7000994039699435,0.8359648203477263,3.386987864971161
1135,1135,2.267341136932373,2.237879514694214,0.02,2.5570251803786803,1.1364179253578186,0.698042499832809,0.8466008761897683,3.4171180725097656
1136,1136,2.215716600418091,2.3510358333587646,0.02,2.5673823413858514,1.1345634460449219,0.7000627992674708,0.8505323007702827,3.2961151003837585
1137,1137,2.1857006549835205,2.266893148422241,0.02,2.576233551103778,1.1303613483905792,0.7126330006867647,0.8634636020287871,3.275541067123413
1138,1138,2.2741401195526123,2.2521228790283203,0.02,2.584823594969933,1.141380250453949,0.707679214887321,0.8597770929336548,3.303100347518921
1139,1139,2.2956998348236084,2.2840137481689453,0.02,2.5901182357281467,1.1350749731063843,0.6927148709073663,0.8429039781913161,3.2943686842918396
1140,1140,2.2497174739837646,2.2483699321746826,0.02,2.596375871170113,1.1258019506931305,0.7126286057755351,0.8506088331341743,3.342824339866638
1141,1141,2.2515974044799805,2.300405740737915,0.02,2.602220305212611,1.1305191218852997,0.7266874266788363,0.84240204654634,3.2775787115097046
1142,1142,2.169863224029541,2.291325092315674,0.02,2.6084298329069866,1.1375739872455597,0.7050151908770204,0.8247635653242469,3.2232245206832886
1143,1143,2.13183331489563,2.3096275329589844,0.02,2.6127905845525166,1.134204626083374,0.702309331856668,0.8354373052716255,3.2572931051254272
1144,1144,2.2005584239959717,2.285586357116699,0.02,2.616983417525577,1.134140282869339,0.7181141041219234,0.8412142908200622,3.246419072151184
1145,1145,2.2130987644195557,2.2112910747528076,0.02,2.6209120367025647,1.1358753144741058,0.7503373846411705,0.8387406328693032,3.219356656074524
1146,1146,2.2678449153900146,2.281459331512451,0.02,2.4436623686817827,1.1406612396240234,0.6927508106455207,0.8241426683962345,3.181119740009308
1147,1147,2.1488826274871826,2.318934440612793,0.02,2.4622178783268263,1.1401296854019165,0.6914636511355639,0.8177888691425323,3.191788375377655
1148,1148,2.0654234886169434,2.17205548286438,0.02,2.4792959355211446,1.1286067366600037,0.6903205309063196,0.8312871195375919,3.3544607758522034
1149,1149,2.2850632667541504,2.3346636295318604,0.02,2.3159594817263165,1.1361408233642578,0.6867411890998483,0.8369116233661771,3.378509521484375
1150,1150,2.127666473388672,2.309053897857666,0.02,2.3473727430726723,1.135926514863968,0.7297917446121573,0.8477004263550043,3.245732843875885
1151,1151,2.1436450481414795,2.2843079566955566,0.02,2.376285524846146,1.1325978934764862,0.7101371865719557,0.8508866904303432,3.205162763595581
1152,1152,2.168955087661743,2.2567427158355713,0.02,2.402693237998933,1.1526672542095184,0.724233522079885,0.8423023531213403,3.177267074584961
1153,1153,2.1951448917388916,2.2989277839660645,0.02,2.4260739702797802,1.1329660713672638,0.7302345465868711,0.8570700008422136,3.2434988617897034
1154,1154,2.265376329421997,2.235877513885498,0.02,2.4487947058762565,1.1302858591079712,0.7167571447789669,0.8491625543683767,3.2541133761405945
1155,1155,2.1855993270874023,2.3410351276397705,0.02,2.469726894063382,1.1319841742515564,0.7230891780927777,0.8549665845930576,3.3182560801506042
1156,1156,2.219191551208496,2.1655149459838867,0.02,2.4866652786136005,1.1392236649990082,0.707270996645093,0.8460433576256037,3.3249698281288147
1157,1157,2.216810464859009,2.2401156425476074,0.02,2.3231810934695325,1.1313942074775696,0.6999854519963264,0.8332475442439318,3.3652543425559998
1158,1158,2.2402284145355225,2.294883966445923,0.02,2.356326772322491,1.138797789812088,0.7395389648154378,0.8031517062336206,3.344092607498169
1159,1159,2.20397686958313,2.257829427719116,0.02,2.3840288196806796,1.1347732841968536,0.7075757663697004,0.8188370130956173,3.377465605735779
1160,1160,2.2535078525543213,2.17738938331604,0.02,2.4111748344909865,1.13469198346138,0.7289127139374614,0.8149472149088979,3.311363458633423
1161,1161,2.3388168811798096,2.2630701065063477,0.02,2.4357421292897143,1.136212021112442,0.7411561207845807,0.8117628619074821,3.206113874912262
1162,1162,2.193044900894165,2.2896320819854736,0.02,2.456477009943719,1.1449477970600128,0.7202030373737216,0.8357071969658136,3.3120431303977966
1163,1163,2.2517476081848145,2.230396270751953,0.02,2.474851547212389,1.1350122690200806,0.7149603366851807,0.8495186930522323,3.3338224291801453
1164,1164,2.204077959060669,2.2146213054656982,0.02,2.493619522834129,1.1367715299129486,0.7063803719356656,0.8410326549783349,3.2866251468658447
1165,1165,2.152942657470703,2.3604960441589355,0.02,2.5078866476338377,1.134803056716919,0.6987136900424957,0.8462416138499975,3.213870346546173
1166,1166,2.209822416305542,2.3179571628570557,0.02,2.523142401416462,1.1353046000003815,0.7138243839144707,0.8407555921003222,3.271743416786194
1167,1167,2.221343994140625,2.309223175048828,0.02,2.5362251167109484,1.1352037489414215,0.7335967142134905,0.8341790484264493,3.4190475940704346
1168,1168,2.2193403244018555,2.292048931121826,0.02,2.548363497064265,1.147257775068283,0.7428054353222251,0.8308287430554628,3.3136900067329407
1169,1169,2.2511768341064453,2.337198257446289,0.02,2.5596601011747726,1.1309791207313538,0.7205871120095253,0.8367530955001712,3.336763024330139
1170,1170,2.205643653869629,2.2752726078033447,0.02,2.5657759838720358,1.1430729925632477,0.7135588461533189,0.8308112742379308,3.279630661010742
1171,1171,2.199014663696289,2.244833469390869,0.02,2.5734482516014734,1.1400697827339172,0.7057342864573002,0.8381059160456061,3.2603268027305603
1172,1172,2.165924072265625,2.2209367752075195,0.02,2.580608460844135,1.135684460401535,0.7109636999666691,0.8259678017348051,3.359616994857788
1173,1173,2.188405752182007,2.194070339202881,0.02,2.5871019312546393,1.1328271627426147,0.7004339816048741,0.8360384432598948,3.354258716106415
1174,1174,2.2320334911346436,2.1605818271636963,0.02,2.5917952523614574,1.1344570815563202,0.7086177105084062,0.8352924231439829,3.3483484983444214
1175,1175,2.1927695274353027,2.3570523262023926,0.02,2.4176207293480925,1.1253334879875183,0.7042757393792272,0.8382091475650668,3.3284038305282593
1176,1176,2.218215227127075,2.281674385070801,0.02,2.440996699830943,1.1293238401412964,0.7140066595748067,0.8202210702002048,3.29721862077713
1177,1177,2.2345802783966064,2.2339656352996826,0.02,2.460591052752293,1.1214949786663055,0.7050357442349195,0.8397956443950534,3.378336548805237
1178,1178,2.118863821029663,2.2436628341674805,0.02,2.481681666599285,1.1334390342235565,0.70159603189677,0.8386882673949003,3.374839663505554
1179,1179,2.174635410308838,2.296018362045288,0.02,2.4987495872744874,1.1361546218395233,0.7038588039577007,0.8345910646021366,3.3119415044784546
1180,1180,2.218085289001465,2.2339398860931396,0.02,2.5135124647837253,1.1284335851669312,0.7226499216631055,0.8152288924902678,3.285793721675873
1181,1181,2.1400389671325684,2.3097877502441406,0.02,2.526000235723803,1.1391575336456299,0.7081489590927958,0.8178186696022749,3.2148357033729553
1182,1182,2.1193032264709473,2.2215945720672607,0.02,2.5388488081313345,1.138977825641632,0.7151290345937014,0.804500107653439,3.2533442974090576
1183,1183,2.1732029914855957,2.2013967037200928,0.02,2.548486163236234,1.1391972601413727,0.7508184723556042,0.8014177186414599,3.2998048663139343
1184,1184,2.2059483528137207,2.1983258724212646,0.02,2.558911051550113,1.1334992349147797,0.7384305857121944,0.8121645515784621,3.348990261554718
1185,1185,2.2172091007232666,2.2654008865356445,0.02,2.5665611477849204,1.142093539237976,0.7355493539944291,0.8106283377856016,3.388836443424225
1186,1186,2.1673521995544434,2.3174734115600586,0.02,2.574700996672846,1.1409761905670166,0.7144768536090851,0.8137188190594316,3.47762793302536
1187,1187,2.184185743331909,2.2324845790863037,0.02,2.58149481469515,1.1262333393096924,0.72584870737046,0.8397653698921204,3.512738049030304
1188,1188,2.2352993488311768,2.304919481277466,0.02,2.5860843903889945,1.1451012790203094,0.7317036045715213,0.8412249591201544,3.400076150894165
1189,1189,2.142977476119995,2.293243885040283,0.02,2.5929589855252413,1.1544871926307678,0.7493626195937395,0.8117538206279278,3.3282487392425537
1190,1190,2.2090890407562256,2.2576422691345215,0.02,2.5981078009571905,1.1420745551586151,0.7328199427574873,0.822246603667736,3.414760410785675
1191,1191,2.122304916381836,2.2492623329162598,0.02,2.6012923119191727,1.1579201817512512,0.7251036986708641,0.8113592518493533,3.2868937849998474
1192,1192,2.1425271034240723,2.2046680450439453,0.02,2.604759197558721,1.143247276544571,0.7135425377637148,0.8183525865897536,3.2705236673355103
1193,1193,2.26564884185791,2.2285304069519043,0.02,2.608051277989807,1.13875150680542,0.7256749272346497,0.8369131181389093,3.2548770904541016
1194,1194,2.1427526473999023,2.2336204051971436,0.02,2.6124054134632515,1.146203726530075,0.7132146684452891,0.83474266435951,3.3234288692474365
1195,1195,2.1114487648010254,2.261482000350952,0.02,2.6142317595303024,1.1494796872138977,0.7319482183083892,0.8395426040515304,3.350251019001007
1196,1196,2.1497225761413574,2.211862802505493,0.02,2.618523802103387,1.1489534378051758,0.7294913353398442,0.8336513051763177,3.2797866463661194
1197,1197,2.1408283710479736,2.1994986534118652,0.02,2.6206095271995293,1.1475752890110016,0.7371312351897359,0.820537906140089,3.3201916217803955
1198,1198,2.111614465713501,2.267435073852539,0.02,2.622712156563694,1.1389415562152863,0.7450763396918774,0.8062951071187854,3.3793267607688904
1199,1199,2.1373164653778076,2.1843180656433105,0.02,2.6268163960279245,1.1382687389850616,0.725031609646976,0.8050002083182335,3.352231800556183
1200,1200,2.2375729084014893,2.238459825515747,0.02,2.6277348679996573,1.1403237283229828,0.715779528953135,0.7929515186697245,3.29799085855484
1201,1201,2.136847496032715,2.198928117752075,0.02,2.631015973217201,1.1399055421352386,0.7230600547045469,0.8215776355937123,3.323550283908844
1202,1202,2.173365354537964,2.2278289794921875,0.02,2.631683376059693,1.141863375902176,0.7383267376571894,0.8119429191574454,3.330446720123291
1203,1203,2.228564977645874,2.3076465129852295,0.02,2.6340923168867025,1.1277256906032562,0.7290437771007419,0.8199753193184733,3.4434314370155334
1204,1204,2.0882387161254883,2.210322380065918,0.02,2.6348928121961213,1.1364611685276031,0.726151192560792,0.8269764315336943,3.4310721158981323
1205,1205,2.2442128658294678,2.1791036128997803,0.02,2.6369412794787626,1.142699658870697,0.7149080131202936,0.8248372981324792,3.2838698625564575
1206,1206,2.25024676322937,2.2465250492095947,0.02,2.6373194944047316,1.1441094279289246,0.742999411188066,0.8089087558910251,3.2272984981536865
1207,1207,2.192338705062866,2.3121330738067627,0.02,2.640090541307414,1.1395690739154816,0.7339796526357532,0.8033659560605884,3.3220033049583435
1208,1208,2.14644193649292,2.194643974304199,0.02,2.6397165579184265,1.1326899230480194,0.7304930090904236,0.8278613742440939,3.4447380900382996
1209,1209,2.1557984352111816,2.2253401279449463,0.02,2.6410791059162353,1.1572090089321136,0.7280406821519136,0.8257265603169799,3.243098258972168
1210,1210,2.1499288082122803,2.208303451538086,0.02,2.6407812010854186,1.1435026228427887,0.7310268674045801,0.8145332941785455,3.21189022064209
1211,1211,2.136599063873291,2.3305704593658447,0.02,2.639977021451826,1.139911025762558,0.7364553846418858,0.8196067437529564,3.3123440742492676
1212,1212,2.1546692848205566,2.2196192741394043,0.02,2.6416235213642616,1.1411606967449188,0.736584534868598,0.8135527884587646,3.4180002212524414
1213,1213,2.243913412094116,2.307034492492676,0.02,2.640134758365746,1.1419196128845215,0.7398786041885614,0.803912291303277,3.377648949623108
1214,1214,2.1829288005828857,2.215258836746216,0.02,2.641198716500471,1.1348625421524048,0.7507350211963058,0.8115141876041889,3.3218823075294495
1215,1215,2.2164478302001953,2.2967164516448975,0.02,2.641656300089521,1.129766583442688,0.7374629862606525,0.8236195622012019,3.4148913621902466
1216,1216,2.1674342155456543,2.209458112716675,0.02,2.640386586382533,1.1357661485671997,0.7299339538440108,0.8345568515360355,3.539730966091156
1217,1217,2.1333765983581543,2.2885384559631348,0.02,2.639926069730205,1.137280523777008,0.7489568004384637,0.8172991881147027,3.4732035994529724
1218,1218,2.126037120819092,2.262207508087158,0.02,2.639121755246536,1.1328745782375336,0.7427318785339594,0.8095933403819799,3.382741689682007
1219,1219,2.183520793914795,2.1622612476348877,0.02,2.6383699988445026,1.1444153189659119,0.7254256764426827,0.8065023692324758,3.413196384906769
1220,1220,2.18759822845459,2.2643160820007324,0.02,2.637710340494037,1.1515540182590485,0.7524396190419793,0.8145890599116683,3.4189903140068054
1221,1221,2.193372964859009,2.1285524368286133,0.02,2.639926767925189,1.1424318850040436,0.7627677759155631,0.807904121465981,3.4562032222747803
1222,1222,2.1133198738098145,2.192688226699829,0.02,2.4508176138928395,1.1357946991920471,0.7402239516377449,0.8074454953894019,3.3777318000793457
1223,1223,2.157147169113159,2.21108078956604,0.02,2.470952729649922,1.1335175037384033,0.737522417679429,0.8070006622001529,3.2873212099075317
1224,1224,2.207136631011963,2.218867778778076,0.02,2.4882388638330277,1.1376053988933563,0.7290748916566372,0.8132062936201692,3.261865198612213
1225,1225,2.1133248805999756,2.2315125465393066,0.02,2.5035825714951767,1.1383469700813293,0.7265260918065906,0.8266673237085342,3.36791330575943
1226,1226,2.171386957168579,2.3288629055023193,0.02,2.519154843143254,1.1414212584495544,0.7383761024102569,0.8178756535053253,3.420072555541992
1227,1227,2.118466377258301,2.3282253742218018,0.02,2.5308394704034542,1.143928736448288,0.7208755323663354,0.8015969730913639,3.349765717983246
1228,1228,2.167212963104248,2.212850570678711,0.02,2.539080429178948,1.1416387557983398,0.7189853610470891,0.7830746816471219,3.2158643007278442
1229,1229,2.140962839126587,2.224378824234009,0.02,2.5480802235682987,1.1459459364414215,0.7213221462443471,0.801990638487041,3.2133169174194336
1230,1230,2.2467076778411865,2.2055611610412598,0.02,2.5567545187415655,1.139209657907486,0.7161166425794363,0.8199648251757026,3.2991076707839966
1231,1231,2.1760034561157227,2.267686367034912,0.02,2.5646751836988746,1.1515202224254608,0.7619994906708598,0.8057728856801987,3.2658268213272095
1232,1232,2.1250462532043457,2.285573720932007,0.02,2.5737677113196167,1.1325659453868866,0.7295133620500565,0.8056031754240394,3.3564576506614685
1233,1233,2.1370086669921875,2.228764295578003,0.02,2.579893215399894,1.1343984007835388,0.7245200416073203,0.8178890235722065,3.3771495819091797
1234,1234,2.105088710784912,2.2123019695281982,0.02,2.5836101911343947,1.1335052847862244,0.7420984711498022,0.8087918264791369,3.397009015083313
1235,1235,2.08734130859375,2.1740434169769287,0.02,2.5883449078691334,1.1364439725875854,0.7276546387001872,0.8078712560236454,3.313917338848114
1236,1236,2.147199869155884,2.20171856880188,0.02,2.592702691963117,1.140977531671524,0.7307006204500794,0.8010238958522677,3.320915102958679
1237,1237,2.069916009902954,2.12811017036438,0.02,2.596068332991011,1.1424951255321503,0.7222211947664618,0.809116835705936,3.3859699964523315
1238,1238,2.0433225631713867,2.218945026397705,0.02,2.4137135996147583,1.133886307477951,0.7174973329529166,0.8153451671823859,3.4839386343955994
1239,1239,2.0602662563323975,2.2387654781341553,0.02,2.449533980918516,1.1222840249538422,0.7233119700103998,0.8236279236152768,3.415243148803711
1240,1240,2.0784878730773926,2.2646403312683105,0.02,2.481335692272341,1.1431991159915924,0.7355580842122436,0.8103968566283584,3.340693414211273
1241,1241,2.1217103004455566,2.2936792373657227,0.02,2.511100231988181,1.1263243556022644,0.7348128128796816,0.7973282719030976,3.4112168550491333
1242,1242,2.125361204147339,2.1380062103271484,0.02,2.537446140107963,1.1365280151367188,0.7229172214865685,0.8036854499951005,3.2346089482307434
1243,1243,2.113499641418457,2.249901294708252,0.02,2.560198172983552,1.1280581951141357,0.7369899703189731,0.804327898658812,3.292917251586914
1244,1244,2.086338758468628,2.2128984928131104,0.02,2.5810204611026952,1.1350212693214417,0.739803303964436,0.7989188153296709,3.3589950799942017
1245,1245,2.0606606006622314,2.1953415870666504,0.02,2.6000670934871475,1.1413021385669708,0.7312349397689104,0.7988306116312742,3.3650006651878357
1246,1246,2.0559308528900146,2.1709210872650146,0.02,2.6171925035915997,1.1326930820941925,0.7360971057787538,0.8161099003627896,3.4075408577919006
1247,1247,2.0489423274993896,2.24300479888916,0.02,2.631297964324096,1.1412029564380646,0.7274360740557313,0.8306127190589905,3.3404181003570557
1248,1248,2.0499892234802246,2.1691548824310303,0.02,2.6446988821945507,1.1365770995616913,0.7181350644677877,0.8198801977559924,3.3193269968032837
1249,1249,2.074542999267578,2.1764614582061768,0.02,2.656123705508934,1.129193753004074,0.7211597068235278,0.8085774118080735,3.39554500579834
1250,1250,2.06742787361145,2.141608476638794,0.02,2.6658001907178646,1.1385862827301025,0.73207226395607,0.8159626731649041,3.338538706302643
1251,1251,2.0850374698638916,2.195214033126831,0.02,2.6731110499393034,1.131675511598587,0.7402634276077151,0.8109110752120614,3.3291303515434265
1252,1252,2.1808106899261475,2.27016282081604,0.02,2.681023462126479,1.1363934874534607,0.7611014861613512,0.8118118057027459,3.369273006916046
1253,1253,2.056433916091919,2.278197765350342,0.02,2.6900024666424818,1.1388424038887024,0.760371726937592,0.8071996849030256,3.3593265414237976
1254,1254,2.1490819454193115,2.2361414432525635,0.02,2.6989169796300576,1.1413405239582062,0.789936576038599,0.7970437882468104,3.315116047859192
1255,1255,2.0822227001190186,2.1982526779174805,0.02,2.706548722934996,1.130675345659256,0.7461039461195469,0.819769817404449,3.4163469672203064
1256,1256,2.0455315113067627,2.211210250854492,0.02,2.712867103916051,1.1392298638820648,0.7471950659528375,0.81591965444386,3.37281334400177
1257,1257,2.1430211067199707,2.1566004753112793,0.02,2.718304682076956,1.137338250875473,0.7385633112862706,0.8113146377727389,3.380838990211487
1258,1258,2.114515781402588,2.147505283355713,0.02,2.7243823129981535,1.1363555192947388,0.7445258898660541,0.8116079270839691,3.312542498111725
1259,1259,2.1114501953125,2.1713907718658447,0.02,2.729216463613927,1.1401191055774689,0.7484132945537567,0.8019573297351599,3.229534327983856
1260,1260,2.0618700981140137,2.1452150344848633,0.02,2.7336799537587773,1.1414694488048553,0.7542926501482725,0.8019508058205247,3.3367340564727783
1261,1261,2.118194341659546,2.1991212368011475,0.02,2.737542357119441,1.1344012320041656,0.7408386683091521,0.8009271724149585,3.4468683004379272
1262,1262,2.1539595127105713,2.128797769546509,0.02,2.740644547858681,1.1304095387458801,0.7515831654891372,0.7964007500559092,3.42792010307312
1263,1263,2.0978403091430664,2.0457310676574707,0.02,2.743972971001977,1.1398305892944336,0.7452790690585971,0.7851192830130458,3.2776899933815002
1264,1264,2.16243052482605,2.1973936557769775,0.02,2.555880811182051,1.1326281130313873,0.7410486284643412,0.8078347966074944,3.3291045427322388
1265,1265,2.0947413444519043,2.117429733276367,0.02,2.577249445252151,1.135665237903595,0.7464607208967209,0.8173873499035835,3.402428388595581
1266,1266,2.142354965209961,2.199035167694092,0.02,2.5964492478813432,1.1320547461509705,0.763116448186338,0.819086791947484,3.3525317907333374
1267,1267,2.078986167907715,2.170915365219116,0.02,2.613307563017998,1.132837563753128,0.7704832591116428,0.8299600491300225,3.314405381679535
1268,1268,2.1317741870880127,2.1044728755950928,0.02,2.629124381213252,1.1372884213924408,0.7515147253870964,0.8223874857649207,3.323336362838745
1269,1269,2.047884464263916,2.1099376678466797,0.02,2.643966938258698,1.1331193149089813,0.7599189672619104,0.8217212026938796,3.404444098472595
1270,1270,2.1723899841308594,2.06960391998291,0.02,2.6563903203835992,1.1372597813606262,0.7781100906431675,0.7990604164078832,3.2953487038612366
1271,1271,2.0944342613220215,2.130417585372925,0.02,2.6671930054696853,1.1405290961265564,0.7571845529600978,0.7979994798079133,3.2437005639076233
1272,1272,2.1290836334228516,2.047161817550659,0.02,2.676485527837079,1.130883365869522,0.7502034762874246,0.7908333111554384,3.3007264137268066
1273,1273,2.0626602172851562,2.1203932762145996,0.02,2.6861049370881647,1.1215179562568665,0.7564180726185441,0.8005181206390262,3.3037554025650024
1274,1274,1.9893419742584229,2.1496572494506836,0.02,2.694650850104021,1.1304303109645844,0.7450663819909096,0.8151563052088022,3.2120784521102905
1275,1275,2.028984546661377,2.1500697135925293,0.02,2.7020157538705405,1.1287152469158173,0.7586401430889964,0.7957751443609595,3.2491939067840576
1276,1276,2.037336587905884,2.177985191345215,0.02,2.7083679754837044,1.1306624114513397,0.7497447729110718,0.811511242762208,3.3970207571983337
1277,1277,1.955595850944519,2.1073031425476074,0.02,2.7132531402531477,1.1285362243652344,0.7610680125653744,0.8121593249961734,3.3958067297935486
1278,1278,2.0703227519989014,2.1657309532165527,0.02,2.7184178803902204,1.115431696176529,0.7583855651319027,0.8112355340272188,3.309119403362274
1279,1279,2.050417184829712,2.1378726959228516,0.02,2.723073838055483,1.128273069858551,0.7561973733827472,0.8162232618778944,3.366382896900177
1280,1280,2.137450933456421,2.222322940826416,0.02,2.726399939113713,1.1238095462322235,0.756203381344676,0.8097846675664186,3.458403766155243
1281,1281,2.1185827255249023,2.2307474613189697,0.02,2.7295256210445564,1.1321493089199066,0.7636220864951611,0.7974436413496733,3.450541853904724
1282,1282,2.158783435821533,2.154346227645874,0.02,2.73304882994564,1.1352763175964355,0.7740934295579791,0.7919752458110452,3.404687464237213
1283,1283,2.158036231994629,2.135180950164795,0.02,2.7376254071804684,1.1232284009456635,0.7557146297767758,0.8173870611935854,3.391579270362854
1284,1284,2.1166813373565674,2.1663854122161865,0.02,2.740999401466524,1.1195176243782043,0.7444638032466173,0.8152632554993033,3.4038127660751343
1285,1285,2.011137008666992,2.1212222576141357,0.02,2.7436655798912963,1.1224209666252136,0.7530907746404409,0.8182530989870429,3.456394135951996
1286,1286,2.1283273696899414,2.073190927505493,0.02,2.7455300114021344,1.1274206936359406,0.7561096828430891,0.8179449122399092,3.4436123371124268
1287,1287,2.045060157775879,2.2087275981903076,0.02,2.7491473308678542,1.1456897854804993,0.7659576255828142,0.8079283703118563,3.4067123532295227
1288,1288,2.1663007736206055,2.2197999954223633,0.02,2.7512808484921116,1.1193057596683502,0.7760885655879974,0.8049374567344785,3.2710429430007935
1289,1289,2.0665664672851562,2.11574125289917,0.02,2.7523727865475505,1.1194084882736206,0.7726083900779486,0.7863483456894755,3.142268657684326
1290,1290,2.103353261947632,2.1845927238464355,0.02,2.6390547529551074,1.1363603472709656,0.7663327185437083,0.8075130339711905,3.308521330356598
1291,1291,2.1328279972076416,2.1131696701049805,0.02,2.652350958387727,1.1263274848461151,0.7539845369756222,0.8192023877054453,3.498435080051422
1292,1292,2.088737964630127,2.114882707595825,0.02,2.664539710491324,1.1220795512199402,0.7471142560243607,0.8119750544428825,3.4705073833465576
1293,1293,2.091855764389038,2.169374704360962,0.02,2.6758518234295234,1.1205384135246277,0.7724659126251936,0.8213263703510165,3.3821035027503967
1294,1294,2.0662853717803955,2.1172845363616943,0.02,2.685190286026609,1.1199494004249573,0.7658702656626701,0.8251820104196668,3.3434064984321594
1295,1295,2.0169265270233154,2.1554999351501465,0.02,2.6936015157818196,1.1198996007442474,0.7642951654270291,0.8063863823190331,3.399476170539856
1296,1296,2.0773608684539795,2.231541156768799,0.02,2.7008842305741396,1.1256303489208221,0.768744396045804,0.7780553977936506,3.462696850299835
1297,1297,2.171736478805542,2.1258392333984375,0.02,2.7083502479603108,1.1107593178749084,0.7666742326691747,0.7821703553199768,3.4084048867225647
1298,1298,2.014211893081665,2.188884735107422,0.02,2.715273544884255,1.1186746656894684,0.744000181555748,0.7845343016088009,3.330973744392395
1299,1299,2.049311637878418,2.191303014755249,0.02,2.7198565952204015,1.1244136095046997,0.7427051020786166,0.7972346423193812,3.366843342781067
1300,1300,2.062979221343994,2.182617425918579,0.02,2.7236683125141337,1.1336475610733032,0.749423767440021,0.7958503542467952,3.383141577243805
1301,1301,2.0507001876831055,2.157649517059326,0.02,2.727800325793638,1.1222061812877655,0.7433796431869268,0.810832372866571,3.3063082695007324
1302,1302,2.040950059890747,2.1765758991241455,0.02,2.7315092486198944,1.1293123960494995,0.7748637618497014,0.8127062376588583,3.2239485383033752
1303,1303,2.083198308944702,2.10239577293396,0.02,2.7352224621486396,1.1256683766841888,0.7804479645565152,0.8162229796871543,3.2464691400527954
1304,1304,2.0710787773132324,2.098905324935913,0.02,2.7392391559239426,1.1297405362129211,0.7725101690739393,0.8097460670396686,3.3132579922676086
1305,1305,2.064467430114746,2.147608757019043,0.02,2.7426218811017242,1.1182737052440643,0.7684643231332302,0.8042213888838887,3.3193781971931458
1306,1306,2.0452427864074707,2.202096939086914,0.02,2.745059769943414,1.131471872329712,0.7793954024091363,0.8095154808834195,3.252514600753784
1307,1307,2.0496912002563477,2.1829164028167725,0.02,2.7467310544508603,1.1254002451896667,0.7633930444717407,0.7958731278777122,3.3338263630867004
1308,1308,2.00398850440979,2.1638896465301514,0.02,2.748867011537861,1.1240794956684113,0.7650886876508594,0.7819702448323369,3.407567262649536
1309,1309,2.0396833419799805,2.1959173679351807,0.02,2.7513024256701444,1.1197634637355804,0.7462548539042473,0.7979495851323009,3.448174774646759
1310,1310,1.999869704246521,2.066584587097168,0.02,2.753298783315489,1.1162494719028473,0.7597254030406475,0.8008144041523337,3.4876601099967957
1311,1311,1.9680612087249756,2.1993680000305176,0.02,2.7545194042200363,1.123914211988449,0.7660554582253098,0.7994039822369814,3.3950005769729614
1312,1312,2.043456792831421,2.1327109336853027,0.02,2.755312711173827,1.124096930027008,0.7564819399267435,0.7909282930195332,3.3956101536750793
1313,1313,2.026437282562256,2.0155956745147705,0.02,2.755715542455123,1.1159402132034302,0.7556632850319147,0.8021848341450095,3.4046324491500854
1314,1314,2.0368812084198,2.20345139503479,0.02,2.559987783610216,1.117179811000824,0.7617805805057287,0.7982769934460521,3.435421347618103
1315,1315,2.0162782669067383,2.0379226207733154,0.02,2.580470269601955,1.1245603561401367,0.7815573569387197,0.7987093655392528,3.2824085354804993
1316,1316,2.1113622188568115,2.112196922302246,0.02,2.5992741608277248,1.122330367565155,0.761003889143467,0.779677557758987,3.2730559706687927
1317,1317,2.035518169403076,2.1466753482818604,0.02,2.6157972491646175,1.1270377039909363,0.778897000476718,0.7751499442383647,3.2424904108047485
1318,1318,2.0972776412963867,2.233644485473633,0.02,2.632000243126551,1.1150876581668854,0.7811343632638454,0.7873175516724586,3.39088898897171
1319,1319,2.0586297512054443,2.0706348419189453,0.02,2.6462904543624113,1.1223031282424927,0.7714810399338603,0.7811202900484204,3.3929327726364136
1320,1320,2.037672758102417,2.1395998001098633,0.02,2.6585255473169047,1.126351237297058,0.7664825422689319,0.7827883688732982,3.3534979820251465
1321,1321,2.0370774269104004,2.1427502632141113,0.02,2.6702052900538904,1.1091318726539612,0.7728304909542203,0.7938708942383528,3.4270041584968567
1322,1322,2.0261266231536865,2.101794958114624,0.02,2.6817493430111337,1.1141858398914337,0.7666522022336721,0.7996502658352256,3.4305484294891357
1323,1323,1.967790126800537,2.1208345890045166,0.02,2.6906701052359985,1.1184924840927124,0.7774269646033645,0.7923495406284928,3.389145016670227
1324,1324,2.0819005966186523,2.0609328746795654,0.02,2.6999158442196385,1.1181297302246094,0.7877368992194533,0.7933531356975436,3.445010542869568
1325,1325,1.9535937309265137,2.1396963596343994,0.02,2.707815709015888,1.111907958984375,0.7590400706976652,0.8054706938564777,3.459509253501892
1326,1326,2.0615594387054443,2.1778345108032227,0.02,2.714835712278064,1.138635128736496,0.7758822338655591,0.7865599449723959,3.348478317260742
1327,1327,1.9872411489486694,2.128580093383789,0.02,2.7203408316540547,1.1090687811374664,0.7736540408805013,0.8035868313163519,3.4337111711502075
1328,1328,2.052891731262207,2.094329357147217,0.02,2.7251268244394207,1.1160679161548615,0.7653989410027862,0.7845386201515794,3.4208597540855408
1329,1329,2.062479257583618,2.078566789627075,0.02,2.7288111378840667,1.1186266839504242,0.7872301135212183,0.7900401540100574,3.4244105219841003
1330,1330,2.1195578575134277,2.153931140899658,0.02,2.731919949477918,1.1116986572742462,0.7909217914566398,0.8039946956560016,3.3792757987976074
1331,1331,2.0205743312835693,2.253920316696167,0.02,2.733464588959036,1.1175744533538818,0.8005782878026366,0.7946489229798317,3.3042988181114197
1332,1332,2.0090150833129883,2.094794750213623,0.02,2.7324075956600127,1.11794051527977,0.7745524598285556,0.7814987618476152,3.359313488006592
1333,1333,2.1522719860076904,2.0544490814208984,0.02,2.7328347086727676,1.1170546412467957,0.7662758463993669,0.7905556429177523,3.392461657524109
1334,1334,2.1055970191955566,2.128412961959839,0.02,2.7338740763524654,1.1257753372192383,0.7609670432284474,0.7862099148333073,3.2650007605552673
1335,1335,1.956344485282898,2.0477523803710938,0.02,2.7358496123797127,1.1124140918254852,0.7576579693704844,0.7639149278402328,3.2893422842025757
1336,1336,2.076353073120117,2.0047450065612793,0.02,2.7379931696047044,1.1149653494358063,0.7564791105687618,0.7763337343931198,3.40368390083313
1337,1337,2.0591063499450684,2.074538230895996,0.02,2.550300534272665,1.1181804537773132,0.7656043097376823,0.8019380662590265,3.4316192269325256
1338,1338,2.1145641803741455,2.1023526191711426,0.02,2.57156619098703,1.1216484308242798,0.770323496311903,0.8026614971458912,3.4877869486808777
1339,1339,1.9121731519699097,2.1383328437805176,0.02,2.5903557126282304,1.1216298341751099,0.7736257668584585,0.8020554929971695,3.5314484238624573
1340,1340,2.1133241653442383,2.0588979721069336,0.02,2.6069263298393914,1.1181627213954926,0.7730586845427752,0.7943639559671283,3.4652419090270996
1341,1341,2.012284994125366,1.9901714324951172,0.02,2.6221393491680294,1.117396503686905,0.7728191716596484,0.8043075287714601,3.340343713760376
1342,1342,1.9125646352767944,2.013017177581787,0.02,2.445467296332983,1.1146706938743591,0.7681228034198284,0.7913996754214168,3.338091731071472
1343,1343,2.128282308578491,2.092735528945923,0.02,2.469781923728933,1.118997573852539,0.7770979329943657,0.7787850666791201,3.3345226645469666
1344,1344,2.035346031188965,2.0886528491973877,0.02,2.4946548646622104,1.1131799221038818,0.7745598815381527,0.7967711919918656,3.3423978090286255
1345,1345,2.0111584663391113,2.1201751232147217,0.02,2.516986350062539,1.1176973283290863,0.7664580484852195,0.8070903960615396,3.436762750148773
1346,1346,1.9385019540786743,2.1330950260162354,0.02,2.537086810494286,1.1136434376239777,0.7581617627292871,0.8009501360356808,3.441502571105957
1347,1347,2.1307220458984375,1.985725998878479,0.02,2.556428442815375,1.125588059425354,0.7767356047406793,0.7715582279488444,3.368805766105652
1348,1348,1.951462745666504,1.997713327407837,0.02,2.385718170763416,1.1138369143009186,0.7814069241285324,0.7756256014108658,3.286929726600647
1349,1349,1.9639241695404053,2.000837802886963,0.02,2.4193250389799847,1.1100580096244812,0.7677841605618596,0.7734283600002527,3.3521077632904053
1350,1350,2.0658247470855713,1.9962483644485474,0.02,2.4502640097336768,1.1145881116390228,0.7518306113779545,0.7705172840505838,3.4444153904914856
1351,1351,2.0251965522766113,2.120205879211426,0.02,2.4789205524006936,1.117949903011322,0.7628764640539885,0.7938335025683045,3.388231635093689
1352,1352,1.9204087257385254,2.0690932273864746,0.02,2.50877794824912,1.1191025376319885,0.7775888042524457,0.7939150026068091,3.311981737613678
1353,1353,1.9491482973098755,2.0314788818359375,0.02,2.5354922450353095,1.1236291229724884,0.7826764499768615,0.7916247844696045,3.3635078072547913
1354,1354,2.076763391494751,2.16239070892334,0.02,2.558688222513095,1.1242084503173828,0.7775579588487744,0.7881487188860774,3.397023856639862
1355,1355,2.0518808364868164,2.113051414489746,0.02,2.5801647305601763,1.1078617572784424,0.7661369759589434,0.8004293879494071,3.2884055376052856
1356,1356,1.996383547782898,1.9788715839385986,0.02,2.599278169234622,1.107679843902588,0.7727625342085958,0.798154559917748,3.3501991033554077
1357,1357,2.033282518386841,2.2498066425323486,0.02,2.425182545641657,1.1122541427612305,0.774802977219224,0.7979119792580605,3.435336470603943
1358,1358,1.9999921321868896,2.0780763626098633,0.02,2.459778749733867,1.1192206740379333,0.7868406977504492,0.80203593429178,3.4335070848464966
1359,1359,2.03116774559021,2.063986301422119,0.02,2.4896124647235527,1.1174032390117645,0.7924084374681115,0.7954331114888191,3.423365592956543
1360,1360,2.0093486309051514,2.0335843563079834,0.02,2.5166947987598958,1.1168965101242065,0.7693882128223777,0.7839479641988873,3.422632396221161
1361,1361,1.96652090549469,1.962457537651062,0.02,2.541501089889445,1.1336593329906464,0.7706400156021118,0.7803633529692888,3.3656174540519714
1362,1362,2.0458078384399414,2.0306150913238525,0.02,2.3727945347536537,1.1196241676807404,0.7707422161474824,0.7825365671887994,3.2887986302375793
1363,1363,1.9427478313446045,2.078087568283081,0.02,2.4023052366515043,1.1245698034763336,0.7712277797982097,0.7816612338647246,3.383747637271881
1364,1364,1.9228570461273193,2.074021339416504,0.02,2.425567008979608,1.1221674680709839,0.7676181551069021,0.7893257215619087,3.42346727848053
1365,1365,2.057438850402832,2.0460128784179688,0.02,2.4449737868359582,1.1159608662128448,0.7806162144988775,0.7952274130657315,3.4583194851875305
1366,1366,1.9612841606140137,2.1507489681243896,0.02,2.463078614825854,1.1180401742458344,0.8065637508407235,0.7891047177836299,3.453246772289276
1367,1367,2.052563190460205,2.072840690612793,0.02,2.4791630034330825,1.1219495236873627,0.7786324564367533,0.77474872674793,3.3662745356559753
1368,1368,2.0004069805145264,2.104240894317627,0.02,2.4945714611477294,1.113372564315796,0.7788558639585972,0.774838182143867,3.4386426210403442
1369,1369,2.0127804279327393,2.0740575790405273,0.02,2.5090434092742138,1.1231715977191925,0.7853190936148167,0.7610855381935835,3.428256571292877
1370,1370,1.9116895198822021,2.156705379486084,0.02,2.5235552600683535,1.122659683227539,0.7828805688768625,0.7743697743862867,3.361293613910675
1371,1371,1.9699381589889526,2.0095605850219727,0.02,2.534887760626544,1.124635487794876,0.8193852007389069,0.7732912488281727,3.3430535793304443
1372,1372,2.0046324729919434,2.1799118518829346,0.02,2.5449232167188285,1.1209993362426758,0.7884229989722371,0.788141880184412,3.485441505908966
1373,1373,2.0265066623687744,2.121086359024048,0.02,2.5557742061053568,1.1055343747138977,0.7768931183964014,0.7957743275910616,3.5791754126548767
1374,1374,1.9860365390777588,2.030907154083252,0.02,2.5629934021116854,1.122659057378769,0.76217788644135,0.768101722933352,3.4784474968910217
1375,1375,2.0339484214782715,2.0462679862976074,0.02,2.5702722038864425,1.1135239899158478,0.7592970617115498,0.7696074470877647,3.42750346660614
1376,1376,1.9138203859329224,2.0008583068847656,0.02,2.57970205093341,1.1174604296684265,0.764923170208931,0.7751374747604132,3.2847312092781067
1377,1377,2.0255963802337646,2.134089469909668,0.02,2.5845830679988366,1.1223958134651184,0.7814281322062016,0.7599816154688597,3.3142858743667603
1378,1378,1.9623329639434814,2.1881701946258545,0.02,2.5916189390563704,1.127637654542923,0.7970615476369858,0.7609212649986148,3.4143354296684265
1379,1379,1.9046167135238647,2.1706581115722656,0.02,2.596842470879342,1.120261549949646,0.8060101354494691,0.7784203626215458,3.4295008182525635
1380,1380,2.0173537731170654,2.045614004135132,0.02,2.5999885938835625,1.1225083768367767,0.791942841373384,0.7781844092532992,3.403590440750122
1381,1381,2.122659206390381,2.0403940677642822,0.02,2.6053421534475896,1.1151531636714935,0.8025124035775661,0.7850883305072784,3.374864399433136
1382,1382,2.0123913288116455,2.0975089073181152,0.02,2.609410548742075,1.1173666715621948,0.7849856670945883,0.7724777553230524,3.2747135162353516
1383,1383,1.920480489730835,2.1535191535949707,0.02,2.6124426480558056,1.1142266988754272,0.7933619255200028,0.7778756422922015,3.491265118122101
1384,1384,1.8829759359359741,2.1504971981048584,0.02,2.616668248825059,1.1103799939155579,0.7740697851404548,0.7788569051772356,3.4595271944999695
1385,1385,1.9924917221069336,2.0190227031707764,0.02,2.6178665493173057,1.1180047392845154,0.7750513544306159,0.7852814961224794,3.3206708431243896
1386,1386,2.0060348510742188,2.123354196548462,0.02,2.6206311930817994,1.1148731112480164,0.7771198870614171,0.7736608143895864,3.392615795135498
1387,1387,2.1137044429779053,2.0005502700805664,0.02,2.62471222590167,1.1117695271968842,0.7674482939764857,0.7719055879861116,3.427577316761017
1388,1388,1.9878442287445068,2.1596508026123047,0.02,2.6255866919590884,1.1162284016609192,0.7803026409819722,0.7651288919150829,3.4200329184532166
1389,1389,2.006622076034546,2.1621527671813965,0.02,2.6287675985345738,1.1139412224292755,0.7706686295568943,0.7809088118374348,3.5046234130859375
1390,1390,1.921309471130371,1.9984251260757446,0.02,2.6321164614304657,1.1189214885234833,0.7948230486363173,0.7789341537281871,3.365140914916992
1391,1391,2.0437564849853516,2.1248786449432373,0.02,2.6337925189701834,1.1118790805339813,0.7965569589287043,0.7752725817263126,3.285332679748535
1392,1392,1.8884193897247314,2.084890365600586,0.02,2.6332873310063163,1.1041856110095978,0.7816122965887189,0.7853810209780931,3.3740729689598083
1393,1393,1.9938976764678955,2.050520181655884,0.02,2.636602541681084,1.1084311604499817,0.7902164030820131,0.7728103511035442,3.423234224319458
1394,1394,1.9387197494506836,2.1831274032592773,0.02,2.6362451218547878,1.1098108291625977,0.7731030331924558,0.7652332494035363,3.4658414125442505
1395,1395,1.9146232604980469,1.9969249963760376,0.02,2.6379618968361895,1.122535526752472,0.7741116713732481,0.760134594514966,3.3356640338897705
1396,1396,2.03208065032959,2.0918123722076416,0.02,2.6400616815675257,1.105434089899063,0.7687312103807926,0.7837553136050701,3.3042649030685425
1397,1397,1.9135899543762207,2.0020792484283447,0.02,2.640240159651513,1.1136271059513092,0.7561658229678869,0.7648505652323365,3.4055813550949097
1398,1398,1.9489779472351074,1.9971160888671875,0.02,2.6390554499733687,1.1066412329673767,0.7582456897944212,0.7805017903447151,3.515775978565216
1399,1399,1.9641375541687012,2.114211082458496,0.02,2.6416488181084814,1.1019418835639954,0.7803918235003948,0.7981982175260782,3.468899428844452
1400,1400,1.9618489742279053,2.0254878997802734,0.02,2.640714049909908,1.1112778186798096,0.7740253116935492,0.7708256430923939,3.3682013154029846
1401,1401,1.9962923526763916,2.1929357051849365,0.02,2.6410501750242044,1.1063935160636902,0.7670731917023659,0.7567159133031964,3.374346435070038
1402,1402,1.931679606437683,2.002060890197754,0.02,2.642867555068451,1.110130101442337,0.7606047205626965,0.7598428511992097,3.400550425052643
1403,1403,1.9552785158157349,2.1204609870910645,0.02,2.6424128135819345,1.1115700900554657,0.7784000560641289,0.7721336558461189,3.3122576475143433
1404,1404,1.977982997894287,2.0205373764038086,0.02,2.64508143458809,1.107366681098938,0.7848882898688316,0.7742232037708163,3.2593729496002197
1405,1405,1.9527313709259033,1.9647080898284912,0.02,2.645928746185269,1.1059316992759705,0.7823829436674714,0.7655037613585591,3.316311538219452
1406,1406,2.102999448776245,2.0678062438964844,0.02,2.646072389390702,1.105954349040985,0.7744327336549759,0.7732070283964276,3.37814861536026
1407,1407,1.9580425024032593,2.149702787399292,0.02,2.6495991270560517,1.1021833717823029,0.7681199125945568,0.7852334724739194,3.5347551107406616
1408,1408,1.9310814142227173,1.9858603477478027,0.02,2.6503229780424458,1.0974019169807434,0.7749781254678965,0.7646106705069542,3.4937678575515747
1409,1409,1.9602479934692383,1.9908910989761353,0.02,2.650785871204033,1.1052500307559967,0.7805219907313585,0.7557523781433702,3.34437757730484
1410,1410,1.9062448740005493,2.118856191635132,0.02,2.6514681761080414,1.0931945443153381,0.7655995171517134,0.757761356420815,3.38698548078537
1411,1411,1.999050259590149,2.078753709793091,0.02,2.6506957334233867,1.0951077938079834,0.7701513832435012,0.7627889029681683,3.474978506565094
1412,1412,2.0238757133483887,2.0495171546936035,0.02,2.648195662756033,1.1083109676837921,0.7722346046939492,0.7643355363979936,3.4424365758895874
1413,1413,2.063948631286621,2.062101364135742,0.02,2.6471871025370133,1.1091877222061157,0.7906392673030496,0.7613273067399859,3.3308046460151672
1414,1414,1.9884220361709595,2.049705982208252,0.02,2.6499796742126684,1.1017603278160095,0.7830550884827971,0.7522326987236738,3.285503923892975
1415,1415,1.961943507194519,1.9534677267074585,0.02,2.6513714404580244,1.0967543423175812,0.7742419773712754,0.748973311856389,3.4297951459884644
1416,1416,1.8731698989868164,1.9455182552337646,0.02,2.457622753301145,1.0953487753868103,0.7662260048091412,0.7474352661520243,3.4844351410865784
1417,1417,1.9101898670196533,2.019763469696045,0.02,2.295210268623587,1.1049518883228302,0.7739110272377729,0.7425858369097114,3.377431094646454
1418,1418,1.8807986974716187,2.0313262939453125,0.02,2.3301148600150023,1.1073747873306274,0.7841171529144049,0.7371372934430838,3.296333372592926
1419,1419,1.997497797012329,2.096074342727661,0.02,2.359717475070048,1.1086487174034119,0.762565691024065,0.7599219335243106,3.335594654083252
1420,1420,1.887300968170166,2.011281967163086,0.02,2.386428242237745,1.1097882091999054,0.7549767512828112,0.7659753747284412,3.4494510293006897
1421,1421,1.8572239875793457,2.114428997039795,0.02,2.4118266937891635,1.099853664636612,0.7675063963979483,0.7710173977538943,3.420941412448883
1422,1422,1.9198566675186157,2.0105905532836914,0.02,2.4366925122514904,1.0986534357070923,0.7713042553514242,0.7650875113904476,3.381903111934662
1423,1423,1.9989858865737915,2.021010398864746,0.02,2.4577970553252797,1.1002211272716522,0.7670742897316813,0.7628370951861143,3.441104233264923
1424,1424,1.818931221961975,1.9157382249832153,0.02,2.4770089678007072,1.1056187152862549,0.7673751320689917,0.7593908784911036,3.3760626316070557
1425,1425,1.9310617446899414,2.019641637802124,0.02,2.313248139124579,1.0963303744792938,0.7456656582653522,0.7464043702930212,3.388548195362091
1426,1426,1.7174749374389648,2.2024874687194824,0.02,2.346547070084421,1.0875445008277893,0.749479865655303,0.7490423852577806,3.4889756441116333
1427,1427,1.928248405456543,1.9531170129776,0.02,2.375478493579488,1.0994114875793457,0.7635896196588874,0.7582275392487645,3.5602216720581055
1428,1428,1.8694500923156738,2.0115158557891846,0.02,2.4026017017557857,1.09638249874115,0.7658635675907135,0.765177353285253,3.526336431503296
1429,1429,1.9660563468933105,1.9500436782836914,0.02,2.4264198882853285,1.1101734340190887,0.772017702460289,0.7447375198826194,3.4075124263763428
1430,1430,1.8956414461135864,2.0726301670074463,0.02,2.445991159660968,1.087617188692093,0.7874263124540448,0.7633419763296843,3.458471417427063
1431,1431,1.9167582988739014,1.8987681865692139,0.02,2.465716199341535,1.0966592133045197,0.7707412941381335,0.7601510034874082,3.444141685962677
1432,1432,1.9150816202163696,1.9604294300079346,0.02,2.3034129287860035,1.101642519235611,0.7710995031520724,0.7543357592076063,3.3759852051734924
1433,1433,1.891160011291504,2.2758021354675293,0.02,2.336190256048066,1.0977196395397186,0.766484466381371,0.7570585440844297,3.3823593854904175
1434,1434,1.8343240022659302,1.964539885520935,0.02,2.36547112029353,1.1054320633411407,0.7790870722383261,0.7549299644306302,3.321069061756134
1435,1435,1.9451755285263062,2.0086112022399902,0.02,2.3948118535411456,1.0933327078819275,0.7842083163559437,0.7506022090092301,3.3155362010002136
1436,1436,1.8912092447280884,2.0473268032073975,0.02,2.418770086936141,1.0981388986110687,0.7743663843721151,0.7371280482038856,3.371514916419983
1437,1437,1.945486307144165,1.9470338821411133,0.02,2.440273658601301,1.1073962152004242,0.7755120359361172,0.7429044935852289,3.41059947013855
1438,1438,1.9213309288024902,2.12516450881958,0.02,2.459994294975159,1.0953197181224823,0.762830569408834,0.7343249088153243,3.419251263141632
1439,1439,2.0032639503479004,1.9900119304656982,0.02,2.4758863613439215,1.0971762537956238,0.7618531072512269,0.7499477919191122,3.447507321834564
1440,1440,1.9039204120635986,2.045304775238037,0.02,2.4912691594748573,1.100390911102295,0.7934200242161751,0.7624649796634912,3.5172394514083862
1441,1441,1.8412712812423706,2.109647512435913,0.02,2.503972634301794,1.100415289402008,0.7915031583979726,0.7562000639736652,3.5242393016815186
1442,1442,2.00447940826416,2.0115461349487305,0.02,2.5172903831118427,1.099585622549057,0.7875738479197025,0.760853786021471,3.459192931652069
1443,1443,1.8551398515701294,1.9905853271484375,0.02,2.5291724425429365,1.1067755222320557,0.7971597714349627,0.7484695473685861,3.3749139308929443
1444,1444,1.9152488708496094,2.068524122238159,0.02,2.5396228177897133,1.097627729177475,0.7837827438488603,0.7511452892795205,3.432359039783478
1445,1445,1.7901941537857056,1.9778180122375488,0.02,2.548601161657706,1.0934276580810547,0.7796060154214501,0.751067697070539,3.4675753712654114
1446,1446,1.9352538585662842,1.960229516029358,0.02,2.558619673153802,1.0913120210170746,0.7805093275383115,0.7570058731362224,3.4122036695480347
1447,1447,1.9034528732299805,2.093264102935791,0.02,2.566319872241742,1.0952441096305847,0.7756370445713401,0.7455043448135257,3.3889582753181458
1448,1448,1.9064363241195679,2.002671480178833,0.02,2.572297029950231,1.0950402319431305,0.7792525859549642,0.7481708899140358,3.463365912437439
1449,1449,1.741868019104004,1.9451335668563843,0.02,2.5779602631747665,1.1064158082008362,0.80565002001822,0.7529770275577903,3.422745704650879
1450,1450,1.8413413763046265,1.991347312927246,0.02,2.583176429095366,1.0969193875789642,0.7966969637200236,0.754706914536655,3.4860957860946655
1451,1451,1.8850388526916504,2.1133038997650146,0.02,2.590071619436501,1.0916264057159424,0.7567273881286383,0.7460446879267693,3.5895777344703674
1452,1452,1.9514858722686768,2.005497455596924,0.02,2.595415729180605,1.1017428934574127,0.7606157399713993,0.752761428244412,3.4736879467964172
1453,1453,1.8819336891174316,1.9555822610855103,0.02,2.5977242552411743,1.0950416922569275,0.7545959716662765,0.7605370497331023,3.4708219170570374
1454,1454,1.8862470388412476,2.004307746887207,0.02,2.6022880362507292,1.1011973917484283,0.7593802334740758,0.7451178329065442,3.4445691108703613
1455,1455,1.8797796964645386,1.9055278301239014,0.02,2.6027047240348566,1.0963053703308105,0.7635971894487739,0.7379453741014004,3.433912456035614
1456,1456,1.9393361806869507,2.0223426818847656,0.02,2.6028592547168317,1.1006447672843933,0.7648753952234983,0.7374736107885838,3.463424563407898
1457,1457,1.8892537355422974,1.891074538230896,0.02,2.607139717623365,1.1006342470645905,0.7745507461950183,0.7337283520027995,3.5281107425689697
1458,1458,1.8832093477249146,2.055767059326172,0.02,2.414964501432327,1.092174232006073,0.7578493114560843,0.7419591611251235,3.5451701283454895
1459,1459,1.9702502489089966,1.9975650310516357,0.02,2.4364414734551394,1.0908359587192535,0.7530033998191357,0.7500245487317443,3.5281256437301636
1460,1460,1.9859627485275269,1.9410088062286377,0.02,2.4561440115349513,1.0944725275039673,0.7628535311669111,0.7510036388412118,3.5177871584892273
1461,1461,1.7563058137893677,1.9475632905960083,0.02,2.472970358335373,1.107544183731079,0.7895386731252074,0.7466127593070269,3.4676437377929688
1462,1462,1.8940298557281494,2.101999044418335,0.02,2.4894163257213764,1.092223048210144,0.7534845182672143,0.7492413260042667,3.529423773288727
1463,1463,1.83353590965271,1.9894204139709473,0.02,2.5053603798847197,1.0924732089042664,0.7460577506572008,0.7587159303948283,3.517635226249695
1464,1464,1.856689214706421,1.9632045030593872,0.02,2.518424453470773,1.0870766639709473,0.7500805743038654,0.7647906318306923,3.496948778629303
1465,1465,1.9602810144424438,1.912065029144287,0.02,2.5299595974020845,1.086756944656372,0.7502320418134332,0.7594052022323012,3.411233365535736
1466,1466,1.9270094633102417,1.9179906845092773,0.02,2.5405617518497365,1.0890905559062958,0.7654881766065955,0.7611894747242332,3.4490349888801575
1467,1467,1.7873772382736206,2.017570734024048,0.02,2.549968937196855,1.0937892198562622,0.7630875604227185,0.756044608540833,3.5145312547683716
1468,1468,1.914698600769043,2.062727212905884,0.02,2.5577855357479287,1.095188558101654,0.7618989609181881,0.7605419419705868,3.4019246697425842
1469,1469,1.9435571432113647,1.9065989255905151,0.02,2.568573284286171,1.0969733595848083,0.7644729036837816,0.7490206267684698,3.5080983638763428
1470,1470,1.7973690032958984,1.9799861907958984,0.02,2.5755789877496764,1.0925553441047668,0.7589198956266046,0.7587107429280877,3.5421594381332397
1471,1471,1.9170769453048706,1.8940941095352173,0.02,2.5823582997985657,1.089515745639801,0.7661861684173346,0.7459155516698956,3.5153619050979614
1472,1472,1.9108489751815796,1.8346117734909058,0.02,2.5872261649692905,1.090356022119522,0.7572083668783307,0.7450491320341825,3.4446489214897156
1473,1473,1.9732420444488525,2.051095724105835,0.02,2.4115639798818735,1.0936334729194641,0.7448055995628238,0.7517033955082297,3.409376621246338
1474,1474,1.8773692846298218,1.9382092952728271,0.02,2.4345561202080614,1.0853622555732727,0.7626688797026873,0.7550912396982312,3.443936824798584
1475,1475,1.9354757070541382,2.0618174076080322,0.02,2.4542101731306816,1.0988623797893524,0.7556664440780878,0.7606678698211908,3.490839958190918
1476,1476,1.9153156280517578,1.985579013824463,0.02,2.4714964668329995,1.0877826809883118,0.7562692891806364,0.7557710399851203,3.448750078678131
1477,1477,1.8753637075424194,2.0735960006713867,0.02,2.489953500264206,1.0907917618751526,0.7660514414310455,0.7492954712361097,3.3686965703964233
1478,1478,1.8938640356063843,1.9643176794052124,0.02,2.5052582074064764,1.0864867568016052,0.760916386730969,0.7541820099577308,3.416150152683258
1479,1479,1.9457556009292603,2.0087058544158936,0.02,2.519154990056328,1.0885414481163025,0.7761356122791767,0.743353208526969,3.4834628105163574
1480,1480,1.9070031642913818,1.9888663291931152,0.02,2.5354571952412077,1.0927313566207886,0.7782678743824363,0.7450509117916226,3.515311121940613
1481,1481,1.8832236528396606,2.026784896850586,0.02,2.5462175570933128,1.0844530165195465,0.7700887154787779,0.7371636424213648,3.5103029012680054
1482,1482,1.812081217765808,2.1664154529571533,0.02,2.55410091091038,1.0891326665878296,0.7784634847193956,0.7378196474164724,3.4124019145965576
1483,1483,1.8774101734161377,1.945224404335022,0.02,2.5625778705571025,1.0840998589992523,0.7532511577010155,0.7412695754319429,3.496833562850952
1484,1484,1.8855741024017334,2.028451919555664,0.02,2.568439496422551,1.0817445516586304,0.7490565339103341,0.7580610308796167,3.5995489358901978
1485,1485,1.8963042497634888,1.8965340852737427,0.02,2.5746027678574754,1.0944546163082123,0.7660394804552197,0.7547775870189071,3.4192169308662415
1486,1486,1.8617010116577148,1.871999979019165,0.02,2.5796832605930815,1.0956088602542877,0.7676626518368721,0.753464532084763,3.333971619606018
1487,1487,1.9408915042877197,1.9654401540756226,0.02,2.5860933278266565,1.0936219692230225,0.7628849688917398,0.7510656211525202,3.427093744277954
1488,1488,1.9561351537704468,2.0060088634490967,0.02,2.592828318059745,1.0850527882575989,0.7697260985150933,0.7492161449044943,3.539710760116577
1489,1489,1.9070003032684326,1.9715055227279663,0.02,2.5979228749435186,1.09164160490036,0.7601882386952639,0.7437408957630396,3.4851845502853394
1490,1490,1.8588330745697021,1.9755465984344482,0.02,2.605003633137853,1.0871416330337524,0.7554989969357848,0.7340459497645497,3.3948137164115906
1491,1491,1.9327006340026855,1.9264726638793945,0.02,2.6077552950435785,1.0779205560684204,0.7614875780418515,0.74245342053473,3.4167824387550354
1492,1492,1.8828877210617065,1.926356554031372,0.02,2.6137617370084394,1.0925606489181519,0.7680623522028327,0.7416629483923316,3.458730459213257
1493,1493,1.9386122226715088,1.9291722774505615,0.02,2.6165872639452257,1.0851905345916748,0.7687266301363707,0.740438774228096,3.5324305295944214
1494,1494,1.750938057899475,2.125568151473999,0.02,2.6183639664256892,1.08444944024086,0.7713391166180372,0.7560911942273378,3.3416935801506042
1495,1495,1.8613024950027466,2.037101984024048,0.02,2.6216050037544196,1.0834084451198578,0.7613268829882145,0.7561585325747728,3.282898962497711
1496,1496,1.9546829462051392,1.9787750244140625,0.02,2.6206536393545403,1.0877503752708435,0.7889776332303882,0.7361135110259056,3.4744189381599426
1497,1497,1.8518718481063843,2.012030601501465,0.02,2.6240530764954952,1.08852818608284,0.7637470504269004,0.7368016159161925,3.6285391449928284
1498,1498,1.9187126159667969,2.04864764213562,0.02,2.6263550773097384,1.0818129777908325,0.7394967200234532,0.7483605360612273,3.52926367521286
1499,1499,1.915366291999817,1.9030567407608032,0.02,2.6277528292247547,1.087688148021698,0.75151551887393,0.7377039855346084,3.4012436270713806
1500,1500,1.7730767726898193,1.9232125282287598,0.02,2.6303137738754057,1.0790475904941559,0.7605086322873831,0.7487755781039596,3.408795118331909
1501,1501,1.8982032537460327,2.0180225372314453,0.02,2.631421909362821,1.0880981087684631,0.7566314116120338,0.7407541777938604,3.5358266830444336
1502,1502,1.8924577236175537,2.012066602706909,0.02,2.6313824186379833,1.086275428533554,0.7790983691811562,0.7379234777763486,3.6184754967689514
1503,1503,1.8872413635253906,2.0054078102111816,0.02,2.633556120982982,1.07953742146492,0.7564045917242765,0.7250771718099713,3.5853466987609863
1504,1504,1.8066625595092773,1.809686541557312,0.02,2.634809157531755,1.0732068121433258,0.7618019292131066,0.7365494593977928,3.4765173196792603
1505,1505,1.7901780605316162,1.9538744688034058,0.02,2.4549520231853195,1.090699702501297,0.751844541169703,0.7341330582275987,3.531213164329529
1506,1506,1.8489121198654175,1.8844630718231201,0.02,2.4746817861745147,1.093938797712326,0.7435840433463454,0.7275311257690191,3.562246561050415
1507,1507,1.7943795919418335,1.855696678161621,0.02,2.490491533015938,1.0833708941936493,0.7601104630157351,0.7377556283026934,3.471463620662689
1508,1508,1.845425009727478,2.003741979598999,0.02,2.503831661129465,1.0850020349025726,0.7618711199611425,0.7498910389840603,3.464385151863098
1509,1509,1.8746302127838135,1.945682406425476,0.02,2.519308908122089,1.0806348323822021,0.767197891138494,0.7563109863549471,3.6480101346969604
1510,1510,1.7236239910125732,1.9489384889602661,0.02,2.5312570612799137,1.0971546471118927,0.7728860815986991,0.7464030096307397,3.666140615940094
1511,1511,1.861756682395935,2.033745288848877,0.02,2.5411783507787886,1.084095686674118,0.758053925819695,0.7468841774389148,3.5979414582252502
1512,1512,1.8557441234588623,1.8758018016815186,0.02,2.549394394182737,1.0932140350341797,0.7541260421276093,0.7444198587909341,3.4116539359092712
1513,1513,1.9158644676208496,1.8794907331466675,0.02,2.5583360003808773,1.083600103855133,0.7537369802594185,0.7392663033679128,3.3371785283088684
1514,1514,1.8540905714035034,1.9654064178466797,0.02,2.5659697515951367,1.0898606181144714,0.7718556970357895,0.7367831924930215,3.4591315388679504
1515,1515,1.7737646102905273,1.8941833972930908,0.02,2.5725969147880554,1.0844928920269012,0.7605415703728795,0.7412351677194238,3.5458008646965027
1516,1516,1.887587547302246,1.96162748336792,0.02,2.5815577526835054,1.092283010482788,0.758341645821929,0.7406716793775558,3.432876944541931
1517,1517,2.031092643737793,1.8597731590270996,0.02,2.586907246540489,1.0879304111003876,0.7611372973769903,0.74859619140625,3.404304027557373
1518,1518,1.8000777959823608,1.9968435764312744,0.02,2.593593231613169,1.0862154960632324,0.7361665153875947,0.7330228080973029,3.43510502576828
1519,1519,1.578099012374878,1.9504016637802124,0.02,2.5971477066671658,1.0904488563537598,0.7430717144161463,0.7355800066143274,3.4091586470603943
1520,1520,1.7777060270309448,1.9925177097320557,0.02,2.602939271669162,1.0875223875045776,0.7612018622457981,0.7461121454834938,3.4929874539375305
1521,1521,1.9031546115875244,2.0017011165618896,0.02,2.606782851807755,1.0835665166378021,0.770925753749907,0.7412432599812746,3.4817660450935364
1522,1522,1.8204537630081177,1.9873145818710327,0.02,2.6090650679755623,1.0856066942214966,0.7600534595549107,0.7373172370716929,3.52594256401062
1523,1523,1.8919463157653809,1.93268883228302,0.02,2.611932561342221,1.0870732069015503,0.7634594077244401,0.744267120026052,3.5480966567993164
1524,1524,1.9257540702819824,2.026916027069092,0.02,2.613810171339698,1.0892384052276611,0.7759641641750932,0.7366070440039039,3.464359998703003
1525,1525,1.8404803276062012,1.8918282985687256,0.02,2.615714053676758,1.0803716778755188,0.760689277201891,0.7335122432559729,3.4749369621276855
1526,1526,1.8511356115341187,2.023075580596924,0.02,2.6199400904387917,1.0860254764556885,0.7556025506928563,0.7207463420927525,3.4353147745132446
1527,1527,1.812875747680664,2.0302255153656006,0.02,2.6229417365552607,1.0746464133262634,0.7695657387375832,0.7193057117983699,3.4001389145851135
1528,1528,1.8902720212936401,1.9598149061203003,0.02,2.6246798205637973,1.0732876658439636,0.7678527301177382,0.7289101183414459,3.4820830821990967
1529,1529,1.8978896141052246,1.9913581609725952,0.02,2.625412078532971,1.0734789669513702,0.7453612238168716,0.7458620993420482,3.630703926086426
1530,1530,1.8699806928634644,1.9323941469192505,0.02,2.628227337785636,1.0849891602993011,0.7665550373494625,0.7372036892920732,3.5218511819839478
1531,1531,1.9608030319213867,1.7909443378448486,0.02,2.629221611997619,1.0855747759342194,0.7685744212940335,0.734240910038352,3.4468098878860474
1532,1532,1.6683855056762695,1.914099097251892,0.02,2.4425192388509087,1.072029322385788,0.772440186701715,0.7326627420261502,3.522064685821533
1533,1533,1.7894052267074585,1.9600776433944702,0.02,2.4619683339442777,1.0847671031951904,0.7500344505533576,0.7061500260606408,3.405812919139862
1534,1534,1.8674912452697754,1.9751851558685303,0.02,2.478426248879609,1.087469458580017,0.7479805471375585,0.7124612601473927,3.385866641998291
1535,1535,1.8626741170883179,1.9312386512756348,0.02,2.4947863278976667,1.0839353203773499,0.7639399515464902,0.7133464096114039,3.4978858828544617
1536,1536,1.9422354698181152,1.858641266822815,0.02,2.5077088516248582,1.0806458294391632,0.767544711008668,0.7260524891316891,3.577767252922058
1537,1537,1.8813470602035522,2.044379472732544,0.02,2.51872402462243,1.0715521574020386,0.7491097496822476,0.7327351858839393,3.6130757331848145
1538,1538,1.7315623760223389,1.8271546363830566,0.02,2.529587702796244,1.072439819574356,0.7518886188045144,0.73701136931777,3.6081703305244446
1539,1539,1.7307603359222412,2.0016140937805176,0.02,2.5395139221800562,1.0787537693977356,0.7622556369751692,0.7247139858081937,3.4220730662345886
1540,1540,1.7523090839385986,1.98026442527771,0.02,2.549478609306408,1.0724450647830963,0.7562426161020994,0.7400464322417974,3.4129053950309753
1541,1541,1.8438973426818848,2.004142999649048,0.02,2.557343247901007,1.0830660462379456,0.7486853962764144,0.7322475500404835,3.4369710087776184
1542,1542,1.8753174543380737,1.8995851278305054,0.02,2.5627749169222183,1.0715486407279968,0.7585110366344452,0.7282813275232911,3.4474353194236755
1543,1543,1.8542022705078125,1.9418283700942993,0.02,2.5696518722564154,1.0790054202079773,0.7589055066928267,0.7276251576840878,3.4296549558639526
1544,1544,1.9167462587356567,2.033541679382324,0.02,2.575120503620805,1.0788134634494781,0.7392950719222426,0.7197597026824951,3.4914108514785767
1545,1545,1.7522854804992676,1.985427975654602,0.02,2.578583420247655,1.0732761323451996,0.7322784001007676,0.7218845412135124,3.512344479560852
1546,1546,1.7787847518920898,1.9473682641983032,0.02,2.5827763704844267,1.0733667016029358,0.7741191908717155,0.7346673421561718,3.6030426025390625
1547,1547,1.7731105089187622,1.975643515586853,0.02,2.5862306276728932,1.0712108612060547,0.744049503467977,0.732487971894443,3.6013355255126953
1548,1548,1.8705167770385742,1.8966022729873657,0.02,2.5899800250995675,1.0756371021270752,0.735495250672102,0.723733551800251,3.5263291597366333
1549,1549,1.8307541608810425,1.9353529214859009,0.02,2.5943705794948935,1.0670045018196106,0.7306967601180077,0.7260630009695888,3.637001097202301
1550,1550,1.935927152633667,2.0223445892333984,0.02,2.5976229787236464,1.0784285366535187,0.7376014990732074,0.727883156388998,3.650450050830841
1551,1551,1.773654580116272,1.8832073211669922,0.02,2.6006007302053957,1.0774487257003784,0.7561613479629159,0.7224975852295756,3.556383788585663
1552,1552,1.8709770441055298,1.8814061880111694,0.02,2.6033213928129766,1.0732848346233368,0.7601578673347831,0.7209189683198929,3.4303662180900574
1553,1553,1.7792102098464966,2.0506718158721924,0.02,2.6058384896367914,1.0699383616447449,0.7512327916920185,0.7127843657508492,3.438303053379059
1554,1554,1.9131501913070679,1.9257373809814453,0.02,2.6075618153851314,1.0756112933158875,0.7463030321523547,0.7251846380531788,3.470886468887329
1555,1555,1.9153211116790771,1.993786334991455,0.02,2.6108338836590192,1.0680624842643738,0.7558187609538436,0.7314718477427959,3.543170154094696
1556,1556,1.7872815132141113,1.8977806568145752,0.02,2.613024435768067,1.0696130692958832,0.7395934872329235,0.7258981121703982,3.480539560317993
1557,1557,1.862141489982605,1.8854776620864868,0.02,2.613511990420223,1.0669378638267517,0.7538432078436017,0.7294651763513684,3.3855255246162415
1558,1558,1.7842923402786255,1.9350037574768066,0.02,2.614515443218028,1.0718517899513245,0.7605566801503301,0.7230794979259372,3.417043924331665
1559,1559,1.8027383089065552,1.9163920879364014,0.02,2.6133018773341514,1.0692878663539886,0.7401429386809468,0.7187145575881004,3.522913098335266
1560,1560,1.8860286474227905,1.9816356897354126,0.02,2.609271469373799,1.0616991221904755,0.7382334908470511,0.7289381856098771,3.6112725138664246
1561,1561,1.7698265314102173,1.8908052444458008,0.02,2.609073814581096,1.063875526189804,0.7435100562870502,0.742226691916585,3.547235071659088
1562,1562,1.82600736618042,2.1538784503936768,0.02,2.608096213260151,1.0733364820480347,0.7562721576541662,0.728257404640317,3.513620913028717
1563,1563,1.799500823020935,1.8757269382476807,0.02,2.6069525056367837,1.0755845606327057,0.7597521375864744,0.727293155156076,3.527998924255371
1564,1564,1.9218271970748901,1.9910101890563965,0.02,2.6099802641297156,1.0754352807998657,0.7457823706790805,0.7325849896296859,3.5479487776756287
1565,1565,1.7490795850753784,1.9419775009155273,0.02,2.6069641661063265,1.0757468044757843,0.7440935904160142,0.7222193470224738,3.5943203568458557
1566,1566,1.800658106803894,2.031965732574463,0.02,2.6100787555522773,1.0683955550193787,0.7413952574133873,0.720148173160851,3.549290716648102
1567,1567,1.8505879640579224,1.9142686128616333,0.02,2.610396767351748,1.0705271065235138,0.7479042913764715,0.7222705660387874,3.479364335536957
1568,1568,1.8613057136535645,1.9376461505889893,0.02,2.612152714615405,1.078378826379776,0.7316667065024376,0.725123317912221,3.432838022708893
1569,1569,1.7554248571395874,1.9298042058944702,0.02,2.614017261841838,1.0633882284164429,0.7352915201336145,0.7318004285916686,3.427040696144104
1570,1570,1.8102216720581055,1.979868769645691,0.02,2.618749507463931,1.0682618618011475,0.7360215224325657,0.7308363988995552,3.5613552927970886
1571,1571,1.7864383459091187,1.9903795719146729,0.02,2.620461685819793,1.0660685002803802,0.7460459182038903,0.7357395403087139,3.616358518600464
1572,1572,1.8366926908493042,1.9045445919036865,0.02,2.6210831563548287,1.0741116106510162,0.7456212341785431,0.7179954340681434,3.5075730085372925
1573,1573,1.8294355869293213,1.976333737373352,0.02,2.625173980046247,1.075461208820343,0.7498735375702381,0.7166308779269457,3.379987359046936
1574,1574,1.880231499671936,1.9317097663879395,0.02,2.6259594163834348,1.0712088346481323,0.7425744645297527,0.7286729104816914,3.423264265060425
1575,1575,1.7775647640228271,1.8793063163757324,0.02,2.62626634483542,1.0803999304771423,0.7472827322781086,0.723972175270319,3.4659313559532166
1576,1576,1.8672391176223755,2.0546422004699707,0.02,2.628052264694622,1.0686219334602356,0.738292315043509,0.7191256862133741,3.5955045223236084
1577,1577,1.7554532289505005,1.8080534934997559,0.02,2.6283567031685857,1.0621846616268158,0.7510151164606214,0.7245744680985808,3.4989219307899475
1578,1578,1.7003538608551025,1.9887664318084717,0.02,2.627015854661621,1.070863127708435,0.769987995736301,0.7296006055548787,3.4502734541893005
1579,1579,1.825584888458252,1.8959743976593018,0.02,2.6270235641203374,1.074317306280136,0.7451533330604434,0.7257233411073685,3.476582884788513
1580,1580,1.7536332607269287,1.7989915609359741,0.02,2.6270920186931166,1.0709889233112335,0.7388450875878334,0.7269261814653873,3.56085866689682
1581,1581,1.8534950017929077,1.812393307685852,0.02,2.624771757793853,1.0652291476726532,0.7406323300674558,0.7273518135771155,3.5500212907791138
1582,1582,1.7799363136291504,1.953298568725586,0.02,2.624345874276005,1.0757650434970856,0.7383708506822586,0.7195110572502017,3.502070665359497
1583,1583,1.800624966621399,1.8947618007659912,0.02,2.6247893236693076,1.0706585049629211,0.7358801681548357,0.7268055751919746,3.542491376399994
1584,1584,1.8290537595748901,2.0157418251037598,0.02,2.6240147197871333,1.0758585035800934,0.7759590689092875,0.7214985992759466,3.474297046661377
1585,1585,1.8790152072906494,1.911911964416504,0.02,2.6239748248320325,1.0768106281757355,0.7816069712862372,0.7111408738419414,3.540768563747406
1586,1586,1.8175777196884155,1.8835614919662476,0.02,2.62495293761137,1.0755808353424072,0.7496424848213792,0.7122919736430049,3.5591519474983215
1587,1587,1.7210139036178589,2.0158791542053223,0.02,2.6232848793761954,1.0888405740261078,0.7514118552207947,0.7121971417218447,3.388951361179352
1588,1588,1.741339921951294,1.9102107286453247,0.02,2.622605605834802,1.0710063576698303,0.7343314113095403,0.7197380717843771,3.472203552722931
1589,1589,1.7296802997589111,1.897292137145996,0.02,2.6219844202887006,1.069706380367279,0.7624008608981967,0.7193658668547869,3.5141538977622986
1590,1590,1.8493318557739258,1.8365801572799683,0.02,2.622716667182661,1.0649662017822266,0.7547490717843175,0.7147515341639519,3.4813560843467712
1591,1591,1.8923511505126953,1.8824509382247925,0.02,2.623218788763485,1.0743878185749054,0.737778477370739,0.7030993225052953,3.3434413075447083
1592,1592,1.7487831115722656,1.9759024381637573,0.02,2.6236955117625604,1.0614141523838043,0.7444078186526895,0.6933001121506095,3.4895899295806885
1593,1593,1.8474682569503784,1.8956091403961182,0.02,2.62543539311709,1.0745185911655426,0.7447525514289737,0.6813256591558456,3.471556067466736
1594,1594,1.8323880434036255,1.9622430801391602,0.02,2.624436808636519,1.0670772790908813,0.7321787541732192,0.7036173716187477,3.5640987157821655
1595,1595,1.7670382261276245,1.8854334354400635,0.02,2.625008302797684,1.0628481805324554,0.7375391246750951,0.7134315688163042,3.632439613342285
1596,1596,1.8554346561431885,1.9061092138290405,0.02,2.6250769751929006,1.069480448961258,0.7475882647559047,0.7071849927306175,3.50431889295578
1597,1597,1.7609752416610718,1.877317190170288,0.02,2.6265845028083774,1.0685695707798004,0.7480534641072154,0.7204546835273504,3.4856387972831726
1598,1598,1.790140986442566,1.790749430656433,0.02,2.6254995229446823,1.0711404979228973,0.7360924705862999,0.7194134062156081,3.552435576915741
1599,1599,1.8081609010696411,1.9284520149230957,0.02,2.4374490157215165,1.0662308633327484,0.7312017818912864,0.7201489442959428,3.42780464887619
1600,1600,1.775263786315918,1.9438985586166382,0.02,2.457271272714215,1.0537023842334747,0.7303173029795289,0.7247333684936166,3.4246912598609924
1601,1601,1.6252297163009644,1.8848668336868286,0.02,2.475851230880308,1.061594694852829,0.7295793481171131,0.7139663100242615,3.415327489376068
1602,1602,1.6719640493392944,1.9338003396987915,0.02,2.4901339466915724,1.0629148185253143,0.7387221930548549,0.7140121478587389,3.5076762437820435
1603,1603,1.7932915687561035,1.9864178895950317,0.02,2.503756462246621,1.0628851354122162,0.7516989400610328,0.706654074601829,3.585956037044525
1604,1604,1.8050614595413208,2.058396816253662,0.02,2.5151915015586344,1.07537379860878,0.7669569561257958,0.6982380719855428,3.538592219352722
1605,1605,1.7167599201202393,1.912545084953308,0.02,2.523430363436935,1.0623252987861633,0.7473888704553246,0.6948604127392173,3.6636215448379517
1606,1606,1.7158195972442627,1.8625702857971191,0.02,2.5339445075930542,1.0609809160232544,0.737344466149807,0.6940752407535911,3.5743338465690613
1607,1607,1.6872892379760742,2.0746452808380127,0.02,2.5446173883907592,1.0652907192707062,0.7345336172729731,0.6990090617910028,3.476356625556946
1608,1608,1.6944711208343506,2.08418345451355,0.02,2.5516091997727,1.0788365602493286,0.7320181429386139,0.698147795163095,3.4589046835899353
1609,1609,1.759885549545288,1.8899357318878174,0.02,2.559312412034551,1.061059832572937,0.72427496034652,0.7044290332123637,3.5650628209114075
1610,1610,1.7377687692642212,1.8902167081832886,0.02,2.566409272046953,1.0600042641162872,0.733295040205121,0.7114143101498485,3.6180890798568726
1611,1611,1.7137842178344727,2.0332553386688232,0.02,2.5735753497612484,1.0738538801670074,0.7304137572646141,0.7094500912353396,3.448385536670685
1612,1612,1.7689557075500488,1.9161251783370972,0.02,2.5776890512346027,1.07725191116333,0.7386676641181111,0.702977848239243,3.290895998477936
1613,1613,1.6900224685668945,1.8389657735824585,0.02,2.582326250904443,1.062997430562973,0.7298523150384426,0.7054857965558767,3.548867344856262
1614,1614,1.7385139465332031,1.9966241121292114,0.02,2.5870064305258635,1.068337619304657,0.7341014612466097,0.7014649817720056,3.6444708704948425
1615,1615,1.820831298828125,1.853129267692566,0.02,2.5909089853042038,1.061529815196991,0.7375087374821305,0.7059487728402019,3.584922134876251
1616,1616,1.746749997138977,1.7787673473358154,0.02,2.596279888750022,1.064381092786789,0.7274445118382573,0.6974476333707571,3.5787580013275146
1617,1617,1.728069543838501,1.8406260013580322,0.02,2.4204483089042816,1.0671934485435486,0.732033564709127,0.700293711386621,3.667758882045746
1618,1618,1.8036482334136963,1.9086415767669678,0.02,2.4403334255691185,1.0708999633789062,0.7361266780644655,0.7061770278960466,3.5180870294570923
1619,1619,1.6375278234481812,1.9196865558624268,0.02,2.4585340974752845,1.0633447766304016,0.7438552090898156,0.7179903676733375,3.536358892917633
1620,1620,1.7351045608520508,2.090799570083618,0.02,2.475261090830451,1.0645433962345123,0.7484690900892019,0.7238585315644741,3.5520747900009155
1621,1621,1.7728629112243652,1.9222602844238281,0.02,2.490704428142071,1.0652106702327728,0.7454123701900244,0.729894669726491,3.561501622200012
1622,1622,1.8547438383102417,1.9018887281417847,0.02,2.5044206761018284,1.0572764873504639,0.7409325204789639,0.7325941417366266,3.507558226585388
1623,1623,1.779947280883789,1.9633275270462036,0.02,2.515464585292778,1.0581318736076355,0.730750841088593,0.7233345145359635,3.455186605453491
1624,1624,1.809432864189148,1.8921918869018555,0.02,2.5279523883990227,1.06361785531044,0.735352385789156,0.7221152540296316,3.521462082862854
1625,1625,1.7136129140853882,1.928853988647461,0.02,2.5367729131542807,1.0610537230968475,0.7290004752576351,0.7093388540670276,3.5513126850128174
1626,1626,1.8212803602218628,1.9762147665023804,0.02,2.5457146792063545,1.055637389421463,0.7330886637791991,0.6967000048607588,3.551081120967865
1627,1627,1.7882429361343384,1.9485493898391724,0.02,2.5537533474281933,1.059808224439621,0.7573593696579337,0.7056325571611524,3.5381205677986145
1628,1628,1.7403669357299805,1.9467748403549194,0.02,2.5625425977484,1.055782973766327,0.7292092693969607,0.7136457627639174,3.513787031173706
1629,1629,1.718334436416626,2.0128660202026367,0.02,2.5694099433154363,1.0611786544322968,0.72980847209692,0.7108230274170637,3.5069433450698853
1630,1630,1.7086495161056519,1.9006297588348389,0.02,2.5739804796652845,1.0503098666667938,0.7301858887076378,0.719262482598424,3.565768539905548
1631,1631,1.7497107982635498,1.902906060218811,0.02,2.579511133366884,1.0587828159332275,0.7443606704473495,0.7123409966006875,3.6083136796951294
1632,1632,1.7603216171264648,1.9093014001846313,0.02,2.5839166504566564,1.0462681353092194,0.7359934449195862,0.7052999353036284,3.5966033935546875
1633,1633,1.754288911819458,1.883500576019287,0.02,2.5898240385717908,1.0443301498889923,0.7312493287026882,0.7021279847249389,3.6251730918884277
1634,1634,1.8890477418899536,1.9753572940826416,0.02,2.592732144788595,1.0474393963813782,0.7369953040033579,0.7044920083135366,3.64310222864151
1635,1635,1.8522666692733765,1.9144073724746704,0.02,2.596020505969353,1.0522695183753967,0.7321791993454099,0.70174081902951,3.7449269890785217
1636,1636,1.8216204643249512,1.820736289024353,0.02,2.598936441001702,1.0538491308689117,0.7345964601263404,0.6998717365786433,3.625010669231415
1637,1637,1.756057620048523,1.974678874015808,0.02,2.602000316703318,1.0516197383403778,0.7159202480688691,0.7030554274097085,3.4112762212753296
1638,1638,1.8066226243972778,1.8452296257019043,0.02,2.6060100120310756,1.0541987121105194,0.7284207651391625,0.7070778468623757,3.3091996908187866
1639,1639,1.7976921796798706,1.8996737003326416,0.02,2.6071517360563776,1.0557034313678741,0.7277497770264745,0.7033365797251463,3.5377148389816284
1640,1640,1.6846245527267456,1.9703295230865479,0.02,2.6090566111028823,1.0521332025527954,0.7221968080848455,0.705143891274929,3.50132155418396
1641,1641,1.8125861883163452,1.8425099849700928,0.02,2.6105748701260962,1.0541609227657318,0.7320473380386829,0.699681774713099,3.4378101229667664
1642,1642,1.8326492309570312,2.002985954284668,0.02,2.6106951415562074,1.0574409067630768,0.7421527812257409,0.7106607081368566,3.492523729801178
1643,1643,1.7810522317886353,1.8838449716567993,0.02,2.611605874974021,1.051350623369217,0.7295610103756189,0.7121579023078084,3.613107144832611
1644,1644,1.749910831451416,1.9535620212554932,0.02,2.611880171496455,1.0538249611854553,0.7286017574369907,0.715886258520186,3.558270752429962
1645,1645,1.8130515813827515,1.9215824604034424,0.02,2.6132834587823024,1.0542626678943634,0.7387051312252879,0.7156917778775096,3.570262849330902
1646,1646,1.776462435722351,1.9554980993270874,0.02,2.6151712846653496,1.0505191683769226,0.7303494568914175,0.7119338773190975,3.486109137535095
1647,1647,1.9363371133804321,2.0208425521850586,0.02,2.6137695456286947,1.0502294898033142,0.7217596219852567,0.7124967100098729,3.4971587657928467
1648,1648,1.7709124088287354,1.9301263093948364,0.02,2.613237428183801,1.0531753301620483,0.7272753622382879,0.7078020209446549,3.562473714351654
1649,1649,1.6558645963668823,1.965508222579956,0.02,2.616050189897627,1.0518829226493835,0.7317558126524091,0.705315631814301,3.4889087677001953
1650,1650,1.7687283754348755,1.9752163887023926,0.02,2.61629921188337,1.0570540726184845,0.7283827317878604,0.7049701996147633,3.4514041543006897
1651,1651,1.8087050914764404,1.8083080053329468,0.02,2.6175652069969977,1.0520851910114288,0.7266571233049035,0.7116743139922619,3.387949287891388
1652,1652,1.812011957168579,1.8182371854782104,0.02,2.6185140134331557,1.0462611615657806,0.7323497384786606,0.7161894636228681,3.6082751750946045
1653,1653,1.7368391752243042,1.7739845514297485,0.02,2.6203766247621196,1.0461426973342896,0.7328581046313047,0.7149265371263027,3.634427487850189
1654,1654,1.8033398389816284,1.8464910984039307,0.02,2.443177394328755,1.0432758331298828,0.7344222096726298,0.7190875532105565,3.6427453756332397
1655,1655,1.7857346534729004,1.9933592081069946,0.02,2.4612568529261294,1.051024615764618,0.7384783560410142,0.7006688807159662,3.5197079181671143
1656,1656,1.8137685060501099,1.9797565937042236,0.02,2.4782537680575163,1.0565649271011353,0.7285068091005087,0.7035210998728871,3.535611391067505
1657,1657,1.8220235109329224,1.9086871147155762,0.02,2.4927414996650197,1.0540212094783783,0.7341252770274878,0.712155289016664,3.52300763130188
1658,1658,1.7941431999206543,1.8436377048492432,0.02,2.508058891372403,1.0477968156337738,0.7233382193371654,0.7049057809635997,3.449268877506256
1659,1659,1.7378876209259033,1.9262360334396362,0.02,2.518846142196793,1.0526238083839417,0.719965017400682,0.7026637624949217,3.4930694699287415
1660,1660,1.7415097951889038,1.850239634513855,0.02,2.529438908648459,1.0443054735660553,0.7318279398605227,0.7074516853317618,3.546218454837799
1661,1661,1.6877273321151733,1.8947442770004272,0.02,2.53954101890012,1.0463150143623352,0.7320013949647546,0.7031379584223032,3.4582223296165466
1662,1662,1.8391573429107666,1.859584093093872,0.02,2.5477043549209974,1.0436364710330963,0.7164213275536895,0.7011330276727676,3.552782654762268
1663,1663,1.7442094087600708,1.7808536291122437,0.02,2.5575395490376103,1.046521246433258,0.7146393209695816,0.7154587507247925,3.6199459433555603
1664,1664,1.7382562160491943,1.8105467557907104,0.02,2.563447600803004,1.0387669801712036,0.7309466050937772,0.7155788550153375,3.636430084705353
1665,1665,1.7443472146987915,1.8879605531692505,0.02,2.5699252680406452,1.0437379479408264,0.7388637335970998,0.7040423527359962,3.608887255191803
1666,1666,1.8204292058944702,2.0475354194641113,0.02,2.5753903191692036,1.0448680222034454,0.7316042426973581,0.7044325545430183,3.6090497374534607
1667,1667,1.5921200513839722,1.8649537563323975,0.02,2.582298011474113,1.0418455302715302,0.7204576451331377,0.7150741489604115,3.6742411255836487
1668,1668,1.8053512573242188,1.9533627033233643,0.02,2.586585205441687,1.042380005121231,0.7094420976936817,0.7104835277423263,3.560092031955719
1669,1669,1.769667625427246,1.9809545278549194,0.02,2.5899227168501726,1.0418057143688202,0.7287286622449756,0.7142719971016049,3.519949436187744
1670,1670,1.7767105102539062,1.932349443435669,0.02,2.593595109372805,1.0511274635791779,0.7379454420879483,0.7045305706560612,3.554524838924408
1671,1671,1.8281114101409912,1.939548373222351,0.02,2.596163573834635,1.0384293794631958,0.7199075892567635,0.6938015734776855,3.6209548115730286
1672,1672,1.8098154067993164,1.9691503047943115,0.02,2.600297218344,1.0478136539459229,0.7149382214993238,0.6857985174283385,3.6451117992401123
1673,1673,1.8330638408660889,2.0412039756774902,0.02,2.6031018381688935,1.0519665777683258,0.7111219493672252,0.6845185849815607,3.657317578792572
1674,1674,1.843264102935791,1.862727403640747,0.02,2.6055297193321025,1.0500543713569641,0.7280565379187465,0.690854855813086,3.4924102425575256
1675,1675,1.8293867111206055,2.1682016849517822,0.02,2.6076731474476547,1.0505837202072144,0.749617955647409,0.6936075836420059,3.3375430703163147
1676,1676,1.6538199186325073,1.8978482484817505,0.02,2.610751853891279,1.038805365562439,0.731568637304008,0.7031629830598831,3.44083833694458
1677,1677,1.6792658567428589,1.8768446445465088,0.02,2.612667983127199,1.0446991622447968,0.7219484150409698,0.6960136713460088,3.5704280138015747
1678,1678,1.7778708934783936,1.8094993829727173,0.02,2.6132167963825217,1.0470041334629059,0.7194722825661302,0.7076800689101219,3.597110867500305
1679,1679,1.7412704229354858,1.983498454093933,0.02,2.615717126555073,1.0356849133968353,0.7253782702609897,0.7112033702433109,3.5394864082336426
1680,1680,1.7144831418991089,1.9288177490234375,0.02,2.615649081316623,1.0474064350128174,0.7384064216166735,0.7012175414711237,3.5070122480392456
1681,1681,1.6540976762771606,2.1136233806610107,0.02,2.6182256916598203,1.0551091134548187,0.7458934746682644,0.6870301263406873,3.441445767879486
1682,1682,1.7316961288452148,1.8743659257888794,0.02,2.61815175591363,1.0424580872058868,0.713534084148705,0.6930401707068086,3.5719343423843384
1683,1683,1.711763620376587,1.9293856620788574,0.02,2.6191709219815604,1.0361106991767883,0.7081916742026806,0.7052457071840763,3.503594696521759
1684,1684,1.8407469987869263,1.9577792882919312,0.02,2.61957781734619,1.0410985052585602,0.7065648389980197,0.7060803882777691,3.448553502559662
1685,1685,1.7002664804458618,1.8570555448532104,0.02,2.6207356706187555,1.0485295355319977,0.7069819504395127,0.6958888554945588,3.505991756916046
1686,1686,1.7819163799285889,1.8549727201461792,0.02,2.6197869295033787,1.0499606132507324,0.7203694451600313,0.6890663951635361,3.4399267435073853
1687,1687,1.8664463758468628,1.8750362396240234,0.02,2.6216762720107627,1.03737211227417,0.735207381658256,0.700027335435152,3.5162174701690674
1688,1688,1.6846270561218262,1.8435661792755127,0.02,2.6230718096301837,1.0458994507789612,0.7339303083717823,0.7019305499270558,3.497282862663269
1689,1689,1.7782081365585327,1.926300048828125,0.02,2.622637395748792,1.0464695990085602,0.7394587760791183,0.7064745090901852,3.3780165910720825
1690,1690,1.6471349000930786,1.902084231376648,0.02,2.6215876955700357,1.0344222784042358,0.728602739982307,0.7139887809753418,3.49228572845459
1691,1691,1.6706206798553467,1.9103748798370361,0.02,2.6159460802074816,1.0404805839061737,0.7448641993105412,0.7072975086048245,3.514070689678192
1692,1692,1.649040937423706,2.0146255493164062,0.02,2.612707008368608,1.0415120720863342,0.7313364576548338,0.7021664138883352,3.524811089038849
1693,1693,1.628692388534546,1.8896597623825073,0.02,2.611063462524675,1.0396551191806793,0.7463764855638146,0.7036008527502418,3.5651310682296753
1694,1694,1.815413236618042,1.8582592010498047,0.02,2.612549411782839,1.043437272310257,0.7240684488788247,0.6929554035887122,3.504296123981476
1695,1695,1.8584970235824585,1.8961751461029053,0.02,2.614938532345277,1.047191560268402,0.7220556437969208,0.6870893053710461,3.516859233379364
1696,1696,1.8081028461456299,1.8800653219223022,0.02,2.615438737911985,1.0355750620365143,0.7207853081636131,0.6988939475268126,3.6000088453292847
1697,1697,1.7870796918869019,1.9107873439788818,0.02,2.616630944756843,1.0339651107788086,0.709870308637619,0.7023261766880751,3.638175129890442
1698,1698,1.7103081941604614,1.8518309593200684,0.02,2.6177078996352727,1.0383198857307434,0.7105246325954795,0.6977145373821259,3.4879168272018433
1699,1699,1.6369640827178955,1.730668544769287,0.02,2.6199503311240084,1.0355746746063232,0.7230208711698651,0.7030932204797864,3.50594425201416
1700,1700,1.7466081380844116,1.9595048427581787,0.02,2.429180710158722,1.033631592988968,0.7267374070361257,0.6997262639924884,3.601687252521515
1701,1701,1.7087241411209106,2.1097981929779053,0.02,2.4475080647904304,1.0429080724716187,0.722421164624393,0.6854635812342167,3.6277615427970886
1702,1702,1.7313034534454346,1.8884427547454834,0.02,2.465060477371719,1.0449222326278687,0.7174982875585556,0.6992330541834235,3.493743121623993
1703,1703,1.7707700729370117,1.8181607723236084,0.02,2.480110199990535,1.0448676645755768,0.7398127689957619,0.6954115824773908,3.5627973675727844
1704,1704,1.6394797563552856,1.9169687032699585,0.02,2.495145181107988,1.039542704820633,0.7322381818667054,0.6905264239758253,3.55743807554245
1705,1705,1.7828034162521362,1.9246935844421387,0.02,2.5080991320663224,1.0450678765773773,0.721961778588593,0.6917257066816092,3.523734390735626
1706,1706,1.733036994934082,1.8833214044570923,0.02,2.5181056990265622,1.0433915257453918,0.7263457626104355,0.6917431568726897,3.5895832777023315
1707,1707,1.8003692626953125,1.902424931526184,0.02,2.5278745000938017,1.03448486328125,0.7258095219731331,0.7094564605504274,3.65097439289093
1708,1708,1.7817045450210571,1.8964149951934814,0.02,2.5382335347375387,1.0418797433376312,0.716733779758215,0.715022636577487,3.473603844642639
1709,1709,1.7390843629837036,1.8856306076049805,0.02,2.546161768879291,1.0371126532554626,0.7097458951175213,0.7258748337626457,3.3460753560066223
1710,1710,1.7013928890228271,1.6645833253860474,0.02,2.5542786961675565,1.0379131436347961,0.7221404016017914,0.7262726295739412,3.419692099094391
1711,1711,1.7287216186523438,1.7582180500030518,0.02,2.383359711318538,1.0483446419239044,0.7241788990795612,0.7145738946273923,3.491457223892212
1712,1712,1.6696528196334839,1.8960528373718262,0.02,2.4068787666799545,1.0432593822479248,0.7278012074530125,0.7064086040481925,3.509463906288147
1713,1713,1.7669095993041992,1.7512030601501465,0.02,2.43095057846426,1.037978321313858,0.7172647453844547,0.7084848517552018,3.433949887752533
1714,1714,1.7157968282699585,2.0263454914093018,0.02,2.45043195982392,1.0392928719520569,0.7139464896172285,0.6973454933613539,3.492810547351837
1715,1715,1.7230535745620728,1.843230128288269,0.02,2.4673759168468408,1.0440146923065186,0.7250523827970028,0.6997189493849874,3.6105048060417175
1716,1716,1.662355661392212,1.773967981338501,0.02,2.482922756506104,1.0385054349899292,0.7162799034267664,0.6962041174992919,3.755591928958893
1717,1717,1.7965776920318604,1.91901695728302,0.02,2.497242599440038,1.0431342422962189,0.722861816175282,0.6800814149901271,3.573298752307892
1718,1718,1.6575580835342407,1.868540644645691,0.02,2.511887691635542,1.0390726029872894,0.7274835659191012,0.6930463863536716,3.416715383529663
1719,1719,1.7091206312179565,1.9141771793365479,0.02,2.5224968011945754,1.0329869091510773,0.7179958801716566,0.7050349116325378,3.5198928117752075
1720,1720,1.6590659618377686,1.8617897033691406,0.02,2.532987170429232,1.0454918444156647,0.7084766607731581,0.7057981183752418,3.496124505996704
1721,1721,1.735612392425537,1.8269399404525757,0.02,2.542690703490507,1.0424329340457916,0.7181919761933386,0.7109850412234664,3.456050932407379
1722,1722,1.6126034259796143,1.8787096738815308,0.02,2.5521296485651677,1.042031466960907,0.7312887124717236,0.7065403992310166,3.385091543197632
1723,1723,1.7256132364273071,1.8825792074203491,0.02,2.559461416049728,1.0389419794082642,0.7250995598733425,0.7063813200220466,3.4504830837249756
1724,1724,1.5470030307769775,1.7598695755004883,0.02,2.565285573515123,1.0414469540119171,0.7186015360057354,0.6933398749679327,3.4904131293296814
1725,1725,1.5831102132797241,1.8535133600234985,0.02,2.571877626430889,1.0426599979400635,0.7213350459933281,0.6814039079472423,3.4889641404151917
1726,1726,1.7289409637451172,1.8437952995300293,0.02,2.5774537279683365,1.0404532253742218,0.7211357555352151,0.6823262153193355,3.567871570587158
1727,1727,1.8419890403747559,1.7935845851898193,0.02,2.583446359566093,1.0475673377513885,0.7170717371627688,0.6786315180361271,3.5673921704292297
1728,1728,1.62065851688385,1.8569927215576172,0.02,2.5871174887110877,1.047559678554535,0.7106068069115281,0.6832959474995732,3.527502715587616
1729,1729,1.7554519176483154,1.9628188610076904,0.02,2.591283776660882,1.0431815385818481,0.7245289199054241,0.6934600826352835,3.4505909085273743
1730,1730,1.7435694932937622,1.949477195739746,0.02,2.5941257822969943,1.040873646736145,0.7147457133978605,0.692433524876833,3.663768470287323
1731,1731,1.7682486772537231,1.9115142822265625,0.02,2.595196707496016,1.0417380928993225,0.7131204046308994,0.6898340415209532,3.672598719596863
1732,1732,1.5437126159667969,1.8311923742294312,0.02,2.5970196113899084,1.0456202626228333,0.7182324547320604,0.699498862028122,3.5801421403884888
1733,1733,1.6897550821304321,1.8371721506118774,0.02,2.6015624983107846,1.0376704037189484,0.7111362190917134,0.6904411176219583,3.5032525062561035
1734,1734,1.7033956050872803,1.8223202228546143,0.02,2.6030800645110688,1.0396299958229065,0.7071151342242956,0.6991328308358788,3.663957417011261
1735,1735,1.706438660621643,1.8127259016036987,0.02,2.6055180607159745,1.0376999974250793,0.7160854451358318,0.6988532692193985,3.654525339603424
1736,1736,1.6383463144302368,1.9757136106491089,0.02,2.6079406707720514,1.036702960729599,0.7101189596578479,0.6931758280843496,3.6347503662109375
1737,1737,1.8224589824676514,1.7953861951828003,0.02,2.6110726943844256,1.0376677215099335,0.7154255639761686,0.6881927018985152,3.726170003414154
1738,1738,1.7387961149215698,2.0013513565063477,0.02,2.6115172622803495,1.0451068878173828,0.7218512063845992,0.6851480826735497,3.568471074104309
1739,1739,1.6614056825637817,2.1145734786987305,0.02,2.613032183525387,1.0355932414531708,0.7360690766945481,0.688947700895369,3.522256553173065
1740,1740,1.8270560503005981,1.9820483922958374,0.02,2.614509700800969,1.0387563705444336,0.7181234247982502,0.6866933349519968,3.6104475259780884
1741,1741,1.6051247119903564,1.7961653470993042,0.02,2.6153550276778184,1.0432420372962952,0.7096429988741875,0.6928785042837262,3.6612672805786133
1742,1742,1.623605489730835,1.9155592918395996,0.02,2.6178848519935687,1.031126618385315,0.7115081269294024,0.7045625895261765,3.6239019632339478
1743,1743,1.7690399885177612,1.7847023010253906,0.02,2.617524374464406,1.0453429222106934,0.7160797631368041,0.7023458033800125,3.462861120700836
1744,1744,1.7416560649871826,1.8878659009933472,0.02,2.6193800384418573,1.0323640704154968,0.7329094130545855,0.710480647161603,3.5508795976638794
1745,1745,1.7544894218444824,1.8976449966430664,0.02,2.6204214206461995,1.035548448562622,0.7275225976482034,0.7046214509755373,3.6516236662864685
1746,1746,1.6328060626983643,1.8439058065414429,0.02,2.622264327581856,1.0251704454421997,0.727713892236352,0.7018903624266386,3.7374833822250366
1747,1747,1.7144495248794556,1.8542251586914062,0.02,2.6216300512378194,1.0335451662540436,0.7336695077829063,0.685420198366046,3.587291896343231
1748,1748,1.7121468782424927,1.8835744857788086,0.02,2.6219889938752647,1.0346566140651703,0.7205436979420483,0.6917772432789207,3.588979661464691
1749,1749,1.6494795083999634,2.0093727111816406,0.02,2.622822173248763,1.0362789034843445,0.7389903981238604,0.6923765186220407,3.545560836791992
1750,1750,1.721031665802002,1.8222142457962036,0.02,2.6231322514345177,1.0263852775096893,0.7116875201463699,0.7050180500373244,3.5818445682525635
1751,1751,1.702545166015625,1.8116097450256348,0.02,2.6241637181684574,1.0250589549541473,0.714556950610131,0.6972933206707239,3.6821544766426086
1752,1752,1.8153231143951416,1.7781904935836792,0.02,2.624260379484148,1.0378433167934418,0.7399663422256708,0.6903296923264861,3.604215383529663
1753,1753,1.6354014873504639,1.8079391717910767,0.02,2.624657761674198,1.0335813462734222,0.7208779715001583,0.6894270153716207,3.511260509490967
1754,1754,1.6979361772537231,1.8715176582336426,0.02,2.6250690290944854,1.0377339124679565,0.7110961191356182,0.6899491716176271,3.559792220592499
1755,1755,1.7334717512130737,1.8449368476867676,0.02,2.628290537664723,1.0388684272766113,0.7044216794893146,0.6928165182471275,3.5514844059944153
1756,1756,1.7394356727600098,1.85987389087677,0.02,2.628692593413541,1.0259608924388885,0.7125955508090556,0.7017628783360124,3.4860783219337463
1757,1757,1.6715694665908813,1.7998257875442505,0.02,2.626779703130855,1.0342165529727936,0.7090090056881309,0.6944243256002665,3.4878214597702026
1758,1758,1.6044752597808838,1.9251805543899536,0.02,2.6256870046066334,1.0316610932350159,0.7027440052479506,0.694400223903358,3.5083759427070618
1759,1759,1.6990538835525513,1.9149951934814453,0.02,2.625644214158742,1.0259571969509125,0.7259475169703364,0.6976020941510797,3.4980050325393677
1760,1760,1.7584670782089233,1.850042700767517,0.02,2.6270018788032155,1.0371129214763641,0.7107753986492753,0.6926925983279943,3.4797422289848328
1761,1761,1.7688524723052979,1.8116575479507446,0.02,2.6259715703817488,1.0318667888641357,0.7219281615689397,0.6959394617006183,3.511771857738495
1762,1762,1.6052974462509155,1.838998556137085,0.02,2.6262395387183264,1.0393710136413574,0.7131501473486423,0.6997517300769687,3.45219624042511
1763,1763,1.7616454362869263,1.9134328365325928,0.02,2.6263516654825505,1.03415048122406,0.7262568259611726,0.6994435219094157,3.535683274269104
1764,1764,1.7453068494796753,1.8096110820770264,0.02,2.627498499492812,1.0312415659427643,0.7138604512438178,0.7035245019942522,3.56864070892334
1765,1765,1.6503411531448364,1.772533655166626,0.02,2.627660460759455,1.0293554961681366,0.7054457576014102,0.6973676094785333,3.5827420353889465
1766,1766,1.7439085245132446,1.8159099817276,0.02,2.6263420700267237,1.0308832228183746,0.7147995242848992,0.680946696549654,3.6534507870674133
1767,1767,1.6833629608154297,1.796157956123352,0.02,2.6263229553278222,1.035277247428894,0.7194635085761547,0.6762534566223621,3.5903026461601257
1768,1768,1.6524956226348877,1.8706929683685303,0.02,2.626415827074627,1.0296108722686768,0.7085393089801073,0.6811637384817004,3.532227635383606
1769,1769,1.697901964187622,1.858046293258667,0.02,2.6283044204001467,1.0283459722995758,0.7120016198605299,0.680302900262177,3.5599977374076843
1770,1770,1.6451600790023804,1.8690876960754395,0.02,2.6272501868667835,1.0290830731391907,0.7035432020202279,0.6912554586306214,3.666952908039093
1771,1771,1.6954598426818848,1.8338743448257446,0.02,2.626880809309519,1.0205678939819336,0.7024083938449621,0.6937965145334601,3.762636721134186
1772,1772,1.6445459127426147,1.7340065240859985,0.02,2.627017141345056,1.0277863144874573,0.7212636489421129,0.7007005019113421,3.658174514770508
1773,1773,1.6458159685134888,1.9098153114318848,0.02,2.627087230625959,1.0315119922161102,0.7137206653133035,0.6971755148842931,3.55785208940506
1774,1774,1.8077294826507568,1.8144170045852661,0.02,2.6253955743950295,1.0259283483028412,0.7024652129039168,0.6788372490555048,3.536807119846344
1775,1775,1.7255642414093018,1.9242794513702393,0.02,2.6250090096055447,1.029281198978424,0.7000462906435132,0.6701907934620976,3.4993603825569153
1776,1776,1.7470355033874512,1.9510294198989868,0.02,2.623657437709306,1.029532790184021,0.7086130483075976,0.6736867921426892,3.5325918793678284
1777,1777,1.6004385948181152,1.9027599096298218,0.02,2.625632921999282,1.027822196483612,0.7296943864785135,0.6908387998118997,3.5461754202842712
1778,1778,1.7818635702133179,1.7800935506820679,0.02,2.624656868587036,1.0246174931526184,0.7339838957414031,0.687781335785985,3.5325053930282593
1779,1779,1.7305755615234375,1.91237211227417,0.02,2.6228737830663573,1.0248324871063232,0.7419247794896364,0.6932248016819358,3.5485416650772095
1780,1780,1.7495081424713135,1.820176601409912,0.02,2.6228876460389485,1.0278900563716888,0.7155035771429539,0.6882329657673836,3.5592331886291504
1781,1781,1.4475294351577759,1.922724962234497,0.02,2.623378624565107,1.024455338716507,0.7072431072592735,0.6805177675560117,3.7403807044029236
1782,1782,1.8171486854553223,1.8012659549713135,0.02,2.6225808010877594,1.0234128832817078,0.7116631641983986,0.6763800634071231,3.683208167552948
1783,1783,1.7463349103927612,1.8255559206008911,0.02,2.6231014716184675,1.0200823843479156,0.7086007436737418,0.6739284181967378,3.729736864566803
1784,1784,1.565625548362732,1.7078405618667603,0.02,2.6233311032917355,1.0298972427845001,0.7193272588774562,0.6779633350670338,3.5609479546546936
1785,1785,1.713887095451355,1.983235239982605,0.02,2.6252257810548727,1.0257733166217804,0.718012428842485,0.6884101461619139,3.468196153640747
1786,1786,1.8262332677841187,1.775011420249939,0.02,2.6243986722469015,1.0231778025627136,0.6991469245404005,0.6950084986165166,3.482972025871277
1787,1787,1.7843966484069824,2.025623083114624,0.02,2.624726638760215,1.0250874161720276,0.6969727128744125,0.6799533478915691,3.4895156025886536
1788,1788,1.6819097995758057,1.8530181646347046,0.02,2.625000969783419,1.0256178081035614,0.7046055579558015,0.6825851937755942,3.5144671201705933
1789,1789,1.6337757110595703,1.9365748167037964,0.02,2.62563043901469,1.0195955336093903,0.7048938572406769,0.6775436149910092,3.5097275972366333
1790,1790,1.7896192073822021,1.8119243383407593,0.02,2.626933429121932,1.0224858224391937,0.7221499881707132,0.6849783193320036,3.5772200226783752
1791,1791,1.759455680847168,1.7543615102767944,0.02,2.6254600099535432,1.0287886559963226,0.7007223954424262,0.689315059222281,3.5928691029548645
1792,1792,1.7111356258392334,1.7885276079177856,0.02,2.6260873685525277,1.0246855914592743,0.7030605021864176,0.6904541468247771,3.5513488054275513
1793,1793,1.6713101863861084,1.9351227283477783,0.02,2.6262305879249785,1.019739806652069,0.7125796787440777,0.6869703102856874,3.530347526073456
1794,1794,1.7292670011520386,1.7616890668869019,0.02,2.627274570656965,1.0276775062084198,0.7119253831915557,0.683114287443459,3.5755279064178467
1795,1795,1.764333724975586,1.8731328248977661,0.02,2.6265224289362297,1.0259550213813782,0.713202103972435,0.6838110657408834,3.555758237838745
1796,1796,1.6386830806732178,1.8604493141174316,0.02,2.626539808469969,1.0281576812267303,0.7243260005488992,0.6864298768341541,3.4367653727531433
1797,1797,1.695162296295166,1.8394521474838257,0.02,2.625871007610602,1.0260767042636871,0.7061465876176953,0.6972562856972218,3.502085506916046
1798,1798,1.7254581451416016,1.823948621749878,0.02,2.6265658174129785,1.0212791562080383,0.713627711404115,0.7030539698898792,3.4671059250831604
1799,1799,1.6288093328475952,1.9133015871047974,0.02,2.627970553899548,1.0117037892341614,0.7050449820235372,0.7150385091081262,3.5773536562919617
1800,1800,1.7362810373306274,1.8471126556396484,0.02,2.6269319795077677,1.01783087849617,0.7025811718776822,0.7003805469721556,3.574776291847229
1801,1801,1.7705628871917725,1.9389158487319946,0.02,2.627199282905574,1.0227667391300201,0.7117313910275698,0.6980891292914748,3.5415785908699036
1802,1802,1.6358064413070679,1.920956015586853,0.02,2.6272223805863573,1.018092155456543,0.7322039287537336,0.6991514712572098,3.592810273170471
1803,1803,1.6789705753326416,1.8311080932617188,0.02,2.6283241531197343,1.01749387383461,0.7122626593336463,0.6944317622110248,3.6846283674240112
1804,1804,1.7015528678894043,1.8931958675384521,0.02,2.627469026021825,1.0159314572811127,0.7060971902683377,0.7017379608005285,3.5857794284820557
1805,1805,1.6447060108184814,1.8868365287780762,0.02,2.6273590250557204,1.0242840051651,0.7122993730008602,0.6898223534226418,3.589039385318756
1806,1806,1.6191270351409912,1.7768901586532593,0.02,2.6272411886404923,1.0186266601085663,0.7067813193425536,0.6870314637199044,3.6281538605690002
1807,1807,1.5327833890914917,1.7097361087799072,0.02,2.624750181369569,1.0191414952278137,0.7008453188464046,0.6871139500290155,3.820717692375183
1808,1808,1.705430030822754,2.004129648208618,0.02,2.6235667011138055,1.030009776353836,0.6860454003326595,0.6828136397525668,3.7231879830360413
1809,1809,1.7294390201568604,1.9264167547225952,0.02,2.6251050889938186,1.0274614691734314,0.6931797196157277,0.6846722168847919,3.561101019382477
1810,1810,1.7388488054275513,1.8755911588668823,0.02,2.624118889589001,1.0329620838165283,0.7042881082743406,0.6939023109152913,3.4752756357192993
1811,1811,1.7572327852249146,1.8566170930862427,0.02,2.6242408355047866,1.020521193742752,0.7081002136692405,0.6948739131912589,3.6428661346435547
1812,1812,1.6618130207061768,1.7616902589797974,0.02,2.6244397745052743,1.0187236964702606,0.7019375921227038,0.6923063741996884,3.7273868918418884
1813,1813,1.5561888217926025,1.77218496799469,0.02,2.6264244302405464,1.0193397104740143,0.6935526877641678,0.694453964009881,3.699714779853821
1814,1814,1.7371660470962524,1.7145137786865234,0.02,2.625762234789926,1.023900181055069,0.6964967986568809,0.6793710803613067,3.5018869042396545
1815,1815,1.7033711671829224,1.7639033794403076,0.02,2.62564952975142,1.0178196728229523,0.7036220589652658,0.6708738207817078,3.620466649532318
1816,1816,1.7718536853790283,1.8713631629943848,0.02,2.6262380284796825,1.0213507413864136,0.720110896974802,0.6687442092224956,3.6942577958106995
1817,1817,1.6433864831924438,1.7827622890472412,0.02,2.6267537436034427,1.0243369340896606,0.723116404376924,0.6872560353949666,3.5607298016548157
1818,1818,1.6888298988342285,1.7958511114120483,0.02,2.629330635737881,1.0212192833423615,0.7069048434495926,0.6900777295231819,3.500551700592041
1819,1819,1.7337026596069336,1.7446633577346802,0.02,2.630886518431484,1.0216848254203796,0.7070575980469584,0.6932403780519962,3.558963418006897
1820,1820,1.7690478563308716,1.717309832572937,0.02,2.6320828644395577,1.0126899182796478,0.7016509529203176,0.6851309072226286,3.5967084765434265
1821,1821,1.7220277786254883,1.836937427520752,0.02,2.6310641230690104,1.0144337117671967,0.7029043836519122,0.680835354141891,3.4571117758750916
1822,1822,1.7745226621627808,1.79291832447052,0.02,2.6297349042007485,1.0229502618312836,0.715705300681293,0.6846970934420824,3.5453250408172607
1823,1823,1.6491702795028687,1.818530797958374,0.02,2.6293963326004937,1.0200118720531464,0.7080562822520733,0.6964959586039186,3.6965882182121277
1824,1824,1.7225489616394043,1.8500038385391235,0.02,2.626665479439833,1.0201574563980103,0.6934083825908601,0.6930902050808072,3.6587995886802673
1825,1825,1.5789121389389038,1.901103138923645,0.02,2.6265397010172036,1.0217671692371368,0.7003954546526074,0.6742592807859182,3.580648422241211
1826,1826,1.6020936965942383,1.7435680627822876,0.02,2.6254021763772264,1.0173170268535614,0.7141485847532749,0.67571812402457,3.6063265800476074
1827,1827,1.7288787364959717,1.8748669624328613,0.02,2.626184723581492,1.0169315338134766,0.7058207951486111,0.687873762100935,3.6894335746765137
1828,1828,1.6296732425689697,1.882075309753418,0.02,2.62568961425433,1.0202346742153168,0.7086492227390409,0.6916996845975518,3.662854313850403
1829,1829,1.7061082124710083,1.7509835958480835,0.02,2.626270123315536,1.0103777348995209,0.7126358933746815,0.6982440687716007,3.617249846458435
1830,1830,1.6635969877243042,1.8293296098709106,0.02,2.626356373817738,1.0097909569740295,0.7100114785134792,0.6970775704830885,3.6308000087738037
1831,1831,1.68593430519104,1.833843469619751,0.02,2.6274867366911607,1.0174286663532257,0.7065053600817919,0.688707884401083,3.666956603527069
1832,1832,1.6490057706832886,1.7516967058181763,0.02,2.6278387733777904,1.014436274766922,0.7052528439089656,0.688378568738699,3.694411814212799
1833,1833,1.6361654996871948,1.8945550918579102,0.02,2.6266785296423865,1.0174131989479065,0.7078399229794741,0.6908106859773397,3.668424665927887
1834,1834,1.6120631694793701,1.7587313652038574,0.02,2.6267279075406442,1.0155353844165802,0.6905589662492275,0.6788189029321074,3.6728039383888245
1835,1835,1.697808861732483,1.9463145732879639,0.02,2.6264938848849044,1.0169390738010406,0.6982038347050548,0.6783640254288912,3.6945632100105286
1836,1836,1.7639217376708984,1.8975660800933838,0.02,2.624906615309152,1.0200750231742859,0.702139557339251,0.6753578223288059,3.664584159851074
1837,1837,1.7534193992614746,1.8470568656921387,0.02,2.6244356658663412,1.0223627090454102,0.7028219290077686,0.6836089417338371,3.6086384654045105
1838,1838,1.6926548480987549,1.8666715621948242,0.02,2.623534104577485,1.0171456634998322,0.7054133722558618,0.6933152675628662,3.5224390625953674
1839,1839,1.798988699913025,1.864540457725525,0.02,2.62557114324578,1.008597493171692,0.7083267709240317,0.6932322047650814,3.64803946018219
1840,1840,1.6276583671569824,1.9470692873001099,0.02,2.624336971681443,1.014881432056427,0.7155216736719012,0.6797310234978795,3.616196393966675
1841,1841,1.7224875688552856,1.8159477710723877,0.02,2.6242272620760843,1.0120675563812256,0.7051893221214414,0.675135194323957,3.6183870434761047
1842,1842,1.704064130783081,2.0504958629608154,0.02,2.626279406622704,1.020125925540924,0.6926937326788902,0.6740771317854524,3.506637990474701
1843,1843,1.7865017652511597,1.7270478010177612,0.02,2.6252426388344983,1.0094277560710907,0.6922321249730885,0.6854274151846766,3.673224985599518
1844,1844,1.6564234495162964,1.7027599811553955,0.02,2.625748464924452,1.0184350609779358,0.7023816620931029,0.6658790586516261,3.62923002243042
1845,1845,1.7328628301620483,2.015641927719116,0.02,2.625955346565691,1.0141185820102692,0.6971022277139127,0.6697055194526911,3.614224910736084
1846,1846,1.6970819234848022,1.7951295375823975,0.02,2.627388061721523,1.0190703868865967,0.7149038249626756,0.6751490123569965,3.6693496108055115
1847,1847,1.6865942478179932,1.803167700767517,0.02,2.6259633649243797,1.0145979821681976,0.7038989346474409,0.6806003749370575,3.626853108406067
1848,1848,1.7265236377716064,1.8456823825836182,0.02,2.6264070626442058,1.015356868505478,0.6989819165319204,0.6796067655086517,3.5225614309310913
1849,1849,1.6774063110351562,1.7541463375091553,0.02,2.6265153357879183,1.0179286301136017,0.6830920088104904,0.6931638829410076,3.59196013212204
1850,1850,1.6066230535507202,1.7635924816131592,0.02,2.623893642396126,1.0151298940181732,0.6846240749582648,0.6961217047646642,3.711410641670227
1851,1851,1.7209652662277222,1.8111683130264282,0.02,2.6228026852099893,1.0190865695476532,0.6929438691586256,0.6904312651604414,3.687190353870392
1852,1852,1.6329431533813477,1.8348438739776611,0.02,2.624527623715358,1.0142667293548584,0.7099486943334341,0.689232743345201,3.5806045532226562
1853,1853,1.6481209993362427,1.8455601930618286,0.02,2.623833342341997,1.012956142425537,0.7026124601252377,0.6889038914814591,3.5887147188186646
1854,1854,1.7096513509750366,1.7956892251968384,0.02,2.6241781516674165,1.0051620602607727,0.6998990634456277,0.7052478045225143,3.599557399749756
1855,1855,1.6897329092025757,1.7818174362182617,0.02,2.6243338028628402,1.0152336657047272,0.7055813944898546,0.6942828819155693,3.4925776720046997
1856,1856,1.7486486434936523,1.7260594367980957,0.02,2.625891605528364,1.0201671123504639,0.6976654808968306,0.6864905403926969,3.4248290061950684
1857,1857,1.7576189041137695,1.913248896598816,0.02,2.626502685001081,1.0147353410720825,0.701073482632637,0.6806426616385579,3.484920084476471
1858,1858,1.5786077976226807,1.768873691558838,0.02,2.6250556686148574,1.0117079019546509,0.6909517827443779,0.6803930215537548,3.606144964694977
1859,1859,1.743066430091858,1.7500699758529663,0.02,2.62572047497205,1.0138554275035858,0.7075094734318554,0.682553912512958,3.593585252761841
1860,1860,1.696170687675476,1.7882177829742432,0.02,2.625899391421864,1.0158143043518066,0.692395469173789,0.686378157697618,3.5420801639556885
