step,iter,train/loss,val/loss,lr,mfu,token_embedding_act_abs_mean,attn_act_abs_mean,mlp_act_abs_mean,lm_head_act_abs_mean
0,0,4.174333572387695,4.174184322357178,0.002,-100.0
1,1,4.170836448669434,4.170228004455566,0.002,-100.0,0.015838035847991705,5.431549493550847e-05,0.00031821804668652476,0.0011590333888307214
2,2,4.168003082275391,4.168320655822754,0.002,-100.0,0.015954528003931046,0.0020698125808849,0.0020806943139177747,0.0022041487973183393
3,3,4.165937900543213,4.165882110595703,0.002,-100.0,0.016408611088991165,0.0034348694753134623,0.0035005877834919374,0.0038716813432984054
4,4,4.164100646972656,4.164223670959473,0.002,-100.0,0.01694262633100152,0.005086888653750066,0.005174130288651213,0.005565645056776702
5,5,4.161267280578613,4.161942005157471,0.002,-100.0,0.01762354327365756,0.0065916795647353865,0.00671082910412224,0.0074361287988722324
6,6,4.15924596786499,4.159914016723633,0.002,0.8692808559868007,0.018405635841190815,0.008454021852230653,0.00858784069714602,0.009383778553456068
7,7,4.157391548156738,4.157456398010254,0.002,0.869131112247043,0.019358416087925434,0.010286677250405774,0.010472737078089267,0.011300326557829976
8,8,4.156102180480957,4.157573699951172,0.002,0.869486495370654,0.02034451812505722,0.012174735515145585,0.012406992478645407,0.013289278838783503
9,9,4.153596878051758,4.152595043182373,0.002,1.0585202953476753,0.021486847661435604,0.014131281524896622,0.014410172167117707,0.015284036984667182
10,10,4.151068210601807,4.151054382324219,0.002,1.039520329913164,0.022755846846848726,0.016079649794846773,0.01640975783811882,0.01730199996381998
11,11,4.14794921875,4.149693489074707,0.002,1.0223951404321983,0.02414447395130992,0.01803594478406012,0.018411347322398797,0.019366710912436247
12,12,4.145170211791992,4.1466064453125,0.002,1.0077355840615614,0.02555990917608142,0.020032320549944416,0.0204501889529638,0.021440075244754553
13,13,4.142548561096191,4.145809650421143,0.002,0.9930680029723795,0.02703687036409974,0.022024688572855666,0.022487405105493963,0.023560295812785625
14,14,4.1408233642578125,4.141608238220215,0.002,0.9799132778682043,0.028611183166503906,0.024055190733633935,0.024563796498114243,0.02570525323972106
15,15,4.140737533569336,4.14139461517334,0.002,0.9693453489812469,0.030227112118154764,0.026050194806884974,0.026607239531585947,0.027868998236954212
16,16,4.138180732727051,4.136691093444824,0.002,0.9508874203728517,0.03193978499621153,0.028068585030268878,0.028679374925559387,0.030051506590098143
17,17,4.13600492477417,4.13297176361084,0.002,0.9428665010576197,0.033525632694363594,0.030082325043622404,0.030747358599910513,0.03226607572287321
18,18,4.130099296569824,4.133771896362305,0.002,0.9269794164438918,0.035436457954347134,0.032107280392665416,0.03282275499077514,0.03449153061956167
19,19,4.128220558166504,4.128008842468262,0.002,1.1105375532254487,0.037296123802661896,0.03413970221299678,0.03490444854833186,0.0367262726649642
20,20,4.127237319946289,4.126763343811035,0.002,1.0863833055362189,0.038959503173828125,0.036167623882647604,0.036983760248403996,0.038940380327403545
21,21,4.124423980712891,4.127779960632324,0.002,1.064749650832448,0.0409345431253314,0.03819186287000775,0.0390570392482914,0.0412009684368968
22,22,4.122679710388184,4.129626274108887,0.002,1.2338092059195356,0.042723908089101315,0.040226890007033944,0.041143771552015096,0.043488916009664536
23,23,4.1215667724609375,4.120247840881348,0.002,1.3859939329863042,0.044636934995651245,0.04226682404987514,0.04323557991301641,0.04580135457217693
24,24,4.117285251617432,4.120194911956787,0.002,1.3342097812238465,0.0464767524972558,0.04430869099451229,0.04533241060562432,0.04813103750348091
25,25,4.113915920257568,4.113748550415039,0.002,1.2787777216884768,0.04847623221576214,0.04635122074978426,0.04743291880004108,0.05047886446118355
26,26,4.111072540283203,4.11696720123291,0.002,1.2116547995188214,0.050420068204402924,0.04839789977995679,0.04953598801512271,0.05284268781542778
27,27,4.111285209655762,4.109898567199707,0.002,1.3669013730991917,0.052229161374270916,0.050433972442988306,0.05162821232806891,0.05522115435451269
28,28,4.1116790771484375,4.114365577697754,0.002,1.317167374315689,0.05428384244441986,0.052480607700999826,0.053731496911495924,0.05761506874114275
29,29,4.106914520263672,4.108653545379639,0.002,1.4618538984047458,0.056116051971912384,0.054524890263564885,0.05583758803550154,0.06002411339432001
30,30,4.1015191078186035,4.102957725524902,0.002,1.4026675225636775,0.0581441605463624,0.056581568089313805,0.05795392504660413,0.06244899705052376
31,31,4.100541114807129,4.105642318725586,0.002,1.3413269115034006,0.06024484056979418,0.05863259587204084,0.060066279605962336,0.06488985195755959
32,32,4.099344253540039,4.100001811981201,0.002,1.4825061383899447,0.062187088653445244,0.06068969739135355,0.062186263618059456,0.06734589114785194
33,33,4.098162651062012,4.096089839935303,0.002,1.421034137218306,0.06411026045680046,0.06274009397020563,0.06430173583794385,0.06981692276895046
34,34,4.094000816345215,4.09611701965332,0.002,1.3575930516376942,0.06607157364487648,0.0647805801127106,0.066418461734429,0.07223336026072502
35,35,4.085688591003418,4.088122844696045,0.002,1.496999096508957,0.06786954402923584,0.06683076126500964,0.06854327791370451,0.07466533593833447
36,36,4.093050003051758,4.091184616088867,0.002,1.4340597132359192,0.06978950463235378,0.06885653000790626,0.07064676692243665,0.07711321860551834
37,37,4.089722156524658,4.087588310241699,0.002,1.567078984510802,0.07170829549431801,0.07088698213919997,0.07274222862906754,0.0795736275613308
38,38,4.07969856262207,4.0875959396362305,0.002,1.497364003505767,0.07362747192382812,0.0729281457606703,0.0748490933328867,0.08205166086554527
39,39,4.079444885253906,4.07957649230957,0.002,1.6238930131659228,0.07565694116055965,0.0749139771796763,0.07688861980568618,0.08454381301999092
40,40,4.076596736907959,4.077152252197266,0.002,1.548622270947822,0.0775110311806202,0.07689722394570708,0.07892218651250005,0.08705156110227108
41,41,4.07558536529541,4.073980331420898,0.002,1.4812137415644155,0.07931461557745934,0.0788645640714094,0.08093237935099751,0.0895745400339365
42,42,4.077737808227539,4.073906898498535,0.002,1.4203704484499762,0.08142578229308128,0.08085367316380143,0.08296508772764355,0.09216975420713425
43,43,4.06300163269043,4.0715508460998535,0.002,1.3440653868914065,0.08330983854830265,0.0827900250442326,0.08494134130887687,0.09478956274688244
44,44,4.0718841552734375,4.070240497589111,0.002,1.2885093891317658,0.08537663333117962,0.08468594402074814,0.08686692267656326,0.0974302887916565
45,45,4.062307357788086,4.062922954559326,0.002,1.2468402123349371,0.08738710731267929,0.08655644801910967,0.08877041889354587,0.10006717592477798
46,46,4.0522966384887695,4.058942794799805,0.002,1.2008355680739249,0.08921771310269833,0.08839327609166503,0.09063653787598014,0.10270189866423607
47,47,4.05097770690918,4.060718536376953,0.002,1.166734291460535,0.09130988270044327,0.09020928223617375,0.09248289547394961,0.10537323728203773
48,48,4.048192024230957,4.056423187255859,0.002,1.325315006293289,0.09314891695976257,0.09201807680074126,0.09432430379092693,0.10800023935735226
49,49,4.0525312423706055,4.062119960784912,0.002,1.27991778866573,0.09517938457429409,0.09376068518031389,0.0960915592731908,0.11064137518405914
50,50,4.056990623474121,4.044362545013428,0.002,1.4271992274363483,0.09705006889998913,0.0954181052511558,0.09776611416600645,0.11329737678170204
51,51,4.05403995513916,4.040343284606934,0.002,1.371578653392214,0.0991184376180172,0.09698343696072698,0.0993364742025733,0.11597041971981525
52,52,4.050715923309326,4.0473761558532715,0.002,1.3216959106905468,0.10092508792877197,0.09844139532651752,0.10080375988036394,0.11866001412272453
53,53,4.040616035461426,4.050503253936768,0.002,1.465750016848976,0.10305843874812126,0.09978281147778034,0.10216015798505396,0.12136760167777538
54,54,4.036651611328125,4.063285827636719,0.002,1.5948974993750926,0.1047595888376236,0.10084729711525142,0.10323470109142363,0.12409421801567078
55,55,4.040440559387207,4.031203269958496,0.002,1.7112812275287186,0.10664210841059685,0.10184480622410774,0.10425054281949997,0.12682430818676949
56,56,4.037703990936279,4.03351354598999,0.002,1.6271333419509093,0.10872294567525387,0.10295669711194932,0.10538367624394596,0.129523616284132
57,57,4.038109302520752,4.026197910308838,0.002,1.7406568760802896,0.11032090336084366,0.10391674074344337,0.10636453982442617,0.13224466145038605
58,58,4.015131950378418,4.0360002517700195,0.002,1.6538920669113346,0.11237593367695808,0.10477396450005472,0.1072576855076477,0.13494162634015083
59,59,4.020534038543701,4.020298480987549,0.002,1.7640821625050123,0.11441939510405064,0.10558207309804857,0.10810557205695659,0.1376878060400486
60,60,4.018222808837891,4.016467571258545,0.002,1.6541130324057198,0.11645394936203957,0.1065349526470527,0.10909711744170636,0.14048796519637108
61,61,4.020881175994873,4.029573440551758,0.002,1.5658009802968713,0.11811230145394802,0.10720632027368993,0.10978530626744032,0.14324717968702316
62,62,4.012059211730957,4.013870716094971,0.002,1.6852225065121587,0.11998381093144417,0.10780377546325326,0.11039910290855914,0.14608066156506538
63,63,4.003758430480957,4.00379753112793,0.002,1.603569087554617,0.12172228656709194,0.10819714586250484,0.1108035328797996,0.14885205402970314
64,64,4.011105537414551,4.014592170715332,0.002,1.5200175573852626,0.12366294488310814,0.10875392414163798,0.11137894820421934,0.15164269879460335
65,65,4.015890121459961,4.002166271209717,0.002,1.644870375133111,0.12556902319192886,0.10931246052496135,0.11196365708019584,0.1544010303914547
66,66,4.012212753295898,4.026392459869385,0.002,1.5674832319523477,0.1272367648780346,0.10986754449550062,0.11254404054488987,0.15715961158275604
67,67,4.013260841369629,4.0096330642700195,0.002,1.6850062620755946,0.1287183202803135,0.11033005150966346,0.11303133959881961,0.1599617898464203
68,68,3.9903042316436768,4.002747535705566,0.002,1.7915925898205058,0.13072939217090607,0.11067091987933964,0.11340714222751558,0.1628079190850258
69,69,3.9861695766448975,3.994720697402954,0.002,1.8883451307732688,0.13236232846975327,0.11104622529819608,0.11379420093726367,0.1655130721628666
70,70,4.00485372543335,3.9940185546875,0.002,1.7865198671168616,0.13400446251034737,0.11145404598210007,0.11421521799638867,0.16830667853355408
71,71,3.9866819381713867,3.995288372039795,0.002,1.6936116546941264,0.13617955520749092,0.11189711408223957,0.11467704514507204,0.17111287266016006
72,72,3.985072612762451,3.981173515319824,0.002,1.7999505572847474,0.1374596171081066,0.11214894184377044,0.11494714196305722,0.17394687980413437
73,73,3.9898033142089844,3.9928979873657227,0.002,1.7065671841440748,0.1396769993007183,0.1122853267006576,0.11508868157397956,0.17679547145962715
74,74,3.9799890518188477,3.9969587326049805,0.002,1.807543898940801,0.1411437951028347,0.11269162397366017,0.11552564147859812,0.1796417385339737
75,75,3.9837474822998047,3.988973617553711,0.002,1.9018612245036643,0.14292900264263153,0.11308915156405419,0.11594439134933054,0.18250537291169167
76,76,3.9776053428649902,3.9849958419799805,0.002,1.9866597727700854,0.14489125087857246,0.11342545179650187,0.1162987994030118,0.18540798872709274
77,77,3.979344606399536,3.9766714572906494,0.002,2.063444251989878,0.14632420614361763,0.11365957197267562,0.11655464803334326,0.18834270536899567
78,78,3.980985164642334,3.974846363067627,0.002,1.931460642797556,0.14861669391393661,0.11385050509124994,0.11676111887209117,0.19127079844474792
79,79,3.9716997146606445,3.988729238510132,0.002,1.8004000128348934,0.1497812718153,0.11396809702273458,0.11689082602970302,0.19418255984783173
80,80,3.975127696990967,3.9785542488098145,0.002,1.895045343007538,0.1515994481742382,0.11426835262682289,0.11721287830732763,0.19704481214284897
81,81,3.971733808517456,3.9597201347351074,0.002,1.9815758581377918,0.15328003466129303,0.11454288009554148,0.1175106194568798,0.20005984604358673
82,82,3.957707405090332,3.95707106590271,0.002,1.8697367950877402,0.1555255614221096,0.11473412089981139,0.11772019416093826,0.20308661833405495
83,83,3.959514617919922,3.971078872680664,0.002,1.7703212326567939,0.1574143022298813,0.11500712903216481,0.1180048972601071,0.20607510954141617
84,84,3.9511778354644775,3.9507784843444824,0.002,1.8679733555034068,0.15923932939767838,0.11513218889012933,0.11813684657681733,0.20907257497310638
85,85,3.9567174911499023,3.955101728439331,0.002,1.7683804744751241,0.16124087572097778,0.11530790280085057,0.11831885122228414,0.21207812055945396
86,86,3.942716598510742,3.944993019104004,0.002,1.8671621549376916,0.1627626046538353,0.11544929398223758,0.11846327420789748,0.21508770808577538
87,87,3.956137180328369,3.95841908454895,0.002,1.7323187034436118,0.1642477847635746,0.11560584499966353,0.11863175802864134,0.2181144803762436
88,88,3.9359066486358643,3.933022975921631,0.002,1.8340622585498738,0.16652601957321167,0.11581045528873801,0.11884476605337113,0.22116190567612648
89,89,3.9302444458007812,3.9471285343170166,0.002,1.6896662795865238,0.16787419468164444,0.115949597209692,0.11900582839734852,0.2242298610508442
90,90,3.955995559692383,3.9499125480651855,0.002,1.796860803293134,0.16953591257333755,0.11609781614970416,0.11916616419330239,0.22726090252399445
91,91,3.9135987758636475,3.9703359603881836,0.002,1.8932042923013321,0.17091744393110275,0.11627430014777929,0.11935852374881506,0.2304397188127041
92,92,3.9409708976745605,3.916337013244629,0.002,1.9792459442933015,0.1728518269956112,0.11658726097084582,0.11968544451519847,0.23362281173467636
93,93,3.907011032104492,3.9108476638793945,0.002,1.8685921448266978,0.17492157220840454,0.11685182026121765,0.11996279971208423,0.23675980418920517
94,94,3.920619487762451,3.925271511077881,0.002,1.7688420469091894,0.1766413375735283,0.11698201263789088,0.12010429857764393,0.23985670134425163
95,95,3.952849864959717,3.937492847442627,0.002,1.8676409639008553,0.177652969956398,0.11713446176145226,0.12025978765450418,0.24290989339351654
96,96,3.9225847721099854,3.9102048873901367,0.002,1.956563268974788,0.17976947873830795,0.1171922329813242,0.12031796283554286,0.24597322568297386
97,97,3.9318645000457764,3.914015769958496,0.002,1.848183543892017,0.18199413642287254,0.11744310113135725,0.1205810762476176,0.24897874146699905
98,98,3.9037280082702637,3.9237256050109863,0.002,1.9390439382648779,0.18340623751282692,0.11760074668563902,0.12074290006421506,0.251994825899601
99,99,3.890498638153076,3.9369006156921387,0.002,2.021614807015422,0.1850801631808281,0.11778991029132158,0.12093044759240001,0.25502021610736847
100,100,3.920487403869629,3.915452480316162,0.002,2.0948737724998425,0.18626694008708,0.11787222779821604,0.12099654122721404,0.25808653235435486
101,101,3.8941802978515625,3.9071173667907715,0.002,2.1611061455887657,0.18886344507336617,0.11808492511045188,0.12121861288323998,0.2613111138343811
102,102,3.8907887935638428,3.929741382598877,0.002,2.032241573369305,0.19039246067404747,0.11848575074691325,0.12164086289703846,0.26447588950395584
103,103,3.9064345359802246,3.8964390754699707,0.002,2.105256479661796,0.19194617494940758,0.11867915617767721,0.12183133000507951,0.2676849961280823
104,104,3.8778889179229736,3.9179515838623047,0.002,1.9817599599570932,0.19294603541493416,0.1189029113156721,0.12204701732844114,0.27079717069864273
105,105,3.9000816345214844,3.8865180015563965,0.002,2.0603073951696653,0.19489986076951027,0.1190746568609029,0.12222037627361715,0.2739918529987335
106,106,3.8685622215270996,3.921666145324707,0.002,1.9412891722044967,0.19712556153535843,0.11920662003103644,0.12235482316464186,0.27722009271383286
107,107,3.8937692642211914,3.9095871448516846,0.002,2.022930864219578,0.19757343083620071,0.11942227999679744,0.12256436713505536,0.2804681211709976
108,108,3.8831357955932617,3.8865861892700195,0.002,2.0966985865830243,0.2012767642736435,0.11952924146316946,0.12267022230662405,0.2838754579424858
109,109,3.8753304481506348,3.8690004348754883,0.002,2.162747931495714,0.20305591076612473,0.119668222614564,0.12280892708804458,0.2872975170612335
110,110,3.876437187194824,3.8812177181243896,0.002,2.01791263344263,0.20361360907554626,0.11988509190268815,0.12302659777924418,0.2906588166952133
111,111,3.8469200134277344,3.905109405517578,0.002,2.0915767379959633,0.20570752024650574,0.12016118969768286,0.1233175836969167,0.294077567756176
112,112,3.877345085144043,3.873631000518799,0.002,2.1579797965209404,0.20669493824243546,0.12031488912180066,0.12344931974075735,0.2974517345428467
113,113,3.857013702392578,3.8683457374572754,0.002,2.2183166420335416,0.20911071822047234,0.12037953257095069,0.123513541999273,0.3009251058101654
114,114,3.888294219970703,3.8913300037384033,0.002,2.083717554508696,0.2112368941307068,0.12050318077672273,0.12363576341886073,0.30441734194755554
115,115,3.8653838634490967,3.879850387573242,0.002,2.1515662037073127,0.2123001031577587,0.12065203790552914,0.12379879702348262,0.3079249709844589
116,116,3.8583195209503174,3.8772761821746826,0.002,2.212399702423303,0.21573420986533165,0.12079679092857987,0.12393313262145966,0.31144461780786514
117,117,3.8332607746124268,3.8712058067321777,0.002,2.2671706708280723,0.21605123952031136,0.12102610385045409,0.12415779463481158,0.31488271057605743
118,118,3.8247509002685547,3.8758020401000977,0.002,2.315916611947791,0.21907155960798264,0.12112679216079414,0.1242441339418292,0.31824953109025955
119,119,3.850191831588745,3.901486396789551,0.002,2.3598725763770907,0.21983439475297928,0.12131280673202127,0.1244280741084367,0.32163071632385254
120,120,3.844759941101074,3.863340377807617,0.002,2.399474453192913,0.22230785340070724,0.12148255156353116,0.12459582800511271,0.32500823587179184
121,121,3.8303701877593994,3.87455415725708,0.002,2.247027652449384,0.22209951654076576,0.12176819168962538,0.12486215366516262,0.32841913402080536
122,122,3.8196046352386475,3.8867838382720947,0.002,2.298372541676307,0.22516771033406258,0.12196315522305667,0.12506005039904267,0.331831157207489
123,123,3.838784694671631,3.818671941757202,0.002,2.344420808460703,0.2267140969634056,0.12215682177338749,0.12522082985378802,0.33525682240724564
124,124,3.856306552886963,3.832594871520996,0.002,2.1972288761654477,0.2277149185538292,0.12235249823424965,0.12541253538802266,0.3387046977877617
125,125,3.8316712379455566,3.8325161933898926,0.002,2.2538361881151445,0.22834891080856323,0.12253077747300267,0.1255660098977387,0.34216754883527756
126,126,3.806589365005493,3.8406007289886475,0.002,2.3036958152357823,0.23249346017837524,0.12277690495830029,0.12581020896323025,0.3456723093986511
127,127,3.811506986618042,3.8633174896240234,0.002,2.3494330924692863,0.23233819380402565,0.1229376575211063,0.12597131240181625,0.34925515204668045
128,128,3.799859046936035,3.8278696537017822,0.002,2.3900079233284752,0.23523573204874992,0.12320907355751842,0.1262370850890875,0.35294684767723083
129,129,3.798219680786133,3.836244583129883,0.002,2.4272467434567386,0.23735764622688293,0.12338776013348252,0.12643539672717452,0.3566468432545662
130,130,3.799272060394287,3.8412399291992188,0.002,2.4597854771080856,0.23848667740821838,0.12353232642635703,0.12656076392158866,0.3601979687809944
131,131,3.8227100372314453,3.84718918800354,0.002,2.4894796656201335,0.23841655254364014,0.12368834251537919,0.12670493638142943,0.36387094110250473
132,132,3.8069491386413574,3.8147335052490234,0.002,2.515453296778569,0.24179933592677116,0.12389004568103701,0.12688234797678888,0.3675983026623726
133,133,3.8033950328826904,3.8060250282287598,0.002,2.3508508924000697,0.24412136524915695,0.12418877007439733,0.12717316788621247,0.3712652176618576
134,134,3.801614761352539,3.8289387226104736,0.002,2.2028084433239536,0.2454095184803009,0.12436394358519465,0.127333567943424,0.37476376444101334
135,135,3.7887985706329346,3.7967796325683594,0.002,2.256677272413801,0.24844426289200783,0.12456367397680879,0.1275164596736431,0.37818527966737747
136,136,3.834876537322998,3.8139543533325195,0.002,2.1042364950245065,0.2494756169617176,0.124712941236794,0.1276663534808904,0.38151275366544724
137,137,3.8179771900177,3.7789664268493652,0.002,2.1698287155777427,0.24956809729337692,0.12489293282851577,0.12787460954859853,0.3849737048149109
138,138,3.7882189750671387,3.7843704223632812,0.002,2.039292581207633,0.2521367222070694,0.1250393334776163,0.12800020375289023,0.38842931389808655
139,139,3.8467423915863037,3.7936477661132812,0.002,2.1114910190214418,0.2519944757223129,0.12518466811161488,0.1281256601214409,0.3919980302453041
140,140,3.8219447135925293,3.7777721881866455,0.002,2.175652199707846,0.2556460350751877,0.1254597184015438,0.12835910823196173,0.39555396139621735
141,141,3.775630474090576,3.7722556591033936,0.002,2.0452775986882914,0.25689131021499634,0.12574449426028877,0.1286254459992051,0.39914704859256744
142,142,3.7459640502929688,3.765068531036377,0.002,1.9236596258125453,0.2563576102256775,0.1259789178147912,0.12887366395443678,0.40282419323921204
143,143,3.752246379852295,3.7502360343933105,0.002,1.8187801028530681,0.2598343938589096,0.1260604386916384,0.1289551449008286,0.4065777659416199
144,144,3.788789749145508,3.7757508754730225,0.002,1.723946149545061,0.26148761063814163,0.1262253172462806,0.1291205626912415,0.4101824313402176
145,145,3.7567152976989746,3.7465648651123047,0.002,1.8278010263950133,0.2622140645980835,0.12631306156981736,0.12918684259057045,0.41384558379650116
146,146,3.7484962940216064,3.769984722137451,0.002,1.7321409567288577,0.26432177424430847,0.1265378105454147,0.12941964343190193,0.417498342692852
147,147,3.77793025970459,3.7939484119415283,0.002,1.8348895907690506,0.26778651773929596,0.1266953294398263,0.12954728864133358,0.42117682844400406
148,148,3.7673821449279785,3.7541704177856445,0.002,1.926045811137534,0.26739243417978287,0.12683845171704888,0.12969337543472648,0.42490167170763016
149,149,3.787264347076416,3.755034923553467,0.002,2.0092769441428646,0.2681554779410362,0.1270823300583288,0.12994567025452852,0.4287293925881386
150,150,3.755955696105957,3.769601821899414,0.002,2.0837326012966546,0.27037522941827774,0.12732855277135968,0.1301633829716593,0.43255458027124405
151,151,3.747262954711914,3.781189441680908,0.002,2.1512289876592328,0.273249126970768,0.1276231015799567,0.1304923272691667,0.4364267960190773
152,152,3.740497589111328,3.78562068939209,0.002,2.2117821046504926,0.2757250741124153,0.127764651668258,0.13065779977478087,0.44022778421640396
153,153,3.7347230911254883,3.775886058807373,0.002,2.2668028989911058,0.27755260467529297,0.12787170335650444,0.13074935576878488,0.4439786896109581
154,154,3.760345220565796,3.7698211669921875,0.002,2.3155059606600714,0.2775478884577751,0.12795929273124784,0.13085572863928974,0.4477962255477905
155,155,3.728597402572632,3.757610559463501,0.002,2.3595750925041443,0.27866991609334946,0.1279938209336251,0.13087820494547486,0.45165348052978516
156,156,3.7154788970947266,3.684720039367676,0.002,2.399100239900982,0.2820695489645004,0.1282326668733731,0.13110607326962054,0.455509252846241
157,157,3.7107462882995605,3.7730205059051514,0.002,2.2462397226004014,0.2817102149128914,0.12841516733169556,0.131289463955909,0.4593537300825119
158,158,3.7397196292877197,3.729496955871582,0.002,2.2977308339233913,0.28433169424533844,0.12858978507574648,0.13147953106090426,0.4632340148091316
159,159,3.7657814025878906,3.7566065788269043,0.002,2.3443621110225443,0.28727782517671585,0.12871611188165843,0.13159245485439897,0.46710366755723953
160,160,3.7696218490600586,3.7602643966674805,0.002,2.385529237633976,0.28900478035211563,0.12902107613626868,0.13190495618619025,0.4708577021956444
161,161,3.686129331588745,3.6999459266662598,0.002,2.422897422145686,0.2886248975992203,0.12913573067635298,0.13200802612118423,0.47465944290161133
162,162,3.6918814182281494,3.7092649936676025,0.002,2.453821606201222,0.2918120250105858,0.1293527267407626,0.13222107361070812,0.47867128252983093
163,163,3.7193987369537354,3.684887409210205,0.002,2.4838637108979924,0.2922099456191063,0.12955211859662086,0.1323999655432999,0.48277876526117325
164,164,3.7306501865386963,3.7663393020629883,0.002,2.5109605422855887,0.2954862713813782,0.12962374440394342,0.1324739244300872,0.4869193807244301
165,165,3.6806857585906982,3.724012851715088,0.002,2.5356925411825717,0.2959429621696472,0.12976747355423868,0.13261586683802307,0.49084288626909256
166,166,3.705523729324341,3.718553066253662,0.002,2.557817888323347,0.29659129679203033,0.1298605833435431,0.13271819613873959,0.494844451546669
167,167,3.683957099914551,3.7224535942077637,0.002,2.577763504808442,0.29693254828453064,0.13008744246326387,0.13294546958059072,0.49870339781045914
168,168,3.709428310394287,3.6877803802490234,0.002,2.595986039162175,0.30192410945892334,0.13022951316088438,0.13309953222051263,0.5024375468492508
169,169,3.7050833702087402,3.714792251586914,0.002,2.612178830935947,0.3015429750084877,0.13034641812555492,0.13320323638617992,0.5061573535203934
170,170,3.7282330989837646,3.6772990226745605,0.002,2.626147537840039,0.303908035159111,0.1305720933014527,0.1334296192508191,0.5098863989114761
171,171,3.683441638946533,3.717160701751709,0.002,2.436091741483836,0.30433426797389984,0.130787335569039,0.1336743221618235,0.5137371867895126
172,172,3.711836576461792,3.7208504676818848,0.002,2.4687589564883696,0.30688120424747467,0.13085905683692545,0.13372605852782726,0.5173839777708054
173,173,3.677985668182373,3.6728386878967285,0.002,2.497611559760022,0.30762190371751785,0.13092013902496547,0.13377981539815664,0.5210649371147156
174,174,3.694337844848633,3.6992015838623047,0.002,2.3351113398246532,0.3058537542819977,0.13107612414751202,0.1339614966418594,0.5248100459575653
175,175,3.6910762786865234,3.716381072998047,0.002,2.377518576304954,0.31035567820072174,0.1312705739401281,0.13416017382405698,0.5284002125263214
176,176,3.648806095123291,3.6758642196655273,0.002,2.4152930485692345,0.31207263469696045,0.13153816934209317,0.13446681224741042,0.531959280371666
177,177,3.6533093452453613,3.7203989028930664,0.002,2.450112067829529,0.3123467341065407,0.1316159530542791,0.13456883234903216,0.535597026348114
178,178,3.6421101093292236,3.698742628097534,0.002,2.4800713921961997,0.3147614747285843,0.13173281436320394,0.13469022139906883,0.5392646193504333
179,179,3.6391515731811523,3.67899751663208,0.002,2.5080417722762047,0.3171415254473686,0.1319804418599233,0.1349686172325164,0.5428943186998367
180,180,3.6476519107818604,3.68837571144104,0.002,2.5327060608712726,0.31599295884370804,0.13219053857028484,0.1351626180112362,0.5467428117990494
181,181,3.6600027084350586,3.663240909576416,0.002,2.555523124186093,0.319399893283844,0.13222320727072656,0.13520986516959965,0.5505387783050537
182,182,3.68758225440979,3.657102108001709,0.002,2.387180079691309,0.3196842819452286,0.13242600881494582,0.1354329523164779,0.5544501096010208
183,183,3.6323509216308594,3.668703079223633,0.002,2.235798485225366,0.32007673382759094,0.13265117397531867,0.13567945756949484,0.5583337247371674
184,184,3.701019763946533,3.6822681427001953,0.002,2.2879958097433586,0.32263433933258057,0.13284823531284928,0.13589242845773697,0.5622695684432983
185,185,3.6738061904907227,3.6580448150634766,0.002,2.33529541146396,0.32249242812395096,0.13299890456255525,0.13606773898936808,0.5660704970359802
186,186,3.638465404510498,3.684715747833252,0.002,2.377511868066876,0.32447801530361176,0.1331125737633556,0.13619794766418636,0.5698539763689041
187,187,3.6332850456237793,3.729130983352661,0.002,2.4132433094145234,0.3256736472249031,0.13321711728349328,0.13629604177549481,0.5736827850341797
188,188,3.6725239753723145,3.656168222427368,0.002,2.446269887677828,0.32702410966157913,0.13338038604706526,0.13646541559137404,0.5776237547397614
189,189,3.623786449432373,3.6392245292663574,0.002,2.288376688724723,0.3296440616250038,0.13347925583366305,0.1365759966429323,0.5815326571464539
190,190,3.631047248840332,3.652029275894165,0.002,2.1466400600364492,0.33129022270441055,0.13367201574146748,0.13677427871152759,0.5854989141225815
191,191,3.6454501152038574,3.659893035888672,0.002,2.207759791190798,0.33111171424388885,0.13377371127717197,0.13688707305118442,0.589299276471138
192,192,3.629530191421509,3.6392297744750977,0.002,2.262007646103275,0.33288784325122833,0.13383332605008036,0.1369646629318595,0.5931080281734467
193,193,3.5795741081237793,3.604163646697998,0.002,2.312294239529405,0.3347928896546364,0.1339434211840853,0.1370896657463163,0.5969645977020264
194,194,3.607357978820801,3.6355795860290527,0.002,2.166943693660184,0.33584149181842804,0.1341594154946506,0.13732804148457944,0.6008334457874298
195,195,3.5499393939971924,3.6159822940826416,0.002,2.226221365784313,0.33762363344430923,0.13440409919712692,0.1375902029685676,0.6046113073825836
196,196,3.595822334289551,3.642012596130371,0.002,2.279214039852354,0.33785519003868103,0.13464881922118366,0.13786242646165192,0.608339250087738
197,197,3.6258394718170166,3.615570545196533,0.002,2.3270588694062315,0.33690254390239716,0.1347517663380131,0.13797839684411883,0.612256795167923
198,198,3.6317830085754395,3.647228956222534,0.002,2.369855290360786,0.3410333842039108,0.13491507293656468,0.13813671562820673,0.6160112172365189
199,199,3.632722854614258,3.651336193084717,0.002,2.4088735771371534,0.3450970947742462,0.13516800303477794,0.1384050496853888,0.6198777556419373
200,200,3.6236634254455566,3.592496871948242,0.002,2.4434279449734824,0.3445684313774109,0.13528118177782744,0.13851800025440753,0.6237884163856506
201,201,3.6370487213134766,3.619781255722046,0.002,2.286423758449791,0.34594837576150894,0.13537060073576868,0.13861177186481655,0.6277962028980255
202,202,3.628164768218994,3.670835018157959,0.002,2.333296246931788,0.34594837576150894,0.13551916694268584,0.1387854926288128,0.6317842453718185
203,203,3.642561912536621,3.6096725463867188,0.002,2.3755601267701105,0.3495936617255211,0.13568248064257205,0.13897223444655538,0.6357938945293427
204,204,3.594369888305664,3.6102685928344727,0.002,2.41383873375848,0.35088377445936203,0.13585440954193473,0.13918541627936065,0.6396095901727676
205,205,3.666093349456787,3.586737632751465,0.002,2.4480620223011162,0.3522663116455078,0.13603001914452761,0.1393943049479276,0.6434426754713058
206,206,3.5781588554382324,3.6012043952941895,0.002,2.2904084001721943,0.351521372795105,0.13605933357030153,0.13943695952184498,0.6473331600427628
207,207,3.5776758193969727,3.615429401397705,0.002,2.337610465652021,0.35084977746009827,0.1361599472584203,0.1395228784531355,0.6512138694524765
208,208,3.625028133392334,3.5966954231262207,0.002,2.3793020584067954,0.35331837087869644,0.13629691256210208,0.13968202588148415,0.6550348997116089
209,209,3.6118288040161133,3.61106014251709,0.002,2.4163461903792376,0.3562944605946541,0.1363741495879367,0.139777121366933,0.6588511914014816
210,210,3.5692238807678223,3.599997043609619,0.002,2.450221522145628,0.35887081176042557,0.13635363278444856,0.1397734433412552,0.6626964658498764
211,211,3.581515312194824,3.6403558254241943,0.002,2.4810197624886023,0.35416824370622635,0.1364627666771412,0.13990063895471394,0.6665695309638977
212,212,3.5596909523010254,3.632045269012451,0.002,2.508410268160519,0.3569416180253029,0.13665251585189253,0.1401221624109894,0.6703857630491257
213,213,3.5926513671875,3.6564114093780518,0.002,2.533695292124366,0.36017073690891266,0.13674684392753989,0.14023669390007854,0.6744160503149033
214,214,3.5552244186401367,3.581885814666748,0.002,2.55576803412993,0.3579714149236679,0.13682165020145476,0.1403248985297978,0.6785106956958771
215,215,3.5532686710357666,3.5976948738098145,0.002,2.3872180166156074,0.3606370687484741,0.1368436054326594,0.14036719524301589,0.6826642006635666
216,216,3.571619749069214,3.5626144409179688,0.002,2.4245115370667443,0.3649435192346573,0.13697953545488417,0.14051960548385978,0.6870685815811157
217,217,3.5285773277282715,3.6478796005249023,0.002,2.269379574099917,0.36666227877140045,0.13715962995775044,0.14075597585178912,0.6912968307733536
218,218,3.5539932250976562,3.575439453125,0.002,2.3179106282865245,0.36863384395837784,0.1372664829250425,0.14089917298406363,0.6953842788934708
219,219,3.5851035118103027,3.5850682258605957,0.002,2.362175989332801,0.36976776272058487,0.13731466617900878,0.14092581742443144,0.6994319558143616
220,220,3.5564894676208496,3.587278366088867,0.002,2.401498371024078,0.3705746605992317,0.1372679304331541,0.14093228499405086,0.7034531086683273
221,221,3.527423143386841,3.604053020477295,0.002,2.4371437590371676,0.3714812397956848,0.13721657043788582,0.14089816366322339,0.7074327170848846
222,222,3.51601505279541,3.5893659591674805,0.002,2.469468268759377,0.37356873601675034,0.1372127120848745,0.14088153559714556,0.7116413861513138
223,223,3.563223361968994,3.495328664779663,0.002,2.4984348844209037,0.37350989878177643,0.13714697945397347,0.140797900268808,0.7155935317277908
224,224,3.5188465118408203,3.6708407402038574,0.002,2.317900887734778,0.37546081095933914,0.13706263771746308,0.14066543988883495,0.719832107424736
225,225,3.5196969509124756,3.5206995010375977,0.002,2.362218754333531,0.3757990002632141,0.13696037221234292,0.14052832615561783,0.7239743024110794
226,226,3.5181331634521484,3.5830273628234863,0.002,2.401511197271537,0.37854576855897903,0.13696656376123428,0.14056331804022193,0.7283152043819427
227,227,3.525982141494751,3.621584892272949,0.002,2.4375475607305916,0.3791346698999405,0.13698342186398804,0.1405146075412631,0.7327463626861572
228,228,3.559861183166504,3.5934314727783203,0.002,2.4689990036851706,0.379535049200058,0.13697463902644813,0.14050382701680064,0.7371030002832413
229,229,3.616330623626709,3.5062623023986816,0.002,2.4981917068694472,0.3828144446015358,0.1370156108168885,0.1406047735363245,0.741310641169548
230,230,3.636073112487793,3.5422887802124023,0.002,2.523920707894209,0.3851780965924263,0.13701801747083664,0.14051940222270787,0.7455026060342789
231,231,3.4962947368621826,3.5235962867736816,0.002,2.5472757286046486,0.38740449398756027,0.13699831441044807,0.140596087789163,0.7494650632143021
232,232,3.5698344707489014,3.5868895053863525,0.002,2.5681165342198717,0.38313446193933487,0.1367949069244787,0.14033536450006068,0.7535775452852249
233,233,3.56170392036438,3.615780830383301,0.002,2.5855848910227164,0.3866465911269188,0.1366122835315764,0.1402245012577623,0.7577977478504181
234,234,3.5115346908569336,3.58644962310791,0.002,2.6019268005632203,0.3864819258451462,0.13641158281825483,0.13990126620046794,0.7620315700769424
235,235,3.562436580657959,3.549198865890503,0.002,2.617559437666448,0.38892199099063873,0.13630137732252479,0.13990148180164397,0.766083374619484
236,236,3.4600460529327393,3.4781975746154785,0.002,2.631431417639148,0.39162737131118774,0.13607818901073188,0.13976279250346124,0.7702947407960892
237,237,3.5848963260650635,3.504878044128418,0.002,2.4550939237285596,0.39044784754514694,0.13604912534356117,0.13968052878044546,0.7745226174592972
238,238,3.505039691925049,3.5803987979888916,0.002,2.485726486118666,0.39236925542354584,0.1358227423625067,0.13950600940734148,0.7784821540117264
239,239,3.525200366973877,3.5393247604370117,0.002,2.5140409402821953,0.39351462572813034,0.13556693645659834,0.1393181555904448,0.7824986428022385
240,240,3.5003280639648438,3.5318713188171387,0.002,2.537762448246914,0.39532117545604706,0.1352222670102492,0.13887371821328998,0.7866344451904297
241,241,3.579132556915283,3.5159804821014404,0.002,2.560667232842307,0.3989923819899559,0.13479163660667837,0.1385507108643651,0.7904846370220184
242,242,3.458965301513672,3.544440984725952,0.002,2.5799227858856555,0.3961944282054901,0.13427855889312923,0.13802725565619767,0.7944372296333313
243,243,3.601809501647949,3.554558515548706,0.002,2.5984613077536434,0.395680733025074,0.1336656662169844,0.13740890636108816,0.7982613891363144
244,244,3.5013315677642822,3.4753928184509277,0.002,2.6130386467359856,0.3998468965291977,0.1332638196181506,0.1369197282474488,0.8023798763751984
245,245,3.5019936561584473,3.621890068054199,0.002,2.4389846568537505,0.39852628856897354,0.13277998636476696,0.13655258202925324,0.8064017295837402
246,246,3.5303165912628174,3.4846887588500977,0.002,2.4705197319585004,0.40136027336120605,0.13217012106906623,0.13594673480838537,0.8103859275579453
247,247,3.4644229412078857,3.511429786682129,0.002,2.4995713277265508,0.40488000214099884,0.13170646724756807,0.13552507106214762,0.8143826127052307
248,248,3.476250171661377,3.6092782020568848,0.002,2.5253432406791676,0.402743898332119,0.13116724300198257,0.134945206111297,0.8183735311031342
249,249,3.4505999088287354,3.458789825439453,0.002,2.5483854878625887,0.40532518923282623,0.1305423384765163,0.13443484110757709,0.8222374767065048
250,250,3.4593141078948975,3.5506703853607178,0.002,2.380615307036512,0.39919083565473557,0.12972808326594532,0.13350494299083948,0.8263162672519684
251,251,3.410653591156006,3.5835890769958496,0.002,2.418080106227637,0.4050745740532875,0.12892716971691698,0.13270772597752512,0.830130472779274
252,252,3.4864516258239746,3.5600688457489014,0.002,2.4521592588466685,0.40133626013994217,0.12838904559612274,0.1322567667812109,0.8340089023113251
253,253,3.4710021018981934,3.5012166500091553,0.002,2.4825204504157035,0.4056485742330551,0.12798014632426202,0.13213307526893914,0.8379308134317398
254,254,3.5001771450042725,3.5562751293182373,0.002,2.5100450314189784,0.40876542031764984,0.12720509234350175,0.13122039288282394,0.8421439230442047
255,255,3.5036559104919434,3.4813485145568848,0.002,2.53509092312755,0.40997740626335144,0.1265933036338538,0.13074238202534616,0.84598708152771
256,256,3.5037355422973633,3.5019071102142334,0.002,2.5570317416112074,0.40812160074710846,0.12597262498456985,0.13021724275313318,0.8496154844760895
257,257,3.5649940967559814,3.4574594497680664,0.002,2.5757661205673728,0.40659330040216446,0.12526205275207758,0.1296978018945083,0.8530596643686295
258,258,3.5463180541992188,3.4513797760009766,0.002,2.388668450731022,0.41168368607759476,0.12439639586955309,0.12865702621638775,0.8574146628379822
259,259,3.4656295776367188,3.5185840129852295,0.002,2.228465491479578,0.41389255225658417,0.12355322390794754,0.12803385977167636,0.8609435111284256
260,260,3.500053882598877,3.5092520713806152,0.002,2.280350951688073,0.4106907472014427,0.122443339205347,0.12693874712567776,0.8648205101490021
261,261,3.494079351425171,3.455425977706909,0.002,2.326631041046439,0.4075789749622345,0.12154105980880558,0.1259486023336649,0.8690960258245468
262,262,3.5154504776000977,3.590463638305664,0.002,2.3689411871260195,0.4134218990802765,0.12094025232363492,0.12572561635170132,0.8727253973484039
263,263,3.4704012870788574,3.5498294830322266,0.002,2.407903031492711,0.41091546416282654,0.12014186754822731,0.12490289763081819,0.8768522292375565
264,264,3.443777084350586,3.466762065887451,0.002,2.4425599106703433,0.41634847968816757,0.11946997314225882,0.12474069860763848,0.8800664097070694
265,265,3.453688144683838,3.5215561389923096,0.002,2.4741144634843484,0.4140467345714569,0.1183245504507795,0.12359088088851422,0.8837767690420151
266,266,3.4201698303222656,3.531839370727539,0.002,2.5024583120414707,0.4181096479296684,0.1174005166394636,0.12288007000461221,0.8871158957481384
267,267,3.4340903759002686,3.462815284729004,0.002,2.5279891068821683,0.4152908995747566,0.11661913013085723,0.1221387522527948,0.8905448615550995
268,268,3.4966702461242676,3.4113035202026367,0.002,2.5507230782702184,0.4167667031288147,0.11575360887218267,0.12132827972527593,0.8941429108381271
269,269,3.4807639122009277,3.4605958461761475,0.002,2.3820822457871205,0.414523608982563,0.1146670546149835,0.12035985349211842,0.8975005000829697
270,270,3.462357521057129,3.4863839149475098,0.002,2.4186320902452976,0.41668378561735153,0.11351181520149112,0.11933053331449628,0.9010372012853622
271,271,3.416569709777832,3.4602417945861816,0.002,2.45370231007334,0.42167144268751144,0.11248603055719286,0.11895420157816261,0.9032573848962784
272,272,3.492347002029419,3.4142560958862305,0.002,2.483852403068161,0.420572005212307,0.1106524757342413,0.11678767832927406,0.908425584435463
273,273,3.4690773487091064,3.5214571952819824,0.002,2.5120326169586384,0.41884829103946686,0.1087401898112148,0.11531305382959545,0.9108002036809921
274,274,3.40010404586792,3.414842128753662,0.002,2.535877672031356,0.42023178189992905,0.10669507749844342,0.11336342606227845,0.9143605679273605
275,275,3.347675085067749,3.4585347175598145,0.002,2.5580878653127623,0.41961856931447983,0.10465064842719585,0.11120490799658,0.9188539683818817
276,276,3.421994209289551,3.533909797668457,0.002,2.5778179672978836,0.42414628714323044,0.10271694336552173,0.10980665718670934,0.9207558482885361
277,277,3.5268685817718506,3.491816759109497,0.002,2.595493175638212,0.42649638652801514,0.10061147867236286,0.10797528910916299,0.9235219210386276
278,278,3.4355130195617676,3.5012898445129395,0.002,2.61154828840719,0.42159805446863174,0.0985498841619119,0.10595354565884918,0.927038699388504
279,279,3.425809860229492,3.4140915870666504,0.002,2.6260492527716055,0.42335767298936844,0.09657809673808515,0.104211580241099,0.9298306554555893
280,280,3.4642982482910156,3.529817819595337,0.002,2.637444887611802,0.4238450154662132,0.09451832307968289,0.10253143112640828,0.9322682321071625
281,281,3.4158847332000732,3.5728707313537598,0.002,2.6489567225423216,0.42192671447992325,0.0924678883748129,0.10075016517657787,0.9348369538784027
282,282,3.4286997318267822,3.498584747314453,0.002,2.659497319277474,0.42459847778081894,0.09046122781001031,0.09885653550736606,0.9387274086475372
283,283,3.5147390365600586,3.5856242179870605,0.002,2.6689827650529216,0.42616280168294907,0.08840175659861416,0.0971662561642006,0.9411367177963257
284,284,3.3980817794799805,3.5000360012054443,0.002,2.678228088654783,0.4278038293123245,0.08637227432336658,0.0958147655474022,0.940555140376091
285,285,3.496450662612915,3.4729912281036377,0.002,2.686672336615735,0.4264287054538727,0.0849014128325507,0.09406184707768261,0.947144404053688
286,286,3.392040252685547,3.415372848510742,0.002,2.6937040776366503,0.427329458296299,0.08295351883862168,0.09272433049045503,0.9469437897205353
287,287,3.449681520462036,3.4366414546966553,0.002,2.700292017790759,0.4272148683667183,0.08083846850786358,0.09069564659148455,0.951777920126915
288,288,3.352647066116333,3.4631264209747314,0.002,2.705888554148898,0.43099845200777054,0.07886763638816774,0.08964329317677766,0.9488144516944885
289,289,3.432755470275879,3.4831342697143555,0.002,2.7105325923211305,0.4323701784014702,0.07685346499783918,0.08748357463628054,0.9558449685573578
290,290,3.389260768890381,3.458310604095459,0.002,2.7150548119421223,0.42854462563991547,0.0749008099664934,0.0859481270890683,0.9568035155534744
291,291,3.4721858501434326,3.4074997901916504,0.002,2.719216054693821,0.4330422505736351,0.07294410344911739,0.08448297646827996,0.9574824571609497
292,292,3.412586212158203,3.42295503616333,0.002,2.5275692002222057,0.43489938974380493,0.07113229419337586,0.08259967842604965,0.9647669047117233
293,293,3.370983123779297,3.4476494789123535,0.002,2.5510782391471016,0.43431828916072845,0.06990313291316852,0.08227154577616602,0.9592751115560532
294,294,3.446290969848633,3.484647750854492,0.002,2.571683604499433,0.4356762170791626,0.06831832637544721,0.08107704803114757,0.960381343960762
295,295,3.4296905994415283,3.4445738792419434,0.002,2.590314298696842,0.4363236203789711,0.06696649763034657,0.07918971189064905,0.9712584167718887
296,296,3.4006900787353516,3.401401996612549,0.002,2.606841962745982,0.4374236389994621,0.06600058963522315,0.07900757034076378,0.9622271656990051
297,297,3.3708724975585938,3.448028802871704,0.002,2.433408188783368,0.43945667892694473,0.0645478573278524,0.07738286472158507,0.9676859080791473
298,298,3.383716106414795,3.467702865600586,0.002,2.465256683211997,0.43829797208309174,0.063203222991433,0.07585913606453687,0.9738228619098663
299,299,3.4178929328918457,3.3909904956817627,0.002,2.4944753720305544,0.4367091432213783,0.062186606926843524,0.07519412343390286,0.9720398038625717
300,300,3.4055542945861816,3.369893789291382,0.002,2.3235237139014244,0.43961499631404877,0.06160225678468123,0.07457572658313438,0.9784154295921326
301,301,3.4926490783691406,3.554579019546509,0.002,2.1782084248525564,0.44083457440137863,0.061457057716324925,0.0745064178481698,0.979112982749939
302,302,3.4857752323150635,3.395488739013672,0.002,2.236404000368153,0.44191618263721466,0.061507957230787724,0.07389409805182368,0.9854908734560013
303,303,3.443826675415039,3.3655717372894287,0.002,2.288569767248579,0.44165223091840744,0.06293893465772271,0.07490919652627781,0.9880798608064651
304,304,3.373215675354004,3.3815951347351074,0.002,2.146984188048362,0.4385196194052696,0.06390421278774738,0.07421504036756232,1.0074271261692047
305,305,3.3727927207946777,3.369675874710083,0.002,2.206627475747719,0.4469415917992592,0.066128350852523,0.07641459623118863,1.0013016760349274
306,306,3.4612460136413574,3.4133496284484863,0.002,2.2578898187703,0.4441005066037178,0.06811113376170397,0.07760377856902778,1.0108982920646667
307,307,3.359589099884033,3.4645402431488037,0.002,2.3064284698730684,0.44420836865901947,0.06936191208660603,0.07794013764942065,1.0184981673955917
308,308,3.3726890087127686,3.510493278503418,0.002,2.351426114510039,0.4485798180103302,0.06920286978129297,0.07709535490721464,1.0186266005039215
309,309,3.3363471031188965,3.372899055480957,0.002,2.3912045571725478,0.44680287688970566,0.06874459137907252,0.07577491045231,1.0286059975624084
310,310,3.360884189605713,3.372617721557617,0.002,2.426918206139163,0.44711069762706757,0.06813606206560507,0.07468827674165368,1.031686931848526
311,311,3.422579288482666,3.3766424655914307,0.002,2.4600341937876324,0.44654277712106705,0.06795128725934774,0.07455785642378032,1.031746506690979
312,312,3.4225857257843018,3.5033349990844727,0.002,2.4894375817060768,0.4474297910928726,0.06717216188553721,0.07360563339898363,1.0349972546100616
313,313,3.4216153621673584,3.3429410457611084,0.002,2.5159530115325515,0.448612242937088,0.06556003040168434,0.07218478235881776,1.0351667702198029
314,314,3.35225248336792,3.4357805252075195,0.002,2.343132884996703,0.44823094457387924,0.06385307695018128,0.07075954298488796,1.0365903675556183
315,315,3.330216407775879,3.5841493606567383,0.002,2.384546455016186,0.44916991889476776,0.06228595139691606,0.06935282988706604,1.0411887764930725
316,316,3.4172158241271973,3.3837456703186035,0.002,2.421612133516722,0.4506100192666054,0.06103837030241266,0.06848039705073461,1.0418446958065033
317,317,3.333012342453003,3.3846285343170166,0.002,2.4553583399217436,0.44809332489967346,0.06023854680825025,0.06757270451635122,1.0480389595031738
318,318,3.340479612350464,3.4246933460235596,0.002,2.4855581134814018,0.4501980096101761,0.06016301776980981,0.06722962524509057,1.0509448051452637
319,319,3.3964076042175293,3.383730888366699,0.002,2.5120489865837645,0.45041918754577637,0.060055705660488456,0.0669931580487173,1.0567400753498077
320,320,3.3531970977783203,3.3636841773986816,0.002,2.5371803287444568,0.4495216831564903,0.06041976809501648,0.06715017516398802,1.0553838312625885
321,321,3.3928184509277344,3.348982095718384,0.002,2.5594398151696365,0.45484137535095215,0.06038988759974018,0.06744398293085396,1.0492036640644073
322,322,3.373332977294922,3.3706605434417725,0.002,2.5789604791185408,0.45200999081134796,0.05973056628135964,0.06667742476565763,1.0583290755748749
323,323,3.359450340270996,3.4207077026367188,0.002,2.5967655926529374,0.4539489299058914,0.05860248938552104,0.06618714670185,1.05277419090271
324,324,3.3941092491149902,3.324528932571411,0.002,2.6132436029571595,0.45718304067850113,0.057838468317640945,0.06558400113135576,1.061994731426239
325,325,3.3213682174682617,3.3688716888427734,0.002,2.426228552350023,0.453835129737854,0.05726721722749062,0.06506727798841894,1.0647310018539429
326,326,3.387345790863037,3.3811397552490234,0.002,2.459436486260833,0.4525083303451538,0.056928047037217766,0.06498685304541141,1.0644246637821198
327,327,3.3433785438537598,3.3629698753356934,0.002,2.4895514539475037,0.456101156771183,0.057602291024522856,0.06476568174548447,1.078267216682434
328,328,3.3395915031433105,3.3191261291503906,0.002,2.5162225930872513,0.4520893469452858,0.05856471962761134,0.06527291639940813,1.0836038887500763
329,329,3.388728141784668,3.394430637359619,0.002,2.351591455081634,0.4555320665240288,0.0590874245390296,0.06594328832579777,1.0710147023200989
330,330,3.351973533630371,3.3897836208343506,0.002,2.3926324117263595,0.45568670332431793,0.059454051428474486,0.06594613037304953,1.0811660289764404
331,331,3.3930203914642334,3.377318859100342,0.002,2.429158378048311,0.4580608159303665,0.05908796738367528,0.06588629877660424,1.0836913585662842
332,332,3.499438762664795,3.421264171600342,0.002,2.4601265160913584,0.4536806270480156,0.05847427449771203,0.06576006533578038,1.0877823233604431
333,333,3.346863269805908,3.311473846435547,0.002,2.4895790557068627,0.4588381424546242,0.05783623570459895,0.06570310768438503,1.0835883617401123
334,334,3.302607536315918,3.29500675201416,0.002,2.316938169142309,0.45863302797079086,0.05727916394243948,0.06553980737226084,1.0757695138454437
335,335,3.336550712585449,3.348416328430176,0.002,2.1639409635954574,0.46141035854816437,0.05741133834817447,0.06492001406149939,1.0883388221263885
336,336,3.417661666870117,3.3872790336608887,0.002,2.223029523883164,0.4597989544272423,0.05826716360752471,0.06445097288815305,1.1186133027076721
337,337,3.3343865871429443,3.3389785289764404,0.002,2.276718881966332,0.46153856068849564,0.05834915037848987,0.06486653641331941,1.1055651605129242
338,338,3.2907681465148926,3.2771902084350586,0.002,2.3245673177718538,0.45955856889486313,0.05882139317691326,0.06528947775950655,1.1172284483909607
339,339,3.3290650844573975,3.3407087326049805,0.002,2.1789207323165973,0.4570992439985275,0.05887908468139358,0.06547617324395105,1.114486426115036
340,340,3.3664510250091553,3.3701114654541016,0.002,2.237198038811129,0.4595520719885826,0.05933067889418453,0.06597969034919515,1.1171323657035828
341,341,3.307978630065918,3.4302031993865967,0.002,2.289283307628015,0.4595654830336571,0.060386977274902165,0.06662749114912003,1.1174551844596863
342,342,3.282634973526001,3.3026204109191895,0.002,2.336929233395582,0.4634706601500511,0.060329915111651644,0.06719360465649515,1.113702803850174
343,343,3.3843650817871094,3.3928966522216797,0.002,2.379353587008732,0.4586734026670456,0.0610595389152877,0.06687376805348322,1.1255436837673187
344,344,3.3640964031219482,3.3678464889526367,0.002,2.4168070343401227,0.46266305446624756,0.06103118136525154,0.06743842619471252,1.120165854692459
345,345,3.3260550498962402,3.289154052734375,0.002,2.4504458812921497,0.46103519201278687,0.06190151270129718,0.06732479116180912,1.1413134336471558
346,346,3.3437693119049072,3.388319492340088,0.002,2.481582192998167,0.4590661898255348,0.062360191892366856,0.06732367380755022,1.155856877565384
347,347,3.3881945610046387,3.33366060256958,0.002,2.5083961362622818,0.46575335413217545,0.06188587425276637,0.06774332030909136,1.1301324665546417
348,348,3.337616205215454,3.3520917892456055,0.002,2.5311478563061702,0.4672278016805649,0.06270140234846622,0.06799016147851944,1.1478793919086456
349,349,3.2926878929138184,3.395216226577759,0.002,2.551851781087217,0.4653562381863594,0.061864811403211206,0.06853954074904323,1.1179212033748627
350,350,3.34246826171875,3.3508553504943848,0.002,2.571645291393248,0.4658203050494194,0.06093169568339363,0.06872867449419573,1.1156302988529205
351,351,3.222418785095215,3.32932186126709,0.002,2.590965921037222,0.4663192629814148,0.06090779235819355,0.06791895959759131,1.13157057762146
352,352,3.32185697555542,3.390254497528076,0.002,2.6070265106251442,0.464593842625618,0.06087485497118905,0.0672819204046391,1.1484212577342987
353,353,3.2936136722564697,3.4317493438720703,0.002,2.6222137599974884,0.4654996246099472,0.061448749620467424,0.06682417215779424,1.170327067375183
354,354,3.3041019439697266,3.3349525928497314,0.002,2.6355929902015443,0.4668365716934204,0.06163140444550663,0.06738274154486135,1.169711023569107
355,355,3.278247594833374,3.3651716709136963,0.002,2.6484495913946122,0.4674431309103966,0.06215899522067048,0.06811602727975696,1.1675999164581299
356,356,3.4006996154785156,3.337890148162842,0.002,2.658348585018155,0.47169075161218643,0.062166901712771505,0.06968778482405469,1.130511850118637
357,357,3.337167978286743,3.321260452270508,0.002,2.6682323833215844,0.47288786619901657,0.062055267073446885,0.07083127176156268,1.1240231692790985
358,358,3.251091718673706,3.33056640625,0.002,2.676803405701953,0.4728271886706352,0.06330024343333207,0.07103312807157636,1.135053277015686
359,359,3.341586112976074,3.364035129547119,0.002,2.6850173451884918,0.47214996814727783,0.06308697076747194,0.07093119039200246,1.142242431640625
360,360,3.2932639122009277,3.377652168273926,0.002,2.6921353385797224,0.47039944678545,0.062422261224128306,0.07023925677640364,1.1568117141723633
361,361,3.326911211013794,3.301124095916748,0.002,2.698998509975427,0.4731512889266014,0.06234424395370297,0.0694441933883354,1.1742680370807648
362,362,3.4354400634765625,3.3543293476104736,0.002,2.7046047882746236,0.46961362659931183,0.06262160505866632,0.06860867427894846,1.209623098373413
363,363,3.3213632106781006,3.451340913772583,0.002,2.7098837448753867,0.4751472994685173,0.06251910707214847,0.06897252530325204,1.2028855681419373
364,364,3.3113813400268555,3.361968517303467,0.002,2.7134646186720577,0.4714862257242203,0.06307514317450114,0.07007095770677552,1.1871758103370667
365,365,3.3627796173095703,3.334348678588867,0.002,2.7178794678514735,0.47598760575056076,0.06391644079121761,0.07037096918793395,1.1992259919643402
366,366,3.2783823013305664,3.299593925476074,0.002,2.7220033210011403,0.47583580762147903,0.06376723971334286,0.07157666311832145,1.1744524538516998
367,367,3.3682355880737305,3.3434886932373047,0.002,2.725386660951988,0.4762580394744873,0.06393275671871379,0.07224240351933986,1.1650325655937195
368,368,3.2490177154541016,3.32112717628479,0.002,2.7283715947679146,0.47389233112335205,0.06365804112283513,0.07227521965978667,1.1595273613929749
369,369,3.290022850036621,3.36348557472229,0.002,2.7306431614519595,0.48030925542116165,0.06350955294328742,0.07141999248415232,1.1771232783794403
370,370,3.2994801998138428,3.406386613845825,0.002,2.732695736934287,0.47720620036125183,0.06211215668008663,0.070889281865675,1.1708971560001373
371,371,3.3053557872772217,3.2728466987609863,0.002,2.7352668025090883,0.4731328934431076,0.06267918733647093,0.06877837266074494,1.2205610573291779
372,372,3.292712688446045,3.2837557792663574,0.002,2.5476578996163273,0.48126882314682007,0.06154048707685433,0.06913940532831475,1.195900321006775
373,373,3.279308319091797,3.291633129119873,0.002,2.5688050046557684,0.4829971492290497,0.062293115799548104,0.06921250547748059,1.2075846195220947
374,374,3.2456862926483154,3.258307456970215,0.002,2.5876584712561046,0.479113832116127,0.06350952625507489,0.06947164615849033,1.217383235692978
375,375,3.2939767837524414,3.298048496246338,0.002,2.4151484932052747,0.47787823528051376,0.06400316185317934,0.0705817025154829,1.2013568878173828
376,376,3.3269433975219727,3.275930881500244,0.002,2.449015904585914,0.47670728713274,0.06528824771521613,0.0709889733698219,1.221217155456543
377,377,3.228405475616455,3.294137477874756,0.002,2.480194856733836,0.48199836164712906,0.06495457631535828,0.0724664008594118,1.1744127869606018
378,378,3.269848346710205,3.318964958190918,0.002,2.507571268219195,0.48604756593704224,0.06473157767322846,0.07269304798683152,1.1670271158218384
379,379,3.354264497756958,3.2675704956054688,0.002,2.532299527216874,0.481193944811821,0.06533363554626703,0.07035090960562229,1.2253526449203491
380,380,3.264111280441284,3.3158345222473145,0.002,2.5541287738794405,0.4790620133280754,0.06450110286823474,0.07053266724688001,1.2094086110591888
381,381,3.376176595687866,3.3029041290283203,0.002,2.572968314732358,0.479917049407959,0.06593990453984588,0.06979302066611126,1.2396568655967712
382,382,3.2722103595733643,3.2096481323242188,0.002,2.5907355801013896,0.48210176825523376,0.06637956446502358,0.07004948984831572,1.2342654168605804
383,383,3.274071455001831,3.32143497467041,0.002,2.4183066829302877,0.479808546602726,0.06701937166508287,0.07036376936594024,1.2334393858909607
384,384,3.3187966346740723,3.246381998062134,0.002,2.450517618754169,0.48117540031671524,0.0675185808504466,0.0707116810081061,1.2298903465270996
385,385,3.2596259117126465,3.321465492248535,0.002,2.4807565156027205,0.4845428988337517,0.0673260269977618,0.07061819627415389,1.2433515191078186
386,386,3.3227758407592773,3.4071006774902344,0.002,2.508034765237145,0.4853378236293793,0.06645759122329764,0.07040873623918742,1.2219396233558655
387,387,3.2440638542175293,3.263843059539795,0.002,2.5322578428338622,0.48177042603492737,0.06838502624304965,0.07105045227217488,1.2371214926242828
388,388,3.219968318939209,3.3116700649261475,0.002,2.5553380957466487,0.4863113909959793,0.06855071801692247,0.07108930320828222,1.243544727563858
389,389,3.3369669914245605,3.281447410583496,0.002,2.5763383866106424,0.4858821630477905,0.06780418967537116,0.07013411485240795,1.2470424175262451
390,390,3.3209023475646973,3.280648708343506,0.002,2.5949370257688265,0.4850713387131691,0.0668435294937808,0.06840125090093352,1.256767362356186
391,391,3.285322666168213,3.3221142292022705,0.002,2.611230889562767,0.4858791083097458,0.06691936161951162,0.06853460607817397,1.2414339184761047
392,392,3.23901104927063,3.306117057800293,0.002,2.6255429783096855,0.48550618439912796,0.06710861156170722,0.06886256922734901,1.2375969886779785
393,393,3.22652530670166,3.2400405406951904,0.002,2.6382264777111475,0.48879456520080566,0.06634659037808888,0.0677112007397227,1.2353882491588593
394,394,3.2238128185272217,3.2612557411193848,0.002,2.649665058111962,0.4867320582270622,0.06607220624573529,0.0659142907243222,1.2534551322460175
395,395,3.2381346225738525,3.245828628540039,0.002,2.660423770438102,0.48862816393375397,0.06481484707910568,0.06447631164337508,1.2534166872501373
396,396,3.248739242553711,3.2144246101379395,0.002,2.6701541905301047,0.4946940913796425,0.06471878405136522,0.06312864916981198,1.26446932554245
397,397,3.3064076900482178,3.257249116897583,0.002,2.6788875036190474,0.48804935812950134,0.06519862926506903,0.06327989103738219,1.2750171720981598
398,398,3.2562804222106934,3.316831588745117,0.002,2.686615202971989,0.48764701187610626,0.0648281314788619,0.06151151398080401,1.2832236886024475
399,399,3.2673447132110596,3.2133476734161377,0.002,2.693931749767324,0.49029209464788437,0.06400326237780973,0.06018955723266117,1.2827516198158264
400,400,3.2504751682281494,3.2735204696655273,0.002,2.6999295626690305,0.4905095398426056,0.06437077780719846,0.060682619747240096,1.2716144323349
401,401,3.20554256439209,3.2697811126708984,0.002,2.7057055747352283,0.4946945905685425,0.06494818735518493,0.06264349745470099,1.236788809299469
402,402,3.2117817401885986,3.2775635719299316,0.002,2.7108848431759,0.490881972014904,0.06486980110639706,0.06081872107461095,1.2681666612625122
403,403,3.287712812423706,3.317917823791504,0.002,2.715701041074301,0.49574746936559677,0.06345738694653846,0.05872568237828091,1.2710539400577545
404,404,3.210113286972046,3.233218193054199,0.002,2.7197195251704014,0.49541715532541275,0.06348731298930943,0.05576968294917606,1.2946308255195618
405,405,3.2461538314819336,3.240690231323242,0.002,2.7235077898366273,0.4945261925458908,0.06406667773262598,0.05747786248684861,1.2742386758327484
406,406,3.2992749214172363,3.2361068725585938,0.002,2.7273335219619046,0.4951108768582344,0.06496047007385641,0.0586162973777391,1.272367149591446
407,407,3.24373459815979,3.3258495330810547,0.002,2.730385000973666,0.4982016012072563,0.06378049100749195,0.056802970357239246,1.2756662368774414
408,408,3.3065836429595947,3.287032127380371,0.002,2.7329345428319938,0.4988385885953903,0.06305245208204724,0.05458944468409754,1.29886394739151
409,409,3.2414705753326416,3.312469959259033,0.002,2.73533186317612,0.4969446584582329,0.0644225811411161,0.05524977631284855,1.301847219467163
410,410,3.3013668060302734,3.264491558074951,0.002,2.7373807102309238,0.5035679414868355,0.06516214556177147,0.05942093001795001,1.2525449693202972
411,411,3.2732348442077637,3.2293710708618164,0.002,2.739126933352002,0.5024884194135666,0.06464006862370297,0.05710171154350974,1.2811867594718933
412,412,3.2134552001953125,3.2208662033081055,0.002,2.740699079997605,0.5042716190218925,0.06427920307032764,0.054798979399492964,1.3116568326950073
413,413,3.1914291381835938,3.206981897354126,0.002,2.7425716370740383,0.5005518868565559,0.06462044012732804,0.05489528289763257,1.311260610818863
414,414,3.28926420211792,3.2655282020568848,0.002,2.5407059202654976,0.5067465305328369,0.06583001831313595,0.05732869348139502,1.2791639566421509
415,415,3.2150559425354004,3.224609851837158,0.002,2.5618562358730843,0.5034454315900803,0.06703707022825256,0.05884654485271312,1.271418571472168
416,416,3.195014476776123,3.309316873550415,0.002,2.5818537065364615,0.5030582100152969,0.06640991478343494,0.056932393461465836,1.2984349429607391
417,417,3.2314038276672363,3.207043170928955,0.002,2.60016449128179,0.5025006160140038,0.0662791165523231,0.054339655907824636,1.3383625149726868
418,418,3.173966884613037,3.210193395614624,0.002,2.615329185694438,0.5066110640764236,0.06687552097719163,0.05632371112005785,1.3106643855571747
419,419,3.2097654342651367,3.218841552734375,0.002,2.6299371250027215,0.5117174834012985,0.06752272477024235,0.05963692787918262,1.2691997587680817
420,420,3.2400472164154053,3.2218966484069824,0.002,2.643238468199948,0.5081618130207062,0.06890264409594238,0.05924145286553539,1.294674575328827
421,421,3.247225761413574,3.2321698665618896,0.002,2.6538400244091536,0.5088832974433899,0.06783627648837864,0.056923069612821564,1.321656733751297
422,422,3.2581005096435547,3.2681708335876465,0.002,2.6639697943861442,0.5098322033882141,0.06673176295589656,0.0553976561059244,1.341597706079483
423,423,3.1820735931396484,3.2423808574676514,0.002,2.673393207505067,0.5070818364620209,0.0666487154958304,0.05440014012856409,1.3611916899681091
424,424,3.2116849422454834,3.2645092010498047,0.002,2.6819454295313276,0.5127364844083786,0.06755545496707782,0.05712303193286061,1.3283062279224396
425,425,3.178267478942871,3.2130842208862305,0.002,2.689213894780721,0.5117873102426529,0.06895027199061587,0.05856110862805508,1.3273372948169708
426,426,3.2152864933013916,3.2049953937530518,0.002,2.6957669747572996,0.5102520883083344,0.06923613013350405,0.058692655962659046,1.337740272283554
427,427,3.2690858840942383,3.2743589878082275,0.002,2.5048859977975337,0.5115304887294769,0.06799801570014097,0.05717960049514659,1.357509434223175
428,428,3.263066053390503,3.237090826034546,0.002,2.5292668192734,0.5134371817111969,0.06678546787588857,0.05672052752925083,1.3570946156978607
429,429,3.201693534851074,3.1884548664093018,0.002,2.552283150076011,0.5154185742139816,0.06758014508523047,0.058982130081858486,1.3302436769008636
430,430,3.1583127975463867,3.2014975547790527,0.002,2.375283470185261,0.5154999494552612,0.06817914001294412,0.062274159892695025,1.2945372462272644
431,431,3.200700283050537,3.241217613220215,0.002,2.4134234867985316,0.5143370926380157,0.06888503255322576,0.05795122269773856,1.3764449954032898
432,432,3.227656602859497,3.2762608528137207,0.002,2.4453482254308114,0.5165124833583832,0.0678538090432994,0.0581042333797086,1.3639014065265656
433,433,3.2334299087524414,3.2320446968078613,0.002,2.4760729962134973,0.5155592113733292,0.06874144106404856,0.05811109216301702,1.382771223783493
434,434,3.1829099655151367,3.2134008407592773,0.002,2.5041695915418822,0.5185941606760025,0.06953447841806337,0.061559578258311376,1.3333572149276733
435,435,3.2210171222686768,3.208557605743408,0.002,2.529784393736493,0.5149395614862442,0.07156037929235026,0.06080598203698173,1.369435042142868
436,436,3.237020492553711,3.1676876544952393,0.002,2.5493921080191235,0.5176729410886765,0.07103125785943121,0.05963541171513498,1.388721615076065
437,437,3.266144275665283,3.2136614322662354,0.002,2.3804264580262773,0.5195966362953186,0.07083800982218236,0.058942249161191285,1.4075922667980194
438,438,3.174990653991699,3.315141201019287,0.002,2.4161200414369217,0.5176668763160706,0.07239092150120996,0.060219298262381926,1.3969972431659698
439,439,3.1819443702697754,3.308067560195923,0.002,2.447661310070629,0.5188153982162476,0.0733565054833889,0.062387743790168315,1.3797187805175781
440,440,3.2052016258239746,3.2025609016418457,0.002,2.4765904556932403,0.5182921141386032,0.07488848263164982,0.06330721647827886,1.3711802959442139
441,441,3.223101854324341,3.2149178981781006,0.002,2.501561392560986,0.5207689851522446,0.07353840043651871,0.06299788341857493,1.3791597783565521
442,442,3.150083065032959,3.202118396759033,0.002,2.5229978301275855,0.5254936963319778,0.07367365612299182,0.06203551634098403,1.4081809520721436
443,443,3.2335445880889893,3.166718006134033,0.002,2.5416058585030434,0.5163879245519638,0.0757304567086976,0.06185398873640224,1.4292819797992706
444,444,3.1449131965637207,3.2440569400787354,0.002,2.3629602378155883,0.5196275562047958,0.0756204271747265,0.06549953771173023,1.3813952207565308
445,445,3.188951015472412,3.2038369178771973,0.002,2.3993417826864265,0.5290400385856628,0.0752397158939857,0.06699465343263,1.3481772243976593
446,446,3.1070053577423096,3.210998773574829,0.002,2.4351054857314005,0.5186860412359238,0.07529541483381763,0.061930068768560886,1.4394792914390564
447,447,3.153485059738159,3.210927963256836,0.002,2.4674640362879225,0.5252848267555237,0.07377552444813773,0.06184565884177573,1.4313414692878723
448,448,3.1460680961608887,3.155442237854004,0.002,2.4963723328378635,0.5263673812150955,0.07430609563016333,0.06411564844893292,1.4027645885944366
449,449,3.186033248901367,3.324328899383545,0.002,2.3328746316656437,0.524015486240387,0.0758015385363251,0.06494353071320802,1.4093834459781647
450,450,3.1489882469177246,3.183133125305176,0.002,2.374949795073623,0.5201012194156647,0.07671367254806682,0.06566867767833173,1.4076517522335052
451,451,3.1711835861206055,3.2616848945617676,0.002,2.4133135152195484,0.5277856141328812,0.07518106425413862,0.06517443302436732,1.411428064107895
452,452,3.1940767765045166,3.2428274154663086,0.002,2.4476838718402045,0.5318416506052017,0.07405023314640857,0.06378503382438794,1.4416202306747437
453,453,3.1888740062713623,3.237478733062744,0.002,2.4786035260401844,0.5326749235391617,0.07370946937589906,0.0640446741017513,1.4444086849689484
454,454,3.1762888431549072,3.2146267890930176,0.002,2.5066440231864364,0.5287428200244904,0.07512719026999548,0.0641188200970646,1.4576833248138428
455,455,3.225806713104248,3.231492042541504,0.002,2.5316753154696814,0.5306209325790405,0.07568853063276038,0.06667511464911513,1.4170561730861664
456,456,3.1424789428710938,3.199861526489258,0.002,2.553935322864705,0.5325711816549301,0.07662792855990119,0.06937857175944373,1.3868862092494965
457,457,3.2188870906829834,3.2106852531433105,0.002,2.573985153138635,0.5333852916955948,0.0773966052220203,0.06747777739656158,1.4349926114082336
458,458,3.2089266777038574,3.161283016204834,0.002,2.5918080902523055,0.530539408326149,0.0771336356701795,0.06523508639656939,1.4776692688465118
459,459,3.1615889072418213,3.1530070304870605,0.002,2.6082601226979456,0.5347462594509125,0.0755762136541307,0.06419595569605008,1.4864499866962433
460,460,3.223115921020508,3.2002980709075928,0.002,2.4343758940321933,0.5366543680429459,0.07578720254241489,0.0672647989122197,1.436950296163559
461,461,3.147085189819336,3.190263271331787,0.002,2.465017723309748,0.5404451340436935,0.07678760512499139,0.0691618608252611,1.4270628988742828
462,462,3.1981632709503174,3.1955270767211914,0.002,2.4937771791507024,0.5360634326934814,0.077192767028464,0.06983059947378933,1.4401031136512756
463,463,3.241955041885376,3.1900620460510254,0.002,2.519984225749785,0.5369251072406769,0.07702928359503858,0.06810602243058383,1.4783915281295776
464,464,3.284562110900879,3.1274771690368652,0.002,2.5435165011559513,0.5384858846664429,0.07653928530635312,0.06640659863478504,1.5013076961040497
465,465,3.134847402572632,3.150390386581421,0.002,2.3764316473939333,0.5380178540945053,0.07669950168929063,0.06795052444795147,1.4916817843914032
466,466,3.2564728260040283,3.2157716751098633,0.002,2.413864007577087,0.5408584475517273,0.07750164467142895,0.06926101856515743,1.4855216145515442
467,467,3.243830680847168,3.174851894378662,0.002,2.448309490388497,0.5438245832920074,0.07641299153328873,0.0695564498018939,1.479454129934311
468,468,3.1177682876586914,3.1580169200897217,0.002,2.47893772934673,0.5391108393669128,0.07647126543452032,0.0674088760279119,1.5176120400428772
469,469,3.11226749420166,3.1677663326263428,0.002,2.5068681792004064,0.5457214266061783,0.07638761546695605,0.06939621883793734,1.4817174673080444
470,470,3.197822093963623,3.183651924133301,0.002,2.531199755295583,0.5433382093906403,0.07701513724168763,0.06890201492933556,1.5010386109352112
471,471,3.120128631591797,3.1774001121520996,0.002,2.5534860415357787,0.5423006266355515,0.07708751669269986,0.0668941485346295,1.5326270461082458
472,472,3.2053279876708984,3.191765785217285,0.002,2.573634832202564,0.5507597029209137,0.07502693380229175,0.06825325085083023,1.5012215077877045
473,473,3.179080009460449,3.207439661026001,0.002,2.5924012384869397,0.5461019724607468,0.0761270537332166,0.06757556076627225,1.5174968838691711
474,474,3.2979602813720703,3.148026466369629,0.002,2.6087475178634247,0.5488809198141098,0.07739830808714032,0.06932807178236544,1.5044710636138916
475,475,3.1525731086730957,3.1612305641174316,0.002,2.62364501623457,0.5499407052993774,0.07749513935414143,0.07193588279187679,1.4684991538524628
476,476,3.1646857261657715,3.212597608566284,0.002,2.635073882372365,0.5496752113103867,0.07698400813387707,0.06938823495875113,1.5190356969833374
477,477,3.124880790710449,3.242020606994629,0.002,2.646714963461674,0.5469731241464615,0.07721408500219695,0.06679576137685217,1.5668108463287354
478,478,3.1790359020233154,3.1822595596313477,0.002,2.6577921992574596,0.5562234371900558,0.07648701209109277,0.06880694936262444,1.5268422961235046
479,479,3.087193012237549,3.174020767211914,0.002,2.6677989045983037,0.5556836426258087,0.07743664545705542,0.07002976580406539,1.5151586830615997
480,480,3.226538896560669,3.1892642974853516,0.002,2.677044199557852,0.5504136830568314,0.07808905726415105,0.0723681501694955,1.484552264213562
481,481,3.133272647857666,3.174910545349121,0.002,2.6853293508480345,0.5532885640859604,0.07958932590554468,0.07309636229183525,1.4953596591949463
482,482,3.1424028873443604,3.3019909858703613,0.002,2.692264881585919,0.5564556121826172,0.0785247799649369,0.07138577231671661,1.5121746361255646
483,483,3.123525381088257,3.181384563446045,0.002,2.6988949038170755,0.5581655204296112,0.07742160407360643,0.06932331045391038,1.536278873682022
484,484,3.180304765701294,3.2724056243896484,0.002,2.7039928034664023,0.555307537317276,0.07631627752562054,0.06774434389080852,1.5693798959255219
485,485,3.1071577072143555,3.148146867752075,0.002,2.709474664727996,0.5548037141561508,0.07637458320823498,0.07018879169481806,1.531963586807251
486,486,3.1393604278564453,3.23469877243042,0.002,2.714163318311243,0.5568722933530807,0.07839743947261013,0.07044522790238261,1.5629547536373138
487,487,3.1852173805236816,3.2382731437683105,0.002,2.7168815250687484,0.5578595697879791,0.0784743765834719,0.07352695197914727,1.5306104719638824
488,488,3.161438465118408,3.150362968444824,0.002,2.71920959275468,0.5600540786981583,0.07772002590354532,0.07311727144406177,1.52511465549469
489,489,3.1557986736297607,3.2374775409698486,0.002,2.72236687951322,0.5598853677511215,0.07699624766246416,0.07092077928245999,1.5624196231365204
490,490,3.1755967140197754,3.177807331085205,0.002,2.7261767498975504,0.5585951209068298,0.07562557864002883,0.07021275156876072,1.5689589381217957
491,491,3.131039619445801,3.2421164512634277,0.002,2.7293854864472284,0.5606816560029984,0.07728537326329388,0.07089046045439318,1.5754265785217285
492,492,3.1456406116485596,3.1493210792541504,0.002,2.732291407863892,0.5628722459077835,0.07786922343075275,0.07394440472126007,1.5350076258182526
493,493,3.144291877746582,3.2169015407562256,0.002,2.734049657108537,0.5628489106893539,0.07808038641815074,0.07515994479763322,1.5207483768463135
494,494,3.214590311050415,3.107794761657715,0.002,2.73618467202224,0.5625621378421783,0.0776206987502519,0.07205665195942856,1.5777848958969116
495,495,3.0852625370025635,3.189506769180298,0.002,2.5403180889411816,0.5631863176822662,0.07730500047910027,0.07028593480936252,1.5990842282772064
496,496,3.149188995361328,3.1740431785583496,0.002,2.5616663590403377,0.5662875175476074,0.07684391053044237,0.07045594623195939,1.599406123161316
497,497,3.1960349082946777,3.135004997253418,0.002,2.5812145526420376,0.5660746097564697,0.07705577329033986,0.07216279927524738,1.5926318168640137
498,498,3.1545259952545166,3.2243118286132812,0.002,2.5985533768513736,0.572741836309433,0.07681281713303179,0.0774312419234775,1.4991222023963928
499,499,3.1375551223754883,3.132559299468994,0.002,2.6140737548474315,0.5635809898376465,0.07901277372729965,0.07694681436987594,1.5329576432704926
500,500,3.120995044708252,3.2024588584899902,0.002,2.626671799311905,0.5713001638650894,0.07752908457769081,0.07606435407069512,1.539523720741272
501,501,3.134270668029785,3.183950424194336,0.002,2.6393416167254213,0.5672532767057419,0.07762478716904297,0.07202994060935453,1.6100242733955383
502,502,3.1945810317993164,3.1522216796875,0.002,2.650945251469775,0.5677022486925125,0.07678899131133221,0.07078906334936619,1.6258167326450348
503,503,3.1515095233917236,3.1381514072418213,0.002,2.660862048638503,0.5683935433626175,0.07741338401683606,0.07229778365581296,1.6046497821807861
504,504,3.1833925247192383,3.113783359527588,0.002,2.670522935274513,0.5699067115783691,0.07768870654399507,0.07580871763639152,1.537296861410141
505,505,3.157015323638916,3.182037830352783,0.002,2.679321131841245,0.5694023370742798,0.07908457194571383,0.07643331430153921,1.5439493656158447
506,506,3.1118850708007812,3.112239122390747,0.002,2.6869284532265154,0.5693533569574356,0.079081170813879,0.07296418002806604,1.6067424416542053
507,507,3.1342194080352783,3.1290292739868164,0.002,2.6939859807074327,0.5683013945817947,0.0775523925840389,0.07284143788274378,1.5896433591842651
508,508,3.1975841522216797,3.1545050144195557,0.002,2.699340565106927,0.564971074461937,0.07930476815090515,0.07027199372532777,1.645232617855072
509,509,3.057030200958252,3.1676011085510254,0.002,2.7045560669382445,0.5731719583272934,0.0792971407645382,0.07360543243703432,1.5826379358768463
510,510,3.127105474472046,3.154965877532959,0.002,2.7096327962936604,0.578637883067131,0.07886901256279089,0.07861713229794987,1.4928255379199982
511,511,3.1563820838928223,3.1251943111419678,0.002,2.7146212921500097,0.5764443576335907,0.0786129149782937,0.07544182412675582,1.5566969215869904
512,512,3.1684961318969727,3.1714863777160645,0.002,2.71873846521982,0.5784960985183716,0.07758481404744089,0.07406714407261461,1.5664991438388824
513,513,3.130678653717041,3.1017396450042725,0.002,2.7227594462170837,0.5739135444164276,0.07850974579923786,0.0738474405661691,1.5685700178146362
514,514,3.1041762828826904,3.1741385459899902,0.002,2.5377173370822925,0.5744966268539429,0.0788993711466901,0.07627337978919968,1.513411432504654
515,515,3.1366219520568848,3.188398838043213,0.002,2.5602214435491457,0.5760751515626907,0.07923508892417885,0.07220778110786341,1.593208760023117
516,516,3.18245530128479,3.1001827716827393,0.002,2.5800131258892876,0.5756563395261765,0.07690678568906151,0.07337356876814738,1.5651907622814178
517,517,3.0875730514526367,3.0839648246765137,0.002,2.40909026939781,0.575142502784729,0.07771740865428,0.07549018654390238,1.530415266752243
518,518,3.116215705871582,3.1089999675750732,0.002,2.2556269097642088,0.576177254319191,0.07691344199702144,0.0757274357310962,1.522891640663147
519,519,3.1141350269317627,3.1446897983551025,0.002,2.3047669169119187,0.5803422331809998,0.07625942991580814,0.07297787978313863,1.5782096683979034
520,520,3.1413633823394775,3.0815553665161133,0.002,2.3492857735172055,0.5862057358026505,0.07646296510938555,0.07579531989176758,1.5170659720897675
521,521,3.1239378452301025,3.1960301399230957,0.002,2.1852054720217797,0.5833253264427185,0.07659103852347471,0.07715075989835896,1.4914305806159973
522,522,3.053302764892578,3.1786916255950928,0.002,2.2421932378219744,0.5805352628231049,0.07682236059918068,0.07293138036038727,1.5894454717636108
523,523,3.1908082962036133,3.203451633453369,0.002,2.2931795683344034,0.5798022896051407,0.07667380935163237,0.07267938350560144,1.602054387331009
524,524,3.1614279747009277,3.1590042114257812,0.002,2.339788743154475,0.5785155296325684,0.07737336665741168,0.07455988871515729,1.5669892132282257
525,525,3.186868667602539,3.125654697418213,0.002,2.382877399742963,0.5825192183256149,0.07738784037064761,0.07831936961156316,1.4893624782562256
526,526,3.1231799125671387,3.1872668266296387,0.002,2.419975738541828,0.5854951739311218,0.07687915849965066,0.0757118629408069,1.557822197675705
527,527,3.1707916259765625,3.182028293609619,0.002,2.454145350216316,0.5825280398130417,0.07627122272970155,0.07312754858867265,1.611260563135147
528,528,3.1060307025909424,3.123237133026123,0.002,2.484192186153331,0.5842572897672653,0.07606532800127752,0.07418549677822739,1.585956484079361
529,529,3.1530022621154785,3.128223419189453,0.002,2.5113118560543954,0.5845806449651718,0.07771882569068111,0.07514222545432858,1.5627861022949219
530,530,3.1427526473999023,3.1267218589782715,0.002,2.535434814427764,0.584209993481636,0.07843724722624756,0.07755708147305995,1.5050395727157593
531,531,3.121096134185791,3.199538469314575,0.002,2.557801490336708,0.5907233357429504,0.07652858053916134,0.07727274799253792,1.5306980609893799
532,532,3.116025924682617,3.158304214477539,0.002,2.5758524551469866,0.5846080780029297,0.07682027379632927,0.07286513154394925,1.6292746663093567
533,533,3.143019676208496,3.1546216011047363,0.002,2.591824092599504,0.5866673588752747,0.07700603661942296,0.07405113379354589,1.6252298057079315
534,534,3.070986747741699,3.124596118927002,0.002,2.6081576395842556,0.5873149931430817,0.07699591020355001,0.07668311311863363,1.5751835703849792
535,535,3.1011834144592285,3.0912747383117676,0.002,2.623373088968543,0.583139032125473,0.07859745505265892,0.0760355947422795,1.5838528871536255
536,536,3.1225814819335938,3.1263463497161865,0.002,2.636764278992178,0.5897948294878006,0.07699658357887529,0.07557006884599105,1.602280080318451
537,537,3.154275417327881,3.0938732624053955,0.002,2.6486933740535363,0.5862717926502228,0.07712669688044116,0.07267403451260179,1.655312865972519
538,538,3.0925493240356445,3.0740771293640137,0.002,2.6569853592239916,0.5894950777292252,0.07566206419141963,0.07485399831784889,1.5892179608345032
539,539,3.1208038330078125,3.143411874771118,0.002,2.469760461980561,0.592832624912262,0.07660617263172753,0.07554921350674704,1.5488363802433014
540,540,3.10455584526062,3.1055989265441895,0.002,2.4974871139066357,0.5907516926527023,0.07658500983961858,0.07494887415668927,1.5547057390213013
541,541,3.113043785095215,3.0856003761291504,0.002,2.5213959704998783,0.5906452089548111,0.07684750910266303,0.07157611928414553,1.6456862092018127
542,542,3.1332879066467285,3.1600708961486816,0.002,2.544502888705427,0.5913739949464798,0.0767844190413598,0.07355026583536528,1.6175939440727234
543,543,3.137538433074951,3.147061586380005,0.002,2.5660093046152928,0.5904994755983353,0.0766060390160419,0.07605094148311764,1.5774161517620087
544,544,3.085176944732666,3.090555429458618,0.002,2.5843805367176946,0.5935287028551102,0.07564781120163389,0.07531345816096291,1.61111581325531
545,545,3.100332021713257,3.085947036743164,0.002,2.6014240480393793,0.5915844291448593,0.07555420740391128,0.07409254304366186,1.6139771938323975
546,546,3.0945730209350586,3.1114325523376465,0.002,2.6177079849795817,0.5987376570701599,0.07521529513178393,0.07606921973638237,1.5289840996265411
547,547,3.1361289024353027,3.1463372707366943,0.002,2.632149908754363,0.5945985168218613,0.07476575195323676,0.07358642254257575,1.5728262960910797
548,548,3.0906577110290527,3.1494123935699463,0.002,2.644232662675719,0.5961062461137772,0.0755722156027332,0.07234591236920096,1.5833100080490112
549,549,3.099367380142212,3.096592426300049,0.002,2.6569310463785514,0.5950455069541931,0.07605245982995257,0.07425590485217981,1.5242213308811188
550,550,3.084623336791992,3.0817651748657227,0.002,2.6666185661577027,0.6005175560712814,0.07593173193163238,0.07370724203065038,1.5833227634429932
551,551,3.1582672595977783,3.0665061473846436,0.002,2.6759901149220435,0.6019434928894043,0.07510656351223588,0.0747622296330519,1.5938173234462738
552,552,3.0819475650787354,3.169009208679199,0.002,2.49574310006182,0.5988473296165466,0.07610622886568308,0.07509034394752234,1.5989471077919006
553,553,3.1724853515625,3.0878143310546875,0.002,2.5223387183366586,0.6012772470712662,0.07482468421221711,0.07719346735393628,1.5416184961795807
554,554,3.103494644165039,3.1457464694976807,0.002,2.545232626173465,0.5969576239585876,0.07488962102797814,0.07326924853259698,1.6503542959690094
555,555,3.1202855110168457,3.073564291000366,0.002,2.567279768996824,0.5997141897678375,0.07401300623314455,0.07301151609863155,1.6262019574642181
556,556,3.0562634468078613,3.136495590209961,0.002,2.586584101454202,0.5998678356409073,0.07388592447387055,0.07595302775735036,1.5287822782993317
557,557,3.1005682945251465,3.0869457721710205,0.002,2.603866513436747,0.5999739468097687,0.07465796582982875,0.07572202652227134,1.507910966873169
558,558,3.146346092224121,3.111253261566162,0.002,2.619055887144211,0.6029628366231918,0.0733794340339955,0.07411187820252962,1.575314462184906
559,559,3.1077380180358887,3.1854963302612305,0.002,2.633161785002475,0.6015828400850296,0.07374794330098666,0.07235596890677698,1.6449718475341797
560,560,3.0616390705108643,3.070866107940674,0.002,2.642884087134782,0.5994583815336227,0.07450273586437106,0.07314270932693034,1.6385767459869385
561,561,3.0508365631103516,3.125978946685791,0.002,2.654047772032243,0.6035295128822327,0.07482770382193848,0.07583265943685547,1.571620136499405
562,562,3.0673837661743164,3.062368392944336,0.002,2.6641545834547475,0.6075523048639297,0.07352858473313972,0.07657359953736886,1.575436770915985
563,563,3.076860189437866,3.1256160736083984,0.002,2.4775061272366714,0.6057869344949722,0.07431707237265073,0.07379718782613054,1.635623812675476
564,564,3.07565975189209,3.1424410343170166,0.002,2.505951775988749,0.6089035421609879,0.07440573547501117,0.07523646403569728,1.555737942457199
565,565,3.0380136966705322,3.112818479537964,0.002,2.532692723399152,0.6076783984899521,0.07435240058111958,0.07350782456342131,1.6038385927677155
566,566,3.1117382049560547,3.099766254425049,0.002,2.55556814807341,0.6080697476863861,0.07451251012389548,0.07432817807421088,1.5782056152820587
567,567,3.113830804824829,3.0885722637176514,0.002,2.5775556170417926,0.6173606216907501,0.07420967615325935,0.07610742188990116,1.559590220451355
568,568,3.0521857738494873,3.1047067642211914,0.002,2.5964976033897127,0.6110006272792816,0.0753785703855101,0.07649659167509526,1.5449609160423279
569,569,3.0461559295654297,3.1625499725341797,0.002,2.6148577371818176,0.613142266869545,0.07421142858220264,0.07572288764640689,1.5888862311840057
570,570,3.0276083946228027,3.132603883743286,0.002,2.630543885787009,0.6127181053161621,0.07528405211633071,0.07328172022243962,1.661277860403061
571,571,3.0876426696777344,3.1499440670013428,0.002,2.64493187702862,0.6125829219818115,0.07425681891618297,0.07771051808958873,1.5385334491729736
572,572,3.143817186355591,3.102813720703125,0.002,2.657028351287327,0.6114654392004013,0.07568715850356966,0.07614732824731618,1.5589301884174347
573,573,3.0465030670166016,3.134611129760742,0.002,2.669169298577924,0.6165741831064224,0.07492693595122546,0.07512620009947568,1.6052724421024323
574,574,3.169623851776123,3.154294967651367,0.002,2.6783120812648575,0.6068210303783417,0.07483581409906037,0.0724985760753043,1.6992312669754028
575,575,3.069941759109497,3.083547592163086,0.002,2.6878811840285897,0.6151001453399658,0.0746476094936952,0.07473439822206274,1.6611067950725555
576,576,3.030959367752075,3.0778918266296387,0.002,2.695467756970878,0.6127936094999313,0.07573902024887502,0.07605596468783915,1.602633148431778
577,577,3.1320409774780273,3.046750068664551,0.002,2.701828401030484,0.6188743263483047,0.07589409744832665,0.0790790313621983,1.5037593841552734
578,578,3.0786514282226562,3.143141508102417,0.002,2.5177176365954446,0.6177670210599899,0.07528978367918171,0.07657691347412765,1.5884855687618256
579,579,3.041139841079712,3.0749645233154297,0.002,2.542490973883759,0.6173069030046463,0.07542577566346154,0.07400111702736467,1.679463654756546
580,580,3.071929454803467,3.0481674671173096,0.002,2.564949887367975,0.6207917034626007,0.07509903435129672,0.07531043502967805,1.6603625118732452
581,581,3.0619122982025146,3.17594051361084,0.002,2.582743025202043,0.625724121928215,0.0746159803820774,0.07850832428084686,1.5620964467525482
582,582,3.0757830142974854,3.070589542388916,0.002,2.6017943373173957,0.6257427483797073,0.07592711120378226,0.07994525216054171,1.5136107206344604
583,583,3.1690263748168945,3.0409510135650635,0.002,2.6183372332843913,0.6179972290992737,0.07647006717161275,0.07630552921909839,1.6341312527656555
584,584,3.0484797954559326,3.0438742637634277,0.002,2.443931306654431,0.6160291135311127,0.07621890233713202,0.07511267194058746,1.69020414352417
585,585,3.110701084136963,3.105142116546631,0.002,2.476390544376491,0.6189313679933548,0.07626146706752479,0.07724647363647819,1.6322270929813385
586,586,3.0943117141723633,3.0916247367858887,0.002,2.5062243223388365,0.6214575469493866,0.07583244377747178,0.07872218976262957,1.592619925737381
587,587,3.03084659576416,3.0762553215026855,0.002,2.532050216598169,0.6240258514881134,0.07577300147386268,0.07620493130525574,1.6747074723243713
588,588,3.0707530975341797,3.038975477218628,0.002,2.5569479536605275,0.6252862364053726,0.07540089474059641,0.07799071772024035,1.657610148191452
589,589,3.0523619651794434,3.0498790740966797,0.002,2.38020699763841,0.6237000077962875,0.07653275917982683,0.07832073763711378,1.619791030883789
590,590,3.055647611618042,3.0837249755859375,0.002,2.4181063110182195,0.6275147497653961,0.07652132236398757,0.08170098339905962,1.5159624218940735
591,591,3.10998272895813,3.1347873210906982,0.002,2.455219113447502,0.6274899840354919,0.07628859678516164,0.07939533976605162,1.5999848246574402
592,592,3.070701837539673,3.148111343383789,0.002,2.4863771303508275,0.6245331466197968,0.07585369603475556,0.0777245566714555,1.6750468909740448
593,593,3.0258400440216064,3.08682918548584,0.002,2.513921962959298,0.6236837953329086,0.07640049772453494,0.07839310541749,1.6962608695030212
594,594,3.0562493801116943,3.026280403137207,0.002,2.539794547420299,0.6261132657527924,0.07664893113542348,0.08060992322862148,1.627078264951706
595,595,3.103442668914795,3.0396335124969482,0.002,2.3728967665652245,0.6293863207101822,0.07737071148585528,0.08212327701039612,1.5724045038223267
596,596,3.024320602416992,3.0263173580169678,0.002,2.411725463559317,0.63627889752388,0.0758984187268652,0.08131724130362272,1.5932610929012299
597,597,3.0878005027770996,3.0321102142333984,0.002,2.4481138228524255,0.6272040903568268,0.07627127299201675,0.07914751028874889,1.678958147764206
598,598,3.032991409301758,3.0992379188537598,0.002,2.47972988146573,0.6357376426458359,0.07567956816637889,0.08188359811902046,1.6528641879558563
599,599,3.060014009475708,3.142000675201416,0.002,2.50897910623852,0.6326542645692825,0.0767868296825327,0.08308408624725416,1.6292379200458527
600,600,3.062819480895996,3.0691654682159424,0.002,2.5343806438068874,0.6292507499456406,0.07678140478674322,0.08230164705310017,1.5897546112537384
601,601,3.0202436447143555,3.105724811553955,0.002,2.5585722099451487,0.6261845231056213,0.0772697428765241,0.07975923165213317,1.6865338385105133
602,602,3.0508346557617188,3.0526070594787598,0.002,2.5790693551132082,0.6282453089952469,0.07745761889964342,0.08172425261000171,1.7345337569713593
603,603,3.021803855895996,3.092278003692627,0.002,2.59851403503514,0.6373193114995956,0.07790800620568916,0.08438127359841019,1.66615629196167
604,604,3.050645351409912,3.0628623962402344,0.002,2.614946706603314,0.6382893025875092,0.07706509559648111,0.08632927434518933,1.5621998608112335
605,605,3.0417985916137695,3.0661046504974365,0.002,2.6317847204551432,0.6321530342102051,0.07790875638602301,0.08244430314516649,1.6568536758422852
606,606,2.996628761291504,2.983125925064087,0.002,2.6463456876133735,0.6364018470048904,0.07712367706699297,0.08098774892278016,1.6828175783157349
607,607,3.1220216751098633,3.0271966457366943,0.002,2.453257700733889,0.6360905468463898,0.07801734207896516,0.08267666236497462,1.6857588589191437
608,608,3.030590057373047,3.0805585384368896,0.002,2.4842884939959826,0.6351052224636078,0.07876213773852214,0.08530443755444139,1.6626354157924652
609,609,3.019243001937866,3.0501222610473633,0.002,2.513612954709576,0.6352832317352295,0.0784962970064953,0.08436462836107239,1.6916227340698242
610,610,3.0131747722625732,3.0878491401672363,0.002,2.53857966205114,0.6454170942306519,0.07782788423355669,0.08388752775499597,1.6289535164833069
611,611,3.0315022468566895,3.0192461013793945,0.002,2.5603802216550866,0.6410019844770432,0.07851408404530957,0.08526142220944166,1.6098960041999817
612,612,3.039461374282837,3.0244266986846924,0.002,2.580101869744421,0.6345805674791336,0.07897744182264432,0.08626199373975396,1.6787658631801605
613,613,2.9794762134552,3.0565409660339355,0.002,2.599581682297278,0.6358296126127243,0.0784538080333732,0.08389388804789633,1.690762460231781
614,614,3.1076791286468506,3.086435556411743,0.002,2.615935042340415,0.6432254165410995,0.07775833981577307,0.08380571415182203,1.6358994543552399
615,615,3.043262481689453,3.0180485248565674,0.002,2.631731887171184,0.6430768221616745,0.07808435685001314,0.08565001160604879,1.6489693224430084
616,616,3.0891366004943848,3.0202651023864746,0.002,2.6447582519322514,0.6387163251638412,0.07833194296108559,0.08767365454696119,1.6943477988243103
617,617,3.020883560180664,2.991159200668335,0.002,2.6561964168150536,0.6385257393121719,0.07827967911725864,0.086007752106525,1.7417768239974976
618,618,3.066128730773926,3.0452868938446045,0.002,2.6677089200229367,0.6400125026702881,0.07777921232627705,0.0848271829308942,1.6841425597667694
619,619,3.086742877960205,3.0276527404785156,0.002,2.6774132905976753,0.6398371607065201,0.07751847349572927,0.08519341156352311,1.66038116812706
620,620,3.0450663566589355,3.0804479122161865,0.002,2.687933345111204,0.6415210068225861,0.07864816184155643,0.0866806753911078,1.7177693545818329
621,621,3.0412933826446533,2.995889663696289,0.002,2.6974392682480506,0.6424397975206375,0.07847619318636134,0.08689199137734249,1.7590516209602356
622,622,3.0894293785095215,2.990226984024048,0.002,2.704808154183644,0.6455265879631042,0.07792713673552498,0.08585088653489947,1.699891448020935
623,623,2.982095956802368,3.040769100189209,0.002,2.710652595684768,0.6453804522752762,0.07862539478810504,0.08637456595897675,1.669664591550827
624,624,3.0620808601379395,3.0852060317993164,0.002,2.7167736253194086,0.6426292061805725,0.07872795115690678,0.08888640586519614,1.6804093718528748
625,625,3.049534797668457,3.0396816730499268,0.002,2.721503370744358,0.6469613313674927,0.07876302633667365,0.0871772759128362,1.7253072261810303
626,626,2.9862160682678223,3.0434422492980957,0.002,2.7266830736288954,0.6507164835929871,0.07803609722759575,0.08631337940460071,1.7250114381313324
627,627,3.027707576751709,3.044682025909424,0.002,2.7304207752301823,0.6503123939037323,0.0788107211701572,0.08888374298112467,1.651044636964798
628,628,3.027153730392456,2.99933123588562,0.002,2.7348410093693167,0.6491652280092239,0.078868797281757,0.09097280888818204,1.629222422838211
629,629,2.996786117553711,3.0006487369537354,0.002,2.737933365633572,0.645225465297699,0.07942155591445044,0.08747727458830923,1.7176213264465332
630,630,3.0163888931274414,3.0318667888641357,0.002,2.7413799309321094,0.6473901867866516,0.07891046639997512,0.08672891883179545,1.740853637456894
631,631,2.957805633544922,3.0205190181732178,0.002,2.743822796486785,0.6469761431217194,0.0790660273632966,0.08789414656348526,1.7302049696445465
632,632,3.0058088302612305,3.09013032913208,0.002,2.7472931831513585,0.6457821726799011,0.07929609686834738,0.0894154499983415,1.718138575553894
633,633,2.990213632583618,3.001641273498535,0.002,2.749856847072619,0.6495627015829086,0.07821507670450956,0.08838613767875358,1.7015530467033386
634,634,2.9628849029541016,2.959453821182251,0.002,2.7519574668771614,0.6532133966684341,0.07866385451052338,0.08855427784146741,1.7608758807182312
635,635,3.0323781967163086,3.0091676712036133,0.002,2.5556023350843495,0.6592250615358353,0.07883185957325622,0.09127059689490125,1.695491909980774
636,636,3.0122554302215576,2.9810523986816406,0.002,2.5774988763280695,0.6534216552972794,0.07979325682390481,0.09089290915289894,1.654420018196106
637,637,3.0014142990112305,3.0234293937683105,0.002,2.596936383104666,0.6549255549907684,0.07921926135895774,0.0903472388163209,1.645076870918274
638,638,3.0688493251800537,3.0408716201782227,0.002,2.615011037045856,0.6543451845645905,0.07940028770826757,0.09168716735439375,1.7199549078941345
639,639,3.016289234161377,3.0104196071624756,0.002,2.631006024940497,0.6519540995359421,0.07963944040238857,0.09275368682574481,1.745562493801117
640,640,2.995896100997925,3.0314266681671143,0.002,2.6444296231750637,0.6530322432518005,0.07910184760112315,0.09104227251373231,1.678297907114029
641,641,2.9742071628570557,2.994631290435791,0.002,2.657394720328891,0.659564271569252,0.07865865295752883,0.08955016237450764,1.6166680753231049
642,642,3.0358004570007324,3.047369956970215,0.002,2.6682410587388796,0.6612980514764786,0.07808200985891744,0.09146466106176376,1.6613517105579376
643,643,2.9971632957458496,2.982642650604248,0.002,2.6797563237136006,0.657691240310669,0.07947400730336085,0.09259007044602185,1.7518033683300018
644,644,3.0733256340026855,3.0126960277557373,0.002,2.6884628219430984,0.6534213423728943,0.08008605166105554,0.09052329807309434,1.7954022586345673
645,645,3.0001158714294434,3.0009689331054688,0.002,2.6973293506896243,0.658629983663559,0.07935834507225081,0.08954616647679359,1.7423349618911743
646,646,3.0427441596984863,2.9753386974334717,0.002,2.704199833881815,0.657549574971199,0.0798127114539966,0.0912283991347067,1.7334336340427399
647,647,2.9598097801208496,2.989675521850586,0.002,2.709726696860753,0.6600918173789978,0.07996785058639944,0.09340720146428794,1.7440974414348602
648,648,3.0518667697906494,3.027442216873169,0.002,2.716049774570797,0.660022959113121,0.08013124630087987,0.09128215024247766,1.7640286684036255
649,649,2.9693078994750977,3.036273241043091,0.002,2.7209266570828774,0.6659150868654251,0.07909871474839747,0.09256898699095473,1.6821596026420593
650,650,3.0235354900360107,2.9549925327301025,0.002,2.7245149265795727,0.6600075215101242,0.08022716722916812,0.09461731096962467,1.7004451751708984
651,651,3.0004076957702637,3.0142951011657715,0.002,2.5343576483172985,0.6611239910125732,0.08058834914118052,0.0924850603332743,1.7807786762714386
652,652,2.9929583072662354,2.9994349479675293,0.002,2.5568035725041733,0.6647858023643494,0.08032778662163764,0.09345440904144198,1.7936786115169525
653,653,3.0381410121917725,2.974390745162964,0.002,2.5788404638838234,0.6644429713487625,0.08081141696311533,0.09357971098506823,1.7606445848941803
654,654,3.0248632431030273,2.999403476715088,0.002,2.5973860567290252,0.6672385334968567,0.08007427613483742,0.09567262709606439,1.6721133887767792
655,655,3.0186290740966797,3.0178065299987793,0.002,2.6158626199475465,0.6634648144245148,0.08068303798791021,0.09360309335170314,1.6939464807510376
656,656,3.005838394165039,3.0395514965057373,0.002,2.6322723555357808,0.6613947451114655,0.08221501647494733,0.0936501516844146,1.7996280789375305
657,657,2.999410390853882,2.9886817932128906,0.002,2.646059104866399,0.6604609191417694,0.08306227874709293,0.09543614240828902,1.8405461013317108
658,658,3.0726425647735596,3.0539751052856445,0.002,2.657852060104308,0.661161869764328,0.08174984529614449,0.09480348660144955,1.7606008052825928
659,659,3.0103886127471924,3.0609548091888428,0.002,2.6692857505878065,0.6602867990732193,0.0815459102159366,0.0938889982062392,1.7037729322910309
660,660,3.0189056396484375,2.954481601715088,0.002,2.6786719985526677,0.6705530881881714,0.0807537212385796,0.09434175072237849,1.6509594321250916
661,661,3.050248146057129,3.0077247619628906,0.002,2.4874970616639467,0.6673029512166977,0.08020219212630764,0.09609183907741681,1.7109929919242859
662,662,3.045893907546997,3.034126043319702,0.002,2.5152033774791303,0.6723551750183105,0.07970387686509639,0.09642853954574093,1.745640903711319
663,663,3.0649776458740234,2.9722752571105957,0.002,2.541442453483498,0.6725886464118958,0.08024877699790522,0.09510911285178736,1.7978911399841309
664,664,2.9661953449249268,3.0108113288879395,0.002,2.5634686849731754,0.6707166582345963,0.0802365749841556,0.09432631591334939,1.8028315603733063
665,665,2.96677827835083,2.969925880432129,0.002,2.5846866008484835,0.6669973134994507,0.08119722659466788,0.0948966674041003,1.8116247951984406
666,666,2.9915409088134766,3.0442633628845215,0.002,2.6024817039783024,0.669348806142807,0.08102956763468683,0.09702983364695683,1.7332017123699188
667,667,2.990511894226074,3.0062787532806396,0.002,2.619875915196217,0.6691338568925858,0.08038598991697654,0.09648484940407798,1.6672841906547546
668,668,2.9443135261535645,3.012558937072754,0.002,2.6363687396084945,0.672975555062294,0.08054166508372873,0.095137870288454,1.6961520314216614
669,669,2.9999239444732666,3.0254626274108887,0.002,2.6499678978604715,0.6711640357971191,0.08123860380146652,0.0961392178433016,1.7813897728919983
670,670,2.9081296920776367,2.988844394683838,0.002,2.6627688144098047,0.6721419543027878,0.08171457413118333,0.09777774143731222,1.8152150809764862
671,671,2.9715192317962646,3.0204410552978516,0.002,2.6733266618298295,0.6729353666305542,0.08232696383493021,0.09769624628825113,1.8452370166778564
672,672,2.995945453643799,2.9740521907806396,0.002,2.6834402508787933,0.6701038628816605,0.08222413971088827,0.09627898701000959,1.8268391788005829
673,673,2.92911434173584,2.963510751724243,0.002,2.6913693211095486,0.6828777939081192,0.08106433966895565,0.09641052724327892,1.696147620677948
674,674,2.990833282470703,2.9522311687469482,0.002,2.6994634461070586,0.672136664390564,0.08195723674725741,0.0981036817538552,1.7444221377372742
675,675,2.9145164489746094,2.980464458465576,0.002,2.515902608935403,0.6737467497587204,0.08209919289220124,0.09962031053146347,1.7899715602397919
676,676,2.9793701171875,3.0142621994018555,0.002,2.5404800821166447,0.6769769638776779,0.08143335272325203,0.09859161812346429,1.7925934195518494
677,677,2.953807830810547,2.956470489501953,0.002,2.562396994567894,0.6734116077423096,0.0825756331323646,0.09665335604222491,1.8031177818775177
678,678,2.9878368377685547,2.9434151649475098,0.002,2.583302697876532,0.6798486560583115,0.0818527769879438,0.09891088376753032,1.7858847379684448
679,679,2.9690933227539062,2.9858593940734863,0.002,2.412259714338591,0.6806729882955551,0.0820830887532793,0.10126456135185435,1.7573359608650208
680,680,2.90614652633667,2.9351534843444824,0.002,2.4472898213306777,0.6795391887426376,0.08236895326990634,0.0992366184364073,1.7574313580989838
681,681,2.949373245239258,2.984957218170166,0.002,2.289924856195166,0.682937815785408,0.08221008081454784,0.09808206051820889,1.70115265250206
682,682,2.972400188446045,2.994767665863037,0.002,2.338963946096171,0.6817693114280701,0.08205860888119787,0.0995914381928742,1.7553375363349915
683,683,2.985182762145996,3.0100090503692627,0.002,2.382579705284953,0.6798381060361862,0.08325009443797171,0.10064352274639532,1.8393920361995697
684,684,2.9393820762634277,3.037965774536133,0.002,2.420343084361697,0.6846697628498077,0.08304863120429218,0.09990341385127977,1.8261380791664124
685,685,2.972355365753174,2.965521812438965,0.002,2.4555238033567384,0.6865158677101135,0.08249477855861187,0.09903168573509902,1.7710132002830505
686,686,2.9913668632507324,3.0489187240600586,0.002,2.486577042417135,0.6771389544010162,0.08277789416024461,0.09986565890721977,1.768507182598114
687,687,2.949782371520996,2.926410675048828,0.002,2.513903431133474,0.680337443947792,0.08235816459637135,0.10149793414166197,1.7558616399765015
688,688,2.966938018798828,2.9395623207092285,0.002,2.35020108501756,0.6910942196846008,0.08176453661872074,0.10104263253742829,1.7243161499500275
689,689,2.936464309692383,2.9782724380493164,0.002,2.3915655568686685,0.688380777835846,0.08218383102212101,0.10031609813449904,1.7813680171966553
690,690,2.9520139694213867,2.9394421577453613,0.002,2.430296653350543,0.6901217103004456,0.0815889731165953,0.10164348169928417,1.8183637857437134
691,691,2.9626760482788086,2.945543050765991,0.002,2.464831218278108,0.6860868334770203,0.0822015727753751,0.10169106698594987,1.806835561990738
692,692,3.0017147064208984,2.982588052749634,0.002,2.4946750008990564,0.6779864728450775,0.08243094640783966,0.10039702453650534,1.7715016305446625
693,693,2.9162282943725586,3.0138351917266846,0.002,2.5220146724095236,0.6821629554033279,0.0829565612366423,0.10061182669596747,1.7997074723243713
694,694,3.0335874557495117,3.0177412033081055,0.002,2.5462549358698903,0.6843895018100739,0.08303710172185674,0.10229953221278265,1.838935375213623
695,695,2.9170985221862793,3.046293258666992,0.002,2.5678805807132865,0.6848065406084061,0.08399656519759446,0.10166780208237469,1.8301064670085907
696,696,2.9658215045928955,2.988297939300537,0.002,2.586699684560443,0.6832068711519241,0.0842470225179568,0.10141666699200869,1.8106918036937714
697,697,2.9196338653564453,2.9865128993988037,0.002,2.6055047634982356,0.683580756187439,0.08414076076587662,0.1034002507221885,1.8004572987556458
698,698,2.9098830223083496,2.96701979637146,0.002,2.6224891527462613,0.6942105442285538,0.08386618102667853,0.10253147326875478,1.7515159845352173
699,699,2.9288580417633057,2.959378480911255,0.002,2.6369499004408476,0.6907635182142258,0.08395956724416465,0.10398084513144568,1.80769082903862
700,700,2.918499708175659,2.9717178344726562,0.002,2.650632531503603,0.6910567283630371,0.08451430796412751,0.10473175829974934,1.8054331243038177
701,701,2.9588265419006348,2.9613866806030273,0.002,2.661797914594906,0.6913475692272186,0.08416199183557183,0.10468042141292244,1.7302063703536987
702,702,2.956658363342285,2.955550193786621,0.002,2.672977484429579,0.6864865571260452,0.08526435837848112,0.10572822944959626,1.797358512878418
703,703,2.9265732765197754,2.950439691543579,0.002,2.68269537662313,0.6938971430063248,0.08447402465390041,0.10665020463056862,1.7865238785743713
704,704,2.970590829849243,2.9158430099487305,0.002,2.692584234925909,0.6925785392522812,0.08485819847555831,0.10468021122505888,1.800698459148407
705,705,2.9753782749176025,2.947896718978882,0.002,2.5098329502206598,0.6892242133617401,0.08550013182684779,0.10461899230722338,1.89256152510643
706,706,2.9524569511413574,2.925560474395752,0.002,2.5351606343539683,0.6972489207983017,0.08395199396181852,0.10579140880145133,1.7963920533657074
707,707,2.9198760986328125,2.9572601318359375,0.002,2.559196057261631,0.6959902346134186,0.08349071012344211,0.10662490915274248,1.7952243387699127
708,708,2.973461389541626,2.8990273475646973,0.002,2.5795078317502176,0.6904020607471466,0.08376692951424047,0.10702954133739695,1.819307267665863
709,709,2.9553821086883545,2.9377031326293945,0.002,2.409056646892353,0.6917191594839096,0.08434509969083592,0.10532230051467195,1.8366360366344452
710,710,2.997201442718506,2.9415171146392822,0.002,2.446439099347153,0.6905750185251236,0.08446569461375475,0.10639199073193595,1.8998937904834747
711,711,3.0201146602630615,2.976517677307129,0.002,2.479924094866398,0.7003254890441895,0.08411307324422523,0.10674601345090196,1.8816213011741638
712,712,2.957979202270508,3.010338068008423,0.002,2.509185408298775,0.6942176818847656,0.08429824153427035,0.10560193558922037,1.866155743598938
713,713,2.8951797485351562,2.9502041339874268,0.002,2.5345921243883858,0.6991703659296036,0.08433868881547824,0.10607407527277246,1.8071357905864716
714,714,2.9383420944213867,2.963702440261841,0.002,2.556346737465783,0.7009791731834412,0.08464776742039248,0.10755058948416263,1.7857427299022675
715,715,2.904226303100586,2.90411376953125,0.002,2.5737392849003107,0.7054987400770187,0.0838923697010614,0.10803497367305681,1.745934247970581
716,716,2.8964357376098633,2.887552261352539,0.002,2.5921852018006706,0.7031678110361099,0.08419557253364474,0.10751460329629481,1.7830626368522644
717,717,2.9509921073913574,3.034428119659424,0.002,2.41145569229514,0.7011865675449371,0.08470858237706125,0.10768808668944985,1.8305595815181732
718,718,2.9158966541290283,2.928341865539551,0.002,2.4452741287515978,0.6961540728807449,0.0848700096248649,0.1076710382476449,1.8577465116977692
719,719,2.9032840728759766,2.898993968963623,0.002,2.4768053321891923,0.6967534124851227,0.0856843130895868,0.10630731796845794,1.830646425485611
720,720,3.007073163986206,2.8876852989196777,0.002,2.5048155735975985,0.7043673098087311,0.08489943674067035,0.10844822658691555,1.8196574747562408
721,721,2.8633360862731934,2.9094126224517822,0.002,2.530331257452279,0.703181117773056,0.08523435844108462,0.10775219707284123,1.8291704952716827
722,722,2.9088544845581055,2.9504973888397217,0.002,2.5522349512945812,0.704467386007309,0.08591156685724854,0.10735957440920174,1.7998286485671997
723,723,2.9093847274780273,2.909841537475586,0.002,2.572777142751948,0.7046732008457184,0.08556306816171855,0.1092287432984449,1.8160974085330963
724,724,2.982776403427124,2.923595666885376,0.002,2.591091294212774,0.7051665484905243,0.08552365738432854,0.10983174527063966,1.7708200514316559
725,725,2.904664993286133,2.905665874481201,0.002,2.6078156900118588,0.7102380394935608,0.08553921134443954,0.10878349922131747,1.7221026718616486
726,726,2.8840110301971436,2.945544481277466,0.002,2.6228118410490557,0.7022105753421783,0.0864460511947982,0.10900876822415739,1.8470293879508972
727,727,2.9164514541625977,2.9208693504333496,0.002,2.636228538257767,0.7068870961666107,0.0861294207861647,0.1091979033080861,1.9009453356266022
728,728,2.9513373374938965,2.931393623352051,0.002,2.6463435304460456,0.7044083178043365,0.08641645044554025,0.10746614931849763,1.8965572118759155
729,729,2.8594517707824707,2.902782917022705,0.002,2.6571792805523486,0.7118318527936935,0.08583046967396513,0.10944852029206231,1.8430067896842957
730,730,2.996223211288452,2.9285078048706055,0.002,2.6668970758423227,0.7068304270505905,0.08598100277595222,0.11035390966571867,1.8203177452087402
731,731,2.8664474487304688,2.8770318031311035,0.002,2.674296512370707,0.7108083069324493,0.08594069123500958,0.11058330989908427,1.7645663917064667
732,732,2.9438347816467285,2.932889461517334,0.002,2.48638955286502,0.7108246833086014,0.08616280334535986,0.11134829313959926,1.79759281873703
733,733,2.9418630599975586,2.905639171600342,0.002,2.5140445551741593,0.7106976509094238,0.08635265787597746,0.11006268073106185,1.8019231259822845
734,734,2.917879581451416,2.8886563777923584,0.002,2.540130099184042,0.7093390375375748,0.08565390051808208,0.1112279238877818,1.837761014699936
735,735,2.8877267837524414,2.9064018726348877,0.002,2.564954938066259,0.7084382027387619,0.08578479359857738,0.11036308668553829,1.850460708141327
736,736,2.931013584136963,2.95033860206604,0.002,2.585394527901665,0.7117570489645004,0.08596766216214746,0.10967918887035921,1.8582966029644012
737,737,2.947110176086426,2.9418423175811768,0.002,2.6044641954538665,0.71243055164814,0.08540903590619564,0.11154980305582285,1.872519075870514
738,738,2.9325246810913086,2.906796932220459,0.002,2.620819436715072,0.7067448794841766,0.08596915524685755,0.11291447596158832,1.874405950307846
739,739,2.9013569355010986,2.930164337158203,0.002,2.636517439187063,0.7110445946455002,0.08562232670374215,0.1122186323045753,1.804962694644928
740,740,2.954737424850464,2.897686243057251,0.002,2.650496988907424,0.7141741216182709,0.08514053910039365,0.11351557064335793,1.7919009923934937
741,741,2.88430118560791,2.878157138824463,0.002,2.6620859306408633,0.715312585234642,0.08576022065244615,0.11416743672452867,1.8581275343894958
742,742,2.9267513751983643,2.953470230102539,0.002,2.671376915964313,0.712247759103775,0.08552094403421506,0.11379831854719669,1.8291268944740295
743,743,2.8833425045013428,2.901066303253174,0.002,2.681763564523316,0.7202177494764328,0.08602264133514836,0.11564535717479885,1.832591027021408
744,744,2.8922433853149414,2.939088821411133,0.002,2.6898076127204704,0.7177988588809967,0.08588178514037281,0.11518702714238316,1.8081189692020416
745,745,2.9055614471435547,2.918076992034912,0.002,2.6992933237547887,0.7227123379707336,0.08595228072954342,0.11661431845277548,1.8010703921318054
746,746,2.9029111862182617,2.9601144790649414,0.002,2.707358321469886,0.7126654386520386,0.08723077003378421,0.11467492848169059,1.8605340123176575
747,747,2.859438896179199,2.890104055404663,0.002,2.7140050907959234,0.7178958356380463,0.08625282364664599,0.11602121975738555,1.8769237697124481
748,748,2.9343361854553223,2.919423818588257,0.002,2.7187224070169034,0.7197141945362091,0.08679354103514925,0.1154586571501568,1.8404603898525238
749,749,2.8993754386901855,2.8900973796844482,0.002,2.72447037286319,0.7164286077022552,0.08650650264462456,0.11553205933887511,1.83896204829216
750,750,2.9268012046813965,2.911545753479004,0.002,2.7279948292980314,0.72463059425354,0.08635128586320207,0.11665761389303952,1.8396283686161041
751,751,2.9429914951324463,2.923403739929199,0.002,2.7329247993749903,0.7190647572278976,0.08715571626089513,0.11592326185200363,1.8483179211616516
752,752,2.8554697036743164,2.859701633453369,0.002,2.7360465710600455,0.7210264652967453,0.08652306732255965,0.11598542478168383,1.814752459526062
753,753,2.8886609077453613,2.900040626525879,0.002,2.549643797899641,0.7235526740550995,0.08568923990242183,0.11702824744861573,1.8207345306873322
754,754,2.9096055030822754,2.937110185623169,0.002,2.5702428811537956,0.7179801762104034,0.08711247344035655,0.11530994554050267,1.85213965177536
755,755,2.928149700164795,2.8954834938049316,0.002,2.588974981768278,0.7256280779838562,0.0862561131361872,0.11623681208584458,1.8599949479103088
756,756,2.8910186290740967,2.916903495788574,0.002,2.605733276796584,0.7275279462337494,0.08598199754487723,0.1174488152610138,1.8615085184574127
757,757,2.871267795562744,2.876345634460449,0.002,2.6209841719052753,0.7248081713914871,0.08601106627611443,0.1166844735853374,1.8228574991226196
758,758,2.874908447265625,2.8701679706573486,0.002,2.6343995271326537,0.7213279455900192,0.08691892179194838,0.11672899255063385,1.8546752035617828
759,759,2.9081435203552246,2.844698905944824,0.002,2.6467383884599887,0.7289143204689026,0.08627237373730168,0.11728527321247384,1.849997490644455
760,760,2.8885083198547363,2.8759634494781494,0.002,2.4695649739227035,0.7271367460489273,0.08596805459819734,0.11820224625989795,1.8885622024536133
761,761,2.898892879486084,2.9259538650512695,0.002,2.497169591823219,0.7236561924219131,0.08653350675012916,0.11696217767894268,1.8653898537158966
762,762,2.841724157333374,2.9365580081939697,0.002,2.522174328072758,0.7317532598972321,0.08537075394997373,0.11752753122709692,1.7718410789966583
763,763,2.8959133625030518,2.888732671737671,0.002,2.5459848206173747,0.7223854213953018,0.08667368727037683,0.11806849972344935,1.874178558588028
764,764,2.8958661556243896,2.9038314819335938,0.002,2.565463055850049,0.728422001004219,0.0860541925067082,0.11957646149676293,1.8945645689964294
765,765,2.8611855506896973,2.8748178482055664,0.002,2.5840788329045252,0.7283857017755508,0.08575861639110371,0.11880547145847231,1.8802913129329681
766,766,2.8228392601013184,2.8843936920166016,0.002,2.599390473004192,0.7270798087120056,0.08638783916831017,0.11713512078858912,1.862876147031784
767,767,2.8481132984161377,2.932161808013916,0.002,2.614865325054548,0.7312014251947403,0.08584266906837001,0.11833693599328399,1.8888406157493591
768,768,2.842400074005127,2.847456455230713,0.002,2.628257995383246,0.7301595509052277,0.08536552294390276,0.11963750363793224,1.9123716950416565
769,769,2.895024299621582,2.91025972366333,0.002,2.642074689459289,0.7291621267795563,0.08523255429463461,0.11888423888012767,1.8841535449028015
770,770,2.8597211837768555,2.8878231048583984,0.002,2.6533728038891002,0.7338442355394363,0.0854827972361818,0.11889778985641897,1.8196076154708862
771,771,2.843439817428589,2.8438854217529297,0.002,2.663022369664072,0.7333040833473206,0.08591925527434796,0.1201870086370036,1.8563131093978882
772,772,2.8156380653381348,2.8237359523773193,0.002,2.4774839373920603,0.7307491898536682,0.08493257861118764,0.12091973575297743,1.884268879890442
773,773,2.8330698013305664,2.817488193511963,0.002,2.31705550214193,0.7373465299606323,0.08530270477058366,0.12004781130235642,1.817314624786377
774,774,2.8148388862609863,2.938892364501953,0.002,2.172912866384289,0.7321007996797562,0.08591678901575506,0.11865833681076765,1.8578533828258514
775,775,2.8669474124908447,2.8599119186401367,0.002,2.232009456591894,0.7318910509347916,0.08544795296620578,0.12002758134622127,1.9189718067646027
776,776,2.8457460403442383,2.8561148643493652,0.002,2.2865002447862897,0.7361824363470078,0.08581410878105089,0.12114434549584985,1.939420372247696
777,777,2.8447327613830566,2.859684944152832,0.002,2.3353590507398816,0.7359057068824768,0.08571964001748711,0.1204727424774319,1.9275686144828796
778,778,2.941108465194702,2.8866710662841797,0.002,2.378087457810401,0.7389268726110458,0.08537787472596392,0.11980576429050416,1.8541579842567444
779,779,2.88000750541687,2.8444018363952637,0.002,2.417757635747517,0.738745242357254,0.08569073147373274,0.12022111029364169,1.8417430222034454
780,780,2.933420419692993,2.845308780670166,0.002,2.4518843643953074,0.7366664856672287,0.08499316673260182,0.12200774753000587,1.853855162858963
781,781,2.878960132598877,2.8992433547973633,0.002,2.4827194694417556,0.7440761029720306,0.08507815829943866,0.1227608963381499,1.8714767396450043
782,782,2.8676819801330566,2.834568977355957,0.002,2.510215943867544,0.7383593320846558,0.0863140084547922,0.12107564049074426,1.8882024586200714
783,783,2.851987838745117,2.8362650871276855,0.002,2.5365863588001485,0.7364604324102402,0.0865335711860098,0.12001461768522859,1.8518888056278229
784,784,2.8507704734802246,2.8446717262268066,0.002,2.558138824641919,0.7381140738725662,0.08729763381415978,0.1205243255244568,1.9232154190540314
785,785,2.91190242767334,2.796083927154541,0.002,2.577021127544025,0.7459631413221359,0.08636624831706285,0.12243779213167727,1.9092397093772888
786,786,2.8205320835113525,2.818521738052368,0.002,2.4065871804886383,0.7403349429368973,0.08660943945869803,0.12219567899592221,1.9023069739341736
787,787,2.8821916580200195,2.9051947593688965,0.002,2.4429396877807674,0.7526059299707413,0.08490395022090524,0.12241135677322745,1.771707445383072
788,788,2.851407051086426,2.897468090057373,0.002,2.475361439828298,0.7430186718702316,0.08627638302277774,0.12181142799090594,1.8757283687591553
789,789,2.834470272064209,2.8190340995788574,0.002,2.5037546178836023,0.7480006664991379,0.0862571753677912,0.12202383927069604,1.9144332706928253
790,790,2.850400686264038,2.899754524230957,0.002,2.530200656786415,0.7446210980415344,0.0867354710935615,0.12059089750982821,1.8921148777008057
791,791,2.787731647491455,2.853860378265381,0.002,2.5541829862799696,0.7467463910579681,0.08595145709114149,0.12202775827609003,1.848288744688034
792,792,2.8286046981811523,2.812060594558716,0.002,2.5760974935097996,0.7428171187639236,0.08669190696673468,0.12253455887548625,1.9078121185302734
793,793,2.831796407699585,2.8451037406921387,0.002,2.5948569419165612,0.7458420544862747,0.0856934196781367,0.12280728900805116,1.834931343793869
794,794,2.8928303718566895,2.810262680053711,0.002,2.6110959190726395,0.7459255307912827,0.08664796635275707,0.12254422402475029,1.8433696031570435
795,795,2.932187795639038,2.9175004959106445,0.002,2.627556652759748,0.7541499733924866,0.08491716301068664,0.12453841289971024,1.8306064307689667
796,796,2.8097896575927734,2.836404800415039,0.002,2.641021392133259,0.749789223074913,0.08620096964295954,0.12471991044003516,1.8942386209964752
797,797,2.829836368560791,2.857235908508301,0.002,2.6545050951122926,0.7456930577754974,0.08666603796882555,0.12299009098205715,1.902648538351059
798,798,2.8666861057281494,2.8453354835510254,0.002,2.665318348815731,0.7534904330968857,0.0855741798877716,0.12345090537564829,1.8183102011680603
799,799,2.838624954223633,2.848245620727539,0.002,2.676336892165603,0.7521687746047974,0.08686051360564306,0.12459301808848977,1.855110228061676
800,800,2.813338279724121,2.8490564823150635,0.002,2.685039992986013,0.7499101310968399,0.08620002074167132,0.12577107595279813,1.8856725692749023
801,801,2.7729225158691406,2.864713191986084,0.002,2.6948502924306337,0.7518065869808197,0.08649090386461467,0.12564939900767058,1.8791316747665405
802,802,2.821767568588257,2.8409552574157715,0.002,2.7024305855990054,0.7547309100627899,0.08684801938943565,0.12501644692383707,1.874022662639618
803,803,2.8843588829040527,2.8366339206695557,0.002,2.709470002171479,0.749039962887764,0.08664985775249079,0.12479833513498306,1.94461590051651
804,804,2.8194663524627686,2.8370327949523926,0.002,2.715162192999111,0.7512765377759933,0.08685716503532603,0.12518287217244506,1.9553914964199066
805,805,2.796795606613159,2.8266305923461914,0.002,2.7197797020353,0.7566583156585693,0.08634843857726082,0.12578290910460055,1.8992112874984741
806,806,2.9157586097717285,2.800157308578491,0.002,2.7250250502439104,0.7522640377283096,0.08618202852085233,0.12641388177871704,1.8655003607273102
807,807,2.823831081390381,2.83444881439209,0.002,2.7289774678193868,0.7602476328611374,0.08608855633065104,0.12726499664131552,1.8493678569793701
808,808,2.7514517307281494,2.847897529602051,0.002,2.731670494253977,0.7541346400976181,0.08653525484260172,0.1278514686273411,1.8732879757881165
809,809,2.854207992553711,2.856904983520508,0.002,2.7345193148842664,0.7588414251804352,0.08631225995486602,0.12798659643158317,1.8577317893505096
810,810,2.8343734741210938,2.811326026916504,0.002,2.7384350443068195,0.7580782622098923,0.08668333193054423,0.12674598745070398,1.8844325542449951
811,811,2.862588405609131,2.844379425048828,0.002,2.7406945605487962,0.7570769488811493,0.0860867160372436,0.12749341421294957,1.8748691976070404
812,812,2.8332409858703613,2.8425469398498535,0.002,2.744044234117788,0.7556551992893219,0.08695027040084824,0.12746325763873756,1.9195667207241058
813,813,2.8235228061676025,2.8130502700805664,0.002,2.7460529632790425,0.756199061870575,0.08649855625117198,0.12705471727531403,1.8863568902015686
814,814,2.865415096282959,2.86167311668396,0.002,2.7470051224836953,0.7595835477113724,0.08648508961778134,0.12668296473566443,1.88031005859375
815,815,2.8120012283325195,2.732800006866455,0.002,2.7483473321627985,0.7573646306991577,0.08698273275513202,0.12635303958086297,1.8986187875270844
816,816,2.8633904457092285,2.850471019744873,0.002,2.5522248480399594,0.7584151327610016,0.08714414568385109,0.1268578041344881,1.9140961170196533
817,817,2.8310346603393555,2.7798590660095215,0.002,2.5729409947967223,0.7606965601444244,0.08628561295336112,0.12811706226784736,1.8658621907234192
818,818,2.7939555644989014,2.8397114276885986,0.002,2.592871871984889,0.7614422142505646,0.08699430275009945,0.12821690493728966,1.9056801497936249
819,819,2.9009382724761963,2.8455164432525635,0.002,2.610459657102684,0.7642399072647095,0.08702027471736073,0.12752540362998843,1.8952060341835022
820,820,2.8160624504089355,2.8522796630859375,0.002,2.626858285720405,0.7628147751092911,0.08677813841495663,0.12806244078092277,1.9291672110557556
821,821,2.8209228515625,2.7714309692382812,0.002,2.6406048443499155,0.7664920091629028,0.08689849451184273,0.12902520853094757,1.9364316165447235
822,822,2.783569812774658,2.839911937713623,0.002,2.6538002943309618,0.7609970271587372,0.08768048253841698,0.12830153456889093,1.9266073107719421
823,823,2.749854326248169,2.81154203414917,0.002,2.6649076229343227,0.7604108601808548,0.08812616154318675,0.1276555602089502,1.9123766720294952
824,824,2.8083691596984863,2.9004299640655518,0.002,2.675758517745807,0.7698563188314438,0.08678866864647716,0.130020352313295,1.8779099881649017
825,825,2.7912702560424805,2.838860034942627,0.002,2.684864245980602,0.7699288874864578,0.08640760282287374,0.13056684599723667,1.8560505509376526
826,826,2.8001797199249268,2.737431526184082,0.002,2.6943882714044394,0.7671074867248535,0.08679650101112202,0.13037261529825628,1.8794001638889313
827,827,2.7948341369628906,2.790421962738037,0.002,2.7029104287066765,0.7687046378850937,0.08764028089353815,0.12943019182421267,1.8810386657714844
828,828,2.759428024291992,2.7815446853637695,0.002,2.709661521201668,0.7697808891534805,0.08748783153714612,0.12994104821700603,1.8949239253997803
829,829,2.861070394515991,2.8072314262390137,0.002,2.7167686490881238,0.7643381208181381,0.08776283508632332,0.13070445018820465,1.9293968677520752
830,830,2.800551414489746,2.838761806488037,0.002,2.721414844423665,0.76825051009655,0.08756814018124714,0.12971717480104417,1.893151432275772
831,831,2.788832664489746,2.826129913330078,0.002,2.725493215875416,0.7742933928966522,0.08767773793078959,0.12921275186818093,1.87672558426857
832,832,2.8237836360931396,2.7438933849334717,0.002,2.7300108730653845,0.7690937966108322,0.08774464146699756,0.13006207719445229,1.9374752342700958
833,833,2.793642044067383,2.7711691856384277,0.002,2.733414146250338,0.77110156416893,0.08791622769786045,0.13115089340135455,1.9255611300468445
834,834,2.798166513442993,2.8293943405151367,0.002,2.737336406558751,0.7658406645059586,0.08797690359642729,0.13032556686084718,1.9066675007343292
835,835,2.8678293228149414,2.8607492446899414,0.002,2.740191877640922,0.7788748294115067,0.0866445679566823,0.129955368116498,1.862851858139038
836,836,2.807277202606201,2.843545436859131,0.002,2.743417014327079,0.7715756744146347,0.08724381792126223,0.13058860215824097,1.9234777688980103
837,837,2.7780675888061523,2.794869899749756,0.002,2.7456413172210676,0.7770390212535858,0.08702538622310385,0.132046454353258,1.9407777786254883
838,838,2.773379325866699,2.784013271331787,0.002,2.748988166466493,0.7749640643596649,0.08776754257269204,0.13126976403873414,1.9372828006744385
839,839,2.769448757171631,2.798569917678833,0.002,2.7507973606924354,0.7844842821359634,0.0871276895632036,0.13108379382174462,1.8294817209243774
840,840,2.833695888519287,2.8234007358551025,0.002,2.7521873896139586,0.7749273031949997,0.08839649974834174,0.13136868714354932,1.8700825572013855
841,841,2.768632650375366,2.805999755859375,0.002,2.754250572801519,0.7811994701623917,0.08737732662120834,0.13253555493429303,1.8809008300304413
842,842,2.8136332035064697,2.8434929847717285,0.002,2.755602380471056,0.7768082171678543,0.08771567174699157,0.13146807544399053,1.8995206356048584
843,843,2.8437719345092773,2.887495994567871,0.002,2.7577660478537895,0.7748884856700897,0.08896814624313265,0.1302211661823094,1.918045997619629
844,844,2.907198905944824,2.7681806087493896,0.002,2.758227409040996,0.7763520926237106,0.0878287639352493,0.1322905959095806,1.9304727613925934
845,845,2.788508892059326,2.7864608764648438,0.002,2.7597026277005017,0.7775725871324539,0.0884261517203413,0.132870260393247,1.9092094898223877
846,846,2.8067898750305176,2.8298451900482178,0.002,2.7601147476648884,0.7783215194940567,0.08858717780094594,0.13238331815227866,1.8681950867176056
847,847,2.830594778060913,2.8326826095581055,0.002,2.7616037952634063,0.7811924666166306,0.08796280232490972,0.13269364973530173,1.873901605606079
848,848,2.8229455947875977,2.7699131965637207,0.002,2.761678637605723,0.7864141315221786,0.08776873251190409,0.1336080973269418,1.88374263048172
849,849,2.8976335525512695,2.813098907470703,0.002,2.7629520464248816,0.7755735963582993,0.08854731608880684,0.13353184203151613,1.9226078689098358
850,850,2.821023464202881,2.860781669616699,0.002,2.763066697259303,0.7762795239686966,0.0887353204889223,0.1334995091892779,1.9466891586780548
851,851,2.7592501640319824,2.809452533721924,0.002,2.7645405286484936,0.7865133434534073,0.08854297245852649,0.13346116931643337,1.8905344605445862
852,852,2.798304557800293,2.812800884246826,0.002,2.7657909664394116,0.7819352000951767,0.08961531223030761,0.13271981687285006,1.9487246572971344
853,853,2.782994270324707,2.7833263874053955,0.002,2.7653253083741105,0.7846296429634094,0.0886911794077605,0.13432169216684997,1.9192906022071838
854,854,2.789177417755127,2.769028663635254,0.002,2.7655233687707867,0.7838830798864365,0.08878557471325621,0.13475233083590865,1.9469806551933289
855,855,2.7725131511688232,2.7764768600463867,0.002,2.7661053863410165,0.7820582836866379,0.08974547288380563,0.13450342696160078,1.940042108297348
856,856,2.781038761138916,2.8182239532470703,0.002,2.7652452205104834,0.7820136845111847,0.0898875399143435,0.13300506630912423,1.9101727306842804
857,857,2.777893543243408,2.7687768936157227,0.002,2.7662389453025704,0.786969855427742,0.08993758173892274,0.1335762020898983,1.9125754535198212
858,858,2.803581476211548,2.7705466747283936,0.002,2.765715330021426,0.7875573486089706,0.08876666176365688,0.13545047002844512,1.928291380405426
859,859,2.8510866165161133,2.7575669288635254,0.002,2.764927534177277,0.791920080780983,0.08789738139603287,0.1366910826181993,1.911927968263626
860,860,2.817187786102295,2.8189616203308105,0.002,2.76587383888463,0.7811483293771744,0.08989946404471993,0.13474003761075437,1.9677865207195282
861,861,2.7631683349609375,2.800908088684082,0.002,2.7656946619545106,0.7850005775690079,0.08956802898319438,0.13367045542690903,1.906359076499939
862,862,2.7403249740600586,2.7423713207244873,0.002,2.7664485977858693,0.793181449174881,0.08772912505082786,0.13582771900109947,1.8533280491828918
863,863,2.8084588050842285,2.7342209815979004,0.002,2.766280649902829,0.7891892343759537,0.0895928053651005,0.13605385227128863,1.9399758279323578
864,864,2.765584945678711,2.7680840492248535,0.002,2.765539200722246,0.7911203652620316,0.08947722386801615,0.13549854862503707,1.9246273040771484
865,865,2.7934911251068115,2.7565128803253174,0.002,2.766162175955534,0.7923494726419449,0.0897317067719996,0.1347143390448764,1.9072617888450623
866,866,2.7552812099456787,2.7887110710144043,0.002,2.7655969012927004,0.7865421772003174,0.09049801051151007,0.13471940986346453,1.9826436936855316
867,867,2.831148386001587,2.7770721912384033,0.002,2.7635023935312315,0.7890229374170303,0.08984554500784725,0.13539036631118506,1.986066073179245
868,868,2.7415051460266113,2.8249053955078125,0.002,2.7616525583611398,0.7911965847015381,0.08959038421744481,0.1360677075572312,1.9215261936187744
869,869,2.790158271789551,2.8308844566345215,0.002,2.761289092617387,0.7869842946529388,0.09050620283233002,0.13577288307715207,1.9177986085414886
870,870,2.814688205718994,2.7576489448547363,0.002,2.760744947869801,0.7915211617946625,0.08875647484092042,0.1364792512031272,1.8889859020709991
871,871,2.7388384342193604,2.8853721618652344,0.002,2.7603158628871087,0.7974324375391006,0.0889891319675371,0.1375158381415531,1.9005644023418427
872,872,2.770984172821045,2.821099281311035,0.002,2.760656770482375,0.7931722551584244,0.09004829247714952,0.13738372211810201,1.9260244071483612
873,873,2.7973124980926514,2.7856826782226562,0.002,2.760648065415258,0.7899303734302521,0.08973438304383308,0.13684626843314618,1.91777765750885
874,874,2.800591468811035,2.730278491973877,0.002,2.758508783473399,0.7951788306236267,0.08918645326048136,0.13766641053371131,1.8903601467609406
875,875,2.8747501373291016,2.866143226623535,0.002,2.5670290418470127,0.792534202337265,0.09040736395400017,0.13802335946820676,1.9763077795505524
876,876,2.733865261077881,2.729548931121826,0.002,2.5836743488409133,0.8034268021583557,0.08956457598833367,0.1382525183726102,1.9546790719032288
877,877,2.765470027923584,2.754854917526245,0.002,2.4111012692367826,0.7961507439613342,0.09019588527735323,0.13773739128373563,1.9623553454875946
878,878,2.751877784729004,2.882617950439453,0.002,2.443962007203351,0.7972071468830109,0.09011424978962168,0.13767483655828983,1.9493855834007263
879,879,2.775660276412964,2.7522826194763184,0.002,2.4749371589904015,0.7936244457960129,0.09024268150096759,0.13687872956506908,1.9789452850818634
880,880,2.7610366344451904,2.7584481239318848,0.002,2.5021450557344074,0.8005827218294144,0.08996190514881164,0.13762116560246795,1.9429213106632233
881,881,2.76904034614563,2.735769510269165,0.002,2.527388646690241,0.8006830811500549,0.09001675294712186,0.13856397161725909,1.924849659204483
882,882,2.7843618392944336,2.78426194190979,0.002,2.5504242201050245,0.7962678670883179,0.08980866346973926,0.1386485828552395,1.9114844799041748
883,883,2.7671022415161133,2.777147054672241,0.002,2.5709818580028476,0.8073660433292389,0.08968160604126751,0.13911549048498273,1.9013778865337372
884,884,2.732966899871826,2.811096668243408,0.002,2.588976068884045,0.8025816380977631,0.09109950717538595,0.1381307204719633,1.973044216632843
885,885,2.7970733642578125,2.831787586212158,0.002,2.605336420494664,0.8018771708011627,0.09077016729861498,0.13800147990696132,1.9548756778240204
886,886,2.708298921585083,2.7669827938079834,0.002,2.618813598409785,0.8043179214000702,0.09028530440991744,0.13839742611162364,1.940682053565979
887,887,2.7317214012145996,2.81765079498291,0.002,2.630538647150159,0.8029530644416809,0.0903175551793538,0.13923871878068894,1.9718466699123383
888,888,2.7809832096099854,2.7317585945129395,0.002,2.642262942516786,0.8030272722244263,0.09095462126424536,0.13877906487323344,1.9422880113124847
889,889,2.7436957359313965,2.7229809761047363,0.002,2.652371317826608,0.8082872927188873,0.09036256861872971,0.13997681299224496,1.9188112318515778
890,890,2.7414166927337646,2.7950289249420166,0.002,2.470631099726695,0.8071760386228561,0.08972745481878519,0.1404394943965599,1.9089428782463074
891,891,2.7566375732421875,2.751349449157715,0.002,2.4991909959373215,0.8000467419624329,0.09019590559182689,0.14044166810344905,1.99336376786232
892,892,2.796546697616577,2.7674598693847656,0.002,2.5250611038381767,0.8114204406738281,0.0900711411377415,0.14006608922500163,1.986089825630188
893,893,2.731752872467041,2.7406880855560303,0.002,2.5483217739479307,0.8081039488315582,0.08946951426332816,0.14046136185061187,1.9293380081653595
894,894,2.7129435539245605,2.8067245483398438,0.002,2.569405229257893,0.8076178729534149,0.08964104094775394,0.1411827658303082,1.8981888592243195
895,895,2.734539031982422,2.7762198448181152,0.002,2.5880101476273163,0.8101999908685684,0.09000733826542273,0.14194022852461785,1.9269542694091797
896,896,2.7413182258605957,2.752788543701172,0.002,2.6048332318229495,0.8081527650356293,0.09080943773733452,0.14133988041430712,1.9970917701721191
897,897,2.8187637329101562,2.748042106628418,0.002,2.6192057455253632,0.8082657009363174,0.09072284342255443,0.14031436224468052,1.9782525300979614
898,898,2.695176601409912,2.7368273735046387,0.002,2.632198614814945,0.8146049976348877,0.08976428059395403,0.14136028662323952,1.907800018787384
899,899,2.736602306365967,2.7752952575683594,0.002,2.6424479338416345,0.8069094270467758,0.09064829139970243,0.14090136985760182,1.9102502167224884
900,900,2.6963229179382324,2.780060291290283,0.002,2.653116584299589,0.8101284503936768,0.0912980098510161,0.14139059418812394,1.9691307544708252
901,901,2.728311538696289,2.7698974609375,0.002,2.6638164124423156,0.8096907585859299,0.09193938557291403,0.14051869953982532,2.014413148164749
902,902,2.7082889080047607,2.730231285095215,0.002,2.673051767273387,0.8080155551433563,0.09100437141023576,0.14147804549429566,2.0225109457969666
903,903,2.73427677154541,2.8269073963165283,0.002,2.679543732447286,0.8170711100101471,0.09035809844499454,0.14233889884781092,1.9152925610542297
904,904,2.775620937347412,2.7162184715270996,0.002,2.687210726239497,0.8145786821842194,0.08973174763377756,0.14228404767345637,1.8444076478481293
905,905,2.7614951133728027,2.893559455871582,0.002,2.505780392318776,0.8129522949457169,0.09072427824139595,0.1428666285937652,1.9425202012062073
906,906,2.7384114265441895,2.6971545219421387,0.002,2.5303208778659254,0.8197578340768814,0.09073186118621379,0.14357887010555714,1.9617356061935425
907,907,2.7323384284973145,2.812897205352783,0.002,2.364476565899807,0.8134213984012604,0.09146698319818825,0.1414982071146369,1.9931154251098633
908,908,2.7679951190948486,2.7401108741760254,0.002,2.4033277443040473,0.822993203997612,0.08968867443036288,0.14375887461937964,1.9608601331710815
909,909,2.663032293319702,2.717787742614746,0.002,2.438387048688134,0.8173603415489197,0.09087732661282644,0.14396515709813684,1.9572431147098541
910,910,2.6794912815093994,2.7409627437591553,0.002,2.468452822670633,0.8139782249927521,0.09088237909600139,0.14374038053210825,1.9072327613830566
911,911,2.7603189945220947,2.733293294906616,0.002,2.4966471516996096,0.8199986219406128,0.09151533694239333,0.14413408108521253,1.9764596223831177
912,912,2.7363877296447754,2.69826078414917,0.002,2.522802829087186,0.8243225812911987,0.09014273365028203,0.14481038972735405,1.9395157992839813
913,913,2.8056273460388184,2.7126128673553467,0.002,2.5465219788907736,0.8142406344413757,0.0912561715231277,0.143737887381576,1.9854599833488464
914,914,2.7489404678344727,2.767129421234131,0.002,2.5671201105660097,0.8184860795736313,0.09122453822055832,0.14491385745350271,1.9914275109767914
915,915,2.741851329803467,2.6816482543945312,0.002,2.585822544417895,0.8225726187229156,0.09106577472994104,0.14455843751784414,1.9423052072525024
916,916,2.680824041366577,2.718588352203369,0.002,2.4008001871592306,0.8263144046068192,0.09000598784768954,0.14503200934268534,1.924127608537674
917,917,2.739833354949951,2.744919776916504,0.002,2.4349623087368673,0.8242442905902863,0.09038970648543909,0.14606196037493646,1.986150860786438
918,918,2.7758498191833496,2.6866230964660645,0.002,2.4663458241387755,0.8258270919322968,0.09180585399735719,0.14592666493263096,2.027830094099045
919,919,2.853976249694824,2.7233121395111084,0.002,2.493979889872212,0.8217215090990067,0.092183856992051,0.1441641818964854,2.007143408060074
920,920,2.738572835922241,2.7608861923217773,0.002,2.5195029549985035,0.825239434838295,0.09184462565463036,0.14434752392116934,1.9551508128643036
921,921,2.653859853744507,2.8215551376342773,0.002,2.5417839817325256,0.8234844654798508,0.09187158907297999,0.1459262096323073,1.9935357868671417
922,922,2.7568600177764893,2.7503252029418945,0.002,2.5624239345463784,0.8221928626298904,0.09244839253369719,0.14722953853197396,1.9837833046913147
923,923,2.7665858268737793,2.74946928024292,0.002,2.580597969711682,0.8227709829807281,0.09219486376969144,0.1461869371123612,1.9518420100212097
924,924,2.760287284851074,2.650505304336548,0.002,2.597890437988049,0.8319012075662613,0.09233457513619214,0.14582679059822112,1.9175779521465302
925,925,2.7341537475585938,2.8097000122070312,0.002,2.4220012352588847,0.8339748382568359,0.09110721468459815,0.14756793796550483,1.9427224397659302
926,926,2.7535457611083984,2.7792670726776123,0.002,2.4557167444377512,0.8306968510150909,0.09160050778882578,0.14815621043089777,1.9697153568267822
927,927,2.6748781204223633,2.776094436645508,0.002,2.4860481097116214,0.835048034787178,0.09218288888223469,0.14840463711880147,1.9218607544898987
928,928,2.761850595474243,2.708742141723633,0.002,2.513143366800493,0.8320408165454865,0.09156529110623524,0.14744352211710066,1.9103502035140991
929,929,2.6881027221679688,2.8030834197998047,0.002,2.5369148955529566,0.8320354968309402,0.09228921064641327,0.14801081491168588,2.00400710105896
930,930,2.7354660034179688,2.770557403564453,0.002,2.5599694200843195,0.8298725932836533,0.09210896480362862,0.1485185556812212,2.053435981273651
931,931,2.6907505989074707,2.7116124629974365,0.002,2.5798459561670226,0.8317387402057648,0.09340481896651909,0.1471781056607142,2.0549916326999664
932,932,2.7003679275512695,2.685572862625122,0.002,2.5974133549360277,0.8318343311548233,0.0928298183134757,0.14715575031004846,1.9628498554229736
933,933,2.753856897354126,2.712123394012451,0.002,2.611304274594085,0.8375956118106842,0.09253538039047271,0.1490420465124771,1.937682867050171
934,934,2.7653117179870605,2.6942520141601562,0.002,2.6253359297741574,0.8382923007011414,0.09191500302404165,0.14936852175742388,1.8903983533382416
935,935,2.7031118869781494,2.6737992763519287,0.002,2.6370352816851574,0.8316450864076614,0.09260155900847167,0.14865336811635643,1.9935041666030884
936,936,2.663461208343506,2.708838939666748,0.002,2.647550636036944,0.8329025506973267,0.09220098867081106,0.1481696313712746,1.999805212020874
937,937,2.748246669769287,2.762615203857422,0.002,2.658128753066803,0.8359294086694717,0.09293344931211323,0.1471539888298139,2.0045537650585175
938,938,2.614969253540039,2.7612967491149902,0.002,2.667179321727115,0.8369911313056946,0.09291017847135663,0.14800086163450032,2.02759125828743
939,939,2.6696441173553467,2.708557605743408,0.002,2.6762248883537696,0.8394787907600403,0.09080852346960455,0.1498785736039281,2.0176763832569122
940,940,2.728773593902588,2.7542521953582764,0.002,2.68236180470139,0.8387678116559982,0.09207506600068882,0.148956872173585,1.999484807252884
941,941,2.666147232055664,2.7115797996520996,0.002,2.687023160617239,0.845384418964386,0.09131090244045481,0.14840235421434045,1.9497196972370148
942,942,2.6427085399627686,2.804624557495117,0.002,2.6931701614191064,0.840548187494278,0.0922230935539119,0.148188206134364,1.963633805513382
943,943,2.7104244232177734,2.7099740505218506,0.002,2.6993734692793505,0.838837057352066,0.09172389493323863,0.1492427617777139,1.976378858089447
944,944,2.7151238918304443,2.6936163902282715,0.002,2.7045453928616183,0.8430509269237518,0.09151502221357077,0.15025157714262605,1.9617797136306763
945,945,2.7740800380706787,2.6311163902282715,0.002,2.709347722200773,0.8348544389009476,0.09376307827187702,0.14933586574625224,2.015742242336273
946,946,2.6916871070861816,2.7007837295532227,0.002,2.517134156810015,0.8482528030872345,0.09252819151151925,0.14969948178622872,1.9485794007778168
947,947,2.7323315143585205,2.712672233581543,0.002,2.5417185421193467,0.8460267782211304,0.09206912596710026,0.15051792154554278,1.9684731662273407
948,948,2.6928911209106445,2.7019577026367188,0.002,2.5632030276289974,0.8491384536027908,0.0921135182143189,0.15155896788928658,1.9414786994457245
949,949,2.693915605545044,2.6936678886413574,0.002,2.582961074686499,0.848933070898056,0.093479705741629,0.1512467769207433,1.9590030312538147
950,950,2.6723451614379883,2.699714183807373,0.002,2.600000328816247,0.847264364361763,0.09295242093503475,0.15069822501391172,1.958310067653656
951,951,2.697627544403076,2.7353789806365967,0.002,2.615715125440356,0.8525785207748413,0.09203732560854405,0.1517178053036332,1.9702568650245667
952,952,2.7922472953796387,2.746234893798828,0.002,2.628992929759912,0.8477504551410675,0.09311931929551065,0.15119204099755734,2.0555543303489685
953,953,2.7263267040252686,2.7183284759521484,0.002,2.6416489078317618,0.8431284129619598,0.0944089675322175,0.14957588887773454,2.094967782497406
954,954,2.726306915283203,2.7775678634643555,0.002,2.6524175746655567,0.8477699160575867,0.09451283531961963,0.14910216466523707,2.0481948256492615
955,955,2.722151279449463,2.7195115089416504,0.002,2.6626109949021965,0.850855827331543,0.09411373542388901,0.1510342227993533,2.0265793800354004
956,956,2.7279915809631348,2.777332305908203,0.002,2.67030834420669,0.851778656244278,0.09347032278310508,0.1522781236562878,1.9845179617404938
957,957,2.684518814086914,2.7975728511810303,0.002,2.6787994717329235,0.8543538302183151,0.09318519529188052,0.15235382737591863,1.900641292333603
958,958,2.7075023651123047,2.689324378967285,0.002,2.684396235586724,0.8565742373466492,0.09209354355698451,0.15175482514314353,1.839545577764511
959,959,2.6197726726531982,2.718654155731201,0.002,2.689616873142063,0.8516073673963547,0.09313895332161337,0.15227409359067678,1.9845560789108276
960,960,2.787886142730713,2.732703685760498,0.002,2.695651821929636,0.8579639196395874,0.09288555913371965,0.15279918629676104,2.061472475528717
961,961,2.687995433807373,2.724780559539795,0.002,2.701912504085078,0.8587733060121536,0.09277070022653788,0.15170843934174627,2.096598982810974
962,962,2.7096729278564453,2.7006990909576416,0.002,2.70726505674786,0.8550142049789429,0.09300288470694795,0.15033941762521863,2.049693137407303
963,963,2.701003074645996,2.7315781116485596,0.002,2.712411481786423,0.8580877631902695,0.09207247843733057,0.15157449757680297,1.952301800251007
964,964,2.6947031021118164,2.754746437072754,0.002,2.716599509391505,0.8533053696155548,0.09292450826615095,0.15264194284100085,1.9972550868988037
965,965,2.744084358215332,2.7500686645507812,0.002,2.7192401310201246,0.8579258620738983,0.09240961680188775,0.15390244510490447,2.0039808452129364
966,966,2.73313570022583,2.713015079498291,0.002,2.7223595377905805,0.8595202714204788,0.09354308596812189,0.15304396348074079,1.9989703595638275
967,967,2.7293858528137207,2.733447313308716,0.002,2.7265768575552176,0.8648184984922409,0.09266008355189115,0.15242939407471567,1.944512963294983
968,968,2.623385190963745,2.6821396350860596,0.002,2.729379451273236,0.8582385182380676,0.09430224040988833,0.15124602569267154,1.9956943094730377
969,969,2.738908052444458,2.646963119506836,0.002,2.7323505684531035,0.8556561917066574,0.09425514546455815,0.15186809736769646,2.080359101295471
970,970,2.688180685043335,2.7206501960754395,0.002,2.7347002761219463,0.8612060695886612,0.09282978705596179,0.1533815503353253,2.115794837474823
971,971,2.6604580879211426,2.789196729660034,0.002,2.7376659333449815,0.8650756478309631,0.09225334459915757,0.15349713515024632,2.0814496278762817
972,972,2.726274251937866,2.7285614013671875,0.002,2.7383228097681895,0.8655801266431808,0.09257262345636263,0.15323004010133445,2.021028161048889
973,973,2.6583971977233887,2.6804049015045166,0.002,2.7403930210139134,0.862750694155693,0.09377231099642813,0.15279888082295656,1.9832458794116974
974,974,2.70536732673645,2.717959403991699,0.002,2.7400193664457686,0.8628999292850494,0.09286863112356514,0.15374498115852475,2.006001800298691
975,975,2.6520869731903076,2.764101505279541,0.002,2.7414979031495,0.8639374524354935,0.09315665642498061,0.15440493659116328,2.051399827003479
976,976,2.674691677093506,2.652695894241333,0.002,2.742577192596118,0.8690680414438248,0.09254492406034842,0.1542110873851925,1.9961769878864288
977,977,2.7440834045410156,2.7119503021240234,0.002,2.7438239648767384,0.8697232306003571,0.0931701841764152,0.15335219877306372,1.9375344216823578
978,978,2.7432212829589844,2.7686493396759033,0.002,2.745739369379397,0.8624278157949448,0.09299729042686522,0.1536027017282322,2.0090573728084564
979,979,2.6337435245513916,2.6656129360198975,0.002,2.7463345945360413,0.8626993000507355,0.09363509365357459,0.15408452530391514,2.0721166729927063
980,980,2.66841197013855,2.693540334701538,0.002,2.7472662365842613,0.8630858212709427,0.09411721571814269,0.153759500477463,2.08819717168808
981,981,2.7142558097839355,2.6313390731811523,0.002,2.7468531738250874,0.8699744194746017,0.09286328981397673,0.15388016984798014,2.0482872128486633
982,982,2.652069330215454,2.6838040351867676,0.002,2.7476488756123785,0.8691432178020477,0.09321263316087425,0.15539137343876064,2.0399896800518036
983,983,2.6902761459350586,2.7842791080474854,0.002,2.748868628828198,0.8670441061258316,0.09373426687670872,0.15513869212009013,2.0257950127124786
984,984,2.750243902206421,2.6548829078674316,0.002,2.7495490520877843,0.8708507418632507,0.09436444193124771,0.15597803017590195,1.9926331639289856
985,985,2.651630401611328,2.6566696166992188,0.002,2.750353817133849,0.8705660253763199,0.09340587805490941,0.15542635042220354,1.9815867841243744
986,986,2.666896343231201,2.721743106842041,0.002,2.750812554954968,0.8688398450613022,0.09515636967262253,0.15510102338157594,2.086717903614044
987,987,2.765289306640625,2.7305991649627686,0.002,2.7516250320558666,0.8682392537593842,0.09447021334199235,0.1548212995985523,2.127131700515747
988,988,2.7289822101593018,2.7546443939208984,0.002,2.7505295215946886,0.87624092400074,0.09394534578314051,0.1556469682836905,2.1299887895584106
989,989,2.7358415126800537,2.6401326656341553,0.002,2.751078814538456,0.8742337822914124,0.0943780085653998,0.15557167294900864,2.059135913848877
990,990,2.713106632232666,2.6713991165161133,0.002,2.7514836136021006,0.8766513913869858,0.09350617323070765,0.15698208182584494,1.962108165025711
991,991,2.624401569366455,2.6373608112335205,0.002,2.752301268392768,0.8760988861322403,0.09351412073010579,0.15818918589502573,1.9746990203857422
992,992,2.732851982116699,2.6475749015808105,0.002,2.752695240511856,0.8760836869478226,0.09347184636862949,0.15849206876009703,2.0187333822250366
993,993,2.752249002456665,2.722975015640259,0.002,2.751763633797017,0.8730308413505554,0.09455518639879301,0.15663393854629248,2.0503185093402863
994,994,2.6766505241394043,2.652895927429199,0.002,2.7508835138145775,0.8770925551652908,0.0957202372374013,0.15510594611987472,2.0467442870140076
995,995,2.691363573074341,2.692873239517212,0.002,2.7516237627583733,0.8739806711673737,0.09512525936588645,0.1553353228373453,2.1101428270339966
996,996,2.6827731132507324,2.7423810958862305,0.002,2.75047382649324,0.8813414126634598,0.09444373490987346,0.15685973886866122,2.0882327556610107
997,997,2.669686794281006,2.744617462158203,0.002,2.750104720718389,0.8784428387880325,0.09403645573183894,0.15767455438617617,2.0450335144996643
998,998,2.7004590034484863,2.776340961456299,0.002,2.749120729859414,0.8800656199455261,0.09438222349854186,0.15717569179832935,2.016863375902176
999,999,2.681406259536743,2.6373305320739746,0.002,2.7499475454557065,0.8762231469154358,0.0950641866074875,0.1563684168504551,2.0105980038642883
1000,1000,2.6295900344848633,2.7407288551330566,0.002,2.750407067370197,0.8824656456708908,0.09402039676206186,0.15701173210982233,2.036753535270691
1001,1001,2.679933547973633,2.678865432739258,0.002,2.7513860663507073,0.8766327053308487,0.09486806363565847,0.15652004338335246,2.143195390701294
1002,1002,2.642037868499756,2.6302449703216553,0.002,2.7500623953926757,0.881122037768364,0.09417113056406379,0.15656684653367847,2.1138532757759094
1003,1003,2.765758514404297,2.6867992877960205,0.002,2.561177333613592,0.8772534430027008,0.09474255965324119,0.1563044524518773,2.0983373522758484
1004,1004,2.6310019493103027,2.68507719039917,0.002,2.5805198797257725,0.885618194937706,0.09423413954209536,0.15728934202343225,2.0097356736660004
1005,1005,2.689655065536499,2.6861143112182617,0.002,2.5966851517853655,0.8835161775350571,0.09325994900427759,0.15813773567788303,2.0641881823539734
1006,1006,2.665384292602539,2.735774517059326,0.002,2.612469275926806,0.8873023688793182,0.09245793131412938,0.15885004960000515,2.0403797030448914
1007,1007,2.69320011138916,2.734255075454712,0.002,2.6266880853197003,0.8836130648851395,0.0945360041805543,0.15814477449748665,2.0635567903518677
1008,1008,2.716932773590088,2.674147605895996,0.002,2.6372611234502656,0.8890247344970703,0.09345813980326056,0.15925088012591004,2.052479326725006
1009,1009,2.675882339477539,2.722886562347412,0.002,2.6443974349299375,0.8860431164503098,0.09459743037587032,0.15876342542469501,2.05711430311203
1010,1010,2.7484805583953857,2.6340415477752686,0.002,2.654140342962194,0.8824248760938644,0.09480509458808228,0.15814165549818426,2.0343708992004395
1011,1011,2.630537986755371,2.7176225185394287,0.002,2.6625843903701956,0.9000225961208344,0.09275877429172397,0.16032727202400565,1.9523386359214783
1012,1012,2.697843551635742,2.7192561626434326,0.002,2.671328026590553,0.8878631144762039,0.09333561966195703,0.15973233815748245,2.068366527557373
1013,1013,2.6571707725524902,2.6831214427948,0.002,2.6800895039882318,0.8952942937612534,0.09314840089064091,0.15928868076298386,2.0175817906856537
1014,1014,2.6776669025421143,2.641695022583008,0.002,2.686823420545271,0.8867662996053696,0.09448356734355912,0.15799870598129928,2.0041694939136505
1015,1015,2.6816210746765137,2.6700987815856934,0.002,2.692830751408014,0.885923370718956,0.09461263404227793,0.15758840215858072,2.066102147102356
1016,1016,2.6989388465881348,2.6397318840026855,0.002,2.698883037865611,0.8959226757287979,0.09308401751331985,0.15870597178582102,2.0351806581020355
1017,1017,2.6817421913146973,2.669034957885742,0.002,2.7047456537741623,0.8918741792440414,0.09317498031305149,0.15977620414923877,2.062460422515869
1018,1018,2.7288084030151367,2.697927951812744,0.002,2.7097390084476864,0.8952026516199112,0.09410638129338622,0.15888350026216358,2.022010624408722
1019,1019,2.6800761222839355,2.6827993392944336,0.002,2.7148187909795367,0.8914228528738022,0.09514190093614161,0.1588790403911844,2.099736750125885
1020,1020,2.709007501602173,2.638519763946533,0.002,2.719109709017396,0.8977174758911133,0.09483132336754352,0.15930916648358107,2.0933759808540344
1021,1021,2.6700925827026367,2.6552658081054688,0.002,2.722820105152596,0.8971497714519501,0.09380611724918708,0.16042685008142143,2.106525182723999
1022,1022,2.667429208755493,2.629387378692627,0.002,2.7265495812100218,0.8996753096580505,0.09309983078856021,0.160082325222902,2.058387875556946
1023,1023,2.6209800243377686,2.6855556964874268,0.002,2.5413454054827835,0.8975467383861542,0.09439292794559151,0.15973499603569508,2.0139199793338776
1024,1024,2.5934457778930664,2.750241756439209,0.002,2.5615818056807336,0.895799532532692,0.09546399780083448,0.1601031213067472,2.0585240721702576
1025,1025,2.662200450897217,2.7008633613586426,0.002,2.580652704874228,0.897633895277977,0.09435571648646146,0.1608991309767589,2.0779796838760376
1026,1026,2.6318535804748535,2.642345428466797,0.002,2.5984581756107286,0.8963756859302521,0.09467224590480328,0.16005619463976473,2.070103943347931
1027,1027,2.626802444458008,2.7298331260681152,0.002,2.6143025860239804,0.9035597592592239,0.09361723199253902,0.159234551130794,2.058144688606262
1028,1028,2.6249983310699463,2.6787171363830566,0.002,2.628476757754382,0.9018190503120422,0.09375514730345458,0.16065057064406574,2.0878040194511414
1029,1029,2.6147561073303223,2.6765055656433105,0.002,2.641683861548357,0.9035281389951706,0.09334442723775283,0.16199772036634386,2.1033958792686462
1030,1030,2.674290657043457,2.657853126525879,0.002,2.653133017831448,0.9086126089096069,0.09353204286890104,0.16174848901573569,2.0271794497966766
1031,1031,2.6539969444274902,2.681344509124756,0.002,2.6637966875571952,0.9040841311216354,0.09471538825891912,0.16119193122722208,2.0040964782238007
1032,1032,2.714193105697632,2.6631546020507812,0.002,2.670984128415557,0.9035588204860687,0.09531738219084218,0.1607862755190581,2.0777976512908936
1033,1033,2.614896535873413,2.6790802478790283,0.002,2.6790042403530285,0.9048933535814285,0.09397410333622247,0.1614351412281394,2.1551135778427124
1034,1034,2.690096855163574,2.730286121368408,0.002,2.684951649609339,0.9041833728551865,0.09493624250171706,0.1604165832977742,2.16883385181427
1035,1035,2.6709182262420654,2.699856758117676,0.002,2.691789120046146,0.9079720973968506,0.09307050018105656,0.16109297808725387,2.0746507048606873
1036,1036,2.631282091140747,2.650529146194458,0.002,2.6983540183157753,0.9083776026964188,0.09444990649353713,0.160606965306215,2.1060731410980225
1037,1037,2.6871519088745117,2.6690378189086914,0.002,2.7042110310835326,0.9037351459264755,0.09495104308007285,0.16159620822872967,2.1247408390045166
1038,1038,2.6458754539489746,2.729614496231079,0.002,2.707681996747196,0.9104265719652176,0.09410222485894337,0.16296478419099003,2.031703621149063
1039,1039,2.6834194660186768,2.6171185970306396,0.002,2.712224079661025,0.9086423218250275,0.09446223027771339,0.1623728146078065,2.011877626180649
1040,1040,2.6916966438293457,2.6433825492858887,0.002,2.515355250252184,0.9122042059898376,0.094513465592172,0.16179643233772367,2.0356527268886566
1041,1041,2.652697801589966,2.700728416442871,0.002,2.538614720608395,0.9121847450733185,0.09459521947428584,0.16155894822441041,2.114985942840576
1042,1042,2.621699571609497,2.6418654918670654,0.002,2.560026466184747,0.9115523844957352,0.09384630940621719,0.1619146018056199,2.1445705890655518
1043,1043,2.7289090156555176,2.677722930908203,0.002,2.5792621616589675,0.9199421554803848,0.09228013857500628,0.16314745030831546,2.049886792898178
1044,1044,2.6583456993103027,2.663241386413574,0.002,2.596615158254568,0.9191891551017761,0.09289296733913943,0.16277073544915766,2.0274344980716705
1045,1045,2.6154165267944336,2.6196370124816895,0.002,2.6109169495619637,0.9118190556764603,0.09444697690196335,0.16265783726703376,2.1052077412605286
1046,1046,2.690051555633545,2.6904869079589844,0.002,2.6249350694674907,0.9096431732177734,0.094429753778968,0.16222501499578357,2.1399351358413696
1047,1047,2.6542654037475586,2.7220985889434814,0.002,2.636466423521454,0.9169288277626038,0.09385563468094915,0.1622307162033394,2.085068106651306
1048,1048,2.5555572509765625,2.6385254859924316,0.002,2.64636213284829,0.9132867455482483,0.09507350757485256,0.16129779268521816,2.0590893030166626
1049,1049,2.653879165649414,2.6373088359832764,0.002,2.657243513700979,0.9184039682149887,0.09220538259251043,0.1631939703365788,2.044081449508667
1050,1050,2.6449804306030273,2.546295166015625,0.002,2.6668801528545822,0.9169573038816452,0.0925699716899544,0.16372847009915859,2.096248745918274
1051,1051,2.639638900756836,2.6549644470214844,0.002,2.4872153284585314,0.9176839292049408,0.09359893103828654,0.16256418323609978,2.0935623049736023
1052,1052,2.6320884227752686,2.661315441131592,0.002,2.5145008988415896,0.9197269380092621,0.09387420758139342,0.16206357080955058,2.0959346294403076
1053,1053,2.618682861328125,2.739377498626709,0.002,2.5389456364766763,0.9223020076751709,0.09446416713763028,0.16280413628555834,2.153107523918152
1054,1054,2.7171590328216553,2.692134380340576,0.002,2.560444242588196,0.9233492016792297,0.09385123726679012,0.16385188268031925,2.170693337917328
1055,1055,2.663731098175049,2.6413629055023193,0.002,2.579437797410664,0.9212075620889664,0.0938141163205728,0.16341041785199195,2.104196071624756
1056,1056,2.6128716468811035,2.6455509662628174,0.002,2.5966305083949535,0.9164805859327316,0.09435275028226897,0.16275372309610248,2.0654460787773132
1057,1057,2.6623573303222656,2.609421730041504,0.002,2.6123835391500463,0.9287765920162201,0.09331110276980326,0.1638582757441327,2.0421631038188934
1058,1058,2.6831841468811035,2.6514077186584473,0.002,2.6267485229487275,0.9219651520252228,0.09512882767012343,0.1631197805982083,2.144597828388214
1059,1059,2.6229028701782227,2.689091920852661,0.002,2.6398070908954656,0.9248029887676239,0.09402958140708506,0.16323122382164001,2.172847867012024
1060,1060,2.63393235206604,2.6538143157958984,0.002,2.6492079160719424,0.9217682927846909,0.09393627737881616,0.16245843982324004,2.1442187428474426
1061,1061,2.6918249130249023,2.6544108390808105,0.002,2.6598631495158873,0.9323204457759857,0.09217444132082164,0.1638970752246678,2.0627347826957703
1062,1062,2.685178518295288,2.711991786956787,0.002,2.6694211837080646,0.9282029420137405,0.09233982575824484,0.16446422471199185,2.0743496417999268
1063,1063,2.633297920227051,2.669377326965332,0.002,2.6782474867072223,0.9299092888832092,0.09311179665382951,0.16509486676659435,2.084958553314209
1064,1064,2.6313223838806152,2.709265947341919,0.002,2.685961626552898,0.926813542842865,0.09403447364456952,0.16527530434541404,2.097425162792206
1065,1065,2.656425952911377,2.6138477325439453,0.002,2.6925640368593147,0.9288758486509323,0.09541686723241583,0.16474313428625464,2.1018348932266235
1066,1066,2.602658987045288,2.7049245834350586,0.002,2.698502393260613,0.9272851943969727,0.0937767286086455,0.16501375008374453,2.1135720014572144
1067,1067,2.632833957672119,2.6578259468078613,0.002,2.704235279757166,0.9286437183618546,0.09373209986370057,0.1643835511058569,2.1299344897270203
1068,1068,2.668684482574463,2.634563446044922,0.002,2.7082476798219353,0.9312691688537598,0.09351617237553,0.16477583721280098,2.130043148994446
1069,1069,2.6098599433898926,2.6279211044311523,0.002,2.7117337667351693,0.9295829832553864,0.09392321459017694,0.16486594127491117,2.1019654273986816
1070,1070,2.690870761871338,2.6633658409118652,0.002,2.7156996031047846,0.9336972087621689,0.09431782743195072,0.16595927998423576,2.0702744722366333
1071,1071,2.6041817665100098,2.6900763511657715,0.002,2.719904080878114,0.9334293305873871,0.09412346506724134,0.16657686710823327,2.048954099416733
1072,1072,2.6310672760009766,2.6164278984069824,0.002,2.7218246269120465,0.9309879094362259,0.09381964115891606,0.16599576454609632,2.060366153717041
1073,1073,2.649376392364502,2.6220812797546387,0.002,2.725550679009028,0.93234583735466,0.09480246581370011,0.1650388427078724,2.1187943816184998
1074,1074,2.6304969787597656,2.6267199516296387,0.002,2.7283015325961015,0.9365997463464737,0.09388791309902444,0.16575172077864408,2.162092089653015
1075,1075,2.5893659591674805,2.6244843006134033,0.002,2.731656119421651,0.9406599402427673,0.09361240471480414,0.16646267066244036,2.170744478702545
1076,1076,2.6510775089263916,2.607074022293091,0.002,2.733823142877227,0.9330615401268005,0.09413562522968277,0.16596179001498967,2.1410181522369385
1077,1077,2.633329391479492,2.717805862426758,0.002,2.7356551988711,0.937948614358902,0.09484198177233338,0.16619432426523417,2.072823166847229
1078,1078,2.6453170776367188,2.5532493591308594,0.002,2.7361550510371546,0.9400119930505753,0.0948560587130487,0.16669721098151058,2.1165154576301575
1079,1079,2.625457286834717,2.6079559326171875,0.002,2.7378122185722784,0.9365706890821457,0.09487326082307845,0.1665684439940378,2.1918596625328064
1080,1080,2.6303470134735107,2.644582748413086,0.002,2.7379975428357275,0.9342751353979111,0.09561451704939827,0.16510509594809264,2.2293241024017334
1081,1081,2.6686017513275146,2.5645031929016113,0.002,2.7394802714915203,0.9401419013738632,0.0941243702545762,0.1657490455545485,2.1419527530670166
1082,1082,2.670164108276367,2.630218505859375,0.002,2.739306742964317,0.9385924339294434,0.09282588196219876,0.16616876213811338,2.0553406476974487
1083,1083,2.7099413871765137,2.6799681186676025,0.002,2.738971170910075,0.9482469707727432,0.09249597537564114,0.16754402208607644,2.0235133171081543
1084,1084,2.695021152496338,2.6819441318511963,0.002,2.740166450500549,0.9480163604021072,0.09274100157199427,0.168826631619595,2.042096883058548
1085,1085,2.6392805576324463,2.572674512863159,0.002,2.742037516126557,0.9423922002315521,0.09502701344899833,0.16774570080451667,2.150921583175659
1086,1086,2.661381721496582,2.60854172706604,0.002,2.7425809747498264,0.9368587881326675,0.09539625130128115,0.16629800794180483,2.1314022541046143
1087,1087,2.647550582885742,2.6414761543273926,0.002,2.7437918888714425,0.9457637667655945,0.0947243936243467,0.16629285947419703,2.09855854511261
1088,1088,2.6209683418273926,2.672182083129883,0.002,2.7443652868541073,0.9403674304485321,0.09572316089179367,0.164592536049895,2.1798182129859924
1089,1089,2.6282567977905273,2.619415044784546,0.002,2.745773775494934,0.9464957565069199,0.09411613759584725,0.16655729257036,2.2064011096954346
1090,1090,2.5800089836120605,2.614957809448242,0.002,2.7467838936554645,0.9483298659324646,0.09340295265428722,0.16759247495792806,2.2044461369514465
1091,1091,2.657896041870117,2.6258158683776855,0.002,2.7473378530383465,0.945860743522644,0.09447185887256637,0.16709966561757028,2.1534385681152344
1092,1092,2.674206018447876,2.675217866897583,0.002,2.7465425451715157,0.9470314234495163,0.09575752349337563,0.16687700361944735,2.1195056438446045
1093,1093,2.607783794403076,2.655679225921631,0.002,2.747255825498083,0.9517110139131546,0.09365633799461648,0.16789226734545082,2.117825448513031
1094,1094,2.6480891704559326,2.6037397384643555,0.002,2.746700459175075,0.9491309523582458,0.09377971792127937,0.16767544823233038,2.17268443107605
1095,1095,2.6339306831359863,2.7218308448791504,0.002,2.747522895178345,0.948758453130722,0.09412957419408485,0.16722445841878653,2.1464412808418274
1096,1096,2.5615921020507812,2.7225637435913086,0.002,2.748203055186065,0.9454906135797501,0.09496073430636898,0.16652834857814014,2.117525041103363
1097,1097,2.5908470153808594,2.6426239013671875,0.002,2.7493986197231455,0.954757571220398,0.09277828125050291,0.16887456725817174,2.0784106850624084
1098,1098,2.5909860134124756,2.6764345169067383,0.002,2.7501145509559652,0.9497063308954239,0.09416132984915748,0.16832889546640217,2.1426010131835938
1099,1099,2.637906074523926,2.6430416107177734,0.002,2.7503577847641627,0.9588376879692078,0.09315383166540414,0.1694501688471064,2.107221245765686
1100,1100,2.6578691005706787,2.6465044021606445,0.002,2.7489741881704606,0.9577226042747498,0.09362949384376407,0.16901094117201865,2.0860284566879272
1101,1101,2.6537506580352783,2.647352695465088,0.002,2.7495315915311624,0.9544736444950104,0.09459968830924481,0.16859710752032697,2.1230764389038086
1102,1102,2.647808313369751,2.6013731956481934,0.002,2.7501167748436113,0.950541540980339,0.09506343805696815,0.16824494663160294,2.19836962223053
1103,1103,2.6587166786193848,2.573580503463745,0.002,2.7510694702814438,0.9560728222131729,0.09377055626828223,0.1690169966313988,2.145987331867218
1104,1104,2.592083692550659,2.6334471702575684,0.002,2.751476841624658,0.9601666629314423,0.09416685532778502,0.16888116160407662,2.153467118740082
1105,1105,2.6459226608276367,2.5948519706726074,0.002,2.752231649684735,0.9636592268943787,0.09237420069985092,0.17076641600579023,2.1219680309295654
1106,1106,2.5621776580810547,2.6432251930236816,0.002,2.751669940588978,0.95919369161129,0.09422963118413463,0.1695270676864311,2.164077639579773
1107,1107,2.621690273284912,2.605477809906006,0.002,2.7493142732388636,0.9599175155162811,0.09412683709524572,0.17010451306123286,2.130224585533142
1108,1108,2.621641159057617,2.648085594177246,0.002,2.749370779815315,0.9605110287666321,0.09437833918491378,0.1699470782186836,2.125498652458191
1109,1109,2.573955774307251,2.6886987686157227,0.002,2.7505060216719794,0.9567486643791199,0.095000974542927,0.16957234090659767,2.125539720058441
1110,1110,2.6294007301330566,2.6520986557006836,0.002,2.751188292924259,0.9595983028411865,0.09518149081850424,0.16866537579335272,2.127855062484741
1111,1111,2.5801169872283936,2.6603643894195557,0.002,2.7516738939646324,0.9601590186357498,0.0947306024027057,0.16892591025680304,2.153232157230377
1112,1112,2.5668842792510986,2.5363211631774902,0.002,2.7519105842497202,0.9669873416423798,0.09449957648757845,0.17029795015696436,2.1376699805259705
1113,1113,2.637420654296875,2.609091281890869,0.002,2.5627230270319683,0.9594505727291107,0.0954974630731158,0.16918396251276135,2.1646607518196106
1114,1114,2.612260580062866,2.6722545623779297,0.002,2.5799672464179366,0.9584323018789291,0.09544737741816789,0.1697798896348104,2.1588701605796814
1115,1115,2.594141721725464,2.5812113285064697,0.002,2.597286255934708,0.9618625491857529,0.09470507851801813,0.16926170454826206,2.185909330844879
1116,1116,2.6903140544891357,2.6295340061187744,0.002,2.613117816528396,0.9666074961423874,0.0945573765784502,0.16970751446206123,2.200903594493866
1117,1117,2.6858673095703125,2.645622730255127,0.002,2.6275870369466316,0.9631638079881668,0.09519340982660651,0.1701369023649022,2.192603588104248
1118,1118,2.57669734954834,2.6318912506103516,0.002,2.640215502922289,0.9658553898334503,0.09504681697580963,0.17154437093995512,2.1668877601623535
1119,1119,2.6098275184631348,2.599472999572754,0.002,2.65221365834759,0.9649933576583862,0.09550978062907234,0.17129101883620024,2.156690776348114
1120,1120,2.583268880844116,2.6383988857269287,0.002,2.6619035620690803,0.9641976952552795,0.09594483819091693,0.1703204435762018,2.185682237148285
1121,1121,2.633497714996338,2.5780067443847656,0.002,2.6711211042207705,0.9679729491472244,0.09487019648076966,0.1705877820495516,2.19285249710083
1122,1122,2.5962295532226562,2.5853941440582275,0.002,2.6790464288127014,0.9716528654098511,0.09414888208266348,0.17114792380016297,2.1162334084510803
1123,1123,2.5697760581970215,2.6465799808502197,0.002,2.684835446263144,0.9696457982063293,0.09596641600364819,0.17131691670510918,2.112086296081543
1124,1124,2.604032278060913,2.589986801147461,0.002,2.6912811100801237,0.9682512134313583,0.09528273064643145,0.17229659506119788,2.1563061475753784
1125,1125,2.6047046184539795,2.653686761856079,0.002,2.6980806783185187,0.9701915085315704,0.09581226273439825,0.17171374231111258,2.145660877227783
1126,1126,2.5947980880737305,2.6109414100646973,0.002,2.703904359113144,0.972230851650238,0.09604375547496602,0.17092518112622201,2.1789108514785767
1127,1127,2.6330764293670654,2.6058712005615234,0.002,2.7076403545312635,0.9721955955028534,0.09512643935158849,0.17123582132626325,2.2015177607536316
1128,1128,2.5991363525390625,2.5981698036193848,0.002,2.7122204048814424,0.9760735780000687,0.09478325501549989,0.1722225253470242,2.163310170173645
1129,1129,2.641613483428955,2.5833189487457275,0.002,2.7147442946977662,0.9739030450582504,0.09548882313538343,0.17242007981985807,2.14984667301178
1130,1130,2.5933961868286133,2.609982490539551,0.002,2.718636309330104,0.9775057882070541,0.09526653948705643,0.1721286631654948,2.10245281457901
1131,1131,2.6448447704315186,2.6130154132843018,0.002,2.7223197579357086,0.9720404148101807,0.09620941837783903,0.17125174589455128,2.204885423183441
1132,1132,2.593540668487549,2.5135059356689453,0.002,2.725527870701284,0.9769515246152878,0.09566611476475373,0.17130131798330694,2.176575779914856
1133,1133,2.6597530841827393,2.644008159637451,0.002,2.529374001709164,0.9733278751373291,0.09694086160743609,0.1707630215678364,2.232517421245575
1134,1134,2.576550245285034,2.6102848052978516,0.002,2.5505970865791365,0.9796690791845322,0.09576130943605676,0.17293733451515436,2.2063518166542053
1135,1135,2.578767776489258,2.6142537593841553,0.002,2.5715948980107117,0.9822399914264679,0.09466357826022431,0.17421293235383928,2.190883994102478
1136,1136,2.617647647857666,2.676881790161133,0.002,2.589217369630278,0.9723203927278519,0.09677165688481182,0.17308039357885718,2.2333393692970276
1137,1137,2.6269819736480713,2.799961566925049,0.002,2.6062956132594604,0.9785447269678116,0.0960922054364346,0.1737514096312225,2.186170279979706
1138,1138,2.6519839763641357,2.629873752593994,0.002,2.621055403424081,0.9801225960254669,0.09592987905489281,0.17357619397807866,2.2043927907943726
1139,1139,2.661226749420166,2.5953140258789062,0.002,2.6348386686327885,0.97984579205513,0.09449512499850243,0.17396423406898975,2.1875043511390686
1140,1140,2.5959055423736572,2.6292836666107178,0.002,2.6470384700769136,0.9792639911174774,0.0952709352131933,0.17366860748734325,2.142659604549408
1141,1141,2.6578073501586914,2.6134984493255615,0.002,2.658283660133978,0.9788495451211929,0.09601684653898701,0.17361234361305833,2.142301857471466
1142,1142,2.516833782196045,2.571899890899658,0.002,2.668124204318674,0.982728898525238,0.09499553125351667,0.17448159959167242,2.165143072605133
1143,1143,2.5630125999450684,2.6441543102264404,0.002,2.677068719532075,0.9793983697891235,0.09602680616080761,0.17458779260050505,2.2216206192970276
1144,1144,2.598548412322998,2.6419308185577393,0.002,2.6849253106229862,0.9836747795343399,0.09528005792526528,0.17444021510891616,2.16909396648407
1145,1145,2.618001937866211,2.6341190338134766,0.002,2.6922597382933193,0.9802862703800201,0.0967052502091974,0.17328888818155974,2.1702791452407837
1146,1146,2.7193360328674316,2.5910768508911133,0.002,2.6988497797451374,0.9858441799879074,0.09548840095521882,0.17467326624318957,2.189209997653961
1147,1147,2.620211601257324,2.605515956878662,0.002,2.705150090471634,0.98341004550457,0.09569117735372856,0.17511661013122648,2.2440147399902344
1148,1148,2.6527113914489746,2.6142446994781494,0.002,2.710332416056903,0.9845297038555145,0.09540838468819857,0.17522034258581698,2.197774291038513
1149,1149,2.653538703918457,2.6170315742492676,0.002,2.7126742584533505,0.9861138612031937,0.09516504622297361,0.17511007096618414,2.17003333568573
1150,1150,2.5572509765625,2.615440845489502,0.002,2.716418698887695,0.991887241601944,0.09447983227437362,0.1760125441942364,2.1483407020568848
1151,1151,2.636735200881958,2.6308679580688477,0.002,2.7206552335878906,0.987912580370903,0.09510451403912157,0.1756149553693831,2.191990554332733
1152,1152,2.6450259685516357,2.594813823699951,0.002,2.724163004311722,0.9857287555932999,0.09643692790996283,0.17466033657547086,2.2324061393737793
1153,1153,2.5879645347595215,2.6438677310943604,0.002,2.727888110199805,0.9896805584430695,0.09523932007141411,0.17538968694861978,2.1594277024269104
1154,1154,2.5894534587860107,2.6272971630096436,0.002,2.7304793781730985,0.9894341081380844,0.09564705181401223,0.17480782105121762,2.1568360328674316
1155,1155,2.6124091148376465,2.5963995456695557,0.002,2.73142984060321,0.991696909070015,0.09492721798596904,0.17564081447198987,2.1769188046455383
1156,1156,2.568531036376953,2.6281919479370117,0.002,2.733930626934339,0.9928431361913681,0.09504042170010507,0.17585998272988945,2.2295238971710205
1157,1157,2.618264675140381,2.6563658714294434,0.002,2.7363267717354924,0.9869963973760605,0.09619974432280287,0.17523326049558818,2.232505679130554
1158,1158,2.5969464778900146,2.617656707763672,0.002,2.7383624581937402,0.9903134256601334,0.09621919610071927,0.17458752065431327,2.2165783643722534
1159,1159,2.6674442291259766,2.5830750465393066,0.002,2.74030994953236,0.9901148527860641,0.09596215945202857,0.17501000000629574,2.2277534008026123
1160,1160,2.5772080421447754,2.586268901824951,0.002,2.741463365968196,0.9947818517684937,0.09482877992559224,0.17712392436806113,2.2142218351364136
1161,1161,2.6232192516326904,2.5772793292999268,0.002,2.741227443875558,0.990533709526062,0.09527103806613013,0.17755245976150036,2.208727240562439
1162,1162,2.6244711875915527,2.6508278846740723,0.002,2.7397170418186825,0.9897999316453934,0.0959978646133095,0.1766414534067735,2.21642404794693
1163,1163,2.5644168853759766,2.572422504425049,0.002,2.7381611206076797,0.9994862377643585,0.09472906251903623,0.17757015489041805,2.1432939171791077
1164,1164,2.5791125297546387,2.6706647872924805,0.002,2.7392258417118382,0.9945047795772552,0.0951882578083314,0.17694332310929894,2.2091145515441895
1165,1165,2.597222328186035,2.6161954402923584,0.002,2.7412068447555753,0.9940474182367325,0.09577363380230963,0.1766440833453089,2.269727349281311
1166,1166,2.611279010772705,2.6057851314544678,0.002,2.7406791090397387,0.9929315894842148,0.09621241682907566,0.17625123751349747,2.290267527103424
1167,1167,2.615539073944092,2.6424365043640137,0.002,2.7413269227020707,0.9969515651464462,0.09570581064326689,0.1762809850042686,2.2364227771759033
1168,1168,2.6196107864379883,2.6368138790130615,0.002,2.7427194683266873,0.9984108209609985,0.09646279085427523,0.17647237004712224,2.179890811443329
1169,1169,2.585529327392578,2.5465188026428223,0.002,2.742865033342406,0.9977749735116959,0.09595476696267724,0.17805350036360323,2.142215371131897
1170,1170,2.6251368522644043,2.6057040691375732,0.002,2.7442518128146576,0.9979388266801834,0.09534176142187789,0.17810528096742928,2.1482855677604675
1171,1171,2.5745906829833984,2.62253737449646,0.002,2.7453011009878425,0.9938684552907944,0.09739018516847864,0.17678236577194184,2.2224270701408386
1172,1172,2.6096677780151367,2.5453414916992188,0.002,2.744787211081865,0.9973370134830475,0.09727143042255193,0.17660365265328437,2.2517762184143066
1173,1173,2.580688953399658,2.662097454071045,0.002,2.7460123849234135,1.004641517996788,0.09671896346844733,0.17679034417960793,2.267176389694214
1174,1174,2.631438732147217,2.628633499145508,0.002,2.7468124985509945,1.002395123243332,0.09727534186095,0.176206816569902,2.3390774726867676
1175,1175,2.6018178462982178,2.605848550796509,0.002,2.7477509766059747,0.9986903518438339,0.09739832993363962,0.17716428637504578,2.2920750975608826
1176,1176,2.6022891998291016,2.6307787895202637,0.002,2.748597245982317,1.0048644542694092,0.09689953149063513,0.17912660737056285,2.1742538809776306
1177,1177,2.605466842651367,2.6850697994232178,0.002,2.749842735234777,1.0037190467119217,0.09669795451918617,0.17918316193390638,2.157041549682617
1178,1178,2.624063730239868,2.5783181190490723,0.002,2.750829407665646,1.0019919723272324,0.09721607877872884,0.17976558534428477,2.157008945941925
1179,1179,2.634087085723877,2.596208333969116,0.002,2.7515761616302723,0.9982325434684753,0.09736423176946118,0.17936333594843745,2.196037173271179
1180,1180,2.5862228870391846,2.646152973175049,0.002,2.751952519604058,0.9988075196743011,0.09750764886848629,0.17808351712301373,2.228540360927582
1181,1181,2.641420841217041,2.596419334411621,0.002,2.752701923347918,1.0033737272024155,0.09675610181875527,0.17796611483208835,2.246291399002075
1182,1182,2.5491578578948975,2.6435189247131348,0.002,2.7523636576738437,1.0037700533866882,0.0972802882315591,0.17846825462765992,2.25934374332428
1183,1183,2.5944759845733643,2.6292028427124023,0.002,2.75107008722813,1.0072976648807526,0.09615820529870689,0.17991055897437036,2.2236652970314026
1184,1184,2.5453386306762695,2.628718852996826,0.002,2.7513687947497782,1.0101377964019775,0.09638530452502891,0.1804460089188069,2.22836571931839
1185,1185,2.734727382659912,2.6078860759735107,0.002,2.750303229956237,1.0075494050979614,0.09579390793805942,0.18072853004559875,2.206190586090088
1186,1186,2.586535692214966,2.6421680450439453,0.002,2.7501330906979238,1.0046463310718536,0.09736052667722106,0.17975131375715137,2.2543736696243286
1187,1187,2.624166965484619,2.619441270828247,0.002,2.7492754013351033,1.0102717280387878,0.09625895967474207,0.1798550058156252,2.2456265091896057
1188,1188,2.6274147033691406,2.6144778728485107,0.002,2.7494070605858467,1.0112380385398865,0.09610614093253389,0.17991788417566568,2.2764374017715454
1189,1189,2.662179946899414,2.552154302597046,0.002,2.750302068646346,1.0110532343387604,0.09567446360597387,0.17991982714738697,2.2604219913482666
1190,1190,2.685023784637451,2.580522060394287,0.002,2.750891589691791,1.0088021159172058,0.09572330600349233,0.17999062093440443,2.2189950346946716
1191,1191,2.6027183532714844,2.5832958221435547,0.002,2.7518106297744147,1.011380672454834,0.0958802432869561,0.18081976263783872,2.221345841884613
1192,1192,2.5239367485046387,2.6036272048950195,0.002,2.7523247147263494,1.0075330436229706,0.09599337732652202,0.1809680436272174,2.2408201694488525
1193,1193,2.566445827484131,2.5852136611938477,0.002,2.7528048857788616,1.0129164159297943,0.09582366223912686,0.1805726506281644,2.229664444923401
1194,1194,2.60825777053833,2.595958709716797,0.002,2.753142486003691,1.0097240805625916,0.09710300748702139,0.17938775988295674,2.236240327358246
1195,1195,2.611374855041504,2.5791678428649902,0.002,2.7518925290063065,1.0153805613517761,0.0953344238223508,0.18057318043429404,2.198869526386261
1196,1196,2.618948459625244,2.6376218795776367,0.002,2.7521324518893997,1.0064701586961746,0.09703294705832377,0.17955484823323786,2.279017150402069
1197,1197,2.5892691612243652,2.638833999633789,0.002,2.7526362232214745,1.013003796339035,0.09600901923840865,0.1808081034105271,2.2474364042282104
1198,1198,2.6006362438201904,2.572523593902588,0.002,2.7529611891028574,1.0160475969314575,0.095002670888789,0.18178754579275846,2.258663296699524
1199,1199,2.594871997833252,2.5716686248779297,0.002,2.7536562849673247,1.017641842365265,0.09551005210960284,0.18243093916680664,2.2035141587257385
1200,1200,2.5910916328430176,2.568448305130005,0.002,2.753449471792117,1.0131840705871582,0.09626660565845668,0.18174577434547246,2.236966371536255
1201,1201,2.594849109649658,2.610929250717163,0.002,2.7539473528927676,1.0152062475681305,0.09622755041345954,0.18114702799357474,2.229766011238098
1202,1202,2.6077523231506348,2.631438970565796,0.002,2.7538656259500605,1.0104252099990845,0.09683598659466952,0.17980959685519338,2.292316973209381
1203,1203,2.5536322593688965,2.640191078186035,0.002,2.752883035462504,1.0204470753669739,0.09592048922786489,0.18230111338198185,2.252687394618988
1204,1204,2.583568572998047,2.5749382972717285,0.002,2.752766072378004,1.0134775042533875,0.09757917246315628,0.18126907583791763,2.272748112678528
1205,1205,2.6232192516326904,2.605556011199951,0.002,2.753180239767529,1.0182308852672577,0.09695092868059874,0.18144884065259248,2.2172573804855347
1206,1206,2.589303731918335,2.6008307933807373,0.002,2.7534322327826226,1.0214423835277557,0.09546326188137755,0.18204813380725682,2.198940694332123
1207,1207,2.6053528785705566,2.5539450645446777,0.002,2.753234211836233,1.0132108330726624,0.09727580909384415,0.18060502887237817,2.288387894630432
1208,1208,2.5876758098602295,2.5537803173065186,0.002,2.753053270548185,1.0217582285404205,0.0960263813030906,0.18145301833283156,2.215276598930359
1209,1209,2.662846088409424,2.6274783611297607,0.002,2.752579875146166,1.0173334777355194,0.0973544180742465,0.18132082419469953,2.244558572769165
1210,1210,2.5906338691711426,2.711453437805176,0.002,2.752817644799248,1.0246769785881042,0.09526390355313197,0.18400933651719242,2.1999892592430115
1211,1211,2.6357388496398926,2.586965560913086,0.002,2.7534487753203973,1.0168542861938477,0.09702734072925523,0.182950854068622,2.2837038040161133
1212,1212,2.5590591430664062,2.595651149749756,0.002,2.7536771918709784,1.0262194573879242,0.09658400306943804,0.18408546561840922,2.2378205060958862
1213,1213,2.563713550567627,2.611480236053467,0.002,2.7541577736448266,1.023018628358841,0.09704843413783237,0.18396143603604287,2.2359206080436707
1214,1214,2.5790505409240723,2.566145896911621,0.002,2.754665842422125,1.0186785459518433,0.0977630028501153,0.18346046668011695,2.2990223169326782
1215,1215,2.5783421993255615,2.55733060836792,0.002,2.754963850868669,1.018373727798462,0.0981023766216822,0.18301811651326716,2.3101946115493774
1216,1216,2.578217029571533,2.5965542793273926,0.002,2.754587623731722,1.0235680043697357,0.09761886380147189,0.18337818689178675,2.2861271500587463
1217,1217,2.6199889183044434,2.6014907360076904,0.002,2.7551858333396706,1.0252614617347717,0.09714133362285793,0.1837842270033434,2.3014758825302124
1218,1218,2.6321935653686523,2.6023123264312744,0.002,2.755454269339612,1.0227118730545044,0.09678646922111511,0.18363049172330648,2.275202453136444
1219,1219,2.5952937602996826,2.5323140621185303,0.002,2.755811334628193,1.0224635601043701,0.09754057828104123,0.1827796968864277,2.2264841198921204
1220,1220,2.5742857456207275,2.5584893226623535,0.002,2.754764209966164,1.0286001563072205,0.09742938046110794,0.18391527351923287,2.2074393033981323
1221,1221,2.72186017036438,2.653660774230957,0.002,2.754831045970525,1.023242324590683,0.09847110597183928,0.1837238686857745,2.279985189437866
1222,1222,2.5252997875213623,2.587217092514038,0.002,2.7539215274501254,1.0296178460121155,0.09652500337688252,0.18467635149136186,2.229369342327118
1223,1223,2.592374801635742,2.792046308517456,0.002,2.7528115492419203,1.027818888425827,0.09715544246137142,0.18349525681696832,2.252829611301422
1224,1224,2.565080165863037,2.577277183532715,0.002,2.752432967074419,1.0268429815769196,0.09725575160700828,0.18402879498898983,2.2800053358078003
1225,1225,2.5983848571777344,2.612847089767456,0.002,2.7527930080806633,1.0279318988323212,0.09654996416065842,0.18498104391619563,2.260260581970215
1226,1226,2.570270299911499,2.6606853008270264,0.002,2.753049865556472,1.0271589756011963,0.09820495074382052,0.18412891018670052,2.274302065372467
1227,1227,2.581157684326172,2.549471855163574,0.002,2.7528862699369663,1.0269114077091217,0.09834902221336961,0.18415380432270467,2.2860456109046936
1228,1228,2.578383684158325,2.5768747329711914,0.002,2.753007177910163,1.0312670171260834,0.0971713017206639,0.1840786290122196,2.3137959837913513
1229,1229,2.549280881881714,2.5470991134643555,0.002,2.7526797103033713,1.026124268770218,0.09801689541200176,0.18405010167043656,2.38264536857605
1230,1230,2.6008739471435547,2.639409065246582,0.002,2.7530735442783207,1.0286166965961456,0.09715829725610092,0.1852612216025591,2.3441020846366882
1231,1231,2.659634590148926,2.6508636474609375,0.002,2.751522360941657,1.0296722948551178,0.09809986600885168,0.18496714858338237,2.3053166270256042
1232,1232,2.6202926635742188,2.569647789001465,0.002,2.7517654765220008,1.0310293138027191,0.09620079782325774,0.1859328388236463,2.246561348438263
1233,1233,2.5532126426696777,2.507411241531372,0.002,2.7519886444786787,1.0280930995941162,0.09843903197906911,0.1853005646262318,2.2829394936561584
1234,1234,2.6146631240844727,2.6002960205078125,0.002,2.5625084447232847,1.03791543841362,0.09749215503688902,0.18695061467587948,2.260968565940857
1235,1235,2.5735225677490234,2.558164596557617,0.002,2.5820927671421026,1.0289900302886963,0.09840192215051502,0.1865560756996274,2.305947184562683
1236,1236,2.5593624114990234,2.545592784881592,0.002,2.5994540535961224,1.03120157122612,0.09851244883611798,0.1866222535027191,2.318535327911377
1237,1237,2.5725436210632324,2.6223838329315186,0.002,2.615396358912573,1.0315254926681519,0.09777910338016227,0.18659567460417747,2.3028663396835327
1238,1238,2.6088125705718994,2.6223196983337402,0.002,2.629789330701589,1.033694088459015,0.09821428655413911,0.18626385042443871,2.3084778785705566
1239,1239,2.5412960052490234,2.645887851715088,0.002,2.6423127055266074,1.038271576166153,0.09693568537477404,0.18719256471376866,2.2821245789527893
1240,1240,2.591435432434082,2.5411481857299805,0.002,2.653659098632178,1.0333566069602966,0.09807017527054995,0.18592051637824625,2.335189402103424
1241,1241,2.589779853820801,2.5387802124023438,0.002,2.664321662113884,1.0284501016139984,0.0974720167578198,0.18538291822187603,2.317579448223114
1242,1242,2.5530261993408203,2.5904717445373535,0.002,2.672503213057773,1.036268174648285,0.09745633113197982,0.18625971674919128,2.2656014561653137
1243,1243,2.5967113971710205,2.5641181468963623,0.002,2.680301208520577,1.0308876037597656,0.09731655073119327,0.18533837341237813,2.290778934955597
1244,1244,2.612358331680298,2.5347647666931152,0.002,2.682173394270902,1.0325684249401093,0.09850450785597786,0.18587998067960143,2.304991602897644
1245,1245,2.582005500793457,2.6107611656188965,0.002,2.688065732690386,1.0354943573474884,0.09722116217017174,0.18722116632852703,2.2938714623451233
1246,1246,2.598367214202881,2.5688462257385254,0.002,2.6951485124132484,1.0388628840446472,0.09675633377628401,0.18823007331229746,2.2393122911453247
1247,1247,2.595700979232788,2.6131842136383057,0.002,2.699607225362296,1.0372790098190308,0.09834724670508876,0.1879703375743702,2.256385624408722
1248,1248,2.641091823577881,2.516261339187622,0.002,2.7043155550251012,1.0344018340110779,0.09761287103174254,0.18821719475090504,2.3386483788490295
1249,1249,2.583564281463623,2.578795909881592,0.002,2.7098363226990205,1.0413300096988678,0.09640143252909184,0.18873597448691726,2.35765677690506
1250,1250,2.529967784881592,2.5642142295837402,0.002,2.7128046617076786,1.0386688113212585,0.0973519739927724,0.18755200051236898,2.3789737224578857
1251,1251,2.5702290534973145,2.6888179779052734,0.002,2.716834478125459,1.0317997336387634,0.09817462059436366,0.18699371861293912,2.402676820755005
1252,1252,2.551208019256592,2.593842029571533,0.002,2.7208702338839057,1.0358440279960632,0.09711993223754689,0.1882045811507851,2.3945427536964417
1253,1253,2.5902786254882812,2.5904338359832764,0.002,2.7246654469266627,1.0367404222488403,0.09798794379457831,0.18850163440220058,2.406289219856262
1254,1254,2.6605918407440186,2.5610151290893555,0.002,2.727736698650892,1.0375190377235413,0.0983959314180538,0.18824594526086003,2.369349956512451
1255,1255,2.5784261226654053,2.646101474761963,0.002,2.731355301078388,1.0375536382198334,0.09773142705671489,0.1878370299236849,2.3203397393226624
1256,1256,2.6078290939331055,2.6416144371032715,0.002,2.7342361889714013,1.0437293350696564,0.0966464361990802,0.18919345643371344,2.270101249217987
1257,1257,2.6277976036071777,2.6098711490631104,0.002,2.7359692072269226,1.0425027012825012,0.0974427656037733,0.18894605280365795,2.275903880596161
1258,1258,2.4779725074768066,2.6374614238739014,0.002,2.737942303496077,1.0390839874744415,0.09724783606361598,0.18865284498315305,2.270890951156616
1259,1259,2.5725812911987305,2.596848487854004,0.002,2.7400155302014184,1.0446668565273285,0.09697669430170208,0.18972716701682657,2.28215354681015
1260,1260,2.596726417541504,2.617213249206543,0.002,2.741220720944083,1.0450919568538666,0.09704327472718433,0.18941273726522923,2.300391674041748
1261,1261,2.5473978519439697,2.6017212867736816,0.002,2.7413132047776236,1.0446170270442963,0.09698730189120397,0.18998852174263448,2.28543221950531
1262,1262,2.5759010314941406,2.585576295852661,0.002,2.7423014978573295,1.0416733026504517,0.09791169030359015,0.1896098389988765,2.328596770763397
1263,1263,2.548173666000366,2.59857177734375,0.002,2.7441085896009296,1.0440033972263336,0.09780642320401967,0.18975430773571134,2.3439525365829468
1264,1264,2.5266990661621094,2.614240884780884,0.002,2.74493443815921,1.0400562286376953,0.09852858807425946,0.18954040214885026,2.3921913504600525
1265,1265,2.6271865367889404,2.5685629844665527,0.002,2.746161291452281,1.0517579317092896,0.09702495415695012,0.19093965645879507,2.3090129494667053
1266,1266,2.6080241203308105,2.5820016860961914,0.002,2.747232110408897,1.049892634153366,0.09616195666603744,0.19085643824655563,2.2697156071662903
1267,1267,2.577493667602539,2.5470428466796875,0.002,2.7485417567355053,1.046360343694687,0.09838607063284144,0.19055323605425656,2.303480088710785
1268,1268,2.610572338104248,2.5600266456604004,0.002,2.749680439385068,1.046248584985733,0.09744923381367698,0.19091790192760527,2.326462149620056
1269,1269,2.569706439971924,2.678889036178589,0.002,2.750848317448566,1.0488128364086151,0.09649221779545769,0.19202051183674484,2.3136048913002014
1270,1270,2.595423460006714,2.613138198852539,0.002,2.7511986634069046,1.0451809465885162,0.09825868211919442,0.19119207782205194,2.308037579059601
1271,1271,2.521465301513672,2.5185608863830566,0.002,2.751829716761326,1.0486410558223724,0.09632632957072929,0.19149179651867598,2.2747799158096313
1272,1272,2.5395584106445312,2.609252452850342,0.002,2.7523550137532498,1.0445018112659454,0.09717363573145121,0.19126017892267555,2.2846601009368896
1273,1273,2.5822510719299316,2.5961756706237793,0.002,2.75233878564481,1.0507671535015106,0.09602540388004854,0.19278792571276426,2.301801562309265
1274,1274,2.5363402366638184,2.6602978706359863,0.002,2.7525357197252402,1.0512635111808777,0.09566387784434482,0.19277440942823887,2.320831298828125
1275,1275,2.5659842491149902,2.5942912101745605,0.002,2.7532081842269576,1.0472179055213928,0.09699936577817425,0.19253012246917933,2.329921066761017
1276,1276,2.5958499908447266,2.5872740745544434,0.002,2.753677120344445,1.0506831109523773,0.09692625544266775,0.19232599914539605,2.3163087964057922
1277,1277,2.590366840362549,2.581256151199341,0.002,2.7539225799075933,1.0463663041591644,0.09698261233279482,0.1914245131192729,2.378331243991852
1278,1278,2.59676194190979,2.5646417140960693,0.002,2.7541954061963647,1.0498327612876892,0.09745114255929366,0.19094580109231174,2.3624731302261353
1279,1279,2.531320571899414,2.681523323059082,0.002,2.7527391727095805,1.0501188039779663,0.0980050404323265,0.1907075527124107,2.388722836971283
1280,1280,2.48236346244812,2.571971893310547,0.002,2.7519461510379477,1.0455225706100464,0.09751210769172758,0.19134599447716027,2.412703275680542
1281,1281,2.5913219451904297,2.6012163162231445,0.002,2.7516280215933255,1.0529629588127136,0.09578603436239064,0.1914735573809594,2.3788177967071533
1282,1282,2.555589437484741,2.6248655319213867,0.002,2.751447170890315,1.0530111193656921,0.09679773065727204,0.1915619644569233,2.334157645702362
1283,1283,2.5789716243743896,2.6807398796081543,0.002,2.7503564815524215,1.0502749681472778,0.09690340800443664,0.19112755719106644,2.296509623527527
1284,1284,2.5362424850463867,2.5220963954925537,0.002,2.7505706180537666,1.051081120967865,0.095448108157143,0.19198385311756283,2.276453733444214
1285,1285,2.591094970703125,2.592024803161621,0.002,2.751338326221254,1.0554446280002594,0.09525270597077906,0.19240046537015587,2.2825466990470886
1286,1286,2.5738959312438965,2.586759567260742,0.002,2.7517586724175995,1.0526307821273804,0.09805035957833752,0.19138219370506704,2.318723142147064
1287,1287,2.556095600128174,2.5812935829162598,0.002,2.7521926987341563,1.052168995141983,0.0975559992948547,0.19186860951595008,2.353441536426544
1288,1288,2.5383923053741455,2.5772411823272705,0.002,2.752923013605341,1.0526166260242462,0.09702788305003196,0.19206741638481617,2.4113524556159973
1289,1289,2.512901782989502,2.5651602745056152,0.002,2.752650194246075,1.057557761669159,0.09597160603152588,0.1930079924641177,2.382714629173279
1290,1290,2.644965648651123,2.5530130863189697,0.002,2.7519891292833716,1.0552003681659698,0.09794055722886696,0.19302010617684573,2.3837408423423767
1291,1291,2.5827226638793945,2.6339845657348633,0.002,2.751971904531846,1.0581434667110443,0.09586440515704453,0.1948762396350503,2.3423191905021667
1292,1292,2.5826826095581055,2.5294313430786133,0.002,2.7523540163634728,1.0524634420871735,0.09788784268312156,0.19478132086806,2.3963367342948914
1293,1293,2.6453475952148438,2.5980844497680664,0.002,2.753065461094245,1.0566714107990265,0.09622990811476484,0.195449743187055,2.3161383867263794
1294,1294,2.557366132736206,2.564351797103882,0.002,2.753428918322009,1.0560418367385864,0.09733285935362801,0.19527829624712467,2.3174036145210266
1295,1295,2.5566954612731934,2.635664701461792,0.002,2.7538456967446514,1.0558237135410309,0.09786214423365891,0.19471885822713375,2.3582417964935303
1296,1296,2.6045994758605957,2.584376573562622,0.002,2.7539940091464534,1.05137899518013,0.09785463270964101,0.19409833708778024,2.4049965143203735
1297,1297,2.5320777893066406,2.601954221725464,0.002,2.754377798368078,1.0558236837387085,0.09722305426839739,0.19443580054212362,2.4033520817756653
1298,1298,2.588613986968994,2.596153974533081,0.002,2.754442872334466,1.0603766441345215,0.09549096249975264,0.1951492172665894,2.3375726342201233
1299,1299,2.536464214324951,2.511246681213379,0.002,2.7549810346151062,1.0560729205608368,0.09768346860073507,0.194515640148893,2.333616018295288
1300,1300,2.600830078125,2.6258628368377686,0.002,2.755150748221263,1.0617217421531677,0.09657789953052998,0.19563907594420016,2.3024593591690063
1301,1301,2.55935001373291,2.5748038291931152,0.002,2.7554888999587286,1.058977872133255,0.09654800355201587,0.19623548397794366,2.329019546508789
1302,1302,2.5950801372528076,2.6226272583007812,0.002,2.7556433582075575,1.0564472675323486,0.09625127690378577,0.19535247865132987,2.3567402362823486
1303,1303,2.625185966491699,2.5871806144714355,0.002,2.7558572894252085,1.060458779335022,0.09595925378380343,0.19586103642359376,2.3782255053520203
1304,1304,2.570873498916626,2.5384933948516846,0.002,2.7562342901957666,1.0637136697769165,0.09672952123219147,0.19614571856800467,2.3571970462799072
1305,1305,2.587942361831665,2.566971778869629,0.002,2.75650897351613,1.0613232851028442,0.09537144168280065,0.19659730733837932,2.320030927658081
1306,1306,2.5395007133483887,2.7099316120147705,0.002,2.756426454640205,1.0592125356197357,0.09699648257810622,0.195867752074264,2.397640645503998
1307,1307,2.6039834022521973,2.621774435043335,0.002,2.7544359910588985,1.0566089153289795,0.09697333310032263,0.1947324579814449,2.4345202445983887
1308,1308,2.590306043624878,2.583425521850586,0.002,2.754250895392122,1.0593173205852509,0.0960578751983121,0.19516634021420032,2.424439013004303
1309,1309,2.534708023071289,2.601468086242676,0.002,2.754494169484707,1.0650191903114319,0.0959944594069384,0.19602515129372478,2.3498690128326416
1310,1310,2.5818119049072266,2.5466527938842773,0.002,2.7527863711597287,1.065170407295227,0.09568768867757171,0.1969139709835872,2.3026588559150696
1311,1311,2.588035821914673,2.5813698768615723,0.002,2.752755339091013,1.0629924833774567,0.09652248077327386,0.19652005191892385,2.259280562400818
1312,1312,2.5473685264587402,2.554197072982788,0.002,2.7538209890406846,1.064603567123413,0.09649176226230338,0.1961270336760208,2.262668490409851
1313,1313,2.5565295219421387,2.550339460372925,0.002,2.7540952298582018,1.063400775194168,0.09688387787900865,0.19615631795022637,2.358281970024109
1314,1314,2.5675816535949707,2.584628105163574,0.002,2.7544579570298695,1.0623304843902588,0.09551377780735493,0.19619186606723815,2.4329395294189453
1315,1315,2.5821657180786133,2.6277565956115723,0.002,2.7546570246580573,1.0601344406604767,0.09683174086967483,0.1949528802651912,2.459810197353363
1316,1316,2.593742847442627,2.5347936153411865,0.002,2.75484165035206,1.0682104229927063,0.09568750084144995,0.19636959966737777,2.4085159301757812
1317,1317,2.6580631732940674,2.549912214279175,0.002,2.7547332009980496,1.058643251657486,0.09655602212296799,0.19627809419762343,2.4405762553215027
1318,1318,2.563305139541626,2.537419319152832,0.002,2.7553026028257173,1.0664549767971039,0.09552562376484275,0.1979169057449326,2.393570303916931
1319,1319,2.611766815185547,2.5752391815185547,0.002,2.7551507852781865,1.0615798234939575,0.09632366168079898,0.19716397381853312,2.3980644941329956
1320,1320,2.5723133087158203,2.523441791534424,0.002,2.7535822803327834,1.0655260682106018,0.09702605090569705,0.19708423456177115,2.4093523025512695
1321,1321,2.5957272052764893,2.580162525177002,0.002,2.7537400085442068,1.067139595746994,0.09629582078196108,0.19720802165102214,2.397540509700775
1322,1322,2.60711932182312,2.594569683074951,0.002,2.753689374409096,1.0638589262962341,0.09779065853217617,0.19662941130809486,2.4565317630767822
1323,1323,2.532193183898926,2.5401718616485596,0.002,2.7541391880307966,1.0711208879947662,0.09526421804912388,0.19735589250922203,2.409397006034851
1324,1324,2.6384758949279785,2.6685147285461426,0.002,2.754354285781125,1.0605929791927338,0.09760363184614107,0.19661752553656697,2.4354376196861267
1325,1325,2.514927625656128,2.550748348236084,0.002,2.7547775568563004,1.0668397545814514,0.09774334059329703,0.19780206063296646,2.392753005027771
1326,1326,2.548647880554199,2.5826563835144043,0.002,2.7552488382354263,1.0657543241977692,0.09671822015661746,0.19800957466941327,2.3639466762542725
1327,1327,2.57255220413208,2.663367986679077,0.002,2.755722291370906,1.062882423400879,0.09759903966914862,0.19660586037207395,2.398244082927704
1328,1328,2.566277027130127,2.5865089893341064,0.002,2.755838650262145,1.0693741142749786,0.096000156190712,0.19754643191117793,2.377705991268158
1329,1329,2.5426206588745117,2.6159725189208984,0.002,2.75604618092592,1.0699700117111206,0.09754533914383501,0.19884979876223952,2.3954753279685974
1330,1330,2.5432214736938477,2.5604095458984375,0.002,2.7555894876553735,1.0664080083370209,0.09745644411304966,0.19939676253125072,2.383085608482361
1331,1331,2.5717673301696777,2.5871667861938477,0.002,2.7557628654893493,1.0679002404212952,0.0968435347895138,0.1997819570824504,2.3657007813453674
1332,1332,2.553985834121704,2.5353803634643555,0.002,2.7540516731583984,1.0678558051586151,0.09829062194330618,0.19957681384403259,2.3569538593292236
1333,1333,2.535442352294922,2.5739030838012695,0.002,2.7540560408094517,1.0640226602554321,0.09785879688570276,0.199462850112468,2.406265079975128
1334,1334,2.516089916229248,2.5147817134857178,0.002,2.7545759256163724,1.0682788491249084,0.09704036754556,0.2008584471186623,2.4139878153800964
1335,1335,2.534745216369629,2.5617291927337646,0.002,2.7544280704981565,1.070447951555252,0.09731690143235028,0.2012586073251441,2.4080586433410645
1336,1336,2.5641329288482666,2.5813002586364746,0.002,2.7546733048323406,1.078378826379776,0.09563519177027047,0.20274107868317515,2.3503613471984863
1337,1337,2.5259971618652344,2.558396816253662,0.002,2.754985335394071,1.0758386254310608,0.09518247604137287,0.20276715676300228,2.3656526803970337
1338,1338,2.5550923347473145,2.6378073692321777,0.002,2.754467121780521,1.06889209151268,0.09635083843022585,0.20231390045955777,2.3836493492126465
1339,1339,2.5615718364715576,2.6395528316497803,0.002,2.7534487542056842,1.0742965042591095,0.09575738187413663,0.20160946063697338,2.353147804737091
1340,1340,2.5864644050598145,2.5900073051452637,0.002,2.7535657954895596,1.0735918581485748,0.09662622580071911,0.20022436161525548,2.4119568467140198
1341,1341,2.564591884613037,2.562668800354004,0.002,2.7540219483556383,1.074601411819458,0.0959148884867318,0.2002276493003592,2.4398383498191833
1342,1342,2.597259044647217,2.560554265975952,0.002,2.752634893650209,1.075876921415329,0.09528178779873997,0.1999388780677691,2.4002546072006226
1343,1343,2.5778613090515137,2.5765764713287354,0.002,2.7524937398264617,1.072718620300293,0.09726264956407249,0.20013447711244226,2.361100435256958
1344,1344,2.5430402755737305,2.5273451805114746,0.002,2.7506285878096284,1.0709359645843506,0.09614792460342869,0.2007098002359271,2.319860577583313
1345,1345,2.5441956520080566,2.510006904602051,0.002,2.7469865252351693,1.0736145973205566,0.09617383714066818,0.20067835587542504,2.34935063123703
1346,1346,2.646111488342285,2.5441861152648926,0.002,2.745635546487673,1.0730166733264923,0.09701095765922219,0.20082993037067354,2.3923040628433228
1347,1347,2.5765867233276367,2.565117835998535,0.002,2.746183439768115,1.0712815523147583,0.0966849242686294,0.20149871916510165,2.4390260577201843
1348,1348,2.5407795906066895,2.609639883041382,0.002,2.7454350450368894,1.0754803717136383,0.09549241291824728,0.20101564773358405,2.439502239227295
1349,1349,2.5516231060028076,2.559635639190674,0.002,2.7442499627623613,1.0792903006076813,0.09600629383930936,0.2015657378360629,2.4130616784095764
1350,1350,2.540853500366211,2.549161911010742,0.002,2.743488459426233,1.0784481465816498,0.09589855012018234,0.2015295815654099,2.365752935409546
1351,1351,2.5630435943603516,2.465451717376709,0.002,2.7423530028790104,1.077395737171173,0.09618890029378235,0.20279339083936065,2.3559438586235046
1352,1352,2.5840210914611816,2.6201562881469727,0.002,2.5446047543056087,1.0727269351482391,0.09697312500793487,0.2028146708616987,2.4063028693199158
1353,1353,2.575291633605957,2.6228113174438477,0.002,2.563868113250124,1.0795339345932007,0.09660490782698616,0.20338224642910063,2.3783390522003174
1354,1354,2.5921120643615723,2.593722343444824,0.002,2.5788295278507185,1.0766246616840363,0.0972833473351784,0.20338755240663886,2.386632263660431
1355,1355,2.531177043914795,2.577660083770752,0.002,2.5934835717395357,1.0761309266090393,0.09746516332961619,0.20348727249074727,2.401741862297058
1356,1356,2.577700614929199,2.5546698570251465,0.002,2.609424783156878,1.0778535902500153,0.09782215463928878,0.20410223805811256,2.393503725528717
1357,1357,2.6127233505249023,2.5615665912628174,0.002,2.6241588671950145,1.0758254826068878,0.09664210624760017,0.20414985623210669,2.3976053595542908
1358,1358,2.561344623565674,2.552943229675293,0.002,2.6380490176716855,1.0731171369552612,0.09951464156620204,0.2033535053487867,2.424504816532135
1359,1359,2.6095640659332275,2.6707539558410645,0.002,2.6500825661958576,1.0759126842021942,0.09753562224796042,0.20324840117245913,2.4333711862564087
1360,1360,2.606747627258301,2.53833270072937,0.002,2.6605635163280033,1.0798310041427612,0.09596345154568553,0.2042893881443888,2.4386220574378967
1361,1361,2.6125712394714355,2.6167731285095215,0.002,2.670581129047877,1.0764131247997284,0.09779894660459831,0.20338500593788922,2.4568158984184265
1362,1362,2.5604054927825928,2.5226995944976807,0.002,2.679148754280305,1.0767722129821777,0.09674856800120324,0.20357943221461028,2.4202306270599365
1363,1363,2.512371063232422,2.5650110244750977,0.002,2.6865812363749573,1.0817325115203857,0.09464926650980487,0.20428623748011887,2.349406599998474
1364,1364,2.5240888595581055,2.520705223083496,0.002,2.6931184175145764,1.0788897275924683,0.09587299334816635,0.2041830491507426,2.344769537448883
1365,1365,2.652283191680908,2.4943795204162598,0.002,2.6998060084754245,1.0784752070903778,0.09595358604565263,0.20394466107245535,2.3892524242401123
1366,1366,2.5473334789276123,2.6523027420043945,0.002,2.7055757804314506,1.0817476511001587,0.09576241683680564,0.20386229117866606,2.408267557621002
1367,1367,2.5824363231658936,2.563897132873535,0.002,2.7108440667367115,1.0741852819919586,0.09659353870665655,0.203497912036255,2.4520760774612427
1368,1368,2.5732922554016113,2.567808151245117,0.002,2.7136225965462315,1.082039475440979,0.09701821760972962,0.20485088136047125,2.4052278995513916
1369,1369,2.5220775604248047,2.59959077835083,0.002,2.7175826132191876,1.0814333260059357,0.09595050371717662,0.20700719847809523,2.378022789955139
1370,1370,2.537534236907959,2.518444776535034,0.002,2.7213359405229975,1.0781056582927704,0.09699006128357723,0.20671928022056818,2.4014201760292053
1371,1371,2.607686996459961,2.557645797729492,0.002,2.7256061574756645,1.0848164856433868,0.09679850679822266,0.20676163933239877,2.362797796726227
1372,1372,2.5238051414489746,2.6270947456359863,0.002,2.728676197518848,1.0806123316287994,0.09728084900416434,0.2061590513912961,2.4452677369117737
1373,1373,2.581533432006836,2.557000160217285,0.002,2.7316174802702986,1.0795253813266754,0.09684160287724808,0.20558395993430167,2.480374753475189
1374,1374,2.548647403717041,2.533590316772461,0.002,2.7342082926260276,1.0827293694019318,0.0964430122403428,0.2059326859889552,2.435748875141144
1375,1375,2.5812294483184814,2.525796413421631,0.002,2.7363045115345073,1.081703096628189,0.0974563515628688,0.20560026564635336,2.3946102261543274
1376,1376,2.5797619819641113,2.6057677268981934,0.002,2.7378693651581716,1.0830496549606323,0.09636391449021176,0.20546119939535856,2.370754897594452
1377,1377,2.59900164604187,2.6443426609039307,0.002,2.7381256531694147,1.087716966867447,0.09565426327753812,0.20693987421691418,2.3809303641319275
1378,1378,2.564443349838257,2.535632610321045,0.002,2.739567231831281,1.0817473232746124,0.09566540643572807,0.20658775081392378,2.3613434433937073
1379,1379,2.5816657543182373,2.5698752403259277,0.002,2.74141776979332,1.090324342250824,0.09575319744180888,0.2075742359738797,2.307503044605255
1380,1380,2.5195422172546387,2.6092276573181152,0.002,2.742917030894044,1.0847000777721405,0.096328730287496,0.2074087430955842,2.338920831680298
1381,1381,2.5809993743896484,2.5515081882476807,0.002,2.7444391544996964,1.0829385221004486,0.09734004380879924,0.20718442799989134,2.438676178455353
1382,1382,2.5773096084594727,2.558037757873535,0.002,2.745675081028914,1.0858687162399292,0.09449575690086931,0.20834349084179848,2.462885022163391
1383,1383,2.552672863006592,2.5230045318603516,0.002,2.7467371358897115,1.0873965322971344,0.09613189211813733,0.20714636950287968,2.499433219432831
1384,1384,2.568070888519287,2.649840831756592,0.002,2.7477667705454416,1.0784086883068085,0.09735754533903673,0.20568537223152816,2.5141539573669434
1385,1385,2.5379390716552734,2.5894641876220703,0.002,2.7471278751174792,1.08347949385643,0.09685920656193048,0.20700216968543828,2.4519980549812317
1386,1386,2.552269458770752,2.4942538738250732,0.002,2.7475913295197123,1.0830412805080414,0.09720274689607322,0.20787275966722518,2.441286563873291
1387,1387,2.495271682739258,2.5822744369506836,0.002,2.7484426364605223,1.091389685869217,0.0954368177917786,0.20998649974353611,2.4079023003578186
1388,1388,2.6624696254730225,2.540050745010376,0.002,2.749241050274862,1.091501772403717,0.09495950560085475,0.2090252247871831,2.3656760454177856
1389,1389,2.5439860820770264,2.5769944190979004,0.002,2.750182212899783,1.0791381001472473,0.09658595157088712,0.2073989458149299,2.40216600894928
1390,1390,2.547018051147461,2.5641350746154785,0.002,2.7508985055021884,1.0946896374225616,0.09544140612706542,0.20838428614661098,2.2689554691314697
1391,1391,2.5531182289123535,2.582467794418335,0.002,2.7513764872599347,1.0856541097164154,0.09555125539191067,0.2086068552453071,2.3377763628959656
1392,1392,2.503302574157715,2.576146125793457,0.002,2.752188423278541,1.0859852731227875,0.0970376345794648,0.20834323856979609,2.4226315021514893
1393,1393,2.5368242263793945,2.5592141151428223,0.002,2.7528824759517607,1.0842854380607605,0.09543422801652923,0.2074823147850111,2.469453513622284
1394,1394,2.4903440475463867,2.5299854278564453,0.002,2.7529350425182617,1.0920920372009277,0.0964279209729284,0.20647483959328383,2.454170048236847
1395,1395,2.555619716644287,2.549621820449829,0.002,2.7530112546192878,1.090787947177887,0.0972816536668688,0.20596029656007886,2.4479183554649353
1396,1396,2.5281291007995605,2.53849720954895,0.002,2.7537649087267724,1.0846705436706543,0.09697881230385974,0.20662470546085387,2.492387056350708
1397,1397,2.518092155456543,2.576577663421631,0.002,2.7542684646481046,1.084796965122223,0.094238625257276,0.20823759294580668,2.4630367755889893
1398,1398,2.523519992828369,2.594343662261963,0.002,2.7547326135105856,1.090668261051178,0.09498470200924203,0.20913246541749686,2.4096962809562683
1399,1399,2.5511083602905273,2.525084972381592,0.002,2.7551060112933468,1.0877413749694824,0.09565208881394938,0.209240305935964,2.3922317028045654
1400,1400,2.5147223472595215,2.5771563053131104,0.002,2.755351798893874,1.087214857339859,0.09531988622620702,0.20930189115460962,2.3825525045394897
1401,1401,2.5394413471221924,2.5901143550872803,0.002,2.7556298985584466,1.0905211865901947,0.0959158458863385,0.21033178793732077,2.3949483036994934
1402,1402,2.5472652912139893,2.573636531829834,0.002,2.754998835363319,1.0924280285835266,0.09439431369537488,0.21050913771614432,2.4133071899414062
1403,1403,2.57405424118042,2.5789690017700195,0.002,2.755533453238853,1.0880031883716583,0.09591635438846424,0.20974493341054767,2.4690170884132385
1404,1404,2.594670534133911,2.548727035522461,0.002,2.753857070282107,1.0940097272396088,0.09506744472309947,0.20941122330259532,2.4261977672576904
1405,1405,2.4794869422912598,2.5346288681030273,0.002,2.7538165396216887,1.087955266237259,0.09610802808310837,0.20951374573633075,2.4420929551124573
1406,1406,2.570582866668701,2.578190803527832,0.002,2.754245429540559,1.0903308689594269,0.09658481791848317,0.2102290077600628,2.4472657442092896
1407,1407,2.4943997859954834,2.568783760070801,0.002,2.7543297455206925,1.0898006856441498,0.09473349747713655,0.2105775511590764,2.419606566429138
1408,1408,2.518805503845215,2.5345988273620605,0.002,2.7547401465068218,1.0872670412063599,0.0956169762648642,0.20991858677007258,2.412894546985626
1409,1409,2.560680866241455,2.5268023014068604,0.002,2.755056433444088,1.0962971448898315,0.09468907251721248,0.21002987609244883,2.3602080941200256
1410,1410,2.5512757301330566,2.494023084640503,0.002,2.7550176186136115,1.0857391059398651,0.09717930085025728,0.20852966094389558,2.4979260563850403
1411,1411,2.551923990249634,2.5425591468811035,0.002,2.7558032259200376,1.0878085792064667,0.09665520885027945,0.20884977676905692,2.5480238795280457
1412,1412,2.5198330879211426,2.555051326751709,0.002,2.756050409256035,1.0922100841999054,0.09554651932558045,0.20957212103530765,2.5446890592575073
1413,1413,2.546708583831787,2.60536527633667,0.002,2.7561153716676206,1.0940206348896027,0.09594655188266188,0.2102610431611538,2.4944737553596497
1414,1414,2.6556599140167236,2.6487836837768555,0.002,2.7562192107571595,1.0928045213222504,0.09600435569882393,0.21090066735632718,2.422667145729065
1415,1415,2.6406705379486084,2.541717290878296,0.002,2.7558721423266395,1.0915011763572693,0.09583623241633177,0.21065762091893703,2.4274189472198486
1416,1416,2.5830204486846924,2.546463966369629,0.002,2.754061583057353,1.0885600745677948,0.09550329705234617,0.21081064676400274,2.4683091044425964
1417,1417,2.607022523880005,2.5477442741394043,0.002,2.753974975137657,1.0965220928192139,0.09506183001212776,0.2116568684577942,2.42568176984787
1418,1418,2.4717793464660645,2.540940284729004,0.002,2.7527017470985253,1.0894809067249298,0.09631440212251619,0.21152312820777297,2.4265441298484802
1419,1419,2.6514675617218018,2.5016462802886963,0.002,2.7527211409799692,1.094030112028122,0.09668491035699844,0.2116557991830632,2.4302035570144653
1420,1420,2.567495584487915,2.5771024227142334,0.002,2.7530867862598556,1.0899442434310913,0.09781351237324998,0.2107092011719942,2.490296244621277
1421,1421,2.513542890548706,2.5257296562194824,0.002,2.7539381622613854,1.0948445498943329,0.09663677250500768,0.21116204652935266,2.4852355122566223
1422,1422,2.59134578704834,2.584205150604248,0.002,2.7541771875061176,1.0934376418590546,0.09625052218325436,0.21141112700570375,2.473713219165802
1423,1423,2.520913600921631,2.5664796829223633,0.002,2.7543486032090376,1.0950866341590881,0.09588892554165795,0.2125017672078684,2.4486419558525085
1424,1424,2.597341537475586,2.5703349113464355,0.002,2.75401920299801,1.0924074947834015,0.09733659884659573,0.21211489709094167,2.4053686261177063
1425,1425,2.5018274784088135,2.5875730514526367,0.002,2.755229505709229,1.0909378826618195,0.09651014907285571,0.21160152519587427,2.432783544063568
1426,1426,2.542978525161743,2.535886526107788,0.002,2.754687962748988,1.0978328585624695,0.09564878360833973,0.21236995584331453,2.4492536187171936
1427,1427,2.56559157371521,2.5824742317199707,0.002,2.755171489650519,1.088393360376358,0.09719699883135036,0.21077414171304554,2.5726746916770935
1428,1428,2.5358424186706543,2.5691068172454834,0.002,2.7551348140337755,1.0926920175552368,0.09633173700422049,0.21076042507775128,2.5621493458747864
1429,1429,2.5434553623199463,2.5126991271972656,0.002,2.7555720127412076,1.0933944582939148,0.09567649383097887,0.2109149075113237,2.5027074813842773
1430,1430,2.551515579223633,2.599752902984619,0.002,2.7554723622657007,1.092578649520874,0.0966986928251572,0.21044677880126983,2.4446011781692505
1431,1431,2.5666847229003906,2.4924681186676025,0.002,2.7559486675251095,1.095973014831543,0.09574815130326897,0.21170495089609176,2.405819594860077
1432,1432,2.5906405448913574,2.5591254234313965,0.002,2.755709337933896,1.0980565249919891,0.09695872949669138,0.21189624385442585,2.455497980117798
1433,1433,2.5597081184387207,2.534724235534668,0.002,2.756091822704886,1.0979700684547424,0.0959134292206727,0.21204739378299564,2.474871814250946
1434,1434,2.6304359436035156,2.7547080516815186,0.002,2.7560777837808685,1.098291665315628,0.09505410172278062,0.2121453178115189,2.4619008898735046
1435,1435,2.527947425842285,2.5565237998962402,0.002,2.7563993274409158,1.0963242650032043,0.09529954817844555,0.21240037225652486,2.4690895080566406
1436,1436,2.5136916637420654,2.578223705291748,0.002,2.756171111838368,1.098359376192093,0.09628845530096442,0.21257842180784792,2.46449875831604
1437,1437,2.581413507461548,2.5289111137390137,0.002,2.7567381921260203,1.095292717218399,0.09569849114632234,0.21257555822376162,2.472039818763733
1438,1438,2.547977924346924,2.5729262828826904,0.002,2.7570835306727295,1.0950323641300201,0.09532989357830957,0.21197934774681926,2.4705044627189636
1439,1439,2.586414098739624,2.5484848022460938,0.002,2.757157820722173,1.0956342220306396,0.09554289118386805,0.2117823479929939,2.468307614326477
1440,1440,2.484358787536621,2.495936393737793,0.002,2.7567790359946627,1.0970207154750824,0.0960554153425619,0.21134971745777875,2.4882270097732544
1441,1441,2.5302329063415527,2.4902474880218506,0.002,2.7572304735040456,1.0990759134292603,0.09550984256202355,0.2126195206074044,2.508318841457367
1442,1442,2.5357604026794434,2.549168586730957,0.002,2.754703636672498,1.0984660387039185,0.09532818180741742,0.21366121398750693,2.5329900979995728
1443,1443,2.4922938346862793,2.5601754188537598,0.002,2.7545904461525867,1.0960480570793152,0.09570934320800006,0.21386453288141638,2.55437970161438
1444,1444,2.556429386138916,2.581256628036499,0.002,2.7547331003385884,1.0963919460773468,0.09603884333046153,0.21349785255733877,2.527680814266205
1445,1445,2.5093252658843994,2.5254416465759277,0.002,2.755358424725846,1.1010820865631104,0.09539080096874386,0.21515096200164407,2.4974446296691895
1446,1446,2.5284194946289062,2.5787148475646973,0.002,2.755350004156645,1.0992927253246307,0.09502454323228449,0.21584803808946162,2.473478376865387
1447,1447,2.5558767318725586,2.541426658630371,0.002,2.7553877516363934,1.100398063659668,0.09432728821411729,0.21616416156757623,2.416403651237488
1448,1448,2.4827680587768555,2.633333206176758,0.002,2.7553905952757813,1.0957809686660767,0.09667097730562091,0.215096972649917,2.446980357170105
1449,1449,2.580416202545166,2.529942512512207,0.002,2.755017430356705,1.0958560407161713,0.09575052052969113,0.213746196241118,2.47971910238266
1450,1450,2.4927825927734375,2.5808587074279785,0.002,2.7546342121000618,1.0927116572856903,0.0966860216576606,0.21302312018815428,2.543892741203308
1451,1451,2.5766873359680176,2.541297674179077,0.002,2.754066297902255,1.0950458347797394,0.09658130101161078,0.21442153246607631,2.57279896736145
1452,1452,2.5886318683624268,2.6438050270080566,0.002,2.7524967144295225,1.097714364528656,0.09646739991148934,0.21366687875706702,2.552750587463379
1453,1453,2.502078056335449,2.558272361755371,0.002,2.752478302064084,1.0992442071437836,0.09629420068813488,0.21460012008901685,2.507265090942383
1454,1454,2.533538818359375,2.563504934310913,0.002,2.752833263265054,1.1008878648281097,0.09684289747383446,0.2137818931369111,2.481405258178711
1455,1455,2.4898180961608887,2.559414863586426,0.002,2.7533139826815254,1.1030693352222443,0.09520171006442979,0.21528140211012214,2.4872196316719055
1456,1456,2.588285446166992,2.535604953765869,0.002,2.7537821861453864,1.1011507511138916,0.09548416698817164,0.21546306309755892,2.5233572125434875
1457,1457,2.5307979583740234,2.5142266750335693,0.002,2.7542265487786803,1.1010943353176117,0.0957342055044137,0.21526865055784583,2.5098958015441895
1458,1458,2.5196785926818848,2.516000747680664,0.002,2.7546155320445074,1.1011570692062378,0.09545565658481792,0.2149511536117643,2.4588600993156433
1459,1459,2.562798023223877,2.553882598876953,0.002,2.754784088216193,1.0970720052719116,0.09681964659830555,0.21464929031208158,2.488937020301819
1460,1460,2.5318961143493652,2.5164051055908203,0.002,2.7552601933556,1.0992233157157898,0.09662075072992593,0.21408743876963854,2.4975911378860474
1461,1461,2.5443854331970215,2.5576717853546143,0.002,2.7556361187496523,1.1000095307826996,0.09569443273358047,0.2144135043490678,2.511750638484955
1462,1462,2.508200168609619,2.554054021835327,0.002,2.75576984150712,1.1027950048446655,0.09401138452813029,0.21466160949785262,2.4837145805358887
1463,1463,2.5416505336761475,2.5227246284484863,0.002,2.75442742491857,1.1045597791671753,0.09462936647469178,0.21495753817725927,2.449998676776886
1464,1464,2.5093722343444824,2.532874822616577,0.002,2.753495925910114,1.1026992797851562,0.09659672068664804,0.21464431937783957,2.4661654233932495
1465,1465,2.523747682571411,2.5636892318725586,0.002,2.754153984458372,1.1042107939720154,0.09592491394141689,0.21444431995041668,2.4589983224868774
1466,1466,2.5622854232788086,2.604024648666382,0.002,2.7540963044928737,1.1070034503936768,0.09440656699007377,0.21480600244831294,2.4480623602867126
1467,1467,2.5148110389709473,2.5428194999694824,0.002,2.7546652889312027,1.1016997396945953,0.09440812282264233,0.215027378173545,2.5057989954948425
1468,1468,2.5282063484191895,2.5561132431030273,0.002,2.75469233369918,1.1045430302619934,0.09585370140848681,0.2154170775320381,2.5030933618545532
1469,1469,2.674403190612793,2.55379581451416,0.002,2.7550506062572637,1.1072686612606049,0.09446169843431562,0.21531970228534192,2.4669008255004883
1470,1470,2.5437045097351074,2.5679304599761963,0.002,2.7551871301695385,1.1044734418392181,0.09528771130135283,0.21457946114242077,2.507655143737793
1471,1471,2.6087217330932617,2.604872465133667,0.002,2.755163628440388,1.1028211414813995,0.09596338286064565,0.21457206807099283,2.5519317984580994
1472,1472,2.545334577560425,2.6003847122192383,0.002,2.7553664691673414,1.1014289855957031,0.09524589742068201,0.21490461577195674,2.5599555373191833
1473,1473,2.605581283569336,2.5587351322174072,0.002,2.756330926412023,1.1079084873199463,0.09522001509321854,0.21573682210873812,2.4949360489845276
1474,1474,2.605677366256714,2.5483551025390625,0.002,2.756195228591184,1.1006646752357483,0.09687889902852476,0.21517548977863044,2.517880380153656
1475,1475,2.5546576976776123,2.5937347412109375,0.002,2.756432216121814,1.1024608612060547,0.09591812937287614,0.21602003066800535,2.4858699440956116
1476,1476,2.580453395843506,2.5776748657226562,0.002,2.7566110285816348,1.101371854543686,0.09605109121184796,0.215211461763829,2.4855302572250366
1477,1477,2.480703353881836,2.528454303741455,0.002,2.756082605294442,1.103043258190155,0.09480952605372295,0.21569085028022528,2.466628074645996
1478,1478,2.635050058364868,2.561232089996338,0.002,2.7562340150198406,1.106714904308319,0.09564323391532525,0.2164841960184276,2.492816150188446
1479,1479,2.548259973526001,2.5413267612457275,0.002,2.7562931885777893,1.10259148478508,0.09743825712939724,0.21560730377677828,2.5495792031288147
1480,1480,2.4975035190582275,2.524794101715088,0.002,2.756191291623394,1.105915516614914,0.09561757458141074,0.21524494525510818,2.5366432070732117
1481,1481,2.547262668609619,2.5456628799438477,0.002,2.756486152537082,1.105166256427765,0.0968718933290802,0.2155937022762373,2.5472323894500732
1482,1482,2.583944320678711,2.478783130645752,0.002,2.7563939005692437,1.1078965067863464,0.09634431800805032,0.21679826721083373,2.5299289226531982
1483,1483,2.5828700065612793,2.4699277877807617,0.002,2.756855338041786,1.1022638976573944,0.09714486246230081,0.21651221648789942,2.6087923645973206
1484,1484,2.5435447692871094,2.5291335582733154,0.002,2.7567043244079397,1.1040778160095215,0.09766398853389546,0.21621660771779716,2.6017019748687744
1485,1485,2.5606627464294434,2.6204264163970947,0.002,2.7567689526881693,1.1021823585033417,0.09926927008200437,0.215415544109419,2.6132819652557373
1486,1486,2.626995086669922,2.5143167972564697,0.002,2.7567855653442006,1.1108248233795166,0.09599402110325173,0.21638668107334524,2.5083910822868347
1487,1487,2.511821746826172,2.549440860748291,0.002,2.7561879760090857,1.1080055832862854,0.097317029023543,0.2163972684647888,2.4797465801239014
1488,1488,2.5420398712158203,2.603989601135254,0.002,2.7567775109432078,1.1082306802272797,0.09717977943364531,0.2170231982599944,2.463299870491028
1489,1489,2.4868319034576416,2.5559141635894775,0.002,2.7559925493637656,1.1104885041713715,0.0960857075988315,0.21649765642359853,2.4570711851119995
1490,1490,2.5035736560821533,2.4963278770446777,0.002,2.7515219272995077,1.1085328161716461,0.09605007647769526,0.21622009540442377,2.467827320098877
1491,1491,2.541923761367798,2.5141167640686035,0.002,2.750096802272467,1.1066211462020874,0.09660450351657346,0.21688460395671427,2.4894933700561523
1492,1492,2.579136371612549,2.5555529594421387,0.002,2.750580695706318,1.1058928668498993,0.09686603181762621,0.21765018545556813,2.5049723386764526
1493,1493,2.5066003799438477,2.624783992767334,0.002,2.751044042098842,1.1098746359348297,0.09534595784498379,0.218556240783073,2.5041661262512207
1494,1494,2.6054253578186035,2.46980619430542,0.002,2.751603082521614,1.1082724630832672,0.09651436004787683,0.21807101706508547,2.5352333188056946
1495,1495,2.497501850128174,2.559302568435669,0.002,2.7512986111541613,1.1041775345802307,0.09557816624874249,0.21784061088692397,2.587044060230255
1496,1496,2.5324618816375732,2.495972156524658,0.002,2.7514981140669583,1.1101332008838654,0.09559588553383946,0.21843432600144297,2.534140706062317
1497,1497,2.5368006229400635,2.562059164047241,0.002,2.752279267509685,1.1050109267234802,0.09438571333885193,0.21866839251015335,2.493352711200714
1498,1498,2.5076732635498047,2.5168232917785645,0.002,2.7526158961058074,1.1060390770435333,0.09526403580093756,0.21843105391599238,2.4602519273757935
1499,1499,2.5891246795654297,2.568063259124756,0.002,2.7532524188351672,1.1063561737537384,0.0954949912847951,0.2186325031798333,2.438049554824829
1500,1500,2.528322219848633,2.489933967590332,0.002,2.753702162022462,1.114511638879776,0.09539986122399569,0.21801436541136354,2.431376874446869
1501,1501,2.607609510421753,2.544064998626709,0.002,2.752240201875407,1.1084315180778503,0.0949203964555636,0.21689609321765602,2.5191503763198853
