step,iter,train/loss,val/loss,lr,mfu,token_embedding_act_abs_mean,attn_act_abs_mean,mlp_act_abs_mean,lm_head_act_abs_mean
0,0,4.174310207366943,4.17430305480957,2e-05,-100.0
1,1,4.174285888671875,4.1742095947265625,2e-05,-100.0,0.01599648641422391,5.445023907668656e-05,0.00031701176703791134,0.001200506230816245
2,2,4.1742706298828125,4.174330711364746,2e-05,-100.0,0.016001292038708925,5.361404237191891e-05,0.00031706656591268256,0.0012003727606497705
3,3,4.174359321594238,4.174375057220459,2e-05,-100.0,0.015992220491170883,5.272957287161262e-05,0.0003169656192767434,0.001200975413667038
4,4,4.174241065979004,4.174278259277344,2e-05,-100.0,0.015994396526366472,5.419312947196886e-05,0.00031684654459240846,0.001199863152578473
5,5,4.174320697784424,4.174198627471924,2e-05,-100.0,0.016015985514968634,5.4786527925898554e-05,0.00031708840106148273,0.0011996488319709897
6,6,4.174428939819336,4.174323558807373,2e-05,0.5923548590840789,0.01601699599996209,5.602908595392364e-05,0.00031715284785605036,0.0011994246451649815
7,7,4.174273490905762,4.174373626708984,2e-05,0.7079883305854551,0.015983930323272943,5.835319916513981e-05,0.00031727990790386684,0.0011991328210569918
8,8,4.174432277679443,4.1743083000183105,2e-05,0.8104739065459995,0.01600418332964182,6.226344476090162e-05,0.00031765802850713953,0.0012017671833746135
9,9,4.174339294433594,4.174283027648926,2e-05,0.9142041103364758,0.016014046501368284,6.776896861993009e-05,0.00031852647225605324,0.0012016751279588789
10,10,4.174263000488281,4.174266338348389,2e-05,1.0063176077286964,0.0160163058899343,7.492134682252072e-05,0.00031970748023013584,0.0012002382427453995
11,11,4.174406051635742,4.174120903015137,2e-05,1.0885381512652477,0.015998476184904575,8.295787665701937e-05,0.0003209150745533407,0.001200639468152076
12,12,4.174179553985596,4.174335479736328,2e-05,1.0446653453026045,0.01600300194695592,9.24630357985734e-05,0.0003227019988116808,0.0012002080620732158
13,13,4.174232482910156,4.1742095947265625,2e-05,1.1247267110377264,0.01600213022902608,0.00010369137999077793,0.000324774988257559,0.0011999387061223388
14,14,4.174250602722168,4.174154281616211,2e-05,1.1970042911699756,0.016001760493963957,0.00011492906651255907,0.00032748611192801036,0.0012008058838546276
15,15,4.174232006072998,4.174153804779053,2e-05,1.2674960446074395,0.01602141186594963,0.0001287307732127374,0.00033089334465330467,0.0011995156528428197
16,16,4.174281597137451,4.174232006072998,2e-05,1.322094310299498,0.01600207481533289,0.00014323313916975167,0.000334739001118578,0.0012006967735942453
17,17,4.17421293258667,4.174144744873047,2e-05,1.3773517837059581,0.01604737574234605,0.00015811447519809008,0.0003393839033378754,0.0012006780307274312
18,18,4.174259185791016,4.174126625061035,2e-05,1.4266602207036694,0.016012697480618954,0.00017386001673003193,0.00034426744241500273,0.00120139864156954
19,19,4.17411994934082,4.174221038818359,2e-05,1.4733949871573049,0.016009286977350712,0.00018961201021738816,0.00034988433253602125,0.0012019971327390522
20,20,4.174129009246826,4.174069404602051,2e-05,1.5119987419062988,0.016016852110624313,0.00020629557002393994,0.0003562134661478922,0.0012016735563520342
21,21,4.17411994934082,4.174093246459961,2e-05,1.4273804041015072,0.016030157450586557,0.00022304781850834843,0.00036315288525656797,0.0012022629962302744
22,22,4.174191474914551,4.1740031242370605,2e-05,1.475501194974798,0.016021897550672293,0.00023999926452233922,0.00037075965519761667,0.0012011619110126048
23,23,4.174008369445801,4.174038887023926,2e-05,1.3967876753597115,0.016002873424440622,0.0002582222623459529,0.0003793152245634701,0.001202587562147528
24,24,4.174091339111328,4.174142837524414,2e-05,1.4439126416743897,0.016011080238968134,0.0002756043177214451,0.0003880788426613435,0.0012023859017062932
25,25,4.1740875244140625,4.174111366271973,2e-05,1.4920706390842131,0.016029130201786757,0.0002936321143351961,0.0003975874205934815,0.001203837658977136
26,26,4.174070358276367,4.174139022827148,2e-05,1.5310247043129448,0.01600534375756979,0.00031118158585741185,0.00040794962478685193,0.001203849446028471
27,27,4.174100875854492,4.174114227294922,2e-05,1.5699468841819837,0.016026560217142105,0.0003298252158856485,0.0004189369756204542,0.0012048243661411107
28,28,4.174137592315674,4.173959732055664,2e-05,1.598650488129656,0.016029893420636654,0.000348669636878185,0.00043031364839407615,0.0012043621100019664
29,29,4.173974990844727,4.173920631408691,2e-05,1.5078259648528465,0.016042109113186598,0.0003670736841741018,0.0004423609825607855,0.0012051303638145328
30,30,4.173978805541992,4.1739888191223145,2e-05,1.4259986422103255,0.016017180867493153,0.00038603792563662864,0.000454928169347113,0.0012070207158103585
31,31,4.173968315124512,4.174034118652344,2e-05,1.4707792643629802,0.016016805078834295,0.00040467276267008856,0.00046834617751301266,0.0012090619129594415
32,32,4.173989295959473,4.173953056335449,2e-05,1.5149695223893624,0.01603086106479168,0.0004243944786139764,0.0004817846456717234,0.001209768932312727
33,33,4.174045562744141,4.173797607421875,2e-05,1.548824281891951,0.016040857415646315,0.00044263726158533245,0.0004961856757290661,0.001210843794979155
34,34,4.174000263214111,4.173948287963867,2e-05,1.4618385560250595,0.01605582097545266,0.0004621009065886028,0.0005108117911731824,0.0012129066744819283
35,35,4.1739301681518555,4.173973083496094,2e-05,1.5073403040737852,0.01604297896847129,0.00048171772868954577,0.0005258952005533502,0.001215519179822877
36,36,4.173788070678711,4.173859596252441,2e-05,1.5386795428560602,0.016042396891862154,0.0005006028804928064,0.0005415615596575662,0.0012148892565164715
37,37,4.173853874206543,4.173853874206543,2e-05,1.570737040851462,0.016031178180128336,0.000520271627465263,0.0005573598537012003,0.001217505632666871
38,38,4.173816680908203,4.173763275146484,2e-05,1.6066612031488867,0.016035532113164663,0.0005399082001531497,0.0005738242762163281,0.0012188779946882278
39,39,4.173837184906006,4.173809051513672,2e-05,1.5081887704322943,0.016040505841374397,0.0005592354646068998,0.0005904013232793659,0.0012183816579636186
40,40,4.173769950866699,4.1736602783203125,2e-05,1.5529199618465743,0.016026579774916172,0.0005791976218461059,0.0006075088967918418,0.0012244276294950396
41,41,4.173820495605469,4.173735618591309,2e-05,1.4650620675254948,0.016032659448683262,0.000599811362917535,0.0006247169731068425,0.001226066320668906
42,42,4.173760890960693,4.173839569091797,2e-05,1.5065267789543852,0.0160206095315516,0.0006193279623403214,0.0006427159314625897,0.00122738815844059
43,43,4.173659324645996,4.173666477203369,2e-05,1.5427677183395894,0.01604893198236823,0.0006393298754119314,0.0006609866250073537,0.0012300288944970816
44,44,4.173640727996826,4.173691749572754,2e-05,1.5768710916685076,0.01604772498831153,0.0006592516219825484,0.000679314362059813,0.0012304681586101651
45,45,4.173656463623047,4.173676490783691,2e-05,1.6063417575435512,0.01605497719720006,0.0006791600026190281,0.0006981316764722578,0.0012353152269497514
46,46,4.173759460449219,4.173696517944336,2e-05,1.6372587414614943,0.016036177054047585,0.0006998130702413619,0.0007167448056861758,0.0012382131826598197
47,47,4.1735968589782715,4.173661708831787,2e-05,1.6598705975229902,0.0160540915094316,0.0007198281746241264,0.000735814101062715,0.001239405624801293
48,48,4.173614501953125,4.173532485961914,2e-05,1.6793749074930464,0.016056261491030455,0.0007405742726405151,0.0007549709189333953,0.0012403039436321706
49,49,4.173569202423096,4.173649787902832,2e-05,1.5805902068501978,0.016047421377152205,0.0007611982946400531,0.0007747670169919729,0.001246156491106376
50,50,4.173608779907227,4.173472881317139,2e-05,1.6141453429629673,0.016065750271081924,0.0007815612480044365,0.0007947165431687608,0.0012484306935220957
51,51,4.173666000366211,4.173510551452637,2e-05,1.5196577920790895,0.01602777373045683,0.0008020335881155916,0.0008143498125718907,0.0012528017105069011
52,52,4.173427581787109,4.173430442810059,2e-05,1.557896613436364,0.016051388811320066,0.0008222303149523214,0.0008344541274709627,0.0012542442127596587
53,53,4.173567771911621,4.173468589782715,2e-05,1.4646070925089372,0.016073375940322876,0.000843106179672759,0.0008543828589608893,0.0012565291544888169
54,54,4.173598289489746,4.173460006713867,2e-05,1.5087305136765006,0.016067552380263805,0.0008640880405437201,0.0008747248284635134,0.0012622553913388401
55,55,4.17343807220459,4.17349910736084,2e-05,1.5444239205040917,0.016052526887506247,0.0008845827251207083,0.0008953852375270799,0.00126689687022008
56,56,4.173490524291992,4.173391819000244,2e-05,1.5816671321049143,0.01605246029794216,0.0009056202761712484,0.0009159488690784201,0.0012711415765807033
57,57,4.173305988311768,4.173450469970703,2e-05,1.4908238729875865,0.016088086180388927,0.0009268316280213185,0.0009363031058455817,0.0012745288840960711
58,58,4.173368453979492,4.173436164855957,2e-05,1.53063873924642,0.016068491619080305,0.0009471975572523661,0.0009569013564032502,0.0012789657921530306
59,59,4.173315048217773,4.173502445220947,2e-05,1.5644764764268748,0.016076454892754555,0.0009682962554506958,0.00097784680838231,0.0012810098705813289
60,60,4.173388957977295,4.173316955566406,2e-05,1.5977009150856376,0.016074649523943663,0.0009889046341413632,0.0009987685625674203,0.0012860105489380658
61,61,4.173344612121582,4.1734113693237305,2e-05,1.506173999861159,0.016099136788398027,0.0010099143109982833,0.001019323433865793,0.001291279011638835
62,62,4.173385143280029,4.173248291015625,2e-05,1.5468729358273372,0.016085454262793064,0.0010306616895832121,0.0010401507752249017,0.001294238754780963
63,63,4.173396110534668,4.173198699951172,2e-05,1.4617521039484473,0.016096572391688824,0.0010518761264393106,0.0010613310150802135,0.0013021047925576568
64,64,4.1733856201171875,4.173331260681152,2e-05,1.3774016638847388,0.016077982261776924,0.0010733036615420133,0.0010823974735103548,0.0013054154405836016
65,65,4.173275470733643,4.173089027404785,2e-05,1.428403728309676,0.016096527222543955,0.0010937667539110407,0.0011033259652322158,0.0013110792206134647
66,66,4.173227310180664,4.173224449157715,2e-05,1.354578801142996,0.016078577376902103,0.0011151534999953583,0.001124698916100897,0.0013179939705878496
67,67,4.173211574554443,4.173083782196045,2e-05,1.411261669733613,0.01611120766028762,0.0011357475159456953,0.0011455467756604776,0.001318924711085856
68,68,4.173208236694336,4.173201560974121,2e-05,1.3395817311172222,0.01610759971663356,0.001156904429080896,0.0011667155340546742,0.001326509693171829
69,69,4.173251628875732,4.173168182373047,2e-05,1.3910303210122736,0.016124697402119637,0.0011777784529840574,0.0011880724923685193,0.0013289148337207735
70,70,4.1731462478637695,4.173137664794922,2e-05,1.4437391053054227,0.016096743289381266,0.0011989482154604048,0.0012090612581232563,0.0013367068022489548
71,71,4.173083782196045,4.173126220703125,2e-05,1.4859197054527065,0.01609867298975587,0.0012200677156215534,0.0012306015123613179,0.0013452475832309574
72,72,4.173060417175293,4.173086643218994,2e-05,1.529065907010744,0.01614080322906375,0.0012407800095388666,0.0012518526636995375,0.0013466576929204166
73,73,4.1730499267578125,4.173159599304199,2e-05,1.5639626016748522,0.01611769711598754,0.0012613438739208505,0.0012725353590212762,0.001354431442450732
74,74,4.172957420349121,4.17299747467041,2e-05,1.5992036076346534,0.016131003852933645,0.0012817362003261223,0.0012938355503138155,0.0013596498465631157
75,75,4.173074722290039,4.172951698303223,2e-05,1.5084614905819562,0.01612730138003826,0.001302771590417251,0.0013148555590305477,0.0013641168479807675
76,76,4.17294454574585,4.173043251037598,2e-05,1.425715471533959,0.016124253161251545,0.00132492532429751,0.0013361640885705128,0.0013757788110524416
77,77,4.172877311706543,4.172901153564453,2e-05,1.4694101680018845,0.016142298467457294,0.0013451233535306528,0.001357281202217564,0.0013822561304550618
78,78,4.172914981842041,4.1729278564453125,2e-05,1.3913654443097916,0.01613941742107272,0.00136603981081862,0.001378235625452362,0.0013885672087781131
79,79,4.1729841232299805,4.172967910766602,2e-05,1.4381365543841524,0.0161177646368742,0.0013870720285922289,0.0013995417684782296,0.0013936733594164252
80,80,4.172848224639893,4.1728901863098145,2e-05,1.4851608918372925,0.016148592345416546,0.0014076892548473552,0.0014210334047675133,0.0014019961236044765
81,81,4.172918319702148,4.172875881195068,2e-05,1.3991858676709799,0.016142654232680798,0.0014288944512372836,0.0014420443621929735,0.0014082958805374801
82,82,4.172854423522949,4.172897815704346,2e-05,1.3278672156312992,0.016149593517184258,0.0014499540557153523,0.0014634865510743111,0.0014161289727780968
83,83,4.172804832458496,4.172758102416992,2e-05,1.3830453480195355,0.016161829698830843,0.00147060769086238,0.0014846868143649772,0.0014208391949068755
84,84,4.1727495193481445,4.172701835632324,2e-05,1.3127683209001264,0.01615495467558503,0.001492156196036376,0.001506184009485878,0.0014309775724541396
85,85,4.172773361206055,4.172749042510986,2e-05,1.2499911449918988,0.01617144187912345,0.0015125956269912422,0.0015273997851181775,0.001438783947378397
86,86,4.172761917114258,4.172711372375488,2e-05,1.311741875772238,0.016155522782355547,0.0015335092321038246,0.001548864514916204,0.0014476484211627394
87,87,4.172740936279297,4.172665119171143,2e-05,1.3728733264753454,0.0161729515530169,0.0015549639356322587,0.0015700211370131,0.0014550875057466328
88,88,4.172693252563477,4.17260217666626,2e-05,1.303627536809836,0.01616936083883047,0.001576353533891961,0.0015915819094516337,0.001465390610974282
89,89,4.172708511352539,4.172701835632324,2e-05,1.2423615319248675,0.016174261923879385,0.0015971894899848849,0.0016127843409776688,0.0014725895307492465
90,90,4.172614097595215,4.172651290893555,2e-05,1.303894722321297,0.01617667218670249,0.0016181221435545012,0.001634230065974407,0.001480052073020488
91,91,4.17258358001709,4.172690391540527,2e-05,1.3656544477908938,0.016196155454963446,0.0016392826655646786,0.0016556288028368726,0.0014888478035572916
92,92,4.172624111175537,4.172695636749268,2e-05,1.4156674102548692,0.016174870543181896,0.001660122026805766,0.0016770598740549758,0.001499917299952358
93,93,4.172590255737305,4.172481536865234,2e-05,1.4654170051816766,0.01617867313325405,0.0016813216789159924,0.0016984990652417764,0.0015083726902958006
94,94,4.172573089599609,4.17242956161499,2e-05,1.3874128332642695,0.016193473245948553,0.0017030496383085847,0.0017200333677465096,0.0015192835417110473
95,95,4.172558307647705,4.17246150970459,2e-05,1.317241881391792,0.016212566290050745,0.001722693457850255,0.0017413087625754997,0.0015240658540278673
96,96,4.172461986541748,4.172523021697998,2e-05,1.3775381244364238,0.016201448626816273,0.0017441397940274328,0.0017626897315494716,0.0015319664380513132
97,97,4.172447204589844,4.172380447387695,2e-05,1.4270383296367133,0.016192966606467962,0.0017646806954871863,0.0017840120272012427,0.001541495235869661
98,98,4.172426223754883,4.1723151206970215,2e-05,1.3532381229012573,0.016202618833631277,0.001785029671736993,0.0018053247476927936,0.0015479333815164864
99,99,4.172452926635742,4.172442436218262,2e-05,1.2872146082450828,0.016204603482037783,0.0018068509380100295,0.001827274085371755,0.0015658934134989977
100,100,4.1722612380981445,4.17232084274292,2e-05,1.3548604702114382,0.016206338070333004,0.0018280406657140702,0.0018483862513676286,0.0015724145050626248
101,101,4.172370910644531,4.172250747680664,2e-05,1.4069660708311589,0.016211119946092367,0.0018484086613170803,0.0018695362086873502,0.001581844553584233
102,102,4.1724348068237305,4.172247886657715,2e-05,1.334963760995915,0.016223429702222347,0.001869677536888048,0.0018910493672592565,0.001599424402229488
103,103,4.172262191772461,4.172370910644531,2e-05,1.2706127887547067,0.016244197264313698,0.0018894683162216097,0.0019119772769045085,0.001602078671567142
104,104,4.172324180603027,4.172317028045654,2e-05,1.324961491912838,0.016226832289248705,0.0019106515392195433,0.0019335644756210968,0.001617464644368738
105,105,4.172359466552734,4.172320365905762,2e-05,1.3803211074021093,0.016215105541050434,0.0019317355763632804,0.0019548460259102285,0.0016256464296020567
106,106,4.172307014465332,4.172244071960449,2e-05,1.4273502653776873,0.016239866614341736,0.0019526985561242327,0.0019760530558414757,0.0016346084303222597
107,107,4.172166347503662,4.172248840332031,2e-05,1.3528405680602233,0.016251507680863142,0.001974070444703102,0.001997637504246086,0.0016523510857950896
108,108,4.172243118286133,4.172207355499268,2e-05,1.4040652372875098,0.016248714178800583,0.0019942361395806074,0.002018876461079344,0.0016603865660727024
109,109,4.17202091217041,4.1719970703125,2e-05,1.3315604274085786,0.016256375703960657,0.002015549660427496,0.002040126593783498,0.0016710684867575765
110,110,4.172123908996582,4.171977996826172,2e-05,1.2433536893451154,0.0162547011859715,0.002036410412983969,0.0020613623782992363,0.0016838267911225557
111,111,4.172136306762695,4.172015190124512,2e-05,1.1844755654417713,0.01626047631725669,0.002056784025626257,0.0020825182436965406,0.0016900325135793537
112,112,4.172040939331055,4.171996116638184,2e-05,1.2624924481721291,0.016247508116066456,0.0020788948168046772,0.0021042244625277817,0.0017095168004743755
113,113,4.172014236450195,4.1719489097595215,2e-05,1.3359786823737434,0.01624975074082613,0.002098575612762943,0.0021249229030217975,0.0017115923983510584
114,114,4.171910762786865,4.172021865844727,2e-05,1.2712885149947661,0.016260391101241112,0.002119256620062515,0.002146738872397691,0.001731512282276526
115,115,4.171863079071045,4.172052383422852,2e-05,1.3430066819471564,0.016273000743240118,0.002139834366971627,0.0021672831499017775,0.0017331629351247102
116,116,4.17191219329834,4.171924114227295,2e-05,1.4073248152448792,0.016287938226014376,0.0021605494257528335,0.0021888263290748,0.0017489560705143958
117,117,4.17188835144043,4.171998023986816,2e-05,1.33481926080466,0.016275983303785324,0.002181982883485034,0.002209810452768579,0.0017581852152943611
118,118,4.171997547149658,4.171755313873291,2e-05,1.400979277922302,0.01627844711765647,0.0022024430509191006,0.0022311678621917963,0.001778450416168198
119,119,4.171842098236084,4.171916961669922,2e-05,1.330496021824104,0.016280758194625378,0.0022229579044505954,0.002252390084322542,0.00178983059595339
120,120,4.171781063079834,4.171841144561768,2e-05,1.3968970018170521,0.01628147391602397,0.0022446155489888042,0.002273853402584791,0.0018083660979755223
121,121,4.171856880187988,4.171840190887451,2e-05,1.4572490953651762,0.016292845830321312,0.0022639154631178826,0.0022942755895201117,0.0018055357795674354
122,122,4.171776294708252,4.171828269958496,2e-05,1.511981227734015,0.016293608583509922,0.002285903785377741,0.002315879479283467,0.0018284447432961315
123,123,4.171778678894043,4.171647548675537,2e-05,1.561985469001243,0.016313142608851194,0.0023063628177624196,0.0023369208502117544,0.0018357207300141454
124,124,4.171694755554199,4.1717329025268555,2e-05,1.4751347862566204,0.01631898758932948,0.002326307265320793,0.0023582207213621587,0.0018516701820772141
125,125,4.171741485595703,4.171760559082031,2e-05,1.5302159383923324,0.01630690461024642,0.002347943198401481,0.002378809964284301,0.0018610922270454466
126,126,4.17177677154541,4.171784400939941,2e-05,1.5792479797799914,0.016327970195561647,0.0023684749903623015,0.0024000105913728476,0.001875599700724706
127,127,4.171767234802246,4.171877861022949,2e-05,1.6222757199594717,0.016332855448126793,0.002388825378147885,0.0024213920114561915,0.001889966952148825
128,128,4.171597480773926,4.171645641326904,2e-05,1.6615125697403723,0.016337580978870392,0.0024090034421533346,0.0024420791014563292,0.0019023567147087306
129,129,4.171619415283203,4.171550750732422,2e-05,1.5451601719013437,0.01632550498470664,0.0024318656069226563,0.002464106830302626,0.0019336186232976615
130,130,4.171660423278809,4.171674728393555,2e-05,1.4618744734712703,0.01634132442995906,0.002452236134558916,0.002485308941686526,0.001945541618624702
131,131,4.17171049118042,4.171607971191406,2e-05,1.5279893675420657,0.016336277592927217,0.002471760264597833,0.002505312586436048,0.0019408682419452816
132,132,4.171501636505127,4.171626091003418,2e-05,1.5865684906371464,0.01634873216971755,0.00249244412407279,0.002527004136936739,0.0019613553304225206
133,133,4.171573638916016,4.171462535858154,2e-05,1.6367539931032615,0.01632481114938855,0.0025131135480478406,0.002548078744439408,0.0019753106753341854
134,134,4.171581745147705,4.1712493896484375,2e-05,1.5442999150146064,0.016343489289283752,0.002534131839638576,0.002569201751612127,0.0019897771417163312
135,135,4.171629905700684,4.171723365783691,2e-05,1.4610758671106572,0.01634860783815384,0.0025552228617016226,0.002590716670965776,0.002010541153140366
136,136,4.171296119689941,4.171624183654785,2e-05,1.5264588760598479,0.016359733417630196,0.0025753755471669137,0.0026110460166819394,0.0020144348964095116
137,137,4.171500205993652,4.171487808227539,2e-05,1.587901786868149,0.016356741543859243,0.002597411919850856,0.0026326114020776004,0.002036100602708757
138,138,4.171639442443848,4.171444892883301,2e-05,1.6414397394852405,0.016361202113330364,0.0026177081745117903,0.002653794828802347,0.0020495461649261415
139,139,4.171472072601318,4.171501636505127,2e-05,1.689075923400087,0.016374411527067423,0.002638124075019732,0.0026745611685328186,0.002054331882391125
140,140,4.1713337898254395,4.171374320983887,2e-05,1.7293956684905014,0.016373203601688147,0.002657720964634791,0.002695983654120937,0.002078777237329632
141,141,4.171285629272461,4.171354293823242,2e-05,1.7647534068139223,0.016381296794861555,0.0026795365556608886,0.0027169024979230016,0.0020957192173227668
142,142,4.171426296234131,4.171260833740234,2e-05,1.7967393321162575,0.01639433577656746,0.0027003843861166388,0.0027382874686736614,0.0021126310457475483
143,143,4.171357154846191,4.171255111694336,2e-05,1.8250207090013297,0.01639049733057618,0.0027209591935388744,0.0027591858815867454,0.002126308623701334
144,144,4.1711859703063965,4.171173095703125,2e-05,1.8506497618084787,0.016377566382288933,0.0027407587913330644,0.002779640897642821,0.0021269017597660422
145,145,4.171211242675781,4.171460151672363,2e-05,1.736711046162731,0.016410376876592636,0.002761508250841871,0.002800928778015077,0.0021481153671629727
146,146,4.171141147613525,4.171074867248535,2e-05,1.7744768119897731,0.016385918017476797,0.0027827050362247974,0.002822075563017279,0.0021614450379274786
147,147,4.171248435974121,4.170947074890137,2e-05,1.6681817394254863,0.01640660362318158,0.0028024408384226263,0.0028433997940737754,0.0021799246896989644
148,148,4.171161651611328,4.171355724334717,2e-05,1.5667260811662511,0.016408211085945368,0.00282320860424079,0.002864021313143894,0.002192001964431256
149,149,4.171319007873535,4.171060085296631,2e-05,1.619815636201276,0.016424386762082577,0.002843111375113949,0.0028845424531027675,0.002196124871261418
150,150,4.170990467071533,4.171120643615723,2e-05,1.666253081559227,0.016425713896751404,0.0028641398530453444,0.002905668516177684,0.0022183949477039278
151,151,4.171053409576416,4.171108245849609,2e-05,1.7072175520103845,0.01644211681559682,0.0028831734089180827,0.002926706860307604,0.0022269375040195882
152,152,4.171133995056152,4.170980453491211,2e-05,1.7448377929823904,0.016414215322583914,0.002904106688220054,0.002947116066934541,0.002241422305814922
153,153,4.170879364013672,4.170992374420166,2e-05,1.7785644745520401,0.01644415222108364,0.002924661646829918,0.002968115935800597,0.0022623244440183043
154,154,4.1709465980529785,4.171017169952393,2e-05,1.8084927604413148,0.01643691537901759,0.002945614221971482,0.0029894297767896205,0.002292854245752096
155,155,4.17081880569458,4.170793533325195,2e-05,1.8356507647605955,0.016434808261692524,0.002965760650113225,0.0030101308948360384,0.0023084472049959004
156,156,4.170952796936035,4.170860290527344,2e-05,1.7226688117078708,0.016460280865430832,0.002985778352012858,0.0030303570383694023,0.0023127911263145506
157,157,4.170870780944824,4.170787811279297,2e-05,1.758843308736804,0.016441432759165764,0.0030060794670134783,0.003051458828849718,0.002327779366169125
158,158,4.170809268951416,4.171128749847412,2e-05,1.6541353454673506,0.01645967597141862,0.003027028637006879,0.0030728166457265615,0.0023592844954691827
159,159,4.170788764953613,4.170760631561279,2e-05,1.6989456607346436,0.016455264762043953,0.0030465685995295644,0.00309331517200917,0.0023651753435842693
160,160,4.170713424682617,4.171045303344727,2e-05,1.6002680630512263,0.016478828620165586,0.0030668511462863535,0.0031139917846303433,0.002381986181717366
161,161,4.170924663543701,4.170886039733887,2e-05,1.651012670128044,0.016472052317112684,0.0030883417930454016,0.003135021514026448,0.002398476470261812
162,162,4.170671463012695,4.170705318450928,2e-05,1.69527156420544,0.016472505405545235,0.003107466356595978,0.003155751677695662,0.002414661052171141
163,163,4.170661449432373,4.170718193054199,2e-05,1.5964631801143083,0.016480893827974796,0.003129258955596015,0.0031773460214026272,0.0024469970376230776
164,164,4.170373439788818,4.170543670654297,2e-05,1.644330239390513,0.01648325240239501,0.0031494200811721385,0.0031982034270185977,0.002461221069097519
165,165,4.1707329750061035,4.1706037521362305,2e-05,1.550963613916756,0.016488040331751108,0.003168212220771238,0.003218418947653845,0.0024636778398416936
166,166,4.170520305633545,4.170592308044434,2e-05,1.6093963553377606,0.0164893358014524,0.003189618670148775,0.0032396937895100564,0.0024906356702558696
167,167,4.170755386352539,4.170748710632324,2e-05,1.661094819182787,0.016515241004526615,0.0032104857091326267,0.0032610753551125526,0.002519313886296004
168,168,4.170515060424805,4.17071533203125,2e-05,1.706230554553643,0.016499426681548357,0.003230530768632889,0.003282060060882941,0.002532359503675252
169,169,4.170600414276123,4.170444488525391,2e-05,1.744935065193339,0.01649698242545128,0.003250855574151501,0.003302600438473746,0.002544492483139038
170,170,4.170454502105713,4.170749664306641,2e-05,1.640908013425915,0.01653195172548294,0.003269765409640968,0.003322878008475527,0.002548590360675007
171,171,4.170653343200684,4.170443534851074,2e-05,1.685524903836411,0.016529626678675413,0.003289439278887585,0.0033429854083806276,0.0025493716821074486
172,172,4.170528411865234,4.170497894287109,2e-05,1.5882765396911385,0.016519029159098864,0.003311488457256928,0.0033656034793239087,0.0025990870781242847
173,173,4.170503616333008,4.1707305908203125,2e-05,1.640426371556606,0.016505081206560135,0.003331514017190784,0.0033856210066005588,0.0026019923388957977
174,174,4.17056941986084,4.170443534851074,2e-05,1.6855860296605214,0.016533177345991135,0.0033517922565806657,0.003406806441489607,0.0026256170822307467
175,175,4.170558929443359,4.1704888343811035,2e-05,1.7250470847597776,0.016543082892894745,0.003372273553395644,0.003427709627430886,0.0026481272652745247
176,176,4.170374870300293,4.170552730560303,2e-05,1.7606487195262996,0.016537297051399946,0.0033923011214938015,0.0034483997151255608,0.0026611746288836002
177,177,4.170278549194336,4.170609474182129,2e-05,1.7941925654819724,0.016550192143768072,0.0034131918218918145,0.0034691818291321397,0.0026762966299429536
178,178,4.170271873474121,4.170309066772461,2e-05,1.8270524448103047,0.016540958546102047,0.0034320664417464286,0.0034888669615611434,0.0026735402061603963
179,179,4.170077800750732,4.170348644256592,2e-05,1.7151177993232676,0.016551350243389606,0.003451796801527962,0.0035099748929496855,0.002700154553167522
180,180,4.17024040222168,4.1700286865234375,2e-05,1.753091640505525,0.016559206880629063,0.003471376927336678,0.0035300625604577363,0.0027073670644313097
181,181,4.170228004455566,4.170286178588867,2e-05,1.6480961401217311,0.01656262343749404,0.0034928428940474987,0.0035518522781785578,0.002744663506746292
182,182,4.170475959777832,4.170442581176758,2e-05,1.6923787069949994,0.01657971926033497,0.003512736817356199,0.00357213694951497,0.002758729679044336
183,183,4.170177459716797,4.170264720916748,2e-05,1.7317190196957088,0.01656578341498971,0.003532056522089988,0.003592267108615488,0.0027695331373251975
184,184,4.170191764831543,4.169960021972656,2e-05,1.766879180908507,0.01655658707022667,0.0035526283900253475,0.003613041015341878,0.0027944425819441676
185,185,4.169918060302734,4.170411109924316,2e-05,1.6612793387947244,0.016605185344815254,0.003573183435946703,0.0036341085797175765,0.002820473106112331
186,186,4.169920921325684,4.170115947723389,2e-05,1.7085710042868871,0.016610142774879932,0.00359310390194878,0.003655295877251774,0.002846855961252004
187,187,4.170240879058838,4.170053958892822,2e-05,1.749194264038931,0.016601893585175276,0.0036122203746344894,0.0036750049039255828,0.0028492253040894866
188,188,4.169896125793457,4.169925689697266,2e-05,1.7861962199301658,0.016583784483373165,0.003633471700595692,0.0036961571022402495,0.0028837494319304824
189,189,4.169977188110352,4.170093536376953,2e-05,1.678186809494625,0.016619390808045864,0.0036515701794996858,0.0037164534733165056,0.0028876944561488926
190,190,4.169895172119141,4.169879913330078,2e-05,1.719415296044296,0.01662306720390916,0.003673028666526079,0.0037372743245214224,0.002911066636443138
191,191,4.1700334548950195,4.170012474060059,2e-05,1.6186457867054256,0.01660967618227005,0.0036930293717887253,0.003757989907171577,0.0029297443688847125
192,192,4.170291900634766,4.170035362243652,2e-05,1.668923791889354,0.016618120949715376,0.003711666475282982,0.003778064390644431,0.002934415766503662
193,193,4.169792175292969,4.169926643371582,2e-05,1.711524566198244,0.016629132442176342,0.003733562887646258,0.0037995691527612507,0.002964210114441812
194,194,4.170160293579102,4.170206546783447,2e-05,1.7484858863407466,0.016625518444925547,0.003753095370484516,0.003820627141976729,0.0029943514382466674
195,195,4.169750213623047,4.169658184051514,2e-05,1.7821806409302094,0.01664903573691845,0.0037721385597251356,0.0038400955381803215,0.0029921691166236997
196,196,4.16994571685791,4.170207977294922,2e-05,1.6562248375046753,0.016650266014039516,0.0037931784172542393,0.0038615113007836044,0.0030216064187698066
197,197,4.169747829437256,4.1697492599487305,2e-05,1.7047672245966803,0.016637190710753202,0.003813198156422004,0.003882271616021171,0.003043616481591016
198,198,4.169671535491943,4.169618606567383,2e-05,1.7472446648716982,0.016656492371112108,0.0038334290438797325,0.0039031116757541895,0.0030600569443777204
199,199,4.169903755187988,4.169550895690918,2e-05,1.6433533193758418,0.016677338164299726,0.003852959634969011,0.003922500123735517,0.003057343768887222
200,200,4.169724464416504,4.169773101806641,2e-05,1.549715592819951,0.01666887616738677,0.0038723954057786614,0.003942936775274575,0.0030732903396710753
201,201,4.169447898864746,4.16978120803833,2e-05,1.6039838943021572,0.016681639477610588,0.0038933658797759563,0.003964816278312355,0.003119433589745313
202,202,4.169599533081055,4.17010498046875,2e-05,1.6508356058826195,0.016674784943461418,0.003913675667718053,0.003984829119872302,0.003126169496681541
203,203,4.169449806213379,4.169604301452637,2e-05,1.694036939702441,0.016684713307768106,0.003931432904209942,0.004004370945040137,0.003127101866994053
204,204,4.1692657470703125,4.169666290283203,2e-05,1.7326949990049512,0.01668402086943388,0.0039533343515358865,0.004025747941341251,0.003162490378599614
205,205,4.169942855834961,4.169508934020996,2e-05,1.7670695321412424,0.016718236729502678,0.00397197954589501,0.004046057641971856,0.0031767369946464896
206,206,4.169425964355469,4.169631481170654,2e-05,1.6614205989650792,0.016712735407054424,0.003992357349488884,0.004067207162734121,0.0032053273753263056
207,207,4.169440269470215,4.1695027351379395,2e-05,1.709409301793375,0.016718389000743628,0.004012646502815187,0.004087184381205589,0.003218010882847011
208,208,4.169460773468018,4.169672966003418,2e-05,1.6094121801381533,0.016708348412066698,0.004031857068184763,0.004107988148462027,0.003244411840569228
209,209,4.169501304626465,4.16954231262207,2e-05,1.658727686678807,0.016713499557226896,0.004052227479405701,0.004128970205783844,0.0032724469783715904
210,210,4.16960334777832,4.169634819030762,2e-05,1.7028565011632901,0.01671228278428316,0.004071001545526087,0.004147760104387999,0.003259584598708898
211,211,4.169122695922852,4.169541358947754,2e-05,1.7419159670319844,0.016747336834669113,0.00409084465354681,0.004168969870079309,0.0032880130456760526
212,212,4.169261455535889,4.1694231033325195,2e-05,1.780616282449533,0.01672337669879198,0.004110874026082456,0.004189288534689695,0.003304934420157224
213,213,4.169456481933594,4.169194221496582,2e-05,1.6737058146346802,0.01675846427679062,0.004131527442950755,0.004210193874314427,0.0033359132357873023
214,214,4.169881820678711,4.16908597946167,2e-05,1.5774551267648644,0.016751098912209272,0.00415032246382907,0.004230085120070726,0.0033477641991339624
215,215,4.169274806976318,4.16948127746582,2e-05,1.4905065850464987,0.0167603874579072,0.004170760745182633,0.0042515426757745445,0.0033828302985057235
216,216,4.169466018676758,4.169209003448486,2e-05,1.5530002747286875,0.016761528328061104,0.004191897809505463,0.004272446967661381,0.0034121511271223426
217,217,4.169102668762207,4.169347763061523,2e-05,1.605737236578792,0.016751093789935112,0.004211014078464359,0.004292074358090758,0.0034139472991228104
218,218,4.169198989868164,4.16942024230957,2e-05,1.657729205494459,0.0167607506737113,0.00423021602910012,0.004312990233302116,0.0034388109925203025
219,219,4.1695356369018555,4.169256210327148,2e-05,1.7052482721678566,0.016773379407823086,0.004248762386851013,0.004331954289227724,0.003427392279263586
220,220,4.169118881225586,4.169590473175049,2e-05,1.747760665156048,0.016773656010627747,0.0042688248213380575,0.004352749790996313,0.0034555004676803946
221,221,4.169024467468262,4.169285774230957,2e-05,1.7845315071529526,0.016803213860839605,0.00428850285243243,0.004373336909338832,0.003476200858131051
222,222,4.169154167175293,4.169217109680176,2e-05,1.8147910324930818,0.016807515639811754,0.004308885720092803,0.004393944225739688,0.0035000371281057596
223,223,4.169295310974121,4.169210910797119,2e-05,1.8462660919784595,0.016806294675916433,0.004329639486968517,0.004414895141962916,0.0035245075705461204
224,224,4.1688385009765625,4.169097423553467,2e-05,1.8734273389412526,0.01680715661495924,0.004347290028817952,0.004433937021531165,0.0035199448466300964
225,225,4.168877601623535,4.168760299682617,2e-05,1.895685782259747,0.016812829300761223,0.004367052693851292,0.004455228568986058,0.0035577419912442565
226,226,4.169027805328369,4.169050216674805,2e-05,1.776456617091434,0.016815945506095886,0.00438838149420917,0.004476225294638425,0.003584825957659632
227,227,4.168838024139404,4.168901443481445,2e-05,1.8089463473554759,0.016845912206918,0.0044073970639146864,0.004495928704272956,0.0035967124858871102
228,228,4.169289588928223,4.16890287399292,2e-05,1.8367469446586318,0.016832245979458094,0.004426316532772034,0.004514982865657657,0.0035967606818303466
229,229,4.168768405914307,4.169013023376465,2e-05,1.8614167297614808,0.016830164939165115,0.004446381353773177,0.004535065498203039,0.003609833074733615
230,230,4.168914794921875,4.169292449951172,2e-05,1.8834210516044143,0.016847799997776747,0.004466914513614029,0.004556073516141623,0.003642127849161625
231,231,4.168969631195068,4.169086933135986,2e-05,1.9030664255479204,0.016822194680571556,0.004486234916839749,0.004576679028104991,0.003673398867249489
232,232,4.169162750244141,4.169382095336914,2e-05,1.9200615023457726,0.01683916337788105,0.004505468241404742,0.004597556253429502,0.003701453621033579
233,233,4.168849945068359,4.168800354003906,2e-05,1.936370034838742,0.016863413155078888,0.004526424396317452,0.0046171555877663195,0.0037108500255271792
234,234,4.168912887573242,4.16878604888916,2e-05,1.9510750275279118,0.016846936661750078,0.004543972958344966,0.00463783647865057,0.003738161118235439
235,235,4.168951034545898,4.169024467468262,2e-05,1.9683524158895775,0.01685475278645754,0.004563027643598616,0.004656019038520753,0.003718883905094117
236,236,4.168916702270508,4.168940544128418,2e-05,1.9823292614404495,0.0168785247951746,0.004583253001328558,0.004678549186792225,0.0037812688970007002
237,237,4.168548107147217,4.168915748596191,2e-05,1.993785521065126,0.01689463807269931,0.004602257278747857,0.004696750547736883,0.0037695339415222406
238,238,4.168496608734131,4.16913366317749,2e-05,2.0029975981004187,0.016910962760448456,0.004621780011802912,0.004717753559816629,0.0037994046579115093
239,239,4.168625831604004,4.168811321258545,2e-05,2.0109256622254925,0.016905768774449825,0.004642405430786312,0.004738140385597944,0.003824933955911547
240,240,4.168633460998535,4.169032096862793,2e-05,2.017795828833439,0.016894288826733828,0.0046630362630821764,0.004759364179335535,0.0038634344819001853
241,241,4.169044494628906,4.168676376342773,2e-05,2.024353275509407,0.016913264989852905,0.00468063005246222,0.004778351925779134,0.003857831354252994
242,242,4.168363571166992,4.169010162353516,2e-05,1.8924685930425535,0.016921198926866055,0.004702674632426351,0.00479918927885592,0.003891396743711084
243,243,4.168855667114258,4.1689372062683105,2e-05,1.9153308505265703,0.016928179655224085,0.004721007484477013,0.0048200479359366,0.003919313254300505
244,244,4.168426990509033,4.168643951416016,2e-05,1.9349766240779336,0.01692288415506482,0.004739667347166687,0.004838522814679891,0.003911387291736901
245,245,4.168858528137207,4.168144226074219,2e-05,1.8119994344019292,0.01692246226593852,0.004761772754136473,0.004860182467382401,0.003953497507609427
246,246,4.168198585510254,4.1689252853393555,2e-05,1.7019133080836246,0.016925646923482418,0.004778394591994584,0.004878944950178266,0.003944825555663556
247,247,4.168234348297119,4.16796350479126,2e-05,1.743630513203121,0.01691114343702793,0.00479987618746236,0.0049002066371031106,0.0039848535088822246
248,248,4.168123722076416,4.1683807373046875,2e-05,1.6403127735960463,0.016950827091932297,0.004818097571842372,0.00492015975760296,0.0039968956261873245
249,249,4.168652534484863,4.167843818664551,2e-05,1.6888290948129305,0.016960916109383106,0.004837619140744209,0.004941184131894261,0.004033903009258211
250,250,4.168309211730957,4.1685333251953125,2e-05,1.5906435047602683,0.01696530170738697,0.004858002357650548,0.004959918966051191,0.004025735426694155
251,251,4.168292045593262,4.168332099914551,2e-05,1.6412985314312172,0.016975678503513336,0.00487821304704994,0.004981240548659116,0.004067895235493779
252,252,4.168210029602051,4.168537139892578,2e-05,1.6914700903297026,0.01696308283135295,0.004895377962384373,0.004999899829272181,0.00406347680836916
253,253,4.168570041656494,4.168173789978027,2e-05,1.733063999658651,0.016993685625493526,0.004915154131595045,0.005020013661123812,0.004081595339812338
254,254,4.168048858642578,4.168240547180176,2e-05,1.7691754537249142,0.016997783910483122,0.004936149867717177,0.0050425491645000875,0.004141272860579193
255,255,4.168130397796631,4.168087959289551,2e-05,1.8012325950364358,0.016957595013082027,0.004954698553774506,0.005060596740804613,0.004127086489461362
256,256,4.167932987213135,4.168544769287109,2e-05,1.8294091230356233,0.016998266335576773,0.004973539151251316,0.005080924718640745,0.004149874555878341
257,257,4.168112754821777,4.168550491333008,2e-05,1.8549319629556322,0.01697708200663328,0.0049944372731260955,0.005102527444250882,0.004193525994196534
258,258,4.167749404907227,4.168332099914551,2e-05,1.877394076756767,0.017008075024932623,0.005014537775423378,0.005122501228470355,0.004210063605569303
259,259,4.168279647827148,4.168269157409668,2e-05,1.9023962923641669,0.0170132745988667,0.0050330733065493405,0.0051409832667559385,0.004202839103527367
260,260,4.167881965637207,4.167882919311523,2e-05,1.926242839318745,0.017005871050059795,0.005054580396972597,0.005162521498277783,0.004242020659148693
261,261,4.167944431304932,4.168535232543945,2e-05,1.946290288981448,0.0170362526550889,0.005073157779406756,0.0051829658332280815,0.004264818271622062
262,262,4.168335437774658,4.168056011199951,2e-05,1.9631774487775473,0.017015124205499887,0.005091878701932728,0.005201803811360151,0.004265918512828648
263,263,4.168078422546387,4.167977333068848,2e-05,1.975816902744207,0.017045202665030956,0.0051107152248732746,0.005222791281994432,0.004295574850402772
264,264,4.167842864990234,4.167842864990234,2e-05,1.9893018666858122,0.0170450396835804,0.005131976387929171,0.005243418097961694,0.004318118910305202
265,265,4.167673110961914,4.168083190917969,2e-05,1.8610527039441576,0.01703819166868925,0.005150690791197121,0.005263442813884467,0.004336881916970015
266,266,4.167720794677734,4.167854309082031,2e-05,1.8858867274231403,0.017055904027074575,0.005170961609110236,0.005283938779029995,0.004361656028777361
267,267,4.167890548706055,4.167914867401123,2e-05,1.9077674487460852,0.017054235097020864,0.005189250921830535,0.0053035380551591516,0.004373527830466628
268,268,4.167849540710449,4.167814254760742,2e-05,1.925546488679046,0.01707339333370328,0.005208196758758277,0.0053228698670864105,0.004378636949695647
269,269,4.167872428894043,4.168031692504883,2e-05,1.8034656816093002,0.017059752717614174,0.0052269354346208274,0.005343242723029107,0.004399394849315286
270,270,4.16786003112793,4.167985916137695,2e-05,1.8317147213026963,0.017097527161240578,0.005248097353614867,0.0053637754754163325,0.004423420177772641
271,271,4.1677680015563965,4.168105602264404,2e-05,1.8567264310699902,0.017085276544094086,0.005269246699754149,0.005385644151829183,0.004474802291952074
272,272,4.167632102966309,4.167423248291016,2e-05,1.8794305570637122,0.017091361340135336,0.0052882934105582535,0.005404996045399457,0.004479025606997311
273,273,4.167458534240723,4.167954444885254,2e-05,1.7624347654419374,0.01708836853504181,0.005307324812747538,0.005425538227427751,0.00451053527649492
274,274,4.167860984802246,4.168160438537598,2e-05,1.7969881215388779,0.01710654329508543,0.005327966064214706,0.005446948052849621,0.004544025636278093
275,275,4.167469024658203,4.168364524841309,2e-05,1.8271320582767308,0.01712093921378255,0.00534433830762282,0.005464227928314358,0.004516892717219889
276,276,4.167905807495117,4.167603492736816,2e-05,1.8532212866736133,0.017108549363911152,0.0053652633796446025,0.005484991415869445,0.004549570963717997
277,277,4.167607307434082,4.167773723602295,2e-05,1.8764673858824577,0.01715243700891733,0.005385258002206683,0.005506156827323139,0.0045792433666065335
278,278,4.167617321014404,4.167902946472168,2e-05,1.896667151473266,0.01712543796747923,0.005403934919741005,0.0055268798023462296,0.004606569884344935
279,279,4.167901992797852,4.167719841003418,2e-05,1.9152232990892142,0.017139405943453312,0.00542555667925626,0.005546879256144166,0.004624117398634553
280,280,4.167252540588379,4.168056964874268,2e-05,1.9318073124227926,0.0171554209664464,0.005444182374048978,0.005566835752688348,0.004640459781512618
281,281,4.167734146118164,4.167464733123779,2e-05,1.9515885278017442,0.017124027013778687,0.005461875640321523,0.005584921571426094,0.004630968207493424
282,282,4.167351722717285,4.167869567871094,2e-05,1.9677208573741827,0.017147066071629524,0.005481954314745963,0.005605309153907001,0.004655431373976171
283,283,4.167491436004639,4.167847156524658,2e-05,1.9802086728535875,0.017175146378576756,0.005501788982655853,0.0056260841665789485,0.004684838466346264
284,284,4.16715145111084,4.167972087860107,2e-05,1.9903635489871272,0.01716422475874424,0.0055190109414979815,0.005644311313517392,0.00467932946048677
285,285,4.167157173156738,4.167036056518555,2e-05,1.9992280869902683,0.01719350926578045,0.005541139282286167,0.005667261604685336,0.004741424811072648
286,286,4.16733980178833,4.167322158813477,2e-05,1.8484008320679923,0.017178870737552643,0.005558433826081455,0.005684753239620477,0.004722281126305461
287,287,4.167172908782959,4.167357444763184,2e-05,1.875015524677036,0.017205629032105207,0.005580423574429005,0.005708258191589266,0.0047928112326189876
288,288,4.167014122009277,4.167108535766602,2e-05,1.8983286019802619,0.017200431786477566,0.005599690193776041,0.005726568168029189,0.004792277119122446
289,289,4.167003631591797,4.167342185974121,2e-05,1.9170365968670957,0.017210386227816343,0.005620788608212024,0.00574955326737836,0.004852245561778545
290,290,4.1679582595825195,4.167506217956543,2e-05,1.9338787686019745,0.01721889805048704,0.005637846596073359,0.00576694292249158,0.004831861704587936
291,291,4.1672563552856445,4.167444229125977,2e-05,1.948181803704247,0.01722969440743327,0.005657591682393104,0.005788936687167734,0.004875365528278053
292,292,4.166839599609375,4.16743278503418,2e-05,1.9620713150869096,0.017209109384566545,0.005677239038050175,0.005807490379083902,0.004877060768194497
293,293,4.167107582092285,4.167118072509766,2e-05,1.9739011729011917,0.01724177598953247,0.0056964082177728415,0.005828730994835496,0.004907280905172229
294,294,4.167158126831055,4.16684627532959,2e-05,1.984728957438907,0.017220639623701572,0.005714840721338987,0.005846085725352168,0.004888011491857469
295,295,4.166891098022461,4.167691230773926,2e-05,1.8565264748982693,0.017246955074369907,0.0057343748630955815,0.005867616971954703,0.004922910709865391
296,296,4.167013645172119,4.167011737823486,2e-05,1.8802665936462837,0.01725723035633564,0.005755045684054494,0.005888800893444568,0.004959651734679937
297,297,4.166793346405029,4.167510032653809,2e-05,1.9006191876070913,0.01728344475850463,0.005773707642219961,0.005907595390453935,0.004962628823705018
298,298,4.1671061515808105,4.166813850402832,2e-05,1.92470901989623,0.01725986273959279,0.005792922049295157,0.005927924124989659,0.004986638086847961
299,299,4.167276382446289,4.166632652282715,2e-05,1.8035515535752042,0.017270381562411785,0.005813162541016936,0.00594793789787218,0.005011395551264286
300,300,4.166926383972168,4.167427062988281,2e-05,1.693166661980224,0.01726526115089655,0.005832104827277362,0.005970480851829052,0.005058256210759282
301,301,4.16676664352417,4.166880130767822,2e-05,1.732244155699906,0.017271103337407112,0.005851519992575049,0.005988070915918797,0.005046178470365703
302,302,4.166894912719727,4.167654991149902,2e-05,1.7695905566747556,0.017299529630690813,0.005872559209819883,0.006010221899487078,0.0050932473968714476
303,303,4.167024612426758,4.167682647705078,2e-05,1.8048075624906381,0.01728746946901083,0.0058895142283290625,0.006029212032444775,0.005094937398098409
304,304,4.166913032531738,4.167216777801514,2e-05,1.8352533725337965,0.017289429437369108,0.00591007195180282,0.0060500382096506655,0.005125433672219515
305,305,4.16668701171875,4.166562557220459,2e-05,1.8602365499645026,0.01731825154274702,0.005932099011261016,0.006072953110560775,0.005180011969059706
306,306,4.167126655578613,4.16728401184082,2e-05,1.7453015491931334,0.017338627483695745,0.005949315382167697,0.006089393515139818,0.005150712677277625
307,307,4.1665754318237305,4.166857719421387,2e-05,1.7831950026611851,0.017307890113443136,0.005969685968011618,0.0061109832604415715,0.00518795195966959
308,308,4.166589260101318,4.167113304138184,2e-05,1.8162867989943332,0.017327481415122747,0.005989847064483911,0.006132751877885312,0.005229716305620968
309,309,4.1662702560424805,4.1665191650390625,2e-05,1.8420311632053505,0.01736058620736003,0.00600658287294209,0.006151199049782008,0.005220812628977001
310,310,4.166978359222412,4.166708946228027,2e-05,1.728879134545738,0.017358708661049604,0.0060272825649008155,0.006170675333123654,0.005231641000136733
311,311,4.166333198547363,4.166910171508789,2e-05,1.7669483361589036,0.017357684206217527,0.006046139867976308,0.006190867745317519,0.0052531498949974775
312,312,4.16709566116333,4.16666316986084,2e-05,1.7996588119265875,0.017343192361295223,0.006068120943382382,0.006213692890014499,0.005309267668053508
313,313,4.1664719581604,4.167025566101074,2e-05,1.8285277966065117,0.017385522834956646,0.006088407768402249,0.006234572909306735,0.0053352684481069446
314,314,4.1666131019592285,4.166229248046875,2e-05,1.8536699210802994,0.017363394610583782,0.0061082058236934245,0.006253843603190035,0.005346679361537099
315,315,4.166726589202881,4.166765213012695,2e-05,1.7386446066145318,0.01740013901144266,0.00612502102740109,0.006274252198636532,0.0053592181066051126
316,316,4.166893005371094,4.167346000671387,2e-05,1.7733682858277453,0.017369620967656374,0.0061451023211702704,0.006294557708315551,0.005379658890888095
317,317,4.166437149047852,4.16683292388916,2e-05,1.8042543200082455,0.017401754390448332,0.00616603548405692,0.006313709483947605,0.005382815143093467
318,318,4.166773796081543,4.166851043701172,2e-05,1.8322603237380826,0.017402347642928362,0.006184275378473103,0.006332128657959402,0.005379993002861738
319,319,4.166552543640137,4.167158603668213,2e-05,1.8577669070099494,0.017413190100342035,0.006204289849847555,0.006354812649078667,0.0054283104836940765
320,320,4.166292190551758,4.166701316833496,2e-05,1.8792132893982694,0.01739970361813903,0.0062207296141423285,0.006373220530804247,0.005425606155768037
321,321,4.166542053222656,4.166525840759277,2e-05,1.8995197843935578,0.017426243983209133,0.006243014649953693,0.006394804164301604,0.005465673399157822
322,322,4.166314125061035,4.166439056396484,2e-05,1.9178675934570333,0.017424887511879206,0.006260612863115966,0.00641271477798,0.005460962769575417
323,323,4.166116237640381,4.166681289672852,2e-05,1.9334612594463587,0.017404996789991856,0.006280297297053039,0.006433140719309449,0.005483185988850892
324,324,4.166062355041504,4.166799545288086,2e-05,1.9472203490206756,0.01744659710675478,0.0063011060119606555,0.006454079004470259,0.005516540026292205
325,325,4.165998935699463,4.1666412353515625,2e-05,1.9610715196380177,0.017465400975197554,0.0063202810124494135,0.0064755017519928515,0.005553071154281497
326,326,4.1662116050720215,4.166179656982422,2e-05,1.9734579594023638,0.01744656777009368,0.0063395132310688496,0.006495373381767422,0.0055740001844242215
327,327,4.166573524475098,4.1673994064331055,2e-05,1.8363890545460018,0.01745547726750374,0.006358404876664281,0.006517108122352511,0.005612508626654744
328,328,4.166711330413818,4.166440486907959,2e-05,1.8655798469816867,0.017475168220698833,0.006377863930538297,0.006535541964694858,0.005612960667349398
329,329,4.165718078613281,4.166689395904541,2e-05,1.8906276753964046,0.017464452423155308,0.0063972765929065645,0.0065557718044146895,0.005635450594127178
330,330,4.165937423706055,4.165900230407715,2e-05,1.910494631723145,0.017455653753131628,0.006415741227101535,0.006574815372005105,0.005640310700982809
331,331,4.1661200523376465,4.166245460510254,2e-05,1.7904884589042314,0.017483197152614594,0.006438460084609687,0.006598011765163392,0.005698240362107754
332,332,4.165904998779297,4.166926383972168,2e-05,1.823304482940324,0.017503013368695974,0.006455266033299267,0.006616707192733884,0.005698465276509523
333,333,4.166105270385742,4.166358947753906,2e-05,1.8506380675726353,0.017485547810792923,0.00647468667011708,0.006635442143306136,0.005703405826352537
334,334,4.165901184082031,4.16628360748291,2e-05,1.874346767073435,0.01750908186659217,0.006496046204119921,0.006658728641923517,0.00575884070713073
335,335,4.165901184082031,4.166399955749512,2e-05,1.8957744062724264,0.017518389504402876,0.006513489119242877,0.006677435419987887,0.005758746061474085
336,336,4.165600299835205,4.166384696960449,2e-05,1.9144198284084586,0.017529503908008337,0.006529757229145616,0.006694137176964432,0.005738641251809895
337,337,4.166077136993408,4.166034698486328,2e-05,1.9312279977019307,0.017532669007778168,0.006552984763402492,0.0067183165228925645,0.005806483794003725
338,338,4.166224479675293,4.1660871505737305,2e-05,1.9504281707571982,0.01754545047879219,0.0065727479523047805,0.006736992159858346,0.00580746796913445
339,339,4.165492057800293,4.16575813293457,2e-05,1.9692331761435515,0.01754983188584447,0.006590855424292386,0.006758968229405582,0.005848496221005917
340,340,4.165849685668945,4.165946006774902,2e-05,1.843460439693967,0.017576391343027353,0.0066122194402851164,0.006779551331419498,0.005872248439118266
341,341,4.16550874710083,4.166074752807617,2e-05,1.8700766031152207,0.017542897257953882,0.006629140523727983,0.006798283546231687,0.005877437419258058
342,342,4.166299819946289,4.166664123535156,2e-05,1.8921836376525059,0.017567720264196396,0.006650873925536871,0.0068203790578991175,0.005915377871133387
343,343,4.165811538696289,4.166078090667725,2e-05,1.9111335793590298,0.01756589487195015,0.006669735943432897,0.0068408126826398075,0.005937296780757606
344,344,4.165579795837402,4.165862083435059,2e-05,1.9281910061515528,0.017582253087311983,0.006689656293019652,0.006860539899207652,0.005947520490735769
345,345,4.166152000427246,4.165547847747803,2e-05,1.9435451695805308,0.017587780486792326,0.0067078566062264144,0.006877417385112494,0.0059250082122161984
346,346,4.165825843811035,4.1656599044799805,2e-05,1.8195609331918283,0.01760608470067382,0.006729476386681199,0.006900253298226744,0.005978662404231727
347,347,4.165610313415527,4.165801048278809,2e-05,1.846148183096183,0.0175918135792017,0.006745630933437496,0.006919167819432914,0.0059850518591701984
348,348,4.166337966918945,4.165821075439453,2e-05,1.8698505302586765,0.017621050123125315,0.00676603417377919,0.006940221297554672,0.0060136038810014725
349,349,4.166242599487305,4.165815830230713,2e-05,1.891214923770471,0.017596634570509195,0.00678490218706429,0.006960948870982975,0.006044606328941882
350,350,4.165246486663818,4.165855884552002,2e-05,1.910177477262274,0.017596381716430187,0.0068057955941185355,0.0069811533321626484,0.006062213447876275
351,351,4.1659345626831055,4.165768146514893,2e-05,1.932028307058395,0.017632969189435244,0.0068237322848290205,0.006999592820648104,0.006063553737476468
352,352,4.165679454803467,4.166092872619629,2e-05,1.9499074241454393,0.017662234604358673,0.006846330827102065,0.00702395208645612,0.006131357164122164
353,353,4.1663618087768555,4.165343284606934,2e-05,1.9640413843419857,0.017655291128903627,0.00686523353215307,0.007042650482617319,0.006133864633738995
354,354,4.16513729095459,4.165154457092285,2e-05,1.8385146004392383,0.01765963714569807,0.006882726622279733,0.0070637411554344,0.006162756821140647
355,355,4.165484428405762,4.165534973144531,2e-05,1.7252488291716852,0.01766597619280219,0.0069024054682813585,0.007082879135850817,0.006169741158373654
356,356,4.165988445281982,4.165760040283203,2e-05,1.7647301536526314,0.017657170072197914,0.0069193990202620625,0.007100200746208429,0.006158780539408326
357,357,4.165778636932373,4.165683269500732,2e-05,1.7982965745676662,0.017679846845567226,0.0069420047220773995,0.007123575662262738,0.006214533816091716
358,358,4.165953159332275,4.16571044921875,2e-05,1.8267940141530987,0.017697196919471025,0.006958726153243333,0.007141030335333198,0.006203070632182062
359,359,4.165550231933594,4.165065288543701,2e-05,1.8523970251704627,0.017681919038295746,0.006977743643801659,0.007160389330238104,0.006212664186023176
360,360,4.165009498596191,4.165921211242676,2e-05,1.7376550408817324,0.01772135915234685,0.006998905795626342,0.007183244684711099,0.006263200426474214
361,361,4.165424346923828,4.165533065795898,2e-05,1.7717459277145562,0.017704524099826813,0.00701784435659647,0.0072026694542728364,0.006279850727878511
362,362,4.16558837890625,4.166168689727783,2e-05,1.8027272450173837,0.017678260803222656,0.007036654744297266,0.00721993634942919,0.006269161589443684
363,363,4.165093421936035,4.1653151512146,2e-05,1.8309928875212,0.017675258219242096,0.0070568560040555894,0.007242385414429009,0.006314204772934318
364,364,4.165162086486816,4.166311264038086,2e-05,1.8602913940729036,0.01770893856883049,0.0070793310878798366,0.007264543906785548,0.006358999293297529
365,365,4.1652421951293945,4.165344715118408,2e-05,1.8854717351738246,0.017731523141264915,0.007093829335644841,0.007282566570211202,0.006353785400278866
366,366,4.164792060852051,4.165897846221924,2e-05,1.9063750388099523,0.01773501606658101,0.00711307383608073,0.007301956822630018,0.006367848254740238
367,367,4.164809226989746,4.165360450744629,2e-05,1.9244203087408622,0.017754433676600456,0.007134622428566217,0.007322407444007695,0.00638946786057204
368,368,4.1650471687316895,4.165303707122803,2e-05,1.9400127911189877,0.017778184730559587,0.00715245894389227,0.007343628443777561,0.006421177065931261
369,369,4.165340900421143,4.165569305419922,2e-05,1.9544404622686862,0.017743889708071947,0.007173526450060308,0.0073634127620607615,0.006444952799938619
370,370,4.164905548095703,4.165509223937988,2e-05,1.9672713829031594,0.017789455130696297,0.007192323275376111,0.00738335819914937,0.006462728371843696
371,371,4.165629863739014,4.165622711181641,2e-05,1.9782894638880353,0.017782858107239008,0.007211432210169733,0.007404565054457635,0.006494870758615434
372,372,4.164839267730713,4.165133476257324,2e-05,1.9885742942615592,0.017774137668311596,0.00723137694876641,0.007423376606311649,0.006503517855890095
373,373,4.165230751037598,4.16489315032959,2e-05,1.9978331195556844,0.01780574256554246,0.00725171051453799,0.0074453160632401705,0.0065425303764641285
374,374,4.165124416351318,4.165863513946533,2e-05,1.869055867759921,0.01778709888458252,0.00726792769273743,0.007463775807991624,0.006549326586537063
375,375,4.165033340454102,4.165986061096191,2e-05,1.8933623137183564,0.017802616115659475,0.007290687528438866,0.007485512876883149,0.006585779599845409
376,376,4.1650710105896,4.165528297424316,2e-05,1.9133661837769962,0.01782303350046277,0.007307896856218576,0.007502906955778599,0.006575139821507037
377,377,4.1650848388671875,4.164885520935059,2e-05,1.9305903272561524,0.017832697834819555,0.007327144674491137,0.007523568579927087,0.006599773769266903
378,378,4.164691925048828,4.164959907531738,2e-05,1.8078670279491973,0.017820688895881176,0.007342352357227355,0.007541760744061321,0.006599838496185839
379,379,4.165509223937988,4.165250778198242,2e-05,1.8363277006383742,0.017837021965533495,0.007364747114479542,0.007562412531115115,0.006627789232879877
380,380,4.164770126342773,4.1656880378723145,2e-05,1.8608607568487139,0.017854180186986923,0.007384058961179107,0.0075823047664016485,0.0066442074021324515
381,381,4.165231704711914,4.164999961853027,2e-05,1.8827869124312477,0.017819170374423265,0.007404507196042687,0.0076045828172937036,0.006693430012091994
382,382,4.164516448974609,4.164698600769043,2e-05,1.9032283741434453,0.01786456862464547,0.007422252907417715,0.007623461133334786,0.006697659264318645
383,383,4.165193557739258,4.164691925048828,2e-05,1.7841387584058712,0.017856341786682606,0.0074400645098648965,0.007643192948307842,0.006713588489219546
384,384,4.165227890014648,4.164083480834961,2e-05,1.6770342450590627,0.01788334222510457,0.007461433706339449,0.0076647314708679914,0.006751659908331931
385,385,4.164761543273926,4.165612697601318,2e-05,1.58038075294941,0.017871313262730837,0.007479831401724368,0.007685383199714124,0.006777312024496496
386,386,4.165123462677002,4.164931297302246,2e-05,1.631926262020252,0.017893566749989986,0.007499192550312728,0.007704747607931495,0.006785685662180185
387,387,4.166193962097168,4.1655964851379395,2e-05,1.6779835163289059,0.017923918552696705,0.007516713812947273,0.007720173103734851,0.006755018723197281
388,388,4.164417743682861,4.1648054122924805,2e-05,1.7183385958679385,0.017905645072460175,0.007541610335465521,0.007747102994471788,0.00685136707033962
389,389,4.164262294769287,4.165183067321777,2e-05,1.7581207970210935,0.017906795255839825,0.007558585493825376,0.00776618771487847,0.00686197227332741
390,390,4.165561199188232,4.164707183837891,2e-05,1.7945105380153328,0.017910172697156668,0.0075762985507026315,0.007785945665091276,0.0068782779853791
391,391,4.165307998657227,4.164435386657715,2e-05,1.824783894102422,0.017914450261741877,0.007594359572976828,0.007806235633324832,0.006897834362462163
392,392,4.164604187011719,4.164150238037109,2e-05,1.8502682375226762,0.01793261617422104,0.007614715839736164,0.0078242375748232,0.006894232123158872
393,393,4.163968563079834,4.164278984069824,2e-05,1.873201672297429,0.017948332242667675,0.007634828332811594,0.00784517580177635,0.0069219383876770735
394,394,4.164768218994141,4.165081977844238,2e-05,1.893920970520363,0.017928484827280045,0.007656055095139891,0.007867590291425586,0.006967235240153968
395,395,4.1645050048828125,4.165856838226318,2e-05,1.9130000847672732,0.017938012722879648,0.007673986197914928,0.007887353538535535,0.006981030572205782
396,396,4.164801597595215,4.165047645568848,2e-05,1.930609822892403,0.01799058448523283,0.007696300104726106,0.007909634849056602,0.0070195551961660385
397,397,4.164008617401123,4.164989471435547,2e-05,1.9488911187147115,0.017953149508684874,0.007712882535997778,0.007927540806122124,0.007016331423074007
398,398,4.1649370193481445,4.1644134521484375,2e-05,1.9681275231295794,0.01801368687301874,0.007731082558166236,0.007947884383611381,0.007035144488327205
399,399,4.164248466491699,4.165127754211426,2e-05,1.9840201492689002,0.017975994385778904,0.007748984266072512,0.007967798388563097,0.007052184198983014
400,400,4.164289951324463,4.1650543212890625,2e-05,1.9971599222651526,0.017988557927310467,0.00777386303525418,0.007990636629983783,0.007099038455635309
401,401,4.164211273193359,4.164541244506836,2e-05,2.0062937677623776,0.017998759169131517,0.007790030096657574,0.008010489051230252,0.007114814594388008
402,402,4.163702011108398,4.164676666259766,2e-05,2.014088370487434,0.018028819002211094,0.00781464553438127,0.008030111785046756,0.00712941971141845
403,403,4.164578914642334,4.165372371673584,2e-05,2.021377257301256,0.01803307281807065,0.00782572157913819,0.008046338334679604,0.007107883109711111
404,404,4.163931369781494,4.1647748947143555,2e-05,2.0272963315822903,0.018045231699943542,0.007852104376070201,0.00807404168881476,0.0072024635737761855
405,405,4.164833068847656,4.164675712585449,2e-05,2.032653221542916,0.018029876984655857,0.007869016728363931,0.008089209091849625,0.00717109686229378
406,406,4.164125442504883,4.164421081542969,2e-05,2.0417650487420653,0.0180527213960886,0.007887910702265799,0.008111765724606812,0.0072092097252607346
407,407,4.164283275604248,4.164324760437012,2e-05,2.0484947492245715,0.01800839649513364,0.007906572660431266,0.008127016830258071,0.007185591384768486
408,408,4.164458274841309,4.164447784423828,2e-05,2.053296733070002,0.018041324336081743,0.007926781428977847,0.008151096059009433,0.0072426809929311275
409,409,4.164304256439209,4.165019989013672,2e-05,2.0565203561350045,0.018085667863488197,0.007946149329654872,0.008170287823304534,0.007250716560520232
410,410,4.1645731925964355,4.164615631103516,2e-05,2.0595535858597755,0.01805158518254757,0.007961633615195751,0.008188678184524179,0.007252181880176067
411,411,4.164311408996582,4.164563179016113,2e-05,2.061434845651395,0.018080859910696745,0.007985396776348352,0.008211508393287659,0.0073028350016102195
412,412,4.1640543937683105,4.164181709289551,2e-05,2.0634051378485827,0.01808372186496854,0.008007100550457835,0.00823459168896079,0.007353091146796942
413,413,4.16455078125,4.164640426635742,2e-05,2.0645041181171013,0.01811536168679595,0.008022687979973853,0.00825024873483926,0.0073282994562759995
414,414,4.164218425750732,4.164603233337402,2e-05,2.0663832863880796,0.01810419512912631,0.008039004169404507,0.008269509300589561,0.007340337382629514
415,415,4.164194107055664,4.164090633392334,2e-05,2.06762112497615,0.018140194937586784,0.00806119164917618,0.008291209931485355,0.0073755241464823484
416,416,4.163197994232178,4.163726806640625,2e-05,2.069106683465364,0.01813403656706214,0.00808123021852225,0.008311402518302202,0.007396797649562359
417,417,4.164039611816406,4.1635026931762695,2e-05,1.9325713956819386,0.01814279332756996,0.008100904757156968,0.008332560188136995,0.007426525000482798
418,418,4.163745880126953,4.164461135864258,2e-05,1.8024296144792007,0.01816020207479596,0.008119406877085567,0.008351229131221771,0.0074316265527158976
419,419,4.163888454437256,4.164083957672119,2e-05,1.834773028231202,0.018129299860447645,0.008134484523907304,0.008367479429580271,0.00742043333593756
420,420,4.163581848144531,4.165433883666992,2e-05,1.862730038188572,0.01815563440322876,0.008161179255694151,0.008394797099754214,0.0075089308666065335
421,421,4.1639018058776855,4.16384744644165,2e-05,1.8859024919199237,0.018153032287955284,0.00817904993891716,0.008414578856900334,0.007524454151280224
422,422,4.163175582885742,4.164308547973633,2e-05,1.9057312517060097,0.018173943273723125,0.008197976625524461,0.00843473756685853,0.007544394000433385
423,423,4.163557052612305,4.164700508117676,2e-05,1.923616906338595,0.018145136069506407,0.008216524147428572,0.008454665308818221,0.007561006583273411
424,424,4.164480209350586,4.163959503173828,2e-05,1.9393665145681156,0.018186097498983145,0.008233482833020389,0.00846961629576981,0.007531744777224958
425,425,4.163721084594727,4.163811683654785,2e-05,1.953461900351694,0.018207631539553404,0.008256728993728757,0.008496403112076223,0.007614099304191768
426,426,4.1645402908325195,4.164826393127441,2e-05,1.965868337334907,0.01818938087671995,0.008271090569905937,0.008509979816153646,0.007568061584606767
427,427,4.163628578186035,4.163691997528076,2e-05,1.9770094401967073,0.018204910680651665,0.00829338957555592,0.00853280269075185,0.0076139080338180065
428,428,4.164561748504639,4.16491174697876,2e-05,1.9907811803982693,0.018216030672192574,0.00831466936506331,0.008557265740819275,0.007674062740989029
429,429,4.1638054847717285,4.163824081420898,2e-05,2.0038559458965497,0.018241984769701958,0.008335709339007735,0.008579064742662013,0.007708453573286533
430,430,4.162961006164551,4.164213180541992,2e-05,2.012905770372252,0.01823341939598322,0.008351149852387607,0.008594623417593539,0.007683914620429277
431,431,4.1630449295043945,4.164062023162842,2e-05,2.0205149527371806,0.018230839166790247,0.008371782954782248,0.008614340098574758,0.007698803674429655
432,432,4.163541793823242,4.163605213165283,2e-05,2.0261025571075253,0.018247954547405243,0.008393044117838144,0.008636652142740786,0.007737982319667935
433,433,4.163690567016602,4.164019584655762,2e-05,2.0319485950787195,0.018247926607728004,0.008409161120653152,0.008655166020616889,0.007742314715869725
434,434,4.163681983947754,4.163555145263672,2e-05,2.0375461928532324,0.018260108307003975,0.008427361841313541,0.008675202145241201,0.007755188271403313
435,435,4.163694381713867,4.163586616516113,2e-05,2.04223792335787,0.018285742960870266,0.008450133260339499,0.008697740151546896,0.007799601764418185
436,436,4.163264274597168,4.163773059844971,2e-05,2.045927388967289,0.01828514924272895,0.008467965293675661,0.008715860894881189,0.007800127030350268
437,437,4.164245128631592,4.163984775543213,2e-05,2.0483711772303432,0.018288425635546446,0.008489495143294334,0.008739965269342065,0.00785565422847867
438,438,4.16336727142334,4.163858413696289,2e-05,2.0521122429075183,0.01828780910000205,0.008507997379638255,0.008755170623771846,0.007827401743270457
439,439,4.163992404937744,4.163857460021973,2e-05,2.0551065191401445,0.01830044388771057,0.008529842598363757,0.008776925620622933,0.007859711302444339
440,440,4.162508964538574,4.164467811584473,2e-05,2.0621744859695172,0.01834123767912388,0.00854795821942389,0.008800047799013555,0.007904489757493138
441,441,4.163848876953125,4.163917541503906,2e-05,2.0674194878478738,0.01832133624702692,0.008566857315599918,0.008820157498121262,0.007924796314910054
442,442,4.163744926452637,4.163528919219971,2e-05,2.0703164251806445,0.018324829172343016,0.008586121490225196,0.008838236564770341,0.007926373509690166
443,443,4.162955284118652,4.163365364074707,2e-05,2.0712301966050886,0.0183257469907403,0.008604924310930073,0.008857372915372252,0.007935573812574148
444,444,4.1635284423828125,4.162578105926514,2e-05,1.9342599811096248,0.01831367937847972,0.008624845184385777,0.008877490414306521,0.007957827532663941
445,445,4.163084506988525,4.163847923278809,2e-05,1.809075027799187,0.01836118008941412,0.008644908550195396,0.008900508051738143,0.008002307964488864
446,446,4.164058208465576,4.163797378540039,2e-05,1.837329765271734,0.018339314498007298,0.008665936533361673,0.008920890395529568,0.008024423383176327
447,447,4.163053512573242,4.163645267486572,2e-05,1.8646252187122951,0.01838330551981926,0.008683798601850867,0.00894107180647552,0.008040871005505323
448,448,4.1630859375,4.163319110870361,2e-05,1.891005353030561,0.018359052017331123,0.008702156133949757,0.008959993137978017,0.008051801938563585
449,449,4.163361072540283,4.1629204750061035,2e-05,1.9130148095016164,0.018386655021458864,0.008719109930098057,0.0089785490417853,0.008055580547079444
450,450,4.163351535797119,4.163332939147949,2e-05,1.9306580378737452,0.01841653324663639,0.0087405244121328,0.009000412770546973,0.0080902602057904
451,451,4.1628098487854,4.162169933319092,2e-05,1.9459640349153533,0.0184306213632226,0.008761585573665798,0.009021662408486009,0.008117349352687597
452,452,4.162926197052002,4.163304328918457,2e-05,1.8159312324807564,0.018436012789607048,0.008778980700299144,0.009041929733939469,0.008138012606650591
453,453,4.163500785827637,4.16286039352417,2e-05,1.8441783388828146,0.018439868465065956,0.00879748654551804,0.009060096344910562,0.00813769712112844
454,454,4.163091659545898,4.164452075958252,2e-05,1.868995356245327,0.0184204732067883,0.00881710322573781,0.009082261938601732,0.008179079741239548
455,455,4.162920951843262,4.16322135925293,2e-05,1.8899052578926712,0.018427598755806684,0.008839872432872653,0.009104954078793526,0.008217849535867572
456,456,4.162702560424805,4.163750171661377,2e-05,1.9092145196062351,0.018423257861286402,0.008855783729813993,0.009120897389948368,0.008201539516448975
457,457,4.16366720199585,4.163106918334961,2e-05,1.9257621086784853,0.018490910064429045,0.00887617317494005,0.009143376373685896,0.008237764472141862
458,458,4.163182258605957,4.164486885070801,2e-05,1.9398014797404863,0.018489415291696787,0.008898667758330703,0.009164878050796688,0.008269906742498279
459,459,4.163059234619141,4.163061618804932,2e-05,1.9522075847943934,0.0184940742328763,0.008918936946429312,0.00918705458752811,0.008306271396577358
460,460,4.162856101989746,4.163254737854004,2e-05,1.9630178953061552,0.01849234802648425,0.008936497964896262,0.009207856608554721,0.008330742595717311
461,461,4.163477897644043,4.163219451904297,2e-05,1.9747902432341728,0.018539393320679665,0.008959135739132762,0.009228750364854932,0.008351297350600362
462,462,4.163029193878174,4.162683010101318,2e-05,1.9860562987351684,0.018477139994502068,0.008969768299721181,0.009240743238478899,0.008299796609207988
463,463,4.163040637969971,4.162439823150635,2e-05,1.996625424656072,0.018494892865419388,0.008994523785077035,0.009266662527807057,0.00836813380010426
464,464,4.16219425201416,4.163198471069336,2e-05,2.006596739670106,0.01850221073254943,0.009012065711431205,0.009285069187171757,0.008369848364964128
465,465,4.162438869476318,4.162693023681641,2e-05,2.015412644482563,0.018525718711316586,0.009036529227159917,0.009309372748248279,0.008424456231296062
466,466,4.16256046295166,4.1632161140441895,2e-05,2.0223077868809334,0.018514862284064293,0.009052787208929658,0.009326715604402125,0.008423128863796592
467,467,4.162932395935059,4.162660598754883,2e-05,2.0282106102711874,0.01850168127566576,0.00907284568529576,0.009347612736746669,0.008445785148069263
468,468,4.162632465362549,4.16318941116333,2e-05,2.033746446679222,0.018530184403061867,0.009090540814213455,0.009366430924274027,0.008455018512904644
469,469,4.164150238037109,4.163051605224609,2e-05,2.0389002172933037,0.018517913296818733,0.009110291488468647,0.009385068668052554,0.00846306444145739
470,470,4.162468910217285,4.162649154663086,2e-05,2.042849285303771,0.01854965975508094,0.009129859390668571,0.009406109456904233,0.008488795952871442
471,471,4.162946701049805,4.162776947021484,2e-05,2.0462602045909897,0.018564891070127487,0.009147375239990652,0.009429496596567333,0.008534487336874008
472,472,4.163561820983887,4.162297248840332,2e-05,2.050115341695048,0.01859371503815055,0.009165186900645494,0.009444889728911221,0.008517132606357336
473,473,4.162362098693848,4.162885665893555,2e-05,2.0527527741894884,0.01855966867879033,0.009190081036649644,0.009468324366025627,0.008565912721678615
474,474,4.162503242492676,4.162454605102539,2e-05,2.0557847316194535,0.01863753143697977,0.009209233103320003,0.009490432566963136,0.008601058041676879
475,475,4.1631903648376465,4.16307258605957,2e-05,2.0578897670771488,0.018606773111969233,0.009225334506481886,0.009507476817816496,0.008598220767453313
476,476,4.162844181060791,4.164167404174805,2e-05,2.0600016832712873,0.01860136678442359,0.00924501707777381,0.009528502472676337,0.008629393065348268
477,477,4.162918567657471,4.1631879806518555,2e-05,2.0624031289577935,0.01864213729277253,0.009264722699299455,0.009549252805300057,0.008653925498947501
478,478,4.162018775939941,4.162916660308838,2e-05,2.064276592824341,0.018618055619299412,0.009286663495004177,0.00957073480822146,0.008685212815180421
479,479,4.162093162536621,4.162379264831543,2e-05,2.065804243638605,0.01861849706619978,0.009301558486185968,0.009587202337570488,0.008675038116052747
480,480,4.164421081542969,4.161838531494141,2e-05,2.066722415705458,0.01862736279144883,0.009323488571681082,0.009608290856704116,0.008704451145604253
481,481,4.161787033081055,4.1621270179748535,2e-05,1.9299387439998346,0.01863063033670187,0.00933722942136228,0.00962545711081475,0.008702755207195878
482,482,4.16303825378418,4.162598609924316,2e-05,1.948116074115171,0.018660360481590033,0.009359463583678007,0.009648269624449313,0.008745788596570492
483,483,4.1622796058654785,4.162506103515625,2e-05,1.9623916451444592,0.018715776037424803,0.00938075699377805,0.00967047712765634,0.008779872208833694
484,484,4.16282320022583,4.162302017211914,2e-05,1.9749623981869386,0.018682362977415323,0.009405658696778119,0.00969573576003313,0.008845367236062884
485,485,4.162147521972656,4.162474632263184,2e-05,1.986178834423669,0.018688758369535208,0.009421687223948538,0.009713725186884403,0.00884655979461968
486,486,4.162285804748535,4.162816524505615,2e-05,2.00044249153787,0.01873109070584178,0.009438491309992969,0.009730526129715145,0.008835113374516368
487,487,4.162454605102539,4.162057876586914,2e-05,2.0116306951489875,0.0187365235760808,0.009458123124204576,0.009748187963850796,0.008833743166178465
488,488,4.162567615509033,4.1622772216796875,2e-05,2.0197024768848824,0.01871372712776065,0.009478924330323935,0.009770389995537698,0.008869618875905871
489,489,4.162407875061035,4.162535667419434,2e-05,2.026549630622103,0.018705841153860092,0.00949322956148535,0.009785208269022405,0.008845678064972162
490,490,4.162719249725342,4.1618852615356445,2e-05,2.031941561755355,0.01876461086794734,0.009518349077552557,0.009813707205466926,0.008930506650358438
491,491,4.162120819091797,4.162026405334473,2e-05,2.0365222589978402,0.0187467560172081,0.009533999138511717,0.009831500821746886,0.008931176969781518
492,492,4.1621599197387695,4.161914825439453,2e-05,2.0410309011541914,0.01875204499810934,0.00955930631607771,0.009855637443251908,0.008983487728983164
493,493,4.162574768066406,4.162314414978027,2e-05,2.043898146131756,0.018736611120402813,0.009571052622050047,0.00987231486942619,0.008974811993539333
494,494,4.162215232849121,4.162464141845703,2e-05,2.0483556737847177,0.018766723573207855,0.009594064089469612,0.009894192800857127,0.009006792912259698
495,495,4.162569999694824,4.16335916519165,2e-05,2.0518645859749585,0.018757889978587627,0.009610655484721065,0.009911887580528855,0.009005144936963916
496,496,4.161683559417725,4.162323474884033,2e-05,2.0546037518369458,0.01883062068372965,0.009638676303438842,0.009938419214449823,0.00907213194295764
497,497,4.161856651306152,4.163455963134766,2e-05,2.0571531324392005,0.018796883523464203,0.009652722510509193,0.009954301174730062,0.009058219380676746
498,498,4.16151237487793,4.161676406860352,2e-05,2.059338712097134,0.01877289777621627,0.009670222061686218,0.009975786437280476,0.009086258243769407
499,499,4.162158012390137,4.162628173828125,2e-05,1.9234572705155237,0.01882106950506568,0.00969110382720828,0.00999479100573808,0.009095645043998957
500,500,4.161155700683594,4.1624226570129395,2e-05,1.941436579189539,0.018838421441614628,0.00971074216067791,0.01001730712596327,0.00913282297551632
501,501,4.162487030029297,4.163076877593994,2e-05,1.9560604403683055,0.018808971624821424,0.009734043502248824,0.010038678301498294,0.009161332855001092
502,502,4.1615800857543945,4.161728382110596,2e-05,1.9690923328399925,0.018865378573536873,0.009750760160386562,0.01005764037836343,0.00916700973175466
503,503,4.161683559417725,4.162194728851318,2e-05,1.9802498063261949,0.018806348089128733,0.009771345648914576,0.010077609913423657,0.009186240378767252
504,504,4.16217565536499,4.161539077758789,2e-05,1.9942310330916904,0.018851585686206818,0.009790260810405016,0.010099098202772439,0.009212496690452099
505,505,4.161664962768555,4.1617326736450195,2e-05,1.8657261200689212,0.018862363416701555,0.00980902393348515,0.01011900429148227,0.00922979204915464
506,506,4.162144184112549,4.16206693649292,2e-05,1.8883608112762,0.018865918274968863,0.009827756555750966,0.010136436438187957,0.009226759197190404
507,507,4.163305759429932,4.162195205688477,2e-05,1.9072378553067821,0.018893437460064888,0.009853483876213431,0.010162924532778561,0.009296582080423832
508,508,4.161792755126953,4.1627197265625,2e-05,1.9249952273392612,0.018879771698266268,0.009864666615612805,0.010175819392316043,0.00925736129283905
509,509,4.161650657653809,4.1620988845825195,2e-05,1.9409321114519615,0.018908952828496695,0.009890542249195278,0.010201691067777574,0.009320427663624287
510,510,4.1613054275512695,4.162081718444824,2e-05,1.9552206379161496,0.018946006428450346,0.009910516091622412,0.010222754790447652,0.009347290499135852
511,511,4.16281795501709,4.161367416381836,2e-05,1.9680182224003924,0.01889024954289198,0.009923311765305698,0.010239205788820982,0.009338402189314365
512,512,4.1613006591796875,4.162036895751953,2e-05,1.8425033685070948,0.0189290763810277,0.00994738400913775,0.010262111900374293,0.00937819853425026
513,513,4.161843776702881,4.16173791885376,2e-05,1.8676759039687856,0.018933750223368406,0.00996743724681437,0.01028524897992611,0.009420048678293824
514,514,4.161035537719727,4.161778450012207,2e-05,1.8899604816013,0.018920655827969313,0.009981709183193743,0.010301599744707346,0.009412811137735844
515,515,4.160834312438965,4.161284923553467,2e-05,1.9095849384235357,0.018927353899925947,0.010002254275605083,0.010320920613594353,0.009424621937796474
516,516,4.161477565765381,4.161408424377441,2e-05,1.7820256784045652,0.018946509808301926,0.010025227209553123,0.010342946043238044,0.009458607994019985
517,517,4.161038875579834,4.161998271942139,2e-05,1.8129252970569614,0.01896890066564083,0.010043020825833082,0.0103656523860991,0.00949548720382154
518,518,4.161698341369629,4.161760330200195,2e-05,1.8431540753956241,0.018970686942338943,0.010058264480903745,0.010379745392128825,0.00946988957002759
519,519,4.161466598510742,4.16232967376709,2e-05,1.8670813767252765,0.01901739463210106,0.010082581080496311,0.010403407039120793,0.009512974182143807
520,520,4.1604485511779785,4.162128448486328,2e-05,1.8889613789274156,0.018985654693096876,0.010101126856170595,0.010421443381346762,0.009517315775156021
521,521,4.160970211029053,4.161246299743652,2e-05,1.9082732217007636,0.01900468021631241,0.01012159779202193,0.010447651497088373,0.009582130471244454
522,522,4.16209602355957,4.162051200866699,2e-05,1.787672268970316,0.019006984774023294,0.010141572449356318,0.010463920305483043,0.009574632160365582
523,523,4.161571502685547,4.161625862121582,2e-05,1.8189974956640529,0.019058742094784975,0.01015467057004571,0.010481007630005479,0.009568719891831279
524,524,4.161812782287598,4.161120891571045,2e-05,1.846089923548655,0.01900505553930998,0.010173490387387574,0.01050264504738152,0.009600496850907803
525,525,4.162016868591309,4.1624555587768555,2e-05,1.7333157650296336,0.019039211329072714,0.01019960141275078,0.010527756647206843,0.009657717077061534
526,526,4.160643577575684,4.1628522872924805,2e-05,1.7720315476956225,0.019051282200962305,0.010216777678579092,0.010547073208726943,0.009671239648014307
527,527,4.160861968994141,4.1608123779296875,2e-05,1.805854275102831,0.019051679875701666,0.010235721711069345,0.01056392933242023,0.009668874787166715
528,528,4.161529541015625,4.163687705993652,2e-05,1.6958482658351242,0.01908880891278386,0.010255535831674933,0.010586913325823843,0.0097075873054564
529,529,4.161703109741211,4.161127090454102,2e-05,1.7354432016822006,0.019114837050437927,0.010275888838805258,0.010605810559354722,0.009716450003907084
530,530,4.161498069763184,4.161314964294434,2e-05,1.7697404426747536,0.019095229916274548,0.01029493857640773,0.010626097675412893,0.009741279296576977
531,531,4.162173271179199,4.161860466003418,2e-05,1.8004104314440648,0.019113390240818262,0.01031418249476701,0.010647992487065494,0.009771117707714438
532,532,4.161080360412598,4.161517143249512,2e-05,1.8294865849992368,0.01914692809805274,0.010333837242797017,0.010668756207451224,0.009795078076422215
533,533,4.160531044006348,4.1613569259643555,2e-05,1.854419038390675,0.01908376906067133,0.010352952638641,0.010687658214010298,0.009807876544073224
534,534,4.160386085510254,4.16091775894165,2e-05,1.8819832006138748,0.01910716062411666,0.010372249758802354,0.010707347770221531,0.009822998428717256
535,535,4.160923957824707,4.161744594573975,2e-05,1.9051067173952374,0.019144959282130003,0.010393667267635465,0.01073055318556726,0.009863493032753468
536,536,4.161036491394043,4.161381721496582,2e-05,1.9233785269493133,0.019138439558446407,0.010416740202344954,0.010753404581919312,0.009898647433146834
537,537,4.161021709442139,4.161299705505371,2e-05,1.9394298650710344,0.01916133100166917,0.010435388656333089,0.010773260612040758,0.009914170019328594
538,538,4.160395622253418,4.162900447845459,2e-05,1.9537097413272055,0.019139540381729603,0.010445838095620275,0.010787162580527365,0.009887799620628357
539,539,4.160919189453125,4.162036418914795,2e-05,1.966531867890543,0.019184753764420748,0.010469035245478153,0.010810539592057467,0.009927649982273579
540,540,4.161322593688965,4.160593032836914,2e-05,1.9825737061560964,0.01917790761217475,0.01048726576846093,0.010828482802025974,0.00992851355113089
541,541,4.160030364990234,4.160911560058594,2e-05,1.8553948717833144,0.019193302374333143,0.010512111359275877,0.010850745369680226,0.009960821131244302
542,542,4.1603193283081055,4.161468505859375,2e-05,1.8828666423915865,0.019206061493605375,0.01053156633861363,0.010876205749809742,0.01001721783541143
543,543,4.161899566650391,4.16062593460083,2e-05,1.9057588367564482,0.019212516024708748,0.010550192324444652,0.01089478365611285,0.010022654896602035
544,544,4.161538124084473,4.161812782287598,2e-05,1.9253511921320687,0.01922371657565236,0.010568720172159374,0.01091437239665538,0.010036748135462403
545,545,4.160653114318848,4.160225868225098,2e-05,1.9413171258579602,0.019246730022132397,0.010584393749013543,0.010931041790172458,0.010028100572526455
546,546,4.16144323348999,4.161848068237305,2e-05,1.817466280859368,0.019197963178157806,0.010610081604681909,0.010956444428302348,0.010086221620440483
547,547,4.161550521850586,4.1608052253723145,2e-05,1.8453132898329025,0.019236101303249598,0.010626743547618389,0.010974252945743501,0.01008577668108046
548,548,4.1605377197265625,4.161087989807129,2e-05,1.868962663195224,0.019241048954427242,0.010650496231392026,0.010995125747285783,0.010112645803019404
549,549,4.160366535186768,4.161481857299805,2e-05,1.8901182438611033,0.019260395783931017,0.01066549343522638,0.011014006333425641,0.01012181956321001
550,550,4.160265922546387,4.1610188484191895,2e-05,1.9092301084232033,0.019250817131251097,0.010686955298297107,0.011034665629267693,0.010147227440029383
551,551,4.16178035736084,4.160743236541748,2e-05,1.9266490937539273,0.019298570696264505,0.01070314075332135,0.01105415285564959,0.010162195889279246
552,552,4.160761833190918,4.160442352294922,2e-05,1.9423932530213728,0.019279157742857933,0.010720691760070622,0.01107322599273175,0.010174572933465242
553,553,4.160943984985352,4.162304878234863,2e-05,1.956077078758177,0.01930254092440009,0.01074654352851212,0.011098306626081467,0.010227764956653118
554,554,4.160455703735352,4.160165786743164,2e-05,1.9680912054978243,0.019309405237436295,0.010763693950138986,0.011115038068965077,0.01022347528487444
555,555,4.159483909606934,4.161533355712891,2e-05,1.8416200827143723,0.01931422296911478,0.010782789438962936,0.011134283617138863,0.010237574111670256
556,556,4.160396575927734,4.161109924316406,2e-05,1.8655569846966173,0.019356774631887674,0.010803102748468518,0.011157663073390722,0.010278523899614811
557,557,4.160367012023926,4.161699295043945,2e-05,1.88771894682279,0.019313151016831398,0.01081549993250519,0.011171514983288944,0.010257135145366192
558,558,4.160486221313477,4.160741329193115,2e-05,1.9075824982526604,0.019378782715648413,0.01084218651521951,0.011199014610610902,0.010327260009944439
559,559,4.1604084968566895,4.160518646240234,2e-05,1.9260215359721278,0.019369477406144142,0.010860211215913296,0.011217411374673247,0.010336380917578936
560,560,4.160541534423828,4.161134719848633,2e-05,1.9459566429074795,0.01936245057731867,0.010873228078708053,0.011233701836317778,0.010332154342904687
561,561,4.1605377197265625,4.16141414642334,2e-05,1.962188322463227,0.019337459467351437,0.010894004255533218,0.01125407381914556,0.010354799218475819
562,562,4.160347938537598,4.160223960876465,2e-05,1.9753647649636794,0.019341181498020887,0.010911346413195133,0.011272432282567024,0.010364244459196925
563,563,4.1607255935668945,4.160919189453125,2e-05,1.9862970133484905,0.019426783081144094,0.010939568746834993,0.011301557766273618,0.010442931670695543
564,564,4.159895896911621,4.160549640655518,2e-05,1.9948535402053553,0.019382529892027378,0.01094964169897139,0.011311115114949644,0.01039580674842
565,565,4.160680770874023,4.160130500793457,2e-05,2.0036084140839043,0.01940569095313549,0.01097091136034578,0.011336792376823723,0.010453393217176199
566,566,4.161263465881348,4.161282539367676,2e-05,1.8739706371475349,0.019403565675020218,0.0109952682396397,0.011360331089235842,0.010497866431251168
567,567,4.160423755645752,4.161160945892334,2e-05,1.8987058586036338,0.01942324498668313,0.011009403737261891,0.011375502333976328,0.010483772493898869
568,568,4.159914970397949,4.15993595123291,2e-05,1.920047305477698,0.01945432648062706,0.011033155489712954,0.011400595307350159,0.010536633199080825
569,569,4.160496234893799,4.161000728607178,2e-05,1.7925625625600936,0.019437145441770554,0.01104963500984013,0.011417737463489175,0.010540304705500603
570,570,4.160895824432373,4.160507678985596,2e-05,1.8247406190845743,0.019456629175692797,0.011072162305936217,0.011441085254773498,0.010579246096313
571,571,4.160777568817139,4.160042762756348,2e-05,1.8524727094645748,0.019490594044327736,0.01108965091407299,0.011459361296147108,0.010584189556539059
572,572,4.158960342407227,4.159579753875732,2e-05,1.8754731095049464,0.019482534378767014,0.011110541061498225,0.011480463203042746,0.010613927617669106
573,573,4.160541534423828,4.160662651062012,2e-05,1.7441221120171748,0.019513084553182125,0.01112838787958026,0.01150180702097714,0.010637973668053746
574,574,4.1596550941467285,4.16200065612793,2e-05,1.7776281051898484,0.01951671577990055,0.011143389740027487,0.011517412727698684,0.01062440569512546
575,575,4.160287857055664,4.161778926849365,2e-05,1.8081675645632207,0.019525840878486633,0.011164992582052946,0.01153795700520277,0.01064769085496664
576,576,4.160040855407715,4.16110897064209,2e-05,1.8356654908344456,0.019491020124405622,0.01118742919061333,0.011562283267267048,0.010694827884435654
577,577,4.160150527954102,4.159554958343506,2e-05,1.8625429954603516,0.01950526749715209,0.011202316032722592,0.011576825985684991,0.010676275007426739
578,578,4.160480976104736,4.1599955558776855,2e-05,1.739929385554321,0.0195079343393445,0.011225507012568414,0.011599256889894605,0.01071177702397108
579,579,4.160187721252441,4.16066312789917,2e-05,1.7741593097621637,0.019576193764805794,0.011245053843595088,0.011622364982031286,0.010750053683295846
580,580,4.159779071807861,4.159373760223389,2e-05,1.8056506284983527,0.01957426220178604,0.011264249100349844,0.011645180871710181,0.01078613055869937
581,581,4.160394668579102,4.159848213195801,2e-05,1.689424107883352,0.019567194394767284,0.011282790335826576,0.01166164071764797,0.010781619464978576
582,582,4.159915924072266,4.160515785217285,2e-05,1.7317498944157663,0.019567166920751333,0.011302514700219035,0.011679634568281472,0.010791215114295483
583,583,4.159882545471191,4.160308837890625,2e-05,1.7687532528847445,0.01958280708640814,0.01131956500466913,0.01169805834069848,0.010798330651596189
584,584,4.15989875793457,4.160249710083008,2e-05,1.8007402435026052,0.01960499631240964,0.011345229810103774,0.011727500590495765,0.010878157103434205
585,585,4.159532070159912,4.159755706787109,2e-05,1.8288766800202336,0.01961447112262249,0.011359618627466261,0.011744107003323734,0.010872866492718458
586,586,4.160017013549805,4.160010814666748,2e-05,1.8541027887805372,0.019567174836993217,0.011378994095139205,0.011763594229705632,0.010891323443502188
587,587,4.160234451293945,4.160297393798828,2e-05,1.8765340710632568,0.019644610583782196,0.0113983741030097,0.011784366331994534,0.010910300072282553
588,588,4.15933084487915,4.160630226135254,2e-05,1.897061366302543,0.019664430525153875,0.011422130861319602,0.011807004339061677,0.010944240726530552
589,589,4.159307956695557,4.160198211669922,2e-05,1.9151893767464572,0.01962317479774356,0.011440007714554667,0.011822814936749637,0.010935416910797358
590,590,4.159529685974121,4.160200119018555,2e-05,1.9320248528152557,0.019705838058143854,0.011459997622296214,0.011846721637994051,0.010979106649756432
591,591,4.159389495849609,4.1596832275390625,2e-05,1.9465354926919323,0.019625618122518063,0.01147530844900757,0.011866390355862677,0.010995906312018633
592,592,4.160030841827393,4.160325527191162,2e-05,1.9603456956463106,0.019698413088917732,0.011499786167405546,0.011887983768247068,0.011020244797691703
593,593,4.159196376800537,4.159616470336914,2e-05,1.9721452731558478,0.019730236381292343,0.011517581762745976,0.011905744671821594,0.011023801751434803
594,594,4.159364700317383,4.159703731536865,2e-05,1.9878122863968308,0.019678110722452402,0.011535737779922783,0.011928352294489741,0.01105765625834465
595,595,4.160840034484863,4.159007549285889,2e-05,2.000250747540326,0.019736199639737606,0.01155718055088073,0.011951391003094614,0.011092337314039469
596,596,4.160286903381348,4.159704208374023,2e-05,1.8639489605440467,0.019694400019943714,0.011571433860808611,0.011967130820266902,0.011086014797911048
597,597,4.160079002380371,4.1596856117248535,2e-05,1.8883000647420902,0.019736754707992077,0.0115949846804142,0.011986654484644532,0.011098842369392514
598,598,4.159943580627441,4.159663200378418,2e-05,1.908672353527457,0.019777486566454172,0.011619507800787687,0.012012433726340532,0.011151135200634599
599,599,4.15886926651001,4.162280082702637,2e-05,1.930192590001601,0.01973747182637453,0.01163563271984458,0.012029851321130991,0.011152643244713545
600,600,4.160058975219727,4.159401893615723,2e-05,1.94917696694421,0.019779452122747898,0.01165756187401712,0.012053458485752344,0.011191384866833687
601,601,4.160967826843262,4.159663200378418,2e-05,1.9640214334014396,0.019753550179302692,0.011676665162667632,0.012071694596670568,0.011199423111975193
602,602,4.158605575561523,4.160421371459961,2e-05,1.975963769630008,0.019786686170846224,0.011692129541188478,0.01209344423841685,0.011224335292354226
603,603,4.159793853759766,4.158880233764648,2e-05,1.9868261724701934,0.01980686653405428,0.011717327288351953,0.012113754521124065,0.011243634158745408
604,604,4.1599507331848145,4.159123420715332,2e-05,1.8509186696801325,0.019824450835585594,0.011736504500731826,0.012138130608946085,0.011289161862805486
605,605,4.159122467041016,4.1601457595825195,2e-05,1.8759192563028877,0.01981591386720538,0.011758079170249403,0.012159968726336956,0.011314681498333812
606,606,4.158237934112549,4.158980369567871,2e-05,1.8967463396506772,0.019860088359564543,0.011781057110056281,0.012182042468339205,0.011342244921252131
607,607,4.159397602081299,4.159839630126953,2e-05,1.9149552899974263,0.019841725938022137,0.01179887680336833,0.012199582299217582,0.011342540150508285
608,608,4.1600236892700195,4.159816741943359,2e-05,1.9319682756817698,0.01983660226687789,0.011803078814409673,0.012210137443616986,0.011302001774311066
609,609,4.159719944000244,4.161144256591797,2e-05,1.9467614021688013,0.019845357164740562,0.011827790411189198,0.012233590125106275,0.01134116924367845
610,610,4.157566070556641,4.160118103027344,2e-05,1.9602808424952851,0.019865612033754587,0.011854203301481903,0.012262119096703827,0.011409780709072948
611,611,4.158258438110352,4.160393714904785,2e-05,1.9720449021517157,0.019894509576261044,0.0118684092303738,0.012275302549824119,0.011383836390450597
612,612,4.158755302429199,4.1589674949646,2e-05,1.9823907505809373,0.01992122596129775,0.011898432276211679,0.012303384020924568,0.011449018958956003
613,613,4.159928321838379,4.159834861755371,2e-05,1.9944412851012445,0.019910001195967197,0.011913876980543137,0.012321490212343633,0.0114554010797292
614,614,4.159444808959961,4.159462928771973,2e-05,2.0064186819855965,0.019896785262972116,0.011935470858588815,0.012345999712124467,0.011499146930873394
615,615,4.158596992492676,4.159646034240723,2e-05,2.0194233664802548,0.01987349893897772,0.011945532402023673,0.01235810259822756,0.011467803735285997
616,616,4.158932685852051,4.160235404968262,2e-05,2.0305286367766913,0.019957055803388357,0.011972034932114184,0.012386506889015436,0.011533632408827543
617,617,4.158596038818359,4.160892486572266,2e-05,2.038948457320255,0.01995456963777542,0.01199469540733844,0.012408821377903223,0.011564234038814902
618,618,4.1589813232421875,4.159061431884766,2e-05,2.044441360988507,0.019967190455645323,0.012013837229460478,0.012427558889612556,0.011570126982405782
619,619,4.1580281257629395,4.159411907196045,2e-05,2.0490668966590615,0.01995621621608734,0.012024058145470917,0.012439878657460213,0.011543420376256108
620,620,4.158231258392334,4.158107757568359,2e-05,2.0522640725137173,0.019975910428911448,0.012045535375364125,0.012462930986657739,0.011579750338569283
621,621,4.158374309539795,4.159852027893066,2e-05,1.9106096094584337,0.01996171986684203,0.012074382160790265,0.012488938635215163,0.011633920716121793
622,622,4.158695220947266,4.159952640533447,2e-05,1.9291598801066945,0.01999858906492591,0.012086973176337779,0.012506883009336889,0.011635832022875547
623,623,4.158652305603027,4.159035682678223,2e-05,1.9455062986393477,0.019982032477855682,0.012108932249248028,0.012527575134299695,0.01165926456451416
624,624,4.160002708435059,4.15903902053833,2e-05,1.959496523860273,0.020025037694722414,0.012128595961257815,0.01254922873340547,0.011686430079862475
625,625,4.1582841873168945,4.159134864807129,2e-05,1.9713760761178638,0.020001749508082867,0.012144846725277603,0.012565846089273691,0.011684713419526815
626,626,4.157986164093018,4.158422470092773,2e-05,1.9827295732825736,0.020063689444214106,0.01216222159564495,0.012584844138473272,0.011694062734022737
627,627,4.159640312194824,4.160149574279785,2e-05,1.9925480937501345,0.020048591308295727,0.012189291068352759,0.012611885671503842,0.011755794286727905
628,628,4.15773868560791,4.158698081970215,2e-05,2.0006318897171407,0.02003172878175974,0.012204916216433048,0.012625539675354958,0.01173640345223248
629,629,4.158757209777832,4.159379005432129,2e-05,2.00858588315251,0.020094830077141523,0.012233368470333517,0.012656621052883565,0.011817371007055044
630,630,4.158186912536621,4.158961296081543,2e-05,2.0159997799597824,0.020059369038790464,0.012244031531736255,0.012672369834035635,0.011811443138867617
631,631,4.159013748168945,4.158766746520996,2e-05,2.0223328470380078,0.020067094825208187,0.012267174432054162,0.012692963238805532,0.01183158764615655
632,632,4.15859317779541,4.159136772155762,2e-05,2.028235642842644,0.020140507724136114,0.012290249695070088,0.012718783924356103,0.01187941269017756
633,633,4.159272193908691,4.159252166748047,2e-05,2.0336944909910537,0.020096587482839823,0.012308242730796337,0.012737500830553472,0.011889581102877855
634,634,4.157381057739258,4.158189296722412,2e-05,2.038364507344625,0.020110406912863255,0.012328134151175618,0.012757900287397206,0.011907984968274832
635,635,4.158867835998535,4.159755706787109,2e-05,2.0425130608217494,0.020068973302841187,0.01234471972566098,0.01277189189568162,0.011890895431861281
636,636,4.158139228820801,4.158738136291504,2e-05,2.0470467299409973,0.020108682103455067,0.01236342138145119,0.012791993212886155,0.011908280430361629
637,637,4.158332824707031,4.158758640289307,2e-05,2.0498406533776112,0.02008717879652977,0.012382765184156597,0.012814988382160664,0.011941332835704088
638,638,4.158817768096924,4.158472061157227,2e-05,2.056546973769643,0.020109530072659254,0.01240225334186107,0.012833715067245066,0.011953885667026043
639,639,4.157383441925049,4.159970283508301,2e-05,2.0640230137288276,0.02023510681465268,0.012425554799847305,0.012858842499554157,0.011996536049991846
640,640,4.159083366394043,4.158834934234619,2e-05,2.070819040919293,0.020188224036246538,0.012450226582586765,0.012884766678325832,0.012048304313793778
641,641,4.158635139465332,4.159454345703125,2e-05,2.0758797206818342,0.02018510876223445,0.012465515872463584,0.012896718457341194,0.012021344620734453
642,642,4.158168315887451,4.158257961273193,2e-05,2.0772164778057185,0.02020180458202958,0.012485078303143382,0.012924184557050467,0.01207931712269783
643,643,4.158534049987793,4.159902572631836,2e-05,2.077717692788421,0.02021688036620617,0.01250654412433505,0.012941644294187427,0.01208273065276444
644,644,4.157778739929199,4.158763408660889,2e-05,2.0786137494125634,0.020191421266645193,0.012525305268354714,0.01296410197392106,0.012114727403968573
645,645,4.158056259155273,4.159213066101074,2e-05,2.0781967924368123,0.020236223004758358,0.01254757132846862,0.012986702844500542,0.012144225649535656
646,646,4.158910751342773,4.158901214599609,2e-05,2.0782359759465803,0.02023818949237466,0.012564346427097917,0.013004667242057621,0.012148516485467553
647,647,4.158360004425049,4.1587700843811035,2e-05,2.0805831445268463,0.020245011430233717,0.012584493146277964,0.013023930368945003,0.012160926358774304
648,648,4.158384323120117,4.158664703369141,2e-05,2.084459060294204,0.020237194374203682,0.012601194437593222,0.013045516214333475,0.01218465669080615
649,649,4.15934419631958,4.158341407775879,2e-05,2.0869244494868413,0.020301461685448885,0.012625746428966522,0.013070317101664841,0.012226661201566458
650,650,4.158137798309326,4.157750129699707,2e-05,2.086972098512452,0.02023934666067362,0.01263901311904192,0.013086822931654751,0.012225372483953834
651,651,4.1578192710876465,4.157584190368652,2e-05,1.9419343528702098,0.020327637437731028,0.012666959664784372,0.013109431602060795,0.012251828564330935
652,652,4.1581010818481445,4.157853126525879,2e-05,1.8109635742266612,0.02027584472671151,0.012682550004683435,0.013127536396495998,0.012261930387467146
653,653,4.158164978027344,4.1567840576171875,2e-05,1.8389969236554475,0.020297852344810963,0.012698828591965139,0.013145898235961795,0.012270166305825114
654,654,4.158415794372559,4.157960891723633,2e-05,1.7195679566661761,0.02033508801832795,0.012727280496619642,0.01317552023101598,0.012336935615167022
655,655,4.158919334411621,4.158064842224121,2e-05,1.7583241333439252,0.020382359623908997,0.012743287719786167,0.013195306644774973,0.012352469842880964
656,656,4.158239364624023,4.157332897186279,2e-05,1.7933012645795947,0.020315425004810095,0.01276247133500874,0.013213093858212233,0.012358811683952808
657,657,4.158114433288574,4.157711982727051,2e-05,1.8227212040343503,0.020369161386042833,0.012784562772139907,0.013234567129984498,0.012383574154227972
658,658,4.1588664054870605,4.158978462219238,2e-05,1.8489526237590024,0.020348950754851103,0.0128031971398741,0.013253450742922723,0.01239279331639409
659,659,4.157486915588379,4.158258438110352,2e-05,1.8776490880573968,0.020414491184055805,0.01282544492278248,0.01327820005826652,0.012433229247108102
660,660,4.157085418701172,4.15830135345459,2e-05,1.9011957969427635,0.02036720234900713,0.012841141084209085,0.013297688099555671,0.012448318535462022
661,661,4.157952785491943,4.157842636108398,2e-05,1.920140887650228,0.02036720560863614,0.012853784603066742,0.013310741982422769,0.012430279515683651
662,662,4.156917095184326,4.157702445983887,2e-05,1.9367722069395612,0.02038166718557477,0.012872266001068056,0.013331844238564372,0.012452129274606705
663,663,4.158858299255371,4.15778112411499,2e-05,1.951265770974031,0.020417979452759027,0.012909187702462077,0.013363364851102233,0.012527932645753026
664,664,4.15720272064209,4.156798362731934,2e-05,1.964339734291836,0.02042302582412958,0.012921901536174119,0.013377560884691775,0.012515817303210497
665,665,4.159483909606934,4.159577369689941,2e-05,1.975925418927961,0.020429362077265978,0.012944385292939842,0.01339780690614134,0.012532066786661744
666,666,4.156948089599609,4.158962726593018,2e-05,1.9863203561391125,0.020443592220544815,0.012957900995388627,0.013418528833426535,0.012555425520986319
667,667,4.157284736633301,4.158390998840332,2e-05,1.9955595433228175,0.02048247680068016,0.012976165278814733,0.013437037589028478,0.012563735246658325
668,668,4.156877517700195,4.158389091491699,2e-05,2.0037932626506034,0.02051137574017048,0.01300430262926966,0.013466169591993093,0.01262723095715046
669,669,4.15753173828125,4.157812118530273,2e-05,2.011154217458751,0.020480376668274403,0.013009869260713458,0.01347827271092683,0.012606516946107149
670,670,4.157777786254883,4.158641338348389,2e-05,2.0232267228355956,0.02051005233079195,0.013040160643868148,0.013503565569408238,0.012648500269278884
671,671,4.157269477844238,4.158912181854248,2e-05,2.032427918364381,0.02052450366318226,0.013048438355326653,0.013515673344954848,0.012627267045900226
672,672,4.158229351043701,4.1583757400512695,2e-05,2.0385352573077586,0.020479501225054264,0.013075603055767715,0.013539216946810484,0.012666662456467748
673,673,4.157944679260254,4.158198833465576,2e-05,2.042827726396064,0.02050359733402729,0.013099095900543034,0.013564189546741545,0.01271273847669363
674,674,4.157815456390381,4.159358024597168,2e-05,2.0465596605642404,0.020565904211252928,0.013110781903378665,0.01358122134115547,0.012713492615148425
675,675,4.158027648925781,4.158877372741699,2e-05,2.050049689326898,0.02053502667695284,0.01313271268736571,0.013600887730717659,0.012734002666547894
676,676,4.157505989074707,4.157839775085449,2e-05,2.052656690568072,0.02060483442619443,0.0131586161442101,0.013627578737214208,0.012781281489878893
677,677,4.157835006713867,4.158745765686035,2e-05,2.055621326120957,0.020571600180119276,0.013172660139389336,0.013641647528856993,0.012773900991305709
678,678,4.158342361450195,4.157114505767822,2e-05,2.0588217256845,0.020556800067424774,0.013186970027163625,0.013661695178598166,0.012792001711204648
679,679,4.157127380371094,4.157817840576172,2e-05,2.0609592111813586,0.020553151611238718,0.013208398828282952,0.013680659350939095,0.01280494499951601
680,680,4.157411575317383,4.158819198608398,2e-05,2.0625961642736264,0.02054600277915597,0.013226508628576994,0.013700285577215254,0.012824200559407473
681,681,4.157632827758789,4.159601211547852,2e-05,2.064311653077366,0.020617244765162468,0.01324181875679642,0.013717672787606716,0.012827293248847127
682,682,4.15805721282959,4.157490253448486,2e-05,2.065890243555579,0.020654646679759026,0.01326894829981029,0.01374490256421268,0.01288271602243185
683,683,4.156645774841309,4.15708589553833,2e-05,2.0668392359292724,0.02065621828660369,0.013285820023156703,0.0137630122480914,0.012894967570900917
684,684,4.157924175262451,4.157787322998047,2e-05,2.068199730225264,0.020615524612367153,0.013309741741977632,0.01378753175958991,0.01293677999638021
685,685,4.156669616699219,4.157655715942383,2e-05,2.069468757630581,0.0207062060944736,0.0133316918509081,0.013805941096507013,0.01294582081027329
686,686,4.157817840576172,4.158137321472168,2e-05,2.0707100230461926,0.020625101402401924,0.01334329228848219,0.013821462169289589,0.012944006593897939
687,687,4.156562328338623,4.1576337814331055,2e-05,2.071108061774447,0.02067488618195057,0.013365579536184669,0.013849419890902936,0.013000261969864368
688,688,4.157022953033447,4.156796455383301,2e-05,2.072160602732634,0.020658773370087147,0.013376970659010112,0.013856122153811157,0.012955063953995705
689,689,4.156764984130859,4.158653259277344,2e-05,2.072521994468034,0.020718712359666824,0.013404481927864254,0.013887716340832412,0.013029464520514011
690,690,4.156890869140625,4.158293724060059,2e-05,2.0732572741251785,0.020705086644738913,0.013429993879981339,0.01391066808719188,0.013064104598015547
691,691,4.156824111938477,4.157414436340332,2e-05,2.0740255019354423,0.02073219744488597,0.013447504956275225,0.013929307460784912,0.013073773356154561
692,692,4.157207489013672,4.1576104164123535,2e-05,2.0732776191448017,0.020726890303194523,0.013456075685098767,0.013947431812994182,0.01308325701393187
693,693,4.156036853790283,4.1575846672058105,2e-05,2.072475110605926,0.020727372728288174,0.01348524319473654,0.013970255851745605,0.013115005334839225
694,694,4.1566596031188965,4.158046722412109,2e-05,2.076189806935984,0.020753952208906412,0.013506266055628657,0.01399463159032166,0.013153970008715987
695,695,4.156982421875,4.158595085144043,2e-05,2.076227193786671,0.020757606253027916,0.01352366793435067,0.01401350274682045,0.013167219003662467
696,696,4.156317710876465,4.160426139831543,2e-05,2.0781126942974604,0.020822471007704735,0.013544066809117794,0.014034427469596267,0.013188219862058759
697,697,4.156538009643555,4.157129764556885,2e-05,2.082753434894668,0.020800958387553692,0.013568423688411713,0.014058655709959567,0.013224209425970912
698,698,4.155834674835205,4.156925201416016,2e-05,2.0851809033989035,0.020839173812419176,0.013584776548668742,0.014075287152081728,0.013223858550190926
699,699,4.156641006469727,4.156848907470703,2e-05,2.0853256568015524,0.020940865855664015,0.013612295035272837,0.014102091314271092,0.013269521063193679
700,700,4.156647682189941,4.157061576843262,2e-05,2.08537625264002,0.02080605085939169,0.013626866042613983,0.014115234022028744,0.013257748447358608
701,701,4.156876564025879,4.156749248504639,2e-05,2.0853769943815723,0.02083037653937936,0.013645055703818798,0.014136289712041616,0.013277026358991861
702,702,4.156435966491699,4.15675163269043,2e-05,1.9401606675603305,0.020845997612923384,0.013665650156326592,0.014157620258629322,0.013298975769430399
703,703,4.157161712646484,4.157432556152344,2e-05,1.9563052588492127,0.020843792241066694,0.01368734345305711,0.014181193662807345,0.01333396858535707
704,704,4.156366348266602,4.158042907714844,2e-05,1.9720937010671722,0.02082868479192257,0.013697741087526083,0.014196104253642261,0.013324368977919221
705,705,4.157174110412598,4.157284259796143,2e-05,1.9836044839157772,0.020915142726153135,0.01372454536613077,0.014222218189388514,0.013368967920541763
706,706,4.1574201583862305,4.1573486328125,2e-05,1.9938969156595412,0.02093732124194503,0.013746018172241747,0.014240297372452915,0.013376279268413782
707,707,4.156380653381348,4.157221794128418,2e-05,2.0082112437651554,0.02089289715513587,0.013756167376413941,0.014257530914619565,0.013379978481680155
708,708,4.158171653747559,4.158446311950684,2e-05,2.0188142021365785,0.020951485726982355,0.013782913563773036,0.014285322627983987,0.013434447813779116
709,709,4.157753944396973,4.156791687011719,2e-05,2.0259324563132486,0.020952059421688318,0.01380686613265425,0.014306701254099607,0.013455766951665282
710,710,4.15778923034668,4.158262252807617,2e-05,2.0318029629054952,0.020965702831745148,0.013824094901792705,0.014324704883620143,0.013463158858940005
711,711,4.157656669616699,4.1587724685668945,2e-05,2.037223253419466,0.020900629926472902,0.01384757412597537,0.014347910764627159,0.01349565596319735
712,712,4.15699577331543,4.157597064971924,2e-05,2.0434520616110987,0.020971452817320824,0.013871872215531766,0.01437294774223119,0.01353135984390974
713,713,4.156260967254639,4.156297206878662,2e-05,2.050602569221558,0.02096332097426057,0.013882481027394533,0.014392206096090376,0.013544001383706927
714,714,4.1569318771362305,4.1568603515625,2e-05,1.9096423110853002,0.020970957819372416,0.01390199747402221,0.01440665835980326,0.013535251375287771
715,715,4.157327651977539,4.156464576721191,2e-05,1.9291880313074488,0.020957077853381634,0.013922057580202818,0.014427351881749928,0.013555185869336128
716,716,4.156020641326904,4.156970024108887,2e-05,1.9446807818144582,0.020978951826691628,0.013947159401141107,0.01445114763919264,0.013588881120085716
717,717,4.157868385314941,4.157316207885742,2e-05,1.9582447408734023,0.02101760543882847,0.01396396174095571,0.014474770985543728,0.013620274374261498
718,718,4.156932830810547,4.157793998718262,2e-05,1.971192773044125,0.021083885338157415,0.013989668572321534,0.014500889810733497,0.013662007404491305
719,719,4.156598091125488,4.156800270080566,2e-05,1.9819644976657749,0.02102943044155836,0.014005740638822317,0.014512842753902078,0.013644757680594921
720,720,4.1565351486206055,4.156527519226074,2e-05,1.9930530050808197,0.02100514341145754,0.014026118791662157,0.01453495945315808,0.013669703854247928
721,721,4.155576705932617,4.156404972076416,2e-05,2.000583334811272,0.02102696616202593,0.014050640631467104,0.01456060353666544,0.01371000218205154
722,722,4.156188011169434,4.155369758605957,2e-05,2.0080556256125557,0.021043058950453997,0.014062622678466141,0.014575801091268659,0.013704664772376418
723,723,4.156403541564941,4.157095909118652,2e-05,1.8708055951418163,0.02110065007582307,0.014080510940402746,0.014595304266549647,0.01371865114197135
724,724,4.155734539031982,4.157010078430176,2e-05,1.8934670620143577,0.021082796156406403,0.014103386085480452,0.014618917368352413,0.013752372236922383
725,725,4.156725883483887,4.1570234298706055,2e-05,1.9140563591872228,0.02103420067578554,0.014120514504611492,0.014636341948062181,0.013759299647063017
726,726,4.1557722091674805,4.1579484939575195,2e-05,1.9310349452210689,0.02108568837866187,0.014142727013677359,0.014662094763480127,0.013799881329759955
727,727,4.155551910400391,4.158749580383301,2e-05,1.946636650390153,0.02104636514559388,0.014162924839183688,0.014680593274533749,0.013815076323226094
728,728,4.156601428985596,4.157086372375488,2e-05,1.9599381925439887,0.02112392522394657,0.014176475931890309,0.014698155224323273,0.013819876592606306
729,729,4.157918930053711,4.156661033630371,2e-05,1.9722466431819468,0.021151245571672916,0.014202129910700023,0.014724508044309914,0.013864734675735235
730,730,4.155261039733887,4.155884265899658,2e-05,1.9830391612708351,0.021161457523703575,0.014223249047063291,0.014742681407369673,0.013875887729227543
731,731,4.156254768371582,4.157020568847656,2e-05,1.9929010714179285,0.021194360218942165,0.014241858036257327,0.014760759309865534,0.013884683605283499
732,732,4.156005382537842,4.155331134796143,2e-05,2.001314216316319,0.021165206097066402,0.014260789612308145,0.014785343315452337,0.013922280631959438
733,733,4.156342029571533,4.157498836517334,2e-05,1.865051379613698,0.021212677471339703,0.014288095058873296,0.014808602631092072,0.013953292276710272
734,734,4.155668258666992,4.158029556274414,2e-05,1.8892769969684156,0.02114480547606945,0.014291501953266561,0.014816715149208903,0.013922893209382892
735,735,4.157562255859375,4.157716751098633,2e-05,1.9117478092685931,0.02125069871544838,0.014322179020382464,0.014847206301055849,0.013984505087137222
736,736,4.158251762390137,4.155982971191406,2e-05,1.9316651730838605,0.021179999224841595,0.01432594412472099,0.014854651526547968,0.01395109947770834
737,737,4.156102657318115,4.156778335571289,2e-05,1.947583333083722,0.021260655485093594,0.014352689147926867,0.014882598770782351,0.014003932708874345
738,738,4.155723571777344,4.155989646911621,2e-05,1.9645307696081729,0.021243704482913017,0.014381277956999838,0.014908020501025021,0.014048474375158548
739,739,4.157240867614746,4.156299591064453,2e-05,1.9794787614411238,0.021291332319378853,0.014399382402189076,0.014930481323972344,0.014077153755351901
740,740,4.155858039855957,4.156265735626221,2e-05,1.9918457980483417,0.021274345461279154,0.014412228483706713,0.01494417991489172,0.014069687807932496
741,741,4.154406547546387,4.156174182891846,2e-05,2.0012891935232586,0.021293725352734327,0.014434617361985147,0.01496946532279253,0.014111656229943037
742,742,4.15606689453125,4.156217575073242,2e-05,2.009631485469879,0.021318485494703054,0.014453717623837292,0.014982948661781847,0.014101527165621519
743,743,4.155544281005859,4.1563029289245605,2e-05,2.0167251369340513,0.02133032586425543,0.014476061332970858,0.015008813352324069,0.014145450899377465
744,744,4.155762672424316,4.156764030456543,2e-05,2.023377237301545,0.02136369701474905,0.014495845884084702,0.015032318187877536,0.014179589925333858
745,745,4.1557512283325195,4.156140327453613,2e-05,2.0295778805769453,0.021372230723500252,0.014510751352645457,0.015048436587676406,0.014179343823343515
746,746,4.156963348388672,4.155521392822266,2e-05,2.034219733459182,0.021353560499846935,0.01453956717159599,0.01507535285782069,0.014227083185687661
747,747,4.155403137207031,4.1558990478515625,2e-05,2.038197871282963,0.021426502149552107,0.014556841226294637,0.015094849397428334,0.014241814147680998
748,748,4.156086444854736,4.15625524520874,2e-05,2.042712630495909,0.02137901820242405,0.014567994163371623,0.015110057429410517,0.014238792704418302
749,749,4.155376434326172,4.155660629272461,2e-05,2.046184117591172,0.02137471968308091,0.014595685410313308,0.015136791276745498,0.014285913901403546
750,750,4.155108451843262,4.155266761779785,2e-05,2.0501115372536427,0.021435914561152458,0.014613089035265148,0.015154873603023589,0.014291857602074742
751,751,4.156389236450195,4.156477928161621,2e-05,1.9090276003499127,0.021398136392235756,0.014633366838097572,0.015171937993727624,0.0142972890753299
752,752,4.155496597290039,4.157143592834473,2e-05,1.9293649516092457,0.021390836220234632,0.01465564442332834,0.015197171247564256,0.014339407440274954
753,753,4.154894828796387,4.156246185302734,2e-05,1.9482650814914977,0.021428889129310846,0.014666996197775006,0.015214024693705142,0.014341450529173017
754,754,4.156618595123291,4.156586170196533,2e-05,1.9641972793934679,0.021395510993897915,0.014688935945741832,0.015235026949085295,0.014365262817591429
755,755,4.155587196350098,4.155222415924072,2e-05,1.976300991230523,0.021505312528461218,0.014708346920087934,0.01525437377858907,0.014377488056197762
756,756,4.156723976135254,4.156530380249023,2e-05,1.8414859376906776,0.02148418501019478,0.014734906144440174,0.015281376196071506,0.014425166882574558
757,757,4.156883239746094,4.15511417388916,2e-05,1.8662870488735834,0.021465747617185116,0.014750268426723778,0.015302150277420878,0.014446617104113102
758,758,4.15597677230835,4.155354022979736,2e-05,1.7429327251161073,0.02141409646719694,0.014771498274058104,0.015319888130761683,0.01445804419927299
759,759,4.155765056610107,4.155861854553223,2e-05,1.779759644037594,0.021431878209114075,0.014789510169066489,0.015338664990849793,0.01446800003759563
760,760,4.155962944030762,4.156811237335205,2e-05,1.813233339319513,0.021536690182983875,0.014815064147114754,0.015361228957772255,0.014493772760033607
761,761,4.156050682067871,4.156792640686035,2e-05,1.8419090654831678,0.021565507166087627,0.014826032100245357,0.015380543656647205,0.01450810325331986
762,762,4.154840469360352,4.156333923339844,2e-05,1.8661023808874195,0.02148431818932295,0.014840851305052638,0.015399223542772233,0.014521978562697768
763,763,4.155435562133789,4.155742645263672,2e-05,1.8877621462415253,0.02151142293587327,0.014866646029986441,0.015424217912368476,0.014558089664205909
764,764,4.155609130859375,4.154325485229492,2e-05,1.9070303495062921,0.021541015710681677,0.014889851096086204,0.015442544710822403,0.014568330952897668
765,765,4.155800819396973,4.154541969299316,2e-05,1.77917013881767,0.021585578564554453,0.014906271710060537,0.015463921357877553,0.014590121805667877
766,766,4.156307220458984,4.157207489013672,2e-05,1.809938390274174,0.02163277706131339,0.01493672956712544,0.015491748577915132,0.014638446969911456
767,767,4.1573286056518555,4.155912399291992,2e-05,1.8377968844877357,0.02158283069729805,0.014947593910619617,0.015507297241128981,0.01463732891716063
768,768,4.15551233291626,4.155618667602539,2e-05,1.8622574239380467,0.021622819360345602,0.014965164242312312,0.015525480033829808,0.014646620023995638
769,769,4.155313968658447,4.154213905334473,2e-05,1.884162805251524,0.021559798624366522,0.014987623202614486,0.015543395071290433,0.014656011015176773
770,770,4.155567646026611,4.154511451721191,2e-05,1.7591420793793875,0.02164976904168725,0.01501274190377444,0.015574109042063355,0.014716156059876084
771,771,4.15509557723999,4.156861782073975,2e-05,1.7934163291837895,0.02161965100094676,0.015031988266855478,0.015595170203596354,0.014737228862941265
772,772,4.1545562744140625,4.154986381530762,2e-05,1.8255115667087256,0.021634128876030445,0.015044136671349406,0.015607379376888275,0.014721564017236233
773,773,4.154819488525391,4.154788017272949,2e-05,1.8515609968423732,0.021631489973515272,0.015068923588842154,0.015633351868018508,0.014763955725356936
774,774,4.156530857086182,4.154783725738525,2e-05,1.8751624426499376,0.021693576592952013,0.015094422618858516,0.01565492805093527,0.014785198494791985
775,775,4.155282020568848,4.1556878089904785,2e-05,1.9003153443543987,0.021679056342691183,0.015104550868272781,0.015669377287849784,0.014780896482989192
776,776,4.1550703048706055,4.157442092895508,2e-05,1.920869848267142,0.021665228996425867,0.015124798519536853,0.01569216698408127,0.014811108820140362
777,777,4.155364990234375,4.156343460083008,2e-05,1.938628131634266,0.02171094110235572,0.015151608968153596,0.01571722235530615,0.014846461592242122
778,778,4.154120445251465,4.156916618347168,2e-05,1.9530452489872545,0.021708696614950895,0.01516999420709908,0.015733091393485665,0.014847744721919298
779,779,4.155212879180908,4.1544623374938965,2e-05,1.9670331992296737,0.021763816941529512,0.015186963486485183,0.01575975213199854,0.014889666577801108
780,780,4.155389785766602,4.156116485595703,2e-05,1.978057815901997,0.021732818335294724,0.01520826737396419,0.015778728062286973,0.014905942836776376
781,781,4.156167984008789,4.155622482299805,2e-05,1.993162099101828,0.021761903539299965,0.01523589703720063,0.015803510090336204,0.014944053953513503
782,782,4.154534816741943,4.154270648956299,2e-05,2.0050860004859694,0.021725567057728767,0.015249866060912609,0.015820378670468926,0.014948050025850534
783,783,4.15476131439209,4.156848430633545,2e-05,2.0137546595199183,0.021784294862300158,0.015269851661287248,0.015842431224882603,0.014971581054851413
784,784,4.155730247497559,4.155183792114258,2e-05,2.020850404866873,0.021750913467258215,0.015289512928575277,0.015863903798162937,0.014997406164184213
785,785,4.154887676239014,4.155154705047607,2e-05,2.0270850126560434,0.021785644814372063,0.015306751243770123,0.015878015430644155,0.01499120844528079
786,786,4.154660224914551,4.156013488769531,2e-05,2.032430834859241,0.021839230787009,0.015328703564591706,0.01590296416543424,0.015024886932224035
787,787,4.154632091522217,4.154600143432617,2e-05,2.036104183475143,0.02177992044016719,0.015353363356553018,0.015929485205560923,0.015070312656462193
788,788,4.155638694763184,4.155399799346924,2e-05,2.0409898438667597,0.021825742442160845,0.015368485124781728,0.015942329540848732,0.015057996148243546
789,789,4.155444145202637,4.156296253204346,2e-05,2.0447917523819377,0.02186507871374488,0.015391570515930653,0.01596783148124814,0.015097580151632428
790,790,4.154895782470703,4.155422210693359,2e-05,2.04859995358639,0.02188357012346387,0.015402447432279587,0.015987503342330456,0.015113408910110593
791,791,4.156927585601807,4.155299186706543,2e-05,2.0521043070933254,0.0218537007458508,0.015431262785568833,0.01601083716377616,0.015143415192142129
792,792,4.154608726501465,4.1547393798828125,2e-05,2.055089456927356,0.021895296406000853,0.015446788747794926,0.016031397506594658,0.015161490300670266
793,793,4.1550421714782715,4.155272483825684,2e-05,2.057967217589611,0.021869724616408348,0.015466561308130622,0.016046340577304363,0.015161323361098766
794,794,4.154366493225098,4.155145645141602,2e-05,2.0613978332610734,0.021904504392296076,0.015485915006138384,0.01607348071411252,0.015205933013930917
795,795,4.1555023193359375,4.155067443847656,2e-05,2.0671203518335797,0.02190443268045783,0.015505525865592062,0.016087271040305495,0.015201654518023133
796,796,4.153943061828613,4.153546333312988,2e-05,2.073653464259445,0.0219145598821342,0.015527689130976796,0.016113233752548695,0.015239157248288393
797,797,4.15489387512207,4.156562805175781,2e-05,1.9115299153267578,0.02198183909058571,0.015546018024906516,0.016132300021126866,0.015253206947818398
798,798,4.1540751457214355,4.156339168548584,2e-05,1.931808678973624,0.02193821081891656,0.015564585803076625,0.01615198003128171,0.015270719304680824
799,799,4.155808925628662,4.155400276184082,2e-05,1.9495874722747257,0.021985271014273167,0.015585129614919424,0.016173972049728036,0.015296482248231769
800,800,4.155215740203857,4.154800891876221,2e-05,1.9639412507213072,0.02196754002943635,0.01560741406865418,0.01619267137721181,0.015308866975829005
801,801,4.156216144561768,4.15895938873291,2e-05,1.9765717937222391,0.021999862045049667,0.015621781698428094,0.0162125991191715,0.015327760018408298
802,802,4.153696537017822,4.154232025146484,2e-05,1.9874330788582417,0.02200841950252652,0.015646325307898223,0.01623742375522852,0.015363374957814813
803,803,4.154849052429199,4.156289100646973,2e-05,2.001146945749828,0.021992286667227745,0.015659985365346074,0.01625645742751658,0.015377411618828773
804,804,4.15467643737793,4.155101299285889,2e-05,2.0122366274156622,0.022051436826586723,0.01568479905836284,0.016276070848107338,0.015392663655802608
805,805,4.154808044433594,4.155341148376465,2e-05,2.0208456369623296,0.0220873411744833,0.01571483293082565,0.016301800264045596,0.015432011103257537
806,806,4.154324531555176,4.154877185821533,2e-05,2.026859983519779,0.022077898494899273,0.015733191976323724,0.01632414059713483,0.015458493027836084
807,807,4.154703140258789,4.1548919677734375,2e-05,2.031963658827869,0.02201944263651967,0.015734921442344785,0.016332418425008655,0.015434602973982692
808,808,4.153705596923828,4.15556526184082,2e-05,2.0367547720490298,0.022099198773503304,0.015769049059599638,0.01636505196802318,0.015497196931391954
809,809,4.154303550720215,4.156754493713379,2e-05,2.0416873505196116,0.02203062968328595,0.015787952579557896,0.01638091541826725,0.015501264948397875
810,810,4.156035423278809,4.153041839599609,2e-05,2.0455432250261945,0.022159074433147907,0.01580525445751846,0.0164086923468858,0.015545377507805824
811,811,4.154362201690674,4.15522575378418,2e-05,1.9045314958313064,0.022066911682486534,0.01582167763262987,0.016418561106547713,0.015527769224718213
812,812,4.154228210449219,4.154345989227295,2e-05,1.926105127534947,0.022142814937978983,0.01584586128592491,0.016445989022031426,0.015571475960314274
813,813,4.153684616088867,4.1554155349731445,2e-05,1.946031875314017,0.022193923592567444,0.01586544024758041,0.01646781270392239,0.015596429584547877
814,814,4.155726432800293,4.153957843780518,2e-05,1.9638626231602638,0.02218369720503688,0.015888388035818934,0.01648589689284563,0.015606094151735306
815,815,4.155370712280273,4.153141021728516,2e-05,1.9769243281660218,0.02212789049372077,0.015907784923911095,0.016509432578459382,0.0156365514267236
816,816,4.153581142425537,4.155344009399414,2e-05,1.9877379227258356,0.022237714380025864,0.015934957191348076,0.016533151036128402,0.015663515776395798
817,817,4.153993606567383,4.153756141662598,2e-05,1.9975074736767893,0.022198131307959557,0.015934768598526716,0.01654237019829452,0.015642725629732013
818,818,4.153985977172852,4.155683994293213,2e-05,2.006066443725061,0.022195600904524326,0.015961710596457124,0.016571023035794497,0.015690586995333433
819,819,4.155468940734863,4.154134750366211,2e-05,2.013558709606237,0.022191792260855436,0.015987577848136425,0.016589121660217643,0.015702754724770784
820,820,4.153077125549316,4.156381607055664,2e-05,2.0200542860780697,0.022230724338442087,0.01600417075678706,0.016613326966762543,0.015733924694359303
821,821,4.156964302062988,4.15328311920166,2e-05,2.0260511871653497,0.022249243687838316,0.01603206363506615,0.016636233776807785,0.015759948175400496
822,822,4.152884006500244,4.153802394866943,2e-05,2.0315276371266426,0.02224847674369812,0.016036705812439322,0.01664767158217728,0.015747657511383295
823,823,4.1537675857543945,4.154543876647949,2e-05,2.036493606151224,0.02224875707179308,0.01606832561083138,0.01666820258833468,0.015767959877848625
824,824,4.153850078582764,4.15439510345459,2e-05,2.040128755918056,0.022241786122322083,0.016088468255475163,0.01669475855305791,0.01580888219177723
825,825,4.153191089630127,4.153628349304199,2e-05,2.044209835549032,0.022311999462544918,0.016105783870443702,0.01671245670877397,0.015816342551261187
826,826,4.154088973999023,4.155086040496826,2e-05,2.047034038312885,0.022321370895951986,0.016127536306157708,0.01674070884473622,0.015865104738622904
827,827,4.1530866622924805,4.154932975769043,2e-05,2.055578383751865,0.022261842153966427,0.016144667752087116,0.016758683370426297,0.01587701728567481
828,828,4.154169082641602,4.15435791015625,2e-05,2.061757090124559,0.022350049577653408,0.016173006501048803,0.016782660270109773,0.01590621378272772
829,829,4.154087066650391,4.1551079750061035,2e-05,2.0647210971628067,0.022304472979158163,0.016181194689124823,0.016798473428934813,0.01591023337095976
830,830,4.154565811157227,4.15578556060791,2e-05,2.06644456798989,0.022360960487276316,0.01620765822008252,0.016822153003886342,0.015940351877361536
831,831,4.153714179992676,4.15694522857666,2e-05,2.0680130523196794,0.022393266204744577,0.01623244513757527,0.01684476900845766,0.01596536859869957
832,832,4.1546220779418945,4.154101848602295,2e-05,2.069466861694378,0.022448754403740168,0.016240822384133935,0.016855810768902302,0.015951076988130808
833,833,4.153722763061523,4.155027389526367,2e-05,2.0705076546288876,0.022334832698106766,0.016264073783531785,0.01688207359984517,0.015991213265806437
834,834,4.153346061706543,4.153569221496582,2e-05,2.0714765472313075,0.022411351092159748,0.016285921912640333,0.01690901187248528,0.016032863408327103
835,835,4.154026985168457,4.154597282409668,2e-05,2.0726013776307,0.022402847185730934,0.016306556994095445,0.016931149177253246,0.01605909550562501
836,836,4.153156280517578,4.153542995452881,2e-05,2.0733559466754126,0.022474016528576612,0.01632034033536911,0.016946701798588037,0.016059480141848326
837,837,4.154097557067871,4.154197692871094,2e-05,2.074000406611429,0.02235975908115506,0.016336718341335654,0.016961705638095737,0.016058731824159622
838,838,4.153677940368652,4.1538286209106445,2e-05,2.0745210436275303,0.022446134127676487,0.016360071720555425,0.01698945858515799,0.01610205275937915
839,839,4.154227256774902,4.153429985046387,2e-05,2.075180238128157,0.02245456399396062,0.016384751768782735,0.01701245317235589,0.0161291784606874
840,840,4.153480529785156,4.154542922973633,2e-05,2.075808209134423,0.02245284803211689,0.01639865734614432,0.0170254351105541,0.016122581902891397
841,841,4.154881477355957,4.1536359786987305,2e-05,2.075849222836446,0.022379882633686066,0.01639918959699571,0.01703139953315258,0.016095734667032957
842,842,4.153921127319336,4.154756546020508,2e-05,2.076646038162186,0.022483875043690205,0.016440894920378923,0.017071610316634178,0.01617946056649089
843,843,4.153693199157715,4.156482696533203,2e-05,2.077164616243531,0.022576957009732723,0.016474667005240917,0.017102030338719487,0.016233270056545734
844,844,4.152105808258057,4.156771659851074,2e-05,2.0765411010171775,0.022540609817951918,0.016482412349432707,0.017112253000959754,0.01621729927137494
845,845,4.153296947479248,4.1543426513671875,2e-05,2.077243888350613,0.02249822486191988,0.01649569976143539,0.01712944475002587,0.016225541010499
846,846,4.153378963470459,4.1526570320129395,2e-05,2.0773264661303528,0.022530611138790846,0.016527554718777537,0.017159214476123452,0.016279660630971193
847,847,4.153604984283447,4.154242515563965,2e-05,1.9325536737381652,0.02255349839106202,0.016537948045879602,0.017175378976389766,0.016284031327813864
848,848,4.153505325317383,4.15308141708374,2e-05,1.9450189853453002,0.02253461768850684,0.01655167038552463,0.017184970900416374,0.016269146464765072
849,849,4.152205944061279,4.1549072265625,2e-05,1.9590878034788797,0.02259600255638361,0.016588666941970587,0.017219356959685683,0.016334888990968466
850,850,4.154967308044434,4.154069900512695,2e-05,1.9722361919298812,0.022589285857975483,0.016595588298514485,0.01723172445781529,0.01633043773472309
851,851,4.15338134765625,4.15480899810791,2e-05,1.9849914505607726,0.022641546558588743,0.016620550071820617,0.017259412445127964,0.01637328416109085
852,852,4.153499603271484,4.156768798828125,2e-05,1.9941634763924359,0.022573423571884632,0.016640336252748966,0.01727754552848637,0.01638645539060235
853,853,4.152565956115723,4.154457092285156,2e-05,2.0064913686279007,0.022585393395274878,0.016649166122078896,0.01729206321761012,0.0163868828676641
854,854,4.153782844543457,4.154932975769043,2e-05,2.0171078755021177,0.02259792247787118,0.016678533283993602,0.017320192651823163,0.016432520002126694
855,855,4.155606746673584,4.153979778289795,2e-05,2.025159251103556,0.022707995492964983,0.01669321325607598,0.017331721493974328,0.016422112938016653
856,856,4.151969909667969,4.153558254241943,2e-05,2.031017610928437,0.02268208935856819,0.016724963439628482,0.017363106599077582,0.01647648587822914
857,857,4.152591705322266,4.1523027420043945,2e-05,2.0363621996255543,0.02263326710090041,0.016729838913306594,0.017372243106365204,0.016459121834486723
858,858,4.152091979980469,4.154257297515869,2e-05,1.8947308104295524,0.022684884257614613,0.016752401599660516,0.01739738928154111,0.016496017575263977
859,859,4.155196666717529,4.153297424316406,2e-05,1.9166843695498654,0.022677740082144737,0.016777365701273084,0.01742489030584693,0.01653942745178938
860,860,4.153349876403809,4.155856132507324,2e-05,1.936968152527185,0.022738943342119455,0.016797714168205857,0.017448069993406534,0.01656862674281001
861,861,4.152595520019531,4.154102325439453,2e-05,1.9536242162045514,0.02277576131746173,0.016821438679471612,0.017467113910242915,0.01658250205218792
862,862,4.1522111892700195,4.154946327209473,2e-05,1.9670243267597352,0.022797686513513327,0.016838652081787586,0.017485667718574405,0.01659650169312954
863,863,4.151423454284668,4.153390884399414,2e-05,1.9789797559037592,0.02268546773120761,0.01685598585754633,0.01750292000360787,0.01660673599690199
864,864,4.152475357055664,4.153388023376465,2e-05,1.9897994409092175,0.02277599275112152,0.016870135674253106,0.01752463122829795,0.016628064680844545
865,865,4.153059005737305,4.154146671295166,2e-05,1.9986215222951849,0.02272706851363182,0.016890107188373804,0.01754143019206822,0.016635560896247625
866,866,4.153505802154541,4.15322208404541,2e-05,2.0067072579584204,0.022789576090872288,0.016916034510359168,0.017559955595061183,0.016647612676024437
867,867,4.153710842132568,4.152823448181152,2e-05,2.0143983971587947,0.022792547941207886,0.01694017695263028,0.017587515991181135,0.016693159472197294
868,868,4.15235710144043,4.154443740844727,2e-05,2.0197843978042638,0.022817113436758518,0.016965126851573586,0.017612063558772206,0.01672361558303237
869,869,4.153110980987549,4.154094696044922,2e-05,2.0261827271245583,0.02288537472486496,0.016989863011986017,0.017640026286244392,0.016768584493547678
870,870,4.1525774002075195,4.153294086456299,2e-05,2.0319263194083184,0.022875047754496336,0.017008811235427856,0.017657613614574075,0.016777260694652796
871,871,4.154404640197754,4.154982089996338,2e-05,2.036726116532858,0.022880982607603073,0.01702370075508952,0.01767684589140117,0.016793234273791313
872,872,4.152210712432861,4.153106689453125,2e-05,2.041316063638226,0.022820407524704933,0.017033128067851067,0.01769113284535706,0.016793147660791874
873,873,4.153120040893555,4.153884410858154,2e-05,2.045100188404782,0.02284674346446991,0.017053244169801474,0.017712221015244722,0.01681628031656146
874,874,4.152859210968018,4.155097961425781,2e-05,2.0483181061595945,0.022894445806741714,0.017078052973374724,0.01773244049400091,0.016830917913466692
875,875,4.153071403503418,4.152729034423828,2e-05,2.0541967277084723,0.022986323572695255,0.017106384970247746,0.017760166665539145,0.01687236875295639
876,876,4.152981758117676,4.153749942779541,2e-05,2.0594341574762525,0.022937364410609007,0.0171106462366879,0.017774941632524133,0.016873656772077084
877,877,4.152108192443848,4.153775691986084,2e-05,2.064496243792193,0.02298677759245038,0.017138328403234482,0.017800259869545698,0.016908640041947365
878,878,4.155323505401611,4.1525068283081055,2e-05,2.0671212927893396,0.022877777460962534,0.017146162455901504,0.017809144221246243,0.016889770049601793
879,879,4.15177583694458,4.157326698303223,2e-05,2.0674628584881654,0.023034280631691217,0.01718147797510028,0.017843595938757062,0.01695143384858966
880,880,4.152270317077637,4.153990745544434,2e-05,2.0692673806351674,0.022941130679100752,0.017191168619319797,0.01785551803186536,0.016944680362939835
881,881,4.154755592346191,4.15340518951416,2e-05,2.070804394795222,0.02294749254360795,0.01721662818454206,0.017880171071738005,0.01697796816006303
882,882,4.151915550231934,4.1525468826293945,2e-05,2.0723668727953184,0.022997074760496616,0.01723499083891511,0.017900645034387708,0.016997549682855606
883,883,4.153628349304199,4.152754783630371,2e-05,2.072981632948243,0.022995356936007738,0.017255202867090702,0.017922273371368647,0.01702240202575922
884,884,4.152444839477539,4.153468132019043,2e-05,2.0737774248762,0.023060510400682688,0.017276984872296453,0.017941835802048445,0.01703820750117302
885,885,4.154163360595703,4.153191566467285,2e-05,2.074622545151855,0.023152721114456654,0.01729820016771555,0.0179649677593261,0.017064612824469805
886,886,4.153221607208252,4.153566837310791,2e-05,2.0748363964412597,0.02300797449424863,0.017306429101154208,0.017981742043048143,0.01707441359758377
887,887,4.153522968292236,4.153045654296875,2e-05,2.0758090504790805,0.023064508102834225,0.017340372316539288,0.018005521036684513,0.01710335072129965
888,888,4.151374816894531,4.154207229614258,2e-05,2.0760375827030493,0.023126319516450167,0.017363232327625155,0.018030774081125855,0.017138104885816574
889,889,4.154932022094727,4.1544294357299805,2e-05,2.0765500791530256,0.02306528529152274,0.01737989322282374,0.018051175866276026,0.01715786848217249
890,890,4.152407169342041,4.154672622680664,2e-05,2.0770435447820477,0.023049299139529467,0.01738357567228377,0.018062969436869025,0.017149444203823805
891,891,4.151466369628906,4.154536247253418,2e-05,2.0771560398994477,0.023082563653588295,0.017417175229638815,0.01808789325878024,0.017185256350785494
892,892,4.154726505279541,4.153249740600586,2e-05,2.077111606797243,0.023083163425326347,0.017435091082006693,0.018111728597432375,0.01721373712643981
893,893,4.153114318847656,4.154323577880859,2e-05,2.0772691967887074,0.023174542002379894,0.0174559042789042,0.01813228544779122,0.017231646925210953
894,894,4.154839515686035,4.153275966644287,2e-05,2.077641187363519,0.02310155937448144,0.017473607091233134,0.018148313276469707,0.01723766978830099
895,895,4.152617454528809,4.155176639556885,2e-05,2.077336259731682,0.02321629924699664,0.01749946246854961,0.018174679949879646,0.017274328973144293
896,896,4.15291166305542,4.152903079986572,2e-05,2.0769929015437243,0.023177700582891703,0.017516927095130086,0.01819402351975441,0.017290609888732433
897,897,4.155231475830078,4.153705596923828,2e-05,2.077849396196921,0.023149298038333654,0.01753002475015819,0.01820825901813805,0.017290488816797733
898,898,4.150879859924316,4.152711868286133,2e-05,2.0778541302372964,0.02321460796520114,0.017554758582264185,0.018236513016745448,0.017335251439362764
899,899,4.152317523956299,4.151961803436279,2e-05,2.07821223336644,0.02318770717829466,0.017573145451024175,0.018255054485052824,0.017350596375763416
900,900,4.151836395263672,4.152460098266602,2e-05,1.926924672956212,0.0231734118424356,0.01759645715355873,0.018275914015248418,0.017370993737131357
901,901,4.154469013214111,4.151793956756592,2e-05,1.9461947067997525,0.023193434346467257,0.01761247217655182,0.018294648732990026,0.017384240869432688
902,902,4.152331829071045,4.152289390563965,2e-05,1.8155972855054752,0.02326273638755083,0.017632253002375364,0.018319827038794756,0.01741816196590662
903,903,4.150745391845703,4.152170658111572,2e-05,1.8428200382485271,0.02325152838602662,0.017656633630394936,0.018338082125410438,0.017432635184377432
904,904,4.1522722244262695,4.15260124206543,2e-05,1.868144238706464,0.02329235104843974,0.01767173153348267,0.01835857005789876,0.017451981082558632
905,905,4.15250301361084,4.153546333312988,2e-05,1.889443591598145,0.023243569303303957,0.01769368606619537,0.01837684726342559,0.017464584205299616
906,906,4.151604652404785,4.151898384094238,2e-05,1.912333290138272,0.02333043748512864,0.017709527630358934,0.018399464432150126,0.01749109895899892
907,907,4.152027606964111,4.151505470275879,2e-05,1.9320341637810576,0.023287769872695208,0.017737040063366294,0.018424902809783816,0.017525368370115757
908,908,4.151660919189453,4.1525349617004395,2e-05,1.8081395637183102,0.02331307018175721,0.017754153348505497,0.018443197011947632,0.01753766741603613
909,909,4.153505802154541,4.152166843414307,2e-05,1.8372716972513192,0.02329603349789977,0.017774342326447368,0.018465528031811118,0.017563769593834877
910,910,4.1521711349487305,4.152419090270996,2e-05,1.8624867391232127,0.02325633680447936,0.017792934086173773,0.018481821287423372,0.017570994328707457
911,911,4.151138782501221,4.152454853057861,2e-05,1.884237919660186,0.023370916955173016,0.017811556113883853,0.018500782549381256,0.017585548106580973
912,912,4.151547431945801,4.152773380279541,2e-05,1.9052043854831766,0.023498521652072668,0.017839926993474364,0.01853093784302473,0.017631903290748596
913,913,4.1518330574035645,4.151084899902344,2e-05,1.927115300470804,0.023430452682077885,0.017856132704764605,0.018549750093370676,0.017647317610681057
914,914,4.151998519897461,4.150240898132324,2e-05,1.7987695591918829,0.023368822410702705,0.017867767717689276,0.018561063800007105,0.017640115693211555
915,915,4.151658058166504,4.151610374450684,2e-05,1.6820011251759588,0.023408343084156513,0.017901015002280474,0.018592071253806353,0.017688972875475883
916,916,4.151298522949219,4.152626037597656,2e-05,1.7212774417513363,0.023375927936285734,0.017899638041853905,0.01860947464592755,0.01769827539101243
917,917,4.152137756347656,4.153091907501221,2e-05,1.7612613883792896,0.023408183362334967,0.017924699233844876,0.018620022805407643,0.01768945064395666
918,918,4.151189804077148,4.150720596313477,2e-05,1.7950510827618533,0.023443618789315224,0.017963691614568233,0.018657591892406344,0.017757274210453033
919,919,4.152400016784668,4.15152645111084,2e-05,1.8260990350409665,0.023499085567891598,0.017971931025385857,0.018671770114451647,0.017759681679308414
920,920,4.152862071990967,4.153268337249756,2e-05,1.8524038720966924,0.02348668873310089,0.01800163509324193,0.01870134938508272,0.01780440704897046
921,921,4.151647567749023,4.1533966064453125,2e-05,1.8757839898693889,0.02351180324330926,0.01801399583928287,0.01871320395730436,0.017798014916479588
922,922,4.151362419128418,4.15308952331543,2e-05,1.896376375610876,0.02344863349571824,0.01803204813040793,0.018738796701654792,0.017833061516284943
923,923,4.153517723083496,4.152087211608887,2e-05,1.9151279288664411,0.02352195093408227,0.01805597566999495,0.018752963514998555,0.017832569777965546
924,924,4.15069580078125,4.151144981384277,2e-05,1.932098780257303,0.023501469288021326,0.018073948100209236,0.018779244273900986,0.017869616858661175
925,925,4.150304794311523,4.150990009307861,2e-05,1.9460751304232866,0.023587777744978666,0.018092696322128177,0.018802032805979252,0.017895255237817764
926,926,4.152614593505859,4.152012825012207,2e-05,1.9596582382887855,0.023594554513692856,0.018127853516489267,0.018828585045412183,0.01793131185695529
927,927,4.153112888336182,4.154243469238281,2e-05,1.9720368940286195,0.02357507310807705,0.018138642655685544,0.018845226848497987,0.01794065209105611
928,928,4.152191162109375,4.1522698402404785,2e-05,1.9829296373344936,0.023534255102276802,0.01814766856841743,0.018855900038033724,0.0179338282905519
929,929,4.151543617248535,4.150034427642822,2e-05,1.9922609744733797,0.02363173384219408,0.018178425962105393,0.0188851417042315,0.017975606489926577
930,930,4.150484085083008,4.15139102935791,2e-05,1.8621013193922267,0.023586916271597147,0.01819214317947626,0.018901562551036477,0.01798383565619588
931,931,4.152656078338623,4.1523027420043945,2e-05,1.88564076467349,0.023653429001569748,0.01821235241368413,0.018929555546492338,0.018022669944912195
932,932,4.152134895324707,4.15065336227417,2e-05,1.905059217584265,0.023636189755052328,0.018234441988170147,0.018945750314742327,0.018032334744930267
933,933,4.152989864349365,4.149533271789551,2e-05,1.9230742479384757,0.023624346125870943,0.018257857067510486,0.018971106968820095,0.018063938710838556
934,934,4.150619983673096,4.152356147766113,2e-05,1.801085012810786,0.023667076136916876,0.018260546727105975,0.018979496089741588,0.018048672005534172
935,935,4.150179862976074,4.151185035705566,2e-05,1.8315219632918471,0.02363722352311015,0.01827347045764327,0.018995386082679033,0.018056932371109724
936,936,4.15065336227417,4.152693271636963,2e-05,1.855799413892995,0.02372710732743144,0.01831545401364565,0.01902994210831821,0.018114916048943996
937,937,4.153266906738281,4.150684356689453,2e-05,1.878023968520168,0.0237427675165236,0.01832581660710275,0.019043276086449623,0.01811443455517292
938,938,4.152055263519287,4.151869297027588,2e-05,1.8981793559505733,0.023715992458164692,0.018352888291701674,0.019074698444455862,0.018163803964853287
939,939,4.1513566970825195,4.151991367340088,2e-05,1.916190624999134,0.023722365964204073,0.018378280801698565,0.019095171010121703,0.018185120541602373
940,940,4.153895378112793,4.153289794921875,2e-05,1.9327051645775681,0.023739291355013847,0.018396975472569466,0.01910974085330963,0.018188971560448408
941,941,4.150833606719971,4.153780937194824,2e-05,1.947160115995567,0.023841898888349533,0.01842071465216577,0.019138120114803314,0.018228025641292334
942,942,4.152004241943359,4.151810646057129,2e-05,1.960791067419594,0.023840762209147215,0.018449895083904266,0.0191642960999161,0.0182624370791018
943,943,4.1520795822143555,4.151756286621094,2e-05,1.9729125010928428,0.023785676807165146,0.018450274597853422,0.019173386972397566,0.018251975998282433
944,944,4.150763511657715,4.155864238739014,2e-05,1.9826479692397951,0.023713544011116028,0.01847016206011176,0.019191896077245474,0.01826611440628767
945,945,4.151227951049805,4.1509108543396,2e-05,1.9923335342176822,0.023887510411441326,0.018497386015951633,0.01921747508458793,0.018296939320862293
946,946,4.151647567749023,4.151754379272461,2e-05,2.0009639873906426,0.023853461258113384,0.018521136371418834,0.019242075504735112,0.018327263183891773
947,947,4.150750160217285,4.150979995727539,2e-05,2.0092294536477944,0.023816922679543495,0.018529678927734494,0.019257240230217576,0.01833330374211073
948,948,4.150585174560547,4.153414249420166,2e-05,2.0165715485439297,0.023916018661111593,0.018562442855909467,0.019285982474684715,0.01837295712903142
949,949,4.151595115661621,4.151845455169678,2e-05,2.0222062789947732,0.023905268404632807,0.018583874450996518,0.01930777123197913,0.01839498756453395
950,950,4.1524786949157715,4.153201103210449,2e-05,2.0287257450695906,0.023943576496094465,0.018600528361275792,0.019329452188685536,0.018415707163512707
951,951,4.150094032287598,4.1514201164245605,2e-05,2.0342373925151995,0.023913667537271976,0.018626646837219596,0.019347399473190308,0.018429616931825876
952,952,4.149974822998047,4.150150299072266,2e-05,2.0381301254370583,0.023893962148576975,0.01863353094086051,0.01936680660583079,0.018444384448230267
953,953,4.15034294128418,4.151293754577637,2e-05,2.041778766392273,0.023922661319375038,0.018666467629373074,0.019395699026063085,0.01848500408232212
954,954,4.150783061981201,4.150458335876465,2e-05,2.0459826273624295,0.023904559668153524,0.01868452620692551,0.019412837689742446,0.018494787625968456
955,955,4.150420188903809,4.15122652053833,2e-05,2.0495105317684024,0.023997704032808542,0.018700796645134687,0.019433442503213882,0.01851250883191824
956,956,4.151305198669434,4.15010404586792,2e-05,2.052824518852477,0.024033538065850735,0.018716963473707438,0.0194517660420388,0.01852672267705202
957,957,4.150092124938965,4.154733180999756,2e-05,2.0553391515411765,0.023933840915560722,0.0187442593742162,0.019475538283586502,0.01855370681732893
958,958,4.151651382446289,4.154239177703857,2e-05,2.0576443261268573,0.023975476622581482,0.018752001225948334,0.019494459964334965,0.018567785620689392
959,959,4.151728630065918,4.151021957397461,2e-05,2.0602641154667403,0.02402811450883746,0.018786489265039563,0.019518205896019936,0.018595289438962936
960,960,4.1533918380737305,4.151242256164551,2e-05,2.0624109679641993,0.024036426097154617,0.018795400857925415,0.0195321396458894,0.018597587943077087
961,961,4.148867607116699,4.150825500488281,2e-05,2.064107863612729,0.024078581016510725,0.01882893033325672,0.019561701687052846,0.018640092108398676
962,962,4.150601863861084,4.150997161865234,2e-05,2.0657563538639323,0.024066726211458445,0.01884655375033617,0.019584540743380785,0.01866326667368412
963,963,4.150317668914795,4.150649070739746,2e-05,2.0670346376248725,0.02397177880629897,0.018858127994462848,0.019601684296503663,0.01867420459166169
964,964,4.149115562438965,4.152437210083008,2e-05,2.0680245537230926,0.02408645022660494,0.018890337087213993,0.01962357247248292,0.01869585458189249
965,965,4.149418830871582,4.152226448059082,2e-05,2.0692615638034604,0.024078392889350653,0.018891921965405345,0.019634731812402606,0.01869027130305767
966,966,4.150374889373779,4.153007507324219,2e-05,2.074957986905604,0.02408098103478551,0.018916208064183593,0.019662991631776094,0.018730010837316513
967,967,4.149608612060547,4.153009414672852,2e-05,2.0791013097452606,0.024170045740902424,0.01894267788156867,0.01968363020569086,0.018749920651316643
968,968,4.151074409484863,4.151729106903076,2e-05,2.0800160646016987,0.024104273412376642,0.018951714504510164,0.019694280112162232,0.018743101973086596
969,969,4.151606559753418,4.152927398681641,2e-05,2.080605087283334,0.024113125633448362,0.01898124860599637,0.019727279897779226,0.018795374780893326
970,970,4.1513447761535645,4.1523871421813965,2e-05,2.080391082734055,0.02413115045055747,0.018988350173458457,0.01973797380924225,0.018792628310620785
971,971,4.150469779968262,4.150623798370361,2e-05,2.080731227786085,0.02407770836725831,0.01902196859009564,0.01976505503989756,0.018827530555427074
972,972,4.152368545532227,4.1533942222595215,2e-05,2.080771881769804,0.024242925457656384,0.01904216967523098,0.01978685730136931,0.018851532135158777
973,973,4.150323390960693,4.154412746429443,2e-05,2.080721778986382,0.024228774942457676,0.01906131999567151,0.01981013105250895,0.018880097195506096
974,974,4.150015830993652,4.150027751922607,2e-05,2.080723738546377,0.024257564451545477,0.019078549230471253,0.0198285651858896,0.018894534092396498
975,975,4.150501728057861,4.153019905090332,2e-05,2.0803422766542092,0.024147752672433853,0.019098032265901566,0.019842667737975717,0.018901117146015167
976,976,4.151116371154785,4.150666236877441,2e-05,2.080132311436919,0.024225821252912283,0.01911450014449656,0.019871487049385905,0.018941261805593967
977,977,4.151124000549316,4.1502814292907715,2e-05,2.080600237856384,0.024278742726892233,0.01914061396382749,0.019896181067451835,0.018971314188092947
978,978,4.151475429534912,4.150345802307129,2e-05,2.0805821557120705,0.024267738685011864,0.019159715622663498,0.019910008879378438,0.018975725397467613
979,979,4.15003776550293,4.150662422180176,2e-05,2.0804396712712423,0.024281488731503487,0.019172212341800332,0.019930023001506925,0.018991851713508368
980,980,4.150189399719238,4.152082443237305,2e-05,2.0800274041386246,0.024329294450581074,0.019209712278097868,0.01996565912850201,0.019050484988838434
981,981,4.150257110595703,4.151575565338135,2e-05,2.0802004071436606,0.024297140073031187,0.019225435564294457,0.019977506017312407,0.019047820009291172
982,982,4.149830341339111,4.150835990905762,2e-05,2.080044173024023,0.024331798776984215,0.019231029553338885,0.01999457972124219,0.01905942987650633
983,983,4.1506853103637695,4.15287971496582,2e-05,2.0802626184848956,0.024283000268042088,0.01925210328772664,0.020016931230202317,0.019081983249634504
984,984,4.150975227355957,4.152602672576904,2e-05,2.0801941409188283,0.024351762607693672,0.019288778770714998,0.020042468328028917,0.01911389408633113
985,985,4.150580406188965,4.153658866882324,2e-05,2.0799619302998535,0.024299513082951307,0.019297849386930466,0.020053647691383958,0.019111319910734892
986,986,4.1526994705200195,4.152422904968262,2e-05,2.080456842046364,0.024378985166549683,0.019314955221489072,0.020070171682164073,0.019119881559163332
987,987,4.150633811950684,4.1515302658081055,2e-05,2.0803293622161187,0.024414101615548134,0.019343801774084568,0.020108158234506845,0.019182334188371897
988,988,4.150656223297119,4.150911331176758,2e-05,2.079866482746767,0.024459329433739185,0.019366962602362037,0.02012420678511262,0.019192248582839966
989,989,4.149665832519531,4.152503967285156,2e-05,2.0795510053598307,0.024384339340031147,0.01938874670304358,0.020147981587797403,0.019220811780542135
990,990,4.148792266845703,4.149138450622559,2e-05,2.079355940113727,0.024415938183665276,0.019394895527511835,0.02016464713960886,0.01922961324453354
991,991,4.1507673263549805,4.151586055755615,2e-05,1.930922617648451,0.024502980522811413,0.019429770531132817,0.020186820067465305,0.019252785947173834
992,992,4.1500935554504395,4.151371955871582,2e-05,1.9502023443765837,0.02443108567968011,0.019436900969594717,0.020204069325700402,0.01926561538130045
993,993,4.1504130363464355,4.150163650512695,2e-05,1.966688060676311,0.024456691928207874,0.019459783099591732,0.020227957982569933,0.019292426761239767
994,994,4.150130271911621,4.148660659790039,2e-05,1.978834161351856,0.024480116553604603,0.019483601674437523,0.02025202219374478,0.0193189918063581
995,995,4.1494140625,4.149902820587158,2e-05,1.8515812151702307,0.024488480295985937,0.01950267283245921,0.020268107298761606,0.019329494331032038
996,996,4.149667263031006,4.150500774383545,2e-05,1.8789836161989641,0.02444553980603814,0.019517884822562337,0.02028939500451088,0.019349840469658375
997,997,4.148560523986816,4.151119709014893,2e-05,1.902483766576087,0.024571127258241177,0.019531906116753817,0.02031425223685801,0.01937965303659439
998,998,4.148981094360352,4.149791240692139,2e-05,1.9220101405118095,0.02453284151852131,0.019554403144866228,0.02032614406198263,0.01937881577759981
999,999,4.148781776428223,4.149828910827637,2e-05,1.937908036714311,0.024536118377000093,0.019583762856200337,0.020351864397525787,0.01941070705652237
1000,1000,4.149380683898926,4.149385929107666,2e-05,1.9526605762664173,0.024546029046177864,0.01959315803833306,0.020365461939945817,0.019414971116930246
1001,1001,4.149255752563477,4.149904727935791,2e-05,1.9655826598184452,0.024575135204941034,0.019620077684521675,0.020394319901242852,0.019455021247267723
1002,1002,4.149451732635498,4.1492719650268555,2e-05,1.9768511273530929,0.024482381995767355,0.019640960032120347,0.020417717518284917,0.01948188478127122
1003,1003,4.148591041564941,4.154317855834961,2e-05,1.9871485439959078,0.024554326198995113,0.019671165850013494,0.020446807146072388,0.01952240290120244
1004,1004,4.148615837097168,4.149765968322754,2e-05,1.9969596170958404,0.024644203949719667,0.019682935206219554,0.020461142295971513,0.019527326803654432
1005,1005,4.1493449211120605,4.151161193847656,2e-05,2.004523586480105,0.02462441334500909,0.019700194941833615,0.020481315441429615,0.019545756746083498
1006,1006,4.149054527282715,4.1505937576293945,2e-05,2.01218996056934,0.02459096210077405,0.019712717970833182,0.020496643614023924,0.01955335820093751
1007,1007,4.14798641204834,4.149344444274902,2e-05,2.0190203350733618,0.024665074422955513,0.01974361459724605,0.020521269645541906,0.019584288354963064
1008,1008,4.149588584899902,4.150139808654785,2e-05,2.0220911158932244,0.02471144450828433,0.01977815222926438,0.020549953682348132,0.01962147792801261
1009,1009,4.150387287139893,4.151489734649658,2e-05,2.0296265475748068,0.024638434872031212,0.019772388273850083,0.020554728573188186,0.01960462750867009
1010,1010,4.149974822998047,4.148911476135254,2e-05,2.0349760928594867,0.024684438481926918,0.01980388886295259,0.02058274089358747,0.019641052465885878
1011,1011,4.149878978729248,4.150904655456543,2e-05,2.040096498575657,0.024758280254900455,0.019820480840280652,0.02060474338941276,0.019665192812681198
1012,1012,4.14707088470459,4.151261806488037,2e-05,2.044337000852409,0.024610143154859543,0.01984034269116819,0.020627468591555953,0.019689673092216253
1013,1013,4.148417949676514,4.1496381759643555,2e-05,2.047875931400379,0.024700785987079144,0.019866910530254245,0.020648699020966887,0.019712195731699467
1014,1014,4.148794174194336,4.149526596069336,2e-05,2.052699569854445,0.024726010393351316,0.019878243329003453,0.02066783234477043,0.019728829618543386
1015,1015,4.148554801940918,4.149728775024414,2e-05,2.0595361557049294,0.024732688441872597,0.019897282822057605,0.02068254747428,0.01973609672859311
1016,1016,4.148270606994629,4.149534225463867,2e-05,2.06446838848618,0.02481637429445982,0.01993463491089642,0.02071939455345273,0.019792813807725906
1017,1017,4.14857292175293,4.149500370025635,2e-05,2.067053716981167,0.024758209940046072,0.01994364708662033,0.020730758551508188,0.019792667590081692
1018,1018,4.149858474731445,4.1505608558654785,2e-05,2.0684200057865683,0.02483195811510086,0.019958459539338946,0.020752329379320145,0.01981392875313759
1019,1019,4.148431777954102,4.152300834655762,2e-05,2.0699945290132837,0.024961027782410383,0.019997872412204742,0.020779977552592754,0.019849201198667288
1020,1020,4.1487908363342285,4.149256229400635,2e-05,2.0708292231861236,0.024873327929526567,0.019994776230305433,0.02079266170039773,0.019851280376315117
1021,1021,4.149543285369873,4.149035453796387,2e-05,2.0716323576585953,0.02478395216166973,0.020029671723023057,0.020814512390643358,0.019875741563737392
1022,1022,4.149409294128418,4.148717880249023,2e-05,2.072701907236111,0.0248564463108778,0.020043243188410997,0.02083621546626091,0.019895182456821203
1023,1023,4.149137496948242,4.151384353637695,2e-05,2.0733375552552005,0.02485031122341752,0.02005907683633268,0.02085412316955626,0.01990954391658306
1024,1024,4.149614334106445,4.1496992111206055,2e-05,2.0739244774069245,0.024926808197051287,0.020096360705792904,0.02088137320242822,0.019944000989198685
1025,1025,4.1490325927734375,4.149209976196289,2e-05,2.0747077730851307,0.024970853701233864,0.020111757796257734,0.020905438344925642,0.019972411915659904
1026,1026,4.149195194244385,4.151423454284668,2e-05,2.0746641810722632,0.024896965827792883,0.02012317581102252,0.020924589596688747,0.019988284446299076
1027,1027,4.149438381195068,4.15031623840332,2e-05,2.0757510593370396,0.024887215346097946,0.020153804449364543,0.020953621482476592,0.02002766542136669
1028,1028,4.1518096923828125,4.150497913360596,2e-05,2.0764012967229797,0.024980327114462852,0.020169599447399378,0.020964371506124735,0.02002301113680005
1029,1029,4.149328231811523,4.151649475097656,2e-05,2.076746171262269,0.025008640717715025,0.020192633382976055,0.020986844785511494,0.0200465046800673
1030,1030,4.151138782501221,4.1511125564575195,2e-05,2.077190286873287,0.02502877078950405,0.020207922672852874,0.02100854949094355,0.0200682464055717
1031,1031,4.149221420288086,4.1477437019348145,2e-05,2.0777462250473007,0.024956914130598307,0.0202362893614918,0.021030196454375982,0.020091084763407707
1032,1032,4.148616313934326,4.148845195770264,2e-05,1.9402137762102227,0.024965301156044006,0.020247479435056448,0.021044602617621422,0.020096783991903067
1033,1033,4.149618625640869,4.15045166015625,2e-05,1.9547357418127382,0.02505795517936349,0.020275013521313667,0.021075853845104575,0.02013964345678687
1034,1034,4.150141716003418,4.151113510131836,2e-05,1.9676985744780908,0.024963753763586283,0.020286306273192167,0.021089820889756083,0.020146548748016357
1035,1035,4.148490905761719,4.148764610290527,2e-05,1.9792880982163579,0.025041748769581318,0.02030794438906014,0.02111484808847308,0.02017548680305481
1036,1036,4.148996353149414,4.149808883666992,2e-05,1.9894953689031596,0.025013666599988937,0.02033650758676231,0.021139198914170265,0.020204189233481884
1037,1037,4.149953842163086,4.150327205657959,2e-05,1.998224405363812,0.02506928611546755,0.020354880718514323,0.0211587049998343,0.020220644772052765
1038,1038,4.14971399307251,4.148163795471191,2e-05,2.0069652152980124,0.025019621942192316,0.02037161448970437,0.021171855507418513,0.020223765168339014
1039,1039,4.149343013763428,4.148806571960449,2e-05,2.014090485206741,0.025133196264505386,0.020402749301865697,0.02120346436277032,0.02026818646118045
1040,1040,4.148284435272217,4.150370121002197,2e-05,2.020150477718941,0.02520520519465208,0.020420330576598644,0.021225113421678543,0.020288467407226562
1041,1041,4.148314476013184,4.149505615234375,2e-05,2.026960315778011,0.025074337143450975,0.020417333347722888,0.02123276819474995,0.02028083987534046
1042,1042,4.148143291473389,4.148597717285156,2e-05,2.031718550691268,0.025131380651146173,0.02046222286298871,0.02127187023870647,0.020341468043625355
1043,1043,4.149785041809082,4.148776054382324,2e-05,2.036148802291708,0.025061545427888632,0.02047535590827465,0.021282214438542724,0.02033762726932764
1044,1044,4.149394989013672,4.1512932777404785,2e-05,2.040256921277435,0.025230959989130497,0.020503405714407563,0.021314151352271438,0.02038226230069995
1045,1045,4.149891376495361,4.149871349334717,2e-05,2.0444044931938246,0.025204495061188936,0.020515066338703036,0.02132624387741089,0.020382667426019907
1046,1046,4.14841365814209,4.150566101074219,2e-05,2.0483780825663738,0.025223004166036844,0.020529388450086117,0.021345693850889802,0.020401933696120977
1047,1047,4.146903038024902,4.1493048667907715,2e-05,2.0519071071038897,0.025207143742591143,0.020557229174301028,0.021366018569096923,0.02041929727420211
1048,1048,4.149261474609375,4.148993015289307,2e-05,2.0542839881773878,0.025179509539157152,0.020563509315252304,0.02138280915096402,0.020430410746484995
1049,1049,4.147446632385254,4.1483869552612305,2e-05,2.0569495445824306,0.02523211296647787,0.020606742007657886,0.02141819684766233,0.020483790896832943
1050,1050,4.149819374084473,4.150577068328857,2e-05,2.059266821391593,0.025226965080946684,0.020613342290744185,0.021431952016428113,0.020487008150666952
1051,1051,4.1483612060546875,4.151346206665039,2e-05,2.0612905011542995,0.025369519367814064,0.020653342828154564,0.02146387309767306,0.020532958675175905
1052,1052,4.147781848907471,4.14981746673584,2e-05,2.0637197243413894,0.0252329776994884,0.020656145876273513,0.021468994207680225,0.020518988836556673
1053,1053,4.151533603668213,4.149717330932617,2e-05,2.065152247923723,0.025256679393351078,0.02067264588549733,0.021494635147973895,0.020550967194139957
1054,1054,4.148342609405518,4.1488494873046875,2e-05,2.0661947556271656,0.02520781336352229,0.020689264638349414,0.021508628269657493,0.020555280148983
1055,1055,4.150910377502441,4.149254322052002,2e-05,2.067986833702203,0.02527163503691554,0.020717955194413662,0.021531518548727036,0.02057950384914875
1056,1056,4.150073051452637,4.149636268615723,2e-05,2.073759013184822,0.025359039194881916,0.020742675056681037,0.021559283370152116,0.020616835448890924
1057,1057,4.149739742279053,4.151564121246338,2e-05,2.078070933796332,0.025328063871711493,0.020755096804350615,0.021575475111603737,0.0206272448413074
1058,1058,4.149492263793945,4.151209831237793,2e-05,2.078988978269573,0.02535830857232213,0.020771252224221826,0.02159342961385846,0.020640759728848934
1059,1059,4.148359775543213,4.149322032928467,2e-05,2.079345195049283,0.025359845720231533,0.020797818899154663,0.021623390028253198,0.02068203967064619
1060,1060,4.149738311767578,4.148420810699463,2e-05,2.0802679999987275,0.025417796336114407,0.02082282304763794,0.021639745915308595,0.02069363696500659
1061,1061,4.149662017822266,4.149717807769775,2e-05,2.080238579261267,0.025409494061022997,0.02083393046632409,0.021661401260644197,0.020716238766908646
1062,1062,4.1481122970581055,4.149535655975342,2e-05,2.079683762368014,0.025377897545695305,0.020851639565080404,0.021674532908946276,0.02072104113176465
1063,1063,4.148733615875244,4.149289608001709,2e-05,2.079769709600015,0.025457987561821938,0.020878152921795845,0.02170531451702118,0.020761397667229176
1064,1064,4.146330833435059,4.148678302764893,2e-05,2.0799709614927377,0.02543676644563675,0.020900720031931996,0.021726726088672876,0.020784761290997267
1065,1065,4.146989345550537,4.148656845092773,2e-05,2.0805321386459834,0.025483834091573954,0.02092444011941552,0.021744295489042997,0.02079773833975196
1066,1066,4.1473283767700195,4.149046897888184,2e-05,2.0804119698555885,0.025455675087869167,0.020939749432727695,0.021762936376035213,0.020813639741390944
1067,1067,4.149738311767578,4.1506500244140625,2e-05,2.0803978582635883,0.025509013794362545,0.020961677189916372,0.02178564528003335,0.02083839476108551
1068,1068,4.1490983963012695,4.148402214050293,2e-05,2.080211991584563,0.025508827529847622,0.02097244164906442,0.021801414899528027,0.020851609762758017
1069,1069,4.147804260253906,4.151618003845215,2e-05,2.079960706233224,0.02552116895094514,0.021005480084568262,0.02182770729996264,0.020879989955574274
1070,1070,4.147210121154785,4.147270202636719,2e-05,2.0842643983837967,0.025385885033756495,0.021012124605476856,0.021843099035322666,0.020890931598842144
1071,1071,4.147890090942383,4.14933967590332,2e-05,1.9464350511473314,0.025554392486810684,0.021028084447607398,0.02186873904429376,0.020922460593283176
1072,1072,4.148736000061035,4.150583267211914,2e-05,1.962883690774725,0.025584179908037186,0.02107030525803566,0.021899706916883588,0.020963958464562893
1073,1073,4.148221015930176,4.148893356323242,2e-05,1.9757901054744664,0.025514408946037292,0.02108095260336995,0.021913040895015,0.020969840232282877
1074,1074,4.148045539855957,4.14878511428833,2e-05,1.9863769212011966,0.02549870079383254,0.021092713344842196,0.0219264670740813,0.02097466867417097
1075,1075,4.1469855308532715,4.14881706237793,2e-05,1.9976172537077932,0.025661658495664597,0.02111678826622665,0.021958311088383198,0.02101907366886735
1076,1076,4.147552490234375,4.1497697830200195,2e-05,2.009510026519881,0.025559269357472658,0.02114086365327239,0.021974679781123996,0.021030692383646965
1077,1077,4.149105072021484,4.148713111877441,2e-05,2.022456568644162,0.025640783831477165,0.021177387097850442,0.02200209558941424,0.021063887514173985
1078,1078,4.148591041564941,4.146304130554199,2e-05,2.0327326671318957,0.025651462841778994,0.02116348478011787,0.022005086531862617,0.021045534871518612
1079,1079,4.149952411651611,4.147462844848633,2e-05,1.9002540773823449,0.02568728430196643,0.02120248810388148,0.022040202748030424,0.0210965508595109
1080,1080,4.147313594818115,4.147878646850586,2e-05,1.9199757298596016,0.02564034517854452,0.0212102010846138,0.022045496618375182,0.021087645087391138
1081,1081,4.147610664367676,4.149038314819336,2e-05,1.937752907466973,0.025637783110141754,0.021235128864645958,0.02207782561890781,0.021131756249815226
1082,1082,4.1481146812438965,4.14815616607666,2e-05,1.9522525835816176,0.025752220302820206,0.02126347180455923,0.022102847462520003,0.02115939324721694
1083,1083,4.148263931274414,4.150168418884277,2e-05,1.9704052385352735,0.025757899973541498,0.021283159963786602,0.02212461270391941,0.021182095166295767
1084,1084,4.1484880447387695,4.146912097930908,2e-05,1.9837809010463818,0.025740221608430147,0.02131832391023636,0.022155025973916054,0.021225390024483204
1085,1085,4.147876739501953,4.147464752197266,2e-05,1.9950291259168287,0.025762211997061968,0.021316873840987682,0.02215894660912454,0.021210200153291225
1086,1086,4.146349906921387,4.146876811981201,2e-05,2.003724273774892,0.025819998234510422,0.021356428042054176,0.022194477962329984,0.0212603360414505
1087,1087,4.146965980529785,4.149332046508789,2e-05,2.0117385527523934,0.025886764749884605,0.0213553374633193,0.022198766702786088,0.021246178541332483
1088,1088,4.149231910705566,4.151209831237793,2e-05,2.018881862949266,0.02577034290879965,0.02138377446681261,0.02222757274284959,0.021281803492456675
1089,1089,4.147274017333984,4.148571014404297,2e-05,2.0280195588311107,0.025772643741220236,0.021399750607088208,0.02224548952654004,0.02129745250567794
1090,1090,4.149128437042236,4.149468421936035,2e-05,2.036554770371615,0.025826598051935434,0.021431682398542762,0.02227468159981072,0.02133738063275814
1091,1091,4.14857292175293,4.149737358093262,2e-05,2.04311050175473,0.025831660255789757,0.021444922080263495,0.02228789939545095,0.02134194364771247
1092,1092,4.148022651672363,4.148758888244629,2e-05,2.0476892247365632,0.025912809185683727,0.02147142542526126,0.022315855836495757,0.021374450996518135
1093,1093,4.147730350494385,4.148683547973633,2e-05,2.051321916276542,0.02580987010151148,0.02148147695697844,0.02233644714578986,0.02139599621295929
1094,1094,4.147479057312012,4.147683143615723,2e-05,2.054033757289412,0.025970266200602055,0.021509170066565275,0.02235473645851016,0.02141157118603587
1095,1095,4.149113655090332,4.147637844085693,2e-05,2.0564645286346392,0.025873128324747086,0.021519365021958947,0.022367597091943026,0.02141666878014803
1096,1096,4.149009704589844,4.15208625793457,2e-05,2.059232114463107,0.025849731639027596,0.021540004294365644,0.022395297419279814,0.021450423635542393
1097,1097,4.147219657897949,4.147751331329346,2e-05,2.0614499405624946,0.02594873821362853,0.021568988915532827,0.022422951878979802,0.02148625534027815
1098,1098,4.148148536682129,4.1491875648498535,2e-05,2.062904587446177,0.025882418267428875,0.021581390174105763,0.022438767831772566,0.021495428401976824
1099,1099,4.14696741104126,4.1483988761901855,2e-05,2.0645793358944102,0.025977122131735086,0.02160494076088071,0.022457235725596547,0.021510603837668896
1100,1100,4.145326137542725,4.149004936218262,2e-05,2.0653149984279846,0.025973689276725054,0.02162879705429077,0.022477195831015706,0.021526637952774763
1101,1101,4.14785623550415,4.14773416519165,2e-05,2.0672397922671326,0.025950870011001825,0.021655344869941473,0.022503877989947796,0.021561208181083202
1102,1102,4.148903846740723,4.1488494873046875,2e-05,2.068248687250823,0.025948841590434313,0.02167831198312342,0.022525959881022573,0.02158613782376051
1103,1103,4.1462626457214355,4.1476030349731445,2e-05,2.0692727943021043,0.025973531417548656,0.021693021524697542,0.022548937471583486,0.02161005837842822
1104,1104,4.146528720855713,4.148205757141113,2e-05,2.0709560602898893,0.025964560452848673,0.02171053341589868,0.022567061940208077,0.0216245511546731
1105,1105,4.147167205810547,4.148582458496094,2e-05,2.071961842118524,0.026010482106357813,0.02172914450056851,0.022578104166314006,0.021628739312291145
1106,1106,4.1467695236206055,4.146994590759277,2e-05,2.072953799085341,0.0259913825429976,0.021749980049207807,0.02260585594922304,0.021661415230482817
1107,1107,4.147493839263916,4.1480183601379395,2e-05,2.0733789497895225,0.026176456827670336,0.021772843087092042,0.02263164520263672,0.021692742593586445
1108,1108,4.149480819702148,4.144841194152832,2e-05,2.074278801798639,0.026058045215904713,0.021794823464006186,0.022647587349638343,0.021704149898141623
1109,1109,4.148059844970703,4.148576736450195,2e-05,1.9374126743495392,0.026101434603333473,0.021804986521601677,0.02267221687361598,0.021733415313065052
1110,1110,4.146747589111328,4.147351264953613,2e-05,1.9561363292885332,0.026061768643558025,0.021830928046256304,0.02269285195507109,0.02175233419984579
1111,1111,4.149288654327393,4.147793769836426,2e-05,1.971273778747757,0.026119806338101625,0.021853224141523242,0.022716117091476917,0.021777824498713017
1112,1112,4.147038459777832,4.1467084884643555,2e-05,1.983063638501323,0.02622403111308813,0.02187782432883978,0.02273963368497789,0.02180330641567707
1113,1113,4.148044109344482,4.14827823638916,2e-05,1.9972557764740508,0.02612524852156639,0.021878075785934925,0.02275507152080536,0.021813715808093548
1114,1114,4.147803783416748,4.148861885070801,2e-05,2.009446442387964,0.02616251027211547,0.021913248347118497,0.02277941396459937,0.021840634290128946
1115,1115,4.1461591720581055,4.146817684173584,2e-05,2.018339508618183,0.026178999803960323,0.02194437780417502,0.022805054439231753,0.02187292417511344
1116,1116,4.147755146026611,4.148282527923584,2e-05,2.025450267078655,0.026156624779105186,0.021947025321424007,0.022813955089077353,0.021869159303605556
1117,1117,4.147629737854004,4.15078592300415,2e-05,2.0306307082465445,0.026241315063089132,0.02197449654340744,0.022839149460196495,0.021898650098592043
1118,1118,4.147339820861816,4.145164489746094,2e-05,2.0359319862874643,0.02610126370564103,0.02197280921973288,0.02285372861661017,0.02190531976521015
1119,1119,4.145686626434326,4.148006439208984,2e-05,2.0404550423789996,0.026284897699952126,0.022012615110725164,0.022881208453327417,0.021939850877970457
1120,1120,4.146740913391113,4.147967338562012,2e-05,2.044555532960181,0.026241943705826998,0.022026581456884742,0.022896520793437958,0.021951125469058752
1121,1121,4.145673751831055,4.146239280700684,2e-05,2.048305480187541,0.02629156783223152,0.022059653187170625,0.02292599040083587,0.021988372784107924
1122,1122,4.148679733276367,4.1487274169921875,2e-05,2.0509316609373474,0.026345033198595047,0.022061181953176856,0.02294094138778746,0.02199910581111908
1123,1123,4.14626932144165,4.147078514099121,2e-05,2.0543445222200285,0.0262330062687397,0.022084286902099848,0.022956162923946977,0.02200622158125043
1124,1124,4.149016857147217,4.145382881164551,2e-05,2.0569619169834277,0.02630644105374813,0.02210962725803256,0.022982224356383085,0.0220400164835155
1125,1125,4.149735450744629,4.147623538970947,2e-05,2.0591740370364535,0.026366325560957193,0.022140997694805264,0.023012902587652206,0.02207855600863695
1126,1126,4.147008895874023,4.147603511810303,2e-05,2.0613332478055293,0.026308365166187286,0.022150296019390225,0.023021624889224768,0.022077694535255432
1127,1127,4.14595365524292,4.147042274475098,2e-05,2.063388064203646,0.02625940414145589,0.02215942833572626,0.02303305733948946,0.022080877795815468
1128,1128,4.145947456359863,4.146840572357178,2e-05,2.065086247106255,0.026391944382339716,0.022199159488081932,0.023075396427884698,0.02214193344116211
1129,1129,4.1480712890625,4.147628307342529,2e-05,2.0665502530288404,0.02635942306369543,0.022206487599760294,0.023082668194547296,0.02214042330160737
1130,1130,4.147154808044434,4.146617889404297,2e-05,2.067462819509843,0.026388085447251797,0.02222889056429267,0.023112185299396515,0.02217679237946868
1131,1131,4.146039009094238,4.149533271789551,2e-05,2.068733719965942,0.026425041258335114,0.022259860765188932,0.023138262098655105,0.022205976769328117
1132,1132,4.145420551300049,4.147751808166504,2e-05,2.070329072850527,0.026309916749596596,0.022265956038609147,0.023144051432609558,0.022199723403900862
1133,1133,4.14658784866333,4.1466064453125,2e-05,2.071211896695853,0.02636282565072179,0.022282556165009737,0.023163889069110155,0.022218160796910524
1134,1134,4.146018028259277,4.147758483886719,2e-05,2.071549898130782,0.0264938329346478,0.022318624891340733,0.023192374734207988,0.022253519389778376
1135,1135,4.14698600769043,4.148455619812012,2e-05,2.0721697617357244,0.02651071548461914,0.02232881262898445,0.023208721540868282,0.022267640568315983
1136,1136,4.146205902099609,4.148769378662109,2e-05,2.072794346722925,0.02646790351718664,0.02236789371818304,0.023240645183250308,0.022308397572487593
1137,1137,4.146183490753174,4.146737098693848,2e-05,2.07296917854169,0.026557238306850195,0.02237526746466756,0.02326190285384655,0.022330619394779205
1138,1138,4.147706985473633,4.1476850509643555,2e-05,2.073813298233219,0.026533829979598522,0.022393520455807447,0.02327735093422234,0.02234139246866107
1139,1139,4.1480207443237305,4.150080680847168,2e-05,2.077190674461017,0.026510939467698336,0.02240913826972246,0.02329606469720602,0.022358397021889687
1140,1140,4.1465678215026855,4.149251461029053,2e-05,2.081326205203337,0.026627267710864544,0.022427887888625264,0.02332181134261191,0.022388510406017303
1141,1141,4.147536754608154,4.146575450897217,2e-05,2.0831169812569628,0.026587478816509247,0.022457668324932456,0.023337455466389656,0.022400713991373777
1142,1142,4.146317958831787,4.147373199462891,2e-05,2.0837449970627415,0.02651745267212391,0.022484128596261144,0.023361294297501445,0.022425764240324497
1143,1143,4.148868083953857,4.1492204666137695,2e-05,2.083680214772418,0.026620449032634497,0.022502012085169554,0.023386879358440638,0.022458203602582216
1144,1144,4.145508766174316,4.1481523513793945,2e-05,2.0840099171577413,0.02655611839145422,0.022526946384459734,0.02341172005981207,0.02248648926615715
1145,1145,4.145649433135986,4.147193431854248,2e-05,2.0839285737178246,0.02654345892369747,0.022532538510859013,0.02342213992960751,0.022487410344183445
1146,1146,4.147202014923096,4.146288871765137,2e-05,2.082876781220746,0.026690484955906868,0.02255014982074499,0.02344050514511764,0.022501935251057148
1147,1147,4.146646499633789,4.1460862159729,2e-05,2.0830056269040442,0.026628945488482714,0.022578249918296933,0.023458274081349373,0.02251841826364398
1148,1148,4.146337032318115,4.149518013000488,2e-05,2.0829056046288477,0.02656342927366495,0.022589735686779022,0.02348006935790181,0.02254221448674798
1149,1149,4.147007942199707,4.147585868835449,2e-05,2.0825406686254464,0.02667535049840808,0.022624927572906017,0.023511537117883563,0.02258211188018322
1150,1150,4.146979331970215,4.1467790603637695,2e-05,2.08249954289168,0.026671710424125195,0.02263116091489792,0.02352596609853208,0.022590210661292076
1151,1151,4.14597225189209,4.1456217765808105,2e-05,2.081896088423572,0.026736854575574398,0.022656994871795177,0.02355396142229438,0.022628800943493843
1152,1152,4.147638320922852,4.146719455718994,2e-05,2.0813332467690127,0.026787901762872934,0.022690628189593554,0.023576120380312204,0.022649503778666258
1153,1153,4.147276878356934,4.146217346191406,2e-05,2.0816189310701896,0.026721971575170755,0.022687767166644335,0.023581793997436762,0.022642824798822403
1154,1154,4.147552967071533,4.146543979644775,2e-05,2.0818909592221746,0.02674336638301611,0.022725025191903114,0.02360827778466046,0.022675705142319202
1155,1155,4.145837783813477,4.147491455078125,2e-05,2.0816472772424657,0.02674946468323469,0.02273062290623784,0.023627226473763585,0.022693744394928217
1156,1156,4.146432399749756,4.148290634155273,2e-05,2.0814007538926105,0.02688552439212799,0.022750045405700803,0.023653866024687886,0.02272320492193103
1157,1157,4.147667407989502,4.145757675170898,2e-05,2.081112125935806,0.02674712659791112,0.022771003423258662,0.023660892620682716,0.02272278070449829
1158,1158,4.145130157470703,4.145241737365723,2e-05,2.0810552368110273,0.026742180809378624,0.02280132449232042,0.023702358594164252,0.02277969103306532
1159,1159,4.145659446716309,4.145905494689941,2e-05,2.0803719753314693,0.026788886170834303,0.0228132545016706,0.023712984286248684,0.02278211433440447
1160,1160,4.14797306060791,4.146969795227051,2e-05,2.080344533584272,0.02683842834085226,0.022852135356515646,0.02374337427318096,0.022820856887847185
1161,1161,4.145856857299805,4.1482133865356445,2e-05,2.0804114680834687,0.0268210144713521,0.022859006887301803,0.02375839580781758,0.02283093659207225
1162,1162,4.147714614868164,4.147021293640137,2e-05,2.0807893302532,0.02690958511084318,0.02288349694572389,0.023779487470164895,0.022854576818645
1163,1163,4.147121906280518,4.147318363189697,2e-05,2.0807374826214384,0.026971973944455385,0.02289976249448955,0.02380044781602919,0.02287550223991275
1164,1164,4.146603584289551,4.145865440368652,2e-05,2.0803151679247374,0.026945768855512142,0.022918529575690627,0.023821971844881773,0.022895460948348045
1165,1165,4.147095203399658,4.146393775939941,2e-05,2.080580956304735,0.02683663321658969,0.02293693250976503,0.023839928675442934,0.02291215816512704
1166,1166,4.1461181640625,4.147345542907715,2e-05,2.084954214210206,0.026969824451953173,0.022958094952628016,0.02386192325502634,0.022932754829525948
1167,1167,4.146072864532471,4.146638870239258,2e-05,2.08769124555409,0.02691665105521679,0.022957951994612813,0.023871392710134387,0.022935100831091404
1168,1168,4.147170066833496,4.147215366363525,2e-05,2.0876921336467893,0.026973247528076172,0.022992380196228623,0.023895941907539964,0.02296323888003826
1169,1169,4.145909309387207,4.146090030670166,2e-05,2.0875334657001052,0.0270105698145926,0.02301547536626458,0.02392559708096087,0.02300059888511896
1170,1170,4.144690036773682,4.147111892700195,2e-05,2.0868666422489492,0.027020255103707314,0.023050031159073114,0.02395345433615148,0.02303236350417137
1171,1171,4.144982814788818,4.146202087402344,2e-05,2.0865468108182075,0.02701172512024641,0.023053162498399615,0.023963047424331307,0.023032816126942635
1172,1172,4.145742416381836,4.149024963378906,2e-05,2.0854276822581754,0.02703899471089244,0.023078804835677147,0.023984169820323586,0.023054626770317554
1173,1173,4.146457672119141,4.145663261413574,2e-05,2.0851623626916633,0.02696306724101305,0.023099728859961033,0.024009216343984008,0.023084533866494894
1174,1174,4.145580768585205,4.145761013031006,2e-05,2.0845544381738654,0.02706037601456046,0.02311207866296172,0.02402267139405012,0.02309122635051608
1175,1175,4.1454925537109375,4.147993564605713,2e-05,2.0843168961843137,0.02714498108252883,0.02313973056152463,0.02405303274281323,0.023129012435674667
1176,1176,4.144223690032959,4.143703460693359,2e-05,2.0843439863690683,0.027029394637793303,0.023167086532339454,0.02407819335348904,0.023157623130828142
1177,1177,4.145386695861816,4.146970748901367,2e-05,1.9456751384050663,0.02711652684956789,0.0231929465662688,0.024096626788377762,0.02317470358684659
1178,1178,4.146846771240234,4.146392345428467,2e-05,1.9621335067413304,0.027146109845489264,0.023210193030536175,0.024124555988237262,0.02320701116696
1179,1179,4.144890785217285,4.147599697113037,2e-05,1.9758511165396637,0.027122410014271736,0.023223611991852522,0.024131196783855557,0.0232046814635396
1180,1180,4.146817207336426,4.145678520202637,2e-05,1.9867844693939234,0.02724830713123083,0.023246200988069177,0.02415456622838974,0.023228715173900127
1181,1181,4.145282745361328,4.147800922393799,2e-05,1.9964604361979759,0.027087213937193155,0.023242294788360596,0.02416259772144258,0.02322698524221778
1182,1182,4.145632266998291,4.149137496948242,2e-05,2.004893484123964,0.027239433955401182,0.023293191334232688,0.02420443668961525,0.023285644128918648
1183,1183,4.144852161407471,4.151007175445557,2e-05,2.012716335753728,0.027027122676372528,0.023269006283953786,0.024195891339331865,0.023252798710018396
1184,1184,4.14400577545166,4.147554874420166,2e-05,2.0192244954421574,0.027254584711045027,0.02331632375717163,0.024230897659435868,0.0233020787127316
1185,1185,4.145212173461914,4.1461005210876465,2e-05,2.025532350507634,0.02720104530453682,0.02332865446805954,0.024254111340269446,0.023326092399656773
1186,1186,4.147258758544922,4.146570682525635,2e-05,2.0308429220515993,0.027298392727971077,0.023358362494036555,0.024272341979667544,0.023344353772699833
1187,1187,4.145843505859375,4.146528720855713,2e-05,2.035615020767436,0.027176848612725735,0.023394213989377022,0.024306357838213444,0.023388446774333715
1188,1188,4.145248889923096,4.149871349334717,2e-05,2.040107842159495,0.02726166881620884,0.023412821581587195,0.024334570160135627,0.023422449361532927
1189,1189,4.144660949707031,4.148227691650391,2e-05,2.0442827194521276,0.02723250538110733,0.02342701470479369,0.024343983735889196,0.023424793500453234
1190,1190,4.14348030090332,4.145824432373047,2e-05,2.0476268310901253,0.02729894546791911,0.023438344709575176,0.024357119342312217,0.02343380730599165
1191,1191,4.145035743713379,4.145345687866211,2e-05,2.0512384329163496,0.02729725604876876,0.02346823737025261,0.024384896969422698,0.023464737460017204
1192,1192,4.144845008850098,4.144124984741211,2e-05,2.053869686008226,0.02730619814246893,0.023486783262342215,0.024405593518167734,0.02348570665344596
1193,1193,4.147941589355469,4.1480488777160645,2e-05,2.0567006192352375,0.027347817085683346,0.023502082796767354,0.024421363603323698,0.0234972657635808
1194,1194,4.145379543304443,4.147575855255127,2e-05,2.0593228980009535,0.027369867078959942,0.023534216219559312,0.024445965653285384,0.023526118602603674
1195,1195,4.146278381347656,4.145153999328613,2e-05,2.0656568543018197,0.027383314911276102,0.023551202844828367,0.024471761425957084,0.023554442916065454
1196,1196,4.144592761993408,4.145235061645508,2e-05,2.070328727261118,0.027416368015110493,0.023575701285153627,0.024499479914084077,0.023588412906974554
1197,1197,4.143868446350098,4.144040107727051,2e-05,2.0725231919654292,0.027357840910553932,0.023583540925756097,0.02451411820948124,0.023599259089678526
1198,1198,4.1462321281433105,4.146180152893066,2e-05,2.0739162808232425,0.027443992905318737,0.02363185817375779,0.02454542857594788,0.023637383244931698
1199,1199,4.145205497741699,4.144707679748535,2e-05,2.0747326334070078,0.027467468287795782,0.023632315453141928,0.024558878736570477,0.02364620892331004
1200,1200,4.144723892211914,4.1478681564331055,2e-05,2.0754103223949114,0.02744954265654087,0.023648250149562955,0.024574041133746505,0.023657553363591433
1201,1201,4.145636558532715,4.1468048095703125,2e-05,2.0761889384312777,0.02742774412035942,0.02365453843958676,0.02458950295113027,0.02366931503638625
1202,1202,4.143828392028809,4.144664764404297,2e-05,2.0768077915762193,0.02743940195068717,0.02369777485728264,0.02461516880430281,0.02369767241179943
1203,1203,4.14583683013916,4.146501064300537,2e-05,2.081478359977703,0.027546432800590992,0.023715219227597117,0.0246375878341496,0.02372211078181863
1204,1204,4.145246982574463,4.144349575042725,2e-05,2.0842469093130114,0.027531280647963285,0.023738253628835082,0.024668372003361583,0.023759177420288324
1205,1205,4.143628120422363,4.148293495178223,2e-05,2.0856448150341422,0.027485926635563374,0.023757237009704113,0.024677037028595805,0.023759764153510332
1206,1206,4.144998550415039,4.145512580871582,2e-05,2.0853751564320024,0.02748107584193349,0.02374799153767526,0.024689855985343456,0.023767431266605854
1207,1207,4.143801212310791,4.145312309265137,2e-05,2.0850877929231197,0.027509981766343117,0.0237886521499604,0.02471181913278997,0.023791589308530092
1208,1208,4.145975589752197,4.144792079925537,2e-05,2.0847126157091553,0.027584814466536045,0.023823979077860713,0.02474932884797454,0.0238417387008667
1209,1209,4.1444172859191895,4.146279335021973,2e-05,2.084503912896894,0.027568455785512924,0.02383103361353278,0.02476499415934086,0.02385355904698372
1210,1210,4.146223068237305,4.1473236083984375,2e-05,2.084152431860887,0.027582956477999687,0.023850806523114443,0.02477982733398676,0.02386479824781418
1211,1211,4.148018836975098,4.1448469161987305,2e-05,2.0835441552895997,0.02760002203285694,0.023881381144747138,0.024807455018162727,0.02389759151265025
1212,1212,4.144297122955322,4.143895149230957,2e-05,2.0829053333450096,0.027513680513948202,0.023893733508884907,0.024824216729030013,0.023911661002784967
1213,1213,4.147709846496582,4.145641326904297,2e-05,2.0829418970527076,0.027637308463454247,0.023917014943435788,0.02484981040470302,0.023941141553223133
1214,1214,4.146083354949951,4.14517879486084,2e-05,2.082553546090137,0.02760933106765151,0.023929483257234097,0.024867403553798795,0.02395600825548172
1215,1215,4.1446990966796875,4.145920276641846,2e-05,2.0822782460846807,0.02767165470868349,0.02394772879779339,0.024887202540412545,0.023975844494998455
1216,1216,4.146150588989258,4.147238731384277,2e-05,2.0818203352833295,0.027739254292100668,0.023975607007741928,0.024906054604798555,0.023994639981538057
1217,1217,4.143389701843262,4.146780967712402,2e-05,2.0815787679736046,0.027792539447546005,0.02399357035756111,0.024930917425081134,0.024022414814680815
1218,1218,4.144554138183594,4.144611835479736,2e-05,2.081685931437159,0.02773287519812584,0.024019677191972733,0.024952983483672142,0.02404508227482438
1219,1219,4.145251274108887,4.145291805267334,2e-05,2.0814132855897567,0.02767646685242653,0.024034888483583927,0.02496724179945886,0.024055244401097298
1220,1220,4.1437225341796875,4.146871566772461,2e-05,2.0818376961744782,0.027792437002062798,0.02405162015929818,0.02499410859309137,0.024085380602627993
1221,1221,4.145660400390625,4.14357852935791,2e-05,2.086049140897536,0.02773549361154437,0.024063932709395885,0.025003840448334813,0.02408851170912385
1222,1222,4.146088123321533,4.146528244018555,2e-05,1.9370294610017862,0.027708372101187706,0.024086041375994682,0.025025692768394947,0.024113019928336143
1223,1223,4.143969535827637,4.14632511138916,2e-05,1.953186900178449,0.027809103950858116,0.024101984687149525,0.02503713732585311,0.02411996340379119
1224,1224,4.14597225189209,4.144094467163086,2e-05,1.9666781277175294,0.027721182443201542,0.02411616314202547,0.025062490021809936,0.024147646501660347
1225,1225,4.144299507141113,4.146451950073242,2e-05,1.9785238044232365,0.027754556853324175,0.02415025164373219,0.025088680675253272,0.024177065584808588
1226,1226,4.144908905029297,4.145391941070557,2e-05,1.989053161590297,0.027881477493792772,0.024179027182981372,0.025113601004704833,0.024207451846450567
1227,1227,4.143402099609375,4.146928787231445,2e-05,1.9974790725253262,0.0278482916764915,0.024209212511777878,0.02514469576999545,0.02424397924914956
1228,1228,4.14459228515625,4.1444196701049805,2e-05,2.0056345310656565,0.0278633045963943,0.024219208396971226,0.02515807398594916,0.02425398165360093
1229,1229,4.144433498382568,4.143705368041992,2e-05,2.0130239139289374,0.02801970625296235,0.02424958487972617,0.02518859994597733,0.024290064815431833
1230,1230,4.14263391494751,4.148128509521484,2e-05,2.019936943984803,0.027896694373339415,0.024266217835247517,0.025201715528964996,0.02430097060278058
1231,1231,4.146439552307129,4.144561767578125,2e-05,2.0256835306595304,0.02787237148731947,0.024282021448016167,0.025226948084309697,0.02432804275304079
1232,1232,4.145451545715332,4.1445159912109375,2e-05,2.0307518106291864,0.027949005365371704,0.02428886597044766,0.02523975190706551,0.024333985522389412
1233,1233,4.146857261657715,4.143697738647461,2e-05,2.0358300607381907,0.027995072305202484,0.024312274996191263,0.025263482937589288,0.02436061529442668
1234,1234,4.144565105438232,4.142522811889648,2e-05,2.0401331114554555,0.027924629393965006,0.0243529852014035,0.025294363731518388,0.02439687680453062
1235,1235,4.14591121673584,4.143249988555908,2e-05,1.9064020808902897,0.027984391432255507,0.024364254204556346,0.025310523808002472,0.024411494378000498
1236,1236,4.145211696624756,4.1488518714904785,2e-05,1.9245593184355492,0.027998635079711676,0.024382791249081492,0.025328909046947956,0.024428097996860743
1237,1237,4.14407205581665,4.144705772399902,2e-05,1.9411655563996342,0.027945254929363728,0.02438565483316779,0.025338940089568496,0.024431191384792328
1238,1238,4.144899368286133,4.145092010498047,2e-05,1.9555152392823922,0.02799786627292633,0.024425790878012776,0.025369375245645642,0.024468238931149244
1239,1239,4.143569469451904,4.145633697509766,2e-05,1.9682486097622367,0.028119240421801805,0.02446058508940041,0.02539812959730625,0.02450113231316209
1240,1240,4.146151542663574,4.144628047943115,2e-05,1.9838783411568066,0.02803642675280571,0.02444399381056428,0.025401866529136896,0.024494536221027374
1241,1241,4.145752429962158,4.143797874450684,2e-05,1.9970783891946409,0.02804474253207445,0.024488360853865743,0.025433912873268127,0.02453396189957857
1242,1242,4.143613338470459,4.145025253295898,2e-05,2.0067608080641857,0.028207377064973116,0.024514938006177545,0.025460913544520736,0.024565129540860653
1243,1243,4.146183013916016,4.145956993103027,2e-05,2.0143150318674596,0.028151673264801502,0.024522176710888743,0.025475761853158474,0.024576008785516024
1244,1244,4.14405632019043,4.143899917602539,2e-05,2.021022087678267,0.028056171257048845,0.02453629719093442,0.02548552700318396,0.02457888750359416
1245,1245,4.143268585205078,4.147091865539551,2e-05,2.0269841089024356,0.02817554259672761,0.024559601908549666,0.025518678361549973,0.02461948385462165
1246,1246,4.143899440765381,4.144899368286133,2e-05,2.0324837584619386,0.02813924802467227,0.024581490783020854,0.025531454011797905,0.02462795004248619
1247,1247,4.1468119621276855,4.145190238952637,2e-05,2.037438403055496,0.02817875612527132,0.024600054835900664,0.025551824597641826,0.02464963775128126
1248,1248,4.144687652587891,4.145664215087891,2e-05,2.0420117282220587,0.028163130395114422,0.024621109711006284,0.02557816868647933,0.024677752051502466
1249,1249,4.1435956954956055,4.1435322761535645,2e-05,2.0450336284891675,0.028286159969866276,0.024655528599396348,0.025605607545003295,0.02470926847308874
1250,1250,4.144448757171631,4.1456451416015625,2e-05,2.048691133696386,0.028211552184075117,0.02467747055925429,0.025623404886573553,0.02472619852051139
1251,1251,4.142874717712402,4.14592981338501,2e-05,2.0521615331633254,0.028246514964848757,0.02467719418928027,0.0256384564563632,0.024737221654504538
1252,1252,4.146996021270752,4.146808624267578,2e-05,2.0550120866171944,0.02829666342586279,0.024701889604330063,0.025663902517408133,0.02476574294269085
1253,1253,4.145752429962158,4.145052909851074,2e-05,2.0575132076505622,0.028247821610420942,0.024735887302085757,0.025672414805740118,0.024767386727035046
1254,1254,4.144809722900391,4.144126892089844,2e-05,2.0592358532333153,0.028272084426134825,0.024745000759139657,0.025698693469166756,0.02479666005820036
1255,1255,4.1433916091918945,4.14660120010376,2e-05,2.0618531229948442,0.028295290656387806,0.024753346340730786,0.025713111273944378,0.024807056412100792
1256,1256,4.141561508178711,4.144228458404541,2e-05,2.068583062530931,0.028385175857692957,0.024788862094283104,0.025742565747350454,0.02484232559800148
1257,1257,4.145468711853027,4.1449971199035645,2e-05,2.0726640501512366,0.028405318967998028,0.024793643737211823,0.025751927169039845,0.02484939293935895
1258,1258,4.143435478210449,4.145092964172363,2e-05,2.0749460526666543,0.028340045362710953,0.024844817351549864,0.02579698758199811,0.024905764032155275
1259,1259,4.145829200744629,4.144118785858154,2e-05,2.0760545237687387,0.028334058355540037,0.02485514641739428,0.02581612439826131,0.02492599841207266
1260,1260,4.143013000488281,4.147059440612793,2e-05,2.078642584414829,0.02831606473773718,0.024863686179742217,0.0258274853695184,0.024931904394179583
1261,1261,4.144235134124756,4.144227504730225,2e-05,2.082279158103952,0.028408323880285025,0.024898719508200884,0.025855992455035448,0.024965740274637938
1262,1262,4.143564224243164,4.144304275512695,2e-05,2.08695093375067,0.02832226688042283,0.024889273568987846,0.02585713122971356,0.02495558373630047
1263,1263,4.14292573928833,4.145113945007324,2e-05,2.0907543421984633,0.028335345908999443,0.024935604305937886,0.025898049818351865,0.025010211393237114
1264,1264,4.142643928527832,4.1444315910339355,2e-05,2.0928118503715036,0.028419228736311197,0.024935521883890033,0.025904832407832146,0.025009206030517817
1265,1265,4.142341613769531,4.144405364990234,2e-05,2.092850710948733,0.028444547206163406,0.024971004808321595,0.025930727366358042,0.025039338041096926
1266,1266,4.14189338684082,4.142941474914551,2e-05,2.0959376283468374,0.02844228222966194,0.02497715479694307,0.025951628806069493,0.02505971724167466
1267,1267,4.145225524902344,4.146309852600098,2e-05,2.0983577876505977,0.028428396675735712,0.025013919919729233,0.025979412253946066,0.02509406628087163
1268,1268,4.142148494720459,4.142890453338623,2e-05,2.098571541638083,0.028508553747087717,0.025015763705596328,0.025991055881604552,0.025100585538893938
1269,1269,4.144469738006592,4.1443023681640625,2e-05,2.097285104142384,0.028342283330857754,0.025050709722563624,0.02601478830911219,0.0251242914237082
1270,1270,4.1423492431640625,4.143404006958008,2e-05,2.0959532382852446,0.028427567332983017,0.025052868062630296,0.026023101061582565,0.02512728376314044
1271,1271,4.146877288818359,4.143609046936035,2e-05,2.0944345289294417,0.028507470153272152,0.025082594016566873,0.026056755566969514,0.025170183274894953
1272,1272,4.14460563659668,4.146107196807861,2e-05,2.0923690409049502,0.02856191899627447,0.02509244321845472,0.026075788307935,0.025187059305608273
1273,1273,4.144391059875488,4.1441450119018555,2e-05,2.0914890342496086,0.02866039238870144,0.025137803284451365,0.026105287484824657,0.025223101023584604
1274,1274,4.145450592041016,4.1436262130737305,2e-05,2.0906697109073358,0.028497132938355207,0.025140110636129975,0.026117447996512055,0.025231247767806053
1275,1275,4.143754005432129,4.146613121032715,2e-05,2.089964604812818,0.02863397914916277,0.025167703395709395,0.026137120323255658,0.025251196697354317
1276,1276,4.14408016204834,4.143988609313965,2e-05,2.0889481989350935,0.028579810168594122,0.025177921168506145,0.026151031022891402,0.02526187803596258
1277,1277,4.14280366897583,4.143289566040039,2e-05,2.0876653492154476,0.02857393864542246,0.02520309342071414,0.026171158766373992,0.02528126025572419
1278,1278,4.142648696899414,4.142728805541992,2e-05,2.086915996700986,0.028578036930412054,0.02523620775900781,0.026202037930488586,0.025316778104752302
1279,1279,4.143259048461914,4.144195556640625,2e-05,2.085905437986872,0.028666181955486536,0.02525096060708165,0.026224755216389894,0.025343023240566254
1280,1280,4.143430709838867,4.146452903747559,2e-05,2.0854138044418673,0.02863402897492051,0.025262390729039907,0.026236858451738954,0.02535045798867941
1281,1281,4.143101692199707,4.142791748046875,2e-05,2.0848005219365535,0.02872462384402752,0.02528894762508571,0.02626340719871223,0.025379678700119257
1282,1282,4.141454696655273,4.143772125244141,2e-05,2.0847071760978886,0.028758640866726637,0.025301787303760648,0.026279367739334702,0.02539373515173793
1283,1283,4.143596649169922,4.144534111022949,2e-05,2.084154662862491,0.028700135182589293,0.02532859379425645,0.02630394883453846,0.02542181359604001
1284,1284,4.1439666748046875,4.142586708068848,2e-05,2.0833560988537343,0.02870537666603923,0.025347136426717043,0.02632063301280141,0.025437174830585718
1285,1285,4.142569541931152,4.145698547363281,2e-05,2.0829114908944235,0.02870647981762886,0.02536594378761947,0.02634655893780291,0.02546532917767763
1286,1286,4.140856742858887,4.147733688354492,2e-05,2.082860569704066,0.02878737822175026,0.025394581723958254,0.026369518134742975,0.02548986440524459
1287,1287,4.143508434295654,4.14511251449585,2e-05,2.08307059147279,0.02882030140608549,0.025428470224142075,0.0263972538523376,0.02552143018692732
1288,1288,4.142548561096191,4.143429756164551,2e-05,2.08262733892024,0.028838250786066055,0.025436332914978266,0.026410962222144008,0.025531524792313576
1289,1289,4.143398284912109,4.14834451675415,2e-05,2.087347311462441,0.028786215465515852,0.0254415615927428,0.02642249152995646,0.025537308305501938
1290,1290,4.144394874572754,4.1453375816345215,2e-05,2.0890693034407164,0.028765656054019928,0.02548634773120284,0.02645840053446591,0.02558064879849553
1291,1291,4.143031120300293,4.142786502838135,2e-05,2.0898289210356786,0.02876446070149541,0.02547841751947999,0.026465719332918525,0.025583351962268353
1292,1292,4.143207550048828,4.142619609832764,2e-05,2.088967239745332,0.0289182853884995,0.02553397254087031,0.02650699089281261,0.02563485037535429
1293,1293,4.141608238220215,4.145536422729492,2e-05,2.08875578110907,0.028861784376204014,0.025528380647301674,0.026515610283240676,0.025637593120336533
1294,1294,4.143501281738281,4.1436686515808105,2e-05,2.0870418752029862,0.028850007802248,0.025544375646859407,0.026527415495365858,0.025643825065344572
1295,1295,4.142531871795654,4.142766952514648,2e-05,2.0861940786036848,0.028760364279150963,0.0255692177452147,0.026553561445325613,0.025675070472061634
1296,1296,4.143907070159912,4.145566940307617,2e-05,2.085914183579894,0.028956483583897352,0.02560933236964047,0.02658598660491407,0.025713913142681122
1297,1297,4.142688751220703,4.1435546875,2e-05,2.0857641434216254,0.028794643469154835,0.025610981043428183,0.0265972085762769,0.025720831006765366
1298,1298,4.142744541168213,4.143916130065918,2e-05,2.084895917561329,0.029008518904447556,0.02564939111471176,0.02662937669083476,0.02575842197984457
1299,1299,4.142206192016602,4.140585899353027,2e-05,2.084193529278104,0.028910473454743624,0.025660439394414425,0.02664326038211584,0.025770653039216995
1300,1300,4.14401912689209,4.144857883453369,2e-05,1.9368734474067641,0.028960475232452154,0.02565120323561132,0.026644707191735506,0.02576317684724927
1301,1301,4.142790794372559,4.1470441818237305,2e-05,1.9518414736140226,0.028973322361707687,0.02570345951244235,0.026686122873798013,0.025814171880483627
1302,1302,4.141486167907715,4.145340919494629,2e-05,1.964642330464207,0.028942641336470842,0.02572584990411997,0.02670147060416639,0.025827969424426556
1303,1303,4.142781734466553,4.143024444580078,2e-05,1.976522576986499,0.028991615399718285,0.02573990519158542,0.026726158568635583,0.025854126550257206
1304,1304,4.142636299133301,4.144226551055908,2e-05,1.986872648982936,0.028962247539311647,0.025758149102330208,0.026744819711893797,0.025873413309454918
1305,1305,4.142764568328857,4.142917633056641,2e-05,1.996522413643954,0.028974434360861778,0.025792826199904084,0.026771209202706814,0.02590174600481987
1306,1306,4.143483638763428,4.142831325531006,2e-05,2.0047784840309273,0.029071759432554245,0.025801815558224916,0.026790883857756853,0.025922694709151983
1307,1307,4.142934799194336,4.144428253173828,2e-05,2.0127047344586155,0.029002058785408735,0.025810658698901534,0.02679938729852438,0.025926006492227316
1308,1308,4.143621921539307,4.1430158615112305,2e-05,2.023726288230398,0.029100561048835516,0.025856584776192904,0.026835402008146048,0.025970194023102522
1309,1309,4.1417388916015625,4.1413421630859375,2e-05,2.031658450158845,0.029069016687572002,0.0258519584313035,0.026845664950087667,0.025974624790251255
1310,1310,4.143340587615967,4.140005111694336,2e-05,2.0385068044885766,0.02915453491732478,0.025881801499053836,0.026874785777181387,0.026008620858192444
1311,1311,4.144219398498535,4.148168563842773,2e-05,1.9038913641169504,0.029213791713118553,0.02591645158827305,0.02689405344426632,0.026026169769465923
1312,1312,4.142939567565918,4.144665718078613,2e-05,1.9226920041272237,0.029162453021854162,0.0259310242254287,0.02691443171352148,0.02604713197797537
1313,1313,4.141425609588623,4.143742561340332,2e-05,1.9391479415673758,0.029177829157561064,0.02594788675196469,0.026930941734462976,0.026062159799039364
1314,1314,4.143535614013672,4.141076564788818,2e-05,1.9529289952282338,0.029183888342231512,0.02595768542960286,0.02694492763839662,0.026073698420077562
1315,1315,4.142017364501953,4.143813610076904,2e-05,1.9662117901355196,0.029222340788692236,0.02598908427171409,0.026973756030201912,0.026108133606612682
1316,1316,4.142805099487305,4.141368865966797,2e-05,1.9772815230844378,0.02926546474918723,0.026009843684732914,0.026994842803105712,0.02612742967903614
1317,1317,4.140030860900879,4.143061637878418,2e-05,1.987833301292409,0.029224750585854053,0.02600684016942978,0.027002174174413085,0.02612902596592903
1318,1318,4.148194313049316,4.14286470413208,2e-05,1.9971364942820227,0.029230149928480387,0.02604571939446032,0.027035637060180306,0.02617077575996518
1319,1319,4.141931533813477,4.139599323272705,2e-05,2.0040628534715297,0.029278007801622152,0.026076255831867456,0.027061566477641463,0.02619801741093397
1320,1320,4.142661094665527,4.143163681030273,2e-05,1.8740654002959858,0.029208592139184475,0.026078847935423255,0.027076743775978684,0.02621125942096114
1321,1321,4.14385461807251,4.14482307434082,2e-05,1.8956960274226438,0.029307353775948286,0.026106667006388307,0.0271033956669271,0.026241374667733908
1322,1322,4.142910003662109,4.143918037414551,2e-05,1.914936342237305,0.029292419087141752,0.026127354707568884,0.02711769170127809,0.02625172771513462
1323,1323,4.140991687774658,4.142371654510498,2e-05,1.9315044612863288,0.02932886267080903,0.02616178384050727,0.027156898519024253,0.02630045125260949
1324,1324,4.143496513366699,4.14451789855957,2e-05,1.9522803571066287,0.029354771599173546,0.026175600942224264,0.02717054123058915,0.02631098125129938
1325,1325,4.144587516784668,4.143806457519531,2e-05,1.9674229225674935,0.029308502096682787,0.026169469114392996,0.02717516990378499,0.02630726946517825
1326,1326,4.141390800476074,4.143083572387695,2e-05,1.9796003650672978,0.029349264688789845,0.026220894185826182,0.02720855688676238,0.026347343809902668
1327,1327,4.143084526062012,4.141849994659424,2e-05,1.9898532696893463,0.029406013432890177,0.026235632365569472,0.02722691255621612,0.026365951169282198
1328,1328,4.14234733581543,4.141842365264893,2e-05,1.9988232528171095,0.029357810504734516,0.026246343972161412,0.02724640304222703,0.026384554337710142
1329,1329,4.142293930053711,4.142163276672363,2e-05,2.0079805946876745,0.02943484950810671,0.02627495094202459,0.027270718943327665,0.026411645580083132
1330,1330,4.142982006072998,4.144307613372803,2e-05,2.014922816292115,0.02954296162351966,0.026290073292329907,0.027289290679618716,0.02642913907766342
1331,1331,4.142766952514648,4.142685890197754,2e-05,2.021852028872955,0.0294400742277503,0.02629347867332399,0.02730025607161224,0.026436797808855772
1332,1332,4.143671035766602,4.143089294433594,2e-05,2.0276567800408682,0.029487133491784334,0.02632033685222268,0.02731948671862483,0.026454119011759758
1333,1333,4.144085884094238,4.143298149108887,2e-05,2.0324512992668056,0.029481378383934498,0.02635722584091127,0.027350427117198706,0.026491662953048944
1334,1334,4.142126083374023,4.141252040863037,2e-05,2.0382308374131877,0.029476020019501448,0.02636368223465979,0.027361883781850338,0.02649907022714615
1335,1335,4.1438703536987305,4.1414971351623535,2e-05,2.046524592692009,0.029541061725467443,0.02639955165795982,0.027395013719797134,0.026539295446127653
1336,1336,4.140859603881836,4.142768859863281,2e-05,2.0554247158797714,0.02963972231373191,0.026408357080072165,0.02741945954039693,0.026566458866000175
1337,1337,4.140823841094971,4.142428398132324,2e-05,2.0622335918509,0.029582297429442406,0.02643920434638858,0.027440495090559125,0.026587430387735367
1338,1338,4.141406059265137,4.146222114562988,2e-05,2.0677262598096067,0.029591473285108805,0.026454559294506907,0.02745837578549981,0.02660566894337535
1339,1339,4.144437789916992,4.143090724945068,2e-05,2.073292082841445,0.029622701462358236,0.02647223765961826,0.027471658308058977,0.02661531465128064
1340,1340,4.140344619750977,4.140742301940918,2e-05,2.0774637066879067,0.029617218300700188,0.026495017344132066,0.027492980705574155,0.026638487353920937
1341,1341,4.144624710083008,4.140503883361816,2e-05,2.0808604802888553,0.02971369819715619,0.026520879473537207,0.02751722512766719,0.02666460908949375
1342,1342,4.14061164855957,4.1440043449401855,2e-05,2.081392447262089,0.029675669502466917,0.02654659259133041,0.027538478141650558,0.026685390155762434
1343,1343,4.142645835876465,4.1414642333984375,2e-05,2.0818811778156308,0.02964732237160206,0.026571766007691622,0.02756928955204785,0.026720828376710415
1344,1344,4.141171932220459,4.143026351928711,2e-05,2.081226148406911,0.02967387903481722,0.0265795832965523,0.027590913930907845,0.026742028538137674
1345,1345,4.140635013580322,4.145593643188477,2e-05,2.0809450947269927,0.02962944796308875,0.02661155932582915,0.027608357137069106,0.026759736239910126
1346,1346,4.140847682952881,4.142303466796875,2e-05,2.081190098090872,0.02973414584994316,0.026622441597282887,0.027629150776192546,0.026779728941619396
1347,1347,4.146736145019531,4.143416404724121,2e-05,2.081346055143127,0.029652595054358244,0.02663621469400823,0.027641631430014968,0.026788481045514345
1348,1348,4.138681411743164,4.142023086547852,2e-05,2.081243486869204,0.029702600557357073,0.0266608118545264,0.027671914314851165,0.026821800973266363
1349,1349,4.140541076660156,4.1438093185424805,2e-05,2.0810076675114484,0.029750745743513107,0.02668650634586811,0.027690060203894973,0.02684016339480877
1350,1350,4.143281936645508,4.143405914306641,2e-05,2.081204205932775,0.029772131238132715,0.02670871722511947,0.027705067303031683,0.02685248712077737
1351,1351,4.141634464263916,4.141874313354492,2e-05,2.081398468067044,0.029775400646030903,0.026730912271887064,0.02773214690387249,0.026881093624979258
1352,1352,4.139884948730469,4.143153190612793,2e-05,2.0801873015764065,0.02983507327735424,0.026749030221253633,0.027753170114010572,0.026902776677161455
1353,1353,4.140933036804199,4.1458330154418945,2e-05,1.9658924740260355,0.029726188629865646,0.026729457546025515,0.027752102818340063,0.026895052287727594
1354,1354,4.1409759521484375,4.143154144287109,2e-05,1.9800593913922546,0.02972744219005108,0.026774317724630237,0.027778326766565442,0.026922575663775206
1355,1355,4.141209125518799,4.139472961425781,2e-05,1.9910756206888183,0.029875101055949926,0.026811965741217136,0.027819972252473235,0.02697113063186407
1356,1356,4.139416694641113,4.1397247314453125,2e-05,1.858771239122436,0.029858201276510954,0.026847826316952705,0.02784819435328245,0.027003956027328968
1357,1357,4.1424055099487305,4.1417388916015625,2e-05,1.8830926837569557,0.029935840982943773,0.02683447301387787,0.027848823461681604,0.02699859207496047
1358,1358,4.139552116394043,4.142797470092773,2e-05,1.9036232716323807,0.029706496745347977,0.026858627796173096,0.027868726290762424,0.027014949824661016
1359,1359,4.141454696655273,4.144308567047119,2e-05,1.9214714053370316,0.02987364400178194,0.026887605898082256,0.027892656158655882,0.027040113229304552
1360,1360,4.139829158782959,4.14235782623291,2e-05,1.9374132652311717,0.02979028830304742,0.026891312329098582,0.027915666811168194,0.02706331992521882
1361,1361,4.139509201049805,4.145349502563477,2e-05,1.9526366319824586,0.02992971846833825,0.026940024690702558,0.027943568769842386,0.027096894569694996
1362,1362,4.142023086547852,4.141744136810303,2e-05,1.9652466637670583,0.02980454219505191,0.026947233360260725,0.027957673417404294,0.027108490467071533
1363,1363,4.141604423522949,4.141036033630371,2e-05,1.982965620759365,0.029953787103295326,0.02699519880115986,0.0279939416795969,0.02715077204629779
1364,1364,4.14168643951416,4.141682147979736,2e-05,1.994642891545502,0.030178419314324856,0.026981111615896225,0.028001792961731553,0.027156014926731586
1365,1365,4.141399383544922,4.1416916847229,2e-05,2.004310811452398,0.029988679569214582,0.02700679120607674,0.028018139535561204,0.02716849558055401
1366,1366,4.140380382537842,4.141267776489258,2e-05,2.0123807832462566,0.029928115662187338,0.027015082770958543,0.02803762722760439,0.027189570479094982
1367,1367,4.140312671661377,4.140993118286133,2e-05,2.0194797344809423,0.03002771968021989,0.02705633663572371,0.02805986814200878,0.027210811618715525
1368,1368,4.143284797668457,4.143097877502441,2e-05,2.025388151953845,0.030017061159014702,0.027069914620369673,0.0280875435564667,0.02724194899201393
1369,1369,4.140027046203613,4.141576766967773,2e-05,2.0303208404195705,0.03014963958412409,0.027074927929788828,0.028102540876716375,0.027256198227405548
1370,1370,4.142967224121094,4.142332077026367,2e-05,2.035189649279467,0.029974131379276514,0.027103805914521217,0.028119394555687904,0.02727230405434966
1371,1371,4.141303062438965,4.1443634033203125,2e-05,2.0399282802830525,0.02998568257316947,0.027116918936371803,0.028133986052125692,0.02728484943509102
1372,1372,4.142496109008789,4.140909194946289,2e-05,2.0441483933835256,0.030092251021414995,0.02716747112572193,0.028173067374154925,0.027330811135470867
1373,1373,4.142271518707275,4.141252040863037,2e-05,2.0472962160679438,0.029982794541865587,0.02717163786292076,0.028191399527713656,0.027347072958946228
1374,1374,4.14106559753418,4.142566204071045,2e-05,2.0500922907382355,0.030139919836074114,0.027170569403097034,0.028207246446982026,0.02736248215660453
1375,1375,4.146059036254883,4.1399993896484375,2e-05,2.05317453946023,0.03016594424843788,0.027225407073274255,0.028235778212547302,0.027393403463065624
1376,1376,4.141256809234619,4.140058994293213,2e-05,2.056514947334205,0.03017502697184682,0.02721844194456935,0.028248061425983906,0.027403393760323524
1377,1377,4.140655040740967,4.141654968261719,2e-05,2.059195515783153,0.030256483238190413,0.02727163303643465,0.028278332902118564,0.027436251752078533
1378,1378,4.141882419586182,4.141393661499023,2e-05,2.060942200410255,0.030145886819809675,0.02727846964262426,0.028292136266827583,0.027449643705040216
1379,1379,4.141077518463135,4.140200614929199,2e-05,2.0624920134060156,0.030226903967559338,0.02730421768501401,0.028317569755017757,0.02747531794011593
1380,1380,4.139616966247559,4.141202926635742,2e-05,2.064664306275466,0.03033131966367364,0.027331416960805655,0.028344877995550632,0.027505517937242985
1381,1381,4.140748977661133,4.142132759094238,2e-05,2.0666392538476397,0.030239233281463385,0.027345692040398717,0.028360417345538735,0.02751851873472333
1382,1382,4.140719413757324,4.145671844482422,2e-05,2.067375439632575,0.030260381754487753,0.02737266826443374,0.028388968901708722,0.02755053574219346
1383,1383,4.142246246337891,4.144067764282227,2e-05,2.0689004544279714,0.030326052103191614,0.02738538244739175,0.028397569665685296,0.02755608642473817
1384,1384,4.140520095825195,4.1436309814453125,2e-05,2.069452364965397,0.030223621986806393,0.02740486990660429,0.02842249465174973,0.027581517584621906
1385,1385,4.140662670135498,4.143435001373291,2e-05,2.0706481660145553,0.03025600081309676,0.02741412166506052,0.028437707806006074,0.02759488020092249
1386,1386,4.139322280883789,4.141946792602539,2e-05,2.07189554945526,0.030249745585024357,0.027445319341495633,0.028464794158935547,0.027624086011201143
1387,1387,4.142096042633057,4.139464378356934,2e-05,2.0724808479277543,0.030359537340700626,0.027470292523503304,0.028486465103924274,0.02764600282534957
1388,1388,4.140990257263184,4.141894340515137,2e-05,1.9329141432169825,0.030382565688341856,0.027483191806823015,0.02849931363016367,0.027658026199787855
1389,1389,4.140264987945557,4.141549110412598,2e-05,1.950414477194097,0.030389076098799706,0.027490330627188087,0.028522100998088717,0.02768163476139307
1390,1390,4.141457557678223,4.143403053283691,2e-05,1.9632862874198929,0.030405317433178425,0.027533406857401133,0.028549674898386,0.027712873183190823
1391,1391,4.1423115730285645,4.140783786773682,2e-05,1.975505978356918,0.030454930383712053,0.027545693796128035,0.02856404846534133,0.027724337298423052
1392,1392,4.141313076019287,4.142467498779297,2e-05,1.9861683216500046,0.03044927306473255,0.02756668976508081,0.028587426524609327,0.027749546337872744
1393,1393,4.1408891677856445,4.140312194824219,2e-05,1.9959655281769357,0.03041670797392726,0.027575653977692127,0.028604310238733888,0.02776563074439764
1394,1394,4.1431884765625,4.14035701751709,2e-05,2.003998208921096,0.030393458902835846,0.02759667648933828,0.028621892211958766,0.027784982696175575
1395,1395,4.139560699462891,4.141378402709961,2e-05,2.012335989167536,0.030498675536364317,0.027642726432532072,0.028660133481025696,0.027826938312500715
1396,1396,4.140193939208984,4.142046928405762,2e-05,2.0188402023110346,0.030528488103300333,0.027669253991916776,0.02868357254192233,0.027851914521306753
1397,1397,4.14165735244751,4.140934944152832,2e-05,2.025003076275393,0.030480315908789635,0.027665118454024196,0.02868529548868537,0.02784863021224737
1398,1398,4.142012596130371,4.140990257263184,2e-05,2.030591769075697,0.030485896859318018,0.02767571317963302,0.02870201552286744,0.02786556165665388
1399,1399,4.13987922668457,4.142521858215332,2e-05,2.0352432489588295,0.030565112363547087,0.027708229376003146,0.028740793466567993,0.027908568270504475
1400,1400,4.140716552734375,4.139514923095703,2e-05,2.039904585571529,0.030576176941394806,0.02774517936632037,0.028757340274751186,0.027925349306315184
1401,1401,4.143416404724121,4.139566421508789,2e-05,2.044228809741923,0.030537367332726717,0.027739765588194132,0.02876909333281219,0.02793514123186469
1402,1402,4.138350486755371,4.14396858215332,2e-05,2.048031272087375,0.030598611570894718,0.027780942618846893,0.02878920966759324,0.02795539330691099
1403,1403,4.139250755310059,4.142107963562012,2e-05,2.051275039074099,0.030627102125436068,0.027803688310086727,0.028820885345339775,0.027990580070763826
1404,1404,4.139939308166504,4.140381813049316,2e-05,2.053961913928966,0.030589701142162085,0.027778349351137877,0.028808748349547386,0.027971350587904453
1405,1405,4.141512870788574,4.140393257141113,2e-05,2.0561209903562108,0.030736631713807583,0.027825763216242194,0.028864997439086437,0.028038124553859234
1406,1406,4.141911029815674,4.141331672668457,2e-05,2.0587367152557055,0.03066551871597767,0.02785390126518905,0.0288844658061862,0.028056681621819735
1407,1407,4.139676094055176,4.137935638427734,2e-05,2.0607738285490047,0.030679567251354456,0.02787435194477439,0.02890282217413187,0.028075954876840115
1408,1408,4.143065452575684,4.138811111450195,2e-05,1.9251171920456729,0.030646097846329212,0.027867881814017892,0.02890575071796775,0.028075125068426132
1409,1409,4.1401848793029785,4.142287254333496,2e-05,1.9473386575500364,0.03080855356529355,0.02790595102123916,0.028945185709744692,0.02812123205512762
1410,1410,4.139462471008301,4.139272212982178,2e-05,1.9633025239808346,0.030847813934087753,0.02796406764537096,0.028976755682379007,0.0281551918014884
1411,1411,4.138640880584717,4.145308494567871,2e-05,1.9758171184509188,0.03077152045443654,0.027943886816501617,0.028981900308281183,0.02815715130418539
1412,1412,4.1402997970581055,4.141861915588379,2e-05,1.9881411562027713,0.03080570138990879,0.02796820946969092,0.0290037055965513,0.028179542161524296
1413,1413,4.139556407928467,4.142978191375732,2e-05,1.9967419185810413,0.030762017238885164,0.027998349396511912,0.029029528377577662,0.02820755075663328
1414,1414,4.138223648071289,4.140077114105225,2e-05,2.0103649196174964,0.030796663369983435,0.02801361563615501,0.029052524594590068,0.028232898097485304
1415,1415,4.141334533691406,4.140913963317871,2e-05,2.019851056337576,0.03089521499350667,0.028032340109348297,0.029066176153719425,0.028244714718312025
1416,1416,4.138248443603516,4.140520095825195,2e-05,2.0262526570588086,0.030775464605540037,0.028042275458574295,0.029075285652652383,0.028251610230654478
1417,1417,4.140027046203613,4.142429351806641,2e-05,2.0320339750601084,0.030931404791772366,0.02806051098741591,0.02909225830808282,0.028270309325307608
1418,1418,4.14009952545166,4.140978813171387,2e-05,2.0371477430262095,0.030791370198130608,0.028096318477764726,0.029130224836990237,0.028312200214713812
1419,1419,4.141039848327637,4.1396894454956055,2e-05,2.041981288402603,0.030914034694433212,0.028136366745457053,0.0291615161113441,0.028345804195851088
1420,1420,4.13945198059082,4.141890525817871,2e-05,2.0460705360049887,0.030975557398051023,0.02814396796748042,0.029178417287766933,0.02836134470999241
1421,1421,4.142426013946533,4.145152568817139,2e-05,2.049862611660232,0.030947308521717787,0.02815707423724234,0.029194706352427602,0.02837890386581421
1422,1422,4.141363143920898,4.141916275024414,2e-05,2.053002517636424,0.030879833735525608,0.02818047464825213,0.029209401225671172,0.02839317824691534
1423,1423,4.142289161682129,4.139629364013672,2e-05,2.055655101842628,0.030861882027238607,0.02820095792412758,0.029226065147668123,0.02840776601806283
1424,1424,4.139081954956055,4.139988899230957,2e-05,2.0578125908732625,0.030901933554559946,0.0282331220805645,0.02925645629875362,0.028440687339752913
1425,1425,4.137861251831055,4.139310359954834,2e-05,2.0598852509332697,0.03088864916935563,0.028239064617082477,0.02927392185665667,0.0284576709382236
1426,1426,4.141284942626953,4.1416730880737305,2e-05,2.0618767804435,0.03094284189864993,0.028254482429474592,0.029287344310432673,0.028469884302467108
1427,1427,4.136599063873291,4.141650199890137,2e-05,2.064224981384768,0.030853609088808298,0.028294039657339454,0.029315408086404204,0.028500412590801716
1428,1428,4.138001441955566,4.142088890075684,2e-05,2.065817190054074,0.030984812416136265,0.028318988624960184,0.029343910980969667,0.028532621450722218
1429,1429,4.140266418457031,4.1405439376831055,2e-05,2.0713265714823117,0.030989843420684338,0.028333328431472182,0.029354092897847295,0.028539563063532114
1430,1430,4.139868259429932,4.140384197235107,2e-05,2.0779475894626414,0.03111266205087304,0.02834413666278124,0.029378150589764118,0.028566396329551935
1431,1431,4.138494491577148,4.1408772468566895,2e-05,2.0822722437387595,0.030917854513972998,0.028362083481624722,0.029394584242254496,0.028580636717379093
1432,1432,4.140069484710693,4.139763832092285,2e-05,2.0853259855303605,0.030997336376458406,0.028360197553411126,0.029405173379927874,0.02859289338812232
1433,1433,4.138528823852539,4.1391706466674805,2e-05,2.0865505155752624,0.031051418744027615,0.028401450952515006,0.029448157642036676,0.028640415985137224
1434,1434,4.139291763305664,4.137959957122803,2e-05,2.086662983115456,0.031087731011211872,0.02841285220347345,0.02945619449019432,0.028646716382354498
1435,1435,4.140048980712891,4.140557765960693,2e-05,2.0858061220757875,0.031114185228943825,0.028436344815418124,0.029477151343598962,0.02866700105369091
1436,1436,4.139545440673828,4.1416730880737305,2e-05,2.0856569455988705,0.031036449130624533,0.028467311523854733,0.0294942706823349,0.02868627943098545
1437,1437,4.139176368713379,4.13838005065918,2e-05,2.084972362930345,0.03114825254306197,0.02850758796557784,0.029532795771956444,0.028728642500936985
1438,1438,4.138926029205322,4.14034366607666,2e-05,2.0885739479910166,0.03119105054065585,0.028512974735349417,0.029556341003626585,0.02875305851921439
1439,1439,4.138570785522461,4.141881942749023,2e-05,2.0915711513803372,0.03120586834847927,0.028536071768030524,0.029575530672445893,0.02877106610685587
1440,1440,4.140859603881836,4.141862392425537,2e-05,2.091251397274343,0.03134569665417075,0.0285630167927593,0.02959486050531268,0.02879098942503333
1441,1441,4.139200210571289,4.144374847412109,2e-05,2.090896270195017,0.031159677542746067,0.02856857143342495,0.029611578909680247,0.028807885944843292
1442,1442,4.137921333312988,4.1415910720825195,2e-05,2.090128774314301,0.03124314220622182,0.0285976838786155,0.02963409828953445,0.028829991351813078
1443,1443,4.139509201049805,4.140169143676758,2e-05,2.0894355451587283,0.031206348445266485,0.028599984711036086,0.029636500170454383,0.028829752933233976
1444,1444,4.140499591827393,4.139841079711914,2e-05,2.0880595824267427,0.031209737993776798,0.028648401144891977,0.029678081162273884,0.028875831048935652
1445,1445,4.136913299560547,4.138802528381348,2e-05,2.086932197535037,0.031263274140655994,0.02863826137036085,0.029692061245441437,0.028890077956020832
1446,1446,4.139206886291504,4.143188953399658,2e-05,2.086533800682808,0.0312862996943295,0.028660499723628163,0.029710834845900536,0.02890869090333581
1447,1447,4.137472629547119,4.143960952758789,2e-05,2.0857936785597326,0.03127155639231205,0.028686403296887875,0.029727279441431165,0.028925519436597824
1448,1448,4.141067028045654,4.13965368270874,2e-05,2.0854743880192865,0.031493348069489,0.028745315270498395,0.029769840417429805,0.02897457592189312
1449,1449,4.13978385925293,4.138949394226074,2e-05,2.085716912413172,0.0313672237098217,0.028751235455274582,0.029782311292365193,0.028985710814595222
1450,1450,4.14078950881958,4.139044761657715,2e-05,2.084915134978972,0.031369454227387905,0.0287532489746809,0.029791267588734627,0.028991930652409792
1451,1451,4.138410568237305,4.138672828674316,2e-05,2.0845696163001564,0.03135624434798956,0.02877628058195114,0.029820520896464586,0.029024320654571056
1452,1452,4.1385498046875,4.143060684204102,2e-05,2.083922091942018,0.03144447319209576,0.02879086066968739,0.029828871367499232,0.02903091162443161
1453,1453,4.140514373779297,4.141224384307861,2e-05,2.0883725389373113,0.03134971484541893,0.02879937761463225,0.02984894742257893,0.02905021607875824
1454,1454,4.140324115753174,4.140398025512695,2e-05,2.090777949304455,0.031496789306402206,0.028863011160865426,0.029891019221395254,0.02909905184060335
1455,1455,4.1382975578308105,4.143191814422607,2e-05,2.091170712346968,0.03146027121692896,0.0288677376229316,0.02990159415639937,0.029106972739100456
1456,1456,4.138288497924805,4.140536308288574,2e-05,2.0905571812403587,0.03149574622511864,0.028900617035105824,0.029932758072391152,0.02914162538945675
1457,1457,4.140764236450195,4.13987922668457,2e-05,2.0896821654619346,0.031497507356107235,0.028888331726193428,0.029933573910966516,0.0291392938233912
1458,1458,4.138926982879639,4.139081954956055,2e-05,2.0890956865251256,0.03151094913482666,0.028929932042956352,0.029971330892294645,0.029179275035858154
1459,1459,4.139594554901123,4.141637802124023,2e-05,2.0877068863784074,0.031466967426240444,0.028968815691769123,0.029994796263054013,0.0292050801217556
1460,1460,4.139360427856445,4.138692855834961,2e-05,2.0867555182282556,0.031601887196302414,0.028987359255552292,0.030016822507604957,0.029228568077087402
1461,1461,4.141673564910889,4.139118671417236,2e-05,2.086578532214877,0.03161713853478432,0.028987323166802526,0.030030118534341455,0.029240787494927645
1462,1462,4.1377058029174805,4.13997745513916,2e-05,2.0857647116339137,0.031570942141115665,0.029013473074883223,0.030050981091335416,0.029260892421007156
1463,1463,4.139156818389893,4.14326810836792,2e-05,2.0852871507242052,0.03155472408980131,0.02899813884869218,0.030048872344195843,0.029255586676299572
1464,1464,4.136518955230713,4.140106201171875,2e-05,2.084758290101079,0.03155077155679464,0.02904559439048171,0.03008632850833237,0.02929658116772771
1465,1465,4.141946792602539,4.137125015258789,2e-05,2.0843912821144097,0.03156312461942434,0.029037448577582836,0.030092804692685604,0.029302635695785284
1466,1466,4.138866424560547,4.142672538757324,2e-05,1.946125518266118,0.03163596149533987,0.029085736954584718,0.030130130471661687,0.02934309095144272
1467,1467,4.139573574066162,4.137263774871826,2e-05,1.9606501801005756,0.0316270524635911,0.029091355158016086,0.030142303556203842,0.029352332931011915
1468,1468,4.141000270843506,4.144061088562012,2e-05,1.9727237210880717,0.031469584442675114,0.029117129743099213,0.03016236564144492,0.02937364624813199
1469,1469,4.139998435974121,4.1390533447265625,2e-05,1.9842213616273727,0.031667218543589115,0.029141606530174613,0.030192195205017924,0.029408130329102278
1470,1470,4.1377787590026855,4.137539863586426,2e-05,1.9942629776882068,0.031769189052283764,0.029144635191187263,0.030199566390365362,0.02941411267966032
1471,1471,4.136810302734375,4.138768196105957,2e-05,2.002651058681663,0.03173918556421995,0.02918424503877759,0.030227559385821223,0.029443264473229647
1472,1472,4.13831090927124,4.140120983123779,2e-05,2.0101830373874434,0.031687368638813496,0.029206789564341307,0.030252818251028657,0.029471435584127903
1473,1473,4.138120174407959,4.139301776885986,2e-05,2.0175812574540717,0.03178615588694811,0.02923860144801438,0.030285327695310116,0.0295059853233397
1474,1474,4.137272357940674,4.139307975769043,2e-05,2.02835780788738,0.03177353926002979,0.029246858321130276,0.030296493088826537,0.02951694279909134
1475,1475,4.138397216796875,4.1397705078125,2e-05,2.036232459263479,0.031956485472619534,0.029272244311869144,0.03032133518718183,0.029543645679950714
1476,1476,4.139158248901367,4.141088962554932,2e-05,2.042293368054586,0.03181653004139662,0.029313067672774196,0.030347907217219472,0.029570707120001316
1477,1477,4.141690254211426,4.13946533203125,2e-05,2.046500438095754,0.031820232048630714,0.029311205493286252,0.030354854417964816,0.029576141387224197
1478,1478,4.138915061950684,4.140867233276367,2e-05,2.050155146627229,0.03178010880947113,0.029318087734282017,0.030363208381459117,0.029584008269011974
1479,1479,4.139305114746094,4.139105319976807,2e-05,2.0532534087268335,0.03178178705275059,0.029343377333134413,0.030389870051294565,0.02961301989853382
1480,1480,4.138760566711426,4.139546871185303,2e-05,2.0561757388409796,0.031945074908435345,0.029354990227147937,0.03040937753394246,0.029632586520165205
1481,1481,4.137992858886719,4.1391143798828125,2e-05,2.058719033013017,0.03194817714393139,0.02938401699066162,0.030437024775892496,0.02966194460168481
1482,1482,4.139585971832275,4.1408233642578125,2e-05,2.061181676052958,0.03192091826349497,0.02941400487907231,0.030460536247119308,0.02968649473041296
1483,1483,4.138737201690674,4.140109062194824,2e-05,2.0629990271778103,0.031909252516925335,0.0294343123678118,0.030484494287520647,0.02971072494983673
1484,1484,4.137458801269531,4.140058517456055,2e-05,2.0642396054552625,0.03203594405204058,0.02945982269011438,0.030498897889629006,0.029724841471761465
1485,1485,4.140134811401367,4.141974925994873,2e-05,2.066122879758651,0.03188943862915039,0.029447860084474087,0.030508642317727208,0.02973527740687132
1486,1486,4.139481544494629,4.13963508605957,2e-05,2.0666599881768404,0.03193913493305445,0.029508966486901045,0.030555812176316977,0.029786698054522276
1487,1487,4.136455059051514,4.143134117126465,2e-05,2.068539820780744,0.031960575841367245,0.029485558159649372,0.03055699821561575,0.029784683138132095
1488,1488,4.1385979652404785,4.139010429382324,2e-05,2.0693792185633773,0.03196140844374895,0.029527519131079316,0.030579596757888794,0.029808460734784603
1489,1489,4.139226913452148,4.140955924987793,2e-05,2.0710642917290913,0.03195995558053255,0.029546302277594805,0.030593041330575943,0.02982059307396412
1490,1490,4.1362528800964355,4.13986873626709,2e-05,2.0725733876374925,0.031940195709466934,0.029558729380369186,0.03061801055446267,0.029848606325685978
1491,1491,4.13857364654541,4.1376953125,2e-05,2.0776673964328487,0.03199051506817341,0.029572645667940378,0.030640182550996542,0.029871138744056225
1492,1492,4.139806270599365,4.141903877258301,2e-05,2.081143321050439,0.032019224017858505,0.02962619112804532,0.030666104750707746,0.029898741748183966
1493,1493,4.140859127044678,4.139992713928223,2e-05,2.0815574042273988,0.03210980165749788,0.029657702427357435,0.03069592220708728,0.02993171475827694
1494,1494,4.139370441436768,4.137233257293701,2e-05,2.0811765172226795,0.032027202658355236,0.029625242110341787,0.030696912202984095,0.029930196702480316
1495,1495,4.137603759765625,4.13958740234375,2e-05,2.082013566320954,0.032105181366205215,0.029661624925211072,0.030719205969944596,0.02995459083467722
1496,1496,4.141170024871826,4.140710830688477,2e-05,2.081426645885245,0.0320400632917881,0.029702070401981473,0.030744741670787334,0.029980205930769444
1497,1497,4.138873100280762,4.141219139099121,2e-05,2.081782547106167,0.03223673813045025,0.029722739476710558,0.030772189609706402,0.030010643415153027
1498,1498,4.140382766723633,4.139133453369141,2e-05,2.0816462340368753,0.03216233942657709,0.029735645279288292,0.030794538091868162,0.030032603535801172
1499,1499,4.140228271484375,4.136490821838379,2e-05,2.0819528219321337,0.032278791069984436,0.029777384363114834,0.030808233190327883,0.030049629975110292
1500,1500,4.138518333435059,4.138282775878906,2e-05,1.9445765979980574,0.032146064564585686,0.029779896838590503,0.030822976725175977,0.03006326360628009
1501,1501,4.1400861740112305,4.138941764831543,2e-05,1.9618606129685374,0.03218491282314062,0.02979647135362029,0.030856015626341105,0.030098569579422474
1502,1502,4.139766216278076,4.13972282409668,2e-05,1.9758074173718227,0.03227267228066921,0.029835395282134414,0.030876471661031246,0.030118819326162338
1503,1503,4.13743782043457,4.1418867111206055,2e-05,1.9866108975872092,0.032372862100601196,0.029845210490748286,0.03090130863711238,0.030146855395287275
1504,1504,4.137012481689453,4.142276763916016,2e-05,1.9967273014851719,0.032255200669169426,0.029850451042875648,0.030909709632396698,0.03015293087810278
1505,1505,4.144039154052734,4.136799335479736,2e-05,2.0055108650186013,0.03219309076666832,0.02986022806726396,0.030920235440135002,0.030163920484483242
1506,1506,4.138421058654785,4.1398210525512695,2e-05,2.0128779828911325,0.03225866984575987,0.029900891706347466,0.03096073353663087,0.03020690567791462
1507,1507,4.137453556060791,4.14046573638916,2e-05,2.019971922211403,0.032313643023371696,0.02991125755943358,0.030969835352152586,0.030214833561331034
1508,1508,4.139064788818359,4.139371871948242,2e-05,2.0302693356640216,0.03229536768049002,0.029944051057100296,0.0309959480073303,0.030243639834225178
1509,1509,4.13740348815918,4.136601448059082,2e-05,2.0378842725580677,0.03243484441190958,0.029967833310365677,0.031023584073409438,0.03027247404679656
1510,1510,4.1344828605651855,4.139678001403809,2e-05,2.0432155439124755,0.03226139023900032,0.029960237443447113,0.03103481698781252,0.030282056890428066
1511,1511,4.136113166809082,4.136897087097168,2e-05,2.048061235810749,0.03240258898586035,0.029992001596838236,0.031053388491272926,0.030301605351269245
1512,1512,4.1402740478515625,4.137849807739258,2e-05,2.0518034319086884,0.032434348948299885,0.030030485475435853,0.03108283830806613,0.030333072412759066
1513,1513,4.137112617492676,4.137470245361328,2e-05,2.0547195214265552,0.03240642696619034,0.030040859477594495,0.031106561422348022,0.03035661019384861
1514,1514,4.1394195556640625,4.139467716217041,2e-05,2.0622977730714886,0.032333497889339924,0.03005393361672759,0.03111813822761178,0.030369755811989307
1515,1515,4.136153221130371,4.138815879821777,2e-05,2.0682698164606887,0.032464032992720604,0.030086688231676817,0.031137855723500252,0.03039080323651433
1516,1516,4.137527942657471,4.137765407562256,2e-05,2.069705393573274,0.032413605600595474,0.030075427144765854,0.03114428394474089,0.030396991409361362
1517,1517,4.138466835021973,4.140641689300537,2e-05,2.071096719212162,0.032539776526391506,0.030165812000632286,0.031196553725749254,0.030452461913228035
1518,1518,4.135018348693848,4.140671253204346,2e-05,2.0726523820839686,0.03261699713766575,0.030113467015326023,0.031198972137644887,0.03045301465317607
1519,1519,4.137993812561035,4.138767242431641,2e-05,2.073169407150349,0.03240365441888571,0.030174840008839965,0.03122247802093625,0.03047790238633752
1520,1520,4.137908935546875,4.141353607177734,2e-05,2.0741522539381454,0.03248570952564478,0.030192686710506678,0.03125183004885912,0.0305088609457016
1521,1521,4.137264251708984,4.140609264373779,2e-05,2.0746354486140026,0.032481337897479534,0.03019467811100185,0.031259724870324135,0.0305176661349833
1522,1522,4.1366448402404785,4.139801979064941,2e-05,2.0756978312521257,0.03248982224613428,0.030223313020542264,0.03128964058123529,0.030547895468771458
1523,1523,4.139060020446777,4.137661933898926,2e-05,2.0758856139342563,0.03237150236964226,0.030261969193816185,0.03130809613503516,0.030567660462111235
1524,1524,4.136419296264648,4.142494201660156,2e-05,2.077229273833923,0.032452914863824844,0.030246867798268795,0.03131469222716987,0.0305734327994287
1525,1525,4.13694429397583,4.1427836418151855,2e-05,2.08149969719568,0.03247976768761873,0.030278286198154092,0.03133483906276524,0.030594010837376118
1526,1526,4.1367506980896,4.137763023376465,2e-05,2.083981444441485,0.03257241006940603,0.030308779794722795,0.03136395430192351,0.03062809631228447
1527,1527,4.136693954467773,4.140594005584717,2e-05,2.0850664104378738,0.03258904628455639,0.030329769011586905,0.03139295894652605,0.0306568443775177
1528,1528,4.136436939239502,4.134941101074219,2e-05,2.086745699587301,0.03265152405947447,0.030357568291947246,0.0314200259745121,0.03068669280037284
1529,1529,4.136202812194824,4.141002655029297,2e-05,1.9489815517474938,0.03280535526573658,0.03038790449500084,0.031435742508620024,0.03070474835112691
1530,1530,4.136587142944336,4.137269020080566,2e-05,1.965229091465746,0.03276791237294674,0.030401754658669233,0.03145307837985456,0.03072226047515869
1531,1531,4.135634899139404,4.141421794891357,2e-05,1.9782671516495338,0.0327557073906064,0.03041791543364525,0.03146563796326518,0.03073457023128867
1532,1532,4.138530254364014,4.138813495635986,2e-05,1.9890235980032034,0.03271804004907608,0.0304443440400064,0.03149132942780852,0.030761735513806343
1533,1533,4.136865139007568,4.139963626861572,2e-05,1.99849552313812,0.032771239057183266,0.03044533054344356,0.031499532517045736,0.030770225450396538
1534,1534,4.135282039642334,4.137552261352539,2e-05,2.0063936592885327,0.03264996409416199,0.030488617019727826,0.031538127921521664,0.030812482815235853
1535,1535,4.139002323150635,4.134712219238281,2e-05,2.0135785558078103,0.032691492699086666,0.03049559541977942,0.031546308659017086,0.030820939224213362
1536,1536,4.13718318939209,4.137925148010254,2e-05,1.8826431489334656,0.03279510419815779,0.03052420332096517,0.03158220835030079,0.03085835976526141
1537,1537,4.136397361755371,4.139131546020508,2e-05,1.9018897477053678,0.03284644056111574,0.030513807199895382,0.03158760769292712,0.030864044558256865
1538,1538,4.136906623840332,4.139404296875,2e-05,1.91982941833007,0.032842766493558884,0.0305468556471169,0.03160832589492202,0.030884285923093557
1539,1539,4.136020183563232,4.140351295471191,2e-05,1.936156193913013,0.032759484834969044,0.030580415157601237,0.03163480153307319,0.030913475435227156
1540,1540,4.137951374053955,4.137117385864258,2e-05,1.9501648753940473,0.03288133256137371,0.03059922088868916,0.031654135789722204,0.03093307837843895
1541,1541,4.138020038604736,4.13992977142334,2e-05,1.9625804964780902,0.03287446592003107,0.030614442890509963,0.03167463047429919,0.03095427481457591
1542,1542,4.138014793395996,4.139230728149414,2e-05,1.9745031491758929,0.03270769398659468,0.030622485326603055,0.03168808855116367,0.03096900274977088
1543,1543,4.139221668243408,4.139845848083496,2e-05,1.9861525192595306,0.032871692441403866,0.030664435820654035,0.03171179490163922,0.030993998982012272
1544,1544,4.136638641357422,4.1392011642456055,2e-05,1.9957799762027926,0.03293237276375294,0.03069551521912217,0.03175135422497988,0.03103592013940215
1545,1545,4.138320446014404,4.137221336364746,2e-05,2.0039151037407157,0.032989490777254105,0.03069608169607818,0.031757624354213476,0.031041875947266817
1546,1546,4.139001846313477,4.136878490447998,2e-05,2.0112490612423994,0.03294895123690367,0.030707913683727384,0.0317738470621407,0.031057157553732395
1547,1547,4.134951591491699,4.140556335449219,2e-05,2.0186177468463073,0.03285673726350069,0.030723596457391977,0.03179417923092842,0.03108023852109909
1548,1548,4.13575553894043,4.137784004211426,2e-05,2.024252105320948,0.03300316818058491,0.030755336862057447,0.03181759873405099,0.031106249894946814
1549,1549,4.134530067443848,4.135014057159424,2e-05,2.0303453592970797,0.0329831400886178,0.03077574633061886,0.031832773238420486,0.031121481209993362
1550,1550,4.140135765075684,4.139134407043457,2e-05,2.034873485390143,0.0328980041667819,0.030790463089942932,0.031859120819717646,0.031147757545113564
1551,1551,4.13893985748291,4.140979766845703,2e-05,2.0399145521331326,0.033016566187143326,0.03082760004326701,0.03188570123165846,0.031176526099443436
1552,1552,4.136971473693848,4.13525915145874,2e-05,2.0435276693775957,0.03310847468674183,0.030854467302560806,0.031909286975860596,0.031201669946312904
1553,1553,4.13868522644043,4.139934539794922,2e-05,2.047631196121783,0.033036092296242714,0.03084614616818726,0.03191800182685256,0.031209755688905716
1554,1554,4.1406097412109375,4.13924503326416,2e-05,2.05002729343588,0.03313689585775137,0.03090089955367148,0.03195082722231746,0.031245509162545204
1555,1555,4.140140533447266,4.136160850524902,2e-05,2.0533119405349383,0.033090999349951744,0.03087435569614172,0.031945031601935625,0.031237156130373478
1556,1556,4.135214805603027,4.137265205383301,2e-05,2.055864330793261,0.03315947391092777,0.030904039042070508,0.03197029512375593,0.031263374257832766
1557,1557,4.135419845581055,4.137106418609619,2e-05,2.0586670885305876,0.03309576213359833,0.030953007051721215,0.03201094316318631,0.031307644210755825
1558,1558,4.135207176208496,4.138360977172852,2e-05,2.0610133208063073,0.03317493386566639,0.030946054495871067,0.032017904333770275,0.03131462074816227
1559,1559,4.1362810134887695,4.140845775604248,2e-05,2.0626399253209677,0.03312188945710659,0.031005371129140258,0.03205560054630041,0.03135512303560972
1560,1560,4.139430999755859,4.136763095855713,2e-05,2.0643757872381654,0.033085376024246216,0.030993103282526135,0.032055845484137535,0.031355165876448154
1561,1561,4.136221885681152,4.136009216308594,2e-05,2.0655896420797912,0.03314413223415613,0.031024258118122816,0.03207917790859938,0.03137955069541931
1562,1562,4.13633918762207,4.136608123779297,2e-05,2.069201444046736,0.03329763654619455,0.03104132181033492,0.03210277855396271,0.03140499070286751
1563,1563,4.140605449676514,4.142282485961914,2e-05,2.074069155802701,0.033236551098525524,0.031059032306075096,0.03212578082457185,0.03142926935106516
1564,1564,4.137057304382324,4.137266635894775,2e-05,2.077010056203387,0.03321530669927597,0.031106748851016164,0.03216130472719669,0.03146675042808056
1565,1565,4.136699199676514,4.137882709503174,2e-05,2.078161383824028,0.03316521644592285,0.03109820489771664,0.032169660087674856,0.031475720927119255
1566,1566,4.1360087394714355,4.136150360107422,2e-05,2.0784689343898353,0.033257074654102325,0.031153047690168023,0.032201285008341074,0.03150917124003172
1567,1567,4.134943962097168,4.134482383728027,2e-05,2.07883498207963,0.03329996857792139,0.031139464816078544,0.03220196580514312,0.031509787775576115
1568,1568,4.135683059692383,4.135545253753662,2e-05,1.9412631675968925,0.03338354267179966,0.031159580452367663,0.03222880279645324,0.031537869945168495
1569,1569,4.138571739196777,4.138643741607666,2e-05,1.956876360400148,0.03337690141052008,0.03120260569266975,0.0322653385810554,0.031575389206409454
1570,1570,4.136475563049316,4.137757778167725,2e-05,1.9693248048685705,0.033309691585600376,0.03120051813311875,0.03227293165400624,0.03158264793455601
1571,1571,4.138759136199951,4.139289379119873,2e-05,1.9811074926775827,0.03331061638891697,0.03122974978759885,0.03229206660762429,0.03160389978438616
1572,1572,4.1350531578063965,4.135586738586426,2e-05,1.9912022439332024,0.033418710343539715,0.03128094971179962,0.0323289530351758,0.031642996706068516
1573,1573,4.133426666259766,4.1387176513671875,2e-05,1.9999112241835002,0.033388578332960606,0.031266441801562905,0.03233028016984463,0.03164256550371647
1574,1574,4.135583877563477,4.137178421020508,2e-05,2.0085057524320904,0.03349309414625168,0.031299847178161144,0.032363784965127707,0.031678411178290844
1575,1575,4.136378288269043,4.135855674743652,2e-05,2.0200658782502456,0.03347175009548664,0.031326771480962634,0.032387020997703075,0.03170177433639765
1576,1576,4.137042999267578,4.137706756591797,2e-05,2.0286833929116352,0.03348476439714432,0.0313361007720232,0.03239958407357335,0.031717050820589066
1577,1577,4.137148857116699,4.137847423553467,2e-05,2.034834722478771,0.033346991054713726,0.031327160308137536,0.03239827137440443,0.031714738346636295
1578,1578,4.135716438293457,4.136808395385742,2e-05,2.039755349061674,0.033508582040667534,0.03137331223115325,0.03243036800995469,0.031748280860483646
1579,1579,4.137716770172119,4.137561321258545,2e-05,2.0442783799649535,0.033465396612882614,0.031382035464048386,0.032455351669341326,0.03177510481327772
1580,1580,4.135684967041016,4.134524345397949,2e-05,2.047937065087313,0.033468062058091164,0.031418236903846264,0.032476048450917006,0.03179515525698662
1581,1581,4.134796142578125,4.137019157409668,2e-05,2.0511110401926684,0.033441524021327496,0.031438835663720965,0.03249317733570933,0.03181327786296606
1582,1582,4.1342973709106445,4.136559009552002,2e-05,2.054247607160231,0.03358494117856026,0.03145795431919396,0.03251881990581751,0.031840878538787365
1583,1583,4.137775421142578,4.136979579925537,2e-05,2.05754299939953,0.03355127200484276,0.03147175582125783,0.032544932793825865,0.03186719212681055
1584,1584,4.137906074523926,4.135169506072998,2e-05,2.059385874728444,0.033575112000107765,0.03150515863671899,0.032565025612711906,0.03188848868012428
1585,1585,4.134522914886475,4.138998031616211,2e-05,2.0614818005078117,0.033655887469649315,0.031504423124715686,0.032572072464972734,0.031897762790322304
1586,1586,4.133486747741699,4.135678768157959,2e-05,2.0632345133588843,0.033529894426465034,0.03152621048502624,0.03260416630655527,0.031928952783346176
1587,1587,4.137187480926514,4.135002613067627,2e-05,2.0649133917180826,0.033555720932781696,0.03154683136381209,0.03262244397774339,0.03194850962609053
1588,1588,4.139921188354492,4.137386798858643,2e-05,2.0669181312854055,0.033592247404158115,0.03157671960070729,0.032637438271194696,0.03196583781391382
1589,1589,4.13495397567749,4.1388068199157715,2e-05,2.0711070778713796,0.03365185670554638,0.03159835049882531,0.03266743663698435,0.03199603222310543
1590,1590,4.137115955352783,4.138699054718018,2e-05,2.074015616331614,0.03379380144178867,0.031613304279744625,0.032686369959264994,0.032016693614423275
1591,1591,4.136915683746338,4.137285232543945,2e-05,2.076941621319845,0.03363254480063915,0.031616592314094305,0.0326990419998765,0.03203071281313896
1592,1592,4.134892463684082,4.1374664306640625,2e-05,2.078434732022098,0.0336168110370636,0.031621352303773165,0.03270040079951286,0.03203188348561525
1593,1593,4.135366916656494,4.136706352233887,2e-05,2.078677781938743,0.03370350133627653,0.03168068686500192,0.032749501056969166,0.03208298794925213
1594,1594,4.13427734375,4.141549110412598,2e-05,2.079318518428954,0.03384163789451122,0.03171411482617259,0.032772536389529705,0.032109083607792854
1595,1595,4.136946678161621,4.139653205871582,2e-05,2.079847932569786,0.03368774615228176,0.031738185323774815,0.03279623994603753,0.03213202953338623
1596,1596,4.138894081115723,4.136704444885254,2e-05,2.0800636797280156,0.03391867596656084,0.03175977477803826,0.032815401908010244,0.032154749147593975
1597,1597,4.133551597595215,4.135273456573486,2e-05,2.0800101477250608,0.033783577382564545,0.03174846200272441,0.03282297449186444,0.03216198645532131
1598,1598,4.131814956665039,4.1390180587768555,2e-05,2.0800312667350163,0.033775064162909985,0.03177794395014644,0.03284732159227133,0.032187242060899734
1599,1599,4.136212348937988,4.136343002319336,2e-05,2.080273329959977,0.03393279109150171,0.03179809404537082,0.03287581214681268,0.03221818991005421
1600,1600,4.133984565734863,4.1373491287231445,2e-05,2.0801345262931448,0.033872999250888824,0.03183108288794756,0.03288834076374769,0.03223204240202904
1601,1601,4.134206295013428,4.134766101837158,2e-05,2.080167967859292,0.033812559209764004,0.03184105781838298,0.03291510185226798,0.03225967288017273
1602,1602,4.13658332824707,4.135777473449707,2e-05,2.0791950555208056,0.033801522105932236,0.031848873011767864,0.032922988291829824,0.03226800821721554
1603,1603,4.134302139282227,4.138057708740234,2e-05,2.0800281090149157,0.034004063345491886,0.03187299054116011,0.03295032447203994,0.03229775093495846
1604,1604,4.135740280151367,4.134883880615234,2e-05,2.0793393113375296,0.0339621938765049,0.03186645545065403,0.03295280318707228,0.032301261089742184
1605,1605,4.135376930236816,4.136268615722656,2e-05,2.0794919033226313,0.03388327732682228,0.031950362492352724,0.033002990297973156,0.03235402889549732
1606,1606,4.1362481117248535,4.141512393951416,2e-05,2.079357091752645,0.03407613653689623,0.03191909473389387,0.03299851343035698,0.03235116135329008
1607,1607,4.135081768035889,4.138385772705078,2e-05,2.0791838874085036,0.03400477860122919,0.031997403129935265,0.033043269999325275,0.03239585552364588
1608,1608,4.1346940994262695,4.136404037475586,2e-05,2.07969444892925,0.03401344921439886,0.0319819301366806,0.033049818594008684,0.032402933575212955
1609,1609,4.133058071136475,4.139370918273926,2e-05,2.0798858720924605,0.03392781224101782,0.031973257195204496,0.033059217035770416,0.03241338301450014
1610,1610,4.138153076171875,4.135103702545166,2e-05,2.079991240105996,0.033944412134587765,0.03202081425115466,0.033093571197241545,0.032448140904307365
1611,1611,4.135303020477295,4.139499664306641,2e-05,2.0795868257517687,0.034091124311089516,0.03202581312507391,0.0330993365496397,0.03245590813457966
1612,1612,4.136842250823975,4.135106086730957,2e-05,2.0799477914524496,0.03406204003840685,0.03205848438665271,0.03312288736924529,0.03248021379113197
1613,1613,4.134922027587891,4.13546085357666,2e-05,2.079888531037353,0.034068684093654156,0.03211011225357652,0.03315671067684889,0.03251609858125448
1614,1614,4.136512756347656,4.13568115234375,2e-05,2.0800456727526995,0.034159633331000805,0.03213071124628186,0.03318807063624263,0.032548473216593266
1615,1615,4.135642051696777,4.136119842529297,2e-05,2.0799988897598514,0.03406709711998701,0.032125451136380434,0.03319397009909153,0.03255456034094095
1616,1616,4.138134002685547,4.137087821960449,2e-05,2.0798405619446396,0.034207153134047985,0.03216336714103818,0.03322488395497203,0.03258730471134186
1617,1617,4.13470983505249,4.135918617248535,2e-05,2.0797549258198473,0.034155224449932575,0.03215766046196222,0.033235637936741114,0.03259982634335756
1618,1618,4.1332316398620605,4.139599323272705,2e-05,2.0799973350656966,0.03418085444718599,0.032189019955694675,0.03324791323393583,0.03261325042694807
1619,1619,4.135405540466309,4.136741638183594,2e-05,2.0797057900409937,0.03422238677740097,0.032218295615166426,0.03327980823814869,0.032644689083099365
1620,1620,4.134380340576172,4.135168075561523,2e-05,2.0798514657571756,0.03421563841402531,0.032229095697402954,0.03329805191606283,0.03266522008925676
1621,1621,4.135223388671875,4.133907318115234,2e-05,2.0797128233605124,0.034169573336839676,0.03226723102852702,0.03332156455144286,0.032689173705875874
1622,1622,4.135458469390869,4.135786056518555,2e-05,1.9313381524172228,0.03430699370801449,0.03226352436468005,0.033337326254695654,0.03270620759576559
1623,1623,4.136031150817871,4.136919975280762,2e-05,1.9493041302761125,0.034250480122864246,0.032284177374094725,0.03335921885445714,0.03273044619709253
1624,1624,4.1366753578186035,4.134900093078613,2e-05,1.965682780306126,0.03415197413414717,0.032320387195795774,0.033390890806913376,0.03276278357952833
1625,1625,4.140835762023926,4.137943744659424,2e-05,1.9780966846440249,0.034335470758378506,0.03230576729401946,0.0333973984234035,0.03277015779167414
1626,1626,4.1343994140625,4.136445045471191,2e-05,1.9888204072046711,0.03420674055814743,0.03233720548450947,0.033413082361221313,0.03278714790940285
1627,1627,4.135133743286133,4.132577419281006,2e-05,1.9982778793207823,0.03422198165208101,0.03236514050513506,0.033440368715673685,0.03281649108976126
1628,1628,4.1392951011657715,4.1401519775390625,2e-05,1.8686764608283328,0.0343702482059598,0.03240285720676184,0.03346562059596181,0.03284328244626522
1629,1629,4.138676643371582,4.134027481079102,2e-05,1.8924786123655162,0.034415096044540405,0.03241717955097556,0.033484204672276974,0.032864008098840714
1630,1630,4.135066986083984,4.138150215148926,2e-05,1.9101986354767306,0.03440074436366558,0.03242052625864744,0.03349661221727729,0.03287623543292284
1631,1631,4.133782386779785,4.133338928222656,2e-05,1.9272454786992594,0.03432786092162132,0.032447694800794125,0.03351455647498369,0.0328968670219183
1632,1632,4.1358747482299805,4.135883808135986,2e-05,1.9465168527803283,0.034333196468651295,0.03248946135863662,0.033534047193825245,0.03291678708046675
1633,1633,4.134320259094238,4.138328552246094,2e-05,1.9635504256945873,0.03439511638134718,0.03251557284966111,0.03356931312009692,0.03295324370265007
1634,1634,4.135737419128418,4.1342010498046875,2e-05,1.9767538399750417,0.03446479793637991,0.03252315241843462,0.033583761658519506,0.03297013882547617
1635,1635,4.133729934692383,4.138640880584717,2e-05,1.9878908680977865,0.03448483534157276,0.03254767321050167,0.033610283862799406,0.03299690596759319
1636,1636,4.132949352264404,4.135555267333984,2e-05,1.9986175351859707,0.0345657067373395,0.03256121277809143,0.033634244464337826,0.03302182722836733
1637,1637,4.132649898529053,4.135386943817139,2e-05,2.0132754955683487,0.034463404677808285,0.032551526091992855,0.033628953620791435,0.033020694740116596
1638,1638,4.138150691986084,4.134538650512695,2e-05,2.0214963535420556,0.03440419211983681,0.032574153970927,0.03364849556237459,0.033040654845535755
1639,1639,4.134912014007568,4.138348579406738,2e-05,2.028044442050415,0.0345312524586916,0.03262317040935159,0.03367845015600324,0.03307050373405218
1640,1640,4.135852813720703,4.134939193725586,2e-05,2.0337311026218696,0.03451269678771496,0.032647053711116314,0.03370321774855256,0.03309628553688526
1641,1641,4.135914325714111,4.135129928588867,2e-05,2.038625514181995,0.034434061497449875,0.03266373695805669,0.03372712526470423,0.033122530207037926
1642,1642,4.132425308227539,4.13541316986084,2e-05,2.042483493376511,0.0346284257248044,0.03269598260521889,0.03375740349292755,0.03315356466919184
1643,1643,4.135128021240234,4.135106086730957,2e-05,2.0461855059407257,0.03455347567796707,0.032704653684049845,0.03376335324719548,0.03316209092736244
1644,1644,4.132772445678711,4.135653495788574,2e-05,2.050439254872687,0.0345708467066288,0.03270851215347648,0.03377520386129618,0.0331744235008955
1645,1645,4.1322550773620605,4.1363205909729,2e-05,2.0533135337598094,0.03479716461151838,0.0327535723336041,0.03382338397204876,0.03322334960103035
1646,1646,4.134835243225098,4.134250640869141,2e-05,2.055655818700677,0.03460986167192459,0.03273627674207091,0.03380798967555165,0.03321193903684616
1647,1647,4.132710933685303,4.136567115783691,2e-05,2.058484396748314,0.03472157847136259,0.032781570218503475,0.033851636573672295,0.03325607813894749
1648,1648,4.133347988128662,4.1360063552856445,2e-05,2.0604034011632226,0.03478231746703386,0.03282185411080718,0.03388286707922816,0.03328685276210308
1649,1649,4.136359214782715,4.137907028198242,2e-05,2.0620120277108454,0.03465778473764658,0.03281129663810134,0.0338853825815022,0.03329168073832989
1650,1650,4.136761665344238,4.136554718017578,2e-05,2.0632897168363655,0.034763493575155735,0.03284377232193947,0.033911754842847586,0.03331926744431257
1651,1651,4.132967472076416,4.134734630584717,2e-05,2.065357389709828,0.034694062545895576,0.03283587144687772,0.033918741159141064,0.033326770178973675
1652,1652,4.136505603790283,4.1353912353515625,2e-05,2.067071802873163,0.03476433828473091,0.03290934953838587,0.03396342881023884,0.03337165154516697
1653,1653,4.133663177490234,4.134638786315918,2e-05,2.0696570977269912,0.03482077270746231,0.032884699292480946,0.03396050399169326,0.0333719989284873
1654,1654,4.133899688720703,4.131661415100098,2e-05,2.0696470194465015,0.034945341758430004,0.03291719779372215,0.0339940614067018,0.033407931216061115
1655,1655,4.1346611976623535,4.136285781860352,2e-05,1.9332275524350855,0.03484506160020828,0.032937560230493546,0.03400527173653245,0.03341958299279213
1656,1656,4.135191440582275,4.140867233276367,2e-05,1.9513135367466887,0.03476898930966854,0.03298523090779781,0.03404022613540292,0.03345478978008032
1657,1657,4.1351118087768555,4.134453773498535,2e-05,1.9650519866036518,0.03492793906480074,0.03299187729135156,0.034055414609611034,0.03347133472561836
1658,1658,4.133114337921143,4.137758255004883,2e-05,1.9788794165390624,0.034761834889650345,0.03299870574846864,0.03407833352684975,0.033496348187327385
1659,1659,4.135810375213623,4.137259483337402,2e-05,1.9906052202253517,0.03493906278163195,0.03302705613896251,0.03408475685864687,0.03350589331239462
1660,1660,4.138570308685303,4.134821891784668,2e-05,2.0028665350455666,0.03498960845172405,0.0330583406612277,0.034120357129722834,0.033540649339556694
1661,1661,4.137910842895508,4.135347366333008,2e-05,2.0150396387878167,0.034982554614543915,0.033071454614400864,0.03412821749225259,0.03355100564658642
1662,1662,4.134974956512451,4.140507698059082,2e-05,2.024175006903944,0.03501444589346647,0.033085920847952366,0.03415239090099931,0.03357768710702658
1663,1663,4.132272720336914,4.134221076965332,2e-05,2.0296410905253666,0.03493744693696499,0.03311022464185953,0.03418136481195688,0.03360625263303518
1664,1664,4.133286476135254,4.137226581573486,2e-05,2.0350761107285713,0.03495392017066479,0.03313428722321987,0.03419396327808499,0.03362110070884228
1665,1665,4.135041236877441,4.134122848510742,2e-05,2.039313718930906,0.03490649443119764,0.03315819846466184,0.03422134788706899,0.033647846430540085
1666,1666,4.132071018218994,4.134033679962158,2e-05,2.043409432431374,0.03497494105249643,0.033163107465952635,0.03423686558380723,0.033664134331047535
1667,1667,4.133925914764404,4.134938716888428,2e-05,2.0475272689914226,0.035055818036198616,0.03320281021296978,0.03426984138786793,0.03369966708123684
1668,1668,4.132635593414307,4.1362624168396,2e-05,2.0511786409230606,0.03509640973061323,0.03319826861843467,0.03427191637456417,0.033704266883432865
1669,1669,4.133152961730957,4.136206150054932,2e-05,2.054204292983628,0.035051179118454456,0.03324304800480604,0.03429735125973821,0.033730654045939445
1670,1670,4.135266304016113,4.1345014572143555,2e-05,2.0571432448713414,0.0350438691675663,0.03326282603666186,0.034328332636505365,0.03376202378422022
1671,1671,4.133798599243164,4.1332221031188965,2e-05,2.059401551017418,0.0349937304854393,0.03325488371774554,0.034324466716498137,0.033761121332645416
1672,1672,4.133418083190918,4.135430812835693,2e-05,2.061344980227493,0.03497996460646391,0.03328891843557358,0.034360199235379696,0.033798214979469776
1673,1673,4.135663986206055,4.134613990783691,2e-05,2.0633515197504417,0.03504257556051016,0.03332276362925768,0.034380070865154266,0.03381815645843744
1674,1674,4.134637355804443,4.137739181518555,2e-05,2.0647344298446044,0.03507172130048275,0.033346794079989195,0.03440576000139117,0.033846170641481876
1675,1675,4.135391712188721,4.133333206176758,2e-05,2.0656734035745243,0.035131899639964104,0.03334837267175317,0.034419027622789145,0.033862244337797165
1676,1676,4.134400844573975,4.132892608642578,2e-05,2.066997065143134,0.035116761922836304,0.03336989739909768,0.03444059705361724,0.03388549666851759
1677,1677,4.132678985595703,4.134332180023193,2e-05,2.0685301439721955,0.03532657492905855,0.03339045215398073,0.034465936943888664,0.03391125053167343
1678,1678,4.136510848999023,4.132018089294434,2e-05,2.0694766845710237,0.03512939345091581,0.03344572568312287,0.034489710349589586,0.0339368749409914
1679,1679,4.13458251953125,4.1334614753723145,2e-05,2.0708064647732267,0.03516465984284878,0.033425530418753624,0.03449134947732091,0.03394246846437454
1680,1680,4.13236141204834,4.133150577545166,2e-05,2.072030570636955,0.035175422206521034,0.03348527615889907,0.0345333106815815,0.03398501127958298
1681,1681,4.134007453918457,4.138583660125732,2e-05,2.0722227029339177,0.03516674693673849,0.03347774175927043,0.034540732856839895,0.033993206918239594
1682,1682,4.132973670959473,4.132623195648193,2e-05,2.072619801057711,0.03523912467062473,0.033499606885015965,0.034561711829155684,0.03401842340826988
1683,1683,4.134442329406738,4.12946891784668,2e-05,2.0738688230030395,0.03526025451719761,0.03350061643868685,0.03457054356113076,0.034028310328722
1684,1684,4.135483741760254,4.134115695953369,2e-05,1.9371503907825363,0.035410625860095024,0.03358244989067316,0.034627572633326054,0.03408388327807188
1685,1685,4.1318359375,4.1353960037231445,2e-05,1.9551052287743458,0.03524195868521929,0.03354235831648111,0.03461506078019738,0.034076531417667866
1686,1686,4.133059501647949,4.133957386016846,2e-05,1.9702441921210911,0.03539227321743965,0.03358545666560531,0.0346494372934103,0.03411083295941353
1687,1687,4.136359214782715,4.137571811676025,2e-05,1.9825523529580558,0.035215931944549084,0.03358875680714846,0.03465090738609433,0.03411559481173754
1688,1688,4.136489391326904,4.133575439453125,2e-05,1.9932668075219824,0.035328468307852745,0.0336588341742754,0.03471064241603017,0.03417420759797096
1689,1689,4.132975101470947,4.136034965515137,2e-05,2.001722390044562,0.035359724424779415,0.033663105219602585,0.03471377911046147,0.03417928423732519
1690,1690,4.133389472961426,4.134013652801514,2e-05,2.009686231548543,0.035322423093020916,0.033635356929153204,0.034713043831288815,0.034182374365627766
1691,1691,4.135154724121094,4.134512901306152,2e-05,2.0171043147486794,0.03535384126007557,0.03368073794990778,0.03474715445190668,0.034218555316329
1692,1692,4.132150173187256,4.134622573852539,2e-05,2.023639073172274,0.03541655279695988,0.033707988914102316,0.034775334410369396,0.03424824774265289
1693,1693,4.131931304931641,4.132887840270996,2e-05,2.0293344424675235,0.03541291784495115,0.03373672207817435,0.03478760598227382,0.034260076470673084
1694,1694,4.13492488861084,4.133491516113281,2e-05,2.034418180627854,0.035401297733187675,0.03372888220474124,0.034803679678589106,0.03427877742797136
1695,1695,4.133312225341797,4.135141372680664,2e-05,2.0389193026161956,0.03542853146791458,0.03373414557427168,0.034818997606635094,0.03429730795323849
1696,1696,4.136113166809082,4.134757995605469,2e-05,2.0431312378751385,0.03568984195590019,0.0337703968398273,0.034847569186240435,0.03432594519108534
1697,1697,4.134439945220947,4.133809566497803,2e-05,2.04688234407962,0.03562955837696791,0.03381492756307125,0.03487734356895089,0.03435621224343777
1698,1698,4.133584022521973,4.133358001708984,2e-05,2.0500109592672633,0.03558740392327309,0.03382926667109132,0.03489622566848993,0.034376949071884155
1699,1699,4.132855415344238,4.136390686035156,2e-05,2.052977544954624,0.035556018352508545,0.033833729568868876,0.03489914117380977,0.03438338451087475
1700,1700,4.136427879333496,4.133458137512207,2e-05,2.060922336470819,0.03553682006895542,0.033849766943603754,0.03492323122918606,0.034406932070851326
1701,1701,4.132673740386963,4.134576320648193,2e-05,2.0654999004437538,0.0355263901874423,0.033884580712765455,0.03494918067008257,0.03443471994251013
1702,1702,4.129300594329834,4.133974075317383,2e-05,2.0680646052481855,0.03557408228516579,0.03390632010996342,0.03496739640831947,0.03445443790405989
1703,1703,4.132450580596924,4.135079383850098,2e-05,2.069938427068399,0.03560889046639204,0.033925820142030716,0.03499273071065545,0.03448148351162672
1704,1704,4.132776737213135,4.132720947265625,2e-05,2.071914274221291,0.035689277574419975,0.033952776342630386,0.03500916063785553,0.03450017888098955
1705,1705,4.131622314453125,4.137454032897949,2e-05,2.0724581899051473,0.03569456562399864,0.03395901992917061,0.0350213130004704,0.03451396059244871
1706,1706,4.135048866271973,4.132479190826416,2e-05,2.072642017844965,0.035732327029109,0.033996024169027805,0.0350572126917541,0.03455029055476189
1707,1707,4.134803771972656,4.134387016296387,2e-05,2.073241622655197,0.03569349832832813,0.03402074100449681,0.03506771707907319,0.03456335887312889
1708,1708,4.134139537811279,4.138114929199219,2e-05,2.07425200673092,0.03578753303736448,0.0340214017778635,0.035094290506094694,0.0345909558236599
1709,1709,4.133951187133789,4.133444786071777,2e-05,2.076179444325136,0.03565958607941866,0.034030056558549404,0.035101535730063915,0.03460055775940418
1710,1710,4.131711006164551,4.13442325592041,2e-05,2.0802159980754893,0.03581039700657129,0.03406438184902072,0.03512779716402292,0.03462752513587475
1711,1711,4.132561206817627,4.134831428527832,2e-05,2.0831922588038903,0.03583081718534231,0.03409600630402565,0.03515742952004075,0.03465791791677475
1712,1712,4.136224269866943,4.1360273361206055,2e-05,2.0839627125567035,0.03583523537963629,0.0340978279709816,0.03516909247264266,0.03467186447232962
1713,1713,4.132345199584961,4.13181209564209,2e-05,2.084149602819656,0.03571711201220751,0.03413017839193344,0.035195696633309126,0.03470017481595278
1714,1714,4.135490894317627,4.131548881530762,2e-05,2.0837369722327774,0.03583503793925047,0.03416044544428587,0.03522118739783764,0.03472534939646721
1715,1715,4.134925842285156,4.13625431060791,2e-05,2.0835315804812744,0.03570729400962591,0.034163426607847214,0.03522579651325941,0.034734041430056095
1716,1716,4.130851745605469,4.1382246017456055,2e-05,2.08298291844962,0.03584684431552887,0.034198150504380465,0.035261704586446285,0.03476944472640753
1717,1717,4.13275671005249,4.135218620300293,2e-05,2.0824002201890277,0.0359033839777112,0.034212475176900625,0.03526722779497504,0.034777840599417686
1718,1718,4.131284713745117,4.132659435272217,2e-05,2.08181409869568,0.03589749429374933,0.034235356375575066,0.03529677074402571,0.03480755444616079
1719,1719,4.138113021850586,4.133110523223877,2e-05,2.0822955325686516,0.03596449177712202,0.034253562800586224,0.03531257901340723,0.03482687193900347
1720,1720,4.131812572479248,4.131976127624512,2e-05,2.082028712142283,0.035880282521247864,0.034276704769581556,0.035330272279679775,0.03484576102346182
1721,1721,4.132770538330078,4.135510444641113,2e-05,2.082088399686709,0.035899377427995205,0.034290922340005636,0.03535414673388004,0.03487110882997513
1722,1722,4.132202625274658,4.134143829345703,2e-05,2.0819462664882398,0.03599040396511555,0.03430162323638797,0.03537212032824755,0.03489075880497694
1723,1723,4.131285667419434,4.1314697265625,2e-05,2.0814845140498193,0.03601543791592121,0.03435608698055148,0.035397392231971025,0.03491734992712736
1724,1724,4.134196758270264,4.133570194244385,2e-05,2.0834992476311007,0.03617099951952696,0.03437281120568514,0.035421308130025864,0.034942240454256535
1725,1725,4.133896827697754,4.136442184448242,2e-05,2.08687304364732,0.035908760502934456,0.03435618057847023,0.03542777756229043,0.034951627254486084
1726,1726,4.136344909667969,4.133435249328613,2e-05,2.0918453499386147,0.036024609580636024,0.034405896440148354,0.03545622620731592,0.03498013783246279
1727,1727,4.13140869140625,4.140313625335693,2e-05,2.095472373866716,0.03605261072516441,0.03442776622250676,0.03548846719786525,0.03501336928457022
1728,1728,4.133983612060547,4.1333699226379395,2e-05,2.096597473299955,0.03596375696361065,0.03442490054294467,0.03548572584986687,0.03501297812908888
1729,1729,4.139498710632324,4.138092994689941,2e-05,2.0961525415655973,0.03600029926747084,0.03445845004171133,0.03551457682624459,0.035043698735535145
1730,1730,4.129800796508789,4.135656356811523,2e-05,2.0951876767912525,0.03607916459441185,0.03446495486423373,0.035532025154680014,0.03506298176944256
1731,1731,4.1334991455078125,4.1326494216918945,2e-05,2.0925363628531186,0.03605376370251179,0.034494005143642426,0.035548653453588486,0.03508107643574476
1732,1732,4.132087707519531,4.135054588317871,2e-05,2.0920228205421014,0.03607942909002304,0.03449074737727642,0.03556042769923806,0.03509508352726698
1733,1733,4.133777618408203,4.1341047286987305,2e-05,2.0909268817303905,0.03626404795795679,0.034533342346549034,0.035596305038779974,0.03513130825012922
1734,1734,4.133373260498047,4.137428283691406,2e-05,2.0899108080300732,0.03625835198909044,0.03458043932914734,0.03562961658462882,0.03516524378210306
1735,1735,4.131293773651123,4.138134479522705,2e-05,2.0892170323995365,0.03608700446784496,0.03459447342902422,0.0356415924616158,0.03517870046198368
1736,1736,4.131887435913086,4.132073402404785,2e-05,2.088659678025157,0.036171725019812584,0.03457385487854481,0.035652905236929655,0.03519375342875719
1737,1737,4.134222507476807,4.133182525634766,2e-05,2.0877317026675906,0.03618332650512457,0.03462759265676141,0.035689490381628275,0.03522887732833624
1738,1738,4.13299560546875,4.135252952575684,2e-05,2.0902548232175135,0.03623361233621836,0.0346597689203918,0.035709891468286514,0.035251472145318985
1739,1739,4.132296562194824,4.1323723793029785,2e-05,2.093019763279864,0.03622295614331961,0.0346510480158031,0.035717970225960016,0.035262441262602806
1740,1740,4.130887508392334,4.1357574462890625,2e-05,2.093351644431519,0.03634729702025652,0.03467127727344632,0.03574088541790843,0.035287536680698395
1741,1741,4.135040283203125,4.135900497436523,2e-05,2.0924678016057308,0.0363226942718029,0.034707012586295605,0.03575428854674101,0.03530262969434261
1742,1742,4.132676601409912,4.135692596435547,2e-05,2.09140668295374,0.03633493464440107,0.03470855439081788,0.035774867516011,0.03532500937581062
1743,1743,4.133920192718506,4.1337785720825195,2e-05,2.090590628719265,0.036229657009243965,0.034732913598418236,0.0358026223257184,0.035351769998669624
1744,1744,4.1327433586120605,4.13618278503418,2e-05,2.0893978444508985,0.036253295838832855,0.034765660762786865,0.03582853497937322,0.035379054956138134
1745,1745,4.13380241394043,4.13315486907959,2e-05,2.088420792836305,0.03629122395068407,0.03475988702848554,0.03584049083292484,0.0353940911591053
1746,1746,4.130144119262695,4.132937431335449,2e-05,2.087734623626958,0.03644040320068598,0.03482092218473554,0.035876733250916004,0.035430317744612694
1747,1747,4.132802963256836,4.131424903869629,2e-05,2.0870080554597243,0.036263007670640945,0.03481370164081454,0.03588430676609278,0.03544087801128626
1748,1748,4.13362979888916,4.131591796875,2e-05,2.0865598832546812,0.03629673086106777,0.034823077730834484,0.03589339088648558,0.03545266389846802
1749,1749,4.132780075073242,4.131067276000977,2e-05,2.0858814748170973,0.03650541789829731,0.03489042352885008,0.03594084596261382,0.03549771849066019
1750,1750,4.132923126220703,4.1335344314575195,2e-05,2.085511229163222,0.036405617371201515,0.034866484347730875,0.03593832207843661,0.03550049290060997
1751,1751,4.1329545974731445,4.1328277587890625,2e-05,2.084569610456822,0.03651360422372818,0.034889346454292536,0.035951399244368076,0.035514138638973236
1752,1752,4.131259918212891,4.134754657745361,2e-05,2.0843677640178067,0.03652874007821083,0.03494127094745636,0.03598856693133712,0.035551524721086025
1753,1753,4.133357048034668,4.138320446014404,2e-05,2.084265533957268,0.03649708814918995,0.03495672810822725,0.036002819426357746,0.03556846920400858
1754,1754,4.133452892303467,4.130415916442871,2e-05,2.083507684078805,0.03648194205015898,0.034980736672878265,0.036028931848704815,0.03559482656419277
1755,1755,4.134091377258301,4.132784843444824,2e-05,2.0831245972850114,0.036547036841511726,0.03498684894293547,0.03605043701827526,0.035617697052657604
1756,1756,4.133477210998535,4.131099224090576,2e-05,2.082695721868327,0.03655298985540867,0.03503915295004845,0.03607384627684951,0.035641360096633434
1757,1757,4.1309967041015625,4.130645751953125,2e-05,2.082485426293971,0.036438774317502975,0.035016425885260105,0.036086378153413534,0.035656907595694065
1758,1758,4.130306243896484,4.13238000869751,2e-05,2.082211988895676,0.03653905913233757,0.03505626134574413,0.03611664893105626,0.035688954405486584
1759,1759,4.13144588470459,4.132960796356201,2e-05,2.081696510237803,0.03667639661580324,0.03506209468469024,0.03611836722120643,0.0356950843706727
1760,1760,4.1326422691345215,4.1318359375,2e-05,2.0803037640872937,0.03669139463454485,0.03507504006847739,0.03614220255985856,0.03572037070989609
1761,1761,4.13265323638916,4.131766319274902,2e-05,2.0801001211950565,0.03673612046986818,0.03511744178831577,0.03616198664531112,0.03574294596910477
1762,1762,4.129977226257324,4.134559631347656,2e-05,2.079778553198432,0.036751615814864635,0.03514753421768546,0.036201512441039085,0.03577993530780077
1763,1763,4.131631374359131,4.132813930511475,2e-05,2.080249533552604,0.03667431976646185,0.03513698652386665,0.036207035183906555,0.03578976821154356
1764,1764,4.129321098327637,4.131056785583496,2e-05,2.082443373271425,0.03668299224227667,0.03517670230939984,0.036234564147889614,0.0358182592317462
1765,1765,4.134055137634277,4.1341142654418945,2e-05,2.0859663645558015,0.036782460287213326,0.03520591137930751,0.036246622912585735,0.03583246469497681
1766,1766,4.133722305297852,4.133103847503662,2e-05,2.0887835818054996,0.03667468577623367,0.03518990566954017,0.03626001812517643,0.0358488978818059
1767,1767,4.129025459289551,4.133215427398682,2e-05,2.0893180596173004,0.03680076915770769,0.03521790588274598,0.03628258500248194,0.03587303124368191
1768,1768,4.131641387939453,4.133428573608398,2e-05,2.088143819462913,0.03674638085067272,0.035243348218500614,0.0363018992356956,0.0358934486284852
1769,1769,4.129508972167969,4.1328654289245605,2e-05,2.0879175773912886,0.03672064375132322,0.03527432773262262,0.03633169597014785,0.03592332638800144
1770,1770,4.134130954742432,4.133486747741699,2e-05,2.0867649192962223,0.03689155541360378,0.03531213337555528,0.03635162441059947,0.03594425227493048
1771,1771,4.130475997924805,4.133639812469482,2e-05,2.086241858538523,0.03684985265135765,0.03534076688811183,0.03638393711298704,0.035977219231426716
1772,1772,4.13388729095459,4.132246971130371,2e-05,2.0858430160043144,0.03681489825248718,0.035288319922983646,0.03637414053082466,0.03597180265933275
1773,1773,4.135255336761475,4.130947113037109,2e-05,2.085122520998612,0.0369455898180604,0.0353751489892602,0.03641839977353811,0.03601546958088875
1774,1774,4.1283111572265625,4.140627384185791,2e-05,2.0847166121412504,0.03683709166944027,0.03535314230248332,0.03642742056399584,0.03602838423103094
1775,1775,4.131478786468506,4.132501125335693,2e-05,2.084527363359799,0.036845908500254154,0.03539903648197651,0.03645529365167022,0.036055958829820156
1776,1776,4.130057334899902,4.131780624389648,2e-05,2.084131427034979,0.0369016882032156,0.035421935841441154,0.03647971898317337,0.03608096018433571
1777,1777,4.132688522338867,4.131669044494629,2e-05,2.083787467938856,0.036862379871308804,0.03543461672961712,0.03649412980303168,0.03609790280461311
1778,1778,4.133607864379883,4.129958152770996,2e-05,2.0827940675883103,0.03686121106147766,0.035415110643953085,0.03649782156571746,0.036104174330830574
1779,1779,4.1328630447387695,4.131412506103516,2e-05,2.0828020372721254,0.037033941596746445,0.03548760898411274,0.03653935343027115,0.03614612389355898
1780,1780,4.131889343261719,4.130990028381348,2e-05,2.0826603925424667,0.03689507860690355,0.03551059542223811,0.03655253676697612,0.03616230934858322
1781,1781,4.134893417358398,4.130542755126953,2e-05,2.0817550965252716,0.03704483341425657,0.03551043616607785,0.036557094659656286,0.03617282398045063
1782,1782,4.128048896789551,4.131528854370117,2e-05,2.082177684172457,0.03703110013157129,0.03551610326394439,0.03657798934727907,0.036192700266838074
1783,1783,4.128512859344482,4.1308674812316895,2e-05,2.0814388076518164,0.037039147689938545,0.035560993012040854,0.03661400452256203,0.03622730262577534
1784,1784,4.129578113555908,4.130843162536621,2e-05,2.0811117764822398,0.037041221745312214,0.03556180791929364,0.03662016149610281,0.03623759839683771
1785,1785,4.13073205947876,4.129096031188965,2e-05,2.0816410257983553,0.03694914374500513,0.03561220318078995,0.03666307125240564,0.03627850767225027
1786,1786,4.132650375366211,4.134371280670166,2e-05,1.9436996248365503,0.036972079426050186,0.03563281474635005,0.03668056149035692,0.03629763890057802
1787,1787,4.13145637512207,4.135588645935059,2e-05,1.9589509492931294,0.03718219604343176,0.03565411502495408,0.03670371416956186,0.036322700791060925
1788,1788,4.129677772521973,4.130129814147949,2e-05,1.971479833865111,0.037114353850483894,0.03565314505249262,0.036713669542223215,0.03633568622171879
1789,1789,4.134171009063721,4.13642692565918,2e-05,1.9822228524046623,0.03703966457396746,0.03568772878497839,0.03674023551866412,0.03636461775749922
1790,1790,4.133476734161377,4.131849765777588,2e-05,1.9923375967235073,0.03716694097965956,0.035717328544706106,0.0367662962526083,0.036389914341270924
1791,1791,4.133234024047852,4.138598442077637,2e-05,2.0010517249439106,0.03711727447807789,0.03570983000099659,0.03677102643996477,0.03640014864504337
1792,1792,4.135297775268555,4.134190082550049,2e-05,2.0092935154731038,0.03725379426032305,0.03573797410354018,0.03679596772417426,0.03642553836107254
1793,1793,4.12890100479126,4.1318440437316895,2e-05,2.016267529718656,0.037201191298663616,0.035760745871812105,0.03681178903207183,0.036443982273340225
1794,1794,4.130810737609863,4.13066291809082,2e-05,2.022033505290527,0.03725997544825077,0.03580397879704833,0.03684335574507713,0.03647590335458517
1795,1795,4.130273342132568,4.128895282745361,2e-05,2.027832484456561,0.0370983574539423,0.035782162100076675,0.036837777122855186,0.0364743210375309
1796,1796,4.132147789001465,4.1352667808532715,2e-05,1.8953954432598477,0.03722789976745844,0.035809294786304235,0.03687042649835348,0.03650678228586912
1797,1797,4.127466201782227,4.1317853927612305,2e-05,1.9142724227392356,0.03735581133514643,0.03584278421476483,0.036890420597046614,0.03652969282120466
1798,1798,4.129729270935059,4.133897304534912,2e-05,1.9313163917642584,0.037334151566028595,0.03589695366099477,0.03693318460136652,0.03656952269375324
1799,1799,4.133306503295898,4.130555629730225,2e-05,1.9467380489598354,0.03732609935104847,0.035893387626856565,0.0369379841722548,0.03657818492501974
1800,1800,4.1351094245910645,4.130372047424316,2e-05,1.9603665139562088,0.037352063693106174,0.03592920629307628,0.036956585478037596,0.03659920021891594
1801,1801,4.131347179412842,4.127946853637695,2e-05,1.9723519963430494,0.037346987053751945,0.03593814140185714,0.03698073513805866,0.03662536479532719
1802,1802,4.1312479972839355,4.130326271057129,2e-05,1.845426500603939,0.03735831193625927,0.03594346530735493,0.03700037254020572,0.036646369844675064
1803,1803,4.1352081298828125,4.131582260131836,2e-05,1.869696262663794,0.03727961424738169,0.03595441533252597,0.03700394602492452,0.03665439039468765
1804,1804,4.132862567901611,4.1310553550720215,2e-05,1.8907537217909731,0.03734604176133871,0.0360013609752059,0.037044414319097996,0.03669441677629948
1805,1805,4.1331939697265625,4.1316046714782715,2e-05,1.9102316459838786,0.037313347682356834,0.036022808868438005,0.03706369083374739,0.03671581111848354
1806,1806,4.129034996032715,4.130083084106445,2e-05,1.9273073916391732,0.03744226507842541,0.03600190579891205,0.03707330161705613,0.03672820050269365
1807,1807,4.130408763885498,4.129799842834473,2e-05,1.9422650965981372,0.03737375885248184,0.03602548502385616,0.037083692383021116,0.03674168884754181
1808,1808,4.127954959869385,4.1327056884765625,2e-05,1.9556111087175025,0.037405943498015404,0.03604890964925289,0.03710866393521428,0.03676724713295698
1809,1809,4.12862491607666,4.13306999206543,2e-05,1.9671527594242153,0.037486265413463116,0.03608589665964246,0.03713143523782492,0.03679163008928299
1810,1810,4.129398345947266,4.131960391998291,2e-05,1.9775083491249352,0.03756413795053959,0.03611072571948171,0.03715135995298624,0.036815361119806767
1811,1811,4.132846832275391,4.130929946899414,2e-05,1.986478171893867,0.037535808980464935,0.03616868006065488,0.037188814487308264,0.03685088828206062
1812,1812,4.130285263061523,4.13594913482666,2e-05,1.9956373213192817,0.03755632508546114,0.03613459086045623,0.03718773182481527,0.0368554200977087
1813,1813,4.132068634033203,4.131614685058594,2e-05,2.003132189778926,0.0375495171174407,0.03617894323542714,0.03722198540344834,0.03688783198595047
1814,1814,4.129655361175537,4.129998207092285,2e-05,2.01098479707521,0.037606799043715,0.03618196491152048,0.037231928668916225,0.0369009543210268
1815,1815,4.130874156951904,4.134087562561035,2e-05,2.0186189330133644,0.037508510053157806,0.036200770642608404,0.0372558431699872,0.03692697547376156
1816,1816,4.130725860595703,4.128640174865723,2e-05,2.025076687987885,0.03760749101638794,0.036235427018254995,0.03727696370333433,0.03694855608046055
1817,1817,4.130010604858398,4.128805637359619,2e-05,2.031471275301653,0.037581371143460274,0.03624878544360399,0.03728963062167168,0.03696473501622677
1818,1818,4.132439136505127,4.134398937225342,2e-05,2.038063657334432,0.03762059099972248,0.03627418493852019,0.03732173889875412,0.036995695903897285
1819,1819,4.129387855529785,4.133005142211914,2e-05,2.04233390607371,0.03752997051924467,0.036283346358686686,0.03733141953125596,0.03700921032577753
1820,1820,4.132260799407959,4.129517555236816,2e-05,2.0463457053648018,0.03764845337718725,0.03628592239692807,0.037343422416597605,0.037023077718913555
1821,1821,4.132823467254639,4.135759353637695,2e-05,2.0500481643876327,0.037719002924859524,0.03635004488751292,0.03737312322482467,0.03705341462045908
1822,1822,4.128460884094238,4.130903720855713,2e-05,2.053330724391516,0.03765932470560074,0.036357903853058815,0.037392884492874146,0.037075516767799854
1823,1823,4.131786346435547,4.130837917327881,2e-05,2.055700903992548,0.03763807564973831,0.036332839634269476,0.037406499963253736,0.037090287543833256
1824,1824,4.129083633422852,4.130632400512695,2e-05,2.062719774404511,0.03780471161007881,0.0364246591925621,0.03745605610311031,0.03713792283087969
1825,1825,4.130105972290039,4.128405570983887,2e-05,2.0674685837434583,0.037800333462655544,0.036404609214514494,0.03745931480079889,0.03714423906058073
1826,1826,4.129802703857422,4.135304927825928,2e-05,2.0701571444344697,0.037645732052624226,0.03642274718731642,0.03748262580484152,0.03716718219220638
1827,1827,4.128938674926758,4.132262229919434,2e-05,2.0717644250130745,0.03781615570187569,0.03648030385375023,0.0375099522061646,0.03719615004956722
1828,1828,4.1318464279174805,4.132440567016602,2e-05,2.0729697201211517,0.03783034346997738,0.03645723406225443,0.03751221066340804,0.03720233961939812
1829,1829,4.132951736450195,4.129508972167969,2e-05,2.073692406174345,0.03768325503915548,0.036486671306192875,0.03753040125593543,0.03722272999584675
1830,1830,4.132244110107422,4.131961822509766,2e-05,2.0745757988978397,0.03784548956900835,0.03652988513931632,0.037561592645943165,0.03725295793265104
1831,1831,4.128833770751953,4.131036281585693,2e-05,2.074878254297935,0.03770412318408489,0.0365403788164258,0.03758515603840351,0.037277743220329285
1832,1832,4.127266883850098,4.131341934204102,2e-05,2.0758467225500885,0.03793543763458729,0.036589198745787144,0.0376171856187284,0.03730722703039646
1833,1833,4.130162239074707,4.131120681762695,2e-05,2.075694158918527,0.03788577392697334,0.03653160436078906,0.03761661797761917,0.037313682958483696
1834,1834,4.129915237426758,4.130855083465576,2e-05,2.0761097472382612,0.0380066242069006,0.03657982172444463,0.037633614614605904,0.037332464940845966
1835,1835,4.132413387298584,4.130270957946777,2e-05,2.0761502060798778,0.03788398951292038,0.03664239216595888,0.037664192728698254,0.03736356645822525
1836,1836,4.130033493041992,4.1290435791015625,2e-05,2.0768672486542585,0.03794194757938385,0.03662777692079544,0.037683380767703056,0.037384471856057644
1837,1837,4.12763786315918,4.130695343017578,2e-05,2.0773785842385792,0.03799480013549328,0.03667394584044814,0.03771462617442012,0.03741512168198824
1838,1838,4.129530906677246,4.130998611450195,2e-05,2.077445221831194,0.03807963244616985,0.03667952585965395,0.03772782348096371,0.037431202828884125
1839,1839,4.128897666931152,4.129697322845459,2e-05,2.077557090569072,0.037989783100783825,0.03671034565195441,0.037749096285551786,0.03745334781706333
1840,1840,4.129190921783447,4.131457328796387,2e-05,2.0782179053175374,0.03792457841336727,0.03672781679779291,0.037768224254250526,0.03747540898621082
1841,1841,4.129450798034668,4.129889488220215,2e-05,2.078462821555985,0.03802988864481449,0.03674703137949109,0.03779242606833577,0.03750104084610939
1842,1842,4.13071870803833,4.129556179046631,2e-05,2.078455629140185,0.03814936242997646,0.03677695570513606,0.03780768718570471,0.037518334574997425
1843,1843,4.131650924682617,4.133460998535156,2e-05,2.078419503498043,0.03806407656520605,0.03676375653594732,0.03782032383605838,0.03753471840173006
1844,1844,4.131258010864258,4.124587059020996,2e-05,2.078344997237979,0.03812852315604687,0.03680248651653528,0.03784650890156627,0.037560781463980675
1845,1845,4.134103298187256,4.129635334014893,2e-05,1.9305558841210417,0.03809330239892006,0.036814922001212835,0.03786257188767195,0.03758091479539871
1846,1846,4.12972354888916,4.132237911224365,2e-05,1.9470637775799968,0.03806701768189669,0.036873312667012215,0.03790082549676299,0.03761597070842981
1847,1847,4.129710674285889,4.129307270050049,2e-05,1.961052631860701,0.038133779540658,0.036877308040857315,0.03792310459539294,0.03764002211391926
1848,1848,4.128398895263672,4.133421897888184,2e-05,1.9727222220926512,0.03815299365669489,0.036891888827085495,0.03793732123449445,0.03765679523348808
1849,1849,4.1275224685668945,4.129879474639893,2e-05,1.983851613897021,0.038150738924741745,0.03692263690754771,0.03795371949672699,0.03767712879925966
1850,1850,4.128270149230957,4.136183738708496,2e-05,1.99334756439868,0.03811358939856291,0.0369156152009964,0.03796580294147134,0.03769325837492943
1851,1851,4.128448963165283,4.129544258117676,2e-05,2.002469101640759,0.03829209227114916,0.03692810004577041,0.0379805127158761,0.03771115653216839
1852,1852,4.128449440002441,4.131763458251953,2e-05,2.0102938519802014,0.038221245631575584,0.036980165168643,0.03800581954419613,0.037736364640295506
1853,1853,4.1274542808532715,4.127682685852051,2e-05,2.0174228558178675,0.03835760336369276,0.03701423853635788,0.038035128731280565,0.0377656202763319
1854,1854,4.130119800567627,4.128783226013184,2e-05,2.0237720480318995,0.03826768323779106,0.03704779129475355,0.03806118946522474,0.0377931110560894
1855,1855,4.12789249420166,4.13215970993042,2e-05,2.033746190787815,0.03825436066836119,0.03702672617509961,0.03807081934064627,0.03780668880790472
1856,1856,4.128335952758789,4.129722595214844,2e-05,2.0410693038948353,0.03827193193137646,0.03707656916230917,0.038095973432064056,0.037832084111869335
1857,1857,4.133131504058838,4.129241943359375,2e-05,2.0471078711781807,0.03825022652745247,0.0370508492924273,0.03809977509081364,0.03784091677516699
1858,1858,4.131902694702148,4.133874893188477,2e-05,2.0508583500440896,0.038285182788968086,0.03711124649271369,0.03813121374696493,0.03787223994731903
1859,1859,4.129244804382324,4.129788875579834,2e-05,2.053916031192554,0.038352083414793015,0.03710935637354851,0.03814268531277776,0.037885735742747784
1860,1860,4.131528854370117,4.135089874267578,2e-05,2.0566059967511263,0.038266719318926334,0.037105032708495855,0.03815655317157507,0.037903561256825924
1861,1861,4.129025459289551,4.130418300628662,2e-05,2.05897495836352,0.03838545083999634,0.03716473234817386,0.038194223772734404,0.037938847206532955
1862,1862,4.131406784057617,4.131129264831543,2e-05,2.0609041960436603,0.03845986723899841,0.037184824235737324,0.03821970755234361,0.037966061383485794
1863,1863,4.127399444580078,4.128875255584717,2e-05,2.06313590757808,0.0384947843849659,0.037152632139623165,0.038219393230974674,0.03797198552638292
1864,1864,4.1335554122924805,4.128129482269287,2e-05,2.0646144607262316,0.03848152793943882,0.037221990525722504,0.038247449323534966,0.037999470718204975
1865,1865,4.12744140625,4.131443977355957,2e-05,2.066736176172231,0.03838025312870741,0.03724503004923463,0.03827533312141895,0.03802735824137926
1866,1866,4.127180099487305,4.13281774520874,2e-05,2.0673003732729134,0.038301306776702404,0.0372156766243279,0.03826999897137284,0.03802809491753578
1867,1867,4.130661964416504,4.128263473510742,2e-05,2.0686965030878373,0.03843147587031126,0.03724697511643171,0.038291089702397585,0.03805190231651068
1868,1868,4.128909111022949,4.126471996307373,2e-05,2.0696585286085627,0.038485520519316196,0.03727508708834648,0.03831761563196778,0.03807785827666521
1869,1869,4.128988265991211,4.128283977508545,2e-05,2.069824888450646,0.03856980241835117,0.03735439199954271,0.03837089100852609,0.038128395564854145
1870,1870,4.132180213928223,4.129361152648926,2e-05,2.071291235279597,0.03861226048320532,0.03731172252446413,0.0383523041382432,0.0381211768835783
1871,1871,4.129849433898926,4.128224849700928,2e-05,2.07253391258062,0.03858113754540682,0.03737163636833429,0.038400476798415184,0.03816419653594494
1872,1872,4.127926349639893,4.1334404945373535,2e-05,2.073248202936645,0.03855054546147585,0.03736465284600854,0.03841455187648535,0.03818236570805311
1873,1873,4.128396034240723,4.130488395690918,2e-05,2.073648850518736,0.03867166768759489,0.037410815712064505,0.03842668700963259,0.03819704242050648
1874,1874,4.133152008056641,4.128046035766602,2e-05,2.074410132609078,0.038822319358587265,0.037430169992148876,0.03845319151878357,0.038224779069423676
1875,1875,4.132136344909668,4.128893852233887,2e-05,2.0752167903349994,0.038574811071157455,0.03745501907542348,0.03847651416435838,0.03824918903410435
1876,1876,4.126738548278809,4.12998104095459,2e-05,2.075586113227562,0.03861121740192175,0.0374157358892262,0.038479492999613285,0.03825721051543951
1877,1877,4.129618167877197,4.128631591796875,2e-05,2.0762181228126333,0.03869371488690376,0.03745167190209031,0.03849277272820473,0.03827405720949173
1878,1878,4.130227565765381,4.128135681152344,2e-05,2.0763711639493905,0.03867998905479908,0.03751581581309438,0.03853121446445584,0.0383098516613245
1879,1879,4.129204273223877,4.128847599029541,2e-05,2.076326291656895,0.0384671101346612,0.037508496548980474,0.038546056021004915,0.03832713142037392
1880,1880,4.126527309417725,4.128785133361816,2e-05,2.0770455926021536,0.038758701644837856,0.03754899324849248,0.03857228485867381,0.038355330005288124
1881,1881,4.127481460571289,4.132285118103027,2e-05,2.0771702379855563,0.03860603738576174,0.03754150681197643,0.03857644507661462,0.038365427404642105
1882,1882,4.128458023071289,4.130450248718262,2e-05,2.077396154238128,0.03868820983916521,0.03758370690047741,0.038615950383245945,0.038402050733566284
1883,1883,4.131232261657715,4.12827205657959,2e-05,2.0779513617155896,0.038680885918438435,0.037598383612930775,0.03861838998273015,0.038410868495702744
1884,1884,4.131397724151611,4.132826805114746,2e-05,2.078175883609339,0.03878893703222275,0.03762336587533355,0.03864455409348011,0.03843718860298395
1885,1885,4.130241394042969,4.12799072265625,2e-05,2.0832320577949903,0.03885961789637804,0.03764421818777919,0.0386649314314127,0.03845951985567808
1886,1886,4.127735137939453,4.132453918457031,2e-05,2.085840509155871,0.03891123179346323,0.03767318557947874,0.03869893867522478,0.03849244210869074
1887,1887,4.127692699432373,4.133406639099121,2e-05,2.0867169753222345,0.03880372643470764,0.03764285985380411,0.03869357844814658,0.03849464375525713
1888,1888,4.126367568969727,4.129173278808594,2e-05,2.086586132874871,0.03881602827459574,0.037682244554162025,0.03871378628537059,0.03851608466356993
1889,1889,4.128814697265625,4.129467964172363,2e-05,2.086185115518916,0.03879419807344675,0.037739453837275505,0.03875376330688596,0.03855568263679743
1890,1890,4.130391597747803,4.131635665893555,2e-05,2.085178574140888,0.03897994291037321,0.03774687182158232,0.03876473754644394,0.03857040777802467
1891,1891,4.128256797790527,4.138225555419922,2e-05,2.084368905208666,0.038703386671841145,0.0377132254652679,0.038765264209359884,0.03857640642672777
1892,1892,4.129978179931641,4.128427982330322,2e-05,2.084154877451074,0.03887592814862728,0.03775498503819108,0.038783674128353596,0.03859872743487358
1893,1893,4.128040313720703,4.131972789764404,2e-05,2.0837194443095233,0.03898138925433159,0.037786080967634916,0.03881997521966696,0.03863234631717205
1894,1894,4.128640174865723,4.129142761230469,2e-05,2.0832434471748846,0.03901513107120991,0.03784904256463051,0.03886105353012681,0.03867125045508146
1895,1895,4.1280341148376465,4.125825881958008,2e-05,2.0822577077994153,0.038934958167374134,0.037857374642044306,0.038872246630489826,0.03868650924414396
1896,1896,4.130029678344727,4.1345906257629395,2e-05,2.0819476681498528,0.0389163251966238,0.037899830378592014,0.038901368621736765,0.03871578723192215
1897,1897,4.129371166229248,4.1292219161987305,2e-05,2.0820278681962097,0.03904878254979849,0.0378521541133523,0.03890567785128951,0.038725994527339935
1898,1898,4.131738662719727,4.129152297973633,2e-05,2.0823410583397566,0.03905810695141554,0.03791166516020894,0.03893357701599598,0.0387529619038105
1899,1899,4.129258155822754,4.127882480621338,2e-05,2.0817657871274156,0.038829674012959,0.037902853451669216,0.03893439099192619,0.03876160178333521
1900,1900,4.1270599365234375,4.127772331237793,2e-05,2.0819038911422205,0.03909709397703409,0.037952159997075796,0.038972882088273764,0.03879796154797077
1901,1901,4.128908157348633,4.129939556121826,2e-05,2.082628242587821,0.03910354524850845,0.03794816741719842,0.03897569980472326,0.0388079509139061
1902,1902,4.123296737670898,4.128339767456055,2e-05,2.0823702233288315,0.03917605336755514,0.03797682328149676,0.03901093313470483,0.03884183056652546
1903,1903,4.128583908081055,4.130180358886719,2e-05,2.086900721007361,0.039128854870796204,0.03802572377026081,0.039034518878906965,0.0388672761619091
1904,1904,4.128393173217773,4.1302809715271,2e-05,2.0893333904084677,0.039321512915194035,0.03802858525887132,0.039059911388903856,0.03889382816851139
1905,1905,4.126347064971924,4.130762100219727,2e-05,2.089095283406324,0.03915595542639494,0.03803022811189294,0.03905258234590292,0.038894714787602425
1906,1906,4.128279685974121,4.126563549041748,2e-05,2.0884359072000094,0.03929239045828581,0.0380766955204308,0.03909135377034545,0.038932034745812416
1907,1907,4.128293514251709,4.127753257751465,2e-05,2.088038666269969,0.03935635834932327,0.03807653672993183,0.03910445002838969,0.03894774429500103
1908,1908,4.128115177154541,4.12727165222168,2e-05,2.0875469996851326,0.039240313693881035,0.03811844205483794,0.039134315215051174,0.038977935910224915
1909,1909,4.131533145904541,4.130370616912842,2e-05,2.0868837775124374,0.03929551970213652,0.03811680432409048,0.03915309812873602,0.038999225944280624
1910,1910,4.127410888671875,4.134886741638184,2e-05,2.0861259712383062,0.03931175172328949,0.03817489370703697,0.039181921165436506,0.03902739658951759
1911,1911,4.1267805099487305,4.128561019897461,2e-05,2.0855974199833263,0.03940010815858841,0.03818807564675808,0.039192582946270704,0.03904219903051853
1912,1912,4.130257606506348,4.1337995529174805,2e-05,2.0853896080959418,0.03931287117302418,0.03818145953118801,0.03920772019773722,0.03906106669455767
1913,1913,4.1295294761657715,4.1278910636901855,2e-05,2.0891194712171925,0.03937035892158747,0.03820746671408415,0.039230274967849255,0.03908536024391651
1914,1914,4.131709575653076,4.125888824462891,2e-05,2.0910552136529725,0.03921397402882576,0.03823398565873504,0.03925350960344076,0.039110513404011726
1915,1915,4.13045072555542,4.130919456481934,2e-05,2.090639940857164,0.03939504083245993,0.03825508849695325,0.03926263842731714,0.039123134687542915
1916,1916,4.128779411315918,4.128087997436523,2e-05,2.0902736706340126,0.03934112936258316,0.03825056552886963,0.03927390882745385,0.0391402542591095
1917,1917,4.129194736480713,4.134535789489746,2e-05,2.0888952702345565,0.03927692398428917,0.0382907441817224,0.039307682774960995,0.039171441458165646
1918,1918,4.128262519836426,4.133910179138184,2e-05,2.087373866797067,0.03935002349317074,0.03827125718817115,0.03931861836463213,0.039187999442219734
1919,1919,4.128576755523682,4.124936103820801,2e-05,2.0852764887350697,0.03939580079168081,0.038306275848299265,0.0393406106159091,0.03921099379658699
1920,1920,4.126614570617676,4.129830360412598,2e-05,2.082923294830924,0.03940052632242441,0.038321007043123245,0.03935596067458391,0.039230707101523876
1921,1921,4.129227638244629,4.1322174072265625,2e-05,2.082230606287763,0.039472173899412155,0.038374184630811214,0.03939185058698058,0.03926227707415819
1922,1922,4.1282548904418945,4.127473831176758,2e-05,2.0815578843033795,0.03931272588670254,0.038433927576988935,0.03943577175959945,0.03930330369621515
1923,1923,4.1251420974731445,4.1309003829956055,2e-05,2.081290625202207,0.03953511919826269,0.038403510581701994,0.03943143179640174,0.03930813353508711
1924,1924,4.1272101402282715,4.128911018371582,2e-05,2.0816427202451435,0.03951465617865324,0.03843553317710757,0.03944693226367235,0.039327300153672695
1925,1925,4.129036903381348,4.126949310302734,2e-05,2.0819596057837866,0.039504135958850384,0.03844017582014203,0.0394518431276083,0.039337736554443836
1926,1926,4.1289825439453125,4.129139423370361,2e-05,2.081996430548783,0.03966798819601536,0.038489485159516335,0.03949491772800684,0.039376670494675636
1927,1927,4.130105972290039,4.129928112030029,2e-05,2.0813816352859447,0.039557920768857,0.038480754010379314,0.03950163396075368,0.039389945566654205
1928,1928,4.131294250488281,4.131793022155762,2e-05,2.0830232577503596,0.03962947241961956,0.03851480223238468,0.03952581388875842,0.03941542934626341
1929,1929,4.125915050506592,4.127483367919922,2e-05,2.085393268795235,0.03950606286525726,0.03851280873641372,0.039542272221297026,0.03943423181772232
1930,1930,4.125868797302246,4.127478122711182,2e-05,2.0851487648169855,0.03968206513673067,0.03849671594798565,0.03955017542466521,0.039449081756174564
1931,1931,4.123044967651367,4.1330461502075195,2e-05,2.0843396085669816,0.03950461186468601,0.03855493990704417,0.03957621706649661,0.03947486635297537
1932,1932,4.128317356109619,4.127867698669434,2e-05,2.0840541212546073,0.03957575373351574,0.03860110370442271,0.039615309331566095,0.03951090853661299
1933,1933,4.126480579376221,4.130513668060303,2e-05,2.0830660484702754,0.039682066068053246,0.03858150774613023,0.039612571243196726,0.03951601684093475
1934,1934,4.128627300262451,4.129720687866211,2e-05,2.083437234560898,0.03975273575633764,0.03864287864416838,0.03964425157755613,0.03954800125211477
1935,1935,4.128957748413086,4.131446838378906,2e-05,2.083318854424452,0.039692483842372894,0.03864339413121343,0.039664441253989935,0.039569600485265255
1936,1936,4.127594947814941,4.128170013427734,2e-05,2.083110657930217,0.03972974047064781,0.03868585405871272,0.03969213180243969,0.03959739487618208
1937,1937,4.127391815185547,4.128256797790527,2e-05,2.0827351108673438,0.039738002233207226,0.03868442913517356,0.03969956701621413,0.03961047437041998
1938,1938,4.127188682556152,4.132230758666992,2e-05,2.083348876525884,0.03976538311690092,0.03871259978041053,0.039715401362627745,0.03962866682559252
1939,1939,4.128322601318359,4.1292877197265625,2e-05,2.083811434507584,0.039835721254348755,0.03876135544851422,0.039750846568495035,0.03966368082910776
1940,1940,4.125894069671631,4.129817962646484,2e-05,2.0879055444385104,0.03983600065112114,0.03876062808558345,0.03976996149867773,0.039683892391622066
1941,1941,4.128109931945801,4.126816272735596,2e-05,2.0898432047024484,0.03978763148188591,0.0387458479963243,0.03978035133332014,0.03969988878816366
1942,1942,4.127199172973633,4.128373622894287,2e-05,2.0893226364557753,0.03977834805846214,0.03879775898531079,0.03980949893593788,0.03972778841853142
1943,1943,4.129085540771484,4.128734588623047,2e-05,2.091472320603082,0.03969447687268257,0.03877232410013676,0.03980587422847748,0.03973376378417015
1944,1944,4.125688552856445,4.127171516418457,2e-05,2.095461023682486,0.039907729253172874,0.038826131261885166,0.0398434791713953,0.0397690050303936
1945,1945,4.129944801330566,4.133947372436523,2e-05,2.0954758906446,0.039949885569512844,0.03888252703472972,0.03987601585686207,0.039800516329705715
1946,1946,4.1269307136535645,4.131013870239258,2e-05,2.094372165545336,0.039783090353012085,0.038899351842701435,0.039886645041406155,0.039814677089452744
1947,1947,4.126692771911621,4.13277006149292,2e-05,2.09347829221434,0.039847273379564285,0.038898855447769165,0.03990474622696638,0.0398362735286355
1948,1948,4.13099479675293,4.128527641296387,2e-05,2.0922690219904596,0.03999212570488453,0.03890246478840709,0.03992327768355608,0.03985798638314009
1949,1949,4.128361225128174,4.127398490905762,2e-05,2.091346872132464,0.03986859507858753,0.038907621055841446,0.039932808838784695,0.03987214248627424
1950,1950,4.129647254943848,4.126467227935791,2e-05,2.0900562175597424,0.039840275421738625,0.03894665790721774,0.03996086213737726,0.039899345487356186
1951,1951,4.125019073486328,4.129859924316406,2e-05,2.088778532399059,0.03995268326252699,0.038974040653556585,0.03998074075207114,0.03992108628153801
1952,1952,4.127789497375488,4.126626968383789,2e-05,2.0873524834311556,0.03998878877609968,0.03901568287983537,0.0400162641890347,0.03995367884635925
1953,1953,4.125391006469727,4.129037857055664,2e-05,2.086817775503248,0.04007757920771837,0.039015738759189844,0.04002191266044974,0.039967624470591545
1954,1954,4.129469871520996,4.127579689025879,2e-05,2.085747968126787,0.04003085568547249,0.0390234412625432,0.040034609381109476,0.03998396173119545
1955,1955,4.126283645629883,4.132091522216797,2e-05,2.085049338540986,0.039961972273886204,0.03904686355963349,0.040066751185804605,0.04001307673752308
1956,1956,4.124984264373779,4.130119323730469,2e-05,2.0855115962240873,0.04014825262129307,0.03907559672370553,0.04007546976208687,0.040027680806815624
1957,1957,4.127211570739746,4.133677005767822,2e-05,2.085136180020577,0.03993083629757166,0.03908406803384423,0.040097728837281466,0.04005277156829834
1958,1958,4.1280293464660645,4.124339580535889,2e-05,2.084209875188799,0.04004789516329765,0.03908808110281825,0.040109782945364714,0.040068100206553936
1959,1959,4.129101753234863,4.13030481338501,2e-05,1.9461710693747358,0.04010412096977234,0.0391217446886003,0.04012636607512832,0.040087596513330936
1960,1960,4.128275394439697,4.129959583282471,2e-05,1.9635781717695793,0.04000372253358364,0.03914917120710015,0.04016020707786083,0.040120930410921574
1961,1961,4.126739978790283,4.127252578735352,2e-05,1.9786751304084642,0.04009096045047045,0.039183457382023335,0.04018688853830099,0.04014713317155838
1962,1962,4.126112937927246,4.127189636230469,2e-05,1.9911579647926732,0.04016599338501692,0.03915994940325618,0.04018942732363939,0.04015672765672207
1963,1963,4.126567840576172,4.125974178314209,2e-05,2.0011118400828107,0.04022748954594135,0.039236961398273706,0.04023028863593936,0.04019390419125557
1964,1964,4.126002311706543,4.128282070159912,2e-05,2.009074793533163,0.04022340476512909,0.03924641478806734,0.040244962088763714,0.04021273087710142
1965,1965,4.128035545349121,4.130402565002441,2e-05,2.0161547932837944,0.040191845037043095,0.03925562696531415,0.040271873120218515,0.04024024400860071
1966,1966,4.1266255378723145,4.1259331703186035,2e-05,2.025127889484783,0.04035708121955395,0.039291342720389366,0.04028637846931815,0.04025796242058277
1967,1967,4.125640392303467,4.1271209716796875,2e-05,2.0350077339762165,0.04015309829264879,0.03927752003073692,0.04028826719149947,0.040266198106110096
1968,1968,4.125698566436768,4.125624656677246,2e-05,2.042265666629715,0.04025678616017103,0.03930979408323765,0.04032289236783981,0.040301949717104435
1969,1969,4.126065731048584,4.129222869873047,2e-05,2.0463215123994174,0.04035136103630066,0.03932169219478965,0.04033469269052148,0.040317317470908165
1970,1970,4.125610828399658,4.129909515380859,2e-05,2.050489301059101,0.04006846621632576,0.03929707175120711,0.0403343653306365,0.040324656292796135
1971,1971,4.124903678894043,4.130519390106201,2e-05,2.0534897415141464,0.04035315942019224,0.03934247978031635,0.04036460258066654,0.04035456292331219
1972,1972,4.125757217407227,4.126757621765137,2e-05,2.056497664797885,0.040326169691979885,0.03939991816878319,0.040403411723673344,0.04038976784795523
1973,1973,4.126338005065918,4.128619194030762,2e-05,2.0589046983292567,0.04035016056150198,0.03942618193104863,0.040428739972412586,0.04041466861963272
1974,1974,4.126554012298584,4.12888240814209,2e-05,2.0609126485660023,0.04036946501582861,0.03945328434929252,0.04043083917349577,0.04042530432343483
1975,1975,4.124635696411133,4.125107765197754,2e-05,2.062843517491864,0.040467639453709126,0.03945229249075055,0.040457602590322495,0.04045272059738636
1976,1976,4.126358985900879,4.126079559326172,2e-05,2.0648589532455084,0.04043561313301325,0.03944892669096589,0.04046456329524517,0.0404640045017004
1977,1977,4.127386093139648,4.131071090698242,2e-05,2.0666033625306497,0.040517239831388,0.0394761492498219,0.040486541111022234,0.040487087331712246
1978,1978,4.126654624938965,4.130400657653809,2e-05,2.0676512147594512,0.040646884590387344,0.03954356908798218,0.040534444618970156,0.04053003620356321
1979,1979,4.130583763122559,4.128824234008789,2e-05,2.068838929253353,0.04039906710386276,0.039512892719358206,0.04052168969064951,0.04052833095192909
1980,1980,4.125511169433594,4.126344680786133,2e-05,2.069532488336682,0.040573044680058956,0.03956758230924606,0.040564472787082195,0.040567305870354176
1981,1981,4.123319625854492,4.12578010559082,2e-05,2.0712072147827647,0.04059233609586954,0.03957313811406493,0.040578754618763924,0.04058654699474573
1982,1982,4.12476921081543,4.134275436401367,2e-05,2.0711868010006134,0.04058460891246796,0.03957489365711808,0.04058864200487733,0.04060020763427019
1983,1983,4.127510070800781,4.130798816680908,2e-05,2.0721571213283956,0.04058570507913828,0.039630952291190624,0.040629387367516756,0.04063737206161022
1984,1984,4.129031181335449,4.126977443695068,2e-05,2.0730601419328014,0.040620362386107445,0.03963106498122215,0.04062957921996713,0.04064473137259483
1985,1985,4.12751579284668,4.127293586730957,2e-05,2.07413834969209,0.04050610866397619,0.03963103145360947,0.040650186128914356,0.04066768568009138
1986,1986,4.127041816711426,4.125798225402832,2e-05,2.074749124281425,0.040604217909276485,0.0397010394372046,0.04068158706650138,0.04069786053150892
1987,1987,4.125864505767822,4.1225385665893555,2e-05,2.075750396165702,0.04052779637277126,0.03968773642554879,0.040702632162719965,0.040721647441387177
1988,1988,4.124568462371826,4.128839015960693,2e-05,1.9383757773332653,0.04062788747251034,0.03970911167562008,0.04072152031585574,0.04074128624051809
1989,1989,4.125224590301514,4.129316806793213,2e-05,1.9537555194426268,0.04042786080390215,0.0397327640093863,0.040733222384005785,0.04075815808027983
1990,1990,4.126716613769531,4.123995780944824,2e-05,1.966786551205545,0.04064733814448118,0.03974616667255759,0.040745070204138756,0.040775129571557045
1991,1991,4.123854160308838,4.125998497009277,2e-05,1.9782935575935727,0.04069301579147577,0.039724485483020544,0.04075123881921172,0.04078655317425728
1992,1992,4.128116607666016,4.126525402069092,2e-05,1.988625069890351,0.04058948252350092,0.03978403238579631,0.04079192224889994,0.04082509595900774
1993,1993,4.126558780670166,4.125954627990723,2e-05,1.997953183809143,0.040727765299379826,0.03979219449684024,0.04081274615600705,0.040847442112863064
1994,1994,4.129629611968994,4.132569313049316,2e-05,2.005843841770168,0.04073470085859299,0.03984696418046951,0.040835905354470015,0.04087206535041332
1995,1995,4.122015476226807,4.126471042633057,2e-05,2.013546834035797,0.040724970400333405,0.039845725521445274,0.040851029101759195,0.04089096747338772
1996,1996,4.123057842254639,4.1273651123046875,2e-05,2.0195455140456766,0.040690469555556774,0.03987474041059613,0.04086771793663502,0.04091035109013319
1997,1997,4.130080699920654,4.129019260406494,2e-05,2.0256428096265107,0.040832508355379105,0.039898327086120844,0.040891798213124275,0.040937081910669804
1998,1998,4.127211093902588,4.1252312660217285,2e-05,2.0303728723934764,0.04091184865683317,0.03991982061415911,0.04091533925384283,0.040959713980555534
1999,1999,4.127878189086914,4.130248069763184,2e-05,2.035603106976441,0.04090713057667017,0.039917994290590286,0.04092382313683629,0.04097461700439453
2000,2000,4.128848552703857,4.128289699554443,2e-05,2.0401937486074013,0.04095469415187836,0.039968100376427174,0.04095841571688652,0.04100619908422232
2001,2001,4.130626678466797,4.126351356506348,2e-05,2.044561080101652,0.040862204506993294,0.03997205849736929,0.04096319805830717,0.04101824015378952
2002,2002,4.126190662384033,4.126480579376221,2e-05,2.0483327960266027,0.040884001180529594,0.040004918817430735,0.04099854826927185,0.041051738895475864
2003,2003,4.126339912414551,4.126610279083252,2e-05,2.0512595517138217,0.040930354967713356,0.04003699542954564,0.041016521863639355,0.04107228573411703
2004,2004,4.122398853302002,4.123836517333984,2e-05,2.054671963547994,0.041028937324881554,0.040018764324486256,0.04103362141177058,0.041093471460044384
2005,2005,4.123625755310059,4.134761333465576,2e-05,2.061566434717677,0.04101188387721777,0.0400660689920187,0.04105753358453512,0.0411169808357954
2006,2006,4.126843452453613,4.125856399536133,2e-05,2.0665656892482236,0.04087228421121836,0.04010231513530016,0.04107687482610345,0.041138249449431896
2007,2007,4.126848220825195,4.126443386077881,2e-05,2.069166516273712,0.04100110288709402,0.040109950583428144,0.04109505843371153,0.041160344146192074
2008,2008,4.127906322479248,4.132742404937744,2e-05,2.0705595820622906,0.040959011763334274,0.04014274198561907,0.04111675452440977,0.04118218272924423
2009,2009,4.1259050369262695,4.133204460144043,2e-05,2.072114169274057,0.04087597131729126,0.04013732774183154,0.041131509467959404,0.04120230954140425
2010,2010,4.122117519378662,4.127716064453125,2e-05,2.0728976564810897,0.04108946584165096,0.04014734923839569,0.04114839341491461,0.041222427040338516
2011,2011,4.125622749328613,4.126126766204834,2e-05,2.0734346243494732,0.04095836542546749,0.04017616668716073,0.04117287369444966,0.04124787636101246
2012,2012,4.12360954284668,4.1294684410095215,2e-05,2.073503578628906,0.04107465036213398,0.040227529127150774,0.0412012985907495,0.04127609170973301
2013,2013,4.120586395263672,4.124397277832031,2e-05,2.074408335372682,0.04116682056337595,0.04024014715105295,0.04122115345671773,0.04129710886627436
2014,2014,4.126027584075928,4.12860107421875,2e-05,2.075160602531472,0.04098990838974714,0.04024931229650974,0.0412346962839365,0.041315117850899696
2015,2015,4.126852035522461,4.1250810623168945,2e-05,2.0756048008053454,0.04117594566196203,0.040280499029904604,0.0412615854293108,0.04134312737733126
2016,2016,4.123826026916504,4.128262519836426,2e-05,2.076373900807499,0.04105387628078461,0.040278350468724966,0.04126841388642788,0.04135606158524752
2017,2017,4.125339031219482,4.125513553619385,2e-05,2.0762868493711424,0.041204653680324554,0.040275310166180134,0.041279441211372614,0.041372220031917095
2018,2018,4.128934383392334,4.128379821777344,2e-05,2.0767868098292666,0.04110107943415642,0.04032560810446739,0.041307305451482534,0.04139958135783672
2019,2019,4.125792980194092,4.126806735992432,2e-05,2.076749695157461,0.04125965107232332,0.04036740306764841,0.041343312710523605,0.04143333714455366
2020,2020,4.132765769958496,4.12797212600708,2e-05,2.0777151526060544,0.04132364131510258,0.04037603782489896,0.041358526796102524,0.041451686061918736
2021,2021,4.120856285095215,4.127386569976807,2e-05,2.0776913258096736,0.041352503933012486,0.04037071345373988,0.041359263472259045,0.04146336670964956
2022,2022,4.128113269805908,4.1283464431762695,2e-05,2.0779146222940774,0.04113666154444218,0.04038964956998825,0.04138686787337065,0.04148890916258097
2023,2023,4.127803802490234,4.123047828674316,2e-05,2.078011689393835,0.04139108769595623,0.04045045003294945,0.04142412403598428,0.041522255167365074
2024,2024,4.126857280731201,4.124363422393799,2e-05,2.0782722737272055,0.041275338269770145,0.040476815309375525,0.04144292417913675,0.0415439959615469
2025,2025,4.125536918640137,4.125810623168945,2e-05,2.0780151031067446,0.04130897670984268,0.04045215854421258,0.041446443647146225,0.04155530966818333
2026,2026,4.123443603515625,4.132082939147949,2e-05,2.0781392172555533,0.041311430744826794,0.040497204288840294,0.04147722665220499,0.0415847385302186
2027,2027,4.123052597045898,4.123997688293457,2e-05,2.07840191000272,0.04153530951589346,0.0405131159350276,0.04148823348805308,0.041600994765758514
2028,2028,4.125888824462891,4.127138137817383,2e-05,2.0788540596916874,0.041359697468578815,0.04048118740320206,0.04149364260956645,0.041613366454839706
2029,2029,4.126992225646973,4.127763748168945,2e-05,2.07893386091537,0.04127650987356901,0.04057043883949518,0.04154133703559637,0.04165473394095898
2030,2030,4.1243391036987305,4.124791622161865,2e-05,2.0790304288790415,0.04144504386931658,0.04058620147407055,0.04156135208904743,0.0416781036183238
2031,2031,4.122457027435303,4.126255035400391,2e-05,2.0787566195529914,0.04144237004220486,0.040590569376945496,0.04157192911952734,0.04169417265802622
2032,2032,4.123960018157959,4.128308296203613,2e-05,2.0791757804989666,0.041544221341609955,0.04062208440154791,0.04159516468644142,0.04171711765229702
2033,2033,4.1281538009643555,4.126121520996094,2e-05,2.0792036163915784,0.0414537014439702,0.040631807409226894,0.04161275178194046,0.04173957370221615
2034,2034,4.124220371246338,4.127127647399902,2e-05,2.079377209975202,0.04134666174650192,0.040645303670316935,0.04162614606320858,0.041756014339625835
2035,2035,4.127869606018066,4.122514724731445,2e-05,2.0794467693410943,0.04140870086848736,0.040678699035197496,0.04166408395394683,0.041790527291595936
2036,2036,4.131655693054199,4.123275279998779,2e-05,1.9416881368701855,0.041455432772636414,0.040700748562812805,0.04167811153456569,0.041809067130088806
2037,2037,4.129326820373535,4.128534317016602,2e-05,1.9570752676128753,0.04145810566842556,0.04069410730153322,0.041681366972625256,0.041820102371275425
2038,2038,4.1244096755981445,4.128321647644043,2e-05,1.9701103277211696,0.0414468664675951,0.04069850826635957,0.0416919132694602,0.041835169307887554
2039,2039,4.121573448181152,4.123989105224609,2e-05,1.9812279403442914,0.04166293237358332,0.04074753262102604,0.04172966908663511,0.041870955377817154
2040,2040,4.122961044311523,4.131709098815918,2e-05,1.9914769471388447,0.0414483891800046,0.04073769459500909,0.04173629032447934,0.04188352171331644
2041,2041,4.124055862426758,4.128659248352051,2e-05,2.000445507145242,0.041567583568394184,0.04078654432669282,0.04177197115495801,0.04191686399281025
2042,2042,4.124626159667969,4.124117851257324,2e-05,2.0081190184999245,0.04165612626820803,0.040819001384079456,0.04179609380662441,0.04194140899926424
2043,2043,4.124575614929199,4.125057220458984,2e-05,2.01520059123171,0.04186047241091728,0.040858108550310135,0.0418247994966805,0.04197024181485176
2044,2044,4.126282691955566,4.125482559204102,2e-05,2.021250588860799,0.041630818508565426,0.04089351138100028,0.04184766858816147,0.04199503734707832
2045,2045,4.123196601867676,4.129173755645752,2e-05,2.0269003833927393,0.041739434003829956,0.04087733756750822,0.041851285845041275,0.04200516361743212
2046,2046,4.125160217285156,4.124490261077881,2e-05,2.031802589155909,0.041574325412511826,0.04085815418511629,0.041854753624647856,0.042015744373202324
2047,2047,4.123170852661133,4.123771667480469,2e-05,2.0364021235041205,0.041819664649665356,0.04094677232205868,0.04190778732299805,0.042060500010848045
2048,2048,4.124534606933594,4.129003524780273,2e-05,2.0413226730105647,0.04169363435357809,0.040949670132249594,0.04191969195380807,0.042076947167515755
2049,2049,4.124988555908203,4.123660564422607,2e-05,2.04560692951488,0.04165261331945658,0.040968591812998056,0.04193733213469386,0.042097920551896095
2050,2050,4.122913360595703,4.13181209564209,2e-05,2.049212062837569,0.04187625367194414,0.040990585926920176,0.041968986857682467,0.04212717432528734
2051,2051,4.125863552093506,4.126142501831055,2e-05,2.052612987692598,0.04169466346502304,0.04099564580246806,0.041970060672611,0.04213676229119301
2052,2052,4.120133399963379,4.133645057678223,2e-05,2.0549537955929056,0.04186532739549875,0.04104545619338751,0.042002417612820864,0.04216760117560625
2053,2053,4.125535011291504,4.125861167907715,2e-05,2.057483025592159,0.04177761543542147,0.04106312291696668,0.042016122955828905,0.04218573123216629
2054,2054,4.124648094177246,4.127714157104492,2e-05,2.0599972817915972,0.041899233125150204,0.04103893041610718,0.04202319076284766,0.042199806310236454
2055,2055,4.1263275146484375,4.131111145019531,2e-05,2.0620097848798427,0.04173173662275076,0.04111012350767851,0.04206201108172536,0.04223324730992317
2056,2056,4.125599384307861,4.13070011138916,2e-05,2.0636651973128557,0.04181767348200083,0.041123604867607355,0.04207168100401759,0.042249941267073154
2057,2057,4.1210737228393555,4.126163482666016,2e-05,2.0654074986050084,0.04188916366547346,0.0411322214640677,0.04209096962586045,0.04227107856422663
2058,2058,4.123935222625732,4.127987861633301,2e-05,2.0668888825269693,0.04195014853030443,0.041134452912956476,0.04209884162992239,0.042287456803023815
2059,2059,4.1217942237854,4.122408866882324,2e-05,2.068090996200335,0.041872124187648296,0.041166823357343674,0.042131660506129265,0.04231706075370312
2060,2060,4.127396583557129,4.127529621124268,2e-05,1.9314470917508586,0.04193319100886583,0.04121146583929658,0.04216345213353634,0.042347103357315063
2061,2061,4.125297546386719,4.125885963439941,2e-05,1.9474521087838779,0.04181255679577589,0.04116520704701543,0.04215169930830598,0.0423482796177268
2062,2062,4.125982761383057,4.125510215759277,2e-05,1.9613871802505223,0.04197066742926836,0.041193146258592606,0.0421698996797204,0.042371020652353764
2063,2063,4.124891757965088,4.125927925109863,2e-05,1.974170694169932,0.04199329111725092,0.04119342379271984,0.04219025233760476,0.04239308089017868
2064,2064,4.122902870178223,4.12616491317749,2e-05,1.985823296522344,0.04193500429391861,0.04124331707134843,0.042217173147946596,0.04241965152323246
2065,2065,4.125298500061035,4.12721061706543,2e-05,1.9996852302421857,0.0419168071821332,0.04130454082041979,0.04226854629814625,0.04246252775192261
2066,2066,4.1278862953186035,4.125752925872803,2e-05,2.009506564735582,0.042061165906488895,0.0412741219624877,0.042259241454303265,0.04246661439538002
2067,2067,4.124499797821045,4.1229705810546875,2e-05,2.0169078383729713,0.04208415746688843,0.041333808563649654,0.042299422435462475,0.0425011720508337
2068,2068,4.122766017913818,4.123230934143066,2e-05,2.0257675787654827,0.04198393318802118,0.041305901017040014,0.04230197053402662,0.04251211974769831
2069,2069,4.125977516174316,4.126209259033203,2e-05,2.0392031270945994,0.04210960306227207,0.04135855007916689,0.04233011417090893,0.04254135861992836
2070,2070,4.122103691101074,4.127319812774658,2e-05,2.0441201754171785,0.04209461808204651,0.041387165896594524,0.04233983904123306,0.04255682323127985
2071,2071,4.12310791015625,4.125437259674072,2e-05,2.047973198136376,0.04207571502774954,0.041375667322427034,0.042365357745438814,0.04258060734719038
2072,2072,4.122634410858154,4.123319149017334,2e-05,2.0513888194515166,0.0421559140086174,0.041404040064662695,0.04237246047705412,0.042597043327987194
2073,2073,4.125265121459961,4.1301093101501465,2e-05,2.0542596932923143,0.042130294255912304,0.041455392725765705,0.04241261538118124,0.04263200145214796
2074,2074,4.126759052276611,4.131316184997559,2e-05,2.057061547898199,0.04217692371457815,0.04144656518474221,0.04242643713951111,0.04265157785266638
2075,2075,4.122163772583008,4.124968528747559,2e-05,2.059555933523587,0.04208026733249426,0.04147648485377431,0.04244279395788908,0.04267125390470028
2076,2076,4.120335578918457,4.125514984130859,2e-05,2.06165218715663,0.04228710196912289,0.041504650842398405,0.04245982505381107,0.04269311111420393
2077,2077,4.124190330505371,4.127609729766846,2e-05,2.062889540602789,0.04221750609576702,0.04150161473080516,0.04247304750606418,0.04271054081618786
2078,2078,4.124528884887695,4.122823715209961,2e-05,2.06642066443718,0.04233878571540117,0.041549647226929665,0.04249259922653437,0.04273262433707714
2079,2079,4.127104759216309,4.128415107727051,2e-05,2.0660041368218347,0.042336453683674335,0.04157884372398257,0.042528836987912655,0.0427664564922452
2080,2080,4.123755931854248,4.1261444091796875,2e-05,2.0671291910154066,0.042415864765644073,0.04158659791573882,0.04253907036036253,0.0427820086479187
2081,2081,4.1257710456848145,4.1256256103515625,2e-05,2.0683715820105637,0.04239403083920479,0.04160678805783391,0.042570332530885935,0.04281133320182562
2082,2082,4.125689506530762,4.123735427856445,2e-05,2.0693908147305042,0.04241961985826492,0.04160458780825138,0.042558365035802126,0.04281252529472113
2083,2083,4.121045112609863,4.125864028930664,2e-05,2.0718344660605585,0.0423071039840579,0.04164909943938255,0.04260508297011256,0.04285375960171223
2084,2084,4.123782634735107,4.125052452087402,2e-05,2.071699809050892,0.0425166143104434,0.04163443949073553,0.04261073982343078,0.04286732245236635
2085,2085,4.122541427612305,4.128332138061523,2e-05,2.072336794760604,0.04233838152140379,0.041681590024381876,0.04264546185731888,0.04289780370891094
2086,2086,4.125682830810547,4.125542640686035,2e-05,2.073263983340679,0.042370544746518135,0.041705950163304806,0.04266137210652232,0.04291845392435789
2087,2087,4.125555038452148,4.125207424163818,2e-05,2.0734411081556665,0.042380768805742264,0.04172255238518119,0.042678420431911945,0.042938374914228916
2088,2088,4.125527858734131,4.1249518394470215,2e-05,2.0751766725627405,0.04251433163881302,0.04173448635265231,0.04269273765385151,0.04295788239687681
2089,2089,4.126236438751221,4.125231742858887,2e-05,2.0744628218321894,0.04256700072437525,0.04173932084813714,0.04271479556336999,0.04298220109194517
2090,2090,4.122042179107666,4.122636795043945,2e-05,2.0755350041571967,0.042397696524858475,0.0417877696454525,0.04272645153105259,0.04299928341060877
2091,2091,4.125347137451172,4.121847629547119,2e-05,2.0759046547804183,0.04243864584714174,0.04176560277119279,0.04273914126679301,0.043017882853746414
2092,2092,4.122236251831055,4.126476764678955,2e-05,1.9302059486909873,0.04253671783953905,0.04182498482987285,0.042773911729454994,0.04304943513125181
2093,2093,4.126053810119629,4.126145362854004,2e-05,1.9465781200597296,0.04277691803872585,0.04183191945776343,0.04279123153537512,0.04306991305202246
2094,2094,4.130303382873535,4.126452922821045,2e-05,1.9602722381647046,0.04259699769318104,0.04183815000578761,0.04280610289424658,0.04309010226279497
2095,2095,4.128196716308594,4.129172325134277,2e-05,1.972262196755317,0.04243835248053074,0.041882775258272886,0.04283882211893797,0.04311928153038025
2096,2096,4.12346076965332,4.1290974617004395,2e-05,1.9834226834347761,0.04244003165513277,0.04184094024822116,0.04283083137124777,0.04312360566109419
2097,2097,4.120028495788574,4.122014999389648,2e-05,1.9936237583148357,0.04255283065140247,0.04193174792453647,0.04287493275478482,0.04316262528300285
2098,2098,4.120510101318359,4.126772880554199,2e-05,2.0019424234393366,0.04266114253550768,0.04195098113268614,0.04289158992469311,0.04318316001445055
2099,2099,4.127193927764893,4.1231184005737305,2e-05,2.009718337189609,0.04260443150997162,0.04193837521597743,0.042901781387627125,0.04319899529218674
2100,2100,4.127686977386475,4.1265106201171875,2e-05,2.0164991304890303,0.042686015367507935,0.04201143840327859,0.04294306552037597,0.043236348778009415
2101,2101,4.12215518951416,4.128023147583008,2e-05,2.0230820027835024,0.042504739947617054,0.04199153231456876,0.04294114513322711,0.04324386082589626
2102,2102,4.123134613037109,4.126648426055908,2e-05,2.0282280689962096,0.04284404031932354,0.04203624092042446,0.042979623191058636,0.043278646655380726
2103,2103,4.124326705932617,4.124685764312744,2e-05,2.033548778249462,0.042749748565256596,0.04201179416850209,0.042979772202670574,0.043288000859320164
2104,2104,4.123211860656738,4.1246657371521,2e-05,2.0376974235735714,0.042639157734811306,0.04202846856787801,0.043001651763916016,0.04331116937100887
2105,2105,4.123430252075195,4.125303268432617,2e-05,2.0409911876540567,0.04276835732161999,0.042074134573340416,0.04301988845691085,0.04333345498889685
2106,2106,4.12534236907959,4.122320175170898,2e-05,2.0451149316519257,0.042765481397509575,0.042091543320566416,0.043051415123045444,0.04336264356970787
2107,2107,4.121321201324463,4.123617172241211,2e-05,2.047969101898022,0.042743632569909096,0.04213916603475809,0.043078656774014235,0.0433907900005579
2108,2108,4.124112129211426,4.131169319152832,2e-05,2.0509248187266023,0.042846220545470715,0.04210485238581896,0.04308601329103112,0.04340442642569542
2109,2109,4.1212921142578125,4.124249458312988,2e-05,2.0545499974497763,0.04293482005596161,0.04217480542138219,0.0431143743917346,0.04343409277498722
2110,2110,4.121891021728516,4.129050254821777,2e-05,2.0555617018041357,0.04278065264225006,0.04218295868486166,0.043129535391926765,0.043452621437609196
2111,2111,4.12391471862793,4.128539562225342,2e-05,2.058280498485064,0.042949168011546135,0.04218873754143715,0.04314384562894702,0.043471770361065865
2112,2112,4.125454425811768,4.123952865600586,2e-05,2.0599165645883386,0.04277533479034901,0.04223565710708499,0.043175964150577784,0.04350009188055992
2113,2113,4.1209821701049805,4.127507209777832,2e-05,2.0621676169987198,0.04285524785518646,0.042253018356859684,0.04318365454673767,0.0435164961963892
2114,2114,4.1243181228637695,4.121312141418457,2e-05,2.063814661893576,0.04306428786367178,0.04225196596235037,0.04320596577599645,0.043540759943425655
2115,2115,4.121371269226074,4.124358654022217,2e-05,1.9211207265168624,0.0429256297647953,0.042260775808244944,0.04323021601885557,0.04356618970632553
2116,2116,4.124365329742432,4.127215385437012,2e-05,1.9385545492164709,0.04296640492975712,0.04226913722231984,0.04323305282741785,0.043577056378126144
2117,2117,4.122710227966309,4.120796203613281,2e-05,1.9550696954663518,0.04306876193732023,0.042296262457966805,0.04325960297137499,0.04360534809529781
2118,2118,4.121242046356201,4.123666286468506,2e-05,1.8225647904503872,0.04286044929176569,0.04232085216790438,0.04327832954004407,0.043624140322208405
2119,2119,4.1199116706848145,4.1270880699157715,2e-05,1.8486602415162965,0.043065931648015976,0.04235357930883765,0.04330642009153962,0.04365460015833378
2120,2120,4.121355056762695,4.12589168548584,2e-05,1.8723599565083644,0.043027021922171116,0.042393720243126154,0.04332355596125126,0.0436733802780509
2121,2121,4.121167182922363,4.12155818939209,2e-05,1.8955502799480792,0.04297310393303633,0.042381913866847754,0.043339668307453394,0.04369577765464783
2122,2122,4.121868133544922,4.1224565505981445,2e-05,1.913039136400714,0.043013375252485275,0.0424110246822238,0.0433608703315258,0.0437181880697608
2123,2123,4.122204780578613,4.124959945678711,2e-05,1.9289484692626528,0.043026404455304146,0.04244157858192921,0.04337874660268426,0.043739648535847664
2124,2124,4.123720645904541,4.126896858215332,2e-05,1.9437346632923718,0.04313251283019781,0.042493405751883984,0.04341220110654831,0.04377081152051687
2125,2125,4.122454643249512,4.121823787689209,2e-05,1.9575344610072678,0.043102361261844635,0.04245859291404486,0.043411774560809135,0.043781167827546597
2126,2126,4.119673728942871,4.122562408447266,2e-05,1.9713419842369035,0.04320691432803869,0.042526600882411,0.04345650598406792,0.043818420730531216
2127,2127,4.121820449829102,4.125456809997559,2e-05,1.9818148241177738,0.0432914849370718,0.042516428511589766,0.04346368741244078,0.04383327346295118
2128,2128,4.125027656555176,4.122185230255127,2e-05,1.990822025816586,0.04314881656318903,0.04253279184922576,0.0434831865131855,0.043855343014001846
2129,2129,4.120652198791504,4.122830390930176,2e-05,1.999517146546478,0.043187012895941734,0.042532273568212986,0.04349163640290499,0.04387178085744381
2130,2130,4.119173049926758,4.127289295196533,2e-05,2.007486109569075,0.0431534368544817,0.042610037606209517,0.04353369725868106,0.0439086239784956
2131,2131,4.123927116394043,4.12357234954834,2e-05,2.0166482898997873,0.04338675830513239,0.042564623057842255,0.043524330016225576,0.043910873122513294
2132,2132,4.12241792678833,4.124674320220947,2e-05,2.0216527891778053,0.04330080095678568,0.04263151437044144,0.04356365790590644,0.04394606966525316
2133,2133,4.122190475463867,4.124845027923584,2e-05,2.027232729535217,0.04328417219221592,0.0426609655842185,0.04359223786741495,0.043973580934107304
2134,2134,4.122734069824219,4.125965118408203,2e-05,2.0314699890420296,0.0432688370347023,0.042668601498007774,0.043605095241218805,0.043992421589791775
2135,2135,4.122997760772705,4.127858638763428,2e-05,2.0364342890012064,0.04318924713879824,0.04265631036832929,0.04360102117061615,0.04399853851646185
2136,2136,4.122245788574219,4.120326042175293,2e-05,2.041563366359149,0.043307711370289326,0.04269649926573038,0.043629936408251524,0.044028046540915966
2137,2137,4.12287712097168,4.124741077423096,2e-05,1.900411592335203,0.04321205522865057,0.042692527174949646,0.04363852273672819,0.044044616632163525
2138,2138,4.1205153465271,4.1229119300842285,2e-05,1.9207764877162044,0.04339359421283007,0.04275868600234389,0.04369237832725048,0.04408722650259733
2139,2139,4.119600296020508,4.123651504516602,2e-05,1.9401305941241258,0.04350944422185421,0.042775590904057026,0.043706763070076704,0.044106826186180115
2140,2140,4.124626636505127,4.124441623687744,2e-05,1.9564299168717387,0.04344864748418331,0.042802301701158285,0.043728092685341835,0.044129383750259876
2141,2141,4.118230819702148,4.121809005737305,2e-05,1.9662947529715373,0.0433433698490262,0.042802063282579184,0.04373460682108998,0.04414300061762333
2142,2142,4.1251678466796875,4.120932579040527,2e-05,1.9788325239639046,0.043344524689018726,0.04281567130237818,0.04374668933451176,0.044160413555800915
2143,2143,4.122817039489746,4.125606536865234,2e-05,1.989405565249461,0.04347913898527622,0.04288686532527208,0.04379184264689684,0.044199878349900246
2144,2144,4.124617576599121,4.124608993530273,2e-05,1.996695414002585,0.043434908613562584,0.042855359613895416,0.04380320431664586,0.04421516973525286
2145,2145,4.123257637023926,4.127054214477539,2e-05,2.0056936985053104,0.04333322495222092,0.04287518234923482,0.04381485469639301,0.044233561493456364
2146,2146,4.129706382751465,4.130092620849609,2e-05,2.012622925085493,0.04344548471271992,0.0428899466060102,0.04382702335715294,0.04425175953656435
2147,2147,4.125946998596191,4.120599746704102,2e-05,2.0181546622367708,0.043550713919103146,0.042937553487718105,0.043859390541911125,0.04428202752023935
2148,2148,4.1209797859191895,4.1235761642456055,2e-05,2.0245471766791834,0.0434899115934968,0.042986808344721794,0.043889349326491356,0.044310049153864384
2149,2149,4.119208335876465,4.127574443817139,2e-05,2.027982766558766,0.04350604768842459,0.04294005688279867,0.04388843709602952,0.04431936610490084
2150,2150,4.123093605041504,4.125247001647949,2e-05,2.0316829040720865,0.0435729306191206,0.04297016141936183,0.04391417559236288,0.04434636328369379
2151,2151,4.120767593383789,4.125360488891602,2e-05,2.035954107718255,0.04363788291811943,0.04297915333881974,0.04394160397350788,0.04437373857945204
2152,2152,4.121816635131836,4.122509956359863,2e-05,2.0414733917952366,0.0435493178665638,0.043038150295615196,0.0439714128151536,0.044402915984392166
2153,2153,4.119412899017334,4.122268199920654,2e-05,2.046418233501154,0.043507594615221024,0.04307037638500333,0.04398083779960871,0.044418144039809704
2154,2154,4.128129959106445,4.122903347015381,2e-05,2.0488350107426103,0.04366224445402622,0.04308466613292694,0.04400191456079483,0.04444344900548458
2155,2155,4.124638557434082,4.124540328979492,2e-05,2.052373003878401,0.043667783960700035,0.043078115209937096,0.04401130089536309,0.044458321295678616
2156,2156,4.122719764709473,4.124228477478027,2e-05,2.056558575802961,0.04363843705505133,0.043094546999782324,0.04402451356872916,0.0444769449532032
2157,2157,4.122957229614258,4.121012210845947,2e-05,2.0603105364157157,0.043794333934783936,0.043132363352924585,0.04405153216794133,0.04450336657464504
2158,2158,4.118755340576172,4.121380805969238,2e-05,2.0622917140415495,0.043698335997760296,0.0431346227414906,0.044066596776247025,0.04452340863645077
2159,2159,4.1265435218811035,4.127801418304443,2e-05,2.0633839328843173,0.043821750208735466,0.04319379758089781,0.044113121926784515,0.04456268437206745
2160,2160,4.120060443878174,4.122279167175293,2e-05,2.0653080983545395,0.04377701319754124,0.043186827562749386,0.04411705397069454,0.044575149193406105
2161,2161,4.124181270599365,4.121365547180176,2e-05,2.0669406356547166,0.04372933320701122,0.043213825672864914,0.044136883690953255,0.044596465304493904
2162,2162,4.121378421783447,4.124773025512695,2e-05,2.067846213029177,0.0437712874263525,0.04321022843942046,0.04414359899237752,0.044611467979848385
2163,2163,4.122526168823242,4.126781940460205,2e-05,2.0694706603690975,0.04377119988203049,0.043263854924589396,0.04417983116582036,0.04464421793818474
2164,2164,4.121258735656738,4.122931003570557,2e-05,2.065214548815774,0.04380373191088438,0.04325517360121012,0.04419700801372528,0.04466513451188803
2165,2165,4.12100887298584,4.1251373291015625,2e-05,2.063933066327578,0.04391313996165991,0.043260214384645224,0.044208453968167305,0.04468287993222475
2166,2166,4.119903564453125,4.124067306518555,2e-05,2.06465479155729,0.04374643228948116,0.043208148796111345,0.0441941381432116,0.044683816842734814
2167,2167,4.1213507652282715,4.119600296020508,2e-05,2.0662807901973794,0.04403844382613897,0.043352486565709114,0.04425831325352192,0.044732908718287945
2168,2168,4.121519088745117,4.123447418212891,2e-05,1.9224372962223533,0.04385036136955023,0.043351353611797094,0.044277130626142025,0.04475443623960018
2169,2169,4.123337745666504,4.126387596130371,2e-05,1.9378006049046788,0.04391548875719309,0.04338073404505849,0.04428805783390999,0.04477239120751619
2170,2170,4.125693321228027,4.1232686042785645,2e-05,1.9528229786387665,0.044010440818965435,0.043373299296945333,0.0443041967228055,0.04479177948087454
2171,2171,4.120265007019043,4.126346588134766,2e-05,1.9661263314418296,0.04397524427622557,0.04341034824028611,0.044332746881991625,0.0448188791051507
2172,2172,4.1218719482421875,4.123172760009766,2e-05,1.9780446014214919,0.04398137517273426,0.043417935725301504,0.04434189712628722,0.044834936037659645
2173,2173,4.120316028594971,4.1201934814453125,2e-05,1.9881014759240354,0.04407232627272606,0.04346588533371687,0.044373848009854555,0.044865451753139496
2174,2174,4.1224446296691895,4.123310565948486,2e-05,1.99808877396592,0.04387419577687979,0.04343375703319907,0.04437029268592596,0.044873627834022045
2175,2175,4.123347282409668,4.129831314086914,2e-05,2.0059831486095114,0.04386711027473211,0.04348101420328021,0.04440692067146301,0.04490574821829796
2176,2176,4.117706298828125,4.1206865310668945,2e-05,2.0131448690384395,0.04401958081871271,0.04349887417629361,0.044419747311621904,0.04492292180657387
2177,2177,4.12217378616333,4.128905296325684,2e-05,2.0202543616358897,0.0439687380567193,0.043518470134586096,0.044434575363993645,0.04494213405996561
2178,2178,4.1244354248046875,4.122334957122803,2e-05,2.026538642888251,0.04406499397009611,0.04352334886789322,0.04445894435048103,0.04496752377599478
2179,2179,4.120631694793701,4.12433385848999,2e-05,2.030806109812949,0.04418417252600193,0.043583006132394075,0.04448361694812775,0.044993238523602486
2180,2180,4.120559215545654,4.123046398162842,2e-05,2.0373618706000984,0.04394061863422394,0.04356708191335201,0.044501783326268196,0.04501610342413187
2181,2181,4.123414993286133,4.1235504150390625,2e-05,2.0424480745096893,0.044042954221367836,0.04362153960391879,0.0445231175981462,0.0450393995270133
2182,2182,4.120445728302002,4.120719909667969,2e-05,2.046704319997819,0.044081506319344044,0.0436536381021142,0.04456485062837601,0.045075880363583565
2183,2183,4.124995231628418,4.125377655029297,2e-05,2.0507814608368267,0.04412154387682676,0.043668333906680346,0.044577894266694784,0.04509211145341396
2184,2184,4.119358062744141,4.135380744934082,2e-05,2.0540279288140435,0.04429744463413954,0.043643539771437645,0.04457863559946418,0.045104045420885086
2185,2185,4.120660781860352,4.126895427703857,2e-05,2.0569149944690035,0.04406670108437538,0.04366308404132724,0.044579620473086834,0.04511493258178234
2186,2186,4.121430397033691,4.125552177429199,2e-05,2.05919117663619,0.044186271727085114,0.04370648367330432,0.04461626708507538,0.04514783434569836
2187,2187,4.12003231048584,4.120694160461426,2e-05,2.064463675624185,0.04427044838666916,0.04373258864507079,0.04464347707107663,0.04517539031803608
2188,2188,4.12043571472168,4.127049446105957,2e-05,2.06967436923731,0.04434579145163298,0.043775581289082766,0.044667274691164494,0.04520084150135517
2189,2189,4.120221138000488,4.122749328613281,2e-05,2.0734148243601305,0.04439008515328169,0.04373753257095814,0.04467758350074291,0.04521814454346895
2190,2190,4.12150764465332,4.120306491851807,2e-05,2.074888248667293,0.04407555237412453,0.04378672502934933,0.04470162745565176,0.045242609456181526
2191,2191,4.118192672729492,4.134974956512451,2e-05,2.0756942467018384,0.044362970627844334,0.04382863221690059,0.04472217196598649,0.04526572488248348
2192,2192,4.119838237762451,4.121594429016113,2e-05,2.076561228878281,0.04440588876605034,0.04380054259672761,0.04472492029890418,0.04527844022959471
2193,2193,4.120669841766357,4.122321128845215,2e-05,2.077098206686511,0.044219919480383396,0.04384554037824273,0.04476348822936416,0.0453123738989234
2194,2194,4.119305610656738,4.12404203414917,2e-05,2.077170649292637,0.04439384117722511,0.043866826221346855,0.04478099150583148,0.04533487744629383
2195,2195,4.119390487670898,4.120705604553223,2e-05,2.0774955260046983,0.04438573680818081,0.043889442924410105,0.04479693900793791,0.04535509832203388
2196,2196,4.120944499969482,4.120932579040527,2e-05,2.077580120478397,0.04445742163807154,0.043921636417508125,0.044823589734733105,0.04538201633840799
2197,2197,4.122103691101074,4.127123832702637,2e-05,2.0778863384225525,0.04435116332024336,0.043928062077611685,0.04483532486483455,0.04539993219077587
2198,2198,4.122992515563965,4.119797229766846,2e-05,2.0782040478227968,0.04445420578122139,0.043954238295555115,0.04484745627269149,0.04541681054979563
2199,2199,4.120033264160156,4.11911678314209,2e-05,2.0782548658381335,0.04432693496346474,0.043959786649793386,0.04487785417586565,0.045445797964930534
2200,2200,4.12266731262207,4.122757434844971,2e-05,1.9330782671238582,0.044437116011977196,0.043981305323541164,0.04489268455654383,0.045467033982276917
2201,2201,4.121034145355225,4.122000694274902,2e-05,1.9494244138903924,0.044439004734158516,0.04400732694193721,0.04491473035886884,0.045491782017052174
2202,2202,4.11898136138916,4.123130798339844,2e-05,1.96391990109771,0.04457208327949047,0.04402522835880518,0.044931667391210794,0.04551297053694725
2203,2203,4.120951175689697,4.12445068359375,2e-05,1.9763752532540764,0.044558873400092125,0.04407638683915138,0.044955769553780556,0.045537739992141724
2204,2204,4.122118949890137,4.12095832824707,2e-05,1.9887241736498245,0.04452752787619829,0.044113019946962595,0.04499226901680231,0.04557122942060232
2205,2205,4.122305870056152,4.121905326843262,2e-05,2.001503691537104,0.04457373730838299,0.044049890246242285,0.04498551320284605,0.04557743761688471
2206,2206,4.118705749511719,4.123308181762695,2e-05,2.0146114789326983,0.044747401028871536,0.04409640608355403,0.045007869601249695,0.04560284782201052
2207,2207,4.1222662925720215,4.1199798583984375,2e-05,2.0261486099896917,0.0446967426687479,0.044130963273346424,0.045032684691250324,0.04562826920300722
2208,2208,4.122593402862549,4.12588357925415,2e-05,2.034664141068434,0.04462941084057093,0.04416214954108,0.04506720555946231,0.045659310184419155
2209,2209,4.120704650878906,4.1242451667785645,2e-05,2.040450112558832,0.04466740973293781,0.04419272253289819,0.04508184548467398,0.045679730363190174
2210,2210,4.117823600769043,4.1239013671875,2e-05,2.044137975513352,0.0446044635027647,0.044198017567396164,0.04509685514494777,0.04569826181977987
2211,2211,4.121889591217041,4.120287895202637,2e-05,2.0497812837057685,0.04464216437190771,0.04417695803567767,0.04509175382554531,0.04570867121219635
2212,2212,4.120507717132568,4.124577045440674,2e-05,2.0562835155159243,0.04466715082526207,0.04416584502905607,0.04510705405846238,0.045726655051112175
2213,2213,4.117276191711426,4.117302894592285,2e-05,2.0624661183751796,0.044700718484818935,0.04424455622211099,0.04514925600960851,0.045764483511447906
2214,2214,4.121840476989746,4.12364387512207,2e-05,1.919206813721632,0.044743782840669155,0.04424357833340764,0.04514818778261542,0.04577421955764294
2215,2215,4.119599342346191,4.1207122802734375,2e-05,1.9367491595639257,0.04463827982544899,0.044262082781642675,0.0451751840300858,0.04580114874988794
2216,2216,4.1186628341674805,4.1233086585998535,2e-05,1.9506714188764005,0.044622634537518024,0.04428630415350199,0.04519161768257618,0.04582109395414591
2217,2217,4.118095397949219,4.120736122131348,2e-05,1.964651444487894,0.04478654824197292,0.04435678804293275,0.045237967278808355,0.045861199498176575
2218,2218,4.123591423034668,4.123154163360596,2e-05,1.9766077942491564,0.04483320191502571,0.04433377040550113,0.045239780098199844,0.04587269201874733
2219,2219,4.120294094085693,4.127902030944824,2e-05,1.986894902716995,0.04475262202322483,0.044373820535838604,0.04526821291074157,0.04589969292283058
2220,2220,4.121086120605469,4.125994682312012,2e-05,1.9961186703905014,0.044968574307858944,0.04439090425148606,0.045292312279343605,0.04592540021985769
2221,2221,4.122220993041992,4.1235761642456055,2e-05,2.004786733867866,0.04504421725869179,0.044434777926653624,0.04531859699636698,0.045951832085847855
2222,2222,4.1207122802734375,4.125019550323486,2e-05,2.0127519244462757,0.04481540992856026,0.044416270684450865,0.04531636368483305,0.0459609217941761
2223,2223,4.123812675476074,4.12171745300293,2e-05,2.01930346551814,0.044856357388198376,0.04440818587318063,0.04534163000062108,0.045986222103238106
2224,2224,4.1264472007751465,4.1307268142700195,2e-05,2.0253160590174533,0.04493372607976198,0.04447012906894088,0.045369578525424004,0.046014477498829365
2225,2225,4.121021747589111,4.119638442993164,2e-05,2.0303766972181516,0.045056371949613094,0.044474444817751646,0.04538042191416025,0.046032797545194626
2226,2226,4.118986129760742,4.119516849517822,2e-05,2.035145994111138,0.044990720227360725,0.04450638871639967,0.04540331196039915,0.046056785620749
2227,2227,4.11966609954834,4.122727394104004,2e-05,2.040008163800745,0.04512607306241989,0.04454053658992052,0.04544029803946614,0.04609055910259485
2228,2228,4.118310451507568,4.125573635101318,2e-05,2.0436711163728685,0.04504141490906477,0.04455552389845252,0.0454467604868114,0.04610527213662863
2229,2229,4.123063087463379,4.121479511260986,2e-05,2.046677048846033,0.045093292370438576,0.04456692701205611,0.04545626183971763,0.04612163454294205
2230,2230,4.122349739074707,4.118743896484375,2e-05,2.0501379893566685,0.04506553057581186,0.04456814471632242,0.04548307880759239,0.04614947643131018
2231,2231,4.123630046844482,4.121624946594238,2e-05,2.05353325906384,0.04504827130585909,0.04459273209795356,0.0454982602968812,0.046168490312993526
2232,2232,4.127123832702637,4.123497009277344,2e-05,2.0568328132927975,0.045078299939632416,0.04461320163682103,0.04551316751167178,0.0461894478648901
2233,2233,4.121622562408447,4.122060775756836,2e-05,2.0588898130367257,0.045133352279663086,0.04468171251937747,0.04554852843284607,0.04622096475213766
2234,2234,4.117423057556152,4.11861515045166,2e-05,2.0603000924863717,0.0451499754562974,0.04465254629030824,0.04555132146924734,0.04623427242040634
2235,2235,4.116771697998047,4.121953964233398,2e-05,2.061872189907302,0.045085894875228405,0.04466132679954171,0.045566788874566555,0.04625390935689211
2236,2236,4.119189262390137,4.124213218688965,2e-05,2.064370236254843,0.04515946190804243,0.044665520545095205,0.045585285406559706,0.04627501964569092
2237,2237,4.116504669189453,4.128429889678955,2e-05,2.066424317405855,0.04518426489084959,0.044732720125466585,0.045621005818247795,0.04630743432790041
2238,2238,4.1203932762146,4.123257637023926,2e-05,2.0689716620872374,0.04511807207018137,0.04474149504676461,0.04562763636931777,0.046321661211550236
2239,2239,4.119233131408691,4.1259307861328125,2e-05,2.074247981784529,0.04502146504819393,0.044769205152988434,0.04565702984109521,0.04635043628513813
2240,2240,4.118340969085693,4.119001865386963,2e-05,2.077627643220591,0.04529072903096676,0.0447944775223732,0.04567349189892411,0.046372365206480026
2241,2241,4.119876384735107,4.122779846191406,2e-05,2.078530213691555,0.04523541312664747,0.044810465071350336,0.04569025430828333,0.04639234486967325
2242,2242,4.121628284454346,4.124673366546631,2e-05,2.0788777327376073,0.04537710081785917,0.044810672756284475,0.0457155997864902,0.04641862865537405
2243,2243,4.118544578552246,4.122403144836426,2e-05,2.0791731413614105,0.045357649214565754,0.044848480727523565,0.04572882689535618,0.04643868375569582
2244,2244,4.12144660949707,4.125175476074219,2e-05,2.079463807891359,0.04535459727048874,0.04484824789687991,0.045743454713374376,0.046458431519567966
2245,2245,4.121916770935059,4.122234344482422,2e-05,2.079566797663179,0.045329892076551914,0.04489271342754364,0.04576821904629469,0.046482205390930176
2246,2246,4.117929458618164,4.121240615844727,2e-05,2.0794492076366593,0.04541288036853075,0.044894943945109844,0.04578798543661833,0.04650504607707262
2247,2247,4.122028827667236,4.121456146240234,2e-05,2.0796254976862145,0.04535431507974863,0.04493112675845623,0.04581424733623862,0.046532255597412586
2248,2248,4.120079040527344,4.117413520812988,2e-05,2.079464973394482,0.04531221091747284,0.04492175905033946,0.04582301713526249,0.046547641046345234
2249,2249,4.12006950378418,4.120162010192871,2e-05,2.0799747697369804,0.04548202082514763,0.04495309945195913,0.04585125297307968,0.04657618887722492
2250,2250,4.121172904968262,4.124968528747559,2e-05,2.0800885916266623,0.045424879528582096,0.044968617614358664,0.04586686426773667,0.04659534990787506
2251,2251,4.118143081665039,4.1228227615356445,2e-05,2.0802951539127554,0.04560094512999058,0.0449457080103457,0.045862159691751,0.046603051014244556
2252,2252,4.121575355529785,4.120891571044922,2e-05,2.080419069693403,0.04539745394140482,0.04501293459907174,0.045895340386778116,0.04663306474685669
2253,2253,4.119513511657715,4.122899055480957,2e-05,2.079856054620667,0.045426459051668644,0.045025586150586605,0.04591652192175388,0.04665885493159294
2254,2254,4.122332572937012,4.120641231536865,2e-05,2.0802223792695482,0.045308783650398254,0.0450239391066134,0.04593908414244652,0.046681495383381844
2255,2255,4.120710849761963,4.123067855834961,2e-05,2.0800565322635904,0.04558990430086851,0.04505430068820715,0.045959670562297106,0.04670478403568268
2256,2256,4.119959831237793,4.126681804656982,2e-05,2.0798109143271106,0.045722355134785175,0.04513520281761885,0.045994782354682684,0.046737561002373695
2257,2257,4.119940757751465,4.126842021942139,2e-05,2.0803333630224867,0.0456031272187829,0.04512472543865442,0.046016416512429714,0.04676071647554636
2258,2258,4.117432594299316,4.116319179534912,2e-05,2.0798873398905178,0.04570319131016731,0.04511456796899438,0.04598865890875459,0.046755384653806686
2259,2259,4.119564533233643,4.121427536010742,2e-05,1.9354992338313175,0.04570321924984455,0.045174417551606894,0.046048966236412525,0.046801554039120674
2260,2260,4.118917942047119,4.122738361358643,2e-05,1.952147878994949,0.04543518926948309,0.04516032664105296,0.04605225007981062,0.046815658919513226
2261,2261,4.120725631713867,4.122528076171875,2e-05,1.965992760368811,0.04549052752554417,0.045200217980891466,0.04607547773048282,0.04684046935290098
2262,2262,4.118912696838379,4.122236251831055,2e-05,1.9772301027095274,0.04558705259114504,0.04520777286961675,0.04609634215012193,0.04686274938285351
2263,2263,4.117773056030273,4.118281364440918,2e-05,1.9878664736246505,0.04561049584299326,0.04523109830915928,0.04611422820016742,0.046886089257895947
2264,2264,4.125417232513428,4.119443893432617,2e-05,1.9967781420953215,0.04572844039648771,0.045294227078557014,0.046134460251778364,0.046907116658985615
2265,2265,4.116678237915039,4.119797229766846,2e-05,2.004608777987147,0.04568834509700537,0.04527789307758212,0.04615173488855362,0.04692991264164448
2266,2266,4.118865013122559,4.119434356689453,2e-05,2.012482446529675,0.04557990841567516,0.04533412400633097,0.04619058594107628,0.04696326609700918
2267,2267,4.117364883422852,4.117292881011963,2e-05,2.0189818903409322,0.04571985173970461,0.045340074226260185,0.04620728408917785,0.046985238790512085
2268,2268,4.119197845458984,4.121123313903809,2e-05,2.025224738852537,0.04576740227639675,0.04535107081755996,0.046227267012000084,0.04700811579823494
2269,2269,4.118473052978516,4.123091220855713,2e-05,2.0304252641821807,0.04579131118953228,0.04534489009529352,0.04621850838884711,0.047015029937028885
2270,2270,4.120264530181885,4.120866775512695,2e-05,2.034992241973885,0.04573911614716053,0.045334513764828444,0.04623450106009841,0.0470346761867404
2271,2271,4.118332862854004,4.119846343994141,2e-05,2.040195725465303,0.04574246425181627,0.04540796298533678,0.046274101827293634,0.04706848785281181
2272,2272,4.116511821746826,4.120445251464844,2e-05,2.0449636220875997,0.04583833646029234,0.04541896050795913,0.04629889689385891,0.047093966975808144
2273,2273,4.1170806884765625,4.121297836303711,2e-05,2.0485141540743017,0.0458825808018446,0.045479931868612766,0.04632634203881025,0.04712254740297794
2274,2274,4.116847038269043,4.120492458343506,2e-05,2.051840961519596,0.0458664009347558,0.04547282587736845,0.04633335676044226,0.04713679850101471
2275,2275,4.113581657409668,4.1263837814331055,2e-05,2.054012688663927,0.04600789677351713,0.045451718382537365,0.046342937741428614,0.04715343751013279
2276,2276,4.120150089263916,4.1222944259643555,2e-05,2.0569087249700058,0.04592579137533903,0.0454854890704155,0.04636346409097314,0.04717828892171383
2277,2277,4.122427463531494,4.118906021118164,2e-05,2.059763683894593,0.04592063929885626,0.04553025448694825,0.04638863308355212,0.047202447429299355
2278,2278,4.11982536315918,4.129360198974609,2e-05,2.061505377574341,0.046036829240620136,0.04550235066562891,0.04639461077749729,0.04721829481422901
2279,2279,4.118849754333496,4.116848945617676,2e-05,2.063026010704647,0.046004568226635456,0.0455441209487617,0.04642241122201085,0.04724512901157141
2280,2280,4.119386672973633,4.119525909423828,2e-05,2.0649214700839287,0.04602343589067459,0.04557412816211581,0.04645234486088157,0.04727417975664139
2281,2281,4.118574619293213,4.118318557739258,2e-05,2.066095559280953,0.04602693300694227,0.045610095374286175,0.04646713240072131,0.04729350470006466
2282,2282,4.116033554077148,4.1226701736450195,2e-05,2.067992030729273,0.04603746347129345,0.045612013433128595,0.04648343287408352,0.047314650379121304
2283,2283,4.115344524383545,4.120021820068359,2e-05,2.06877274486758,0.04613372776657343,0.045677464455366135,0.04652255680412054,0.04734873026609421
2284,2284,4.1197943687438965,4.121990203857422,2e-05,2.069630813486807,0.04599285218864679,0.04565285379067063,0.046521122101694345,0.047358336858451366
2285,2285,4.123913288116455,4.123340606689453,2e-05,2.0708831535868857,0.04597575403749943,0.04564777668565512,0.046534803695976734,0.04737790673971176
2286,2286,4.118348598480225,4.11810302734375,2e-05,2.074281974173977,0.04604419320821762,0.04565501352772117,0.04656065534800291,0.04740481358021498
2287,2287,4.123790740966797,4.125020980834961,2e-05,2.0783418134540708,0.045996938832104206,0.04567489214241505,0.04657035507261753,0.04742223955690861
2288,2288,4.117405891418457,4.121208667755127,2e-05,2.0807845923836483,0.04623447544872761,0.045729609206318855,0.0466077858582139,0.04745596647262573
2289,2289,4.117258548736572,4.119163990020752,2e-05,2.08169081419479,0.04609939828515053,0.04573273425921798,0.04661482898518443,0.04746969323605299
2290,2290,4.1156392097473145,4.123856544494629,2e-05,2.0814250985681735,0.04609897639602423,0.04574698256328702,0.046626320108771324,0.04748739395290613
2291,2291,4.118705749511719,4.123002052307129,2e-05,2.0813914097347945,0.04624292720109224,0.04579215310513973,0.04665218619629741,0.04751594178378582
2292,2292,4.123743057250977,4.118584632873535,2e-05,2.081460249427405,0.046132342889904976,0.04581402987241745,0.04667876847088337,0.047541930340230465
2293,2293,4.122126579284668,4.118573188781738,2e-05,2.081336358267126,0.046293976716697216,0.045809030532836914,0.04668386373668909,0.04755692649632692
2294,2294,4.117039203643799,4.116212368011475,2e-05,2.080928190316169,0.04620498884469271,0.04588889284059405,0.04673877265304327,0.04759865067899227
2295,2295,4.119480133056641,4.119269371032715,2e-05,1.9355658771414739,0.04621966648846865,0.045909295324236155,0.04674911219626665,0.04761656653136015
2296,2296,4.116607189178467,4.120876312255859,2e-05,1.9519679888584014,0.04621216934174299,0.04593069152906537,0.04677364230155945,0.047641580924391747
2297,2297,4.118460655212402,4.119009017944336,2e-05,1.9652001402341586,0.04620873834937811,0.04591333493590355,0.04677390493452549,0.04765363596379757
2298,2298,4.116206169128418,4.119577884674072,2e-05,1.9772060537102663,0.046389130875468254,0.04595082066953182,0.04679101752117276,0.047675760462880135
2299,2299,4.127040863037109,4.12349271774292,2e-05,1.987743044270772,0.046213697642087936,0.04591494286432862,0.046803385484963655,0.047693283297121525
2300,2300,4.117833137512207,4.119908809661865,2e-05,1.9969983011312011,0.04635073244571686,0.04596355790272355,0.04682248504832387,0.04771651607006788
2301,2301,4.118319511413574,4.119509220123291,2e-05,2.0056876618347337,0.04650925472378731,0.045994884334504604,0.046847301069647074,0.047742425464093685
2302,2302,4.118843078613281,4.120339393615723,2e-05,2.013431095693421,0.04647237993776798,0.046012483071535826,0.04687390010803938,0.047769210301339626
2303,2303,4.122714996337891,4.118813514709473,2e-05,2.0200309261752056,0.04630768485367298,0.04602381261065602,0.04689321806654334,0.047791906632483006
2304,2304,4.115792751312256,4.1185302734375,2e-05,2.0260375893436344,0.046237410977482796,0.046000147704035044,0.04689278732985258,0.047804239206016064
2305,2305,4.118300914764404,4.120977878570557,2e-05,2.0312803345883252,0.04638840816915035,0.04605948552489281,0.046926056034862995,0.047834000550210476
2306,2306,4.117832660675049,4.122649192810059,2e-05,2.036149680391905,0.046453628689050674,0.04611923359334469,0.04695667512714863,0.0478629982098937
2307,2307,4.114375591278076,4.119734764099121,2e-05,2.0403317969266617,0.046460628509521484,0.04610737878829241,0.04696885636076331,0.04788117669522762
2308,2308,4.1189374923706055,4.119428634643555,2e-05,2.0438859304042754,0.046502333134412766,0.0461638574488461,0.0469905911013484,0.047905574552714825
2309,2309,4.115162372589111,4.122803211212158,2e-05,2.047358672008541,0.04649421479552984,0.046145052183419466,0.04700591787695885,0.047925639897584915
2310,2310,4.120998859405518,4.119709014892578,2e-05,2.0511537079315314,0.04660624731332064,0.04619028512388468,0.047035752795636654,0.04795339144766331
2311,2311,4.1208696365356445,4.11738395690918,2e-05,2.0537021060905767,0.046545437537133694,0.0462064971216023,0.04705221904441714,0.047976006753742695
2312,2312,4.115285873413086,4.122519493103027,2e-05,2.061083876699416,0.04646958410739899,0.04620306612923741,0.04705548286437988,0.047989643178880215
2313,2313,4.114977836608887,4.118386268615723,2e-05,2.065932604097214,0.04659448470920324,0.04621747927740216,0.04708779277279973,0.04801930859684944
2314,2314,4.119217872619629,4.126457691192627,2e-05,2.06943937336472,0.04657599702477455,0.04627536004409194,0.047116086818277836,0.04804584104567766
2315,2315,4.118034362792969,4.119211196899414,2e-05,2.0708970500418826,0.046741058118641376,0.0462870872579515,0.04712639236822724,0.048064147122204304
2316,2316,4.116650581359863,4.121521949768066,2e-05,2.0719706921733256,0.046709113754332066,0.04629141092300415,0.047129732090979815,0.04807753674685955
2317,2317,4.119879722595215,4.1246442794799805,2e-05,2.0725385973870694,0.04678954929113388,0.04632724029943347,0.047166997101157904,0.04810951091349125
2318,2318,4.116737365722656,4.117219924926758,2e-05,2.0735100809680063,0.0467815725132823,0.04632130451500416,0.04717928031459451,0.04812855925410986
2319,2319,4.11965799331665,4.1192731857299805,2e-05,2.073601028851428,0.04673101659864187,0.04632114851847291,0.04718613112345338,0.04814373515546322
2320,2320,4.119086265563965,4.120750427246094,2e-05,2.0741344005480626,0.046650657430291176,0.046359163243323565,0.04720515990629792,0.04816646967083216
2321,2321,4.117440223693848,4.120832443237305,2e-05,2.075169796167272,0.046877698972821236,0.04639343963935971,0.04723604256287217,0.04819502402096987
2322,2322,4.121274471282959,4.122344970703125,2e-05,2.075806247722468,0.0468205576762557,0.04642315674573183,0.04725027736276388,0.04821578320115805
2323,2323,4.116941452026367,4.122003078460693,2e-05,2.076279946419023,0.04666363261640072,0.046390154864639044,0.047254287637770176,0.04822847619652748
2324,2324,4.118444442749023,4.115694046020508,2e-05,2.076214613799892,0.046617357060313225,0.046442074701189995,0.04729232378304005,0.04826111067086458
2325,2325,4.122358322143555,4.11900520324707,2e-05,1.921525204667808,0.046795873902738094,0.046470039524137974,0.0473214783705771,0.04828990437090397
2326,2326,4.117354393005371,4.120598316192627,2e-05,1.9408044393805692,0.046979629434645176,0.046510855201631784,0.04734838381409645,0.04831723961979151
2327,2327,4.1178412437438965,4.118365287780762,2e-05,1.9567962488069846,0.04696049261838198,0.04651361610740423,0.04735535942018032,0.048332514241337776
2328,2328,4.117194175720215,4.128986358642578,2e-05,1.9696823630699836,0.04678831435739994,0.04653263231739402,0.047374425921589136,0.04835409205406904
2329,2329,4.117326736450195,4.124921798706055,2e-05,1.9806125468326565,0.046967294067144394,0.04652783228084445,0.04738995572552085,0.04837644658982754
2330,2330,4.1171064376831055,4.119620323181152,2e-05,1.990813850908045,0.04690498020499945,0.04655654961243272,0.04740508133545518,0.048395066522061825
2331,2331,4.119091510772705,4.1141037940979,2e-05,2.0001788156072013,0.046744721941649914,0.04659425467252731,0.047431087121367455,0.04842081665992737
2332,2332,4.114535808563232,4.120852470397949,2e-05,1.8638891008624068,0.046901567839086056,0.04661265993490815,0.047457344364374876,0.04844789020717144
2333,2333,4.119145393371582,4.114626884460449,2e-05,1.8868252499842901,0.046816058456897736,0.04658150440081954,0.04745398135855794,0.04845855850726366
2334,2334,4.117828369140625,4.117839813232422,2e-05,1.9063581464346206,0.04697217978537083,0.04667327459901571,0.04749806085601449,0.04849507659673691
2335,2335,4.117422103881836,4.117276668548584,2e-05,1.9241960295671843,0.04694961663335562,0.0466990671120584,0.04752248339354992,0.04851988796144724
2336,2336,4.113924026489258,4.126962661743164,2e-05,1.9400712495117403,0.047148761339485645,0.04669263260439038,0.04753513913601637,0.048539161682128906
2337,2337,4.119300842285156,4.1180009841918945,2e-05,1.9538958003900753,0.04703126475214958,0.046693936455994844,0.047535734716802835,0.048552810214459896
2338,2338,4.115354537963867,4.118345260620117,2e-05,1.965970336302849,0.04698718339204788,0.04669623961672187,0.04755668342113495,0.048576267436146736
2339,2339,4.11549186706543,4.1221022605896,2e-05,1.9772791414152644,0.04705236945301294,0.04675281187519431,0.04758817050606012,0.04860417451709509
2340,2340,4.118622779846191,4.116060256958008,2e-05,1.9877691291015724,0.0472174733877182,0.046764710918068886,0.04760777298361063,0.04862837493419647
2341,2341,4.117598533630371,4.114029884338379,2e-05,1.996811536679104,0.047107002697885036,0.04680709354579449,0.04763390636071563,0.04865388572216034
2342,2342,4.117276191711426,4.118047714233398,2e-05,1.860677134638823,0.047098828479647636,0.04679318889975548,0.04763221135362983,0.048666177317500114
2343,2343,4.120461463928223,4.119966983795166,2e-05,1.885165018116836,0.047086041420698166,0.046783425845205784,0.04764465196058154,0.048684840090572834
2344,2344,4.117941379547119,4.117269992828369,2e-05,1.9090463116089758,0.0470424210652709,0.046827379148453474,0.047682611271739006,0.04871685244143009
2345,2345,4.117867946624756,4.120102882385254,2e-05,1.9297987416236215,0.04715960752218962,0.04683038126677275,0.04766799369826913,0.048721891827881336
2346,2346,4.11846923828125,4.117733955383301,2e-05,1.948240392855736,0.04716171696782112,0.04689924418926239,0.04772931430488825,0.04876658320426941
2347,2347,4.1237993240356445,4.123547554016113,2e-05,1.9629923990484848,0.047102369368076324,0.046926312148571014,0.04774670396000147,0.048789034597575665
2348,2348,4.113364219665527,4.117089748382568,2e-05,1.9754182969965106,0.04738452099263668,0.046928562223911285,0.047754532657563686,0.048805173486471176
2349,2349,4.121177673339844,4.120935440063477,2e-05,1.985891174104642,0.04726992640644312,0.04693718068301678,0.04775875620543957,0.04881926253437996
2350,2350,4.119729518890381,4.129469871520996,2e-05,1.9955323613038705,0.047338465228676796,0.04697238700464368,0.04780166409909725,0.048854149878025055
2351,2351,4.121856212615967,4.119993209838867,2e-05,2.0034186192268604,0.0471775783225894,0.04698493657633662,0.04781596874818206,0.04887447878718376
2352,2352,4.11837100982666,4.120161056518555,2e-05,2.0111930120244557,0.04742988385260105,0.04699253663420677,0.047824442852288485,0.04889151360839605
2353,2353,4.118959426879883,4.119030475616455,2e-05,2.0183834282379602,0.04723342228680849,0.04703163169324398,0.047849294263869524,0.04891729727387428
2354,2354,4.1187825202941895,4.115428924560547,2e-05,2.0245053439411844,0.04731326922774315,0.04701791284605861,0.04786765016615391,0.048939263448119164
2355,2355,4.116019248962402,4.120335578918457,2e-05,2.0300299147781686,0.04732168931514025,0.04707459174096584,0.04789892816916108,0.04896846041083336
2356,2356,4.113992691040039,4.115569114685059,2e-05,2.0344122697436915,0.04743548296391964,0.04700657678768039,0.04787727119401097,0.04896919708698988
2357,2357,4.114323616027832,4.119091033935547,2e-05,2.0395591826439885,0.04738401994109154,0.04711105488240719,0.04793056845664978,0.04900937434285879
2358,2358,4.117467880249023,4.119546890258789,2e-05,2.0433929380396574,0.047391584143042564,0.04713173117488623,0.04796578688547015,0.04904198180884123
2359,2359,4.11743688583374,4.116434097290039,2e-05,2.048103311970052,0.047180057503283024,0.04715661145746708,0.04797707498073578,0.049059104174375534
2360,2360,4.117653846740723,4.123976230621338,2e-05,2.055101368462845,0.04744467046111822,0.04717918485403061,0.04799361154437065,0.049080776050686836
2361,2361,4.123311996459961,4.118622303009033,2e-05,2.0606782777609203,0.04768389277160168,0.04723307816311717,0.048029557801783085,0.04911342728883028
2362,2362,4.120319366455078,4.118377685546875,2e-05,2.063737654686163,0.047430370934307575,0.047163667157292366,0.048009240068495274,0.049113113433122635
2363,2363,4.116792678833008,4.120877265930176,2e-05,2.0659619865172596,0.04749070946127176,0.04718360677361488,0.048013390973210335,0.049129052087664604
2364,2364,4.11954402923584,4.118383407592773,2e-05,2.0674250644780106,0.047515375539660454,0.04725187970325351,0.048077900893986225,0.04917529970407486
2365,2365,4.116806983947754,4.120616436004639,2e-05,2.0687096434237677,0.04750784020870924,0.04726264486089349,0.048077990766614676,0.049188259057700634
2366,2366,4.1175432205200195,4.116015434265137,2e-05,2.070135984253862,0.04767294880002737,0.04729494033381343,0.04809921653941274,0.049211266450583935
2367,2367,4.119232177734375,4.11715030670166,2e-05,2.0712559879068233,0.04749189596623182,0.04727162327617407,0.0481112590059638,0.04922996927052736
2368,2368,4.118267059326172,4.120212078094482,2e-05,2.071883016134523,0.047532289288938046,0.04731856659054756,0.048140139784663916,0.04925846308469772
2369,2369,4.115818023681641,4.120377063751221,2e-05,2.0726302332512194,0.047451612539589405,0.04732626210898161,0.04816107219085097,0.04928179644048214
2370,2370,4.119278907775879,4.11527681350708,2e-05,2.0736669974289286,0.0474269799888134,0.04731169994920492,0.04815603140741587,0.04929140768945217
2371,2371,4.115797519683838,4.1198320388793945,2e-05,2.074322431468497,0.04762799944728613,0.04741038242354989,0.048210873268544674,0.049332983791828156
2372,2372,4.116389751434326,4.114043712615967,2e-05,2.07489499332144,0.047481524758040905,0.04728735378012061,0.0481644538231194,0.04932107776403427
2373,2373,4.117104530334473,4.117033958435059,2e-05,2.0754400072415073,0.04761212319135666,0.04739195480942726,0.048219357151538134,0.049362641759216785
2374,2374,4.119980335235596,4.116182327270508,2e-05,2.0752911958780147,0.047601938247680664,0.0474035176448524,0.04823478311300278,0.04938371479511261
2375,2375,4.118123531341553,4.116364002227783,2e-05,2.076621896440745,0.0477015096694231,0.04741405276581645,0.04826605273410678,0.04941418580710888
2376,2376,4.115591526031494,4.117098331451416,2e-05,2.076707395260895,0.047828407026827335,0.04745920794084668,0.04828275786712766,0.049433568492531776
2377,2377,4.1146392822265625,4.116772174835205,2e-05,2.077281845633268,0.04772414732724428,0.04749873420223594,0.04831266729161143,0.049462039954960346
2378,2378,4.1177873611450195,4.11968994140625,2e-05,2.082093506019205,0.04770425148308277,0.0474849003367126,0.048326191026717424,0.04948216397315264
2379,2379,4.119380474090576,4.122745513916016,2e-05,2.087209984048975,0.04767316486686468,0.047522262670099735,0.04834689572453499,0.04950517788529396
2380,2380,4.111557960510254,4.1134185791015625,2e-05,2.0902306604143632,0.04780671652406454,0.04755042726173997,0.04836660111322999,0.04952858202159405
2381,2381,4.116804122924805,4.117337226867676,2e-05,1.9444961802035268,0.047842567786574364,0.047575813718140125,0.0483924332074821,0.049554962664842606
2382,2382,4.1195902824401855,4.118514537811279,2e-05,1.9603589443431997,0.04791820049285889,0.04759871819987893,0.048403333872556686,0.04957286734133959
2383,2383,4.1176300048828125,4.120091915130615,2e-05,1.9726377326364266,0.04782291315495968,0.0476251277141273,0.04843214526772499,0.04960132110863924
2384,2384,4.115410327911377,4.128481864929199,2e-05,1.9837060225551526,0.047825904563069344,0.047628364991396666,0.048436857759952545,0.0496156495064497
2385,2385,4.113565921783447,4.116245269775391,2e-05,1.9946579726808684,0.04801957216113806,0.04769991571083665,0.04848632914945483,0.049654328264296055
2386,2386,4.114041805267334,4.1162261962890625,2e-05,2.0039397482515717,0.0479649193584919,0.04762543085962534,0.0484621343202889,0.049655877985060215
2387,2387,4.118244171142578,4.1174163818359375,2e-05,2.0153875333427576,0.047923083417117596,0.0476923743262887,0.048494743183255196,0.049683536402881145
2388,2388,4.11662483215332,4.1165995597839355,2e-05,2.0240903303282862,0.04789926018565893,0.04770566709339619,0.0485145291313529,0.04970718361437321
2389,2389,4.1153974533081055,4.119707107543945,2e-05,2.0313880936449946,0.047976366244256496,0.047721588518470526,0.04853995190933347,0.04973340220749378
2390,2390,4.117007255554199,4.117136001586914,2e-05,2.0367155228032163,0.04805367533117533,0.04775618901476264,0.048546040430665016,0.04974948987364769
2391,2391,4.116185665130615,4.115668296813965,2e-05,2.041460494328267,0.048020205460488796,0.047752976417541504,0.0485632810741663,0.04977092333137989
2392,2392,4.114686965942383,4.116969108581543,2e-05,2.044923949105362,0.04805406462401152,0.04777344176545739,0.04857478616759181,0.04978880751878023
2393,2393,4.1191182136535645,4.1152496337890625,2e-05,2.049533740687679,0.048083807341754436,0.04779232293367386,0.048613285180181265,0.04982151370495558
2394,2394,4.116241931915283,4.120032787322998,2e-05,2.0522934917771134,0.04789402335882187,0.04780663922429085,0.048620622139424086,0.04983816295862198
2395,2395,4.118433952331543,4.115253925323486,2e-05,2.0546292694734603,0.048047903925180435,0.0478429002687335,0.04865497816354036,0.04986930079758167
2396,2396,4.1167497634887695,4.117219924926758,2e-05,2.056985663013803,0.048125061206519604,0.04787075333297253,0.048679088708013296,0.049894590862095356
2397,2397,4.11630916595459,4.1171464920043945,2e-05,2.0593587572159415,0.04820483364164829,0.0478788185864687,0.04869326064363122,0.04991453420370817
2398,2398,4.111305236816406,4.119891166687012,2e-05,2.0621280811855383,0.04829499125480652,0.047873059287667274,0.04869602480903268,0.04992968961596489
2399,2399,4.11916971206665,4.118036270141602,2e-05,2.0632489595186834,0.048157534562051296,0.04788419883698225,0.04871702706441283,0.049952298402786255
2400,2400,4.115993022918701,4.118790149688721,2e-05,2.0653405873721873,0.0480894697830081,0.04797690222039819,0.04876242531463504,0.049989345483481884
2401,2401,4.115232467651367,4.121061325073242,2e-05,2.067066605950495,0.048206632025539875,0.04797811107710004,0.048770686611533165,0.050006115809082985
2402,2402,4.113968372344971,4.123038291931152,2e-05,2.0683474244593936,0.04801743105053902,0.04793752636760473,0.04876946285367012,0.05001753754913807
2403,2403,4.12076473236084,4.114996910095215,2e-05,2.069470466295876,0.04823269695043564,0.04800715669989586,0.04881420684978366,0.050055389292538166
2404,2404,4.115429401397705,4.118156433105469,2e-05,2.070310623139197,0.04828771390020847,0.04798545502126217,0.048811741173267365,0.050065428018569946
2405,2405,4.120532035827637,4.118162155151367,2e-05,2.070805257102363,0.048078615218400955,0.04804988857358694,0.048837922513484955,0.0500924838706851
2406,2406,4.1149468421936035,4.119664192199707,2e-05,2.0716379893373325,0.04826321918517351,0.04800683073699474,0.048822334967553616,0.05009662266820669
2407,2407,4.117958068847656,4.117816925048828,2e-05,2.072821153427183,0.04839406721293926,0.04809634480625391,0.048882607370615005,0.05014087166637182
2408,2408,4.11414098739624,4.116049766540527,2e-05,2.07736282703373,0.048136891797184944,0.04809488449245691,0.048885969910770655,0.050155824050307274
2409,2409,4.118870258331299,4.115193843841553,2e-05,2.0811504121427027,0.04840669594705105,0.04811819363385439,0.048911519814282656,0.050181892700493336
2410,2410,4.113086700439453,4.117188453674316,2e-05,2.08238800919574,0.04838647227734327,0.04813423100858927,0.048940404783934355,0.0502092819660902
2411,2411,4.111392021179199,4.1191558837890625,2e-05,2.083046471027595,0.04845389723777771,0.048172340262681246,0.04895615903660655,0.05023067817091942
2412,2412,4.118768692016602,4.121365547180176,2e-05,2.082927485433418,0.048402827233076096,0.048180167097598314,0.04896840825676918,0.050249733962118626
2413,2413,4.116806983947754,4.116873741149902,2e-05,2.0828972956487304,0.0485724126920104,0.048174341674894094,0.048983079846948385,0.0502702658995986
2414,2414,4.12056827545166,4.119410514831543,2e-05,2.0822540659049174,0.048216529190540314,0.04822169942781329,0.04901492688804865,0.05029955878853798
2415,2415,4.11830997467041,4.118448257446289,2e-05,2.082504843626845,0.04833235405385494,0.048152179922908545,0.048994594253599644,0.05030156206339598
2416,2416,4.115230083465576,4.124489784240723,2e-05,2.082053914260208,0.04841481428593397,0.048246674705296755,0.04905376909300685,0.05034574121236801
2417,2417,4.114078998565674,4.119394302368164,2e-05,2.082088750733272,0.04847252927720547,0.04825695278123021,0.04905585665255785,0.05036032013595104
2418,2418,4.116490364074707,4.121248722076416,2e-05,2.081701667098475,0.048436922021210194,0.04829243058338761,0.049088063184171915,0.05038870871067047
2419,2419,4.115574836730957,4.117972373962402,2e-05,2.0813804761649912,0.04862064402550459,0.04831569967791438,0.049095732159912586,0.050405426882207394
2420,2420,4.115906715393066,4.116363525390625,2e-05,2.0808987960927774,0.04846874810755253,0.04830652289092541,0.049108839593827724,0.05042649805545807
2421,2421,4.116888999938965,4.118669509887695,2e-05,2.0809896188291113,0.04850781336426735,0.04836404090747237,0.049135992769151926,0.05045299232006073
2422,2422,4.114693641662598,4.119864463806152,2e-05,2.081036651765282,0.04864917788654566,0.048359612468630075,0.04916001483798027,0.050479152239859104
2423,2423,4.113121032714844,4.114177703857422,2e-05,2.0814066843647794,0.04869280941784382,0.04836052376776934,0.0491643063724041,0.05049410369247198
2424,2424,4.112631320953369,4.114729404449463,2e-05,2.081161963224615,0.048575093038380146,0.0483655403368175,0.049181693233549595,0.05051482003182173
2425,2425,4.120221138000488,4.118593692779541,2e-05,2.080835440562221,0.04863573331385851,0.04843853320926428,0.04921428253874183,0.05054525565356016
2426,2426,4.111295223236084,4.1193528175354,2e-05,2.0808904555035523,0.04850012809038162,0.0483707208186388,0.049209005665034056,0.0505551602691412
2427,2427,4.113095760345459,4.118488311767578,2e-05,2.080694884534975,0.04855976998806,0.04843528103083372,0.049235206097364426,0.05058218538761139
2428,2428,4.113010406494141,4.116443634033203,2e-05,2.0807391728438045,0.048585143871605396,0.048433225601911545,0.04925077361986041,0.0506034092977643
2429,2429,4.112285614013672,4.111471652984619,2e-05,2.0803660394667554,0.04863271862268448,0.04844440007582307,0.049260298255831,0.05062124878168106
2430,2430,4.114860534667969,4.119046211242676,2e-05,1.9351541895562874,0.048807840794324875,0.04851085925474763,0.049297687597572803,0.05065424181520939
2431,2431,4.115643501281738,4.117760181427002,2e-05,1.9522121239599046,0.048758809454739094,0.048555039800703526,0.049336494877934456,0.05068787466734648
2432,2432,4.117291450500488,4.12190055847168,2e-05,1.9687762015632788,0.048714201897382736,0.04857288906350732,0.04935008380562067,0.05070697423070669
2433,2433,4.112791061401367,4.116911888122559,2e-05,1.9831948722236328,0.04876642394810915,0.04858153546229005,0.049359404016286135,0.050724937580525875
2434,2434,4.115781784057617,4.114448547363281,2e-05,1.994300766543997,0.04880580399185419,0.048610507510602474,0.04938350198790431,0.0507510295137763
2435,2435,4.11172342300415,4.11594295501709,2e-05,2.003125804496264,0.04890529811382294,0.04859805665910244,0.0493830731138587,0.0507638743147254
2436,2436,4.1150946617126465,4.114755630493164,2e-05,2.0112073839643427,0.048986420035362244,0.04861933272331953,0.04939541593194008,0.05078281834721565
2437,2437,4.118339538574219,4.112603187561035,2e-05,2.018022164298057,0.04886493645608425,0.04861712921410799,0.04942945670336485,0.05081462487578392
2438,2438,4.112602233886719,4.115807056427002,2e-05,2.0245867806624047,0.048966686241328716,0.04863178776577115,0.04944338044151664,0.05083439312875271
2439,2439,4.1176934242248535,4.12130880355835,2e-05,2.03020719414195,0.048927255906164646,0.04868183797225356,0.049467237666249275,0.05085907410830259
2440,2440,4.116671562194824,4.117338180541992,2e-05,2.034650590679536,0.0488651255145669,0.04871250130236149,0.049490387085825205,0.05088429059833288
2441,2441,4.113436698913574,4.123620510101318,2e-05,2.0398707969498537,0.048968350514769554,0.04869450908154249,0.04950649896636605,0.050905799493193626
2442,2442,4.115268707275391,4.1172404289245605,2e-05,2.043700566850473,0.04900419246405363,0.04871950624510646,0.04951113369315863,0.050921326503157616
2443,2443,4.1139020919799805,4.119805335998535,2e-05,2.0476501584412836,0.04893548879772425,0.048766384832561016,0.0495439930818975,0.05095120705664158
2444,2444,4.120176315307617,4.1233367919921875,2e-05,2.0507563653947716,0.048938529565930367,0.048779350239783525,0.04956433270126581,0.050975545309484005
2445,2445,4.114656448364258,4.118799209594727,2e-05,2.0535865675979945,0.04894185718148947,0.048781550489366055,0.04958043061196804,0.05099654383957386
2446,2446,4.114974021911621,4.113537311553955,2e-05,2.056173324780704,0.049052927643060684,0.048821608535945415,0.049599460791796446,0.05101901572197676
2447,2447,4.115511894226074,4.113051891326904,2e-05,2.0585830776961918,0.04891465976834297,0.04884511651471257,0.049630286172032356,0.05104766506701708
2448,2448,4.115774154663086,4.119052886962891,2e-05,2.0604897443576484,0.04908208269625902,0.048831555526703596,0.04964148113504052,0.051067509688436985
2449,2449,4.114927291870117,4.119444370269775,2e-05,2.0616736705305527,0.04918347205966711,0.04891895456239581,0.04968015057966113,0.05109934415668249
2450,2450,4.111813068389893,4.114386558532715,2e-05,2.0634492435286247,0.04908033832907677,0.04891418246552348,0.049676962196826935,0.051110600121319294
2451,2451,4.117595672607422,4.1145501136779785,2e-05,2.064696563278206,0.049257210455834866,0.04894093330949545,0.04970733402296901,0.051140845753252506
2452,2452,4.116405487060547,4.11445426940918,2e-05,2.066633490657566,0.04912822414189577,0.04894227581098676,0.0497174090705812,0.051158481277525425
2453,2453,4.114280700683594,4.116941452026367,2e-05,2.0680442790504427,0.04907836113125086,0.048942184541374445,0.04972949670627713,0.05117831379175186
2454,2454,4.1173601150512695,4.118366241455078,2e-05,2.068913489462247,0.04896106757223606,0.04896282870322466,0.049754989333450794,0.05120554938912392
2455,2455,4.114287853240967,4.121104717254639,2e-05,2.0700195197784343,0.049096837639808655,0.049035165924578905,0.04978497279807925,0.0512339286506176
2456,2456,4.116515159606934,4.122302055358887,2e-05,2.0709901984338015,0.049235422164201736,0.04904076410457492,0.049795028287917376,0.05125199072062969
2457,2457,4.115884780883789,4.113771438598633,2e-05,2.072491765394942,0.04922106023877859,0.049026716966181993,0.04980969615280628,0.05127354245632887
2458,2458,4.113577842712402,4.116722106933594,2e-05,2.077251367771288,0.04929094947874546,0.049064953811466694,0.04983606515452266,0.05129966977983713
2459,2459,4.115312576293945,4.117781639099121,2e-05,2.0793488276465917,0.04924933984875679,0.04905330017209053,0.049850144889205694,0.05132123455405235
2460,2460,4.121359348297119,4.120086669921875,2e-05,2.082152322390493,0.04920407943427563,0.04910285584628582,0.049859941471368074,0.051339191384613514
2461,2461,4.110537528991699,4.117289066314697,2e-05,2.0829492606359525,0.049382543191313744,0.0491273645311594,0.049893430434167385,0.051369969733059406
2462,2462,4.113441467285156,4.121499061584473,2e-05,2.0825057820048136,0.04934130236506462,0.04913079924881458,0.049899615813046694,0.051385936327278614
2463,2463,4.112392425537109,4.116151332855225,2e-05,2.0823590693248946,0.04922491870820522,0.04916454013437033,0.049932997208088636,0.05141644366085529
2464,2464,4.113860130310059,4.119052886962891,2e-05,2.0826963679118147,0.0492901224642992,0.04913272336125374,0.0499312081374228,0.051426900550723076
2465,2465,4.113251686096191,4.115660190582275,2e-05,2.082367197339242,0.0492213973775506,0.04918412817642093,0.049954010639339685,0.051453953608870506
2466,2466,4.115986347198486,4.116405487060547,2e-05,2.0824104081217327,0.049348076805472374,0.049257689621299505,0.049998329021036625,0.05148868449032307
2467,2467,4.112081050872803,4.118430137634277,2e-05,2.082379828177449,0.04934634082019329,0.04923036741092801,0.050001323223114014,0.05150505993515253
2468,2468,4.113272666931152,4.119596481323242,2e-05,2.0821837870010285,0.049397172406315804,0.04920964175835252,0.050002720672637224,0.05151851009577513
2469,2469,4.114049434661865,4.113668441772461,2e-05,2.0816810018852956,0.04933065455406904,0.04924731142818928,0.05002260999754071,0.051540168933570385
2470,2470,4.111719131469727,4.119475841522217,2e-05,2.081169269241051,0.04947530943900347,0.049295763950794935,0.05005222698673606,0.05157091189175844
2471,2471,4.111954689025879,4.116635322570801,2e-05,2.0815285266293655,0.049397886730730534,0.049293326679617167,0.050069079268723726,0.05159293208271265
2472,2472,4.111355781555176,4.116016387939453,2e-05,2.0815216687855105,0.04952406883239746,0.04931590752676129,0.050093503668904305,0.05161701329052448
2473,2473,4.116726875305176,4.1154069900512695,2e-05,2.081503103985307,0.049522409215569496,0.04937459109351039,0.050119399558752775,0.051644994877278805
2474,2474,4.1128339767456055,4.114193916320801,2e-05,2.0812907860317256,0.04947308264672756,0.04936668323352933,0.050126129761338234,0.05166096519678831
2475,2475,4.118265151977539,4.116994857788086,2e-05,2.0811764142363356,0.0497201569378376,0.04936816496774554,0.05014299042522907,0.0516840536147356
2476,2476,4.111848831176758,4.11561393737793,2e-05,2.080885506329194,0.04958226531744003,0.049407333601266146,0.05017297621816397,0.051711481995880604
2477,2477,4.116493225097656,4.116315841674805,2e-05,2.0810297410396497,0.04971207585185766,0.049431671388447285,0.05018971161916852,0.05173460301011801
2478,2478,4.114412307739258,4.116079807281494,2e-05,2.0803637991206525,0.049618035554885864,0.0494100097566843,0.05018908018246293,0.05174641031771898
2479,2479,4.1171393394470215,4.113990783691406,2e-05,2.080691768074161,0.04955021105706692,0.049428976606577635,0.050211882684379816,0.051772015169262886
2480,2480,4.109365463256836,4.121788501739502,2e-05,2.07986040598465,0.049662492237985134,0.04948882106691599,0.0502474894747138,0.051803501322865486
2481,2481,4.115557670593262,4.121257781982422,2e-05,2.0803406039089065,0.049752116203308105,0.0495332102291286,0.050278926733881235,0.051832620054483414
2482,2482,4.114443778991699,4.118382930755615,2e-05,2.0800912768624946,0.04976256377995014,0.049512524623423815,0.05028038239106536,0.05184671934694052
2483,2483,4.113556861877441,4.11685848236084,2e-05,2.0803025314422503,0.04974944610148668,0.049506078008562326,0.05028099054470658,0.05186184123158455
2484,2484,4.114305019378662,4.1146464347839355,2e-05,2.0835455829714555,0.04972958471626043,0.04951330553740263,0.050299088936299086,0.05188402067869902
2485,2485,4.109425067901611,4.1135430335998535,2e-05,2.087269258156936,0.04981446824967861,0.049578260630369186,0.05034192372113466,0.051918648183345795
2486,2486,4.112900733947754,4.113315105438232,2e-05,2.0878373135889228,0.04974037501960993,0.049599014688283205,0.05036597279831767,0.05194445978850126
2487,2487,4.11254358291626,4.1146240234375,2e-05,2.0876491900843566,0.049860152415931225,0.04963236767798662,0.0503860916942358,0.051968722604215145
2488,2488,4.114955425262451,4.1153244972229,2e-05,2.087420150061539,0.049767171032726765,0.04961215332150459,0.05038907239213586,0.05198224727064371
2489,2489,4.116732597351074,4.119565486907959,2e-05,2.08672007669671,0.04953767079859972,0.049614446237683296,0.050392850767821074,0.0519962003454566
2490,2490,4.11345100402832,4.116996765136719,2e-05,2.085958853845909,0.050059990026056767,0.04967081546783447,0.050422935746610165,0.05202767997980118
2491,2491,4.113868236541748,4.116084098815918,2e-05,2.0852539703873805,0.049928986467421055,0.04970798082649708,0.05045177321881056,0.05205549392849207
2492,2492,4.110107421875,4.11785888671875,2e-05,2.0852022711246683,0.04977584257721901,0.049679044634103775,0.05045470083132386,0.052069855853915215
2493,2493,4.112975597381592,4.114840030670166,2e-05,2.0846868490119936,0.04993964731693268,0.0497828284278512,0.0505127445794642,0.05211260076612234
2494,2494,4.112342834472656,4.11494255065918,2e-05,2.0836158143467727,0.0498914485797286,0.04976452235132456,0.05050647910684347,0.052122628316283226
2495,2495,4.114803791046143,4.117023468017578,2e-05,2.083410142986379,0.049969485960900784,0.04975959612056613,0.05052351811900735,0.05214504059404135
2496,2496,4.114865303039551,4.113704681396484,2e-05,2.083334168948656,0.05007310025393963,0.049798674415796995,0.05054726405069232,0.05216987989842892
2497,2497,4.117168426513672,4.114740371704102,2e-05,2.083422246263842,0.050108869560062885,0.04977615363895893,0.0505522140301764,0.05218575056642294
2498,2498,4.113884925842285,4.115675926208496,2e-05,2.0827191212815204,0.049900028854608536,0.04983139876276255,0.05059364950284362,0.0522200595587492
2499,2499,4.110903739929199,4.116446495056152,2e-05,2.082353047896069,0.050095231272280216,0.04985256586223841,0.05061038816347718,0.05224127788096666
2500,2500,4.118933200836182,4.118797302246094,2e-05,2.0820211088993243,0.05018204543739557,0.049877950455993414,0.050607532262802124,0.052253760397434235
2501,2501,4.113674163818359,4.124020576477051,2e-05,2.0817050548004765,0.050009979866445065,0.04987114388495684,0.050622450187802315,0.05227348208427429
2502,2502,4.114218235015869,4.112794876098633,2e-05,2.0816433703438673,0.04996510036289692,0.04990284610539675,0.05064950929954648,0.05230119824409485
2503,2503,4.116568565368652,4.1136627197265625,2e-05,2.0815209749508052,0.05010512564331293,0.049913967959582806,0.05067609203979373,0.0523271644487977
2504,2504,4.115984916687012,4.1180267333984375,2e-05,2.08138110872313,0.05022716801613569,0.04998752102255821,0.05070410901680589,0.05235450901091099
2505,2505,4.112865924835205,4.113542079925537,2e-05,2.081185937901944,0.050088890828192234,0.049904015846550465,0.050699716899544,0.05236555263400078
2506,2506,4.109960079193115,4.115365982055664,2e-05,2.0808076251849577,0.04990806523710489,0.04996663285419345,0.05073003424331546,0.05239368136972189
2507,2507,4.10887336730957,4.115389823913574,2e-05,2.0804054360174304,0.0501449853181839,0.050028330180794,0.05076253321021795,0.05242403782904148
2508,2508,4.113399505615234,4.116090297698975,2e-05,2.080637377538211,0.05025816895067692,0.0500420150347054,0.05076355766505003,0.05243793223053217
2509,2509,4.119743347167969,4.112937927246094,2e-05,2.080714677330088,0.0501095587387681,0.04999926406890154,0.05078575760126114,0.05246112495660782
2510,2510,4.116977214813232,4.114673137664795,2e-05,2.0803193154016695,0.05031309649348259,0.05007653031498194,0.050807525869458914,0.05248726159334183
2511,2511,4.114339828491211,4.116458892822266,2e-05,2.084489204557851,0.050181019119918346,0.05007834080606699,0.05083276657387614,0.052512284368276596
2512,2512,4.113158702850342,4.117517948150635,2e-05,2.0876153602878667,0.05027968995273113,0.050098597537726164,0.05083896452561021,0.052529364824295044
2513,2513,4.114615440368652,4.113051414489746,2e-05,2.088299281809289,0.05031287483870983,0.05010835733264685,0.050857736729085445,0.052553401328623295
2514,2514,4.1164164543151855,4.109129905700684,2e-05,2.0881944914812345,0.050230578519403934,0.05011727288365364,0.05087560275569558,0.05257594119757414
2515,2515,4.110825061798096,4.110592365264893,2e-05,1.9438075045998138,0.05035029165446758,0.050120266154408455,0.05087310587987304,0.05258817505091429
2516,2516,4.112868309020996,4.115340232849121,2e-05,1.9596152118821732,0.050272684544324875,0.05019938386976719,0.05092318914830685,0.052624854259192944
2517,2517,4.114155292510986,4.115589141845703,2e-05,1.974275255143057,0.05045674182474613,0.0502171004191041,0.05093583045527339,0.05264545325189829
2518,2518,4.111495018005371,4.115691184997559,2e-05,1.9857399992577587,0.05045002792030573,0.05022906232625246,0.050959160551428795,0.05267132166773081
2519,2519,4.112637519836426,4.114389419555664,2e-05,1.9955079955050272,0.050484172999858856,0.05022080056369305,0.050975823774933815,0.052692901343107224
2520,2520,4.110006332397461,4.119955539703369,2e-05,2.0043861462161217,0.050313699059188366,0.050256377551704645,0.05098966648802161,0.05271289497613907
2521,2521,4.109529495239258,4.113899230957031,2e-05,2.011962238402292,0.050289783626794815,0.0502902721054852,0.0510169486515224,0.05273949354887009
2522,2522,4.11012077331543,4.121673583984375,2e-05,2.01900128069823,0.05049023311585188,0.050267834682017565,0.051032244227826595,0.05276086553931236
2523,2523,4.113223075866699,4.117164611816406,2e-05,2.024903178105296,0.05044521018862724,0.050316245295107365,0.051055879797786474,0.05278592277318239
2524,2524,4.112550258636475,4.113622665405273,2e-05,2.0308020511114186,0.050348312593996525,0.0503234495408833,0.05106445029377937,0.052803851664066315
2525,2525,4.107423782348633,4.110652923583984,2e-05,2.035242614506071,0.0504395654425025,0.05030873464420438,0.051064918749034405,0.05281755514442921
2526,2526,4.1155548095703125,4.117110252380371,2e-05,2.039757818508141,0.05025932006537914,0.0503774443641305,0.051113763358443975,0.052855090238153934
2527,2527,4.116333961486816,4.116174697875977,2e-05,2.0440297076441563,0.050481369718909264,0.05039829993620515,0.05112607358023524,0.052875010296702385
2528,2528,4.1154465675354,4.11397123336792,2e-05,2.0474065301435433,0.05069725029170513,0.05038276594132185,0.051139567978680134,0.05289568658918142
2529,2529,4.110333442687988,4.112728595733643,2e-05,2.050327178886793,0.05047903023660183,0.05041453009471297,0.05116191366687417,0.05291829165071249
2530,2530,4.112462997436523,4.113009452819824,2e-05,2.052655204235166,0.05048758443444967,0.05047056172043085,0.051197954919189215,0.05295079853385687
2531,2531,4.111911773681641,4.115586280822754,2e-05,2.055763968746886,0.05074304714798927,0.05047428002581,0.05119418166577816,0.052963705733418465
2532,2532,4.109956741333008,4.1178693771362305,2e-05,2.058564340972918,0.05041740648448467,0.05049702664837241,0.05122890742495656,0.0529931029304862
2533,2533,4.113354206085205,4.113340854644775,2e-05,2.0607052861380386,0.0507824057713151,0.050498250871896744,0.0512378360144794,0.05301267188042402
2534,2534,4.109602928161621,4.112544059753418,2e-05,2.0623799767994266,0.05072881747037172,0.05054982006549835,0.05125620076432824,0.05303473398089409
2535,2535,4.112842082977295,4.113974571228027,2e-05,2.068743868930679,0.05071920249611139,0.05049234814941883,0.05123830959200859,0.05303965508937836
2536,2536,4.114063262939453,4.112729072570801,2e-05,2.0730917242937474,0.050969306379556656,0.050605606753379107,0.05130727402865887,0.053086637519299984
2537,2537,4.112445831298828,4.114101886749268,2e-05,2.075562337857382,0.05071254260838032,0.05058990651741624,0.051311998162418604,0.0531038623303175
2538,2538,4.112069129943848,4.119551658630371,2e-05,2.0762463319707285,0.05079105496406555,0.05062533216550946,0.05133666284382343,0.053129179403185844
2539,2539,4.112876892089844,4.115836143493652,2e-05,2.076547323233139,0.05083856359124184,0.050623392686247826,0.051344514824450016,0.05314634367823601
2540,2540,4.108432769775391,4.119032859802246,2e-05,2.076932056362502,0.050725516863167286,0.05066785216331482,0.05138053139671683,0.05317831505089998
2541,2541,4.11067533493042,4.113747596740723,2e-05,2.077469155335944,0.050803384743630886,0.05068305321037769,0.051394309382885695,0.053197466768324375
2542,2542,4.115840911865234,4.113717079162598,2e-05,2.077504503077127,0.050720708444714546,0.05068177683278918,0.05140503728762269,0.05321801360696554
2543,2543,4.1154069900512695,4.117173194885254,2e-05,2.077942193948084,0.05077775754034519,0.050691528245806694,0.05142492428421974,0.0532419802621007
2544,2544,4.112513542175293,4.117959976196289,2e-05,2.0781973451142313,0.050829168409109116,0.05070675536990166,0.05143316322937608,0.053259896114468575
2545,2545,4.117379665374756,4.112035751342773,2e-05,2.0788985627154455,0.050953371450304985,0.05073525384068489,0.05146191082894802,0.053287302143871784
2546,2546,4.111256122589111,4.111785411834717,2e-05,2.0788873459736164,0.05083546042442322,0.050757234916090965,0.05148703418672085,0.05331282131373882
2547,2547,4.110635757446289,4.119635581970215,2e-05,2.079035600699228,0.05097730737179518,0.050757298711687326,0.0514952358789742,0.05333096347749233
2548,2548,4.110102653503418,4.112555027008057,2e-05,2.0790947734598015,0.05094284377992153,0.05078720673918724,0.05150914890691638,0.05335087329149246
2549,2549,4.115479469299316,4.114276885986328,2e-05,2.0785854072835206,0.050777348689734936,0.05075964983552694,0.051517055835574865,0.053367212414741516
2550,2550,4.108404636383057,4.113473892211914,2e-05,2.0788679041008664,0.0510187279433012,0.050842114724218845,0.05156123032793403,0.053404465317726135
2551,2551,4.110172748565674,4.111448287963867,2e-05,2.0785561005554265,0.051127021200954914,0.05084979487583041,0.05156992329284549,0.05342201702296734
2552,2552,4.110756874084473,4.117229461669922,2e-05,2.0792836520185065,0.05088542588055134,0.0508196922019124,0.0515867923386395,0.05344378296285868
2553,2553,4.113279342651367,4.112609386444092,2e-05,2.0795905529528227,0.050944154150784016,0.05088602192699909,0.05160870682448149,0.05346849001944065
2554,2554,4.109214782714844,4.11668586730957,2e-05,2.079534863450403,0.051126329228281975,0.05089937523007393,0.05161697044968605,0.05348589364439249
2555,2555,4.111692905426025,4.113412857055664,2e-05,2.079905991166262,0.0509763527661562,0.05092976149171591,0.05164526356384158,0.05351291690021753
2556,2556,4.110404014587402,4.116936206817627,2e-05,2.079005884797883,0.05096274055540562,0.05096935899928212,0.051672196481376886,0.05353997275233269
2557,2557,4.113924026489258,4.112174987792969,2e-05,2.0797183315380305,0.05119273625314236,0.05092170601710677,0.05166787374764681,0.05355348531156778
2558,2558,4.110577583312988,4.120877265930176,2e-05,2.07975130338402,0.05106189846992493,0.050985310692340136,0.05172157287597656,0.053591170348227024
2559,2559,4.114851951599121,4.111786842346191,2e-05,2.0779044310877133,0.05122090503573418,0.051017796620726585,0.05173444049432874,0.05361162032932043
2560,2560,4.109899044036865,4.113497734069824,2e-05,2.0774280012030473,0.051044986583292484,0.05096319690346718,0.051721854601055384,0.053618104197084904
2561,2561,4.111960411071777,4.11016845703125,2e-05,2.079163290355724,0.05105086509138346,0.05102049792185426,0.05175100872293115,0.05364591535180807
2562,2562,4.113493919372559,4.112098693847656,2e-05,2.0824998380643414,0.05130255315452814,0.05109980143606663,0.05179160786792636,0.05367986857891083
2563,2563,4.113877296447754,4.113297462463379,2e-05,2.08440798542224,0.051235406659543514,0.05107724154368043,0.05179780721664429,0.053697836585342884
2564,2564,4.111926078796387,4.111993312835693,2e-05,2.086677619044853,0.05133160576224327,0.051084171049296856,0.051802986301481724,0.05371432285755873
2565,2565,4.1150360107421875,4.117491722106934,2e-05,2.087829935035037,0.0512557839974761,0.051157524809241295,0.0518417302519083,0.0537462392821908
2566,2566,4.109349727630615,4.113990783691406,2e-05,2.0874063227176096,0.051245651207864285,0.05112047540023923,0.05182473408058286,0.05375291407108307
2567,2567,4.113317966461182,4.1183013916015625,2e-05,2.0869208050525154,0.051155771128833294,0.05114357778802514,0.05187616217881441,0.053790041245520115
2568,2568,4.111108779907227,4.116556167602539,2e-05,2.0865632708885062,0.05119848623871803,0.05115246353670955,0.05188409285619855,0.053809115663170815
2569,2569,4.11121129989624,4.118704795837402,2e-05,2.0861620584063227,0.0514510553330183,0.051186388824135065,0.05189811252057552,0.05383016727864742
2570,2570,4.11369514465332,4.117852210998535,2e-05,2.0849804229406823,0.05137433670461178,0.05121448263525963,0.051929624285548925,0.05385985504835844
2571,2571,4.113057613372803,4.110032081604004,2e-05,2.0844129521237265,0.051234168000519276,0.0512611772865057,0.0519669558852911,0.05389175470918417
2572,2572,4.112160682678223,4.119955062866211,2e-05,2.084246623772696,0.05118871200829744,0.05123138893395662,0.05195753090083599,0.05389993544667959
2573,2573,4.106215953826904,4.111230373382568,2e-05,2.084457407507576,0.051602174527943134,0.051305238623172045,0.05199630931019783,0.053932989947497845
2574,2574,4.110927104949951,4.114596366882324,2e-05,2.083769232564161,0.0514226583763957,0.05124213360249996,0.051989576779305935,0.05394397582858801
2575,2575,4.117771625518799,4.112880706787109,2e-05,2.083090625140881,0.051480489782989025,0.05132272886112332,0.05202722176909447,0.053976044058799744
2576,2576,4.1132330894470215,4.11557674407959,2e-05,2.0828978173470745,0.05140054877847433,0.0513391881249845,0.05203486839309335,0.05399434082210064
2577,2577,4.108419418334961,4.114703178405762,2e-05,2.0826574061733227,0.051452428102493286,0.05134535860270262,0.052059867419302464,0.054019197821617126
2578,2578,4.115072250366211,4.111380577087402,2e-05,2.081742569144981,0.05142649635672569,0.05136101273819804,0.05207493156194687,0.05403989367187023
2579,2579,4.1125383377075195,4.112466335296631,2e-05,2.0817638927738464,0.05156566947698593,0.05141396867111325,0.05211241962388158,0.05407326761633158
2580,2580,4.109689235687256,4.116607189178467,2e-05,2.08115263037052,0.05151150655001402,0.051382317673414946,0.05210254155099392,0.05408155918121338
2581,2581,4.11208963394165,4.112415313720703,2e-05,2.080913534560346,0.05154450424015522,0.051372156012803316,0.05210328986868262,0.05409615021198988
2582,2582,4.112927436828613,4.115100860595703,2e-05,2.081547318957186,0.051627934910357,0.05147414933890104,0.05216042883694172,0.0541384806856513
2583,2583,4.111371040344238,4.113284111022949,2e-05,2.081078563403406,0.051498682238161564,0.05147545365616679,0.052182003390043974,0.05416159890592098
2584,2584,4.110254287719727,4.115278244018555,2e-05,2.081062184858884,0.05170960631221533,0.05150022730231285,0.05219512199983001,0.05418262630701065
2585,2585,4.10929012298584,4.10870361328125,2e-05,2.0806690915311976,0.05151458643376827,0.05148475244641304,0.05220755701884627,0.05420265253633261
2586,2586,4.110694885253906,4.115339756011963,2e-05,1.928606013730549,0.0517813116312027,0.05153764830902219,0.0522247813642025,0.054225494153797626
2587,2587,4.115016937255859,4.111273765563965,2e-05,1.9456688089314536,0.051528435200452805,0.05154165904968977,0.05224283738061786,0.05424764007329941
2588,2588,4.1165385246276855,4.114433288574219,2e-05,1.9597074940307122,0.051653957925736904,0.05154145695269108,0.05225242534652352,0.054265440441668034
2589,2589,4.1069254875183105,4.117489814758301,2e-05,1.9718852181719655,0.05156410485506058,0.05157291376963258,0.05226370133459568,0.05428606458008289
2590,2590,4.107335090637207,4.115898132324219,2e-05,1.9838314076860868,0.05170845240354538,0.051552072167396545,0.05227588303387165,0.05430544726550579
2591,2591,4.112447738647461,4.114228248596191,2e-05,1.9930158587013653,0.051850443705916405,0.05162851605564356,0.052311519626528025,0.05433806963264942
2592,2592,4.111843585968018,4.112205505371094,2e-05,2.001664634733095,0.051738577894866467,0.051650142297148705,0.05234427656978369,0.054367504082620144
2593,2593,4.113772392272949,4.111956596374512,2e-05,2.010370470785819,0.05170836299657822,0.051593034993857145,0.05233656335622072,0.05437874421477318
2594,2594,4.113620758056641,4.116032600402832,2e-05,2.0215713178112695,0.051891216076910496,0.05169442109763622,0.05238510901108384,0.05441625602543354
2595,2595,4.1129608154296875,4.111566543579102,2e-05,2.029779723399408,0.05181597638875246,0.051723208744078875,0.052385054994374514,0.05442987568676472
2596,2596,4.113363265991211,4.115140914916992,2e-05,2.0363074597331603,0.05159458424896002,0.05169404856860638,0.052406372502446175,0.05445437040179968
2597,2597,4.11234712600708,4.1146745681762695,2e-05,2.0416913836425055,0.051920730620622635,0.05171715561300516,0.05242467811331153,0.05447692424058914
2598,2598,4.108917713165283,4.111024379730225,2e-05,2.0451120238853355,0.05171582009643316,0.05176672898232937,0.05245569674298167,0.054504924453794956
2599,2599,4.111562252044678,4.112495422363281,2e-05,2.04893040157949,0.052023448050022125,0.051771307829767466,0.052465689834207296,0.054526349529623985
2600,2600,4.116276264190674,4.111071586608887,2e-05,2.052605589297747,0.052027588710188866,0.05182789172977209,0.05250909272581339,0.05456027202308178
2601,2601,4.110018730163574,4.110254287719727,2e-05,2.0601229108361334,0.051809271797537804,0.05182146606966853,0.052514680195599794,0.0545779699459672
2602,2602,4.1145734786987305,4.110241889953613,2e-05,2.0678852093460716,0.05187594145536423,0.05182849243283272,0.052524727303534746,0.05459699500352144
2603,2603,4.110968589782715,4.115907669067383,2e-05,2.0739574888710397,0.051925514824688435,0.05187274236232042,0.052551555912941694,0.05462255422025919
2604,2604,4.110548973083496,4.110112190246582,2e-05,2.077043806515782,0.05194326024502516,0.05187320988625288,0.05255948519334197,0.05464115832000971
2605,2605,4.108867168426514,4.115016460418701,2e-05,2.0786319010053482,0.05197199434041977,0.05190936103463173,0.05257737962529063,0.05466403625905514
2606,2606,4.1175689697265625,4.108828544616699,2e-05,2.078679495723683,0.05187359545379877,0.051860809326171875,0.05259507754817605,0.05468668043613434
2607,2607,4.115485668182373,4.109748840332031,2e-05,2.079185831086552,0.052076724357903004,0.051954150665551424,0.052630914840847254,0.05471673794090748
2608,2608,4.107626914978027,4.109997749328613,2e-05,2.079331477969892,0.05202671233564615,0.051882140804082155,0.052601971197873354,0.054718438535928726
2609,2609,4.111798286437988,4.117182731628418,2e-05,2.0794699906764214,0.05208554770797491,0.0520067410543561,0.05267204623669386,0.054764771834015846
2610,2610,4.108419895172119,4.114898681640625,2e-05,2.0795030462123365,0.05218092072755098,0.051970981527119875,0.05266598565503955,0.05477636028081179
2611,2611,4.106867790222168,4.112640380859375,2e-05,2.0799319949165387,0.05211672745645046,0.051949693355709314,0.0526776434853673,0.054796675220131874
2612,2612,4.115915298461914,4.1152496337890625,2e-05,2.08505913791443,0.05205950327217579,0.05201732972636819,0.05270895082503557,0.05482504516839981
2613,2613,4.113349437713623,4.115504264831543,2e-05,2.088036143080718,0.0519642885774374,0.05203155614435673,0.052731750532984734,0.05484956316649914
2614,2614,4.106164455413818,4.114871025085449,2e-05,2.0882846968020394,0.0521499989554286,0.05205245455726981,0.05274012638255954,0.05486857146024704
2615,2615,4.111757278442383,4.115806579589844,2e-05,2.0877287122443593,0.05219228379428387,0.05211780173704028,0.05277895275503397,0.054901196621358395
2616,2616,4.110544681549072,4.112313270568848,2e-05,2.0870324554926447,0.05214756075292826,0.05206317454576492,0.052764649502933025,0.05490907188504934
2617,2617,4.108242988586426,4.111884593963623,2e-05,2.0865099122889923,0.05215350445359945,0.05214051064103842,0.05279582738876343,0.05493727792054415
2618,2618,4.110515594482422,4.1111159324646,2e-05,2.086238174385529,0.05221772566437721,0.05214150156825781,0.05281301634386182,0.05496037378907204
2619,2619,4.106983184814453,4.108911514282227,2e-05,2.085708312169758,0.052186084911227226,0.05219343397766352,0.052846016362309456,0.05498987529426813
2620,2620,4.113542079925537,4.110281944274902,2e-05,2.084902455383858,0.05212707631289959,0.05215098802000284,0.05285549722611904,0.055007089860737324
2621,2621,4.105931282043457,4.113935470581055,2e-05,2.084167306228983,0.05212178826332092,0.052216696087270975,0.052880102302879095,0.055034078657627106
2622,2622,4.106317520141602,4.117733001708984,2e-05,2.084090088442663,0.05228177085518837,0.05220651812851429,0.052895231638103724,0.055056119337677956
2623,2623,4.110452175140381,4.108880996704102,2e-05,2.083990797014347,0.05231706611812115,0.05219996953383088,0.052897683810442686,0.05507156066596508
2624,2624,4.11002254486084,4.1133317947387695,2e-05,2.0832209508747663,0.05239082872867584,0.052265046164393425,0.05293056135997176,0.05509969964623451
2625,2625,4.110967636108398,4.111271858215332,2e-05,2.0830275011825288,0.052328819409012794,0.052238285075873137,0.05293435277417302,0.055116609670221806
2626,2626,4.110213756561279,4.112689018249512,2e-05,2.0822553753466875,0.05246448237448931,0.05228732340037823,0.05296654859557748,0.05514773819595575
2627,2627,4.1146063804626465,4.109791278839111,2e-05,2.081856571328511,0.05245378613471985,0.05232042632997036,0.05298517644405365,0.055170160718262196
2628,2628,4.110515594482422,4.1119065284729,2e-05,2.0821719671347583,0.05231460835784674,0.052341838367283344,0.053008309099823236,0.05519506521522999
2629,2629,4.111881256103516,4.115224361419678,2e-05,2.0817123362286254,0.05253808759152889,0.05234573455527425,0.05302200000733137,0.05521587561815977
2630,2630,4.111928462982178,4.110042572021484,2e-05,2.0817763687419295,0.052528224885463715,0.05234185606241226,0.05303564062342048,0.05523625388741493
2631,2631,4.107880115509033,4.11075496673584,2e-05,2.081274837672327,0.05234771687537432,0.05239625973626971,0.05306387646123767,0.05526354257017374
2632,2632,4.103896141052246,4.112836837768555,2e-05,2.081449623797451,0.052354914136230946,0.05237109633162618,0.05306740663945675,0.05527902487665415
2633,2633,4.118125915527344,4.112146854400635,2e-05,2.0815622573492383,0.052554366178810596,0.05241715349256992,0.053086902014911175,0.055303714238107204
2634,2634,4.110607624053955,4.110850811004639,2e-05,2.081344024059264,0.05244542192667723,0.052464200649410486,0.053117118775844574,0.05533153098076582
2635,2635,4.109579563140869,4.109888076782227,2e-05,2.0811550355958457,0.052517376840114594,0.05247945571318269,0.05313956784084439,0.05535662453621626
2636,2636,4.1118059158325195,4.109746932983398,2e-05,2.0801668356367866,0.052542186342179775,0.05249839276075363,0.053171040024608374,0.05538544524461031
2637,2637,4.112999439239502,4.108561992645264,2e-05,2.08024410729589,0.05259842425584793,0.052519772201776505,0.053179577458649874,0.05540305748581886
2638,2638,4.109131813049316,4.113171100616455,2e-05,1.9356357220248546,0.05251478962600231,0.0524912653490901,0.05317747825756669,0.05541681032627821
2639,2639,4.1089935302734375,4.109145164489746,2e-05,1.9527064050697425,0.05262377671897411,0.05257027270272374,0.053227249067276716,0.05545391608029604
2640,2640,4.108823776245117,4.110616683959961,2e-05,1.9670645936457323,0.05268594343215227,0.05252922419458628,0.053221283946186304,0.05546640418469906
2641,2641,4.110133647918701,4.11180305480957,2e-05,1.9793053413884314,0.052570528350770473,0.052581547759473324,0.05325505044311285,0.055495576933026314
2642,2642,4.107273101806641,4.1134033203125,2e-05,1.9897391561151623,0.05263957567512989,0.05261140363290906,0.05327129643410444,0.05551811866462231
2643,2643,4.108221054077148,4.113957405090332,2e-05,1.9989831423314803,0.05293467827141285,0.05260120239108801,0.05328669352456927,0.05553962104022503
2644,2644,4.108583927154541,4.117520809173584,2e-05,2.006507090299877,0.05261292401701212,0.05260872561484575,0.05328252073377371,0.05555081181228161
2645,2645,4.1110124588012695,4.109757423400879,2e-05,2.013905751830845,0.05262623634189367,0.05266922293230891,0.053320037201046944,0.05558327119797468
2646,2646,4.108191967010498,4.119410514831543,2e-05,2.0210112553868913,0.05261441692709923,0.05267039546743035,0.05332257319241762,0.055597648955881596
2647,2647,4.108461856842041,4.1076459884643555,2e-05,2.0270660399224854,0.05286372825503349,0.052683275658637285,0.05336298095062375,0.05563209671527147
2648,2648,4.105869293212891,4.111079216003418,2e-05,1.8872730599604197,0.05280551686882973,0.05268266052007675,0.05336203658953309,0.05564527679234743
2649,2649,4.109858512878418,4.111952781677246,2e-05,1.9066149375717527,0.05277874693274498,0.052709116134792566,0.05337874358519912,0.05566672421991825
2650,2650,4.109473705291748,4.108146667480469,2e-05,1.9242954399876215,0.05270385555922985,0.05271299881860614,0.05340411281213164,0.05569350440055132
2651,2651,4.110628128051758,4.110064506530762,2e-05,1.9399375564923778,0.05274272430688143,0.0527938911691308,0.053437828086316586,0.05572227481752634
2652,2652,4.10723352432251,4.113681793212891,2e-05,1.9547961340841196,0.05288752447813749,0.05274854274466634,0.0534480600617826,0.055741664953529835
2653,2653,4.112198829650879,4.113790988922119,2e-05,1.9677405001770016,0.05282456707209349,0.05280844168737531,0.05348046636208892,0.055771058425307274
2654,2654,4.109854221343994,4.112039089202881,2e-05,1.9786746386411682,0.05294783506542444,0.05279541900381446,0.05347781954333186,0.055783883668482304
2655,2655,4.108442306518555,4.1093220710754395,2e-05,1.9889209515393784,0.052953677251935005,0.05284135928377509,0.053500913083553314,0.055808707140386105
2656,2656,4.108371734619141,4.109045028686523,2e-05,1.9974092817204696,0.05297200847417116,0.05287813488394022,0.05353363882750273,0.05583740305155516
2657,2657,4.111716270446777,4.110881805419922,2e-05,2.0058515354459865,0.052691307850182056,0.052880650851875544,0.053539787884801626,0.05585428327322006
2658,2658,4.110991954803467,4.108489990234375,2e-05,2.013167274803241,0.052889290265738964,0.05292998440563679,0.05357508035376668,0.055885037407279015
2659,2659,4.112832069396973,4.1091766357421875,2e-05,2.0199568905654166,0.05306990072131157,0.05289929220452905,0.05356336710974574,0.05589571688324213
2660,2660,4.108962059020996,4.118697166442871,2e-05,2.0281951655326607,0.0530784260481596,0.05293144518509507,0.05359865911304951,0.0559261329472065
2661,2661,4.112064361572266,4.108341217041016,2e-05,2.03734072057612,0.05319938249886036,0.05297155026346445,0.053627104964107275,0.055951982736587524
2662,2662,4.11447811126709,4.114144325256348,2e-05,2.0439342151399003,0.052957914769649506,0.05297655938193202,0.053628455847501755,0.05596849415451288
2663,2663,4.1120100021362305,4.109994888305664,2e-05,2.048410597157542,0.05306513234972954,0.052968593779951334,0.053648318629711866,0.055991657078266144
2664,2664,4.114402770996094,4.117271423339844,2e-05,2.0516411979453064,0.05280155688524246,0.05301134893670678,0.05367509834468365,0.05601784773170948
2665,2665,4.112419128417969,4.115352153778076,2e-05,2.0544125968809244,0.0530537273734808,0.05304946703836322,0.053706815000623465,0.05604697111994028
2666,2666,4.111407279968262,4.110812664031982,2e-05,2.0574773645692477,0.05314188450574875,0.05304285744205117,0.05370787903666496,0.05606402922421694
2667,2667,4.112799167633057,4.108804702758789,2e-05,2.06004927638818,0.05318322777748108,0.053106407169252634,0.05375186447054148,0.056098503060638905
2668,2668,4.11251163482666,4.115268707275391,2e-05,2.0617870988942157,0.053036161698400974,0.05308799212798476,0.053746852558106184,0.0561098987236619
2669,2669,4.111384391784668,4.111442565917969,2e-05,2.0640895465679514,0.053103599697351456,0.053080324083566666,0.05374932708218694,0.05612620711326599
2670,2670,4.113211631774902,4.109123229980469,2e-05,2.065509796554774,0.05333378352224827,0.053134658839553595,0.05378944240510464,0.056160529144108295
2671,2671,4.10772705078125,4.112239837646484,2e-05,2.0671246431734738,0.053159914910793304,0.05312446551397443,0.0537907388061285,0.05617411993443966
2672,2672,4.108753204345703,4.108750343322754,2e-05,2.068051278500189,0.05335546750575304,0.05316345812752843,0.053818267304450274,0.056202104315161705
2673,2673,4.113044261932373,4.117788314819336,2e-05,2.0690753552937884,0.05328656733036041,0.053208802826702595,0.05384221486747265,0.05622898694127798
2674,2674,4.109447479248047,4.11094856262207,2e-05,2.070639031063356,0.05335521139204502,0.05324026569724083,0.05387274455279112,0.056257023476064205
2675,2675,4.108635902404785,4.110830307006836,2e-05,2.0715254898588866,0.05320228263735771,0.05319826304912567,0.05385447572916746,0.05626420211046934
2676,2676,4.112269878387451,4.110264301300049,2e-05,2.0727223874106597,0.05347292497754097,0.05319597385823727,0.05386806279420853,0.056284137070178986
2677,2677,4.107133865356445,4.108604431152344,2e-05,2.073059652879516,0.053342909552156925,0.05323928827419877,0.053908555302768946,0.056316894479095936
2678,2678,4.11053466796875,4.111756324768066,2e-05,2.073647162173342,0.05337075889110565,0.053272532764822245,0.053930527064949274,0.05634199734777212
2679,2679,4.109751224517822,4.107850074768066,2e-05,2.0742575511871104,0.053316730074584484,0.05334862694144249,0.05396394617855549,0.05637208838015795
2680,2680,4.109580039978027,4.10738468170166,2e-05,2.0746783002474536,0.05340925604104996,0.05330248782411218,0.053958441596478224,0.05638296436518431
2681,2681,4.10965633392334,4.113759994506836,2e-05,1.9306202840400541,0.05339973233640194,0.05337510723620653,0.05399762047454715,0.0564162265509367
2682,2682,4.1101179122924805,4.108071327209473,2e-05,1.946996184232406,0.05342413205653429,0.05337660480290651,0.054007267113775015,0.056435927748680115
2683,2683,4.107287406921387,4.1119842529296875,2e-05,1.9652896536677318,0.05327198747545481,0.05337408650666475,0.0540208057500422,0.05645565688610077
2684,2684,4.109877586364746,4.115601539611816,2e-05,1.9803690632275632,0.05352803971618414,0.05338975368067622,0.05403521005064249,0.05647753272205591
2685,2685,4.111536979675293,4.108973503112793,2e-05,1.993215460907239,0.05353824142366648,0.05345857748761773,0.05408016825094819,0.05651202332228422
2686,2686,4.110212802886963,4.107877731323242,2e-05,2.0069207492947303,0.05352356284856796,0.053461238741874695,0.054082180839031935,0.05652871448546648
2687,2687,4.109936714172363,4.102900505065918,2e-05,2.018652282752622,0.05347561463713646,0.05341108934953809,0.05407004011794925,0.05653747729957104
2688,2688,4.108852863311768,4.113222122192383,2e-05,1.8812409004599313,0.05339366756379604,0.053512316197156906,0.054134930949658155,0.056581742130219936
2689,2689,4.1135969161987305,4.113142490386963,2e-05,1.9049405993632034,0.05362657085061073,0.053542648907750845,0.05415291851386428,0.05660483706742525
2690,2690,4.105401992797852,4.113741874694824,2e-05,1.925799039655874,0.053521592170000076,0.053456905763596296,0.05414633685722947,0.056616087444126606
2691,2691,4.108094692230225,4.111514568328857,2e-05,1.9432913890547587,0.05351801309734583,0.05352901853621006,0.05416566040366888,0.056639947928488255
2692,2692,4.108625411987305,4.108691215515137,2e-05,1.957515546521286,0.0535363694652915,0.05356709146872163,0.05420146230608225,0.05667063035070896
2693,2693,4.1080708503723145,4.1067399978637695,2e-05,1.96991742304108,0.0533815436065197,0.05356327584013343,0.05420671310275793,0.056687512435019016
2694,2694,4.110548973083496,4.106527328491211,2e-05,1.981004772282758,0.053585996851325035,0.05356337130069733,0.0542204799130559,0.056708394549787045
2695,2695,4.112135887145996,4.109669208526611,2e-05,1.9907310285709745,0.05351710505783558,0.053600783459842205,0.05424452153965831,0.056734682992100716
2696,2696,4.107880592346191,4.1127543449401855,2e-05,1.9997295862173956,0.05381726939231157,0.05362857272848487,0.054275174625217915,0.05676355119794607
2697,2697,4.110249042510986,4.11419677734375,2e-05,2.007682252055139,0.053721765987575054,0.0536766410805285,0.05429690284654498,0.05678782984614372
2698,2698,4.107603073120117,4.110286712646484,2e-05,2.0147605310286796,0.05364013183861971,0.05366713274270296,0.05429767584428191,0.05680250748991966
2699,2699,4.111181735992432,4.113645553588867,2e-05,2.021432951470136,0.053674488328397274,0.05364516656845808,0.054299261420965195,0.056819457560777664
2700,2700,4.105381488800049,4.119295120239258,2e-05,2.027668909648558,0.05370925925672054,0.0536950989626348,0.054326653480529785,0.056847102008759975
2701,2701,4.107941627502441,4.112435340881348,2e-05,2.032723810122232,0.05377684999257326,0.05374696245416999,0.054366696160286665,0.0568798603489995
2702,2702,4.107744216918945,4.110603332519531,2e-05,2.037629651962733,0.05391698610037565,0.053730955347418785,0.05436747055500746,0.05689591262489557
2703,2703,4.1134185791015625,4.109778881072998,2e-05,2.0418739671298725,0.05391096044331789,0.05377254309132695,0.05438793217763305,0.05691896565258503
2704,2704,4.111204147338867,4.113987922668457,2e-05,2.0452541622007723,0.053830044344067574,0.05379153974354267,0.05441970285028219,0.05694860592484474
2705,2705,4.106596946716309,4.10795783996582,2e-05,2.048439402771397,0.053893654607236385,0.05378777580335736,0.05441447114571929,0.056960299611091614
2706,2706,4.109402179718018,4.106756210327148,2e-05,2.0518853210306216,0.053876916877925396,0.053794384468346834,0.054422568529844284,0.05697884038090706
2707,2707,4.1077880859375,4.112968921661377,2e-05,2.0536769275818343,0.05390299391001463,0.05383577197790146,0.0544738220050931,0.057017456740140915
2708,2708,4.106754302978516,4.113083839416504,2e-05,2.056977060726635,0.05381493363529444,0.053816030733287334,0.05447030486539006,0.05703062657266855
2709,2709,4.114542484283447,4.106169700622559,2e-05,2.063651343146949,0.05385808367282152,0.05389503901824355,0.054502731654793024,0.05705977976322174
2710,2710,4.108025550842285,4.1097869873046875,2e-05,2.068705176935135,0.05409626290202141,0.05390053195878863,0.05451784422621131,0.05708264000713825
2711,2711,4.102231979370117,4.10890007019043,2e-05,2.0719094374219464,0.05375613644719124,0.05388098442927003,0.05453548487275839,0.057103997096419334
2712,2712,4.105809211730957,4.117039680480957,2e-05,2.0725625263202763,0.05403598491102457,0.05395071720704436,0.05457128398120403,0.05713532958179712
2713,2713,4.104101657867432,4.116782188415527,2e-05,2.073974099591233,0.05380729399621487,0.05391640542075038,0.054552515503019094,0.05714224185794592
2714,2714,4.105698585510254,4.113163948059082,2e-05,2.074772270175473,0.05403849110007286,0.053949200082570314,0.054580133873969316,0.057169522158801556
2715,2715,4.108506202697754,4.111571788787842,2e-05,2.0755625649802383,0.054094042629003525,0.053973155096173286,0.05460443301126361,0.05719493981450796
2716,2716,4.10655403137207,4.111699104309082,2e-05,2.0756577420476567,0.05380294844508171,0.05400036694481969,0.05463532544672489,0.05722404923290014
2717,2717,4.105527877807617,4.105307579040527,2e-05,2.075580711538731,0.0539229279384017,0.05401735566556454,0.054643692914396524,0.057243190705776215
2718,2718,4.108774185180664,4.109920501708984,2e-05,2.076446619886152,0.05386757105588913,0.0540229263715446,0.054654312785714865,0.05726333986967802
2719,2719,4.110283851623535,4.107949256896973,2e-05,2.076744897948664,0.054095265455543995,0.054046958684921265,0.054688170086592436,0.05729297362267971
2720,2720,4.1077880859375,4.1093926429748535,2e-05,2.0768724336306867,0.054173361510038376,0.054042580537498,0.05469496455043554,0.05731067527085543
2721,2721,4.105952262878418,4.109582424163818,2e-05,2.0763002221300875,0.05426449328660965,0.054122529458254576,0.054729240480810404,0.05734261777251959
2722,2722,4.111725807189941,4.1097564697265625,2e-05,2.077034548782653,0.054478442296385765,0.05413984693586826,0.05474534910172224,0.05736469943076372
2723,2723,4.106672286987305,4.109799385070801,2e-05,2.07738541737319,0.05422995612025261,0.05416342196986079,0.054774381686002016,0.05739184748381376
2724,2724,4.11118745803833,4.112812042236328,2e-05,2.0781031693178176,0.05410220753401518,0.05415325844660401,0.054768364410847425,0.057405089028179646
2725,2725,4.108912467956543,4.112443923950195,2e-05,2.078080055858944,0.05425266735255718,0.0541382054798305,0.05478225415572524,0.05742669105529785
2726,2726,4.111448287963867,4.110196113586426,2e-05,2.078484991401828,0.05411209259182215,0.05421377392485738,0.054816631600260735,0.057456900365650654
2727,2727,4.106232643127441,4.111129283905029,2e-05,2.0789462096775955,0.05417858436703682,0.054211404640227556,0.05483124777674675,0.057478565722703934
2728,2728,4.104761600494385,4.107449054718018,2e-05,2.07927693202948,0.0542851947247982,0.054219283163547516,0.05485328892245889,0.057504475116729736
2729,2729,4.1154375076293945,4.103193283081055,2e-05,2.0796093161420592,0.05429214611649513,0.05426209885627031,0.05488382279872894,0.0575330201536417
2730,2730,4.107478141784668,4.111544609069824,2e-05,2.079262820724239,0.054226421751081944,0.05430989246815443,0.05489463219419122,0.057552266865968704
2731,2731,4.1089067459106445,4.112630844116211,2e-05,2.0798973005086716,0.054428339935839176,0.05427303910255432,0.05489464942365885,0.057566987350583076
2732,2732,4.108654975891113,4.11304235458374,2e-05,2.0785817861431086,0.05457225348800421,0.05430382862687111,0.054918169509619474,0.057592520490288734
2733,2733,4.110048770904541,4.109565734863281,2e-05,2.078869602347879,0.05445787310600281,0.054353275801986456,0.05496130418032408,0.05762804578989744
2734,2734,4.107500076293945,4.108644962310791,2e-05,2.0790543026166097,0.054327674210071564,0.05431651137769222,0.05495165381580591,0.05763845145702362
2735,2735,4.103173732757568,4.109048843383789,2e-05,2.081615732110001,0.05441045202314854,0.05435903463512659,0.054978808388113976,0.057666064240038395
2736,2736,4.1064653396606445,4.108611583709717,2e-05,2.0842586185135166,0.054370228201150894,0.05435589887201786,0.05499238707125187,0.05768746696412563
2737,2737,4.101812362670898,4.110462188720703,2e-05,2.0864441695736557,0.05449590086936951,0.05439459206536412,0.05501173669472337,0.05771121010184288
2738,2738,4.10575008392334,4.112006187438965,2e-05,2.0872050619998648,0.0544918654486537,0.05439826846122742,0.05502645019441843,0.05773210525512695
2739,2739,4.105268478393555,4.10634183883667,2e-05,2.086978147528026,0.05449717864394188,0.05444927327334881,0.05504305241629481,0.05775481462478638
2740,2740,4.110993385314941,4.1089887619018555,2e-05,2.086846071918921,0.05458320863544941,0.05445908894762397,0.05507762124761939,0.05778440646827221
2741,2741,4.10859489440918,4.109705924987793,2e-05,2.0861464689386153,0.05441478081047535,0.05450892308726907,0.05510032316669822,0.05780927464365959
2742,2742,4.109045028686523,4.112982749938965,2e-05,2.0844458046777246,0.05458557978272438,0.05449580308049917,0.05509719392284751,0.05782382097095251
2743,2743,4.10968017578125,4.112687587738037,2e-05,2.0848934938389596,0.0545691791921854,0.05450479034334421,0.055129550863057375,0.057853007689118385
2744,2744,4.1074724197387695,4.11269474029541,2e-05,2.084818183146995,0.0546331275254488,0.05452454276382923,0.05513807153329253,0.05787158850580454
2745,2745,4.106522560119629,4.107755661010742,2e-05,2.0843065209265017,0.05446141865104437,0.054535231087356806,0.0551502350717783,0.05789209343492985
2746,2746,4.110227584838867,4.108212471008301,2e-05,2.0841806211749017,0.05469830613583326,0.05458725290372968,0.0551957287825644,0.05792652163654566
2747,2747,4.105009078979492,4.108733654022217,2e-05,2.081868941569499,0.0547030558809638,0.05456203129142523,0.055190883576869965,0.05793976131826639
2748,2748,4.109312534332275,4.104794979095459,2e-05,2.082724214620643,0.05472235567867756,0.05457963654771447,0.05521546769887209,0.05796562973409891
2749,2749,4.111313819885254,4.121005058288574,2e-05,2.0824244237917893,0.0547946710139513,0.054634487722069025,0.05523700872436166,0.05798967182636261
2750,2750,4.111566543579102,4.110941410064697,2e-05,2.0824395773441426,0.05470655485987663,0.054624409414827824,0.05524128256365657,0.05800605192780495
2751,2751,4.105065822601318,4.108495712280273,2e-05,2.082197949304815,0.054642582312226295,0.05462981993332505,0.05525344517081976,0.05802749004215002
2752,2752,4.105280876159668,4.110347270965576,2e-05,2.0812282553850117,0.05465640127658844,0.0547011187300086,0.05530088022351265,0.0580625357106328
2753,2753,4.109655380249023,4.10669469833374,2e-05,2.0816960589883156,0.054749258793890476,0.05473245307803154,0.05531336460262537,0.058082195930182934
2754,2754,4.10770845413208,4.108162879943848,2e-05,2.081868449262528,0.054823591373860836,0.05474375747144222,0.05534387892112136,0.058111351914703846
2755,2755,4.103471755981445,4.10532808303833,2e-05,2.0815701336654406,0.054747771471738815,0.0547685450874269,0.05536032747477293,0.058132738806307316
2756,2756,4.108400344848633,4.1055192947387695,2e-05,2.081621100964986,0.05477621126919985,0.054763973224908113,0.055371653754264116,0.05815390031784773
2757,2757,4.104201316833496,4.105287551879883,2e-05,2.081493504120699,0.054995881393551826,0.05476792762055993,0.05537832761183381,0.05817170534282923
2758,2758,4.10244083404541,4.1192827224731445,2e-05,2.0812450466104826,0.05470612086355686,0.05484093213453889,0.055420154705643654,0.05820349231362343
2759,2759,4.10802698135376,4.108392715454102,2e-05,2.0810263806921347,0.054766143672168255,0.0548336673527956,0.05543077178299427,0.058223629370331764
2760,2760,4.112336158752441,4.107027053833008,2e-05,2.0808914242370085,0.05486242286860943,0.05485389847308397,0.055434339214116335,0.0582410953938961
2761,2761,4.108016014099121,4.110291481018066,2e-05,2.080633957642817,0.054601818323135376,0.05487168440595269,0.05546801397576928,0.058269549161195755
2762,2762,4.103747844696045,4.10800313949585,2e-05,2.0850819817005086,0.05492056254297495,0.054905714467167854,0.05548355309292674,0.058291928842663765
2763,2763,4.1092329025268555,4.1147260665893555,2e-05,2.087857303650099,0.05480891093611717,0.054888201877474785,0.055484084878116846,0.058307383209466934
2764,2764,4.105983734130859,4.107351303100586,2e-05,2.088449289731394,0.05498314183205366,0.05489214323461056,0.055506127420812845,0.058331865817308426
2765,2765,4.106775283813477,4.108894348144531,2e-05,2.088341961896804,0.05503737274557352,0.054947477765381336,0.05554863391444087,0.05836558621376753
2766,2766,4.109915733337402,4.109074592590332,2e-05,2.0872480467803314,0.055068135261535645,0.05492970487102866,0.05553668783977628,0.058375827968120575
2767,2767,4.111719131469727,4.106636047363281,2e-05,2.0862338988930005,0.05486892908811569,0.05496940482407808,0.05556540843099356,0.05840309616178274
2768,2768,4.106916427612305,4.1015400886535645,2e-05,2.0860344885049944,0.0549246147274971,0.05499948700889945,0.05558527261018753,0.05842680484056473
2769,2769,4.107478618621826,4.1133317947387695,2e-05,1.9350145849944271,0.05507089290767908,0.055045648477971554,0.055625004693865776,0.05845887679606676
2770,2770,4.113572120666504,4.1034674644470215,2e-05,1.951224954982363,0.05509968288242817,0.05506978835910559,0.05563675984740257,0.05847998894751072
2771,2771,4.107210159301758,4.1187520027160645,2e-05,1.9650821432313923,0.055002971552312374,0.05508436821401119,0.05565765919163823,0.058503592386841774
2772,2772,4.103126049041748,4.1103386878967285,2e-05,1.9767323179439393,0.05496103782206774,0.055090068373829126,0.05567340785637498,0.05852640885859728
2773,2773,4.104496002197266,4.103632926940918,2e-05,1.9869154770705424,0.05516305658966303,0.055088786873966455,0.05567617900669575,0.058541915379464626
2774,2774,4.1071062088012695,4.109280109405518,2e-05,1.9958753629289303,0.05496268440037966,0.05508755473420024,0.05569701548665762,0.0585667509585619
2775,2775,4.105269432067871,4.10543155670166,2e-05,2.004557830078885,0.055242340080440044,0.05514093767851591,0.055726350750774145,0.058595300652086735
2776,2776,4.104715824127197,4.104404926300049,2e-05,2.012290188249666,0.05510067939758301,0.05517566902562976,0.05575203709304333,0.058620695024728775
2777,2777,4.10389518737793,4.1083760261535645,2e-05,2.01943793852542,0.05522354319691658,0.05514631373807788,0.055749448481947184,0.05863628815859556
2778,2778,4.102670192718506,4.108312606811523,2e-05,2.0257120465007126,0.05515735689550638,0.05515827052295208,0.05575782572850585,0.05865394975990057
2779,2779,4.10423469543457,4.109555244445801,2e-05,2.0298077264966663,0.05497217457741499,0.05521782906726003,0.055791030172258615,0.05868308153003454
2780,2780,4.103697299957275,4.111813545227051,2e-05,2.034505527197968,0.05520338099449873,0.05517665622755885,0.0557757169008255,0.058694027364254
2781,2781,4.111800670623779,4.11785888671875,2e-05,2.0396704995594814,0.055419083684682846,0.0552857331931591,0.05584589811041951,0.05873784888535738
2782,2782,4.103429317474365,4.1099700927734375,2e-05,2.0438469657564067,0.05540710408240557,0.05526329996064305,0.055852449499070644,0.058756726793944836
2783,2783,4.106760025024414,4.110619068145752,2e-05,2.047762056683597,0.055304696783423424,0.05527815828099847,0.05585892125964165,0.058773829601705074
2784,2784,4.108515739440918,4.112539291381836,2e-05,2.050329375480979,0.05535853374749422,0.055289989337325096,0.05586248077452183,0.058791786432266235
2785,2785,4.10677433013916,4.110107898712158,2e-05,2.053588778622121,0.055431902408599854,0.05529420170933008,0.05589251918718219,0.05881907884031534
2786,2786,4.105352401733398,4.111541748046875,2e-05,2.0605451363376504,0.05542846582829952,0.05533588258549571,0.0559305208735168,0.05885124858468771
2787,2787,4.101622581481934,4.109065055847168,2e-05,2.0665148320362023,0.05512583628296852,0.05537292966619134,0.05593845574185252,0.05886889435350895
2788,2788,4.10859489440918,4.109001159667969,2e-05,2.0694368814689406,0.055412063375115395,0.055375258438289165,0.055957221891731024,0.058892859145998955
2789,2789,4.103407859802246,4.113991737365723,2e-05,2.0705549465948008,0.05525725334882736,0.05541126150637865,0.055993028450757265,0.05892270430922508
2790,2790,4.1088104248046875,4.11165714263916,2e-05,2.071633054013668,0.055512179620563984,0.05540811317041516,0.05599957564845681,0.05894192308187485
2791,2791,4.107137680053711,4.110002517700195,2e-05,2.0729086411058324,0.05537100415676832,0.055402403231710196,0.05600533960387111,0.058959947898983955
2792,2792,4.112214088439941,4.113791465759277,2e-05,2.0736968685410346,0.05557939223945141,0.05543216550722718,0.05602749204263091,0.05898459255695343
2793,2793,4.102850914001465,4.109827518463135,2e-05,2.0746071122033465,0.0551400538533926,0.055387046188116074,0.05602182913571596,0.05899753514677286
2794,2794,4.10318660736084,4.110932350158691,2e-05,2.0743645606621763,0.055517856031656265,0.055508560966700315,0.05607306491583586,0.05903488304466009
2795,2795,4.106020927429199,4.1164045333862305,2e-05,2.075155928531075,0.05536190140992403,0.055491605307906866,0.05608564522117376,0.05905600171536207
2796,2796,4.107398986816406,4.111495018005371,2e-05,2.0755412285798207,0.055512527003884315,0.05554648395627737,0.056113369297236204,0.05908371228724718
2797,2797,4.105443954467773,4.112608909606934,2e-05,2.076257109164686,0.05529612489044666,0.05554861621931195,0.05612693168222904,0.05910484027117491
2798,2798,4.106636047363281,4.108567237854004,2e-05,2.075702263891359,0.05560124013572931,0.05557058239355683,0.056142420042306185,0.05912729259580374
2799,2799,4.109292030334473,4.106943130493164,2e-05,1.9701238786047035,0.055556342005729675,0.05556525196880102,0.05615589441731572,0.05914886202663183
2800,2800,4.10654878616333,4.116373538970947,2e-05,1.984989201744143,0.05566730350255966,0.055624022614210844,0.056195218581706285,0.05918118916451931
2801,2801,4.1092939376831055,4.111636161804199,2e-05,1.9976921057693633,0.05558537133038044,0.05557980900630355,0.05617830343544483,0.059189929626882076
2802,2802,4.105719089508057,4.1137895584106445,2e-05,2.007155241776467,0.05558870919048786,0.05561990849673748,0.05620961543172598,0.05921870097517967
2803,2803,4.100679874420166,4.107448577880859,2e-05,2.014823939551389,0.05566675774753094,0.055675312876701355,0.05623703822493553,0.05924498848617077
2804,2804,4.107089042663574,4.101234436035156,2e-05,2.022049237349337,0.055621000938117504,0.055732314474880695,0.05626201117411256,0.05927096400409937
2805,2805,4.107520580291748,4.112738609313965,2e-05,1.8840311719568106,0.055797288194298744,0.05567715549841523,0.056265583261847496,0.05928931478410959
2806,2806,4.104598045349121,4.111094951629639,2e-05,1.9061785789909378,0.05566722806543112,0.055701157078146935,0.056272419169545174,0.05930743180215359
2807,2807,4.104482650756836,4.106142997741699,2e-05,1.9270615532224502,0.05578076001256704,0.05572708696126938,0.05630411487072706,0.05933575425297022
2808,2808,4.104376316070557,4.110588073730469,2e-05,1.9432052356239453,0.05552555248141289,0.05573625722900033,0.05631822161376476,0.059358036145567894
2809,2809,4.111084461212158,4.106989860534668,2e-05,1.9602985657668288,0.055803801864385605,0.0557632721029222,0.05633882153779268,0.05938261095434427
2810,2810,4.108279228210449,4.105921745300293,2e-05,1.9760719636244626,0.055947921238839626,0.05579696921631694,0.05637370888143778,0.0594125110656023
2811,2811,4.107194900512695,4.110471248626709,2e-05,1.9883150742415292,0.05581086874008179,0.05583548545837402,0.05639493279159069,0.059435863979160786
2812,2812,4.105013847351074,4.105870246887207,2e-05,1.9981215033258937,0.055755287408828735,0.05581411672756076,0.0563839259557426,0.059448832646012306
2813,2813,4.106470108032227,4.106375694274902,2e-05,2.0065272548211386,0.0560469776391983,0.05589157110080123,0.05643249396234751,0.05948453303426504
2814,2814,4.1023101806640625,4.108348846435547,2e-05,2.014542355242009,0.05591842718422413,0.055877638049423695,0.056435322389006615,0.059500076808035374
2815,2815,4.10764217376709,4.106998443603516,2e-05,2.021174642836663,0.05596090015023947,0.05588757898658514,0.056450576055794954,0.059522684663534164
2816,2816,4.101456642150879,4.105319976806641,2e-05,2.027076836618305,0.05581358913332224,0.05591602483764291,0.05646288301795721,0.059543381445109844
2817,2817,4.1051483154296875,4.103601455688477,2e-05,2.032153886300953,0.05596432648599148,0.05592850223183632,0.05649450421333313,0.05957319773733616
2818,2818,4.109188079833984,4.110755920410156,2e-05,2.0373848474608187,0.0557934632524848,0.05588765861466527,0.05649514961987734,0.05958708841353655
2819,2819,4.100735664367676,4.1119065284729,2e-05,2.041998292825685,0.05597681552171707,0.05598509544506669,0.05653109960258007,0.059619502164423466
2820,2820,4.1090087890625,4.107966423034668,2e-05,2.045422764415452,0.055969142355024815,0.05596076836809516,0.05654435511678457,0.059640225023031235
2821,2821,4.103775978088379,4.104660511016846,2e-05,2.049190205389857,0.055797725915908813,0.055986307095736265,0.05656119203194976,0.05966333672404289
2822,2822,4.108370780944824,4.108377933502197,2e-05,2.0517599285467107,0.05616132728755474,0.05600507091730833,0.056581408716738224,0.059688083827495575
2823,2823,4.106782913208008,4.106451511383057,2e-05,2.0546035937573484,0.05599659401923418,0.0560795534402132,0.056624472606927156,0.05972116719931364
2824,2824,4.1038923263549805,4.110256671905518,2e-05,2.0571628924469216,0.05608050245791674,0.0560049912892282,0.056603734847158194,0.05972772464156151
2825,2825,4.10783576965332,4.109127044677734,2e-05,2.059691793100692,0.05623456835746765,0.05615406343713403,0.05666724685579538,0.059770374558866024
2826,2826,4.10584831237793,4.10432243347168,2e-05,2.0610882772019123,0.05607276875525713,0.056053115986287594,0.056631628423929214,0.05977053940296173
2827,2827,4.104841232299805,4.112640857696533,2e-05,2.0630857927242205,0.05647260695695877,0.056117063388228416,0.05668536527082324,0.059810055419802666
2828,2828,4.103282928466797,4.110140800476074,2e-05,2.0645965339394876,0.05626893602311611,0.056123063899576664,0.0566851650364697,0.05982528626918793
2829,2829,4.1056437492370605,4.104775428771973,2e-05,2.0664068839883862,0.05617153272032738,0.05615220544859767,0.05671132821589708,0.05985091160982847
2830,2830,4.106895446777344,4.103590965270996,2e-05,2.067602813967145,0.05625719018280506,0.05614529550075531,0.05672597931697965,0.05987401492893696
2831,2831,4.104121208190918,4.104552745819092,2e-05,2.068021393354841,0.05612485855817795,0.05619760137051344,0.0567505625076592,0.059898137114942074
2832,2832,4.108658313751221,4.109376907348633,2e-05,2.069432195148135,0.05617504846304655,0.05619264068081975,0.05676706600934267,0.0599207216873765
2833,2833,4.108345985412598,4.113993167877197,2e-05,2.0706151427755373,0.05614635907113552,0.056259111035615206,0.056802060920745134,0.059951720759272575
2834,2834,4.108389377593994,4.108773708343506,2e-05,2.071385304327493,0.05628469865769148,0.056227791123092175,0.05680137872695923,0.05996675789356232
2835,2835,4.111004829406738,4.1113080978393555,2e-05,2.07428116230289,0.0564505010843277,0.05627692909911275,0.056821408215910196,0.059991516172885895
2836,2836,4.102312088012695,4.107846260070801,2e-05,2.078648601090202,0.05638328846544027,0.05620550364255905,0.05680636968463659,0.06000120472162962
2837,2837,4.103322982788086,4.104273319244385,2e-05,2.082340891416156,0.05624192487448454,0.05633594049140811,0.05687012244015932,0.060041978023946285
2838,2838,4.109125137329102,4.11047887802124,2e-05,2.083056507226514,0.0563414441421628,0.05634959740564227,0.05688062543049455,0.06006250996142626
2839,2839,4.100069999694824,4.106939315795898,2e-05,2.082619607175051,0.056324951350688934,0.056327114813029766,0.05689202528446913,0.0600842023268342
2840,2840,4.104085922241211,4.106170654296875,2e-05,2.0824169230700225,0.056362925097346306,0.056357067078351974,0.05690811201930046,0.06010496709495783
2841,2841,4.097803115844727,4.102630138397217,2e-05,2.082917817632602,0.056291635148227215,0.056346829514950514,0.056920021306723356,0.06012512929737568
2842,2842,4.107723236083984,4.105123996734619,2e-05,2.082433002484143,0.05638032499700785,0.05642858473584056,0.05694672930985689,0.060153028927743435
2843,2843,4.102180480957031,4.106203079223633,2e-05,2.0827181175177327,0.056520829908549786,0.056423572823405266,0.05697235697880387,0.060178461484611034
2844,2844,4.105948448181152,4.116994380950928,2e-05,2.0822952815423235,0.05625259317457676,0.0564227644354105,0.05697094555944204,0.06019285973161459
2845,2845,4.1086344718933105,4.109279632568359,2e-05,2.0820037458330405,0.05658003035932779,0.05639953166246414,0.05699309799820185,0.06021910160779953
2846,2846,4.1029815673828125,4.109602928161621,2e-05,2.081551059713961,0.056409575045108795,0.05642606737092137,0.057001904118806124,0.06023698393255472
2847,2847,4.101244926452637,4.1040520668029785,2e-05,2.0815345127401184,0.05644360650330782,0.05648975120857358,0.05704897828400135,0.06027208734303713
2848,2848,4.103911399841309,4.107564449310303,2e-05,2.0816312136004247,0.056449892930686474,0.056505896151065826,0.05705509381368756,0.06029050797224045
2849,2849,4.104278087615967,4.108689308166504,2e-05,2.0814877503056906,0.05659089609980583,0.05654211528599262,0.057075518649071455,0.060315256007015705
2850,2850,4.103117942810059,4.106842041015625,2e-05,2.0812695467522344,0.0566014414653182,0.05655243806540966,0.05710410047322512,0.06034224573522806
2851,2851,4.106235980987549,4.110081672668457,2e-05,2.0808359719377183,0.056427315808832645,0.056551598478108644,0.057108826003968716,0.06036089453846216
2852,2852,4.103015899658203,4.105175495147705,2e-05,2.0803298267526102,0.05671645514667034,0.056568830739706755,0.057122813537716866,0.06038315314799547
2853,2853,4.103424072265625,4.106142044067383,2e-05,2.0806810660299178,0.05668768472969532,0.05663506453856826,0.05716077284887433,0.06041430030018091
2854,2854,4.104781150817871,4.107205390930176,2e-05,2.0806004385308734,0.05657040607184172,0.056607607286423445,0.057159689255058765,0.06042975187301636
2855,2855,4.106861114501953,4.10276985168457,2e-05,2.080592241663188,0.056521909311413765,0.056616685818880796,0.05718429898843169,0.06045488454401493
2856,2856,4.101284027099609,4.099888801574707,2e-05,2.0806517502341144,0.05662738811224699,0.05662417085841298,0.05719017889350653,0.06047426536679268
2857,2857,4.10411262512207,4.110729217529297,2e-05,1.9342653929637161,0.05666733719408512,0.056692867539823055,0.05722232488915324,0.06050332169979811
2858,2858,4.105700492858887,4.109289646148682,2e-05,1.9506362654630733,0.05660287104547024,0.05667752446606755,0.05723749753087759,0.06052572559565306
2859,2859,4.1133832931518555,4.1080498695373535,2e-05,1.9649503553630714,0.056724498979747295,0.05667958548292518,0.05725084710866213,0.06054740771651268
2860,2860,4.106331825256348,4.108431339263916,2e-05,1.976497261468089,0.056771096773445606,0.05671871919184923,0.05726301111280918,0.060568006709218025
2861,2861,4.102689743041992,4.111628532409668,2e-05,1.9871969818589421,0.056652845814824104,0.056734676007181406,0.057288157753646374,0.06059330888092518
2862,2862,4.0999860763549805,4.103969573974609,2e-05,1.9964994174555095,0.05693580582737923,0.05670538172125816,0.05729607306420803,0.060613599605858326
2863,2863,4.104139804840088,4.109978199005127,2e-05,2.004992991862832,0.05673100147396326,0.05676347343251109,0.05731755355373025,0.060637167654931545
2864,2864,4.107554912567139,4.107730865478516,2e-05,2.0113293229150826,0.05686580203473568,0.056815192103385925,0.057343598920851946,0.060663835145533085
2865,2865,4.110645294189453,4.102510452270508,2e-05,2.0191261144899553,0.05706842429935932,0.056850784458220005,0.0573756149969995,0.060692548751831055
2866,2866,4.111438274383545,4.111836910247803,2e-05,2.025453730940044,0.05669334623962641,0.056880881544202566,0.057390821631997824,0.06071436032652855
2867,2867,4.106849670410156,4.105921745300293,2e-05,2.0307845250729173,0.057208254002034664,0.05687040463089943,0.05739904334768653,0.060735417529940605
2868,2868,4.107016563415527,4.112361907958984,2e-05,2.035971112826541,0.05670013837516308,0.05683560064062476,0.05740738334134221,0.060754225589334965
2869,2869,4.1067304611206055,4.111114501953125,2e-05,2.0403986111024306,0.056845249608159065,0.0569285755045712,0.05743939941748977,0.06078295223414898
2870,2870,4.101507663726807,4.106967926025391,2e-05,2.044291795066391,0.05688104685395956,0.05696780141443014,0.057467200327664614,0.06081117782741785
2871,2871,4.103808403015137,4.103099346160889,2e-05,2.0479144625451537,0.05696755554527044,0.05698929959908128,0.05748301465064287,0.06083428952842951
2872,2872,4.107131004333496,4.103497505187988,2e-05,2.051368206189101,0.0570197906345129,0.05697410646826029,0.0575020182877779,0.060856737196445465
2873,2873,4.1051154136657715,4.10145378112793,2e-05,2.0539963600012667,0.05708844214677811,0.057006402872502804,0.0575221823528409,0.060881711542606354
2874,2874,4.10347843170166,4.106532573699951,2e-05,2.0554323542396737,0.0570794902741909,0.057024434208869934,0.057548465207219124,0.06090899743139744
2875,2875,4.100451946258545,4.107719421386719,2e-05,2.058467302215916,0.05688953958451748,0.05699498625472188,0.05753991054370999,0.06092187948524952
2876,2876,4.105183124542236,4.106101989746094,2e-05,2.0611688916733386,0.05684982240200043,0.05703809438273311,0.0575618757866323,0.06094700563699007
2877,2877,4.098968029022217,4.1061530113220215,2e-05,2.062353721858649,0.05709510017186403,0.057016263250261545,0.05756667489185929,0.06096440367400646
2878,2878,4.101478576660156,4.102634429931641,2e-05,2.06286101348024,0.05717111937701702,0.05706260772421956,0.0576018039137125,0.06099521555006504
2879,2879,4.105490684509277,4.108715057373047,2e-05,2.0645079572064193,0.0570699330419302,0.05707429954782128,0.05761731183156371,0.061018663458526134
2880,2880,4.10866641998291,4.1130757331848145,2e-05,2.06718686833723,0.05715543124824762,0.057130821980535984,0.05764803197234869,0.06104615610092878
2881,2881,4.107653617858887,4.106856822967529,2e-05,2.06902147787551,0.05719379987567663,0.05709238862618804,0.05764697352424264,0.06106209568679333
2882,2882,4.1001152992248535,4.107273101806641,2e-05,2.070101859466083,0.057257020846009254,0.057139708660542965,0.05767363356426358,0.061088440008461475
2883,2883,4.103010177612305,4.104503631591797,2e-05,2.070639547663789,0.05718670226633549,0.0571884335950017,0.057696853298693895,0.06111456826329231
2884,2884,4.103923797607422,4.101472854614258,2e-05,2.0716522073701316,0.05721004493534565,0.05720457248389721,0.05771752027794719,0.061139035038650036
2885,2885,4.1052117347717285,4.107309818267822,2e-05,2.071805917814102,0.05708442069590092,0.057193794287741184,0.057735477574169636,0.06116327829658985
2886,2886,4.109748840332031,4.112205505371094,2e-05,2.076036622631958,0.057120674289762974,0.057223676703870296,0.057740280870348215,0.06118081510066986
2887,2887,4.10489559173584,4.106021881103516,2e-05,2.080380040071648,0.05724979378283024,0.057163570541888475,0.057729148771613836,0.061192710883915424
2888,2888,4.107797145843506,4.098194122314453,2e-05,2.0828418466134995,0.057227945886552334,0.05722264666110277,0.05776614276692271,0.06122345570474863
2889,2889,4.102541923522949,4.1077046394348145,2e-05,1.9373919015609469,0.05748883355408907,0.05729419784620404,0.05779666267335415,0.06125284358859062
2890,2890,4.10024356842041,4.1047444343566895,2e-05,1.9530580207884265,0.05745246913284063,0.057299417443573475,0.0578148509375751,0.06127648241817951
2891,2891,4.101376533508301,4.109099864959717,2e-05,1.968744985201267,0.057436397299170494,0.057307802606374025,0.05782234389334917,0.06129451468586922
2892,2892,4.103215217590332,4.1063551902771,2e-05,1.9787061169196745,0.057307176291942596,0.05728854751214385,0.057844117283821106,0.061319186352193356
2893,2893,4.101388931274414,4.103692054748535,2e-05,1.9889393707482692,0.057257688604295254,0.05734391696751118,0.05785878608003259,0.06133944820612669
2894,2894,4.105687618255615,4.107185363769531,2e-05,1.997696867238885,0.05730642843991518,0.057377465069293976,0.057892128359526396,0.06136931385844946
2895,2895,4.102353096008301,4.10740327835083,2e-05,2.0057390885026978,0.05737148318439722,0.05737630324438214,0.05791074503213167,0.061392360366880894
2896,2896,4.100806713104248,4.105764389038086,2e-05,2.0152374330169,0.0574853764846921,0.05741266533732414,0.05793121038004756,0.061416879296302795
2897,2897,4.105415344238281,4.105663299560547,2e-05,2.020182832704928,0.05738937482237816,0.057411320973187685,0.05794147914275527,0.06143665686249733
2898,2898,4.102726936340332,4.1016764640808105,2e-05,2.026169354434227,0.0575262401252985,0.05745056597515941,0.05796612799167633,0.06146314647048712
2899,2899,4.104763507843018,4.102780342102051,2e-05,2.0313149238219275,0.0574182840064168,0.0574551154859364,0.0579817364923656,0.061484030447900295
2900,2900,4.1036834716796875,4.10323429107666,2e-05,2.0359311199039594,0.05747716221958399,0.057506225537508726,0.05800144420936704,0.06150834821164608
2901,2901,4.100864887237549,4.105379104614258,2e-05,2.0423395910659274,0.057495469227433205,0.05748289544135332,0.058014359790831804,0.061529483646154404
2902,2902,4.102261543273926,4.1049604415893555,2e-05,2.04523539008198,0.05751765985041857,0.0574706825427711,0.05802527582272887,0.0615504514425993
2903,2903,4.104373931884766,4.104355812072754,2e-05,2.048341084635636,0.057706340216100216,0.05756166344508529,0.05806427262723446,0.06158070079982281
2904,2904,4.102269172668457,4.109114646911621,2e-05,2.0514944552760204,0.05756920203566551,0.05751593690365553,0.05807172041386366,0.0615998525172472
2905,2905,4.105731964111328,4.101984977722168,2e-05,2.0537820419333856,0.05766360089182854,0.05756705300882459,0.05807759379968047,0.06161901541054249
2906,2906,4.105390548706055,4.1058573722839355,2e-05,2.0583373196331465,0.05772635340690613,0.05754767311736941,0.05809262674301863,0.06164001952856779
2907,2907,4.099743843078613,4.103137969970703,2e-05,2.0591509254201785,0.05790363717824221,0.057638495694845915,0.05813384288921952,0.061672416515648365
2908,2908,4.10309362411499,4.107962608337402,2e-05,2.0608354738180923,0.05782151035964489,0.05765659827739,0.05814732378348708,0.061695327050983906
2909,2909,4.1060471534729,4.106942653656006,2e-05,2.0628657031986104,0.05761535279452801,0.05766723118722439,0.05816756375133991,0.06171814538538456
2910,2910,4.105769157409668,4.1054277420043945,2e-05,2.0640457113418473,0.05765322130173445,0.057623807806521654,0.058166072238236666,0.061735338531434536
2911,2911,4.101466178894043,4.116387367248535,2e-05,2.068748582221015,0.05776677932590246,0.05772175220772624,0.05821895087137818,0.06177241448312998
2912,2912,4.106447219848633,4.103326320648193,2e-05,2.074649014258297,0.057687495835125446,0.05770212644711137,0.05820908769965172,0.0617842273786664
2913,2913,4.106743812561035,4.10527229309082,2e-05,2.0773220311394422,0.057821741327643394,0.057696109637618065,0.05822339979931712,0.061806234531104565
2914,2914,4.104837417602539,4.103452682495117,2e-05,2.077740780354102,0.057678028009831905,0.05776412133127451,0.058257699478417635,0.06183658540248871
2915,2915,4.101761341094971,4.108958721160889,2e-05,2.0783558931353445,0.05777218844741583,0.057772968895733356,0.058280852157622576,0.06186266243457794
2916,2916,4.102083683013916,4.103163719177246,2e-05,2.0802900192571894,0.057679505087435246,0.057714374270290136,0.058252640068531036,0.06186696421355009
2917,2917,4.102651119232178,4.102514266967773,2e-05,2.0796242206264552,0.05771647207438946,0.05778377316892147,0.05831196764484048,0.061907658353447914
2918,2918,4.1032586097717285,4.104459762573242,2e-05,2.07924664635585,0.057781314477324486,0.05781591171398759,0.05832934193313122,0.06193145923316479
2919,2919,4.1033806800842285,4.106164455413818,2e-05,2.0785769976559685,0.05801842547953129,0.05787865538150072,0.058357078582048416,0.06195874325931072
2920,2920,4.1086835861206055,4.099809646606445,2e-05,2.0784842723214476,0.05770912580192089,0.057857237290591,0.05836230795830488,0.06197706516832113
2921,2921,4.101706027984619,4.104210376739502,2e-05,2.0804987500917345,0.05792003311216831,0.0578110464848578,0.05835362337529659,0.06199098564684391
2922,2922,4.105710983276367,4.105067729949951,2e-05,2.079189093533534,0.0578412190079689,0.057899809908121824,0.05839571915566921,0.0620224280282855
2923,2923,4.106182098388672,4.106781005859375,2e-05,2.0791117453409544,0.05776264611631632,0.05788171989843249,0.05841449834406376,0.06204621493816376
2924,2924,4.1035003662109375,4.10684871673584,2e-05,2.0790693214780473,0.058101932518184185,0.05793825816363096,0.05843830620869994,0.06207460071891546
2925,2925,4.1002702713012695,4.1066131591796875,2e-05,2.078937242748263,0.05805614031851292,0.05793114099651575,0.0584500590339303,0.06209484115242958
2926,2926,4.105865478515625,4.107841491699219,2e-05,2.0807075513997804,0.05805753357708454,0.0579682937823236,0.05845871940255165,0.06211359892040491
2927,2927,4.103060722351074,4.105031967163086,2e-05,2.0838156548638227,0.05788583494722843,0.05799181014299393,0.058488213922828436,0.06214300822466612
2928,2928,4.106000900268555,4.1032304763793945,2e-05,2.0881187620422277,0.057929281145334244,0.05801988998427987,0.05850767996162176,0.062167080119252205
2929,2929,4.101383209228516,4.10399055480957,2e-05,2.0917795563735675,0.05797710921615362,0.05800415249541402,0.058514794800430536,0.06218570191413164
2930,2930,4.104884624481201,4.104290008544922,2e-05,2.09433045091655,0.057958809658885,0.0580176617950201,0.058527986984699965,0.06220756657421589
2931,2931,4.103943824768066,4.106547832489014,2e-05,2.0948308877179946,0.05811575520783663,0.0580609361641109,0.05856578703969717,0.06223841290920973
2932,2932,4.103376388549805,4.107080459594727,2e-05,2.093498751274799,0.058109077624976635,0.05809103371575475,0.058587729930877686,0.06226383615285158
2933,2933,4.100503444671631,4.104522705078125,2e-05,2.0932835874786373,0.05816142540425062,0.05805907305330038,0.05858747847378254,0.06228060554713011
2934,2934,4.101584434509277,4.102919578552246,2e-05,2.0917103251142843,0.05814184434711933,0.05815303651615977,0.05863677058368921,0.062315355986356735
2935,2935,4.102692604064941,4.102001190185547,2e-05,2.090341318079745,0.05800826195627451,0.05812512245029211,0.05862600123509765,0.06232760474085808
2936,2936,4.107980728149414,4.107749938964844,2e-05,2.08935160416069,0.058234795928001404,0.05815027467906475,0.058667324017733335,0.06235906761139631
2937,2937,4.099628448486328,4.1081085205078125,2e-05,2.09286587149051,0.0584199046716094,0.05815099598839879,0.0586539339274168,0.06237238924950361
2938,2938,4.104194641113281,4.108219146728516,2e-05,2.0952594152446413,0.05830386932939291,0.05815367167815566,0.058674249332398176,0.06239667534828186
2939,2939,4.098273754119873,4.107623100280762,2e-05,2.0956341818686255,0.05809208191931248,0.05820762552320957,0.05870508449152112,0.06242293957620859
2940,2940,4.103503227233887,4.105630397796631,2e-05,2.094656414348703,0.05835014209151268,0.05819973535835743,0.058714854065328836,0.062443360686302185
2941,2941,4.099949359893799,4.103815078735352,2e-05,2.093351640969968,0.05840533226728439,0.0582061936147511,0.05873656366020441,0.06246882304549217
2942,2942,4.104849815368652,4.10078239440918,2e-05,2.091227266873772,0.05811583995819092,0.05825169337913394,0.05874868296086788,0.0624899473041296
2943,2943,4.109058380126953,4.1009321212768555,2e-05,2.090087069564519,0.05828825943171978,0.05822540260851383,0.05875675659626722,0.0625078584998846
2944,2944,4.10139274597168,4.104008197784424,2e-05,2.089668991749872,0.058150977827608585,0.05831530969589949,0.05879978369921446,0.06254129111766815
2945,2945,4.097504138946533,4.109982967376709,2e-05,2.0888456087277585,0.05826496798545122,0.05827795993536711,0.058792993891984224,0.06255495361983776
2946,2946,4.10599422454834,4.106647968292236,2e-05,2.0879114097568485,0.05841248296201229,0.05832419125363231,0.05883755208924413,0.06258833594620228
2947,2947,4.097933769226074,4.1029462814331055,2e-05,2.0870335267263695,0.0584051962941885,0.05832755705341697,0.058824208565056324,0.06259888969361782
2948,2948,4.104671478271484,4.104944705963135,2e-05,2.0869332504224825,0.05853233579546213,0.05837707407772541,0.05886563938111067,0.06263193674385548
2949,2949,4.1058149337768555,4.106950283050537,2e-05,2.086380962925932,0.05848085321485996,0.058403028175234795,0.05887713795527816,0.06265283189713955
2950,2950,4.105931282043457,4.103518486022949,2e-05,2.085510310723079,0.058333251625299454,0.05835040146484971,0.05888146813958883,0.06267047300934792
2951,2951,4.100566387176514,4.10477352142334,2e-05,2.085053234873553,0.058433800004422665,0.05846894299611449,0.058939550537616014,0.06271008029580116
2952,2952,4.101955413818359,4.109219074249268,2e-05,2.0842832544921825,0.05833042599260807,0.058382634073495865,0.058905544225126505,0.06271232850849628
2953,2953,4.100071430206299,4.111917018890381,2e-05,2.0838820144365227,0.05826795753091574,0.05847391486167908,0.05896080704405904,0.06275043077766895
2954,2954,4.101305961608887,4.101227283477783,2e-05,2.0836546810490053,0.05850512720644474,0.05851206788793206,0.05898042814806104,0.06277511455118656
2955,2955,4.103612899780273,4.105868339538574,2e-05,2.083430250489803,0.05851158034056425,0.058497292920947075,0.05898803938180208,0.06279287301003933
2956,2956,4.1000213623046875,4.105053901672363,2e-05,2.082640028643824,0.05842914804816246,0.05853443080559373,0.059009271673858166,0.06281862407922745
2957,2957,4.10263729095459,4.1005659103393555,2e-05,2.081717090654146,0.058726574294269085,0.058583781123161316,0.05905133159831166,0.0628516711294651
2958,2958,4.097812175750732,4.100202560424805,2e-05,2.0812264225447152,0.058646208606660366,0.05856024939566851,0.05903178406879306,0.06286160089075565
2959,2959,4.0984673500061035,4.100180625915527,2e-05,2.0817367360654777,0.05859361495822668,0.058582034427672625,0.059056357480585575,0.06288697943091393
2960,2960,4.105030059814453,4.103954315185547,2e-05,2.0808844527058525,0.05861243698745966,0.05857009580358863,0.05905430391430855,0.06290426850318909
2961,2961,4.103236198425293,4.100558757781982,2e-05,2.0808676679387856,0.05857228860259056,0.05857420340180397,0.05907757533714175,0.06292828917503357
2962,2962,4.103769779205322,4.1049299240112305,2e-05,2.080657068371785,0.0585747454315424,0.05858130473643541,0.0590880629606545,0.06294895336031914
2963,2963,4.102036476135254,4.105181694030762,2e-05,2.0833348208111535,0.05859884433448315,0.05859860498458147,0.059125963132828474,0.06297995522618294
2964,2964,4.109269618988037,4.100035667419434,2e-05,2.0864586727038046,0.05886212270706892,0.05866943299770355,0.05915897199884057,0.06300995126366615
2965,2965,4.109006404876709,4.104903221130371,2e-05,2.0885054580562565,0.058679861947894096,0.05866597779095173,0.05915906047448516,0.06302640400826931
2966,2966,4.0982255935668945,4.103588104248047,2e-05,2.088782116951965,0.05885011609643698,0.058702950831502676,0.059179308358579874,0.06305183283984661
2967,2967,4.09938383102417,4.104613304138184,2e-05,2.087432065507262,0.058731100521981716,0.05870366282761097,0.059186868369579315,0.06307052448391914
2968,2968,4.107479095458984,4.106138229370117,2e-05,2.0871451526384823,0.0588676193729043,0.05868321191519499,0.05918371072039008,0.06308657862246037
2969,2969,4.098843097686768,4.105276584625244,2e-05,2.0868272819317335,0.05888659227639437,0.05878949910402298,0.05923271086066961,0.06312165595591068
2970,2970,4.10225248336792,4.099361419677734,2e-05,2.0863798198747263,0.05878185294568539,0.05874359514564276,0.059235846158117056,0.06313960999250412
2971,2971,4.107186317443848,4.10371208190918,2e-05,2.0856921997891202,0.05893613863736391,0.058813728392124176,0.05928709264844656,0.06317616067826748
2972,2972,4.102834224700928,4.105011463165283,2e-05,2.084532935298835,0.058732000179588795,0.058737550396472216,0.05925848335027695,0.06318115629255772
2973,2973,4.103755950927734,4.103994369506836,2e-05,2.0844439906345253,0.058979314751923084,0.05883719539269805,0.05931468401104212,0.06322010979056358
2974,2974,4.099381446838379,4.101978778839111,2e-05,2.0840043965708652,0.059124208986759186,0.0588859748095274,0.05933541525155306,0.06324427947402
2975,2975,4.105350494384766,4.105530738830566,2e-05,2.0834282193619096,0.058896481059491634,0.05887588020414114,0.05934137664735317,0.06326222978532314
2976,2976,4.101436614990234,4.10204553604126,2e-05,2.083452230219872,0.05890714190900326,0.05892017437145114,0.05936849769204855,0.06329036690294743
2977,2977,4.100046157836914,4.09774112701416,2e-05,2.0823669382917336,0.058704682625830173,0.05887738522142172,0.05934900091961026,0.06329847127199173
2978,2978,4.099326133728027,4.114046096801758,2e-05,1.9352724751425063,0.059008821845054626,0.058846102096140385,0.05936010042205453,0.06332113221287727
2979,2979,4.099344253540039,4.105216026306152,2e-05,1.9500599103558023,0.0592478858307004,0.05895494995638728,0.05941535998135805,0.06335842981934547
2980,2980,4.105123996734619,4.099960803985596,2e-05,1.9633412957628684,0.05905146710574627,0.05893837520852685,0.05941879004240036,0.06337616220116615
2981,2981,4.105439186096191,4.101758003234863,2e-05,1.9754336310383904,0.05908218864351511,0.05896587856113911,0.059447336941957474,0.06340371072292328
2982,2982,4.102089881896973,4.11015510559082,2e-05,1.9861602713773991,0.05903000198304653,0.0589879616163671,0.05946727097034454,0.0634266659617424
2983,2983,4.097104549407959,4.099666595458984,2e-05,1.9959557978774138,0.05902159120887518,0.05895276181399822,0.059463003650307655,0.06344258040189743
2984,2984,4.1006999015808105,4.097417831420898,2e-05,2.0038144845807295,0.058931090869009495,0.059017154853791,0.05949709936976433,0.06347259320318699
2985,2985,4.1023054122924805,4.1037445068359375,2e-05,1.8674424249134574,0.05931073985993862,0.0590505818836391,0.05951929930597544,0.06349810026586056
2986,2986,4.097743034362793,4.1056413650512695,2e-05,1.8878917785451268,0.059296262450516224,0.0590441906824708,0.059520787093788385,0.06351505778729916
2987,2987,4.100762367248535,4.107894420623779,2e-05,1.9070331721677265,0.05919342488050461,0.05912422947585583,0.059565887320786715,0.06354864127933979
2988,2988,4.100183010101318,4.104048728942871,2e-05,1.924470892496652,0.05922237690538168,0.059094220865517855,0.059554221108555794,0.06356092542409897
2989,2989,4.104488849639893,4.1052985191345215,2e-05,1.940092986854362,0.05910970736294985,0.059131909627467394,0.05959963006898761,0.06359515339136124
2990,2990,4.101668834686279,4.1047868728637695,2e-05,1.95423464049753,0.059087383560836315,0.0590496058575809,0.05958057241514325,0.06360295414924622
2991,2991,4.099612236022949,4.101168632507324,2e-05,1.966759064340531,0.05904878210276365,0.059129489585757256,0.059604376554489136,0.06362965889275074
2992,2992,4.102272033691406,4.112148761749268,2e-05,1.978127575795397,0.05906387697905302,0.05912752030417323,0.05963279027491808,0.06365752033889294
2993,2993,4.107049942016602,4.09979248046875,2e-05,1.988324574001807,0.059029411524534225,0.05919142533093691,0.05965319508686662,0.06368177197873592
2994,2994,4.099864959716797,4.104245185852051,2e-05,1.9971879644192214,0.05927662551403046,0.059194973669946194,0.059673406183719635,0.06370576657354832
2995,2995,4.103280067443848,4.108608722686768,2e-05,2.0055210149627007,0.0592866986989975,0.05921789212152362,0.05968198040500283,0.06372518464922905
2996,2996,4.101648807525635,4.105210781097412,2e-05,2.0131644940097946,0.05907412990927696,0.05922326957806945,0.059679893776774406,0.06374010443687439
2997,2997,4.100295066833496,4.106488227844238,2e-05,2.0204884715731546,0.05949711985886097,0.05924663878977299,0.05972728179767728,0.06377624720335007
2998,2998,4.101383209228516,4.10168981552124,2e-05,2.025908665448713,0.05946505907922983,0.05928470008075237,0.059737241361290216,0.06379737704992294
2999,2999,4.101068496704102,4.100069046020508,2e-05,2.0309865024211056,0.05948287062346935,0.059263622388243675,0.05974770989269018,0.06381766684353352
3000,3000,4.09946870803833,4.1027069091796875,2e-05,2.0358778062342036,0.059272004291415215,0.05929452832788229,0.059768067207187414,0.06384106911718845
3001,3001,4.09893274307251,4.101615905761719,2e-05,2.0401983373621517,0.059359993785619736,0.05934954108670354,0.059807556215673685,0.06387198902666569
3002,3002,4.101557731628418,4.099985122680664,2e-05,2.044587572268775,0.05946219153702259,0.059355884324759245,0.0598163353279233,0.06389358267188072
3003,3003,4.09765625,4.1034040451049805,2e-05,2.0473273234102507,0.05938297975808382,0.059324854984879494,0.05980438506230712,0.06390592455863953
3004,3004,4.102992057800293,4.104180812835693,2e-05,2.050490538365539,0.05937611497938633,0.05939394421875477,0.0598567733541131,0.06394301541149616
3005,3005,4.099809646606445,4.100358009338379,2e-05,2.0538530381667397,0.059588393196463585,0.05938448756933212,0.059869482181966305,0.06396268680691719
3006,3006,4.101826190948486,4.1039838790893555,2e-05,2.0565096759913906,0.05939518008381128,0.05944099836051464,0.05989811988547444,0.06399054825305939
3007,3007,4.103794097900391,4.1009697914123535,2e-05,2.0589056025877137,0.05945046525448561,0.05944073339924216,0.05990935396403074,0.06401176191866398
3008,3008,4.10172176361084,4.107884883880615,2e-05,2.0606023554992223,0.05938847083598375,0.05946902511641383,0.05993109801784158,0.06403661146759987
3009,3009,4.102505207061768,4.097166061401367,2e-05,2.062346615965773,0.05951558146625757,0.05948113836348057,0.05993401864543557,0.06405425444245338
3010,3010,4.102277755737305,4.100198745727539,2e-05,1.9222939052328267,0.05969234649091959,0.059492915868759155,0.05993637116625905,0.06407245807349682
3011,3011,4.1008806228637695,4.096404075622559,2e-05,1.9369687000469995,0.05943572521209717,0.059422860853374004,0.05995116103440523,0.06409348547458649
3012,3012,4.099831581115723,4.100415229797363,2e-05,1.8077696760451907,0.059582674875855446,0.05950429290533066,0.05997408041730523,0.06412105821073055
3013,3013,4.097258567810059,4.100002288818359,2e-05,1.8348589870442318,0.05943021643906832,0.05954484082758427,0.06001278664916754,0.06415137276053429
3014,3014,4.098439693450928,4.101923942565918,2e-05,1.8618982526750996,0.05942313279956579,0.05954316910356283,0.06002058321610093,0.0641709715127945
3015,3015,4.096286773681641,4.108137130737305,2e-05,1.884985867169773,0.05966418143361807,0.059606936760246754,0.060054685454815626,0.064200384542346
3016,3016,4.105312347412109,4.099623680114746,2e-05,1.904965951360925,0.059704071842134,0.059601031709462404,0.0600642473436892,0.06422117911279202
3017,3017,4.110311031341553,4.108850479125977,2e-05,1.922923163844839,0.059622013941407204,0.059599610045552254,0.06007278570905328,0.06424053758382797
3018,3018,4.100405693054199,4.101612091064453,2e-05,1.9384279320343023,0.0596703477203846,0.05959528870880604,0.06007832521572709,0.0642594750970602
3019,3019,4.104784965515137,4.0988264083862305,2e-05,1.9529147189135603,0.05979851633310318,0.059688779059797525,0.060120261274278164,0.06429228745400906
3020,3020,4.104221343994141,4.101573944091797,2e-05,1.9659925638041598,0.05958401132375002,0.05965641140937805,0.060125384479761124,0.06431070156395435
3021,3021,4.095198631286621,4.102137565612793,2e-05,1.9768549609226642,0.05959347169846296,0.059672140050679445,0.060141023714095354,0.0643328782171011
3022,3022,4.104875087738037,4.106103897094727,2e-05,1.9868850584147675,0.059904010966420174,0.05970738548785448,0.06016627140343189,0.06436128914356232
3023,3023,4.105944633483887,4.114504337310791,2e-05,1.9961617597661419,0.059859780594706535,0.05974883586168289,0.06018624501302838,0.06438467651605606
3024,3024,4.099625587463379,4.106165885925293,2e-05,2.0019109510033726,0.05977168306708336,0.059745049104094505,0.06019706930965185,0.06440511159598827
3025,3025,4.103036403656006,4.106934547424316,2e-05,2.0106445850951027,0.059797318652272224,0.05974620021879673,0.06021815910935402,0.06443007290363312
3026,3026,4.100522994995117,4.106459617614746,2e-05,2.0184973642139337,0.06003674305975437,0.05979201244190335,0.06024686759337783,0.06445852480828762
3027,3027,4.098288536071777,4.10832405090332,2e-05,2.0253179448649656,0.059904820285737514,0.059829181991517544,0.06026534270495176,0.06448195315897465
3028,3028,4.108335018157959,4.103581428527832,2e-05,2.030449919330667,0.05999998189508915,0.059830088168382645,0.060274331364780664,0.06450190767645836
3029,3029,4.102634429931641,4.0989813804626465,2e-05,2.0359084675256875,0.05996054224669933,0.05983386095613241,0.06028836779296398,0.06452488154172897
3030,3030,4.0984063148498535,4.096787929534912,2e-05,2.0407391149831704,0.05988569185137749,0.05983538506552577,0.060304651502519846,0.06454687379300594
3031,3031,4.099208354949951,4.10206937789917,2e-05,2.044915355619171,0.06020908150821924,0.059892427176237106,0.06031095841899514,0.06456686928868294
3032,3032,4.099040985107422,4.098670482635498,2e-05,2.0483197673535676,0.05987732857465744,0.05990395741537213,0.060354423243552446,0.06459919549524784
3033,3033,4.100589275360107,4.102396488189697,2e-05,2.0505316750656535,0.060060540214180946,0.05988360056653619,0.06034261267632246,0.06461114250123501
3034,3034,4.097739219665527,4.101203441619873,2e-05,2.0533868193104565,0.059956262819468975,0.05998281296342611,0.06039798213168979,0.06464950367808342
3035,3035,4.101037979125977,4.105714321136475,2e-05,2.0576995961472986,0.06009730417281389,0.05994537752121687,0.0603939900174737,0.06466562114655972
3036,3036,4.098872184753418,4.1069231033325195,2e-05,2.06095680430269,0.059926146641373634,0.05989921418949962,0.06038643792271614,0.0646796002984047
3037,3037,4.103372573852539,4.104905128479004,2e-05,2.0688660429901136,0.06009285617619753,0.06003417773172259,0.060452071484178305,0.06472026370465755
3038,3038,4.09808349609375,4.103140830993652,2e-05,2.07173656728904,0.059960249811410904,0.059936351142823696,0.06042706500738859,0.06472901441156864
3039,3039,4.0962395668029785,4.095346450805664,2e-05,2.072384701998666,0.06016927398741245,0.06005273945629597,0.06048416532576084,0.06476611271500587
3040,3040,4.101897239685059,4.101737022399902,2e-05,1.9277249141550972,0.06028830911964178,0.060065703466534615,0.06048777932301164,0.06478581950068474
3041,3041,4.101317405700684,4.102264881134033,2e-05,1.944696966010492,0.06007397174835205,0.06002791412174702,0.06050437269732356,0.06480903178453445
3042,3042,4.098834037780762,4.101247787475586,2e-05,1.9603803469948988,0.060229385271668434,0.060105518437922,0.06052469275891781,0.06483330391347408
3043,3043,4.093515396118164,4.103348731994629,2e-05,1.9735771635462025,0.06021285988390446,0.06010292610153556,0.06055107619613409,0.06485946103930473
3044,3044,4.0978922843933105,4.104869842529297,2e-05,1.984454713327749,0.06015452742576599,0.06013469584286213,0.06055403966456652,0.06487824395298958
3045,3045,4.098965644836426,4.102126121520996,2e-05,1.994016522358387,0.06002172362059355,0.060117642395198345,0.06056781858205795,0.06490126438438892
3046,3046,4.096700668334961,4.100434303283691,2e-05,2.0020395938419315,0.06037591211497784,0.06018255511298776,0.060605451464653015,0.06493229977786541
3047,3047,4.0998663902282715,4.10197639465332,2e-05,2.01049598720927,0.06032143160700798,0.06020045652985573,0.06062205974012613,0.06495496816933155
3048,3048,4.101587772369385,4.104130744934082,2e-05,2.0175254800341285,0.06010893639177084,0.06022181175649166,0.06062794476747513,0.06497444957494736
3049,3049,4.103649139404297,4.104485988616943,2e-05,2.023696083069657,0.060241502709686756,0.06022672215476632,0.06066265609115362,0.06500561349093914
3050,3050,4.09410285949707,4.101966857910156,2e-05,2.0290297268028743,0.060208408161997795,0.06021282868459821,0.06066202186048031,0.06502118706703186
3051,3051,4.103327751159668,4.098867416381836,2e-05,2.0343545780577026,0.06035253964364529,0.060238718055188656,0.060688280034810305,0.06504890136420727
3052,3052,4.100929260253906,4.103285789489746,2e-05,2.039467439930947,0.06039411947131157,0.060272034257650375,0.0607090056873858,0.06507471576333046
3053,3053,4.0992350578308105,4.101726531982422,2e-05,2.0437534812812275,0.060476357117295265,0.06024899939075112,0.06069794250652194,0.06508852168917656
3054,3054,4.099291801452637,4.108137607574463,2e-05,2.0463117131608892,0.0602769972756505,0.06031383806839585,0.06074054213240743,0.06511921063065529
3055,3055,4.103435039520264,4.099882125854492,2e-05,2.0495517646424166,0.060442402958869934,0.060351595748215914,0.06076350016519427,0.06514634750783443
3056,3056,4.1004958152771,4.101630687713623,2e-05,2.0525345806231243,0.06027773953974247,0.06034965347498655,0.06079000700265169,0.06517216376960278
3057,3057,4.104658126831055,4.097973346710205,2e-05,2.0555238314300266,0.06038344372063875,0.06038292730227113,0.06079779611900449,0.06519340723752975
3058,3058,4.0999908447265625,4.100432395935059,2e-05,2.0619236682193303,0.06061652861535549,0.06041189981624484,0.06082811392843723,0.06522225774824619
3059,3059,4.097718238830566,4.097701072692871,2e-05,2.0675679264405735,0.060439533554017544,0.06037469953298569,0.06082014599815011,0.06523404829204082
3060,3060,4.101296424865723,4.098987102508545,2e-05,2.0701011028911407,0.06050054170191288,0.06045597139745951,0.06085594184696674,0.06526545993983746
3061,3061,4.101112365722656,4.1048054695129395,2e-05,2.071873473895626,0.06041891220957041,0.06049656309187412,0.06087850173935294,0.06529048644006252
3062,3062,4.101889133453369,4.108622074127197,2e-05,2.0734386855522544,0.0605148458853364,0.06048121489584446,0.06089223409071565,0.06531408056616783
3063,3063,4.09820556640625,4.099070072174072,2e-05,2.0740600241898797,0.06061035953462124,0.060446560848504305,0.06087923888117075,0.06532632000744343
3064,3064,4.097246170043945,4.102434158325195,2e-05,2.0745326613006076,0.06047325488179922,0.06045660795643926,0.060901095159351826,0.06535130180418491
3065,3065,4.096879959106445,4.111634254455566,2e-05,2.074780179077878,0.060540069825947285,0.06051440164446831,0.06093356991186738,0.06537901610136032
3066,3066,4.100449085235596,4.106827259063721,2e-05,2.074586671552045,0.06056397408246994,0.06054055830463767,0.06095336051657796,0.06540430523455143
3067,3067,4.094817161560059,4.106358528137207,2e-05,2.076260213458287,0.06057721842080355,0.060534382704645395,0.06095705879852176,0.06542227976024151
3068,3068,4.095256328582764,4.0984601974487305,2e-05,2.076544976931328,0.06068598013371229,0.0605670060031116,0.060989742167294025,0.06545279361307621
3069,3069,4.097933292388916,4.1001057624816895,2e-05,2.07718530213947,0.06069675739854574,0.06057808781042695,0.06100569339469075,0.06547486037015915
3070,3070,4.100156307220459,4.110684394836426,2e-05,2.077414659818277,0.06055896170437336,0.060603396501392126,0.06103005260229111,0.06550127267837524
3071,3071,4.105381011962891,4.107563018798828,2e-05,2.0772876300328353,0.06044934783130884,0.060627547558397055,0.06105189165100455,0.06552641279995441
3072,3072,4.100364685058594,4.103267669677734,2e-05,2.07775940744476,0.06085393391549587,0.06063196109607816,0.06106678629294038,0.0655480120331049
3073,3073,4.09935188293457,4.099704742431641,2e-05,2.0779140381773966,0.06091849133372307,0.06069922540336847,0.06108566094189882,0.06557327695190907
3074,3074,4.102866172790527,4.097048759460449,2e-05,2.0782264998802193,0.060977728106081486,0.060669786762446165,0.06109490338712931,0.0655931830406189
3075,3075,4.099640846252441,4.102843284606934,2e-05,2.0782948518182596,0.060971434228122234,0.06072956742718816,0.06112748710438609,0.0656222403049469
3076,3076,4.098367691040039,4.104267597198486,2e-05,2.0775337791530197,0.06074908096343279,0.06072623189538717,0.061140844598412514,0.06564460881054401
3077,3077,4.100344181060791,4.096309661865234,2e-05,2.078715120017229,0.060991959646344185,0.060732188168913126,0.061147153843194246,0.06566449627280235
3078,3078,4.101380348205566,4.105544090270996,2e-05,2.0788434624648007,0.060821812599897385,0.060738225001841784,0.06116491788998246,0.06568719446659088
3079,3079,4.099061489105225,4.102712154388428,2e-05,2.0794029801835165,0.060885519720613956,0.06081297993659973,0.06120382668450475,0.0657180454581976
3080,3080,4.097592353820801,4.102780342102051,2e-05,2.0793586294614785,0.06087169796228409,0.060819488018751144,0.061212270986288786,0.06573707424104214
3081,3081,4.093498229980469,4.104670524597168,2e-05,2.078665495575534,0.060720622539520264,0.06081536319106817,0.061235325410962105,0.06576334126293659
3082,3082,4.097357273101807,4.108132362365723,2e-05,2.0782581371224955,0.06089888792484999,0.06085160281509161,0.06125508388504386,0.06578828953206539
3083,3083,4.096432209014893,4.098741054534912,2e-05,2.0792297690445345,0.060912322252988815,0.06080795684829354,0.06124202301725745,0.0658007375895977
3084,3084,4.099633693695068,4.103022575378418,2e-05,2.0810085565932677,0.06099197082221508,0.060813088435679674,0.06127184769138694,0.06582888774573803
3085,3085,4.0987138748168945,4.103790283203125,2e-05,2.0846519408086492,0.06104925647377968,0.06086902180686593,0.06129458453506231,0.06585399620234966
3086,3086,4.100942611694336,4.101927757263184,2e-05,2.0865978670953966,0.06067613884806633,0.06084689078852534,0.06128516374155879,0.06586735136806965
3087,3087,4.103352069854736,4.1013946533203125,2e-05,2.0871654178162804,0.06118269916623831,0.06093495059758425,0.06134109618142247,0.06590396165847778
3088,3088,4.097113609313965,4.1011457443237305,2e-05,2.0868629147265843,0.06119563337415457,0.06092683831229806,0.06136066000908613,0.06592822819948196
3089,3089,4.098860740661621,4.0989603996276855,2e-05,2.086488823296086,0.060884950682520866,0.06098213233053684,0.061383141204714775,0.06595304608345032
3090,3090,4.099489212036133,4.107551574707031,2e-05,2.0855086444837414,0.06098662409931421,0.060980007983744144,0.06138118077069521,0.06597000174224377
3091,3091,4.099821090698242,4.098394393920898,2e-05,2.084893298765516,0.06114690285176039,0.060925474390387535,0.061386057175695896,0.06598927080631256
3092,3092,4.094487190246582,4.103264331817627,2e-05,2.0847112037378785,0.06105662789195776,0.06099822511896491,0.061409464571624994,0.06601490825414658
3093,3093,4.09744930267334,4.106657028198242,2e-05,2.0845249777721744,0.061174023896455765,0.06102260807529092,0.06143359513953328,0.06604033708572388
3094,3094,4.095051288604736,4.106057167053223,2e-05,2.0841416636023324,0.06106213200837374,0.06103736814111471,0.06145541416481137,0.0660653468221426
3095,3095,4.101600646972656,4.10277795791626,2e-05,2.083932997765477,0.06117340922355652,0.061086444184184074,0.06148114148527384,0.06609158404171467
3096,3096,4.097525596618652,4.097569465637207,2e-05,2.0835841158778483,0.061066072434186935,0.061015773098915815,0.061475868336856365,0.06610682792961597
3097,3097,4.099495887756348,4.0983428955078125,2e-05,2.0830277297669526,0.061197834089398384,0.06111213285475969,0.06150602223351598,0.0661349818110466
3098,3098,4.099626541137695,4.0974931716918945,2e-05,2.082932937456347,0.06121189892292023,0.06112948385998607,0.061526584438979626,0.06616002134978771
3099,3099,4.093927383422852,4.101090431213379,2e-05,2.0826345478451507,0.06119868252426386,0.06109688617289066,0.061522104777395725,0.06617504358291626
3100,3100,4.093681335449219,4.103143692016602,2e-05,2.081864763006949,0.061174831353127956,0.061186153907328844,0.061568996869027615,0.06620846502482891
3101,3101,4.101973533630371,4.1005377769470215,2e-05,2.0814901946939557,0.060973295010626316,0.06113133113831282,0.061575794126838446,0.0662284605205059
3102,3102,4.103641510009766,4.100347518920898,2e-05,2.081869590506564,0.06113629136234522,0.061192127875983715,0.06160739762708545,0.06625694409012794
3103,3103,4.102480411529541,4.100452899932861,2e-05,2.081501951943596,0.06137631647288799,0.06117820553481579,0.06160048441961408,0.06627291068434715
3104,3104,4.096811294555664,4.098017692565918,2e-05,2.0816143155078906,0.06137853302061558,0.06121244793757796,0.06162490788847208,0.06629879400134087
3105,3105,4.103043079376221,4.1027092933654785,2e-05,2.0814131424841222,0.06130578275769949,0.061286615673452616,0.06166121922433376,0.0663283932954073
3106,3106,4.097426891326904,4.100435256958008,2e-05,2.0804850747377204,0.06138468720018864,0.06130556249991059,0.06168823689222336,0.06635543704032898
3107,3107,4.097805023193359,4.101917266845703,2e-05,2.080823273618939,0.06138006318360567,0.061263902112841606,0.06167367193847895,0.06636727973818779
3108,3108,4.096235275268555,4.094419956207275,2e-05,2.0801632084585893,0.061527314595878124,0.061264492105692625,0.06169820390641689,0.06639251299202442
3109,3109,4.103964805603027,4.100266456604004,2e-05,1.9360222412486667,0.061148799024522305,0.06130541022866964,0.06172859715297818,0.06642060726881027
3110,3110,4.0981621742248535,4.109339714050293,2e-05,1.951282333030135,0.061417135410010815,0.061359104700386524,0.06174306944012642,0.06644396856427193
3111,3111,4.095999240875244,4.101123809814453,2e-05,1.9642604429696213,0.06142982468008995,0.061340626794844866,0.061765934340655804,0.06646914407610893
3112,3112,4.103183269500732,4.097207069396973,2e-05,1.975819402884246,0.06134280376136303,0.06135060638189316,0.06177788507193327,0.06649050675332546
3113,3113,4.101200103759766,4.097124099731445,2e-05,1.986269499836211,0.06132532190531492,0.061364276334643364,0.06178915174677968,0.06651092693209648
3114,3114,4.098362922668457,4.099128723144531,2e-05,1.9953630804653053,0.061522867530584335,0.061434734147042036,0.06181157240644097,0.06653802283108234
3115,3115,4.1027021408081055,4.0989766120910645,2e-05,2.0037400303639803,0.061492351815104485,0.06144189881160855,0.0618278943002224,0.06655991822481155
3116,3116,4.097657203674316,4.101411819458008,2e-05,2.0117179574385307,0.0613211989402771,0.06143144937232137,0.06183767365291715,0.06657975539565086
3117,3117,4.0979180335998535,4.099548816680908,2e-05,2.0191069235515338,0.061573357321321964,0.06149606313556433,0.06187770329415798,0.0666127149015665
3118,3118,4.103124618530273,4.106111526489258,2e-05,2.0252307444485917,0.06153749022632837,0.06151551613584161,0.061898311134427786,0.06663724593818188
3119,3119,4.09821891784668,4.104458808898926,2e-05,2.0301471640571096,0.06182737275958061,0.061506863217800856,0.061914626974612474,0.06666046008467674
3120,3120,4.095201015472412,4.109696388244629,2e-05,2.0352412686748367,0.06165069155395031,0.061525979079306126,0.061926692724227905,0.06668300926685333
3121,3121,4.092989444732666,4.0969767570495605,2e-05,2.0395166968034006,0.06160721089690924,0.06158400233834982,0.06195459747686982,0.0667093526571989
3122,3122,4.101615905761719,4.104425430297852,2e-05,2.0435574561884318,0.06153752375394106,0.06156254280358553,0.06196034885942936,0.06672875955700874
3123,3123,4.096607685089111,4.098212242126465,2e-05,2.047417132018348,0.06160099618136883,0.06155765848234296,0.061963978223502636,0.06674738973379135
3124,3124,4.097074031829834,4.10426139831543,2e-05,2.0508214136355947,0.061742995865643024,0.061653757467865944,0.062018446158617735,0.06678383611142635
3125,3125,4.098442077636719,4.099704742431641,2e-05,2.0532009257709554,0.06185003183782101,0.061625984497368336,0.06201458256691694,0.0667999442666769
3126,3126,4.102359294891357,4.0981574058532715,2e-05,2.0558410917208807,0.06171221658587456,0.06165362615138292,0.0620286175981164,0.06682242080569267
3127,3127,4.090890884399414,4.09433650970459,2e-05,2.058715762351979,0.06181446090340614,0.06169487163424492,0.06206423882395029,0.06685203686356544
3128,3128,4.094208717346191,4.099720478057861,2e-05,1.91647607175002,0.06168206501752138,0.06168683944270015,0.062071526888757944,0.06687207333743572
3129,3129,4.0960540771484375,4.1005401611328125,2e-05,1.9346661750440333,0.061560336500406265,0.061621219385415316,0.06205218844115734,0.06688244082033634
3130,3130,4.099848747253418,4.101078987121582,2e-05,1.9504193816893198,0.06181298661977053,0.061694640666246414,0.06210579117760062,0.06691935658454895
3131,3131,4.091637134552002,4.104538917541504,2e-05,1.9630930371047577,0.061995916068553925,0.06174115836620331,0.06212349934503436,0.06694266200065613
3132,3132,4.099620342254639,4.099244117736816,2e-05,1.9757259449913072,0.061969281174242496,0.06175381690263748,0.06213506171479821,0.06696467101573944
3133,3133,4.101241111755371,4.101775169372559,2e-05,1.985987497566345,0.06180424429476261,0.061738899908959866,0.062133203726261854,0.0669801402837038
3134,3134,4.100679874420166,4.09993839263916,2e-05,1.9954777482375539,0.061728949658572674,0.06177866691723466,0.0621746638789773,0.0670122541487217
3135,3135,4.093827247619629,4.098368167877197,2e-05,2.003665316519783,0.0620275866240263,0.06179154757410288,0.062187622766941786,0.0670360829681158
3136,3136,4.103387832641602,4.1032867431640625,2e-05,2.010969955755545,0.061798831447958946,0.06183224217966199,0.06218859786167741,0.06705199368298054
3137,3137,4.098552703857422,4.098080635070801,2e-05,2.018100784115106,0.06199262756854296,0.06181797059252858,0.06221011420711875,0.06707798689603806
3138,3138,4.109503269195557,4.113117694854736,2e-05,2.02363668981873,0.06204983685165644,0.061848307959735394,0.06223364174365997,0.06710303574800491
3139,3139,4.095407485961914,4.098775863647461,2e-05,2.029565361526097,0.06216683518141508,0.061955707147717476,0.06229031505063176,0.06714075058698654
3140,3140,4.092041969299316,4.106556415557861,2e-05,2.0352094121780073,0.061890339478850365,0.061918981838971376,0.06228706846013665,0.06715670786798
3141,3141,4.102230072021484,4.104437828063965,2e-05,2.0393177045220607,0.06188785191625357,0.06192062236368656,0.06229424523189664,0.06717641651630402
3142,3142,4.1017022132873535,4.099287033081055,2e-05,2.0436832392423256,0.061996374279260635,0.061940095853060484,0.062308809254318476,0.06719900295138359
3143,3143,4.096381187438965,4.097385883331299,2e-05,2.047565067452411,0.06192952673882246,0.06190872145816684,0.06232547573745251,0.06722189672291279
3144,3144,4.094541549682617,4.106335639953613,2e-05,2.0505735351382457,0.0621214359998703,0.06196017004549503,0.06234791316092014,0.06724803522229195
3145,3145,4.096863269805908,4.096733093261719,2e-05,2.053488812257632,0.0620139641687274,0.06197900744155049,0.06236144341528416,0.06727048009634018
3146,3146,4.097615718841553,4.09957218170166,2e-05,2.056147211395281,0.06210744567215443,0.06203423347324133,0.06238768110051751,0.06729555316269398
3147,3147,4.100189208984375,4.098443508148193,2e-05,2.0587776801542153,0.06204211711883545,0.06206098152324557,0.06243169493973255,0.06732912547886372
3148,3148,4.09609317779541,4.103455543518066,2e-05,2.0605439451755805,0.06199534423649311,0.0620066924020648,0.06241349410265684,0.06733883544802666
3149,3149,4.097805976867676,4.103795051574707,2e-05,2.062494355657815,0.062185538932681084,0.061996606644243,0.062408982776105404,0.06735522486269474
3150,3150,4.09136438369751,4.111258506774902,2e-05,2.064259626899816,0.06210215110331774,0.06210014084354043,0.06246108328923583,0.06739186309278011
3151,3151,4.094949722290039,4.0970282554626465,2e-05,2.0649928811361096,0.06224953569471836,0.062081231735646725,0.06247750669717789,0.06741381250321865
3152,3152,4.095585823059082,4.095641613006592,2e-05,2.066803310438449,0.06202469393610954,0.06206412613391876,0.06246489426121116,0.06742691434919834
3153,3153,4.099087715148926,4.098040580749512,2e-05,2.068529563101785,0.06248127482831478,0.06217075604945421,0.06251055607572198,0.06746169552206993
3154,3154,4.0967793464660645,4.101656436920166,2e-05,2.069458870066384,0.062343710102140903,0.06215499248355627,0.06251748139038682,0.06748087517917156
3155,3155,4.097885608673096,4.104227066040039,2e-05,2.0706267598220727,0.06239061336964369,0.062190859112888575,0.06255425838753581,0.06751144118607044
3156,3156,4.097194671630859,4.095737457275391,2e-05,2.0708018985577703,0.06251447834074497,0.06217297771945596,0.06255359575152397,0.06752841919660568
3157,3157,4.090548992156982,4.099427223205566,2e-05,2.071909849880663,0.06236414145678282,0.06223345594480634,0.0625813938677311,0.06755536794662476
3158,3158,4.100467681884766,4.1022796630859375,2e-05,2.07261481218891,0.06229366920888424,0.06221204064786434,0.06258450075984001,0.06757314875721931
3159,3159,4.10159969329834,4.1007609367370605,2e-05,2.07602058945135,0.0623056311160326,0.06227805791422725,0.06261022854596376,0.06760041788220406
3160,3160,4.095461845397949,4.098331451416016,2e-05,2.079883539325146,0.06242612097412348,0.06227732356637716,0.06264619249850512,0.06762976944446564
3161,3161,4.097051620483398,4.102773666381836,2e-05,2.0825776796242477,0.062256758101284504,0.06230610562488437,0.06265893625095487,0.06765278428792953
3162,3162,4.100683212280273,4.096039295196533,2e-05,2.083294598345836,0.0623417804017663,0.06229248782619834,0.06266242219135165,0.06767050735652447
3163,3163,4.094476699829102,4.097232341766357,2e-05,2.0829823209183354,0.06238121446222067,0.06229147920385003,0.06266719661653042,0.06768999248743057
3164,3164,4.096899032592773,4.099244594573975,2e-05,2.0828325623708266,0.0622929148375988,0.062226733192801476,0.06268113711848855,0.06771294213831425
3165,3165,4.097076416015625,4.098128795623779,2e-05,2.083202186269085,0.06250334158539772,0.06232150597497821,0.0627117594704032,0.06774079613387585
3166,3166,4.09429407119751,4.097712993621826,2e-05,2.082533401207619,0.0625609029084444,0.06235157372429967,0.06273203389719129,0.06776600889861584
3167,3167,4.100303649902344,4.09870719909668,2e-05,2.0825302132211747,0.06254721898585558,0.06238195486366749,0.06275664595887065,0.06779242120683193
3168,3168,4.098162651062012,4.104391574859619,2e-05,2.0822869476850068,0.06251982040703297,0.06242432584986091,0.06278686551377177,0.06782040558755398
3169,3169,4.090755462646484,4.098334789276123,2e-05,2.0822092052451104,0.062316701747477055,0.0624116868712008,0.06278423732146621,0.06783794797956944
3170,3170,4.102349281311035,4.102505683898926,2e-05,2.0818026634828755,0.062387360259890556,0.06239478522911668,0.0627941363491118,0.06785836443305016
3171,3171,4.094798564910889,4.108638763427734,2e-05,2.081800619987312,0.06266946345567703,0.0623840787447989,0.06280186586081982,0.06787953898310661
3172,3172,4.103519439697266,4.100829124450684,2e-05,2.0812226646581484,0.0626951102167368,0.06248245062306523,0.06284010829403996,0.06790960766375065
3173,3173,4.091933250427246,4.094989776611328,2e-05,2.0814001856951645,0.06261910777539015,0.06242811027914286,0.06282170303165913,0.06792146153748035
3174,3174,4.092085838317871,4.097235679626465,2e-05,2.081401204671346,0.06285801529884338,0.0625385632738471,0.06289312290027738,0.06796439737081528
3175,3175,4.095522880554199,4.097461700439453,2e-05,2.0813723830675914,0.0627080611884594,0.06245783809572458,0.06286928709596395,0.0679727140814066
3176,3176,4.1008195877075195,4.09865665435791,2e-05,2.0812325240232443,0.0626691933721304,0.06248911330476403,0.06289917044341564,0.06800159066915512
3177,3177,4.0943169593811035,4.099034309387207,2e-05,2.0809631907682533,0.06271897256374359,0.06253588013350964,0.06292905192822218,0.06802898086607456
3178,3178,4.09633731842041,4.09516716003418,2e-05,2.0810178240200323,0.06270169652998447,0.06253096414729953,0.06291691772639751,0.0680430680513382
3179,3179,4.092284202575684,4.101049423217773,2e-05,2.080868877587876,0.06252254918217659,0.06261861883103848,0.06297183316200972,0.0680785458534956
3180,3180,4.093694686889648,4.102878570556641,2e-05,2.0804136898235948,0.0626389142125845,0.062617143150419,0.06296956725418568,0.06809593550860882
3181,3181,4.096463680267334,4.098407745361328,2e-05,2.0808733737803338,0.06286762468516827,0.06265862146392465,0.0630002417601645,0.06812428683042526
3182,3182,4.094926834106445,4.096591472625732,2e-05,2.0809568211307266,0.06285596638917923,0.06261971313506365,0.0629773298278451,0.06813422963023186
3183,3183,4.093374252319336,4.106276988983154,2e-05,2.08016777574391,0.0627257488667965,0.0626382646150887,0.06301386188715696,0.06816435419023037
3184,3184,4.095658302307129,4.099771022796631,2e-05,2.080009860922968,0.06286788918077946,0.06265296693891287,0.06302473600953817,0.06818669103085995
3185,3185,4.0912580490112305,4.098917007446289,2e-05,2.080033484389215,0.06272450648248196,0.06271100975573063,0.06305655324831605,0.06821442767977715
3186,3186,4.092040538787842,4.101835250854492,2e-05,2.083490028143881,0.06290555186569691,0.06272206315770745,0.06308246962726116,0.0682420115917921
3187,3187,4.091736793518066,4.096865653991699,2e-05,2.085397749883962,0.06275014020502567,0.06271505821496248,0.06309118866920471,0.06826154887676239
3188,3188,4.099669456481934,4.095946311950684,2e-05,2.0874338651303415,0.06307364255189896,0.06280025653541088,0.06311391945928335,0.06828807666897774
3189,3189,4.090974807739258,4.0994486808776855,2e-05,2.0876476774617214,0.06275198608636856,0.06269578775390983,0.0631039198487997,0.0683013778179884
3190,3190,4.0911865234375,4.090334415435791,2e-05,2.0871181758517157,0.0627739168703556,0.06282353168353438,0.06315999012440443,0.06833885423839092
3191,3191,4.094604015350342,4.103168487548828,2e-05,1.946658328327958,0.06300387158989906,0.06284647528082132,0.06318042892962694,0.06836383230984211
3192,3192,4.095232009887695,4.102158546447754,2e-05,1.9643283649867318,0.06284997798502445,0.06281118933111429,0.06316931825131178,0.06837721541523933
3193,3193,4.093125343322754,4.094727993011475,2e-05,1.978048606073515,0.06289507448673248,0.06286690570414066,0.06320309266448021,0.06840717047452927
3194,3194,4.096214294433594,4.098444938659668,2e-05,1.9904954116990379,0.06302204169332981,0.06287387385964394,0.06321567390114069,0.06842995062470436
3195,3195,4.096719741821289,4.094206809997559,2e-05,2.000190950353547,0.06293843686580658,0.06292328890413046,0.06323975324630737,0.06845552660524845
3196,3196,4.09735631942749,4.102684020996094,2e-05,2.008543656147175,0.06315695494413376,0.06294980738312006,0.06325674895197153,0.06847979128360748
3197,3197,4.090517997741699,4.0969438552856445,2e-05,2.01594688646399,0.06301531940698624,0.06285755382850766,0.06324706971645355,0.06849424540996552
3198,3198,4.096332550048828,4.096441268920898,2e-05,2.0221566938340634,0.06304685212671757,0.06292543141171336,0.06329447776079178,0.0685285534709692
3199,3199,4.100746154785156,4.099784851074219,2e-05,2.0279161296817594,0.06306718289852142,0.06293718609958887,0.06330437585711479,0.06855040229856968
3200,3200,4.0953826904296875,4.102565765380859,2e-05,2.0327167608160273,0.0630712490528822,0.06298775691539049,0.06331387255340815,0.0685697179287672
3201,3201,4.0954484939575195,4.094978332519531,2e-05,2.037660506183184,0.06310039758682251,0.06300786510109901,0.06334428116679192,0.06859934143722057
3202,3202,4.095956802368164,4.096566200256348,2e-05,2.041936397206191,0.06288791075348854,0.06301147164776921,0.06334162224084139,0.06861595809459686
3203,3203,4.092535972595215,4.099481105804443,2e-05,2.0457599398926543,0.06329444795846939,0.06302790530025959,0.06337625812739134,0.06864706054329872
3204,3204,4.0921831130981445,4.097634315490723,2e-05,2.048971149376297,0.06339694745838642,0.06305365078151226,0.06338614784181118,0.06866759061813354
3205,3205,4.094892501831055,4.100720405578613,2e-05,2.051927953586001,0.06329141557216644,0.06308905687183142,0.06341377086937428,0.06869647093117237
3206,3206,4.09644889831543,4.098423480987549,2e-05,2.055064738310089,0.0632208026945591,0.06308884499594569,0.06344589963555336,0.06872491538524628
3207,3207,4.092989444732666,4.09778356552124,2e-05,2.0572294353668203,0.06303284503519535,0.06311644148081541,0.06345676258206367,0.0687450673431158
3208,3208,4.092641830444336,4.099416732788086,2e-05,2.059214680312005,0.06329553574323654,0.06313848309218884,0.06347973644733429,0.06877381168305874
3209,3209,4.096169948577881,4.0984086990356445,2e-05,2.061201524032173,0.06313209794461727,0.06312215887010098,0.0634765513241291,0.06879031658172607
3210,3210,4.0949578285217285,4.101585388183594,2e-05,2.066148025844982,0.06343449652194977,0.06319268234074116,0.06351500377058983,0.06882236711680889
3211,3211,4.0960893630981445,4.105643272399902,2e-05,2.070640665273836,0.06330310553312302,0.06311543565243483,0.06350141949951649,0.06883539073169231
3212,3212,4.089666366577148,4.096281051635742,2e-05,2.0744700805145215,0.0632155928760767,0.06320847291499376,0.06353623140603304,0.068866316229105
3213,3213,4.0961151123046875,4.095660209655762,2e-05,2.0760877428648103,0.06337636709213257,0.06311645498499274,0.06352699361741543,0.06887970864772797
3214,3214,4.09502649307251,4.095720291137695,2e-05,2.075987418679687,0.06305129267275333,0.0632129879668355,0.06356781721115112,0.06891306675970554
3215,3215,4.100764274597168,4.096749305725098,2e-05,2.077054011604741,0.06359124183654785,0.06322554824873805,0.063572246581316,0.06893324665725231
3216,3216,4.100459098815918,4.102777481079102,2e-05,2.0778521505723546,0.06358855031430721,0.0632852353155613,0.06361579149961472,0.06896588206291199
3217,3217,4.093493461608887,4.093077182769775,2e-05,2.0781534586339734,0.06335168704390526,0.06330485409125686,0.06362502370029688,0.06898671388626099
3218,3218,4.100346565246582,4.097553730010986,2e-05,2.0783082688647823,0.06340053677558899,0.06331999786198139,0.06363923754543066,0.06900992058217525
3219,3219,4.102781295776367,4.099978446960449,2e-05,2.0787598544109773,0.06361192651093006,0.06332656415179372,0.06365229096263647,0.06903148628771305
3220,3220,4.091787338256836,4.106075286865234,2e-05,2.0790199494783175,0.06365514919161797,0.06333920173346996,0.06366342771798372,0.0690538864582777
3221,3221,4.09293794631958,4.094175338745117,2e-05,2.078949630359995,0.06348051689565182,0.06331922486424446,0.06366592831909657,0.06907271780073643
3222,3222,4.094906806945801,4.093336582183838,2e-05,2.0790718497310783,0.0636910479515791,0.06335941655561328,0.06369473971426487,0.06910057552158833
3223,3223,4.096334457397461,4.095066547393799,2e-05,2.078941988069521,0.06340517848730087,0.06340458150953054,0.06372593436390162,0.06912821717560291
3224,3224,4.1131696701049805,4.092738151550293,2e-05,2.0784798978860164,0.06365287862718105,0.06332087842747569,0.06371913943439722,0.06914426200091839
3225,3225,4.09076452255249,4.094107627868652,2e-05,2.076713989910037,0.06357283145189285,0.06338988430798054,0.06375163327902555,0.06917225755751133
3226,3226,4.099107265472412,4.100222587585449,2e-05,2.0764746995424805,0.06360169313848019,0.06335580768063664,0.06374436058104038,0.06918728165328503
3227,3227,4.090317726135254,4.0990824699401855,2e-05,2.0768741237836945,0.0636244360357523,0.0634439461864531,0.06377699878066778,0.06921667419373989
3228,3228,4.094156265258789,4.0956573486328125,2e-05,2.0770455741587743,0.06356358155608177,0.06347638182342052,0.06380419060587883,0.0692424401640892
3229,3229,4.096278190612793,4.093400478363037,2e-05,2.0777898524169123,0.06374217756092548,0.06350414734333754,0.06382521893829107,0.06926732137799263
3230,3230,4.094223499298096,4.100603103637695,2e-05,2.0780775739454227,0.06373993866145611,0.06356276571750641,0.06386057566851377,0.06929724104702473
3231,3231,4.09465217590332,4.100005626678467,2e-05,2.0788654244052065,0.06358586624264717,0.06353983096778393,0.06387797277420759,0.06932120397686958
3232,3232,4.094249725341797,4.095297813415527,2e-05,2.080276369378921,0.06363878212869167,0.06358083710074425,0.06389326509088278,0.06934378109872341
3233,3233,4.095791816711426,4.092363357543945,2e-05,2.0802065167234507,0.06368549913167953,0.06358855590224266,0.06390721723437309,0.06936701945960522
3234,3234,4.097735404968262,4.094992637634277,2e-05,2.0806347007251214,0.06385704316198826,0.06357789039611816,0.0639193868264556,0.06938856467604637
3235,3235,4.095527648925781,4.10167121887207,2e-05,2.080672618510233,0.06373414769768715,0.0636263582855463,0.06392950285226107,0.06941054947674274
3236,3236,4.095383644104004,4.09593391418457,2e-05,2.080758787831133,0.0639457069337368,0.06363315880298615,0.06395988166332245,0.06943807937204838
3237,3237,4.0932722091674805,4.097450256347656,2e-05,2.0847791566992457,0.06383390910923481,0.06363550294190645,0.06396711152046919,0.06945845484733582
3238,3238,4.09433650970459,4.093693256378174,2e-05,2.088014703752193,0.06370553188025951,0.06359227187931538,0.06394820101559162,0.06946867145597935
3239,3239,4.0982489585876465,4.0980377197265625,2e-05,2.088500696485091,0.06375015713274479,0.06364817544817924,0.0640012202784419,0.06950512155890465
3240,3240,4.100964546203613,4.100739479064941,2e-05,2.0877842289149298,0.06414265185594559,0.06366621516644955,0.06401776894927025,0.06952892057597637
3241,3241,4.09574556350708,4.09705924987793,2e-05,2.087596435165242,0.064103027805686,0.06375359185039997,0.06405783351510763,0.06956003606319427
3242,3242,4.098166465759277,4.095566749572754,2e-05,2.0869381795063418,0.06375874951481819,0.06373164523392916,0.06406035926192999,0.0695783980190754
3243,3243,4.1018877029418945,4.097402572631836,2e-05,2.086407708691339,0.06421877071261406,0.06374513264745474,0.06406380236148834,0.0695972628891468
3244,3244,4.100381851196289,4.091571807861328,2e-05,2.085739568455416,0.06391023471951485,0.06375701818615198,0.06408687960356474,0.06962383538484573
3245,3245,4.106547832489014,4.095236778259277,2e-05,2.085294257005113,0.06406434625387192,0.06376925576478243,0.06409136950969696,0.06964234821498394
3246,3246,4.097018241882324,4.099937915802002,2e-05,2.084769636304394,0.06395185925066471,0.06374805327504873,0.06411315500736237,0.06966832280158997
3247,3247,4.098149299621582,4.093446731567383,2e-05,2.0839539744315587,0.06391272880136967,0.06382658146321774,0.06413732096552849,0.06969458796083927
3248,3248,4.094936847686768,4.095341205596924,2e-05,2.0837045718074845,0.06384176015853882,0.06384664867073298,0.064148074015975,0.06971649080514908
3249,3249,4.104184150695801,4.108138561248779,2e-05,2.083331493889148,0.0638872217386961,0.06387169566005468,0.06418765988200903,0.06974690780043602
3250,3250,4.0976457595825195,4.100529670715332,2e-05,2.0828423771407576,0.06397552601993084,0.0638476898893714,0.0641928780823946,0.06976690143346786
3251,3251,4.08865213394165,4.09305477142334,2e-05,2.0830194054104085,0.06400102563202381,0.063885897397995,0.06420662254095078,0.06978891044855118
3252,3252,4.093481063842773,4.095247268676758,2e-05,2.083166300543383,0.06403710320591927,0.06386086530983448,0.06420340202748775,0.06980681419372559
3253,3253,4.0952348709106445,4.09787130355835,2e-05,2.082510972246649,0.06409036368131638,0.06385368760675192,0.06421945057809353,0.06982809118926525
3254,3254,4.096920013427734,4.100210189819336,2e-05,2.0817092171333775,0.0641248282045126,0.0639421371743083,0.06426634639501572,0.06986252591013908
3255,3255,4.098968505859375,4.097249984741211,2e-05,2.0815554778271226,0.06409857422113419,0.06394083704799414,0.06426928658038378,0.06988153234124184
3256,3256,4.097889423370361,4.097336769104004,2e-05,2.0818761143568296,0.06392612494528294,0.06397953256964684,0.06429700460284948,0.06990792229771614
3257,3257,4.09371280670166,4.100181579589844,2e-05,2.081745302932307,0.06416464783251286,0.06396917719393969,0.06431761104613543,0.0699330847710371
3258,3258,4.100010395050049,4.096708297729492,2e-05,2.0810940050012627,0.0641403142362833,0.06397186685353518,0.06431435607373714,0.06995005160570145
3259,3259,4.105190277099609,4.099138259887695,2e-05,2.080836051933593,0.06430548243224621,0.06403288338333368,0.06436309311538935,0.0699841994792223
3260,3260,4.103364944458008,4.098484992980957,2e-05,2.080251043170947,0.06414205022156239,0.06405836530029774,0.06437998823821545,0.07000721618533134
3261,3261,4.097113132476807,4.099862575531006,2e-05,2.08074191581702,0.0641405750066042,0.06403775233775377,0.06437350623309612,0.07002397812902927
3262,3262,4.095621585845947,4.101036071777344,2e-05,2.0810072370718964,0.06444074958562851,0.06405939441174269,0.06437885668128729,0.07004312798380852
3263,3263,4.0979390144348145,4.102677345275879,2e-05,2.0831708258579407,0.06434816494584084,0.06411078944802284,0.06442664656788111,0.07007650472223759
3264,3264,4.099185943603516,4.094631195068359,2e-05,2.086024947787467,0.06424681469798088,0.0641515115275979,0.06444196496158838,0.07009964995086193
3265,3265,4.097479820251465,4.097851753234863,2e-05,2.0883973922823,0.06437499262392521,0.06418814975768328,0.06447725649923086,0.07012959010899067
3266,3266,4.097252368927002,4.098182678222656,2e-05,2.0885223463284746,0.06460497714579105,0.0641680434346199,0.06447187345474958,0.07014543004333973
3267,3267,4.093203544616699,4.095768451690674,2e-05,2.0880121078686713,0.06420368514955044,0.06420020665973425,0.06449353229254484,0.07017098926007748
3268,3268,4.092405796051025,4.096026420593262,2e-05,2.0871488895267536,0.06441015563905239,0.06421499513089657,0.0645131142809987,0.07019592635333538
3269,3269,4.097790241241455,4.099215030670166,2e-05,2.085549032436548,0.06437474302947521,0.06421479023993015,0.06452974956482649,0.07021951489150524
3270,3270,4.091939449310303,4.091001510620117,2e-05,2.0852293953290597,0.0645691342651844,0.06419184524565935,0.06452012993395329,0.07023453712463379
3271,3271,4.089354515075684,4.097591400146484,2e-05,2.0839762179057195,0.06464086845517159,0.06427828408777714,0.06456234119832516,0.07026661932468414
3272,3272,4.096375465393066,4.100640296936035,2e-05,2.0845083199815284,0.06462055630981922,0.06417267117649317,0.06452777609229088,0.07027251087129116
3273,3273,4.0955095291137695,4.093562126159668,2e-05,2.084397000819954,0.06461193412542343,0.06428795866668224,0.06459097191691399,0.07031172700226307
3274,3274,4.098123550415039,4.095868110656738,2e-05,2.083692643843943,0.06459137052297592,0.0642416076734662,0.06458375044167042,0.07032765075564384
3275,3275,4.0925679206848145,4.097261428833008,2e-05,2.083276215429396,0.06455333158373833,0.06429157499223948,0.06461087614297867,0.07035474106669426
3276,3276,4.09165096282959,4.09391975402832,2e-05,2.0831094619425916,0.06472881697118282,0.06430978700518608,0.0646221861243248,0.07037575356662273
3277,3277,4.094393730163574,4.104137897491455,2e-05,2.0831107157904927,0.06447605602443218,0.06434671394526958,0.06465274188667536,0.07040354982018471
3278,3278,4.094407558441162,4.093853950500488,2e-05,2.082707955962812,0.06436463631689548,0.06433115992695093,0.06466990616172552,0.07042640633881092
3279,3279,4.091794490814209,4.09181022644043,2e-05,2.082367731843643,0.06463778764009476,0.06438343226909637,0.06469234451651573,0.07045244053006172
3280,3280,4.096161365509033,4.095314979553223,2e-05,2.082101114753485,0.06469782628118992,0.0643821656703949,0.06471506878733635,0.0704775508493185
3281,3281,4.093969345092773,4.091266632080078,2e-05,2.082098983944226,0.06430109776556492,0.06440032552927732,0.06472260970622301,0.07049888372421265
3282,3282,4.092482089996338,4.094341278076172,2e-05,2.0821491628653304,0.06463277153670788,0.06442871503531933,0.06475252937525511,0.07052654959261417
3283,3283,4.092946529388428,4.09843111038208,2e-05,2.082070327087235,0.0647498182952404,0.06443723849952221,0.06476095505058765,0.07054789178073406
3284,3284,4.093707084655762,4.090424537658691,2e-05,2.0811822255594947,0.0646734070032835,0.06444548722356558,0.06476487964391708,0.07056707888841629
3285,3285,4.089203834533691,4.103499412536621,2e-05,2.080690770191343,0.0646805502474308,0.06451088562607765,0.0648007607087493,0.07059700787067413
3286,3286,4.093310832977295,4.0946831703186035,2e-05,2.080775124344132,0.06470525078475475,0.06444591470062733,0.06478604394942522,0.07060997374355793
3287,3287,4.102465629577637,4.0967020988464355,2e-05,2.080526816553337,0.06469848193228245,0.06446677260100842,0.06482456903904676,0.07064084522426128
3288,3288,4.09202241897583,4.09835147857666,2e-05,2.0806845957658924,0.06468783691525459,0.06454667914658785,0.06483284011483192,0.07066100090742111
3289,3289,4.096540927886963,4.093573570251465,2e-05,2.080149224562146,0.0647303331643343,0.06455703359097242,0.06485654134303331,0.070688022300601
3290,3290,4.0903215408325195,4.093203544616699,2e-05,2.0841147977573478,0.06465103477239609,0.06457153521478176,0.0648762434720993,0.07071137428283691
3291,3291,4.093696594238281,4.095362663269043,2e-05,2.0868184094620226,0.06484141573309898,0.06460430100560188,0.06490575522184372,0.0707413051277399
3292,3292,4.094939708709717,4.093053340911865,2e-05,2.0885882236912194,0.0648970976471901,0.06465488485991955,0.0649153683334589,0.07076176442205906
3293,3293,4.0897746086120605,4.087646484375,2e-05,2.088287674624617,0.06486686132848263,0.06461996026337147,0.06491394806653261,0.07077966444194317
3294,3294,4.102473258972168,4.0982842445373535,2e-05,1.9387434160959054,0.06496013700962067,0.06468408182263374,0.06496526580303907,0.07081530801951885
3295,3295,4.09428071975708,4.089982509613037,2e-05,1.9539262432852045,0.0651091169565916,0.06460868939757347,0.06493731122463942,0.07082523964345455
3296,3296,4.096527576446533,4.09447717666626,2e-05,1.9672438028311818,0.06460998393595219,0.06467661261558533,0.0649738097563386,0.07085432857275009
3297,3297,4.092498779296875,4.09553861618042,2e-05,1.9781387909652486,0.06505473703145981,0.06470714788883924,0.06500583048909903,0.0708832573145628
3298,3298,4.099510192871094,4.093903541564941,2e-05,1.9890027028063737,0.06492151692509651,0.06470862030982971,0.06501006055623293,0.07090317085385323
3299,3299,4.101788520812988,4.089723587036133,2e-05,1.9977218009429212,0.06520725414156914,0.06475877948105335,0.06503390520811081,0.07092954963445663
3300,3300,4.095639705657959,4.099959373474121,2e-05,2.0065975195371832,0.06504102610051632,0.06476790551096201,0.06505060661584139,0.0709525104612112
3301,3301,4.094531059265137,4.099151611328125,2e-05,2.013734852157412,0.06509965285658836,0.06470695231109858,0.06504134181886911,0.07096781767904758
3302,3302,4.087358474731445,4.094517230987549,2e-05,2.0200621508490024,0.06500337645411491,0.06473785452544689,0.06505575403571129,0.07099083252251148
3303,3303,4.092761039733887,4.092031002044678,2e-05,2.0259395200759185,0.06502168253064156,0.0647849328815937,0.06506800092756748,0.0710130799561739
3304,3304,4.08398962020874,4.105059623718262,2e-05,2.031839159796475,0.06484014540910721,0.06478557083755732,0.06512386258691549,0.07104971259832382
3305,3305,4.0944085121154785,4.100366592407227,2e-05,2.0367194738088226,0.06490452773869038,0.06480930652469397,0.06513154692947865,0.07107139751315117
3306,3306,4.089810848236084,4.093153476715088,2e-05,2.0411588252913204,0.06527072377502918,0.06487181503325701,0.06515148933976889,0.0710955262184143
3307,3307,4.094344139099121,4.102953910827637,2e-05,2.0445070587139695,0.06511413305997849,0.06481862626969814,0.06515228562057018,0.0711150523275137
3308,3308,4.086483955383301,4.092502117156982,2e-05,2.048242014351155,0.06509814411401749,0.06492211390286684,0.06519543379545212,0.07114599086344242
3309,3309,4.098511695861816,4.098891258239746,2e-05,2.051462230804959,0.06514819711446762,0.06493076961487532,0.06520590279251337,0.07117008604109287
3310,3310,4.092920780181885,4.094592571258545,2e-05,2.0541155627205105,0.06518741697072983,0.06490776035934687,0.0652118232101202,0.07119039446115494
3311,3311,4.090108871459961,4.093571662902832,2e-05,2.0568772704925924,0.06530872359871864,0.06502304784953594,0.06526968721300364,0.07122726365923882
3312,3312,4.090600967407227,4.096475601196289,2e-05,2.0595042261708802,0.06518154591321945,0.06489193812012672,0.06522903684526682,0.07123292237520218
3313,3313,4.090755462646484,4.0988335609436035,2e-05,2.0614299707806696,0.06537416018545628,0.06491569522768259,0.0652463473379612,0.07125704176723957
3314,3314,4.092097282409668,4.095332145690918,2e-05,2.063594208551517,0.06543388962745667,0.06500901188701391,0.06530138477683067,0.07129279710352421
3315,3315,4.091463088989258,4.096343994140625,2e-05,2.0650269316023246,0.06529652886092663,0.0649856124073267,0.06529205944389105,0.0713079683482647
3316,3316,4.094687461853027,4.097784042358398,2e-05,2.067224454188024,0.06538408063352108,0.06501767318695784,0.06532371137291193,0.07133636437356472
3317,3317,4.086669921875,4.0963335037231445,2e-05,2.068388065560306,0.06532995216548443,0.0650391997769475,0.0653412090614438,0.07136104814708233
3318,3318,4.090188026428223,4.0952348709106445,2e-05,2.069052782153331,0.0653882585465908,0.06504936516284943,0.06535128224641085,0.07138220593333244
3319,3319,4.093338966369629,4.091843605041504,2e-05,2.0705640277433703,0.06538582779467106,0.0651040393859148,0.06538943108171225,0.07141287811100483
3320,3320,4.0911478996276855,4.100446701049805,2e-05,2.0726248216686116,0.06566692143678665,0.06508773658424616,0.06537605635821819,0.07142654620110989
3321,3321,4.09303092956543,4.089176177978516,2e-05,2.076778750374899,0.06551516056060791,0.0650903033092618,0.06540465354919434,0.07145295292139053
3322,3322,4.104555606842041,4.095254421234131,2e-05,2.080499387334428,0.06528045609593391,0.06511037517338991,0.06541575863957405,0.07147515565156937
3323,3323,4.096672058105469,4.098474502563477,2e-05,2.0813841673804965,0.06548858247697353,0.06517120730131865,0.06544305849820375,0.07150343991816044
3324,3324,4.091215133666992,4.089300155639648,2e-05,2.0814785359858217,0.06528293900191784,0.06510349921882153,0.06544205825775862,0.0715197678655386
3325,3325,4.091273784637451,4.0909271240234375,2e-05,2.081449415124485,0.06558443605899811,0.06519541516900063,0.06548564229160547,0.07155296579003334
3326,3326,4.092935562133789,4.091130256652832,2e-05,2.081817963089496,0.06542466580867767,0.06519630830734968,0.06548710912466049,0.07157109677791595
3327,3327,4.094364166259766,4.095898628234863,2e-05,2.0804889315344197,0.06542961485683918,0.06520127132534981,0.06550804246217012,0.0715959183871746
3328,3328,4.093173027038574,4.093926906585693,2e-05,2.0813348045413584,0.06540345214307308,0.06517325714230537,0.0654869107529521,0.07160642929375172
3329,3329,4.087972164154053,4.092278003692627,2e-05,2.081087380878307,0.065335962921381,0.06523088179528713,0.0655418960377574,0.0716423075646162
3330,3330,4.091085433959961,4.0959062576293945,2e-05,2.0811147232989136,0.06534823775291443,0.06524648983031511,0.06555713061243296,0.07166681066155434
3331,3331,4.096843242645264,4.096014976501465,2e-05,2.0810972061918043,0.06566151790320873,0.0653488663956523,0.06558331847190857,0.07169277779757977
3332,3332,4.097528457641602,4.098546504974365,2e-05,2.0801810816956388,0.06593670696020126,0.06531234551221132,0.06558918580412865,0.07171411626040936
3333,3333,4.090716361999512,4.097033500671387,2e-05,2.0801554025914464,0.06554610840976238,0.06537867058068514,0.06562166940420866,0.07174254581332207
3334,3334,4.087394714355469,4.0909905433654785,2e-05,2.080439649835133,0.06545929238200188,0.06535878032445908,0.06564912851899862,0.07176951132714748
3335,3335,4.101825714111328,4.094427585601807,2e-05,2.080422770245178,0.06540719047188759,0.06537622679024935,0.06564197596162558,0.07178542390465736
3336,3336,4.096968173980713,4.095283031463623,2e-05,2.08049179208404,0.06532596424221992,0.06538490019738674,0.06565024796873331,0.0718069039285183
3337,3337,4.086879730224609,4.096301078796387,2e-05,2.079709917143839,0.06566214188933372,0.06540169939398766,0.06567670591175556,0.07183335535228252
3338,3338,4.096004962921143,4.096179962158203,2e-05,2.0805288886252686,0.06600443832576275,0.06542836409062147,0.06569540407508612,0.07185892760753632
3339,3339,4.091757774353027,4.090997695922852,2e-05,2.0805030851563004,0.06563415750861168,0.06545037589967251,0.06571509968489408,0.07188362441956997
3340,3340,4.088314056396484,4.093228340148926,2e-05,2.080356142433533,0.06583298183977604,0.06542999017983675,0.06571491342037916,0.07190255261957645
3341,3341,4.096995830535889,4.094305992126465,2e-05,2.0807743358101862,0.06566201150417328,0.0654742680490017,0.06574497371912003,0.07193034328520298
3342,3342,4.0872721672058105,4.091248512268066,2e-05,2.0821072292918097,0.06565787270665169,0.0655172299593687,0.06577880121767521,0.07196003757417202
3343,3343,4.091214179992676,4.094006538391113,2e-05,2.085949010626251,0.06577587127685547,0.06548862997442484,0.06577678862959146,0.0719782579690218
3344,3344,4.098956108093262,4.0997185707092285,2e-05,2.0879553719160273,0.06579314917325974,0.06551627349108458,0.06579521484673023,0.072002112865448
3345,3345,4.091219902038574,4.102576732635498,2e-05,2.087952292006809,0.06577559933066368,0.06552967987954617,0.06582268234342337,0.0720302015542984
3346,3346,4.089735984802246,4.096464157104492,2e-05,2.0873204099417593,0.06562646478414536,0.06553051061928272,0.06580948177725077,0.07204456813633442
3347,3347,4.088863372802734,4.097482681274414,2e-05,2.086870781380257,0.06546991877257824,0.06554379500448704,0.06583947874605656,0.07207439094781876
3348,3348,4.091951847076416,4.0976152420043945,2e-05,2.086322262239785,0.06593822874128819,0.06557454820722342,0.06585370283573866,0.07209699973464012
3349,3349,4.091691493988037,4.093128204345703,2e-05,2.0859153793354506,0.06598378717899323,0.06562014855444431,0.06587885785847902,0.07212366163730621
3350,3350,4.087680816650391,4.093509197235107,2e-05,2.085197536384751,0.06582913175225258,0.06565917003899813,0.06590876169502735,0.07215216755867004
3351,3351,4.09058952331543,4.094785690307617,2e-05,2.0846652618502235,0.0659995786845684,0.06565719377249479,0.0659237802028656,0.07217550277709961
3352,3352,4.092586994171143,4.092354774475098,2e-05,2.083704722261162,0.06585213355720043,0.06568305380642414,0.0659275259822607,0.07219510711729527
3353,3353,4.105226039886475,4.0910964012146,2e-05,2.083969696147195,0.0657434556633234,0.06558242160826921,0.06591721437871456,0.07221035473048687
3354,3354,4.091740608215332,4.096573829650879,2e-05,2.0835478317635783,0.06588545441627502,0.06572683621197939,0.06597187649458647,0.0722452960908413
3355,3355,4.091424942016602,4.096958160400391,2e-05,2.0829901331611675,0.06613894551992416,0.06570747587829828,0.06597733683884144,0.07226654700934887
3356,3356,4.094149589538574,4.097935676574707,2e-05,2.0828544669806828,0.06601085513830185,0.06573178060352802,0.06599775981158018,0.0722911786288023
3357,3357,4.0941033363342285,4.0943427085876465,2e-05,2.0823759868974157,0.06621009297668934,0.06580562423914671,0.0660345908254385,0.07232227735221386
3358,3358,4.0931854248046875,4.090087890625,2e-05,2.081955237803279,0.06608330830931664,0.06575295608490705,0.06601929292082787,0.0723355058580637
3359,3359,4.0952863693237305,4.092148780822754,2e-05,2.0816457708140357,0.06601446680724621,0.06580107845366001,0.06606979388743639,0.07236996293067932
3360,3360,4.08635139465332,4.097066879272461,2e-05,2.0814290816253864,0.06603899970650673,0.06580422632396221,0.06606812495738268,0.07238806039094925
3361,3361,4.089844703674316,4.098682403564453,2e-05,2.0814049062000928,0.06615323387086391,0.06579904165118933,0.0660795634612441,0.072410324588418
3362,3362,4.0994110107421875,4.100167274475098,2e-05,2.080905981891205,0.0660219956189394,0.06582796387374401,0.06610667426139116,0.07243797928094864
3363,3363,4.090827465057373,4.100062847137451,2e-05,2.081216997715719,0.06616804376244545,0.06584245152771473,0.06612644251435995,0.07246223092079163
3364,3364,4.093203544616699,4.089981555938721,2e-05,2.0804683420545977,0.06637904606759548,0.06587818264961243,0.0661346772685647,0.07248379476368427
3365,3365,4.089350700378418,4.100040435791016,2e-05,2.0807212953519687,0.06633433699607849,0.06593350972980261,0.06616248469799757,0.07250980660319328
3366,3366,4.090348243713379,4.100651741027832,2e-05,2.0808075548524583,0.06640467792749405,0.06587842013686895,0.0661636320874095,0.07252934761345387
3367,3367,4.100946426391602,4.090856552124023,2e-05,2.080962065503379,0.06618388928472996,0.06590455677360296,0.06618009507656097,0.07255260832607746
3368,3368,4.094859600067139,4.097346782684326,2e-05,2.0813296111766126,0.06636562198400497,0.06595435831695795,0.06621623784303665,0.07258233241736889
3369,3369,4.088344573974609,4.098453521728516,2e-05,2.081852021006886,0.06623286008834839,0.06596422288566828,0.06621284876018763,0.07260011695325375
3370,3370,4.096180438995361,4.09391975402832,2e-05,2.0812664598461295,0.06637577712535858,0.06601134687662125,0.06625433824956417,0.07263063453137875
3371,3371,4.0947585105896,4.089746475219727,2e-05,2.0807863136825766,0.06628691218793392,0.0660138949751854,0.06625564955174923,0.07264945283532143
3372,3372,4.097232818603516,4.099404335021973,2e-05,2.0807025864487576,0.06643668562173843,0.06603491213172674,0.06627559382468462,0.07267397083342075
3373,3373,4.093177795410156,4.092019557952881,2e-05,2.0802788276249418,0.06615956872701645,0.06608538515865803,0.06631843373179436,0.07270581275224686
3374,3374,4.092191696166992,4.090202331542969,2e-05,2.080468846690282,0.06645913235843182,0.06608748435974121,0.06633041799068451,0.0727288480848074
3375,3375,4.087146759033203,4.101855278015137,2e-05,2.080397067252356,0.06637049280107021,0.06604112405329943,0.06630551256239414,0.0727389995008707
3376,3376,4.094259738922119,4.089057445526123,2e-05,2.0802755649015117,0.06642882525920868,0.06611251831054688,0.0663526663556695,0.07277262024581432
3377,3377,4.092198848724365,4.092888832092285,2e-05,2.0800129828424367,0.0661529153585434,0.06603691261261702,0.0663426797837019,0.07278665341436863
3378,3378,4.090933799743652,4.093286514282227,2e-05,2.0815073489708067,0.0664869099855423,0.06609508581459522,0.06637869402766228,0.07281576097011566
3379,3379,4.097131252288818,4.091473579406738,2e-05,2.085182970117325,0.06663902476429939,0.06618334446102381,0.06640681996941566,0.07284357212483883
3380,3380,4.084853172302246,4.09445858001709,2e-05,2.0875886940658854,0.06652464345097542,0.0661336500197649,0.06642375327646732,0.07286686450242996
3381,3381,4.089663982391357,4.096766948699951,2e-05,2.0879395159861485,0.06664739362895489,0.06618067622184753,0.06643381621688604,0.07288792729377747
3382,3382,4.091729164123535,4.0898637771606445,2e-05,2.0873535450536234,0.06649937480688095,0.06616619881242514,0.06643014959990978,0.07290512509644032
3383,3383,4.098026752471924,4.089759826660156,2e-05,2.0871068084324342,0.0664512850344181,0.06625842768698931,0.06647798139601946,0.07293900288641453
3384,3384,4.088396072387695,4.092128753662109,2e-05,2.086037693900312,0.06645366363227367,0.06616347469389439,0.0664678756147623,0.07295322977006435
3385,3385,4.088326454162598,4.09691047668457,2e-05,2.085733712013112,0.06656135246157646,0.0662602037191391,0.06649813894182444,0.07298197597265244
3386,3386,4.089084148406982,4.102228164672852,2e-05,2.084713144014802,0.06674819067120552,0.06624289136379957,0.0665109334513545,0.0730044636875391
3387,3387,4.091323375701904,4.10398006439209,2e-05,2.0841501413646903,0.0666554644703865,0.06630580686032772,0.06652999948710203,0.07302961684763432
3388,3388,4.089902400970459,4.0875678062438965,2e-05,2.0838389927487837,0.06644299067556858,0.06625358294695616,0.06652236822992563,0.07304351776838303
3389,3389,4.089380741119385,4.09016227722168,2e-05,1.9433903244375277,0.06668762490153313,0.06631875224411488,0.06656874157488346,0.07307885773479939
3390,3390,4.091825485229492,4.094049453735352,2e-05,1.9587882847933422,0.06700768321752548,0.06629963591694832,0.06656989082694054,0.07309673354029655
3391,3391,4.085846900939941,4.097917079925537,2e-05,1.9724051207266213,0.06683091446757317,0.06629575323313475,0.06658564880490303,0.07312057167291641
3392,3392,4.092863082885742,4.090744972229004,2e-05,1.983308124806833,0.06657209806144238,0.06635321769863367,0.06662589311599731,0.07315125688910484
3393,3393,4.093321323394775,4.087363243103027,2e-05,1.992330675739609,0.06705292873084545,0.06638542376458645,0.06662915460765362,0.07317093946039677
3394,3394,4.089864253997803,4.097002983093262,2e-05,1.8640342186864562,0.06673585996031761,0.06641730107367039,0.06664935033768415,0.07319745793938637
3395,3395,4.101212501525879,4.092877388000488,2e-05,1.8874886624295668,0.06670311465859413,0.06638884358108044,0.06666190922260284,0.0732183437794447
3396,3396,4.088720798492432,4.1035542488098145,2e-05,1.909216793548702,0.06672780402004719,0.06642375979572535,0.06667608208954334,0.0732412151992321
3397,3397,4.089766502380371,4.0919694900512695,2e-05,1.9267663254927785,0.06705083325505257,0.06646656803786755,0.06671399995684624,0.07327194139361382
3398,3398,4.090198516845703,4.092045783996582,2e-05,1.9422778341221703,0.06685384176671505,0.06647180579602718,0.06671733129769564,0.07329157739877701
3399,3399,4.09283447265625,4.095710754394531,2e-05,1.9567702036652752,0.06697360798716545,0.06646733731031418,0.06673741992563009,0.0733167752623558
3400,3400,4.091188430786133,4.094191551208496,2e-05,1.9691351249400726,0.0669042095541954,0.06655522715300322,0.0667798426002264,0.07334732450544834
3401,3401,4.0909929275512695,4.096213340759277,2e-05,1.9805785098812183,0.06693852692842484,0.0664385175332427,0.06673496216535568,0.07335169985890388
3402,3402,4.097227573394775,4.089300155639648,2e-05,1.9905304146790461,0.06690987944602966,0.06652045343071222,0.06678628735244274,0.07338609173893929
3403,3403,4.09273624420166,4.094942569732666,2e-05,1.99892425322037,0.06701762042939663,0.06658646557480097,0.06680405233055353,0.07341141998767853
3404,3404,4.085937023162842,4.096574783325195,2e-05,2.0074061128335696,0.06670291908085346,0.06660580169409513,0.06683141924440861,0.07343812100589275
3405,3405,4.088072776794434,4.087923049926758,2e-05,2.0147817562704944,0.06684561632573605,0.06660588830709457,0.06684019416570663,0.07345821894705296
3406,3406,4.093706130981445,4.097965240478516,2e-05,2.0211797478703226,0.06684361025691032,0.06661796942353249,0.06685276888310909,0.07348092459142208
3407,3407,4.0915117263793945,4.093576908111572,2e-05,2.0270641027783776,0.06706508807837963,0.0666216854006052,0.06686266232281923,0.07350390590727329
3408,3408,4.0934953689575195,4.095831871032715,2e-05,2.0319228193745977,0.06686297990381718,0.06664757430553436,0.0668982146307826,0.07353436015546322
3409,3409,4.087796211242676,4.088680744171143,2e-05,2.037585366254994,0.0670439824461937,0.06664608139544725,0.06690219417214394,0.07355278916656971
3410,3410,4.088667869567871,4.099915981292725,2e-05,2.0419232623382304,0.0670682042837143,0.06668981723487377,0.06692217290401459,0.07357888855040073
3411,3411,4.092113494873047,4.085522174835205,2e-05,2.045693668934904,0.06684279255568981,0.06669256743043661,0.06692496128380299,0.07359659671783447
3412,3412,4.096561908721924,4.091675758361816,2e-05,1.9118136157233536,0.06695842929184437,0.06672565080225468,0.06696438975632191,0.07362774387001991
3413,3413,4.087274551391602,4.089204788208008,2e-05,1.932414978051294,0.06717568822205067,0.06678592786192894,0.06699262280017138,0.07365596108138561
3414,3414,4.089350700378418,4.099383354187012,2e-05,1.9524342387739535,0.06705235689878464,0.0668079424649477,0.06701066996902227,0.07368083111941814
3415,3415,4.087090015411377,4.0899763107299805,2e-05,1.9702072646605864,0.067236403003335,0.06675856187939644,0.06700954493135214,0.07369906641542912
3416,3416,4.0948615074157715,4.096282005310059,2e-05,1.9840011679654572,0.0672240648418665,0.06674732267856598,0.06702016573399305,0.07372039742767811
3417,3417,4.095892906188965,4.096453666687012,2e-05,1.9950163961510905,0.06694967485964298,0.06680315360426903,0.06705125421285629,0.07374879904091358
3418,3418,4.089634895324707,4.0873122215271,2e-05,2.0034552227545896,0.06723467446863651,0.06681584194302559,0.06705799140036106,0.07376865297555923
3419,3419,4.08925724029541,4.100831985473633,2e-05,2.0110773820932173,0.06726016476750374,0.06685086619108915,0.06706833094358444,0.07379211857914925
3420,3420,4.093092918395996,4.095946311950684,2e-05,2.018014061772815,0.06741042621433735,0.06693439744412899,0.06711763050407171,0.07382559403777122
3421,3421,4.08974552154541,4.0938720703125,2e-05,2.0245149254878902,0.06734144315123558,0.06681845337152481,0.06711080577224493,0.07384214177727699
3422,3422,4.086887359619141,4.090240478515625,2e-05,2.0297247346967056,0.06721914559602737,0.06687207240611315,0.06710486579686403,0.07385779544711113
3423,3423,4.086726188659668,4.1006927490234375,2e-05,2.034990008215104,0.06722288206219673,0.06696713156998158,0.06715938448905945,0.07389484718441963
3424,3424,4.09146785736084,4.0879364013671875,2e-05,2.039597350636093,0.06728982925415039,0.06687385868281126,0.06715469714254141,0.07391154207289219
3425,3425,4.084727764129639,4.089547634124756,2e-05,2.044059109782536,0.06706246361136436,0.06693077925592661,0.06717150844633579,0.07393486611545086
3426,3426,4.089985370635986,4.0926971435546875,2e-05,2.0479331293206973,0.06732908263802528,0.06695937737822533,0.06719270441681147,0.07396062649786472
3427,3427,4.097647666931152,4.091541290283203,2e-05,2.0509171397001777,0.06771978735923767,0.06703117582947016,0.06723527424037457,0.07399392686784267
3428,3428,4.086299896240234,4.092218399047852,2e-05,2.0538302307299525,0.06751176156103611,0.06701964978128672,0.067236403003335,0.0740120355039835
3429,3429,4.093276023864746,4.094151020050049,2e-05,2.055820251767408,0.06719745323061943,0.06697562709450722,0.06724920682609081,0.0740338172763586
3430,3430,4.092041015625,4.094433307647705,2e-05,2.0590182140360205,0.06767360121011734,0.06707844790071249,0.0672680838033557,0.07405960559844971
3431,3431,4.088169097900391,4.088748455047607,2e-05,2.0609085365383772,0.06733952462673187,0.067057722248137,0.06727873533964157,0.07408145070075989
3432,3432,4.09974479675293,4.091364860534668,2e-05,2.0625159987176755,0.06735745444893837,0.06708957627415657,0.06731199007481337,0.07411084696650505
3433,3433,4.086829662322998,4.0891432762146,2e-05,2.0641232615993577,0.06736863404512405,0.06711522489786148,0.06733037997037172,0.07413513399660587
3434,3434,4.089892864227295,4.105716705322266,2e-05,2.0652982486097016,0.06751557998359203,0.06714295037090778,0.06735907681286335,0.07416260801255703
3435,3435,4.0883331298828125,4.09084415435791,2e-05,2.067289375861368,0.06740440055727959,0.06714501697570086,0.06735565420240164,0.07418050803244114
3436,3436,4.089351654052734,4.090685844421387,2e-05,2.0689471446302217,0.06739716976881027,0.06716922856867313,0.06738213915377855,0.07420771941542625
3437,3437,4.0901994705200195,4.090437889099121,2e-05,2.0701934677128975,0.06773067079484463,0.06717637833207846,0.06740476284176111,0.07423334382474422
3438,3438,4.093026161193848,4.087802886962891,2e-05,2.0707244595860006,0.06768795475363731,0.06715620961040258,0.06740905903279781,0.07425336726009846
3439,3439,4.095245838165283,4.093759536743164,2e-05,2.071659293990813,0.06751612946391106,0.06713582575321198,0.06740156281739473,0.0742704626172781
3440,3440,4.0914411544799805,4.091665267944336,2e-05,2.074351230203488,0.0674461405724287,0.06721486989408731,0.0674265930429101,0.0742965079843998
3441,3441,4.092301845550537,4.100804805755615,2e-05,2.0788734675941978,0.06735470332205296,0.06724944990128279,0.06746054161339998,0.07432546280324459
3442,3442,4.099696159362793,4.096077919006348,2e-05,2.081572159182961,0.06755428202450275,0.06725432630628347,0.06748112570494413,0.07435094006359577
3443,3443,4.085858345031738,4.0899763107299805,2e-05,2.0825021217054704,0.06757706589996815,0.06726260762661695,0.06749076582491398,0.07437408901751041
3444,3444,4.091777801513672,4.094159126281738,2e-05,2.0825268763962654,0.06768615171313286,0.06730556674301624,0.06750620156526566,0.07439794763922691
3445,3445,4.093973636627197,4.09331750869751,2e-05,2.082147883739484,0.06766357645392418,0.06733878515660763,0.06754282489418983,0.07442694716155529
3446,3446,4.091979026794434,4.091172695159912,2e-05,2.0823893890474823,0.06778302416205406,0.0673123961314559,0.0675453869625926,0.07444797269999981
3447,3447,4.09562349319458,4.096357345581055,2e-05,2.0820587618941024,0.06767243705689907,0.06735542230308056,0.06756406929343939,0.07447142712771893
3448,3448,4.088985443115234,4.096116065979004,2e-05,2.0815437976671625,0.06764621660113335,0.06731745414435863,0.06758431904017925,0.07449625805020332
3449,3449,4.087177276611328,4.09919548034668,2e-05,2.0818556564231674,0.0679260902106762,0.06735668145120144,0.06757900211960077,0.07451383024454117
3450,3450,4.09102725982666,4.094072341918945,2e-05,2.0812623348832946,0.06787989847362041,0.06745537742972374,0.06764373928308487,0.0745528806000948
3451,3451,4.087014198303223,4.089527130126953,2e-05,2.0809455386668416,0.0678215492516756,0.06742564402520657,0.06763757392764091,0.07456869818270206
3452,3452,4.088234901428223,4.089991569519043,2e-05,2.0811110621156845,0.0680956244468689,0.06738006509840488,0.06763057690113783,0.07458727434277534
3453,3453,4.093055725097656,4.0845818519592285,2e-05,2.0811236448523265,0.06791358441114426,0.06742872018367052,0.06766441743820906,0.07461462542414665
3454,3454,4.085758209228516,4.09196662902832,2e-05,1.943115970105137,0.06788909249007702,0.0674328850582242,0.06768257450312376,0.07463940791785717
3455,3455,4.088188171386719,4.089385986328125,2e-05,1.958672317729762,0.06805221736431122,0.06751429382711649,0.06770207546651363,0.07466370612382889
3456,3456,4.0865983963012695,4.100885391235352,2e-05,1.9721878187598907,0.06784795969724655,0.06748887617141008,0.06770903337746859,0.07468424551188946
3457,3457,4.096691131591797,4.090221881866455,2e-05,1.982981268151307,0.06787240877747536,0.06756093073636293,0.06775488518178463,0.07471760362386703
3458,3458,4.096621990203857,4.09421443939209,2e-05,1.9930152045185452,0.06807950511574745,0.0675142239779234,0.0677448371425271,0.07473500072956085
3459,3459,4.091057777404785,4.102663993835449,2e-05,2.0007673790444507,0.06804612651467323,0.067573307082057,0.06778111681342125,0.07476368919014931
3460,3460,4.091062545776367,4.09785270690918,2e-05,2.008653373970502,0.06806907802820206,0.06758852768689394,0.06780607532709837,0.07478993758559227
3461,3461,4.084644317626953,4.0953874588012695,2e-05,2.016336356252466,0.06808891519904137,0.0675573693588376,0.06777840852737427,0.07480165548622608
3462,3462,4.088905334472656,4.09433650970459,2e-05,2.0235400816592586,0.06806949898600578,0.06763182207942009,0.06782885920256376,0.07483399845659733
3463,3463,4.091143608093262,4.094759464263916,2e-05,2.028603412834461,0.06793794222176075,0.0675897290930152,0.06782542075961828,0.07485200837254524
3464,3464,4.084442615509033,4.096161842346191,2e-05,2.0381589353545486,0.06798088178038597,0.06761294323951006,0.0678587444126606,0.07488170079886913
3465,3465,4.08338737487793,4.091815948486328,2e-05,2.0449544547305845,0.06813930347561836,0.0676783686503768,0.06786865461617708,0.07490263320505619
3466,3466,4.0905375480651855,4.092013835906982,2e-05,2.0503395540334335,0.06809189356863499,0.06767922826111317,0.06789639592170715,0.07493004016578197
3467,3467,4.091100692749023,4.093644142150879,2e-05,2.0548590306998364,0.06831846013665199,0.06771465856581926,0.06791582331061363,0.07495446503162384
3468,3468,4.09389066696167,4.090292930603027,2e-05,2.0587884726120316,0.06809907592833042,0.06769907660782337,0.067920315079391,0.07497455552220345
3469,3469,4.090786933898926,4.096495151519775,2e-05,2.0600271114445774,0.06821189820766449,0.06776968482881784,0.06795705389231443,0.07500505447387695
3470,3470,4.088342189788818,4.0849928855896,2e-05,2.0625528155821233,0.06831605359911919,0.06780447065830231,0.06797804590314627,0.07503107003867626
3471,3471,4.094062328338623,4.091872215270996,2e-05,2.064788638800407,0.06794524192810059,0.06776608992367983,0.06797232013195753,0.07504791393876076
3472,3472,4.09278678894043,4.096783638000488,2e-05,2.0701438326203077,0.0682172067463398,0.06777766160666943,0.06799502391368151,0.07507380098104477
3473,3473,4.086306571960449,4.100297927856445,2e-05,2.074127309894227,0.06813280284404755,0.06779601238667965,0.0680180387571454,0.07509979791939259
3474,3474,4.088397026062012,4.091163635253906,2e-05,2.0754970601984035,0.06811398081481457,0.06783606112003326,0.06803799327462912,0.07512577995657921
3475,3475,4.1043171882629395,4.091222763061523,2e-05,2.076346483434305,0.06800526566803455,0.06781203951686621,0.06803837325423956,0.07514431327581406
3476,3476,4.091065883636475,4.092546463012695,2e-05,2.0768082677996103,0.06821460090577602,0.06788139045238495,0.06807096768170595,0.07517345994710922
3477,3477,4.086917877197266,4.090466022491455,2e-05,2.0769368782915265,0.06810964643955231,0.06786708906292915,0.06807236839085817,0.07519284635782242
3478,3478,4.085248947143555,4.094910621643066,2e-05,2.0765375341919903,0.06834161095321178,0.06790431588888168,0.06811310909688473,0.07522452995181084
3479,3479,4.087048530578613,4.090764045715332,2e-05,2.077571537696923,0.06833265721797943,0.06793596688657999,0.06813428178429604,0.07525040209293365
3480,3480,4.085271835327148,4.084051609039307,2e-05,2.078327873404691,0.06833804026246071,0.06794492993503809,0.06814759597182274,0.0752733163535595
3481,3481,4.09180212020874,4.092630386352539,2e-05,1.9414570400371651,0.0681268759071827,0.06790709216147661,0.06815775483846664,0.07529505342245102
3482,3482,4.086685657501221,4.087515830993652,2e-05,1.9592429965438827,0.06835227459669113,0.06794129963964224,0.06817495357245207,0.07531879656016827
3483,3483,4.089478015899658,4.092894554138184,2e-05,1.9725260001036655,0.06850483827292919,0.0680068451911211,0.06819893233478069,0.075345978140831
3484,3484,4.08765983581543,4.087325096130371,2e-05,1.9835508487526041,0.06829405575990677,0.06800965499132872,0.068212965503335,0.07536902278661728
3485,3485,4.092504978179932,4.091245651245117,2e-05,1.9937565257342,0.06827784515917301,0.0679763462394476,0.0682029128074646,0.07538400031626225
3486,3486,4.089812278747559,4.088718891143799,2e-05,2.002536783235063,0.06870925612747669,0.06805587746202946,0.06824731826782227,0.07541744969785213
3487,3487,4.088316917419434,4.086849212646484,2e-05,2.0103423815240338,0.06856792233884335,0.06807649414986372,0.06826152093708515,0.07544138841331005
3488,3488,4.082590103149414,4.090317726135254,2e-05,2.0169299779870955,0.06855224072933197,0.06808883789926767,0.06827707029879093,0.07546477764844894
3489,3489,4.08448600769043,4.091629981994629,2e-05,2.023009363771596,0.06872124411165714,0.06808252912014723,0.06827990524470806,0.07548455707728863
3490,3490,4.082208156585693,4.100011348724365,2e-05,2.032216937528121,0.06828634068369865,0.06805495079606771,0.06828268710523844,0.07550364173948765
3491,3491,4.084673881530762,4.095077991485596,2e-05,2.039792076416443,0.06859869696199894,0.06814341712743044,0.06833764258772135,0.07554018869996071
3492,3492,4.0859832763671875,4.091026306152344,2e-05,2.0468107293107485,0.06855223141610622,0.06816030479967594,0.06836030818521976,0.07556602172553539
3493,3493,4.086407661437988,4.09822416305542,2e-05,2.0507825365150154,0.06874108500778675,0.06812044512480497,0.06833609472960234,0.07557758688926697
3494,3494,4.087628364562988,4.093479633331299,2e-05,2.0537313682570724,0.06887047924101353,0.06816714815795422,0.0683635976165533,0.07560522109270096
3495,3495,4.084802627563477,4.088006973266602,2e-05,2.056288802908478,0.06852268241345882,0.06820564717054367,0.06840039230883121,0.07563403993844986
3496,3496,4.094621181488037,4.086956024169922,2e-05,2.0591908257414753,0.06862768344581127,0.06817435193806887,0.06838559079915285,0.07564903609454632
3497,3497,4.09122896194458,4.0886712074279785,2e-05,2.061170163236999,0.06860632821917534,0.0682072713971138,0.06842960324138403,0.07568090036511421
3498,3498,4.093945503234863,4.086658477783203,2e-05,2.0629812448521725,0.06863507442176342,0.06825847830623388,0.06844984274357557,0.07570580951869488
3499,3499,4.086516857147217,4.092560291290283,2e-05,2.0652438822238115,0.06872045435011387,0.0682629644870758,0.06847083382308483,0.07573315314948559
3500,3500,4.095375061035156,4.097771644592285,2e-05,2.066815926710166,0.06869697570800781,0.06828274484723806,0.06847408786416054,0.07575178146362305
3501,3501,4.085484027862549,4.088526725769043,2e-05,2.068280328858231,0.06874334625899792,0.06833045650273561,0.06849026679992676,0.07577548176050186
3502,3502,4.086822986602783,4.087627410888672,2e-05,2.069155548012591,0.06857818365097046,0.06829497031867504,0.06848976202309132,0.07579482160508633
3503,3503,4.082571029663086,4.081740379333496,2e-05,2.0699012949689366,0.06910629384219646,0.06837113853543997,0.06854793895035982,0.07583078742027283
3504,3504,4.092957019805908,4.0882463455200195,2e-05,1.9330757973201174,0.06880361028015614,0.06839790660887957,0.06856537610292435,0.07585484161973
3505,3505,4.0972490310668945,4.093967437744141,2e-05,1.949936456639371,0.06897437386214733,0.06836261786520481,0.06856895424425602,0.07587629742920399
3506,3506,4.086187362670898,4.094797134399414,2e-05,1.9629847526167588,0.06882567889988422,0.0684201056137681,0.06858339533209801,0.07589869201183319
3507,3507,4.08621072769165,4.088115215301514,2e-05,1.9752221563407009,0.06895746849477291,0.06842352543026209,0.06859525945037603,0.0759200882166624
3508,3508,4.09044075012207,4.0885419845581055,2e-05,1.9869648526364432,0.06890715658664703,0.06842502858489752,0.06861739046871662,0.07594627514481544
3509,3509,4.096661567687988,4.085975170135498,2e-05,1.9958655426416665,0.06878956407308578,0.06845895107835531,0.06863646488636732,0.07597171515226364
3510,3510,4.0941033363342285,4.0908403396606445,2e-05,2.003770195169337,0.06881952285766602,0.06841334328055382,0.06863895431160927,0.07598977908492088
3511,3511,4.095494270324707,4.094513416290283,2e-05,2.0117277219936454,0.06885886564850807,0.06849306914955378,0.06866921577602625,0.0760188102722168
3512,3512,4.085592746734619,4.092436790466309,2e-05,2.018319924225357,0.06898078508675098,0.06856539938598871,0.0687007438391447,0.07604604959487915
3513,3513,4.084688186645508,4.09406042098999,2e-05,2.024534825998283,0.0687602199614048,0.0684913657605648,0.06870324723422527,0.07606671564280987
3514,3514,4.080117225646973,4.087875843048096,2e-05,2.029977290694769,0.06903935596346855,0.06849559023976326,0.06871569249778986,0.07608863897621632
3515,3515,4.089158058166504,4.091121673583984,2e-05,2.0350759943340275,0.06893575750291348,0.06854218058288097,0.06873433198779821,0.07611342146992683
3516,3516,4.088811874389648,4.094560146331787,2e-05,2.039163104556997,0.06876177154481411,0.06852527894079685,0.068749631755054,0.07613750360906124
3517,3517,4.083536148071289,4.090960502624512,2e-05,2.0432565498872473,0.06888790056109428,0.06860954780131578,0.06878454424440861,0.07616523280739784
3518,3518,4.087055206298828,4.083920478820801,2e-05,2.0463728508787447,0.06908444873988628,0.06862680055201054,0.06879643443971872,0.0761891808360815
3519,3519,4.094576358795166,4.093879699707031,2e-05,2.0496735582358196,0.06866895593702793,0.06860166881233454,0.06879685539752245,0.07620701938867569
3520,3520,4.082851409912109,4.089417457580566,2e-05,2.053344138920755,0.0689212940633297,0.06861998327076435,0.06881497334688902,0.07623162120580673
3521,3521,4.101128578186035,4.094200611114502,2e-05,2.055267198514314,0.06918753683567047,0.06863457430154085,0.06883528642356396,0.07625744864344597
3522,3522,4.0865912437438965,4.088493347167969,2e-05,2.0581495473057214,0.06930216774344444,0.06868253741413355,0.06885695271193981,0.07628254778683186
3523,3523,4.091743469238281,4.088015079498291,2e-05,2.0604458914385293,0.0692049004137516,0.06867714319378138,0.06887703388929367,0.0763070359826088
3524,3524,4.084836959838867,4.086346626281738,2e-05,2.062636568430843,0.06917283497750759,0.06872326135635376,0.06889863591641188,0.0763328280299902
3525,3525,4.0958662033081055,4.085247993469238,2e-05,2.0643331701147796,0.06916384771466255,0.06874165404587984,0.06891900394111872,0.07635747455060482
3526,3526,4.089653015136719,4.0873894691467285,2e-05,2.0654600503333254,0.06904019042849541,0.0687540415674448,0.06892433855682611,0.07637936994433403
3527,3527,4.086633205413818,4.084912300109863,2e-05,2.0670055230958115,0.06911328434944153,0.06875677965581417,0.06893949117511511,0.07640230469405651
3528,3528,4.09423828125,4.101806640625,2e-05,2.068166305430923,0.06915153190493584,0.06881105899810791,0.06897107232362032,0.07643084600567818
3529,3529,4.088489532470703,4.088217258453369,2e-05,2.069386664210804,0.0691613219678402,0.06879556179046631,0.0689796730875969,0.07645286247134209
3530,3530,4.087898254394531,4.089020252227783,2e-05,2.0707031123963904,0.06948751211166382,0.06880941893905401,0.06898499559611082,0.07647348940372467
3531,3531,4.083472728729248,4.087990760803223,2e-05,2.0714595346732434,0.06915497593581676,0.06878992076963186,0.06899581477046013,0.07649622671306133
3532,3532,4.100329399108887,4.087339401245117,2e-05,2.0720316432751256,0.06961791403591633,0.06884181685745716,0.06903231143951416,0.07652604021131992
3533,3533,4.08939266204834,4.095489978790283,2e-05,2.0730463807754473,0.06942440755665302,0.06887184828519821,0.06905535701662302,0.07655289955437183
3534,3534,4.090278148651123,4.086353302001953,2e-05,2.0739522035657916,0.06961488164961338,0.06890930887311697,0.06907049287110567,0.07657563127577305
3535,3535,4.092108726501465,4.085947513580322,2e-05,2.074881597270112,0.06913570873439312,0.06892790738493204,0.06909739319235086,0.07660282030701637
3536,3536,4.087628364562988,4.086597442626953,2e-05,2.0749708895517647,0.06945606507360935,0.06896665319800377,0.0691283093765378,0.07663088291883469
3537,3537,4.085785388946533,4.0875654220581055,2e-05,2.075421688489342,0.06957708299160004,0.06889146566390991,0.06907859351485968,0.07663686946034431
3538,3538,4.093356132507324,4.091151237487793,2e-05,2.075422464960144,0.06946270354092121,0.06893266551196575,0.0691390112042427,0.0766725018620491
3539,3539,4.0910539627075195,4.103837966918945,2e-05,2.076115484600296,0.06936203502118587,0.06900513079017401,0.06915096752345562,0.07669558934867382
3540,3540,4.0858073234558105,4.084896087646484,2e-05,2.0767540882745843,0.06955797411501408,0.06899161357432604,0.06916329730302095,0.0767181497067213
3541,3541,4.095212459564209,4.09323263168335,2e-05,2.0812598922727634,0.0692614708095789,0.06902157235890627,0.06916847545653582,0.07673808746039867
3542,3542,4.091863632202148,4.083012580871582,2e-05,2.0824614691405476,0.06959188170731068,0.06900947168469429,0.06918706838041544,0.076762605458498
3543,3543,4.08399772644043,4.09386682510376,2e-05,2.0848343486994474,0.0695746298879385,0.06898279301822186,0.06920293904840946,0.07678666710853577
3544,3544,4.088870048522949,4.084471225738525,2e-05,2.085305614650045,0.06966385059058666,0.06903642043471336,0.06922645680606365,0.07681315951049328
3545,3545,4.086562633514404,4.083985328674316,2e-05,2.08496319436371,0.06970896385610104,0.06908241473138332,0.06925036665052176,0.07683852128684521
3546,3546,4.079867362976074,4.092661380767822,2e-05,2.0843084360881123,0.06943535804748535,0.06912500783801079,0.06927016377449036,0.07686363533139229
3547,3547,4.085587501525879,4.086261749267578,2e-05,2.0842146220386124,0.06959159299731255,0.06910921260714531,0.06928295083343983,0.07688607275485992
3548,3548,4.09047794342041,4.089751243591309,2e-05,2.0841277061759937,0.06966031901538372,0.06910512130707502,0.06929213833063841,0.07690844312310219
3549,3549,4.096924304962158,4.10307502746582,2e-05,2.0835663829908504,0.0698189064860344,0.06908464804291725,0.06929019000381231,0.07692745700478554
3550,3550,4.089010715484619,4.086202621459961,2e-05,2.0830809674893818,0.06962132640182972,0.06913730502128601,0.06932994443923235,0.0769577007740736
3551,3551,4.091448783874512,4.081398010253906,2e-05,2.082448976545034,0.06964974291622639,0.06917927134782076,0.06933293119072914,0.07697729952633381
3552,3552,4.087314605712891,4.09657096862793,2e-05,1.94448890300181,0.0696903858333826,0.06925339996814728,0.06938317697495222,0.07701191864907742
3553,3553,4.086869239807129,4.093512058258057,2e-05,1.9596160581799513,0.06975444592535496,0.06920018419623375,0.06937299575656652,0.07702863402664661
3554,3554,4.093494415283203,4.084129333496094,2e-05,1.9716369817400805,0.06986302696168423,0.06926622986793518,0.06941441632807255,0.07705900445580482
3555,3555,4.085508346557617,4.088800430297852,2e-05,1.9832807066192757,0.06973298452794552,0.06922510173171759,0.06940609589219093,0.07707549259066582
3556,3556,4.09478235244751,4.089175224304199,2e-05,1.994300259309736,0.06962094269692898,0.06920462381094694,0.06942127645015717,0.07709899172186852
3557,3557,4.089018821716309,4.094178199768066,2e-05,2.0017425839124,0.0698381457477808,0.06930580735206604,0.06945893634110689,0.07712876424193382
3558,3558,4.090784072875977,4.087719917297363,2e-05,2.0092444313257505,0.06993397325277328,0.06929735466837883,0.06943870149552822,0.07714189030230045
3559,3559,4.0882978439331055,4.090983867645264,2e-05,2.0167017258025597,0.06975026056170464,0.06932193413376808,0.06947961542755365,0.0771727841347456
3560,3560,4.086909294128418,4.095218658447266,2e-05,2.0240812209566634,0.07001565024256706,0.069361069239676,0.0694853700697422,0.0771934948861599
3561,3561,4.091304302215576,4.089280605316162,2e-05,2.029161842556837,0.06967506371438503,0.06929672323167324,0.06949076987802982,0.07721555046737194
3562,3562,4.088993072509766,4.079340934753418,2e-05,2.0381105282276692,0.06978918984532356,0.06942060869187117,0.06953360512852669,0.0772451888769865
3563,3563,4.084512710571289,4.093027114868164,2e-05,1.9053667407168282,0.06986106745898724,0.06941616721451283,0.06956380419433117,0.0772735457867384
3564,3564,4.083384990692139,4.0874786376953125,2e-05,1.9233211714216416,0.07000075466930866,0.06942798756062984,0.06956917233765125,0.07729501277208328
3565,3565,4.0898542404174805,4.092194557189941,2e-05,1.9388182589230956,0.06995186395943165,0.06944331340491772,0.06959530524909496,0.07732103765010834
3566,3566,4.091269016265869,4.093204498291016,2e-05,1.9530675567380682,0.06981937773525715,0.06943162996321917,0.06959371827542782,0.07734015211462975
3567,3567,4.0908684730529785,4.082644462585449,2e-05,1.9659638215040125,0.07007861323654652,0.06944783870130777,0.06962357368320227,0.07736767642199993
3568,3568,4.086915016174316,4.092336177825928,2e-05,1.9777168858912735,0.07009143382310867,0.06946862395852804,0.06963897962123156,0.07739122398197651
3569,3569,4.087533473968506,4.090559959411621,2e-05,1.9876928857663705,0.07009143941104412,0.06947192177176476,0.0696296850219369,0.07740728743374348
3570,3570,4.084349632263184,4.0829758644104,2e-05,1.996451757440227,0.07017289102077484,0.06946907378733158,0.06966587342321873,0.07743786461651325
3571,3571,4.0866522789001465,4.090994834899902,2e-05,2.004952576515286,0.07011082768440247,0.06951348017901182,0.06967818457633257,0.0774582140147686
3572,3572,4.08936071395874,4.091785430908203,2e-05,2.011614080569684,0.07007156871259212,0.06950993370264769,0.06969480868428946,0.07748392969369888
3573,3573,4.088137626647949,4.09177303314209,2e-05,2.0189512383221624,0.07019191235303879,0.06954681221395731,0.06970092095434666,0.07750505581498146
3574,3574,4.084280490875244,4.088472843170166,2e-05,2.0251104379587486,0.07004913687705994,0.06947189010679722,0.06970531679689884,0.07752488180994987
3575,3575,4.088006496429443,4.090921401977539,2e-05,2.0305077059142422,0.07015080191195011,0.06958890333771706,0.06975525803864002,0.07755939289927483
3576,3576,4.081533432006836,4.088173866271973,2e-05,2.0355162119352945,0.06991767138242722,0.06957422569394112,0.06975553929805756,0.07757779024541378
3577,3577,4.085944652557373,4.087220191955566,2e-05,2.0398160381742216,0.07009202614426613,0.0696342708542943,0.06978444289416075,0.0776066891849041
3578,3578,4.082985877990723,4.0869035720825195,2e-05,2.0440994746177146,0.0702420063316822,0.06957325246185064,0.06977703422307968,0.07762250676751137
3579,3579,4.084786891937256,4.095184803009033,2e-05,2.0484545527628413,0.07003637030720711,0.0696013905107975,0.06978969275951385,0.07764552533626556
3580,3580,4.08482551574707,4.092957019805908,2e-05,2.051235864674355,0.07034487091004848,0.06966308690607548,0.06983402371406555,0.0776768121868372
3581,3581,4.0882954597473145,4.093357563018799,2e-05,2.0538624359188735,0.07009977847337723,0.06970960460603237,0.06985687930136919,0.07770298421382904
3582,3582,4.086496353149414,4.083907604217529,2e-05,2.0566717728703496,0.07033611461520195,0.06973500363528728,0.06987380888313055,0.07772799581289291
3583,3583,4.090336322784424,4.0857954025268555,2e-05,2.0593763964122975,0.07002119533717632,0.06975018326193094,0.0698927789926529,0.07775153033435345
3584,3584,4.085005283355713,4.082324028015137,2e-05,2.061602103906699,0.07021361775696278,0.0697173411026597,0.06989751663058996,0.07777305133640766
3585,3585,4.082220077514648,4.088347911834717,2e-05,2.062972517798441,0.07032938487827778,0.06973960902541876,0.06990743800997734,0.07779553532600403
3586,3586,4.08982515335083,4.086164474487305,2e-05,2.064326699584039,0.06996571645140648,0.06977252010256052,0.06992316339164972,0.07781963609158993
3587,3587,4.09005069732666,4.083909511566162,2e-05,2.0662136779014926,0.07027823850512505,0.06976878177374601,0.06994269788265228,0.07784471474587917
3588,3588,4.081226348876953,4.086185455322266,2e-05,2.0677531781674787,0.07024949043989182,0.06983667518943548,0.06996502541005611,0.07787030190229416
3589,3589,4.085501194000244,4.086411476135254,2e-05,2.0687724745613156,0.07036985829472542,0.06981705222278833,0.06997862551361322,0.0778947714716196
3590,3590,4.0966596603393555,4.088685035705566,2e-05,2.069919836663728,0.07026515156030655,0.06979889422655106,0.06997250486165285,0.07791101559996605
3591,3591,4.0799336433410645,4.086368083953857,2e-05,2.0758197651181023,0.07064968347549438,0.06989787518978119,0.07002770155668259,0.07794675976037979
3592,3592,4.085592269897461,4.093176364898682,2e-05,2.0787375991553083,0.07051626406610012,0.06989149935543537,0.07005018461495638,0.07797403633594513
3593,3593,4.090218544006348,4.090731620788574,2e-05,2.0799760322976764,0.07051670551300049,0.06990435346961021,0.07004995737224817,0.0779923852533102
3594,3594,4.07772159576416,4.091731071472168,2e-05,2.080437208871095,0.07042981870472431,0.06991095934063196,0.0700657470151782,0.07801664248108864
3595,3595,4.082864761352539,4.089129447937012,2e-05,2.0808696722964046,0.07037989981472492,0.06999447755515575,0.07010378316044807,0.07804878428578377
3596,3596,4.0842790603637695,4.087099075317383,2e-05,2.0807924608527135,0.07069201953709126,0.07000250741839409,0.07011868711560965,0.0780717022716999
3597,3597,4.085029602050781,4.0865478515625,2e-05,2.0811993458186198,0.07064247131347656,0.07000236306339502,0.07012008968740702,0.07809296809136868
3598,3598,4.0840911865234375,4.086514472961426,2e-05,2.0812154917451955,0.07066833972930908,0.07005042117089033,0.07014328427612782,0.07811914943158627
3599,3599,4.087094783782959,4.09102725982666,2e-05,2.0809577491654045,0.07056248188018799,0.07005382608622313,0.07017980795353651,0.07814918458461761
3600,3600,4.083340644836426,4.084649085998535,2e-05,2.0805701627307305,0.07071229815483093,0.07003073859959841,0.0701593728736043,0.07816385850310326
3601,3601,4.080192565917969,4.098464488983154,2e-05,2.080604624253476,0.07062694616615772,0.07004197780042887,0.0701892264187336,0.07819276116788387
3602,3602,4.086113929748535,4.087505340576172,2e-05,2.080588579717048,0.07071433030068874,0.0701143192127347,0.0702198687940836,0.07822102680802345
3603,3603,4.079242706298828,4.0862531661987305,2e-05,2.081003419521369,0.07068135030567646,0.07009575422853231,0.07021991349756718,0.07824036478996277
3604,3604,4.090646743774414,4.096063613891602,2e-05,2.0804805295778963,0.07070242799818516,0.07009954564273357,0.07024876400828362,0.07827004231512547
3605,3605,4.085660934448242,4.08415412902832,2e-05,2.0801949814512297,0.07047929987311363,0.07015473768115044,0.07026674598455429,0.07829328998923302
3606,3606,4.086809158325195,4.08876895904541,2e-05,2.080390904754866,0.07057960331439972,0.07017445471137762,0.07028243131935596,0.07831813767552376
3607,3607,4.081006050109863,4.083511829376221,2e-05,2.0798208553122532,0.07080559618771076,0.07012693490833044,0.07027126476168633,0.07833578810095787
3608,3608,4.080102920532227,4.090531826019287,2e-05,2.079818824384585,0.07080033048987389,0.07019225973635912,0.07030130364000797,0.07836411520838737
3609,3609,4.086184501647949,4.0866851806640625,2e-05,2.0800151647988505,0.07068395055830479,0.07013787236064672,0.07030866853892803,0.07838557474315166
3610,3610,4.086524486541748,4.091108322143555,2e-05,2.0799664842888124,0.07064114883542061,0.07021080050617456,0.07033751625567675,0.07841324992477894
3611,3611,4.091080665588379,4.089857578277588,2e-05,2.0803416366889134,0.07071244716644287,0.07024781499058008,0.07036635559052229,0.07844152487814426
3612,3612,4.080738067626953,4.089617729187012,2e-05,2.0797026623806802,0.07072361186146736,0.07023596577346325,0.07037323527038097,0.07846203073859215
3613,3613,4.082945823669434,4.094952583312988,2e-05,2.0794282439602076,0.0708648320287466,0.0702539449557662,0.0703736487776041,0.07848332449793816
3614,3614,4.082392692565918,4.081515312194824,2e-05,2.0795917628066865,0.070961594581604,0.07027861289680004,0.07041266281157732,0.07851368561387062
3615,3615,4.085963249206543,4.083870887756348,2e-05,2.080029231083117,0.07065828703343868,0.07032096479088068,0.07044343557208776,0.07854204997420311
3616,3616,4.0830078125,4.0856146812438965,2e-05,2.079971721917314,0.07108567282557487,0.0703313173726201,0.07044550776481628,0.07856264524161816
3617,3617,4.085895538330078,4.0842976570129395,2e-05,2.0792885629496882,0.0707110445946455,0.07031137775629759,0.07044878602027893,0.07858278416097164
3618,3618,4.080816745758057,4.084649085998535,2e-05,2.0797339915899564,0.07080848142504692,0.07032136153429747,0.07046141847968102,0.07860597781836987
3619,3619,4.085740089416504,4.090938568115234,2e-05,2.0813466898797603,0.07083485275506973,0.07033986318856478,0.07049248274415731,0.07863381691277027
3620,3620,4.086747169494629,4.0887451171875,2e-05,2.085741528551345,0.07123839855194092,0.07038640510290861,0.07051819562911987,0.07866236753761768
3621,3621,4.080601692199707,4.083611488342285,2e-05,2.0880430470190667,0.07110163569450378,0.07035860791802406,0.07050669379532337,0.07867920584976673
3622,3622,4.082266330718994,4.085274696350098,2e-05,2.0876229642697286,0.07122910395264626,0.0703852716833353,0.07052490208297968,0.07870370522141457
3623,3623,4.084805488586426,4.087933540344238,2e-05,2.0873965468283737,0.07092551700770855,0.07045318651944399,0.07055509835481644,0.07873121276497841
3624,3624,4.08392858505249,4.085733413696289,2e-05,2.0867533248542722,0.07101521641016006,0.07043350487947464,0.07056842185556889,0.07875494658946991
3625,3625,4.084507942199707,4.085410118103027,2e-05,2.086434889803998,0.07122035697102547,0.07048671692609787,0.07059634570032358,0.07878295704722404
3626,3626,4.08310604095459,4.081542015075684,2e-05,2.0862352647887947,0.07071756385266781,0.07042630482465029,0.07058980874717236,0.07879961840808392
3627,3627,4.083917617797852,4.085716247558594,2e-05,2.085567048406613,0.07128521613776684,0.0704405764117837,0.07059986889362335,0.07882198505103588
3628,3628,4.075201511383057,4.082437515258789,2e-05,2.085168732601638,0.07122493907809258,0.07052302919328213,0.07065027300268412,0.07885530777275562
3629,3629,4.086828231811523,4.098264217376709,2e-05,2.084002762930465,0.07124686054885387,0.07053543627262115,0.0706698577851057,0.07888101600110531
3630,3630,4.081702709197998,4.083761215209961,2e-05,2.0836493808328806,0.07108164206147194,0.07057105097919703,0.07069221790879965,0.07890730910003185
3631,3631,4.081617832183838,4.092587947845459,2e-05,2.083527151618808,0.07101419940590858,0.0706066656857729,0.07071265205740929,0.07893196865916252
3632,3632,4.088101863861084,4.097013473510742,2e-05,2.0832015218504853,0.07122144661843777,0.07059717457741499,0.07071742974221706,0.07895390316843987
3633,3633,4.087912559509277,4.090310096740723,2e-05,2.08295550712407,0.07124277763068676,0.07061620242893696,0.0707339197397232,0.07897758670151234
3634,3634,4.091675281524658,4.087433338165283,2e-05,2.082739047957449,0.07126611098647118,0.07060761842876673,0.07074256520718336,0.07899953052401543
3635,3635,4.090950965881348,4.082303047180176,2e-05,2.082301761539301,0.07123870775103569,0.07061285991221666,0.0707553206011653,0.0790236908942461
3636,3636,4.082965850830078,4.0852813720703125,2e-05,2.0819947364243125,0.071208780631423,0.07068021688610315,0.07078167423605919,0.07904951646924019
3637,3637,4.088341236114502,4.084123611450195,2e-05,2.0816343525216796,0.07127683982253075,0.07074541598558426,0.07082074880599976,0.07908105663955212
3638,3638,4.083409309387207,4.090717792510986,2e-05,2.081349556799227,0.07131464220583439,0.0706990072503686,0.07081422861665487,0.07909807749092579
3639,3639,4.090520858764648,4.093889236450195,2e-05,2.080888239436153,0.07121877558529377,0.07069769036024809,0.07082496583461761,0.07912150956690311
3640,3640,4.088993549346924,4.087381362915039,2e-05,2.081032200835913,0.07136881351470947,0.07073331624269485,0.07085650786757469,0.07914889045059681
3641,3641,4.0784783363342285,4.084179878234863,2e-05,2.0807655991299185,0.07143352180719376,0.0707370052114129,0.07086314167827368,0.07917154766619205
3642,3642,4.077391147613525,4.088080406188965,2e-05,2.080748315829404,0.07130899839103222,0.07075749058276415,0.07088096812367439,0.07919458113610744
3643,3643,4.080613613128662,4.084174633026123,2e-05,2.0806807646098755,0.07118460908532143,0.07071498688310385,0.07086967304348946,0.0792095772922039
3644,3644,4.08540153503418,4.083035469055176,2e-05,2.0815573974711783,0.07134784571826458,0.0707582300528884,0.0708903344348073,0.07923582755029202
3645,3645,4.08601188659668,4.090513706207275,2e-05,2.0809519963684533,0.0712397862225771,0.070727932266891,0.07088988833129406,0.07925499603152275
3646,3646,4.0812883377075195,4.087698936462402,2e-05,2.081156584234439,0.07125928066670895,0.07075910456478596,0.07091365195810795,0.07928011566400528
3647,3647,4.084192276000977,4.083844184875488,2e-05,2.0815295436951686,0.07162305898964405,0.0707995044067502,0.07093519531190395,0.07930554263293743
3648,3648,4.0818023681640625,4.086826801300049,2e-05,2.084287884547709,0.07148715294897556,0.07087523397058249,0.07098051905632019,0.07933828979730606
3649,3649,4.086179256439209,4.082301616668701,2e-05,2.0855583446885033,0.07146142236888409,0.07086871564388275,0.0709896432235837,0.07935885153710842
3650,3650,4.088461875915527,4.0883893966674805,2e-05,2.0880003707556027,0.0714867040514946,0.07086575403809547,0.07100864965468645,0.07938384264707565
3651,3651,4.081112384796143,4.0933332443237305,2e-05,2.087160592207063,0.0716332197189331,0.0709111699834466,0.07102427259087563,0.07940708100795746
3652,3652,4.086762428283691,4.084807395935059,2e-05,2.08680143042151,0.07154638133943081,0.07089455705136061,0.07104905880987644,0.07943271286785603
3653,3653,4.082832336425781,4.0914177894592285,2e-05,2.086821503125291,0.07164032384753227,0.07100817374885082,0.07108428981155157,0.07946315035223961
3654,3654,4.085947036743164,4.087723731994629,2e-05,2.0864962502479147,0.07150763273239136,0.07094712276011705,0.07104979362338781,0.0794734600931406
3655,3655,4.089998722076416,4.10132360458374,2e-05,2.0862084902193394,0.07166645675897598,0.07098298612982035,0.07109971437603235,0.07950565591454506
3656,3656,4.081601142883301,4.081168174743652,2e-05,2.085481115779183,0.07166154310107231,0.07103910949081182,0.07111226860433817,0.07952871173620224
3657,3657,4.086040496826172,4.086444854736328,2e-05,2.084591838822899,0.0714813880622387,0.0710698664188385,0.07115138880908489,0.079559326171875
3658,3658,4.087197303771973,4.0822834968566895,2e-05,2.0843679210767756,0.07187486998736858,0.07104198262095451,0.07114636432379484,0.07957775890827179
3659,3659,4.08747673034668,4.089112281799316,2e-05,2.083943360236504,0.0716155394911766,0.07105660904198885,0.07116009388118982,0.0796007364988327
3660,3660,4.074984550476074,4.096094131469727,2e-05,2.0838488117156846,0.0717559177428484,0.07104656007140875,0.07116671372205019,0.07962251827120781
3661,3661,4.085598945617676,4.089517593383789,2e-05,2.0833351533417326,0.07166750356554985,0.07105538807809353,0.07117615081369877,0.07964581251144409
3662,3662,4.087296485900879,4.081673622131348,2e-05,2.0827048900477427,0.0722391027957201,0.07116684876382351,0.07122229970991611,0.07967876270413399
3663,3663,4.0806050300598145,4.085040092468262,2e-05,2.0828037178249237,0.07181299664080143,0.07111992873251438,0.07122280169278383,0.07969810627400875
3664,3664,4.0830206871032715,4.08695650100708,2e-05,2.0828752761533798,0.07184373214840889,0.0711212856695056,0.07123849540948868,0.07972198724746704
3665,3665,4.080144882202148,4.100844860076904,2e-05,2.0823724818825204,0.0716734305024147,0.07110099960118532,0.07123905047774315,0.07974203117191792
3666,3666,4.085222244262695,4.088944435119629,2e-05,2.081779266731055,0.07182423211634159,0.07117240875959396,0.07126590143889189,0.07977004535496235
3667,3667,4.0929155349731445,4.092107772827148,2e-05,2.0812503067218944,0.07206476666033268,0.07119809463620186,0.07128839287906885,0.0797955971211195
3668,3668,4.085479259490967,4.082937717437744,2e-05,2.0812018905224265,0.07178828492760658,0.07121917884796858,0.07130686100572348,0.07981990836560726
3669,3669,4.081813335418701,4.085964202880859,2e-05,2.0802237330760853,0.07178928703069687,0.07122126594185829,0.07132990378886461,0.0798480212688446
3670,3670,4.086852073669434,4.083085536956787,2e-05,2.080178939656361,0.07178082503378391,0.07128955516964197,0.07136091031134129,0.07987517863512039
3671,3671,4.081058979034424,4.0848798751831055,2e-05,2.0799556599013096,0.07171839848160744,0.07131784036755562,0.07136122230440378,0.07989550940692425
3672,3672,4.07830286026001,4.082571029663086,2e-05,2.0818860117240776,0.07208826020359993,0.07129223830997944,0.07136876601725817,0.07991775870323181
3673,3673,4.083803653717041,4.083626747131348,2e-05,2.0844535753204925,0.0716986209154129,0.07125676702708006,0.07137169409543276,0.07993815839290619
3674,3674,4.090723991394043,4.08929967880249,2e-05,2.0886618393294016,0.07204200886189938,0.07128442730754614,0.07139474060386419,0.07996487803757191
3675,3675,4.091533660888672,4.088669300079346,2e-05,2.0878400732853812,0.07200948521494865,0.07132356893271208,0.07142781652510166,0.07999494671821594
3676,3676,4.0827436447143555,4.09288215637207,2e-05,2.087741331295114,0.07180493697524071,0.07132400292903185,0.0714285708963871,0.08001370169222355
3677,3677,4.0847625732421875,4.08033561706543,2e-05,2.0875155178446168,0.0719018392264843,0.07131765503436327,0.07143436837941408,0.08003583736717701
3678,3678,4.084031581878662,4.0845465660095215,2e-05,2.087138250995392,0.07192423939704895,0.07136832363903522,0.07147791516035795,0.08006785809993744
3679,3679,4.085789680480957,4.086607933044434,2e-05,2.08639210750994,0.0720061045140028,0.07138788141310215,0.07148035522550344,0.0800881702452898
3680,3680,4.084567070007324,4.097345352172852,2e-05,2.0860948929319902,0.07223961502313614,0.07143628597259521,0.07150233909487724,0.0801138337701559
3681,3681,4.080117225646973,4.082079887390137,2e-05,2.085386296540645,0.07188201695680618,0.07138907350599766,0.07149774394929409,0.08013301715254784
3682,3682,4.0834503173828125,4.081788539886475,2e-05,2.0842010303000396,0.07232358865439892,0.07147836312651634,0.07156042102724314,0.08017063699662685
3683,3683,4.0897216796875,4.088263511657715,2e-05,2.084001309536041,0.07218028232455254,0.07143574673682451,0.07155254110693932,0.08018790185451508
3684,3684,4.078847885131836,4.0871686935424805,2e-05,2.0834798181121528,0.0721304751932621,0.07145782839506865,0.07156872097402811,0.08021129108965397
3685,3685,4.082021236419678,4.082262992858887,2e-05,2.0833720642000215,0.0721537135541439,0.0714961439371109,0.07159581128507853,0.08023982681334019
3686,3686,4.08212947845459,4.088226795196533,2e-05,2.082873947519818,0.07226145826280117,0.0715577295050025,0.0716205071657896,0.08026610314846039
3687,3687,4.08345365524292,4.084299087524414,2e-05,2.08264830604059,0.0723977442830801,0.07153179962188005,0.07162454817444086,0.08028707094490528
3688,3688,4.079057693481445,4.0870513916015625,2e-05,2.0826088187561753,0.07250294089317322,0.07158833462744951,0.07165041007101536,0.08031434938311577
3689,3689,4.087137699127197,4.083782196044922,2e-05,2.0823403659459294,0.07221264764666557,0.07153845205903053,0.07164927665144205,0.0803336389362812
3690,3690,4.081290245056152,4.092831611633301,2e-05,2.0824210120788833,0.07252292148768902,0.07155972346663475,0.0716483574360609,0.08035332895815372
3691,3691,4.081170082092285,4.09708833694458,2e-05,2.0820773309406664,0.07254815474152565,0.0716002769768238,0.07169720251113176,0.08038759790360928
3692,3692,4.093486785888672,4.080607891082764,2e-05,2.0812180416694828,0.0725520420819521,0.07168955076485872,0.07172795757651329,0.08041548542678356
3693,3693,4.086542129516602,4.082155227661133,2e-05,2.080979821814351,0.07224785163998604,0.07163798809051514,0.0717272562906146,0.08043348416686058
3694,3694,4.080975532531738,4.08207893371582,2e-05,2.081052624361342,0.07260620966553688,0.07162587065249681,0.07173193246126175,0.08045636117458344
3695,3695,4.082185745239258,4.085972785949707,2e-05,2.0807518579416806,0.07225912436842918,0.07161777559667826,0.07174196653068066,0.0804785992950201
3696,3696,4.083782196044922,4.085805892944336,2e-05,2.0819666412421367,0.072317223995924,0.07163248304277658,0.07174418028444052,0.08049854263663292
3697,3697,4.075235366821289,4.0833740234375,2e-05,2.081275963713884,0.07255516573786736,0.07173386123031378,0.07180725783109665,0.08053673803806305
3698,3698,4.085830211639404,4.095613956451416,2e-05,2.081751443711245,0.07252167165279388,0.0717099355533719,0.07181174028664827,0.08055701106786728
3699,3699,4.094137191772461,4.08749532699585,2e-05,2.0872698681708117,0.07250581867992878,0.07173184026032686,0.07182579021900892,0.08058030903339386
3700,3700,4.086014747619629,4.084012508392334,2e-05,2.088559604119904,0.07240252941846848,0.0717697311192751,0.07183495722711086,0.08060373552143574
3701,3701,4.091182231903076,4.086789131164551,2e-05,2.0889635449247366,0.07238437235355377,0.07173842936754227,0.07184152211993933,0.08062418177723885
3702,3702,4.0784711837768555,4.087094306945801,2e-05,2.0882900531955375,0.07228821516036987,0.07175249233841896,0.07186957355588675,0.08065099641680717
3703,3703,4.082428932189941,4.086498260498047,2e-05,2.0877112000103013,0.07267034612596035,0.07181466929614544,0.07189853116869926,0.08067984506487846
3704,3704,4.08149528503418,4.086252212524414,2e-05,2.0870885535535955,0.07243406400084496,0.07182093244045973,0.07187695149332285,0.0806936677545309
3705,3705,4.086093902587891,4.088001251220703,2e-05,2.086070610160706,0.07274466007947922,0.07183376792818308,0.07192515954375267,0.08072730712592602
3706,3706,4.089097499847412,4.086528778076172,2e-05,2.085478255952418,0.0725444070994854,0.07184293121099472,0.07193795964121819,0.0807503666728735
3707,3707,4.0879316329956055,4.083735942840576,2e-05,2.0847991810283646,0.07252869382500648,0.07177785784006119,0.07193025387823582,0.08076782524585724
3708,3708,4.080737590789795,4.082452297210693,2e-05,2.0842547816556767,0.07260906510055065,0.071878332644701,0.07196353003382683,0.08079681731760502
3709,3709,4.084586143493652,4.084099769592285,2e-05,2.08378956201713,0.072854183614254,0.0719899870455265,0.0720133138820529,0.08083100989460945
3710,3710,4.08352518081665,4.081330299377441,2e-05,2.0836533146846317,0.07255251333117485,0.0718757975846529,0.07198261935263872,0.08084116317331791
3711,3711,4.080128192901611,4.082002639770508,2e-05,2.0830282642893763,0.07284081354737282,0.0719150472432375,0.07201547082513571,0.08087042719125748
3712,3712,4.083160877227783,4.084587097167969,2e-05,2.082246206366233,0.07269042916595936,0.07195296138525009,0.07202701363712549,0.08089334703981876
