step,iter,train/loss,val/loss,lr,mfu,token_embedding_act_abs_mean,attn_act_abs_mean,mlp_act_abs_mean,lm_head_act_abs_mean
0,0,4.174230575561523,4.174177169799805,0.0002,-100.0
1,1,4.171802520751953,4.171796798706055,0.0002,-100.0,0.016004780307412148,6.218754832332252e-05,0.0003174695291363605,0.0011736690648831427
2,2,4.170759201049805,4.171304225921631,0.0002,-100.0,0.016016332898288965,0.0002409930302178509,0.00036060380159597116,0.001545259787235409
3,3,4.17055606842041,4.170742034912109,0.0002,-100.0,0.0160292680375278,0.000408568029001799,0.00046467379183923185,0.0017479464586358517
4,4,4.17004919052124,4.170149326324463,0.0002,-100.0,0.016073679085820913,0.000572549212620288,0.000603894447294806,0.001909317245008424
5,5,4.170192718505859,4.169970512390137,0.0002,-100.0,0.016092043835669756,0.0007305175913643325,0.0007543248480033071,0.002065828535705805
6,6,4.169431686401367,4.169679164886475,0.0002,0.7136277413495615,0.01612917147576809,0.0008793048848474427,0.0009043195568665396,0.0022237212979234755
7,7,4.169073104858398,4.169532775878906,0.0002,0.7323810693306698,0.016159960068762302,0.0010222549317404628,0.0010493219724594383,0.0023760443436913192
8,8,4.169357776641846,4.169467449188232,0.0002,0.7511783647739501,0.016197110526263714,0.001163727868515707,0.0011922390867766808,0.002532731567043811
9,9,4.16886568069458,4.168893337249756,0.0002,0.7589904066577136,0.01623738557100296,0.0013092988788230286,0.0013400024217844475,0.0026955409557558596
10,10,4.1681623458862305,4.168609619140625,0.0002,0.7582461071016069,0.01627705292776227,0.0014583006750399363,0.0014912451410964422,0.002873901859857142
11,11,4.168603897094727,4.168602466583252,0.0002,0.7730472602384381,0.01631896011531353,0.0016074882305474603,0.0016433131436315307,0.0030624609789811075
12,12,4.168417930603027,4.168393611907959,0.0002,0.7893591964822717,0.01635536504909396,0.0017521911381663813,0.0017910677747750015,0.0032626910833641887
13,13,4.168196678161621,4.168304443359375,0.0002,0.7859832842602416,0.01640531700104475,0.001894736516987905,0.0019356818106643914,0.003460376523435116
14,14,4.168450355529785,4.168670654296875,0.0002,0.7892275948937197,0.016464213840663433,0.0020399717918735405,0.002083436736938893,0.0036551697994582355
15,15,4.167762756347656,4.1676106452941895,0.0002,1.016793024165381,0.016490382608026266,0.002186191287364636,0.0022325433646983583,0.0038513559848070145
16,16,4.167215824127197,4.16792631149292,0.0002,1.0016284233930242,0.016548849642276764,0.0023324072953982977,0.002380513500611414,0.004046520451083779
17,17,4.167203426361084,4.167642593383789,0.0002,1.2081492649589471,0.0166122792288661,0.0024796889856588678,0.0025300326551587204,0.00424006546381861
18,18,4.166670799255371,4.166898250579834,0.0002,1.3938041067159135,0.01666623866185546,0.0026292872953490587,0.0026816704057637253,0.00443386088591069
19,19,4.166476726531982,4.167360782623291,0.0002,1.3342616749564635,0.016716187354177237,0.002786675032439234,0.002841222580173053,0.004626028472557664
20,20,4.166942596435547,4.166379451751709,0.0002,1.499887786908936,0.016756778117269278,0.0029468241264112294,0.003003852308211208,0.004818690940737724
21,21,4.166397571563721,4.166906356811523,0.0002,1.4249469850124774,0.01683228788897395,0.003106062988990743,0.003166197681821359,0.00501047377474606
22,22,4.1656622886657715,4.166703701019287,0.0002,1.5827731854403868,0.016870935447514057,0.0032649858121658326,0.003328057760882075,0.00520154251717031
23,23,4.1655402183532715,4.165889739990234,0.0002,1.72518850480035,0.016923589166253805,0.003426220107030531,0.003492878168799507,0.005390845239162445
24,24,4.166536331176758,4.166083335876465,0.0002,1.6422981387818971,0.017002552282065153,0.0035908738373109372,0.003660639627923956,0.00558104005176574
25,25,4.1652140617370605,4.165090560913086,0.0002,1.7770924487302928,0.017064338084310293,0.003754129797925998,0.003826168316663825,0.005769382696598768
26,26,4.164624214172363,4.165897846221924,0.0002,1.677269702640665,0.01710585132241249,0.003916509118425893,0.003991724214756687,0.005961777293123305
27,27,4.165181636810303,4.165585517883301,0.0002,1.8159038815721364,0.017182049807161093,0.004073028971106396,0.004151173989157542,0.006157719646580517
28,28,4.165525436401367,4.1649956703186035,0.0002,1.9412676621108877,0.017240523360669613,0.004225888245855458,0.004307501103539835,0.006358606740832329
29,29,4.164562702178955,4.164581775665283,0.0002,1.835666631626062,0.017328471411019564,0.004382121796879801,0.004466439586394699,0.006560850539244711
30,30,4.164850234985352,4.165622711181641,0.0002,1.7338750195816883,0.01738332910463214,0.004536113503490924,0.00462348118526279,0.0067645005183294415
31,31,4.163880348205566,4.165439128875732,0.0002,1.8600019841443851,0.017455188557505608,0.004688829956648988,0.004778714815984131,0.006973415147513151
32,32,4.163985252380371,4.163309097290039,0.0002,1.9738358463733376,0.017501271795481443,0.004846528214329737,0.004939618474963936,0.007179965614341199
33,33,4.163715839385986,4.163621425628662,0.0002,1.8680379468856065,0.017593235708773136,0.005003102960472461,0.00509958939437638,0.007384155644103885
34,34,4.163480758666992,4.164223670959473,0.0002,1.982794716105354,0.01767838653177023,0.005159122925761039,0.005258350398435141,0.007585330749861896
35,35,4.163592338562012,4.163671016693115,0.0002,2.0854300971050215,0.017755167093127966,0.005316400987794623,0.005418710752564948,0.0077885492937639356
36,36,4.162924766540527,4.163096904754639,0.0002,2.17784267425893,0.01783493347465992,0.005480727537360508,0.005586083136222442,0.00799330580048263
37,37,4.162845134735107,4.163132667541504,0.0002,2.035764497818502,0.01790210185572505,0.005636672598484438,0.0057449605792498915,0.008197322487831116
38,38,4.162730693817139,4.162646293640137,0.0002,2.1324604353358474,0.017987858038395643,0.005791936791865737,0.00590306542289909,0.0083987838588655
39,39,4.162431716918945,4.163213729858398,0.0002,2.0008359345227245,0.018103303853422403,0.005942022617091425,0.006056061060007778,0.008600963978096843
40,40,4.163236618041992,4.1624650955200195,0.0002,2.1013160334638443,0.01814909977838397,0.006094847387430491,0.0062113610892993165,0.008806143421679735
41,41,4.161519527435303,4.161635875701904,0.0002,1.9768219163685843,0.018248293548822403,0.006250493366678711,0.006370807373969001,0.009013075614348054
42,42,4.161600589752197,4.161871433258057,0.0002,1.8599829305493902,0.018366037867963314,0.006411084592400584,0.006535087362863123,0.009218817576766014
43,43,4.161498546600342,4.162403106689453,0.0002,1.9746266921587121,0.01842433074489236,0.006575940369657474,0.006703453975205775,0.009424057556316257
44,44,4.161612033843994,4.161466121673584,0.0002,2.0771228422476753,0.018493101466447115,0.006734865019097924,0.006866063280540402,0.009630823973566294
45,45,4.160600185394287,4.1623735427856445,0.0002,1.9507584760649737,0.01859736442565918,0.006899988944496727,0.007035119322608807,0.009836338693276048
46,46,4.1605424880981445,4.16078519821167,0.0002,2.0563497286447103,0.018700007814913988,0.007065120740662678,0.007203897404906456,0.010040440829470754
47,47,4.160632133483887,4.160154342651367,0.0002,1.9281017525270874,0.018803412094712257,0.007222253658255795,0.007365135883446783,0.010243387892842293
48,48,4.159987449645996,4.160440444946289,0.0002,1.8140893770524458,0.018877177964895964,0.007380378245215979,0.007527680172643159,0.01045043091289699
49,49,4.160317420959473,4.161655902862549,0.0002,1.932898006281169,0.018983083311468363,0.0075392012658994645,0.0076913365974178305,0.010657076723873615
50,50,4.159861087799072,4.160070896148682,0.0002,2.0403573021860413,0.019080120604485273,0.007693612093135016,0.007850413068808848,0.010863862931728363
51,51,4.159552574157715,4.1594085693359375,0.0002,1.9179630886668064,0.019158481154590845,0.007838721499865642,0.008000129028005176,0.011068965774029493
52,52,4.159964561462402,4.159536838531494,0.0002,1.7984784474359836,0.019296494778245687,0.007984027290149243,0.008150145957188215,0.011273294920101762
53,53,4.159896373748779,4.159806251525879,0.0002,1.9196318250162108,0.019370262511074543,0.008124752503135824,0.008295759673274006,0.011480430839583278
54,54,4.159675121307373,4.1606597900390625,0.0002,2.0285084100667836,0.019481477327644825,0.008267260614957195,0.008443433975116932,0.011690215673297644
55,55,4.158655643463135,4.158929347991943,0.0002,2.126702484002711,0.019589771516621113,0.008408589519603993,0.008590001227275934,0.011898242635652423
56,56,4.159343719482422,4.158611297607422,0.0002,2.0054733174615085,0.019721482414752245,0.00853417022881331,0.008720399073354201,0.012109454488381743
57,57,4.159115314483643,4.160333633422852,0.0002,1.897435571316437,0.019817962776869535,0.008652551583509194,0.008843856281600893,0.012317070737481117
58,58,4.159511089324951,4.158924579620361,0.0002,2.008556697352082,0.01992656197398901,0.008769803509494523,0.008966035249613924,0.012522998498752713
59,59,4.157724857330322,4.158967018127441,0.0002,2.1092920269658277,0.020029319915920496,0.008891195044270717,0.009092334941669833,0.012726837303489447
60,60,4.157844543457031,4.156805038452148,0.0002,2.1995410147971857,0.020109957549721003,0.009025599199958378,0.009231759231624892,0.01293162046931684
61,61,4.157520294189453,4.1571760177612305,0.0002,2.0572029798178315,0.0201923088170588,0.009132795359619195,0.009343671859824099,0.013135348679497838
62,62,4.156609535217285,4.15807580947876,0.0002,2.1504096692597017,0.020340472925454378,0.009242685067874845,0.009458248350711074,0.013339551165699959
63,63,4.158987045288086,4.158228397369385,0.0002,2.2333062234423573,0.020476004108786583,0.009354894693387905,0.009574713640176924,0.013542048865929246
64,64,4.156806945800781,4.158041954040527,0.0002,2.3072837712391183,0.020604873076081276,0.009466847510338994,0.009690716913610231,0.013751881429925561
65,65,4.156772613525391,4.157714366912842,0.0002,2.3759399882382426,0.02071013068780303,0.009565050480887294,0.009793450830329675,0.01396070932969451
66,66,4.155524730682373,4.156044006347656,0.0002,2.4391605198648096,0.020815633237361908,0.009658620550908381,0.009891479970974615,0.014168123016133904
67,67,4.155734062194824,4.156126976013184,0.0002,2.2861928280415236,0.02091010520234704,0.009749316446686862,0.00998587147842045,0.014375504339113832
68,68,4.154610633850098,4.155524730682373,0.0002,2.358160156806218,0.021011147182434797,0.009842429757554783,0.010083249577292008,0.014576761284843087
69,69,4.154909133911133,4.156196117401123,0.0002,2.204568383274515,0.021155271213501692,0.009908296433422947,0.010152931608899962,0.01478138193488121
70,70,4.155587196350098,4.155375003814697,0.0002,2.284868615732573,0.021343987435102463,0.009982278974348446,0.01023071215240634,0.014982020948082209
71,71,4.154340744018555,4.155006408691406,0.0002,2.1401664223604753,0.0214279699139297,0.010047492647572653,0.010299769855919294,0.015183951240032911
72,72,4.155223846435547,4.156126022338867,0.0002,2.0071495858720723,0.021551539190113544,0.01011561244376935,0.010371753411163809,0.01539132953621447
73,73,4.156364440917969,4.155091285705566,0.0002,2.107353389904993,0.021688023582100868,0.010183476420934312,0.010444009425555123,0.015602955827489495
74,74,4.154417514801025,4.154255390167236,0.0002,2.198005773008385,0.021797681227326393,0.01024347926795599,0.010508190734981326,0.01581744384020567
75,75,4.154687881469727,4.155436038970947,0.0002,2.0679738499601794,0.021941444370895624,0.010299696023139404,0.0105678643558349,0.016031027771532536
76,76,4.154189109802246,4.154501438140869,0.0002,2.1618642227142097,0.02213709009811282,0.010359760974097298,0.01063084221095778,0.016244371887296438
77,77,4.153268814086914,4.154791831970215,0.0002,2.2465117060970288,0.022187457885593176,0.010418484955152962,0.010692432555515552,0.016453448217362165
78,78,4.153642654418945,4.155917644500732,0.0002,2.3221040503947994,0.02238322701305151,0.01047975262554246,0.01075671418584534,0.016663892194628716
79,79,4.154358863830566,4.155233860015869,0.0002,2.390829515463666,0.022446637973189354,0.01053779553694767,0.010818377308169147,0.016873428132385015
80,80,4.153667449951172,4.154287338256836,0.0002,2.4526555517031294,0.02260542754083872,0.010590721609332832,0.010875023283006158,0.017079856246709824
81,81,4.1532697677612305,4.1545233726501465,0.0002,2.5091507943149685,0.02273174049332738,0.010639298874593806,0.010927076888037845,0.01728745549917221
82,82,4.152244567871094,4.152760982513428,0.0002,2.55916914094584,0.022915965411812067,0.010701190629333723,0.010992605206411099,0.017497483175247908
83,83,4.153617858886719,4.15212869644165,0.0002,2.381139620622081,0.023022198118269444,0.010741302132373676,0.01103667695497279,0.017712014727294445
84,84,4.15145206451416,4.151788711547852,0.0002,2.2292453096923617,0.02314011985436082,0.010792273918923456,0.01109108432137873,0.017930404283106327
85,85,4.152253150939941,4.151394844055176,0.0002,2.0866863493932755,0.02332907309755683,0.010837270539923338,0.011139054557133932,0.01814119517803192
86,86,4.151272296905518,4.151694297790527,0.0002,1.9673330540287723,0.0234206710010767,0.010877643355343025,0.01118224962556269,0.018358399160206318
87,87,4.151604175567627,4.1523261070251465,0.0002,2.071442284375977,0.023605795111507177,0.01092020321812015,0.011227307390072383,0.018573550507426262
88,88,4.151412487030029,4.151505470275879,0.0002,2.1652080211790623,0.023735348600894213,0.010969809649395756,0.011280092610832071,0.018788250163197517
89,89,4.150015830993652,4.150879383087158,0.0002,2.2498823833695525,0.023793561849743128,0.011018842280464014,0.011332610130921239,0.018996430560946465
90,90,4.151453018188477,4.150574207305908,0.0002,2.1100984068969293,0.023981941398233175,0.01105736123281531,0.011374484191037482,0.019200513139367104
91,91,4.150203227996826,4.152817726135254,0.0002,1.9840168710736683,0.024171542841941118,0.011101085223344853,0.011421412833442446,0.019409927539527416
92,92,4.149168491363525,4.153497695922852,0.0002,2.0864531603587726,0.024328354280442,0.011139007776364451,0.011462256261438597,0.019618920516222715
93,93,4.149283409118652,4.1520514488220215,0.0002,2.17882112975898,0.02449600212275982,0.01118264785327483,0.011509055140777491,0.01983216404914856
94,94,4.1496357917785645,4.1500244140625,0.0002,2.262301246360933,0.024602900724858046,0.011220015690923901,0.011549209972145036,0.020044533535838127
95,95,4.149223327636719,4.149921417236328,0.0002,2.1220299404920113,0.024702060036361217,0.01125556913757464,0.01158767147353501,0.020259035751223564
96,96,4.149412155151367,4.150363445281982,0.0002,2.000893997021672,0.024773273151367903,0.011286498342087725,0.011621613997704117,0.02046752069145441
97,97,4.14884090423584,4.150124549865723,0.0002,2.101616360087362,0.024980475660413504,0.011337083153193817,0.01167520205854089,0.020681825932115316
98,98,4.148323059082031,4.148971080780029,0.0002,2.193009234357594,0.025144645478576422,0.011375437381502707,0.011716493525455007,0.020895602647215128
99,99,4.14802885055542,4.150650501251221,0.0002,2.0633930683289115,0.02526576677337289,0.011424923552112887,0.011769349865062395,0.021106323692947626
100,100,4.148593425750732,4.148379325866699,0.0002,2.1579673107921615,0.02545566624030471,0.011459545556135708,0.011807012040662812,0.021311726421117783
101,101,4.148881435394287,4.148312568664551,0.0002,2.0275695113182186,0.025610972195863724,0.011487988722365117,0.011838550522952573,0.021515253465622663
102,102,4.1476287841796875,4.148738384246826,0.0002,1.9146187232332517,0.025765073485672474,0.011519530424266122,0.011873628263856517,0.021726748440414667
103,103,4.147755146026611,4.148981094360352,0.0002,2.023123602613964,0.025857339147478342,0.011552692962141009,0.011909968761756318,0.02193700848147273
104,104,4.148676872253418,4.152337551116943,0.0002,2.1213763975676256,0.02604698482900858,0.01157608312132652,0.011936343762499746,0.02215738082304597
105,105,4.1476850509643555,4.150323867797852,0.0002,2.209286638330539,0.02616592263802886,0.011605355899519054,0.011968587590672541,0.022376120556145906
106,106,4.14686918258667,4.146448612213135,0.0002,2.2882751960476324,0.026380582712590694,0.011644312282442115,0.012010256807116093,0.02259204164147377
107,107,4.147499084472656,4.147321701049805,0.0002,2.1365630380359084,0.026567136868834496,0.011686974721669685,0.012055751500156475,0.022810447961091995
108,108,4.148642539978027,4.1495490074157715,0.0002,2.223765717385039,0.026692592538893223,0.011714690503140446,0.012086127353541087,0.023025825154036283
109,109,4.146168231964111,4.149591445922852,0.0002,2.302444659590915,0.026882329024374485,0.011743143590138061,0.012117537720769178,0.023234649561345577
110,110,4.147836208343506,4.148327827453613,0.0002,2.372281769267539,0.026979545131325722,0.011758485292375553,0.012135271321312757,0.02344078430905938
111,111,4.146077632904053,4.146895408630371,0.0002,2.435966652897064,0.02715696208178997,0.011795010301284492,0.012174808140116511,0.02365021174773574
112,112,4.146142482757568,4.145022869110107,0.0002,2.4922771756288578,0.027205313090234995,0.011819362895039376,0.01220215324065066,0.023859365843236446
113,113,4.1457133293151855,4.145920276641846,0.0002,2.328886159361603,0.02749828714877367,0.011852487019496039,0.012238344148499891,0.02407173765823245
114,114,4.144141674041748,4.144890308380127,0.0002,2.3963932686002263,0.027616219595074654,0.011885854586580535,0.012274660384719027,0.024284970480948687
115,115,4.143954277038574,4.1493024826049805,0.0002,2.23783930117204,0.027709735557436943,0.011911033408978255,0.012302731258387212,0.02450094884261489
116,116,4.144185543060303,4.148108005523682,0.0002,2.3145171885765454,0.02789599122479558,0.01194899808979244,0.01234338607173413,0.02471495931968093
117,117,4.149227619171143,4.144439697265625,0.0002,2.38387023210531,0.028169553726911545,0.011986447181698168,0.012383808152662823,0.02492611901834607
118,118,4.143916130065918,4.145538806915283,0.0002,2.2351759262866056,0.028263425454497337,0.01202082868621801,0.012421435760188615,0.025135585572570562
119,119,4.142132759094238,4.145729064941406,0.0002,2.3131367852569076,0.02848865883424878,0.012045118797686882,0.012448341894923942,0.025339821819216013
120,120,4.145480632781982,4.145888328552246,0.0002,2.382886937337981,0.028499526903033257,0.012069705529938801,0.012476270203478634,0.025544004049152136
121,121,4.1439104080200195,4.145127773284912,0.0002,2.4462051176365374,0.028800008818507195,0.01208828715607524,0.012497652311139973,0.025757424999028444
122,122,4.142959117889404,4.145178318023682,0.0002,2.5025789819955246,0.02888563321903348,0.012126353718485916,0.012538892508018762,0.025976330041885376
123,123,4.143499374389648,4.1454901695251465,0.0002,2.553831262738465,0.029066425282508135,0.012154294026913703,0.012569594193337252,0.02619045553728938
124,124,4.141589641571045,4.143006801605225,0.0002,2.5996926008661396,0.02914372691884637,0.012175664045571466,0.012593676387041342,0.02640741877257824
125,125,4.141961097717285,4.144134044647217,0.0002,2.428223168665897,0.02937765559181571,0.012198141568660503,0.012618841654330026,0.026621459051966667
126,126,4.140257358551025,4.144811153411865,0.0002,2.4921549479345777,0.029537080321460962,0.012235647518537007,0.012659882922889665,0.026833736803382635
127,127,4.143120288848877,4.1458845138549805,0.0002,2.549409390379405,0.02971461648121476,0.012258492932232912,0.012685538047662703,0.02704537333920598
128,128,4.142932891845703,4.143376350402832,0.0002,2.600833146754989,0.029989715665578842,0.012285603052077931,0.012715199150989065,0.02725851396098733
129,129,4.142326354980469,4.145547866821289,0.0002,2.64671617641716,0.030092842876911163,0.012302653998631286,0.012734642696159426,0.02746782684698701
130,130,4.140349388122559,4.143420219421387,0.0002,2.6878935519988856,0.0302391373552382,0.012333280328675755,0.012767891501425765,0.027678389567881823
131,131,4.142338752746582,4.140866756439209,0.0002,2.725851521122595,0.030362917575985193,0.012354458749541664,0.012791658944479423,0.027893839869648218
132,132,4.1427459716796875,4.142273902893066,0.0002,2.53391537650922,0.030609536450356245,0.012387612789098057,0.012827615719288588,0.028109941631555557
133,133,4.141241073608398,4.14131498336792,0.0002,2.581875447827209,0.030667498242110014,0.012418396405337262,0.01286153989349259,0.02832609787583351
134,134,4.139970302581787,4.142637729644775,0.0002,2.624939225028706,0.030835630372166634,0.012449238409317331,0.01289524346429971,0.028544295113533735
135,135,4.143235683441162,4.143019199371338,0.0002,2.663769301414551,0.031090477481484413,0.012469215036617243,0.012918049593281467,0.02876494685187936
136,136,4.140138149261475,4.139761924743652,0.0002,2.698576763537471,0.031225642189383507,0.012496935572926304,0.012948621682880912,0.028983283322304487
137,137,4.140045642852783,4.14327335357666,0.0002,2.5085577656582276,0.031341539695858955,0.012514312551502371,0.012968421491677873,0.029203185811638832
138,138,4.1386613845825195,4.137580871582031,0.0002,2.557764286307603,0.03163935337215662,0.012523321029220824,0.012979818297026213,0.029421103186905384
139,139,4.141120433807373,4.138312339782715,0.0002,2.3864719165827024,0.03171723801642656,0.012546147938337526,0.013004907606955385,0.02963428571820259
140,140,4.139084815979004,4.1395039558410645,0.0002,2.4477568361737205,0.03191466350108385,0.01256701039710606,0.013028234265220817,0.029848123900592327
141,141,4.138822555541992,4.143481254577637,0.0002,2.5022348590076704,0.03216717950999737,0.012595403759405599,0.013059462929959409,0.030065907631069422
142,142,4.138312816619873,4.1395583152771,0.0002,2.551248484990502,0.032351622357964516,0.012617130414582789,0.013084067635645624,0.030287171714007854
143,143,4.13841438293457,4.1416096687316895,0.0002,2.5935057754036617,0.032456899993121624,0.01263299696802278,0.013102938250085572,0.030506336595863104
144,144,4.137388706207275,4.136673450469971,0.0002,2.633742958894925,0.032688275910913944,0.012656322553084465,0.013129032606229885,0.03072179527953267
145,145,4.136878967285156,4.1409807205200195,0.0002,2.4486050032182476,0.03281871974468231,0.012677633691055235,0.01315283302028547,0.03093611914664507
146,146,4.136538028717041,4.138701915740967,0.0002,2.504030030594363,0.0329945357516408,0.012707787347608246,0.013185877258365508,0.031150302849709988
147,147,4.1367998123168945,4.1381635665893555,0.0002,2.554598096307687,0.033155329525470734,0.012733672892863979,0.01321439055391238,0.031365031376481056
148,148,4.138830184936523,4.139919757843018,0.0002,2.600515876613412,0.03339250944554806,0.012747935365041485,0.013230886783276219,0.031581878662109375
149,149,4.136181354522705,4.1382951736450195,0.0002,2.6415666104899134,0.03346053883433342,0.012763378636009293,0.013248892064439133,0.031799111515283585
150,150,4.1353230476379395,4.139908313751221,0.0002,2.6789248717043863,0.03373384289443493,0.012779789065461955,0.013267506907141069,0.03201437834650278
151,151,4.135052680969238,4.141436576843262,0.0002,2.711975912910105,0.033862208016216755,0.012796912702469854,0.013287121364555787,0.0322285545989871
152,152,4.138650894165039,4.137701511383057,0.0002,2.7421895790945467,0.034121966920793056,0.012814370758860605,0.013307174118381226,0.03244888037443161
153,153,4.136771202087402,4.137603759765625,0.0002,2.7692087181108,0.034226007759571075,0.012841014644436655,0.013336695865291404,0.03267127741128206
154,154,4.135640621185303,4.1390910148620605,0.0002,2.793706786257881,0.034435706213116646,0.01287512304224947,0.013373957510339096,0.03289104625582695
155,155,4.135596752166748,4.140056610107422,0.0002,2.815577469896387,0.034592834301292896,0.012885825595731148,0.013387340448389295,0.03310656268149614
156,156,4.134190082550049,4.1400556564331055,0.0002,2.834825299274269,0.03474749997258186,0.012903057595394785,0.013406806057901122,0.03332159761339426
157,157,4.133723735809326,4.136197566986084,0.0002,2.8529337686957956,0.03493707999587059,0.012904138589874492,0.013409616989520146,0.033536382019519806
158,158,4.133762359619141,4.140842914581299,0.0002,2.658672257500127,0.03513990622013807,0.012921550738610676,0.013429541901132325,0.03374801855534315
159,159,4.135133266448975,4.136436939239502,0.0002,2.6939093107168923,0.03528909292072058,0.012962002712811227,0.013473703264025971,0.0339732626453042
160,160,4.1384100914001465,4.137238502502441,0.0002,2.725808240519942,0.03545778896659613,0.012991372161195613,0.013506271818187088,0.0342016601935029
161,161,4.133698463439941,4.138401985168457,0.0002,2.7537205852445545,0.03568264655768871,0.013016080463785329,0.013533981538785156,0.034431297332048416
162,162,4.1311798095703125,4.1342010498046875,0.0002,2.779216955728848,0.03582542110234499,0.013039141142144217,0.013559805131080793,0.034659177996218204
163,163,4.133181095123291,4.135799407958984,0.0002,2.583722433836057,0.036002869717776775,0.013070325254375348,0.013594062203992507,0.03488367050886154
164,164,4.13735294342041,4.134019374847412,0.0002,2.626269441830965,0.0361519493162632,0.013082588066026801,0.013608587380076642,0.035106103867292404
165,165,4.135562419891357,4.132676124572754,0.0002,2.4489016274167907,0.03638118784874678,0.01309194553141424,0.013619974264656776,0.03532839100807905
166,166,4.130837440490723,4.133832931518555,0.0002,2.2859682073943803,0.036653381772339344,0.013103913985105464,0.013634037150040967,0.03554981201887131
167,167,4.13434362411499,4.131761074066162,0.0002,2.358535868987538,0.036837625317275524,0.013124006693033152,0.01365648482897086,0.0357738109305501
168,168,4.131840229034424,4.135883808135986,0.0002,2.206397542917302,0.03687302954494953,0.013144900645784219,0.013680239697350771,0.036000785417854786
169,169,4.131904125213623,4.134499549865723,0.0002,2.286437413137704,0.03722589090466499,0.013166152375561069,0.0137039125947922,0.03622720669955015
170,170,4.132611274719238,4.132899761199951,0.0002,2.3595028712753354,0.03735942021012306,0.013195491506849066,0.013736349847022211,0.03645554278045893
171,171,4.132377624511719,4.1320061683654785,0.0002,2.424920859637405,0.03753561060875654,0.013232136700025876,0.013776542031337158,0.03667749464511871
172,172,4.1311492919921875,4.1357645988464355,0.0002,2.483897741074683,0.03771777544170618,0.013251576741822646,0.013798887905068113,0.0369018604978919
173,173,4.13039493560791,4.135268211364746,0.0002,2.5364852289493243,0.03782738372683525,0.013269483653857606,0.013819258127114153,0.03712319768965244
174,174,4.131314277648926,4.13298225402832,0.0002,2.5843248059842394,0.038073438219726086,0.013286580917338142,0.013838879585819086,0.037347882986068726
175,175,4.131301403045654,4.128710746765137,0.0002,2.6272075031852617,0.03827773407101631,0.013312734181454289,0.013867931978893466,0.037574573419988155
176,176,4.133293628692627,4.137316703796387,0.0002,2.4534067041082044,0.038361646234989166,0.01333217788123875,0.01388986984238727,0.03780347015708685
177,177,4.1334333419799805,4.133303642272949,0.0002,2.5073044344135242,0.03858279902487993,0.013348148297154694,0.013908136448662844,0.038031565956771374
178,178,4.130735397338867,4.130470275878906,0.0002,2.55772705076184,0.038929360918700695,0.013357503474253463,0.013919727280153893,0.03825805801898241
179,179,4.132299423217773,4.135290622711182,0.0002,2.60318542237311,0.03911116532981396,0.013374426696827868,0.013938714437244926,0.038479121401906013
180,180,4.128445625305176,4.1287055015563965,0.0002,2.6440364212999627,0.039196331053972244,0.01339831202494679,0.013964915569886216,0.03870020527392626
181,181,4.128610134124756,4.129478454589844,0.0002,2.4604324658137995,0.03944912552833557,0.0134132377916103,0.013982088297780138,0.038921862840652466
182,182,4.128398895263672,4.135679244995117,0.0002,2.5158132265743713,0.03958232328295708,0.013433793348667677,0.014005081149662146,0.03914169128984213
183,183,4.127432823181152,4.130389213562012,0.0002,2.565433597111875,0.039739870466291904,0.01346278657365474,0.014036944765393855,0.039360566064715385
184,184,4.127266883850098,4.136007308959961,0.0002,2.610162297308296,0.039889401756227016,0.01348594684895943,0.014062867730899598,0.03958309534937143
185,185,4.131171703338623,4.130074977874756,0.0002,2.6508212054218627,0.040043856017291546,0.013498843729394139,0.014077971034566872,0.03980729077011347
186,186,4.127902507781982,4.129556179046631,0.0002,2.6871583517606825,0.04032285790890455,0.013522577801268199,0.014103770268775406,0.04003117233514786
187,187,4.128377914428711,4.131423473358154,0.0002,2.7197874267851967,0.040505957789719105,0.013535210162444855,0.014119346691586543,0.04025173559784889
188,188,4.1269731521606445,4.128959655761719,0.0002,2.7489087220095945,0.04060870222747326,0.013555854611695395,0.014143027117825113,0.04047476593405008
189,189,4.127994537353516,4.128489971160889,0.0002,2.7759679925593908,0.04089477937668562,0.01357625186756195,0.014166119950459688,0.04069672245532274
190,190,4.125990867614746,4.128328323364258,0.0002,2.5769636767642097,0.040995096787810326,0.013590473086878774,0.014182980792611488,0.04091845825314522
191,191,4.129428386688232,4.126431465148926,0.0002,2.4095440962441823,0.041215378791093826,0.013607205801235978,0.014201780772054917,0.04113964270800352
192,192,4.1249566078186035,4.126150608062744,0.0002,2.2445028054879455,0.04138674773275852,0.013629925653731334,0.014227188295990345,0.04136927146464586
193,193,4.126455783843994,4.128880023956299,0.0002,2.109754014423165,0.04167073406279087,0.013654553726155427,0.014254543006245513,0.041593315079808235
194,194,4.132192134857178,4.124728202819824,0.0002,2.1996550225715703,0.04182268772274256,0.013663075313161244,0.014265589910792187,0.04181662295013666
195,195,4.1275739669799805,4.126359939575195,0.0002,2.0628381577611177,0.04209546372294426,0.013673465422471054,0.014278744198236382,0.042039490304887295
196,196,4.127155780792236,4.127078533172607,0.0002,2.1576413312099727,0.04215348418802023,0.01369356761824747,0.01430171981883177,0.04226063657552004
197,197,4.127254962921143,4.124128818511963,0.0002,2.2418617587479637,0.042292133904993534,0.013720711463975022,0.014331373618915677,0.04248582664877176
198,198,4.12758207321167,4.130331516265869,0.0002,2.109742436011289,0.042634149082005024,0.013748114148256718,0.014360884762936621,0.04271114617586136
199,199,4.124558448791504,4.13108491897583,0.0002,2.1985302930083632,0.042788187973201275,0.013772751053693355,0.014387524663106888,0.04293454997241497
200,200,4.125323295593262,4.12880802154541,0.0002,2.278895154963483,0.04290715977549553,0.013781886033029878,0.014398819168491173,0.043158113956451416
201,201,4.123868465423584,4.133931636810303,0.0002,2.351025500485689,0.04312664456665516,0.013790227149002021,0.014408787752472563,0.043378849513828754
202,202,4.1284499168396,4.127709865570068,0.0002,2.415590019707704,0.04338967241346836,0.013801017341393162,0.014421186380786821,0.043612562119960785
203,203,4.124687194824219,4.1289777755737305,0.0002,2.4739511523727593,0.04351323843002319,0.013811431352223735,0.014433645505050663,0.04384426027536392
204,204,4.1239213943481445,4.12238883972168,0.0002,2.5265538749366807,0.04373101145029068,0.01383826650089759,0.01446273657893471,0.04407626762986183
205,205,4.122591495513916,4.13020658493042,0.0002,2.362459670143356,0.04395695589482784,0.01385453988405061,0.01448099630579236,0.04430652875453234
206,206,4.1204023361206055,4.1269659996032715,0.0002,2.4262732464863506,0.04417488630861044,0.01388321881313459,0.014511543186017661,0.0445386515930295
207,207,4.125723361968994,4.124108791351318,0.0002,2.48509052739659,0.04435716196894646,0.013901410859034513,0.014531744911437272,0.04476997535675764
208,208,4.1219563484191895,4.124725818634033,0.0002,2.537651502291271,0.04442794434726238,0.013932900852523744,0.014565363635483664,0.04499508626759052
209,209,4.12193489074707,4.126588344573975,0.0002,2.585333409977223,0.0447402885183692,0.013947161105534178,0.014581443972929264,0.04522162675857544
210,210,4.124331474304199,4.123745918273926,0.0002,2.628176841836212,0.04484973195940256,0.013974453175251256,0.01461084867696627,0.04544549901038408
211,211,4.121153354644775,4.124168872833252,0.0002,2.6668013108951625,0.04504546243697405,0.013994086734783195,0.014632299938966753,0.045675741508603096
212,212,4.123490333557129,4.121940612792969,0.0002,2.700918453772625,0.04525766335427761,0.014005294667185808,0.01464516044325137,0.045906069688498974
213,213,4.120987892150879,4.1250810623168945,0.0002,2.5212484851651578,0.04546742793172598,0.014022974868566962,0.01466436206283106,0.046132550574839115
214,214,4.120129585266113,4.12233829498291,0.0002,2.5691174264160943,0.045736667700111866,0.01404146532240702,0.014685396876302548,0.04635754693299532
215,215,4.126437187194824,4.123441696166992,0.0002,2.611679966550209,0.045907678082585335,0.014042177412193269,0.01468781379480788,0.046580216847360134
216,216,4.120760440826416,4.122592926025391,0.0002,2.6506820312276047,0.046014138497412205,0.014057850594326737,0.014704898891068297,0.0468029510229826
217,217,4.117948055267334,4.119926452636719,0.0002,2.6856732094721094,0.04623088240623474,0.01407846214624442,0.014727159357789787,0.0470293965190649
218,218,4.121529579162598,4.124703884124756,0.0002,2.504940282089013,0.04637428466230631,0.014101687579568534,0.014752210843653302,0.047259777784347534
219,219,4.123959064483643,4.118566989898682,0.0002,2.5553441642880657,0.04659041669219732,0.014122986693109851,0.014775231535168132,0.04748975578695536
220,220,4.117555618286133,4.122925281524658,0.0002,2.389286686396421,0.04681134223937988,0.014148353932796454,0.01480239591546706,0.04771845601499081
221,221,4.1203293800354,4.1244707107543945,0.0002,2.4519405076542005,0.04701280128210783,0.014168980122121866,0.014824926447545295,0.04794506262987852
222,222,4.120232582092285,4.122648239135742,0.0002,2.5075876899511576,0.047086686827242374,0.014177844490404823,0.01483537768945098,0.048178646713495255
223,223,4.120120048522949,4.119716644287109,0.0002,2.5581426286241546,0.04750622436404228,0.014185211185576918,0.014844009523585555,0.048403763212263584
224,224,4.121730804443359,4.119845390319824,0.0002,2.6034577673257475,0.04755315091460943,0.014201481786585646,0.014861661826216732,0.04863341245800257
225,225,4.124242305755615,4.119574546813965,0.0002,2.64427679929687,0.04755672998726368,0.01422474369428528,0.014886575452692341,0.0488679064437747
226,226,4.113857746124268,4.12117338180542,0.0002,2.6808537649083912,0.04792894143611193,0.014232846046070335,0.014895662237904617,0.0491050211712718
227,227,4.119091033935547,4.120791435241699,0.0002,2.7136518017249207,0.04814756568521261,0.014252098763790855,0.014916919335519196,0.04934530332684517
228,228,4.121158123016357,4.125156402587891,0.0002,2.743091058347641,0.04841904994100332,0.014272832864662632,0.014939480346583878,0.04958286229521036
229,229,4.117383003234863,4.120316982269287,0.0002,2.769851653981511,0.0484943138435483,0.014296678721620992,0.014965323414799059,0.04981652367860079
230,230,4.120499610900879,4.118585109710693,0.0002,2.7931383892232065,0.04874056577682495,0.014316650492219196,0.014986755719291978,0.050050933845341206
231,231,4.116152286529541,4.117358207702637,0.0002,2.814410836750607,0.04887985344976187,0.014333217142848298,0.015005108551122248,0.050284518860280514
232,232,4.120046615600586,4.119312763214111,0.0002,2.620997383894135,0.04920255672186613,0.014342396751999331,0.015015812143246876,0.05051959212869406
233,233,4.116589546203613,4.119826793670654,0.0002,2.6580104372548714,0.04936210997402668,0.014361182055836252,0.015035816511954181,0.050754666328430176
234,234,4.1123433113098145,4.117348670959473,0.0002,2.691857883785143,0.04951464757323265,0.014383293791979668,0.015059707902764785,0.050989764742553234
235,235,4.117126941680908,4.1184234619140625,0.0002,2.500665636296122,0.04975566267967224,0.014395689714547188,0.015073560431119404,0.05122424103319645
236,236,4.116053104400635,4.117528915405273,0.0002,2.5515447193557717,0.049859436228871346,0.014421635025428259,0.015101274810149334,0.051461837254464626
237,237,4.115581512451172,4.1109418869018555,0.0002,2.5973098246385136,0.050069309771060944,0.014425138274418714,0.015105934093298856,0.05169972497969866
238,238,4.116912841796875,4.122444152832031,0.0002,2.427452806462148,0.05016719736158848,0.014442750414673355,0.01512475052550144,0.05193842388689518
239,239,4.116183280944824,4.115556716918945,0.0002,2.4848696439928992,0.05042467173188925,0.014457087558184867,0.015140660858378396,0.052175614051520824
240,240,4.115752220153809,4.122928619384766,0.0002,2.5369127310181385,0.05068595893681049,0.014467289542153594,0.0151527094294579,0.05241221655160189
241,241,4.119145393371582,4.110687255859375,0.0002,2.5830836651424383,0.05082205589860678,0.014473363649813109,0.01516040576643718,0.05264602694660425
242,242,4.11413049697876,4.11539363861084,0.0002,2.405448150790374,0.05125551950186491,0.014487683985862532,0.015176485721895006,0.05288582853972912
243,243,4.114214897155762,4.111981391906738,0.0002,2.4659187404426697,0.05124570056796074,0.014506530212202051,0.015196898189969943,0.05312571860849857
244,244,4.114469051361084,4.118199825286865,0.0002,2.520996928411811,0.051428197883069515,0.014514132730255369,0.015205195335511235,0.053362042643129826
245,245,4.117557525634766,4.116799354553223,0.0002,2.5706950639823263,0.051600007340312004,0.014527674907185428,0.015220660239720019,0.05359788704663515
246,246,4.11501407623291,4.119441986083984,0.0002,2.613506693932175,0.05172561760991812,0.014556277114024851,0.015251170450937934,0.05383124761283398
247,247,4.1129255294799805,4.113086223602295,0.0002,2.5879593490886545,0.05201949179172516,0.01455612454446964,0.015252337903802982,0.05406565964221954
248,248,4.113214492797852,4.114337921142578,0.0002,2.6287968813517857,0.052334568463265896,0.014575600202078931,0.015273445547791198,0.05430481769144535
249,249,4.110848903656006,4.115320205688477,0.0002,2.667438821809207,0.05251308809965849,0.014586239035452309,0.015286281892258557,0.05454758368432522
250,250,4.113260746002197,4.115413665771484,0.0002,2.701748007582939,0.0527455173432827,0.014601168804802,0.015303328309528297,0.05478651449084282
251,251,4.118280410766602,4.109278202056885,0.0002,2.7325933393221464,0.05271895043551922,0.014610228371566336,0.015314027072236058,0.05502569489181042
252,252,4.11279296875,4.113844871520996,0.0002,2.5370202290870747,0.053019119426608086,0.014644995575508801,0.01535021999188757,0.055264596827328205
253,253,4.113210678100586,4.114996433258057,0.0002,2.5834351050109507,0.05314695928245783,0.014662198575024377,0.015368352598670754,0.055502052418887615
254,254,4.110547065734863,4.112973690032959,0.0002,2.6251302425926872,0.05350219551473856,0.014669966702058446,0.015377538633401855,0.05574221722781658
255,255,4.109066009521484,4.109982967376709,0.0002,2.6627227739486994,0.053624468855559826,0.014679809451990877,0.015388254154458991,0.05598381441086531
256,256,4.1132588386535645,4.113160610198975,0.0002,2.696402031371803,0.053796639665961266,0.014690712384435756,0.0154002644958382,0.056222899816930294
257,257,4.112337589263916,4.111347675323486,0.0002,2.7266031676600737,0.05390985682606697,0.014704315727612993,0.015415485180710675,0.056461285799741745
258,258,4.111100196838379,4.113356113433838,0.0002,2.7540278288611426,0.054108084179461,0.014718804347467085,0.015431987994816154,0.05670056492090225
259,259,4.109915733337402,4.110971450805664,0.0002,2.778440345165288,0.05441499315202236,0.014726806021826633,0.015441836816535215,0.056938186287879944
260,260,4.113949775695801,4.113508701324463,0.0002,2.800712237171974,0.05450984928756952,0.01473700430142344,0.01545271226859768,0.057178459130227566
261,261,4.108236789703369,4.110076904296875,0.0002,2.8204637522506895,0.05488763563334942,0.014749567763828964,0.015466205890334095,0.057418559677898884
262,262,4.111485481262207,4.108327388763428,0.0002,2.8383771676221023,0.05504780821502209,0.014755724576389184,0.015473832841962576,0.05765982251614332
263,263,4.106683731079102,4.116141319274902,0.0002,2.644990095364783,0.05513352062553167,0.01477577416699205,0.015495175186515553,0.05790078639984131
264,264,4.104828834533691,4.113885402679443,0.0002,2.6813074071592387,0.05537999980151653,0.01479948461837921,0.015520375691266963,0.058141076005995274
265,265,4.104367256164551,4.108112335205078,0.0002,2.714543307878793,0.05559586826711893,0.014813347235758556,0.015536308168520918,0.05837901495397091
266,266,4.10524320602417,4.108602523803711,0.0002,2.5354268622896488,0.055844780057668686,0.01482754806875164,0.01555186243240314,0.05862053111195564
267,267,4.109233856201172,4.109126091003418,0.0002,2.5820907164639784,0.05589842237532139,0.014835207915893989,0.01556072877610859,0.05886899493634701
268,268,4.107382297515869,4.110114097595215,0.0002,2.6241517610533096,0.056076645851135254,0.014840369735793502,0.015567057585940347,0.05911373719573021
269,269,4.107099533081055,4.110930442810059,0.0002,2.6616809974986695,0.0564644793048501,0.01485683243299718,0.015584115815727273,0.05935388244688511
270,270,4.107823848724365,4.108256816864014,0.0002,2.695362325124368,0.05650303978472948,0.014875800838126452,0.015604021607941831,0.059591407887637615
271,271,4.106555461883545,4.106507301330566,0.0002,2.725760631669734,0.05671253614127636,0.014884520103805698,0.015613806986948475,0.05982850678265095
272,272,4.106021881103516,4.110691547393799,0.0002,2.538445254632924,0.05683137848973274,0.014890421584823343,0.015621371869201539,0.060063145123422146
273,273,4.105151176452637,4.115786075592041,0.0002,2.585685924289825,0.0571062033995986,0.01489486670561746,0.015626929600330186,0.060306268744170666
274,274,4.107361793518066,4.10781717300415,0.0002,2.6279165592925993,0.05738504510372877,0.014899056315698544,0.015631898259016452,0.0605511674657464
275,275,4.10810661315918,4.10945463180542,0.0002,2.667062415724016,0.05734334513545036,0.014917644530214602,0.015651996563974535,0.0607986394315958
276,276,4.105564117431641,4.102744102478027,0.0002,2.701774623726838,0.057689993642270565,0.01493869538353465,0.015673727273679106,0.06104227714240551
277,277,4.104729652404785,4.108619213104248,0.0002,2.5233033283547726,0.05787424836307764,0.014956085322410217,0.01569248463238182,0.061280565336346626
278,278,4.103546619415283,4.109200477600098,0.0002,2.571212780129536,0.058098405599594116,0.014957694458644255,0.01569508166721789,0.06151677295565605
279,279,4.102434158325195,4.106498718261719,0.0002,2.6150252540494545,0.05828040558844805,0.014965739303988812,0.015703690329246456,0.061756630428135395
280,280,4.102806091308594,4.101222038269043,0.0002,2.653928357699437,0.05852034129202366,0.01497552152704884,0.01571327888632368,0.06199914775788784
281,281,4.1065168380737305,4.108325481414795,0.0002,2.4731937518738114,0.05867739487439394,0.014994037005635619,0.015733094222014188,0.06224343366920948
282,282,4.107453346252441,4.105772495269775,0.0002,2.525453417989209,0.05880594067275524,0.01500039634447603,0.015740289169116295,0.06248633190989494
283,283,4.10256290435791,4.104703903198242,0.0002,2.57351370845207,0.05912455637007952,0.014997349452642084,0.01573917781934142,0.06272124871611595
284,284,4.104074001312256,4.103822231292725,0.0002,2.616882632709056,0.05928430333733559,0.01500343451880326,0.015745781482110033,0.06296325661242008
285,285,4.113327980041504,4.107602596282959,0.0002,2.6551693777583796,0.05949420481920242,0.01502751524822088,0.015771523581861402,0.06320625729858875
286,286,4.108424663543701,4.102400779724121,0.0002,2.689953056223324,0.059649184346199036,0.015040602891531307,0.01578426712512737,0.06345251575112343
287,287,4.098803997039795,4.109400749206543,0.0002,2.721996958697908,0.05995439179241657,0.01505732511577662,0.015802352460013935,0.06369463168084621
288,288,4.105934143066406,4.101433277130127,0.0002,2.749744750861823,0.060141196474432945,0.015065748674714996,0.015811593902981258,0.06394071318209171
289,289,4.102787017822266,4.106684684753418,0.0002,2.774776209972076,0.06016503646969795,0.015078629356139572,0.015826263657800155,0.0641822125762701
290,290,4.103665351867676,4.110894203186035,0.0002,2.797389885762021,0.06053821090608835,0.015082074997735617,0.015829885091079632,0.06442261300981045
291,291,4.101844310760498,4.114414691925049,0.0002,2.8175750778678563,0.06056564673781395,0.015080096200108528,0.01582824169418018,0.06466428935527802
292,292,4.103215217590332,4.100654125213623,0.0002,2.835952619845022,0.060900451615452766,0.015090919897374988,0.015838762594285072,0.06491129845380783
293,293,4.1006059646606445,4.104441165924072,0.0002,2.6432668923910803,0.060990795493125916,0.015097081185558636,0.01584648281095724,0.0651609767228365
294,294,4.106029987335205,4.101693630218506,0.0002,2.680152832866015,0.061165474355220795,0.015108075834177725,0.015859456765610958,0.06540864519774914
295,295,4.100792407989502,4.100625038146973,0.0002,2.713471840391738,0.06138944160193205,0.015120145167202281,0.015872806254265015,0.06565402448177338
296,296,4.098617076873779,4.100994110107422,0.0002,2.5324972217700754,0.0616775369271636,0.015134589171793777,0.01588914887724968,0.06589438393712044
297,297,4.096707820892334,4.0991034507751465,0.0002,2.5793467357877873,0.06171881686896086,0.015143513314797019,0.015898844865660067,0.06613775342702866
298,298,4.103908538818359,4.103031158447266,0.0002,2.4110663387073874,0.06197488494217396,0.015156256922637112,0.015911686728941277,0.06638493202626705
299,299,4.105807304382324,4.10515022277832,0.0002,2.470490081258665,0.06220359168946743,0.015165864410846552,0.0159224503167934,0.06663208454847336
300,300,4.100440979003906,4.106668949127197,0.0002,2.524406274889699,0.06250003166496754,0.015184418355602247,0.015942624579110998,0.06687838025391102
301,301,4.097157001495361,4.115302085876465,0.0002,2.573300591692257,0.0626968014985323,0.015182718435426068,0.01594202482010587,0.06712494045495987
302,302,4.100583076477051,4.099560260772705,0.0002,2.617286527068306,0.0626880805939436,0.015197960830846569,0.015960413693392184,0.06737334094941616
303,303,4.103122711181641,4.100771427154541,0.0002,2.6561036889738467,0.06293052062392235,0.015207479729724582,0.015971804392393096,0.06761955097317696
304,304,4.105262756347656,4.099739074707031,0.0002,2.6917970638992053,0.06306849420070648,0.015220695948301,0.015985741338226944,0.06786344945430756
305,305,4.099587917327881,4.100362777709961,0.0002,2.7241309712555055,0.0633037481456995,0.015241402247738733,0.016006937474230654,0.06810468807816505
306,306,4.102143287658691,4.103615760803223,0.0002,2.752837976581656,0.06361773796379566,0.015263151601175196,0.016029185953811975,0.06834598816931248
307,307,4.096388816833496,4.094827175140381,0.0002,2.7788672332045046,0.06389104574918747,0.015271111927177117,0.016037606441386743,0.0685902088880539
308,308,4.104802131652832,4.093688488006592,0.0002,2.5888533551865165,0.0640259962528944,0.01526934370122035,0.016036517814427498,0.06883834674954414
309,309,4.102875232696533,4.0990471839904785,0.0002,2.422403618425706,0.06408862583339214,0.015272166567228851,0.016041260194469942,0.06908662617206573
310,310,4.101740837097168,4.100377559661865,0.0002,2.479804315877999,0.06443464756011963,0.015289055801986251,0.01606012717820704,0.06933283433318138
311,311,4.097733974456787,4.104187965393066,0.0002,2.5317729910245084,0.06468641385436058,0.015303015043173218,0.016075493820608244,0.069579953327775
312,312,4.097342014312744,4.107687950134277,0.0002,2.5784145491385226,0.06457456573843956,0.015311948878661497,0.016085134464447037,0.06983038783073425
313,313,4.096256732940674,4.0995073318481445,0.0002,2.6207003647492035,0.0649228636175394,0.015316192782847793,0.016091274717837223,0.07007179781794548
314,314,4.097070693969727,4.104616641998291,0.0002,2.6538607234320013,0.06509142369031906,0.015322787126024195,0.016098380210678442,0.07031544484198093
315,315,4.095889091491699,4.098418235778809,0.0002,2.688536786310961,0.06528167426586151,0.015326768226259446,0.016102520219646976,0.07056409306824207
316,316,4.089485168457031,4.09761381149292,0.0002,2.7202058468467594,0.06550986506044865,0.015340181775172823,0.0161172358202748,0.07080558314919472
317,317,4.091958045959473,4.099253177642822,0.0002,2.7485498187302766,0.06562131829559803,0.015345450436143437,0.016123323988722404,0.07105066999793053
318,318,4.097313404083252,4.09522008895874,0.0002,2.774061503595702,0.06581669300794601,0.015367160901405441,0.016145811538081034,0.07129061780869961
319,319,4.095881938934326,4.095930099487305,0.0002,2.797483071579244,0.06605818308889866,0.015387163284685812,0.016166928800885216,0.07152944803237915
320,320,4.091639995574951,4.093650817871094,0.0002,2.8177232109515007,0.06634622812271118,0.015396928675727395,0.01617809811796178,0.07177121751010418
321,321,4.093094348907471,4.099363327026367,0.0002,2.6190238181692123,0.06647652946412563,0.015399354851069802,0.016181822667931556,0.07201603055000305
322,322,4.094526290893555,4.093679904937744,0.0002,2.6578417314544844,0.06651787459850311,0.015396811099890328,0.01618093551041966,0.07226102240383625
323,323,4.094541549682617,4.096783638000488,0.0002,2.6926311656614232,0.06696225702762604,0.015396948686429823,0.016180798947971198,0.07250234670937061
324,324,4.091390132904053,4.098816871643066,0.0002,2.724735180745136,0.06714078597724438,0.015410883864205971,0.016196133783523692,0.07274343445897102
325,325,4.088831424713135,4.090073108673096,0.0002,2.7535040045502965,0.06737123616039753,0.015410287927807076,0.01619590679911198,0.07298765890300274
326,326,4.089205265045166,4.090233325958252,0.0002,2.5691369059063183,0.06731907092034817,0.015436209633662656,0.01622211113317462,0.0732321497052908
327,327,4.096078395843506,4.09186315536499,0.0002,2.6191784011346813,0.06764762103557587,0.015444749964444782,0.01623111544540734,0.07346819341182709
328,328,4.094479560852051,4.090819835662842,0.0002,2.6644675224492245,0.06777822785079479,0.015461019237591245,0.016249595506451442,0.07370780408382416
329,329,4.093958377838135,4.096746921539307,0.0002,2.704996978075174,0.06802841648459435,0.015472672773285012,0.016262082377579645,0.07395053654909134
330,330,4.085857391357422,4.0950117111206055,0.0002,2.741531652847716,0.06817559339106083,0.015483160605072044,0.01627358422956604,0.07418970577418804
331,331,4.09136962890625,4.0904951095581055,0.0002,2.7746239982630954,0.06841742619872093,0.0154872614202759,0.016279328026939766,0.07442468032240868
332,332,4.091909885406494,4.090458869934082,0.0002,2.804150861772973,0.0686698667705059,0.015485389705645503,0.016277576014545048,0.07465924881398678
333,333,4.10081148147583,4.091564178466797,0.0002,2.8300690645062385,0.06887572072446346,0.015497246074119175,0.01628980164969107,0.07489510253071785
334,334,4.089659214019775,4.09490966796875,0.0002,2.853273259286481,0.06890201941132545,0.015511798061197624,0.016305254717735806,0.07513224333524704
335,335,4.096890926361084,4.093075752258301,0.0002,2.8712167552006744,0.06912609562277794,0.015529892240920162,0.01632345307916694,0.07537213526666164
336,336,4.089656829833984,4.093216896057129,0.0002,2.8878266236269976,0.069261085242033,0.015549526773611433,0.0163447098711913,0.07561611942946911
337,337,4.096386432647705,4.089287281036377,0.0002,2.9053780943514713,0.06947046332061291,0.015555870917523862,0.01635117672776687,0.0758527796715498
338,338,4.089516639709473,4.090051651000977,0.0002,2.7059257815161932,0.06964042596518993,0.015557122042991978,0.016353604396499577,0.07608767226338387
339,339,4.09263277053833,4.0915846824646,0.0002,2.7433194778089116,0.06987891905009747,0.015564765451927087,0.01636247771239141,0.07632442750036716
340,340,4.088312149047852,4.098268508911133,0.0002,2.775858148140004,0.07022986002266407,0.015578504813674954,0.016377262607420562,0.07656332477927208
341,341,4.087636947631836,4.088527202606201,0.0002,2.804804638909872,0.07039179839193821,0.015609109108481789,0.016407872306444915,0.0768012348562479
342,342,4.096077919006348,4.090741157531738,0.0002,2.611849818736043,0.07050126977264881,0.015619198326930928,0.01641963267502433,0.07704092562198639
343,343,4.09299898147583,4.08767032623291,0.0002,2.6576235826651198,0.07077682018280029,0.015625046940840548,0.016426207721451647,0.07728821970522404
344,344,4.091424942016602,4.092428684234619,0.0002,2.4838901045383692,0.07082812115550041,0.015628728018782567,0.016429985544164083,0.07753491587936878
345,345,4.098708152770996,4.090785980224609,0.0002,2.542456110382554,0.07096435315907001,0.015642786626813177,0.016446226383777685,0.07778342813253403
346,346,4.091149806976318,4.095757961273193,0.0002,2.5948589892549094,0.07111763954162598,0.015670814695113222,0.016475190295750508,0.07802998274564743
347,347,4.086944580078125,4.091989040374756,0.0002,2.6424775272222765,0.07135213166475296,0.01567519423315389,0.016478867479236214,0.0782767478376627
348,348,4.090010643005371,4.088949203491211,0.0002,2.684830054984207,0.07177403755486012,0.015693852687945764,0.016498011722433148,0.07851908169686794
349,349,4.0839691162109375,4.091050148010254,0.0002,2.72304985659212,0.07177112624049187,0.015707084973655583,0.016511378538780264,0.07877027429640293
350,350,4.090332508087158,4.092628002166748,0.0002,2.757521146844594,0.07215980440378189,0.01572350612423179,0.01652827376165078,0.07902137190103531
351,351,4.082823753356934,4.09196138381958,0.0002,2.7881588911925315,0.07222172431647778,0.01573365483636735,0.01654016595421126,0.07927586697041988
352,352,4.081965923309326,4.087647438049316,0.0002,2.8162234473049117,0.07241556607186794,0.015740879841359856,0.016548169372981647,0.07952290773391724
353,353,4.078339576721191,4.087714195251465,0.0002,2.6155171016837735,0.07254038378596306,0.015758030979668547,0.016566889695241116,0.07977601327002048
354,354,4.080223560333252,4.083564281463623,0.0002,2.6607736729096483,0.07268297858536243,0.01577363472461002,0.016582989594098763,0.08002689480781555
355,355,4.085268974304199,4.084306716918945,0.0002,2.4841607428608796,0.07291564531624317,0.015798113671735337,0.016608285297479597,0.08027374185621738
356,356,4.08983850479126,4.082217216491699,0.0002,2.5423185671601916,0.07325557433068752,0.015810080663868575,0.01662020102594397,0.08051194250583649
357,357,4.087183475494385,4.088171482086182,0.0002,2.3812766388119644,0.07327450066804886,0.015818967295672337,0.016629547231787,0.08075922727584839
358,358,4.081270217895508,4.086139678955078,0.0002,2.4501228091999754,0.07364492118358612,0.015836640190173057,0.01664735823760566,0.08100759238004684
359,359,4.081684589385986,4.084789276123047,0.0002,2.5120979264817036,0.07379674352705479,0.015836611704798997,0.01664694740611594,0.0812564343214035
360,360,4.08234977722168,4.086407661437988,0.0002,2.567933700985529,0.07395442761480808,0.015844863431993872,0.016657252697768854,0.08150806277990341
361,361,4.0861287117004395,4.084880828857422,0.0002,2.6183231827101827,0.07423773035407066,0.015853189169320103,0.016664650645907386,0.08176428824663162
362,362,4.0821614265441895,4.083263874053955,0.0002,2.663234125819269,0.0744395311921835,0.0158778038685341,0.016691398232069332,0.08201921917498112
363,363,4.091615200042725,4.082077503204346,0.0002,2.704421065698443,0.07456650212407112,0.015891810778157378,0.01670700063550612,0.0822703018784523
364,364,4.079923152923584,4.094231128692627,0.0002,2.5198313719224767,0.07471794076263905,0.015890361241872597,0.016706828409951413,0.08252466842532158
365,365,4.078819751739502,4.082239151000977,0.0002,2.575085253570504,0.07477239705622196,0.015903684639852145,0.016718712091460475,0.08277662098407745
366,366,4.085325241088867,4.078734874725342,0.0002,2.624328962070709,0.0750127974897623,0.015922172169666737,0.016736377103370614,0.08303225599229336
367,367,4.0830979347229,4.07778263092041,0.0002,2.4511112373840827,0.07534874975681305,0.01593129496632173,0.016746814577345503,0.0832803063094616
368,368,4.077764511108398,4.082297325134277,0.0002,2.2958889181064235,0.07565887458622456,0.015949934049785952,0.016765444075645064,0.08352866396307945
369,369,4.088303089141846,4.0792131423950195,0.0002,2.3731191470390285,0.0755464993417263,0.015968421090292395,0.0167844580628298,0.08377818018198013
370,370,4.080055236816406,4.07797384262085,0.0002,2.442518671047827,0.07594973593950272,0.015991555175787653,0.016809257640488795,0.08403077349066734
371,371,4.086726665496826,4.080915451049805,0.0002,2.5054140076524907,0.07604421488940716,0.01599793813420547,0.016816147579447716,0.08428257144987583
372,372,4.090391159057617,4.083689212799072,0.0002,2.561985867703519,0.07638198137283325,0.016014881853152474,0.016831875205753022,0.0845318790525198
373,373,4.083276748657227,4.083014011383057,0.0002,2.6126716233003253,0.07641186006367207,0.016019947940549173,0.01683730155127705,0.08478342369198799
374,374,4.086999416351318,4.08004903793335,0.0002,2.6587082384870757,0.07666368409991264,0.01603219604203332,0.016850718804562348,0.08503671362996101
375,375,4.080343246459961,4.084350109100342,0.0002,2.6996402766453187,0.07694146037101746,0.016048385597059678,0.01686796749345376,0.0852908119559288
376,376,4.0768656730651855,4.079949855804443,0.0002,2.737036105813903,0.07708550058305264,0.016068614994765085,0.016888010910406592,0.08554470539093018
377,377,4.081727504730225,4.0837836265563965,0.0002,2.7701771931003005,0.07725127413868904,0.016089316430225153,0.016910779228055617,0.08579285815358162
378,378,4.07639217376709,4.093417644500732,0.0002,2.8004488099488514,0.07748324610292912,0.016112448632156884,0.01693314193835249,0.08604187704622746
379,379,4.0846099853515625,4.076222896575928,0.0002,2.827487156566749,0.07779055275022984,0.0161222994011041,0.016942545584242907,0.08629078604280949
380,380,4.076279163360596,4.077178955078125,0.0002,2.636581779596627,0.07785194367170334,0.016134869190864265,0.01695195658430748,0.08655220828950405
381,381,4.075639724731445,4.082107067108154,0.0002,2.6796605995233804,0.07801396772265434,0.01615035324175551,0.016968719555734424,0.08681239746510983
382,382,4.074071407318115,4.07861852645874,0.0002,2.7182427370832754,0.07819815538823605,0.016154930249285826,0.016974641470369534,0.08707404881715775
383,383,4.07642126083374,4.07252311706543,0.0002,2.7528895835164193,0.07845952920615673,0.016178016609956103,0.016999884855977143,0.08733060583472252
384,384,4.079944133758545,4.082155704498291,0.0002,2.5634331244437805,0.07867971248924732,0.01620035494397598,0.017020784611304407,0.0875900611281395
385,385,4.086141586303711,4.076809406280518,0.0002,2.61435043937163,0.07877578400075436,0.016214009950999753,0.01703476975853846,0.08784256502985954
386,386,4.089764595031738,4.083927154541016,0.0002,2.6601335640234716,0.07897731103003025,0.016224845813667343,0.017045337252056925,0.08810354769229889
387,387,4.07866907119751,4.077259540557861,0.0002,2.7008997007132827,0.07905926927924156,0.016230278189141245,0.01705145765117777,0.08836428448557854
388,388,4.080076217651367,4.07854700088501,0.0002,2.7374910454670505,0.07950127869844437,0.01626311472591624,0.017084289052945678,0.08862299285829067
389,389,4.087009906768799,4.0840654373168945,0.0002,2.7709351492227987,0.07961545698344707,0.01627837204887328,0.017098063704906963,0.08887878060340881
390,390,4.078466415405273,4.083967208862305,0.0002,2.8004640723226624,0.07966473139822483,0.016282024973406806,0.01710028073830472,0.0891377404332161
391,391,4.0841522216796875,4.0852766036987305,0.0002,2.827453903375758,0.08003121986985207,0.016298525243655604,0.017116477349190973,0.08939162269234657
392,392,4.074490070343018,4.073341369628906,0.0002,2.85149630338087,0.0802791565656662,0.0163038179744035,0.017123204741437803,0.08964936062693596
393,393,4.077184200286865,4.074174404144287,0.0002,2.8732025516553255,0.08051101677119732,0.01631868168260553,0.017139185019914294,0.08990992978215218
394,394,4.076379776000977,4.088892459869385,0.0002,2.891212624220286,0.08061405457556248,0.016334934429323766,0.017155089048173977,0.09016948938369751
395,395,4.085854530334473,4.075321674346924,0.0002,2.9088082166688984,0.08081121370196342,0.016361753058845352,0.017181398796310532,0.0904263649135828
396,396,4.079709053039551,4.075315952301025,0.0002,2.924290232862539,0.08085520565509796,0.01637232097073138,0.01719099962247128,0.09068425931036472
397,397,4.082517147064209,4.078435897827148,0.0002,2.938210538638095,0.08127247728407383,0.01638248669951281,0.0172017755539855,0.09094446338713169
398,398,4.073409557342529,4.076367378234863,0.0002,2.9516752532769877,0.08132078312337399,0.01638158369132725,0.017201093287440017,0.0912077222019434
399,399,4.076248645782471,4.076892375946045,0.0002,2.9636160676688132,0.0816448125988245,0.01640992116608686,0.017226232082975912,0.09147457964718342
400,400,4.085857391357422,4.068415641784668,0.0002,2.9744043803669595,0.081552067771554,0.016429777328085038,0.01724533917149529,0.09173448942601681
401,401,4.081503391265869,4.066885948181152,0.0002,2.7690552940767077,0.0820617713034153,0.01645155051846814,0.017269634796321043,0.09198756143450737
402,402,4.0838398933410645,4.085538387298584,0.0002,2.582772617602108,0.08219931647181511,0.016461984964735166,0.017277584482144448,0.09225082769989967
403,403,4.073056221008301,4.0792951583862305,0.0002,2.631014137678181,0.0825174879282713,0.01649793267097266,0.017313302003458375,0.09251071512699127
404,404,4.080395221710205,4.066598892211914,0.0002,2.67549489003286,0.08251370303332806,0.016508860198882758,0.017323052601568634,0.09277126379311085
405,405,4.071931838989258,4.079568862915039,0.0002,2.4943618284511997,0.08274931274354458,0.016526138970220927,0.017338170497168903,0.09303152747452259
406,406,4.074151515960693,4.070476531982422,0.0002,2.5517488313026604,0.08299493975937366,0.01654053438687697,0.01735399589415465,0.09328645467758179
407,407,4.072455883026123,4.077252388000488,0.0002,2.603419493037775,0.08324741385877132,0.016552688777665026,0.01736042603442911,0.09355065785348415
408,408,4.068967342376709,4.076357364654541,0.0002,2.650206926489067,0.0834539532661438,0.01657006383084081,0.01737744336060132,0.0938135925680399
409,409,4.068365097045898,4.0789408683776855,0.0002,2.692582808219167,0.08360928855836391,0.016588552309258375,0.01739445018756669,0.09407394379377365
410,410,4.071778774261475,4.080140590667725,0.0002,2.7300031347470157,0.083820641040802,0.016616185069324274,0.017420132839106373,0.0943373404443264
411,411,4.077220439910889,4.067344665527344,0.0002,2.764355029720739,0.08405377343297005,0.016628969012344896,0.01743369846190035,0.0946013331413269
412,412,4.07786750793457,4.068077087402344,0.0002,2.794944401544166,0.08426481857895851,0.01665251882332086,0.017453968353947857,0.09486136585474014
413,413,4.0699872970581055,4.07397985458374,0.0002,2.8224624560268867,0.08424971625208855,0.01666369709528226,0.01746306203676795,0.09511959552764893
414,414,4.068276882171631,4.070908546447754,0.0002,2.846972338161274,0.084646787494421,0.016679458392900415,0.017476234235800803,0.09538181126117706
415,415,4.067286491394043,4.073465824127197,0.0002,2.868831417520198,0.08458782359957695,0.01669347521601594,0.017490472728241002,0.09563654474914074
416,416,4.064979076385498,4.071319580078125,0.0002,2.88844508405953,0.0850486047565937,0.016725468655749864,0.01752053911332041,0.09589789435267448
417,417,4.072622299194336,4.070720195770264,0.0002,2.906331818122664,0.0851465817540884,0.016738448538490047,0.017532064806800918,0.09616371616721153
418,418,4.0699567794799805,4.066741943359375,0.0002,2.9221327528063106,0.08527269028127193,0.016749452769545314,0.017543226531415712,0.09642830863595009
419,419,4.065467357635498,4.076298713684082,0.0002,2.936840932359479,0.08542351610958576,0.0167695994823589,0.017560101630806457,0.09668636322021484
420,420,4.075329780578613,4.074952602386475,0.0002,2.949538591303896,0.08561908639967442,0.01679205647087656,0.017581548750968068,0.0969441644847393
421,421,4.07495641708374,4.073409557342529,0.0002,2.9618876601610564,0.08575139753520489,0.016815006201795768,0.01760328332602512,0.09719894826412201
422,422,4.0696635246276855,4.072116374969482,0.0002,2.9727037576750295,0.08606336265802383,0.01683119013432588,0.017617216717553674,0.09745740704238415
423,423,4.072430610656738,4.072483539581299,0.0002,2.98266683430663,0.08615018613636494,0.01684688464320061,0.017630945725613856,0.09772069938480854
424,424,4.068414688110352,4.072049140930176,0.0002,2.991376189202646,0.08650811947882175,0.016861915255503845,0.01764473526054644,0.09797987900674343
425,425,4.070275783538818,4.071147441864014,0.0002,2.9984570945018465,0.08676055446267128,0.016882848040950194,0.017664366921962937,0.09823882393538952
426,426,4.064245700836182,4.062836647033691,0.0002,3.0055969181415887,0.08700461126863956,0.016902110595765407,0.01768181125044066,0.09849931858479977
427,427,4.066318511962891,4.067022800445557,0.0002,2.7870203709735035,0.08700130321085453,0.016913578238927585,0.017689355949187302,0.09876474924385548
428,428,4.077395915985107,4.068487167358398,0.0002,2.8143581315929374,0.08727988041937351,0.016934925247369392,0.017710440672090044,0.09902571886777878
429,429,4.071662902832031,4.073129653930664,0.0002,2.8398308930383056,0.08747797831892967,0.016957770844783226,0.017733350847265683,0.0992914903908968
430,430,4.09016227722168,4.069307327270508,0.0002,2.8626098571305265,0.0873902477324009,0.016993004585856397,0.017765239283107803,0.09955503605306149
431,431,4.0677876472473145,4.0664143562316895,0.0002,2.8831436047024375,0.08787202835083008,0.017004308256218792,0.017775773971152375,0.09981199726462364
432,432,4.0614237785339355,4.080840110778809,0.0002,2.9020377338612837,0.08802427910268307,0.016995926567688002,0.01776568945751933,0.10006983950734138
433,433,4.063748836517334,4.065865993499756,0.0002,2.9186195494627367,0.08807537890970707,0.01702398995985277,0.01779252659798658,0.10032971948385239
434,434,4.06703519821167,4.081550121307373,0.0002,2.93375855784943,0.08843256533145905,0.017050682803528616,0.01781753420982568,0.10059233568608761
435,435,4.057235240936279,4.069669246673584,0.0002,2.9471322271940834,0.08876033313572407,0.017075896632377408,0.0178433169330674,0.10085263103246689
436,436,4.063755512237549,4.064754486083984,0.0002,2.959414711177021,0.08886786550283432,0.017103509700064023,0.01786771312072233,0.10111172311007977
437,437,4.064657211303711,4.060683727264404,0.0002,2.9703316598638505,0.08894711546599865,0.017110119852077332,0.017873636636068113,0.10137172043323517
438,438,4.06763219833374,4.063372611999512,0.0002,2.7644034444969647,0.08887866325676441,0.01713887358619104,0.01789964262934518,0.10163152776658535
439,439,4.061298370361328,4.065978527069092,0.0002,2.7917351483057034,0.08932606689631939,0.017166054979497858,0.017926264661582536,0.10189294628798962
440,440,4.057510852813721,4.059169769287109,0.0002,2.8169967291372404,0.08963285014033318,0.017181838723445253,0.017940285779332044,0.10215318016707897
441,441,4.07599401473999,4.06437349319458,0.0002,2.60037000196247,0.08973460830748081,0.017192491687637812,0.017948136430277373,0.10241504944860935
442,442,4.067654609680176,4.06770658493042,0.0002,2.6470405477335537,0.08997782692313194,0.017209746624757827,0.017963510328627308,0.10267513431608677
443,443,4.065145015716553,4.0696539878845215,0.0002,2.6891170020181043,0.09010566584765911,0.017234472480595286,0.0179868961822649,0.10293534770607948
444,444,4.061232566833496,4.063729286193848,0.0002,2.7274428301549247,0.0902416855096817,0.017251007024242426,0.018002606064328575,0.10319198668003082
445,445,4.064467906951904,4.0656585693359375,0.0002,2.761385615508336,0.09045257791876793,0.017269333910007845,0.018017935246462002,0.10344480909407139
446,446,4.0598368644714355,4.06947135925293,0.0002,2.791578654528802,0.0908235888928175,0.017291411852056626,0.018038797805274953,0.10370686650276184
447,447,4.069333553314209,4.070080757141113,0.0002,2.818430931642931,0.09091660380363464,0.017307956146396464,0.018053345553198596,0.10397181287407875
448,448,4.062627792358398,4.06858491897583,0.0002,2.843144489815632,0.09100773371756077,0.017333036184936645,0.018078703637002036,0.10423221066594124
449,449,4.055413722991943,4.076079368591309,0.0002,2.8657064195950293,0.09134387224912643,0.017357242191792466,0.018097710943038692,0.10449400544166565
450,450,4.060981273651123,4.063418865203857,0.0002,2.8865219818187193,0.09145385026931763,0.017373722381307743,0.018112324192770757,0.10475011356174946
451,451,4.058920383453369,4.067512512207031,0.0002,2.9046079664889373,0.09178411215543747,0.017391070628036687,0.018131511504179798,0.1050060298293829
452,452,4.066516399383545,4.062247276306152,0.0002,2.9210989652751524,0.09177414700388908,0.0174102964647318,0.01814639236908988,0.10526001825928688
453,453,4.064279079437256,4.056456089019775,0.0002,2.9363558944404415,0.09221078641712666,0.01742101593845291,0.018154095798308845,0.10550913587212563
454,454,4.064635753631592,4.057718753814697,0.0002,2.73038268279152,0.0920660998672247,0.017435945875149628,0.018169775261412724,0.1057670172303915
455,455,4.058103561401367,4.068079948425293,0.0002,2.7643402907806336,0.09227974154055119,0.017459850445447955,0.018192197019743617,0.10602322965860367
456,456,4.057886600494385,4.060304641723633,0.0002,2.795527752354082,0.09283706545829773,0.017482447286056413,0.01820900890379562,0.10628442838788033
457,457,4.052182674407959,4.06572961807251,0.0002,2.823204353686395,0.0927030611783266,0.01750887930757017,0.018234766062050767,0.10654903948307037
458,458,4.065624713897705,4.069590091705322,0.0002,2.8484577441659864,0.09304893389344215,0.01752070807651762,0.0182472877750115,0.10680572874844074
459,459,4.060402870178223,4.0601887702941895,0.0002,2.8708970587079814,0.09324801340699196,0.017541963017720263,0.018263788232616207,0.10706694796681404
460,460,4.058899879455566,4.0548906326293945,0.0002,2.8908198474743205,0.09327535703778267,0.017552052325299883,0.018273003086505923,0.1073265690356493
461,461,4.075085639953613,4.059345722198486,0.0002,2.6918110583036525,0.09360165521502495,0.017562347696184588,0.018280478496308206,0.10759255103766918
462,462,4.0634074211120605,4.06578254699707,0.0002,2.729164962949875,0.09361691400408745,0.01759200356536894,0.018308458546925976,0.10785573348402977
463,463,4.057383060455322,4.071010589599609,0.0002,2.763156871790056,0.09389075264334679,0.017604351834961562,0.018319001483178,0.10812019556760788
464,464,4.059886932373047,4.059192657470703,0.0002,2.7940092669260825,0.09417498484253883,0.017618492282963416,0.018330382424210256,0.10837714560329914
465,465,4.051105499267578,4.060758113861084,0.0002,2.8212723957223322,0.09442263096570969,0.017643446662077622,0.018354113073655753,0.10863290913403034
466,466,4.05671501159668,4.05654764175415,0.0002,2.845791277524283,0.09479736350476742,0.017653761550718627,0.018360148591455072,0.10889735072851181
467,467,4.066495895385742,4.055750370025635,0.0002,2.8676614721637983,0.09471570886671543,0.017685335656096868,0.018386944469057198,0.10916504822671413
468,468,4.051679611206055,4.0580010414123535,0.0002,2.8875668254018834,0.09492596238851547,0.01770370190297399,0.018404579625894257,0.10943000391125679
469,469,4.050972938537598,4.071255683898926,0.0002,2.9055388462447396,0.09519130550324917,0.017722059945299407,0.018419636863654887,0.10969717986881733
470,470,4.052948474884033,4.056934356689453,0.0002,2.92143935297958,0.09543842636048794,0.017740980199050682,0.018438869784404233,0.10995977371931076
471,471,4.059814453125,4.0693864822387695,0.0002,2.935731730491496,0.09546712972223759,0.017756233135514776,0.018449916104145814,0.11023258417844772
472,472,4.056484222412109,4.055673122406006,0.0002,2.9487388819694225,0.09562241844832897,0.017763256161742902,0.01845942715772253,0.11050445958971977
473,473,4.0534443855285645,4.048346042633057,0.0002,2.960917515539327,0.09607805497944355,0.01778365516838676,0.018479154844499135,0.11077231355011463
474,474,4.065423488616943,4.064739227294922,0.0002,2.7465223256129714,0.09601618722081184,0.017802007187128766,0.018491455490220687,0.11103665456175804
475,475,4.062742710113525,4.055214881896973,0.0002,2.778854100157896,0.09623963944613934,0.017817834534980648,0.018504049380680954,0.11130213923752308
476,476,4.057411193847656,4.046184539794922,0.0002,2.739098463874079,0.0964357890188694,0.017816871561080916,0.018502664137486136,0.11156812310218811
477,477,4.0518903732299805,4.06613826751709,0.0002,2.5585985127538535,0.09685780107975006,0.01783481964866951,0.018517486911150627,0.11183564737439156
478,478,4.058675765991211,4.060619831085205,0.0002,2.6092238081680796,0.09699784405529499,0.017845106134700472,0.01852459257679584,0.11209994181990623
479,479,4.0558061599731445,4.052556037902832,0.0002,2.65489443544852,0.09685608930885792,0.017860737318187603,0.018540449877036735,0.11235981434583664
480,480,4.050447940826416,4.061196327209473,0.0002,2.696314413858604,0.097216771915555,0.01786593994620489,0.018542661066021537,0.11262241937220097
481,481,4.062269687652588,4.057758808135986,0.0002,2.7332771644234213,0.09727559983730316,0.017885154627947486,0.018559639478553436,0.11289042606949806
482,482,4.057410717010498,4.051105499267578,0.0002,2.7664847965726134,0.09768308326601982,0.017902054114529165,0.018570760791590146,0.1131626758724451
483,483,4.051056385040283,4.05659294128418,0.0002,2.797260775290539,0.09793468937277794,0.017911238726810552,0.018577746170194587,0.11343644745647907
484,484,4.049013137817383,4.053554058074951,0.0002,2.8245219264066557,0.0978209376335144,0.017915698511387745,0.01858197425099206,0.1136996541172266
485,485,4.047008514404297,4.058949947357178,0.0002,2.8484597616957004,0.09811742044985294,0.017928460506482224,0.018593234883155674,0.11396636255085468
486,486,4.049389839172363,4.053122043609619,0.0002,2.8705071086259126,0.09826339408755302,0.017940226020982664,0.01860279027823708,0.11423364095389843
487,487,4.048892974853516,4.0464606285095215,0.0002,2.889966896893477,0.09846562519669533,0.017948436247934296,0.01860850733010011,0.11449918150901794
488,488,4.051777362823486,4.052711009979248,0.0002,2.9077256577376134,0.09877256117761135,0.017958123996322684,0.018616528881466365,0.11476019956171513
489,489,4.051711082458496,4.048651695251465,0.0002,2.9238191355968923,0.09877864271402359,0.01797608576453058,0.018632962402989506,0.11501823924481869
490,490,4.04170036315918,4.054566383361816,0.0002,2.937998945892868,0.098991883918643,0.017981487585529976,0.018637077104358468,0.11527244374155998
491,491,4.057097434997559,4.062263011932373,0.0002,2.950935372070866,0.09913392178714275,0.018001689987613645,0.018653073775567464,0.11553602106869221
492,492,4.046517848968506,4.050015449523926,0.0002,2.962776510004319,0.09932627901434898,0.018002328512011445,0.018655799811313045,0.11580253951251507
493,493,4.04477071762085,4.055032730102539,0.0002,2.9728204987523363,0.09955846145749092,0.01801679027994396,0.018665749528736342,0.1160580925643444
494,494,4.049490451812744,4.057527542114258,0.0002,2.9820017958219354,0.09999438934028149,0.018027398333288147,0.018673046099138446,0.11631602235138416
495,495,4.053890705108643,4.058588981628418,0.0002,2.9904414780866375,0.09976370446383953,0.01803401626057166,0.018683792918636755,0.11657540313899517
496,496,4.045164108276367,4.050540447235107,0.0002,2.9983611619148824,0.10044337436556816,0.01804081823956949,0.018687942697397375,0.11683247238397598
497,497,4.049487113952637,4.060118198394775,0.0002,3.0060306344833023,0.10046299174427986,0.018050851859698014,0.018694200967729557,0.11709457263350487
498,498,4.050240516662598,4.048267364501953,0.0002,3.012293106400993,0.1006376575678587,0.018054423514058726,0.01869502907993592,0.11735472455620766
499,499,4.051334857940674,4.046172142028809,0.0002,3.017993047048074,0.10081005096435547,0.018059710078887292,0.0187011805437578,0.11761102639138699
500,500,4.043314456939697,4.044071197509766,0.0002,2.808037930916647,0.10092961601912975,0.018074553343012667,0.018716333045631472,0.11786813102662563
501,501,4.043978214263916,4.043684005737305,0.0002,2.61957325026324,0.10091255605220795,0.018094908945386123,0.01873441029965761,0.11812999099493027
502,502,4.0471272468566895,4.043518543243408,0.0002,2.4435976157117696,0.10147624649107456,0.018108676090832887,0.018745563526863407,0.11839079484343529
503,503,4.056865692138672,4.040180206298828,0.0002,2.2915542219275986,0.10143346153199673,0.018117986811830633,0.01875503827341163,0.11865715309977531
504,504,4.043487548828125,4.051874160766602,0.0002,2.1505774393816117,0.10157068260014057,0.01811414960275215,0.01875283867229882,0.11892660148441792
505,505,4.048108100891113,4.057290554046631,0.0002,2.2428736035000214,0.10156774334609509,0.018118833489097597,0.018755164128378965,0.11919677443802357
506,506,4.04002046585083,4.048959732055664,0.0002,2.3261049324433642,0.10223112627863884,0.01813106933650488,0.018764551158710674,0.11946098692715168
507,507,4.0457987785339355,4.056529998779297,0.0002,2.400383187142926,0.10218807682394981,0.018148958068195498,0.01878184645283909,0.1197298914194107
508,508,4.047195911407471,4.04990816116333,0.0002,2.467460165606942,0.10236982256174088,0.018155554661007045,0.018788939825753914,0.11999950185418129
509,509,4.048425674438477,4.055296421051025,0.0002,2.528069926693491,0.10261471383273602,0.018164086505294108,0.0187969806665933,0.12027415260672569
510,510,4.047293186187744,4.047658920288086,0.0002,2.5821481236077726,0.10271789692342281,0.01817270486299094,0.0188039899812793,0.1205479446798563
511,511,4.035574436187744,4.047522068023682,0.0002,2.63120769778232,0.10310893133282661,0.01816983838125452,0.018799893324285222,0.1208192054182291
512,512,4.039283275604248,4.041635990142822,0.0002,2.675388666658603,0.10333381593227386,0.018174458144585515,0.01880502879703272,0.12108838558197021
513,513,4.036648750305176,4.037416934967041,0.0002,2.715529018876852,0.10340560600161552,0.01818250542237365,0.018810351618412824,0.12136197835206985
514,514,4.0474443435668945,4.050959587097168,0.0002,2.534158426102946,0.10371413268148899,0.018200344617525843,0.018827305946615525,0.12163993157446384
515,515,4.041861057281494,4.041586875915527,0.0002,2.587654208580198,0.10394652187824249,0.018204960440016293,0.018831046914783656,0.12191369943320751
516,516,4.045312404632568,4.040360927581787,0.0002,2.636042780910626,0.10393275134265423,0.018204602203240938,0.018831130676517205,0.12218492291867733
517,517,4.043370246887207,4.057468414306641,0.0002,2.6791975087052635,0.10421670600771904,0.018196587020611332,0.018820504903487745,0.12246557511389256
518,518,4.037977695465088,4.047054290771484,0.0002,2.7184269983563674,0.10443699359893799,0.018198265286628157,0.018821688257048663,0.12273788265883923
519,519,4.048603534698486,4.0510783195495605,0.0002,2.7533140175331483,0.10475201345980167,0.018204622364919487,0.018826436520612333,0.12301081046462059
520,520,4.0515265464782715,4.037586688995361,0.0002,2.7854662593940294,0.10468083247542381,0.01820902903591559,0.018830077341590368,0.12326970510184765
521,521,4.046462535858154,4.055517673492432,0.0002,2.8134705361400543,0.104904904961586,0.018201030181444366,0.01882566566018795,0.12354123219847679
522,522,4.033825397491455,4.047275543212891,0.0002,2.8393985485581466,0.1051340252161026,0.01820621631532049,0.018825336466761655,0.12382085435092449
523,523,4.05374002456665,4.047762870788574,0.0002,2.8627478599706593,0.10540622659027576,0.018204067846454564,0.018828357455277,0.1240940410643816
524,524,4.042128562927246,4.036820888519287,0.0002,2.883260525644208,0.10550050809979439,0.018217115042716614,0.018834750615496887,0.12436854653060436
525,525,4.0452375411987305,4.039213180541992,0.0002,2.68504725863174,0.10546708852052689,0.01820537880030315,0.01882344516343437,0.12463448569178581
526,526,4.043274879455566,4.039516448974609,0.0002,2.7235668987707635,0.10598228871822357,0.018208330763172853,0.01882451830442733,0.12490352243185043
527,527,4.040922164916992,4.040952682495117,0.0002,2.758084893323674,0.10609267465770245,0.018202707445652777,0.018817548467268352,0.12517137080430984
528,528,4.0404486656188965,4.035985946655273,0.0002,2.7893009395910844,0.10613784939050674,0.01821073479459301,0.01882680708422413,0.12544313818216324
529,529,4.041071891784668,4.049175262451172,0.0002,2.5998396608103964,0.10634374246001244,0.018200447016170074,0.018817323801158636,0.1257169097661972
530,530,4.042271137237549,4.039395332336426,0.0002,2.6467729125263566,0.10686269961297512,0.01818667378347527,0.018805143504323496,0.12597690522670746
531,531,4.038486957550049,4.051555633544922,0.0002,2.689675234202997,0.10683419555425644,0.018186861532285548,0.018804634125444863,0.1262410208582878
532,532,4.034543037414551,4.038624286651611,0.0002,2.727036610049885,0.1069894079118967,0.018177908538291376,0.01879529906273092,0.12650319933891296
533,533,4.032645225524902,4.041444301605225,0.0002,2.761679548919798,0.10707536339759827,0.018185979710324318,0.01880154855643923,0.12677354738116264
534,534,4.038584232330322,4.041251182556152,0.0002,2.7929812896427575,0.10731758363544941,0.018185245942731854,0.018803407535415317,0.12704523652791977
535,535,4.0379767417907715,4.041662216186523,0.0002,2.821000191459494,0.10759016685187817,0.01817316527103685,0.018787646254168067,0.12732524424791336
536,536,4.033341407775879,4.039391994476318,0.0002,2.8457789231693007,0.10797639563679695,0.018172437356952287,0.018787339432492445,0.12759853154420853
537,537,4.043947219848633,4.0550336837768555,0.0002,2.8689511198957485,0.10773477144539356,0.018174613433984632,0.018788186237543414,0.12787304818630219
538,538,4.050710678100586,4.038641452789307,0.0002,2.8894245333687913,0.10809540562331676,0.018162755472076242,0.01877788814363157,0.1281384900212288
539,539,4.035424709320068,4.033860683441162,0.0002,2.9073672696155426,0.1084215696901083,0.018162582371132885,0.018777881778078154,0.12841065227985382
540,540,4.033881187438965,4.039127826690674,0.0002,2.699984605764724,0.10859334096312523,0.018168582938415057,0.018782915072733886,0.128682941198349
541,541,4.037556171417236,4.0535783767700195,0.0002,2.7378417481192914,0.10862702317535877,0.01816602113922272,0.018781879583912087,0.12895551696419716
542,542,4.035440921783447,4.048422336578369,0.0002,2.772299540644816,0.10881592333316803,0.01815603709746938,0.018772955657368584,0.12923777475953102
543,543,4.047626972198486,4.052248001098633,0.0002,2.8020875080132996,0.10909578204154968,0.018150183694615407,0.018768063104289467,0.12952261790633202
544,544,4.038046836853027,4.039965629577637,0.0002,2.8281848661223923,0.10936763323843479,0.01815187689544473,0.01876835144685174,0.12980246171355247
545,545,4.039740085601807,4.0540242195129395,0.0002,2.8512424716665743,0.10952707566320896,0.01815813897701446,0.018773877513922343,0.13007914647459984
546,546,4.0378618240356445,4.037804126739502,0.0002,2.87017227604714,0.10958540439605713,0.018157702586449886,0.018772304754747893,0.13035594671964645
547,547,4.034527778625488,4.0314741134643555,0.0002,2.8890860264387785,0.10980706103146076,0.01814021355130535,0.01875385015136999,0.13062671944499016
548,548,4.029000282287598,4.0355730056762695,0.0002,2.688086627140416,0.11010213196277618,0.018134869349978544,0.01874780273374199,0.1309046857059002
549,549,4.0318498611450195,4.042579650878906,0.0002,2.725236224308006,0.11023658141493797,0.01814578574430925,0.018759356192276755,0.13118278980255127
550,550,4.034572601318359,4.039309501647949,0.0002,2.7587102775178294,0.11040996201336384,0.018147958524423302,0.018766079864690255,0.13146097213029861
551,551,4.026094436645508,4.031586647033691,0.0002,2.7881912163428355,0.11071305721998215,0.018147899725590833,0.01876251043722732,0.13173877820372581
552,552,4.04198694229126,4.035057067871094,0.0002,2.815186758291543,0.11074700392782688,0.01814325536861361,0.018757220372208394,0.1320226676762104
553,553,4.0364837646484375,4.038829803466797,0.0002,2.839168584328542,0.11099821701645851,0.018138874396754545,0.0187529122322303,0.1323070041835308
554,554,4.034945487976074,4.031225204467773,0.0002,2.8610451897269122,0.1111782118678093,0.01814442360728208,0.018755151763798494,0.13258745521306992
555,555,4.038796901702881,4.031250476837158,0.0002,2.6637954451931125,0.11144216358661652,0.018131317598999885,0.018743836848443607,0.13285912945866585
556,556,4.05178689956665,4.032977104187012,0.0002,2.7028348161241462,0.1115310862660408,0.01812374176188314,0.018736471896772855,0.13313573971390724
557,557,4.035287380218506,4.050924777984619,0.0002,2.7380486459667805,0.11161221005022526,0.01813182683690684,0.01874556368966296,0.13341818377375603
558,558,4.028912544250488,4.031786918640137,0.0002,2.7694971399299617,0.11180651746690273,0.01813538405167492,0.018748919644167472,0.13369734585285187
559,559,4.026886463165283,4.041374683380127,0.0002,2.7981083902929456,0.11228837072849274,0.01814303875198675,0.01875393341651943,0.13396359980106354
560,560,4.029924392700195,4.031215190887451,0.0002,2.8238163573023334,0.1123487837612629,0.01813726235741342,0.018753776706944336,0.13422589749097824
561,561,4.033514976501465,4.0449347496032715,0.0002,2.630454207181594,0.11252325214445591,0.018132028052605165,0.01874637392575096,0.13449808955192566
562,562,4.025803565979004,4.041783332824707,0.0002,2.6731484228642697,0.11273506283760071,0.01811613443760507,0.018729288491158513,0.1347734071314335
563,563,4.030890464782715,4.032215118408203,0.0002,2.7120074036040234,0.11316989921033382,0.018107255328231986,0.01872164873566362,0.13504544645547867
564,564,4.032950401306152,4.032461643218994,0.0002,2.74685101083849,0.11300459504127502,0.018123868956081424,0.01873581234121957,0.13531678169965744
565,565,4.043496608734131,4.027997970581055,0.0002,2.7781054759678945,0.11324676498770714,0.018130255827145447,0.018741821873845765,0.1355895809829235
566,566,4.026188373565674,4.039603233337402,0.0002,2.5905674047807623,0.11337974295020103,0.018115467502866522,0.018730211348156445,0.13586190342903137
567,567,4.024583339691162,4.030442714691162,0.0002,2.636899038029297,0.11352653056383133,0.018114019184395147,0.01872905657000956,0.1361333392560482
568,568,4.031472682952881,4.0480451583862305,0.0002,2.678869073560807,0.11350790597498417,0.01810715954115949,0.018721551180533424,0.13640519976615906
569,569,4.030581474304199,4.043155670166016,0.0002,2.7164160191177924,0.11382297240197659,0.018103627930486255,0.018714888796239393,0.136673204600811
570,570,4.030745983123779,4.035353660583496,0.0002,2.7504467959614294,0.11437761783599854,0.01809105963775437,0.01870024765139533,0.13693981617689133
571,571,4.03977108001709,4.0286126136779785,0.0002,2.7812521194007136,0.11412480100989342,0.018096054191573785,0.018704411660110054,0.13720521703362465
572,572,4.024867057800293,4.029102802276611,0.0002,2.8087631474573485,0.11448423936963081,0.01810089032369433,0.0187096898771415,0.1374710462987423
573,573,4.034543514251709,4.044516086578369,0.0002,2.833523240775789,0.11467488296329975,0.018098874039878865,0.018707689588154608,0.13772863522171974
574,574,4.0264973640441895,4.027951240539551,0.0002,2.85584901120274,0.11485293135046959,0.018095040968546527,0.018703656292927917,0.13799582049250603
575,575,4.022712707519531,4.047845840454102,0.0002,2.6500433580388116,0.11508751846849918,0.018085303679981735,0.018695091922381835,0.13826414197683334
576,576,4.026670455932617,4.034963607788086,0.0002,2.6906098980038164,0.1150287576019764,0.018098286945132713,0.01870733353553078,0.1385354921221733
577,577,4.040674686431885,4.024817943572998,0.0002,2.727455808084371,0.1152401752769947,0.018098877327247465,0.01870719249745889,0.13879622519016266
578,578,4.031627655029297,4.0252790451049805,0.0002,2.5433008554957017,0.11592502146959305,0.018098263184128882,0.01869921332672675,0.13905366137623787
579,579,4.026306629180908,4.030850410461426,0.0002,2.59676329449,0.11576335318386555,0.018085652737227065,0.018693675222493766,0.1393093317747116
580,580,4.031236171722412,4.039093971252441,0.0002,2.6450167607717052,0.11574419215321541,0.01808487734706432,0.018694182805120363,0.13957419991493225
581,581,4.027993679046631,4.035980224609375,0.0002,2.68836625424571,0.11632478050887585,0.018084987744259706,0.01869323651499144,0.13983913883566856
582,582,4.041675567626953,4.03541898727417,0.0002,2.7272059522631165,0.11635373346507549,0.018081195756622037,0.018685141641071823,0.1401047632098198
583,583,4.026463031768799,4.029740333557129,0.0002,2.7616300147690094,0.1163739487528801,0.01807508887623044,0.01868405097775394,0.14036988839507103
584,584,4.024993896484375,4.030128479003906,0.0002,2.792647658087053,0.11661106161773205,0.018076152380672283,0.018684819887312187,0.1406371369957924
585,585,4.020166873931885,4.020386695861816,0.0002,2.821238836243897,0.11692090332508087,0.01807939850505136,0.018687546783439757,0.14090632274746895
586,586,4.0293989181518555,4.028337001800537,0.0002,2.6266205328612577,0.1168774776160717,0.01806575654518383,0.018674298596124572,0.14116863161325455
587,587,4.025607585906982,4.029580116271973,0.0002,2.670914682523897,0.11715026944875717,0.01805551403640493,0.01866760148186586,0.14142876863479614
588,588,4.0161237716674805,4.025252342224121,0.0002,2.710998766045346,0.1173228919506073,0.018061045958347677,0.018669862611204735,0.14168886095285416
589,589,4.025747299194336,4.028303146362305,0.0002,2.747512888930623,0.11739493161439896,0.01806143785142922,0.018670951974854688,0.14195431768894196
590,590,4.0236687660217285,4.022589206695557,0.0002,2.780131825288792,0.1174154244363308,0.018064505624352023,0.018676164009775675,0.14221838489174843
591,591,4.021939277648926,4.0200886726379395,0.0002,2.809969471287157,0.1180269904434681,0.01805972106058107,0.018671481098863296,0.14248263090848923
592,592,4.021310329437256,4.020122051239014,0.0002,2.610131872264835,0.11799946613609791,0.018064079867599503,0.018676413251341728,0.14274484291672707
593,593,4.021252632141113,4.019282817840576,0.0002,2.653290878057932,0.11826345883309841,0.01805685999443085,0.018668931708816672,0.14301427453756332
594,594,4.023528099060059,4.018497943878174,0.0002,2.474532899265649,0.11800450831651688,0.018051265399208205,0.018662462624888576,0.143284160643816
595,595,4.023383617401123,4.018604278564453,0.0002,2.3086322533725565,0.11856240779161453,0.018050100489290344,0.01866248502574308,0.14355937018990517
596,596,4.024930000305176,4.027599811553955,0.0002,2.3770747857000516,0.11896698363125324,0.01806228245186503,0.018678071925023687,0.14383595809340477
597,597,4.025110244750977,4.036862850189209,0.0002,2.438024605896573,0.11887087486684322,0.018059026044738857,0.018670750944693282,0.14410755410790443
598,598,4.015563011169434,4.032003402709961,0.0002,2.49351613749147,0.11882534436881542,0.01805272283309023,0.018665274707927892,0.14438167586922646
599,599,4.0184245109558105,4.033690452575684,0.0002,2.5442681348921607,0.11955730430781841,0.01803599153072355,0.018644916676748835,0.1446550041437149
600,600,4.018838405609131,4.0103440284729,0.0002,2.5900321341862496,0.11931502260267735,0.018039454568224755,0.01865363193246594,0.14492859691381454
601,601,4.0184407234191895,4.017416477203369,0.0002,2.4124211294937994,0.11988790705800056,0.018048052864287456,0.018659206929442007,0.1452053152024746
602,602,4.015475749969482,4.034139633178711,0.0002,2.4787783752715904,0.11973761767148972,0.018051518812626455,0.01866863263057894,0.14548266306519508
603,603,4.021097660064697,4.034878730773926,0.0002,2.5388117392781817,0.11991371773183346,0.018035887102541892,0.018650487973900454,0.14575377106666565
604,604,4.015206336975098,4.018259525299072,0.0002,2.592750022907795,0.1199986208230257,0.01802181938001013,0.018639810298736847,0.1460282802581787
605,605,4.0116963386535645,4.014125347137451,0.0002,2.641284590824464,0.12050668150186539,0.018014666020917502,0.018630200234838412,0.14631613716483116
606,606,4.017485618591309,4.017965793609619,0.0002,2.684887648284463,0.12093242071568966,0.01803179446778813,0.018645610745807062,0.14660250395536423
607,607,4.02553129196167,4.017910003662109,0.0002,2.724043871481528,0.12085438333451748,0.018028397783837136,0.018641266851773253,0.14688372611999512
608,608,4.0232319831848145,4.016861915588379,0.0002,2.758967730307806,0.12119795940816402,0.01803087545431481,0.01864249001846474,0.14716245606541634
609,609,4.01492977142334,4.025832176208496,0.0002,2.790494735494558,0.1213427372276783,0.018023214548520627,0.01863395100190246,0.14744345843791962
610,610,4.015535831451416,4.015230655670166,0.0002,2.819219208865933,0.1218310259282589,0.018032406528163847,0.01864041395674576,0.14771924540400505
611,611,4.024024963378906,4.023343563079834,0.0002,2.8444426246346817,0.12133431434631348,0.018024789132596197,0.01863360355127952,0.1479995734989643
612,612,4.010426044464111,4.009777069091797,0.0002,2.867734479032544,0.12182402610778809,0.018028683685315627,0.018635569621437753,0.148287583142519
613,613,4.012755870819092,4.018212795257568,0.0002,2.6721859349314308,0.1219081524759531,0.018026195637958153,0.018635134755641047,0.14857380092144012
614,614,4.00799036026001,4.013554573059082,0.0002,2.712776570713963,0.12202873267233372,0.018035521982710634,0.018643326477103983,0.14886194095015526
615,615,4.011285781860352,4.018233299255371,0.0002,2.7491493508472207,0.12253103405237198,0.018038942745988606,0.018646852471647435,0.14914564788341522
616,616,4.0073065757751465,4.0172834396362305,0.0002,2.7816952669603854,0.12255068309605122,0.01803335817885454,0.018645747774826305,0.14942200481891632
617,617,4.019730567932129,4.009461879730225,0.0002,2.811305652232536,0.12271656468510628,0.01802749083890376,0.018636565293491003,0.14971281588077545
618,618,4.016369342803955,4.017347812652588,0.0002,2.6198009844118983,0.12303840927779675,0.0180206004260981,0.018634093717082578,0.14999712258577347
619,619,4.026859283447266,4.019731521606445,0.0002,2.6575002348111942,0.12294137477874756,0.018025502894033707,0.018635019254361396,0.15028535947203636
620,620,4.018682956695557,4.01835298538208,0.0002,2.6920647817664034,0.12304363399744034,0.018013684437846678,0.018625383734615752,0.15056544542312622
621,621,4.013443470001221,4.024204730987549,0.0002,2.723808512900844,0.12380603514611721,0.018011192960784683,0.01861950217789854,0.1508410982787609
622,622,4.011429309844971,4.019418716430664,0.0002,2.751995254893572,0.12385103665292263,0.018002401192916295,0.018613667460158467,0.15111573413014412
623,623,4.011216640472412,4.01336669921875,0.0002,2.776943583377793,0.12358750216662884,0.01800929341925439,0.01862267180604249,0.15139511600136757
624,624,4.0036115646362305,4.019322395324707,0.0002,2.799786264065427,0.12399423308670521,0.01799057367043133,0.01860293494337384,0.151661466807127
625,625,3.9998295307159424,4.019075393676758,0.0002,2.820587657122203,0.1243379469960928,0.017996303780364542,0.01860664718606131,0.15193632245063782
626,626,4.006965637207031,3.9971022605895996,0.0002,2.8396834197637726,0.1240596603602171,0.01799778773647631,0.01861210368861066,0.15220829844474792
627,627,4.007194519042969,4.012389659881592,0.0002,2.645303876721854,0.12451977096498013,0.017994760304191004,0.01860951589878823,0.15248113125562668
628,628,4.012083053588867,4.025145530700684,0.0002,2.679210291196877,0.12473209016025066,0.01798421359535496,0.018599944311063155,0.1527569442987442
629,629,4.021685600280762,4.008955001831055,0.0002,2.7098373141723977,0.1248642448335886,0.017976826060021267,0.018588454923701647,0.1530369408428669
630,630,4.0090460777282715,4.0189290046691895,0.0002,2.7373517705125296,0.12498993426561356,0.017977729213271232,0.018591944496620272,0.1533212810754776
631,631,4.006863117218018,4.00748348236084,0.0002,2.7619222144557423,0.12515715137124062,0.01798595435457173,0.018600138542751665,0.15360425785183907
632,632,4.026793003082275,4.008450984954834,0.0002,2.784036894825669,0.12575383111834526,0.017976974003886426,0.01859281013821601,0.15388033539056778
633,633,4.009068489074707,4.040802001953125,0.0002,2.8031197585084677,0.12575392797589302,0.017990858572375146,0.018607819213684706,0.15416593849658966
634,634,4.020720481872559,4.0205607414245605,0.0002,2.821563648454322,0.12574567273259163,0.017995361346038408,0.01861078008187178,0.1544523499906063
635,635,4.01777982711792,4.014075756072998,0.0002,2.837879984457449,0.12606805562973022,0.017985154845064244,0.01859644964861218,0.15473487228155136
636,636,4.001431941986084,4.009209156036377,0.0002,2.85257382317615,0.126089196652174,0.017991581820297142,0.018604270809191803,0.15502557903528214
637,637,4.0066328048706055,4.015869140625,0.0002,2.8655884442341164,0.12665042653679848,0.017979196128635522,0.018590835564282315,0.15530577674508095
638,638,4.0074238777160645,4.014714241027832,0.0002,2.877299522344639,0.12691348418593407,0.017986502274197846,0.018598335538626998,0.15559357404708862
639,639,4.00074577331543,4.007834434509277,0.0002,2.8874377944742524,0.12680984660983086,0.017977748964312923,0.01859513998260809,0.15587789192795753
640,640,4.013684272766113,4.012823581695557,0.0002,2.8968520950400074,0.12668439000844955,0.017979624962663365,0.0185947436002607,0.15617140755057335
641,641,4.012775897979736,4.027576446533203,0.0002,2.9055072526986296,0.12722789496183395,0.0179672568483511,0.018581804795758217,0.15645651146769524
642,642,3.9996864795684814,4.028972625732422,0.0002,2.912990063415311,0.12753009796142578,0.017965832268600934,0.018576294203739963,0.15674452111124992
643,643,4.002933502197266,4.032303810119629,0.0002,2.920174657451292,0.12790358811616898,0.017955091014755453,0.018566933908914507,0.1570301428437233
644,644,4.007114410400391,4.002498149871826,0.0002,2.9261050941356808,0.12812446430325508,0.01797580266611476,0.01858775803793833,0.15731534361839294
645,645,4.00011682510376,4.012805938720703,0.0002,2.9317673884291353,0.1279422976076603,0.01797585808481017,0.018585288670692535,0.15759272873401642
646,646,3.999178409576416,4.009387016296387,0.0002,2.9369182061596546,0.1281426064670086,0.01798419404622109,0.018593339230392303,0.15788094699382782
647,647,4.009566307067871,4.012972831726074,0.0002,2.9417002083658272,0.12803040072321892,0.01798424125809106,0.0185963612229898,0.15816605463624
648,648,4.010470867156982,4.007991790771484,0.0002,2.9463021127495272,0.12845171615481377,0.017983532963171456,0.01859378294648195,0.1584487520158291
649,649,4.007453441619873,4.016191005706787,0.0002,2.9505725250064057,0.12878070771694183,0.017980549544518,0.018593937409605132,0.15872935578227043
650,650,3.993244171142578,4.001953601837158,0.0002,2.952554602028731,0.12887875363230705,0.017987928251841367,0.018596771394186362,0.15900475531816483
651,651,4.013921737670898,4.006931304931641,0.0002,2.9543403763079845,0.12868890911340714,0.017976515059672238,0.018588198994621052,0.15927883610129356
652,652,4.001656532287598,4.003749370574951,0.0002,2.953257416294441,0.1294439435005188,0.017987489791266853,0.018598040514007153,0.15955402329564095
653,653,4.015994548797607,4.02250862121582,0.0002,2.9547362464132982,0.12941544502973557,0.017987785819059354,0.018597634913021466,0.15983232483267784
654,654,4.003775596618652,3.997783899307251,0.0002,2.958231093513103,0.1293930821120739,0.0179877001614841,0.01860381890764984,0.16010889783501625
655,655,3.997974395751953,3.9977502822875977,0.0002,2.9611033214515974,0.12987245246767998,0.01798176477495872,0.018591793232189957,0.16038905084133148
656,656,4.005072116851807,4.017116546630859,0.0002,2.9632299423782396,0.1298394836485386,0.01797473801070737,0.01858024394550739,0.1606651097536087
657,657,4.008984565734863,4.023000240325928,0.0002,2.965679033963653,0.13058699294924736,0.017982064121497388,0.01859188070102391,0.16095467284321785
658,658,4.004013538360596,4.009522438049316,0.0002,2.9678626606156144,0.1303568035364151,0.017976175842932207,0.018588159564387752,0.16122977063059807
659,659,4.001416206359863,4.01046085357666,0.0002,2.9703175340762074,0.13065919652581215,0.017970239129226684,0.01858135458041943,0.16150514781475067
660,660,4.001739978790283,4.018005847930908,0.0002,2.9723370946933323,0.1306520365178585,0.01797618225282349,0.01858248495409498,0.16178930923342705
661,661,3.993576765060425,4.023496150970459,0.0002,2.9743962492604226,0.13065795227885246,0.0179693067198059,0.018576695383671904,0.16207193955779076
662,662,4.002873420715332,4.011938571929932,0.0002,2.9759810699095484,0.13100891932845116,0.017977161588987656,0.01858868773888389,0.1623488813638687
663,663,4.007367134094238,4.013460636138916,0.0002,2.9773832792713115,0.13114488497376442,0.01796446694243059,0.018576197019683605,0.16262187063694
664,664,3.9920499324798584,4.014220237731934,0.0002,2.9786882204165495,0.13134576380252838,0.0179681332506334,0.01857483987350861,0.1628975309431553
665,665,4.001453876495361,4.006986141204834,0.0002,2.979867172567267,0.13203204795718193,0.017974345520315183,0.01858204775089689,0.16317207738757133
666,666,4.01104211807251,4.014074325561523,0.0002,2.9807825255207145,0.13166599348187447,0.017986439494507067,0.018595617088976724,0.1634524203836918
667,667,3.9986605644226074,4.004716396331787,0.0002,2.981546398132858,0.1321111135184765,0.017986113591177855,0.018595467924569675,0.16373486816883087
668,668,4.002370357513428,4.006295680999756,0.0002,2.9823759906872778,0.13219192996621132,0.01798118191618414,0.01859709984546498,0.16401097923517227
669,669,3.9991307258605957,4.0055952072143555,0.0002,2.983230580686957,0.13242676854133606,0.017990607076626475,0.018601804294121393,0.16428637132048607
670,670,4.000587463378906,4.016116142272949,0.0002,2.9835611303982534,0.1327032335102558,0.01799198580920347,0.018600531469019188,0.16457125544548035
671,671,4.014493942260742,4.006242752075195,0.0002,2.983809206803871,0.1327531933784485,0.017980176544824644,0.018592840348901518,0.16484864056110382
672,672,4.004277229309082,4.007180213928223,0.0002,2.984004404255117,0.13281352072954178,0.01798586213726594,0.01859455660360254,0.1651286669075489
673,673,4.006462574005127,4.006035327911377,0.0002,2.9839163092572205,0.13278434053063393,0.01797642986593928,0.01858961708694551,0.1654079370200634
674,674,3.987631320953369,4.002096652984619,0.0002,2.9840345690836405,0.1328500472009182,0.017985464001867513,0.01859571032855456,0.16568931937217712
675,675,3.987839698791504,4.012176036834717,0.0002,2.9843582359143457,0.1334952414035797,0.017982391824261867,0.01859313922614092,0.16596205160021782
676,676,3.9814281463623047,3.993945837020874,0.0002,2.9841830514555183,0.13376261293888092,0.01799258764958722,0.018603974013785773,0.16624457389116287
677,677,4.011645793914795,4.001814365386963,0.0002,2.7772619005433334,0.13358258828520775,0.018000883402237378,0.018605803452373948,0.16652513667941093
678,678,4.000101566314697,4.004648208618164,0.0002,2.7981434292731056,0.13412823900580406,0.018002482363954186,0.018609469294460723,0.1668061576783657
679,679,3.984727144241333,4.005231857299805,0.0002,2.8175639427991603,0.13379481062293053,0.01800899402496725,0.01861819561690936,0.1670801155269146
680,680,3.9801480770111084,4.004122734069824,0.0002,2.8344141443229076,0.13418109714984894,0.018014786794083193,0.018619595683958323,0.1673562005162239
681,681,4.00609827041626,3.9992306232452393,0.0002,2.849999105971821,0.13447701930999756,0.017998980894390115,0.018607967061143427,0.16762542724609375
682,682,3.990633726119995,4.004887104034424,0.0002,2.8632561533184573,0.134591244161129,0.017998902570980135,0.018607993339173845,0.16790205240249634
683,683,3.992365837097168,4.004515171051025,0.0002,2.875361891978621,0.1346660777926445,0.017995278417856753,0.018605563382152468,0.16817280650138855
684,684,4.016181945800781,3.9952945709228516,0.0002,2.886525213662928,0.13490549847483635,0.01800021969165755,0.018606419946081587,0.16844011470675468
685,685,3.9931018352508545,4.001362323760986,0.0002,2.8962308359741744,0.13508935645222664,0.018016383342001063,0.018624699877364037,0.1687127947807312
686,686,3.994729518890381,4.00574254989624,0.0002,2.905962999653453,0.13493968546390533,0.018017013833741657,0.01862404872190382,0.1689855046570301
687,687,3.999582290649414,3.990980863571167,0.0002,2.9143546312191377,0.13569102436304092,0.018024890679953387,0.018624878653099586,0.16926103830337524
688,688,3.994386911392212,4.00221061706543,0.0002,2.7109355216288007,0.13547774776816368,0.018020312802946137,0.018624511564667046,0.16953841224312782
689,689,3.997286319732666,4.0051798820495605,0.0002,2.7469389403580715,0.13523664698004723,0.017996431800384016,0.018607857529786997,0.1698118895292282
690,690,3.9948859214782715,3.994504690170288,0.0002,2.7798759014389964,0.13610266149044037,0.01800581593079187,0.018615006286381686,0.17008862271904945
691,691,3.9867517948150635,4.003259181976318,0.0002,2.809349162492983,0.13591066002845764,0.018012217322393553,0.018622389048687182,0.17035644128918648
692,692,4.002478122711182,3.9878921508789062,0.0002,2.8356945784776744,0.13618120923638344,0.018000862001827045,0.01861410224591964,0.17063213139772415
693,693,3.991209030151367,3.988105058670044,0.0002,2.638312163041329,0.1365613229572773,0.018001078726229025,0.018615807414789742,0.17090750485658646
694,694,3.994126081466675,3.997222661972046,0.0002,2.6724264534130664,0.13674132525920868,0.018000858844516188,0.0186134999657952,0.1711893416941166
695,695,3.990905284881592,4.011474132537842,0.0002,2.7036603557219943,0.13676606863737106,0.018017340810729365,0.01862538401655911,0.17146845906972885
696,696,3.988863468170166,3.9801433086395264,0.0002,2.7318734857686615,0.13703647628426552,0.018017588344264368,0.018632515906574554,0.1717464029788971
697,697,3.992889165878296,3.989079713821411,0.0002,2.548688869622575,0.1370440050959587,0.018032502933237993,0.01864401795228332,0.17202164605259895
698,698,3.9952006340026855,3.9961354732513428,0.0002,2.593153142974213,0.13747423887252808,0.018027570591129916,0.018639286776306108,0.1722969450056553
699,699,3.9919662475585938,4.004641532897949,0.0002,2.632776391961126,0.1373666599392891,0.018017635726209846,0.01862823394003499,0.17257142066955566
700,700,3.9918057918548584,3.993655204772949,0.0002,2.668434904337772,0.13737016171216965,0.01802644381768914,0.01863221543680993,0.1728498861193657
701,701,3.9851386547088623,4.001315116882324,0.0002,2.70086155562466,0.1376476027071476,0.018027475834514917,0.018638651294168085,0.173125509172678
702,702,4.0010809898376465,4.012365818023682,0.0002,2.7300913122411776,0.13787541165947914,0.01802914621111995,0.018639936219187803,0.17340512946248055
703,703,4.001854419708252,4.007404804229736,0.0002,2.7565129032400324,0.13837895169854164,0.01803514210769208,0.018644063489773544,0.17368705198168755
704,704,3.9784247875213623,3.993518829345703,0.0002,2.7801485140250453,0.13807443901896477,0.018021733008026786,0.018633615653016022,0.17396944016218185
705,705,3.9754884243011475,3.9993720054626465,0.0002,2.8013690023795226,0.13852974399924278,0.018006160959430417,0.018615736600622768,0.17425745353102684
706,706,3.981790542602539,4.004836559295654,0.0002,2.821122946658743,0.13865387439727783,0.01800445882099666,0.018611622852404253,0.17454445734620094
707,707,3.9906504154205322,4.003631591796875,0.0002,2.8382002459280997,0.13889755308628082,0.018027154634182807,0.018637639810549445,0.17483503744006157
708,708,3.9786159992218018,3.990138292312622,0.0002,2.8537767493379924,0.13910795375704765,0.01803294896717489,0.018646600654392387,0.1751246675848961
709,709,3.980473518371582,3.9890825748443604,0.0002,2.8681075104512668,0.13933369517326355,0.01804357509718102,0.01865469636686612,0.17541225254535675
710,710,3.9856646060943604,3.9873859882354736,0.0002,2.880614444666202,0.13914749026298523,0.018039782160940376,0.01865443286806112,0.17570772022008896
711,711,3.983036994934082,3.980552911758423,0.0002,2.8918057399265713,0.13983331993222237,0.018027663778411807,0.018641552758708713,0.17600073292851448
712,712,3.9853463172912598,4.008603096008301,0.0002,2.9017348992941026,0.1398576721549034,0.017998806132709433,0.018616932027725852,0.1762983202934265
713,713,3.994295120239258,3.998694658279419,0.0002,2.911050215141291,0.1399861015379429,0.01799872518176926,0.0186119739064452,0.17659718170762062
714,714,3.987640380859375,3.9807019233703613,0.0002,2.9190756930748027,0.14025403931736946,0.017996170336573414,0.01860479333481635,0.17689617350697517
715,715,3.981384038925171,4.018357753753662,0.0002,2.9265988459902945,0.14012853801250458,0.01799424437831476,0.01862762653399841,0.17718559131026268
716,716,3.9822208881378174,3.9945783615112305,0.0002,2.9332460084799497,0.1403147503733635,0.01801481255552062,0.01863066522855661,0.17749467119574547
717,717,3.989724636077881,3.9943056106567383,0.0002,2.9396154609656384,0.14080548658967018,0.01801424088262138,0.01862396683100087,0.1777999810874462
718,718,3.998899459838867,3.9944145679473877,0.0002,2.9454446336399496,0.1408064141869545,0.018006652402618784,0.018613328524224926,0.17810837924480438
719,719,3.9770543575286865,3.9814178943634033,0.0002,2.950359770116136,0.14093930274248123,0.01800741020588248,0.018615586590385647,0.1784113459289074
720,720,3.9968929290771484,3.993490219116211,0.0002,2.9544375506750225,0.14152399078011513,0.018016875002103916,0.01861779051978374,0.17871670052409172
721,721,3.9791247844696045,3.979310989379883,0.0002,2.958415323333778,0.14175433292984962,0.018028331730874925,0.0186278626024432,0.17902163788676262
722,722,3.977071762084961,3.991387367248535,0.0002,2.741566709487522,0.14196215197443962,0.01802206441425369,0.01861924661170633,0.1793350875377655
723,723,3.9866983890533447,4.006019592285156,0.0002,2.7654285531408647,0.14187690243124962,0.0180112935076977,0.018626067916557076,0.17962466925382614
724,724,3.9837801456451416,3.984987258911133,0.0002,2.7871172100376174,0.14227702096104622,0.018014079471868172,0.01861071429812,0.17992890253663063
725,725,3.9882235527038574,4.010461807250977,0.0002,2.806592521651529,0.14259709417819977,0.018025464349648246,0.018626220398800797,0.1802227534353733
726,726,3.983994483947754,3.993785858154297,0.0002,2.823405333977562,0.1425350047647953,0.018040686323274713,0.0186423571776686,0.18051806464791298
727,727,3.987293004989624,4.004910469055176,0.0002,2.839298553121117,0.14271628484129906,0.018046292806957354,0.0186669641007029,0.18080022558569908
728,728,3.9866275787353516,3.9819653034210205,0.0002,2.8533916867076963,0.14291824400424957,0.018034981690107088,0.0186391193401505,0.18109629303216934
729,729,3.9789562225341797,3.981367826461792,0.0002,2.8658444574734947,0.14268731325864792,0.018038806573713373,0.01863604249410855,0.18138118088245392
730,730,3.9866485595703125,3.9810118675231934,0.0002,2.877574918922325,0.14339818432927132,0.018043430223315227,0.018642686376551865,0.1816788986325264
731,731,3.9728453159332275,3.98275089263916,0.0002,2.8880761455311244,0.14332834258675575,0.01803372960011984,0.018641558310264372,0.18195927888154984
732,732,3.9980530738830566,3.9985318183898926,0.0002,2.897538293448407,0.14348307996988297,0.018047415966975677,0.018647135639184853,0.18224560841917992
733,733,3.9890787601470947,3.9783811569213867,0.0002,2.906481888174974,0.14393845573067665,0.018058626803394873,0.018656874815860647,0.1825261153280735
734,734,3.9806437492370605,3.98846173286438,0.0002,2.706400616341481,0.14437364041805267,0.018062522936361347,0.018662328577192966,0.18280987814068794
735,735,3.9906506538391113,3.9790844917297363,0.0002,2.7346389975913614,0.14400000870227814,0.018069073355491128,0.018681515315620345,0.18309182301163673
736,736,3.9761946201324463,3.982884168624878,0.0002,2.7607283058811976,0.14366572350263596,0.018069928132263158,0.018665695668460103,0.18338214978575706
737,737,3.980020761489868,3.9789059162139893,0.0002,2.7843794268258977,0.14426424726843834,0.01806606276841194,0.01866828396669007,0.18366889283061028
738,738,3.977034568786621,3.983537435531616,0.0002,2.805261264889908,0.14444873854517937,0.018060286980471574,0.018679255354072666,0.18394754454493523
739,739,3.964064359664917,3.991589069366455,0.0002,2.8240574982481514,0.1446594074368477,0.018061853716062615,0.01866722081467742,0.18423061072826385
740,740,3.9988396167755127,3.9915130138397217,0.0002,2.8409836190882958,0.14490997418761253,0.018058140178709436,0.018663236289285123,0.18451697006821632
741,741,3.9861598014831543,4.0119805335998535,0.0002,2.856847476032587,0.14530086889863014,0.018053958366635925,0.018659567893337226,0.18481406569480896
742,742,3.981382131576538,3.9735143184661865,0.0002,2.8707119004348436,0.145673219114542,0.0180617785740651,0.01867804246103333,0.18511191383004189
743,743,3.9724321365356445,3.996952533721924,0.0002,2.6644708543598434,0.1454809606075287,0.018055017782444338,0.018660111198187224,0.18539558723568916
744,744,3.9700076580047607,3.9777002334594727,0.0002,2.6972882708878725,0.14572178572416306,0.018058491614283412,0.01867266042791016,0.1856803558766842
745,745,3.9736196994781494,3.9691381454467773,0.0002,2.7262725999317965,0.14527764916419983,0.018052687325962324,0.018683538291952573,0.18596123531460762
746,746,3.994929075241089,3.9815385341644287,0.0002,2.5267468832594107,0.1456693410873413,0.01806571995075501,0.01868910681332636,0.18624475970864296
747,747,3.9669902324676514,3.9827401638031006,0.0002,2.5735793985334032,0.14634675532579422,0.018058157873383607,0.018672953672648873,0.18652177602052689
748,748,3.990082025527954,3.9819388389587402,0.0002,2.6162372710705117,0.1462923288345337,0.018059735121369158,0.018662858821699047,0.18680832907557487
749,749,3.9688994884490967,4.015741348266602,0.0002,2.652964480690446,0.14629434421658516,0.01806026083568213,0.018681544586797827,0.18709345161914825
750,750,3.970663070678711,3.9898569583892822,0.0002,2.687196864623191,0.14629380777478218,0.018072956819651154,0.018684923710679868,0.18737689033150673
751,751,3.9831199645996094,3.968900442123413,0.0002,2.718341003167262,0.146837517619133,0.01808070353081348,0.018713244440732524,0.18765581026673317
752,752,3.9649364948272705,3.9765636920928955,0.0002,2.5247462826654408,0.14735304191708565,0.01807716765688383,0.01869251378593617,0.18792830035090446
753,753,3.96697998046875,3.9819724559783936,0.0002,2.5711973556711474,0.1473991945385933,0.018089071434133075,0.018692963716603117,0.1882099211215973
754,754,3.969444990158081,3.9800100326538086,0.0002,2.612873637697187,0.1472080834209919,0.018083188555010565,0.018709570133069064,0.18850107491016388
755,755,3.9806182384490967,3.982510566711426,0.0002,2.6511922834416874,0.14759932458400726,0.01806023201379503,0.018697844318012358,0.18878330662846565
756,756,3.9759886264801025,3.97566294670105,0.0002,2.685303078600585,0.14747272804379463,0.018070391719902545,0.018687359404793824,0.1890711411833763
757,757,3.970402717590332,3.9587087631225586,0.0002,2.716331306533399,0.14776058495044708,0.018082791084907512,0.018698853096793755,0.18935148790478706
758,758,3.9776875972747803,3.981893539428711,0.0002,2.5255618353197806,0.14874717593193054,0.018090737185048056,0.01872186205946491,0.189644243568182
759,759,3.973599672317505,3.9822263717651367,0.0002,2.571469537423165,0.1479020118713379,0.018092532074206247,0.018752121042780345,0.18991639092564583
760,760,3.9738993644714355,3.9836325645446777,0.0002,2.6128969375062012,0.14858056977391243,0.01809243704792607,0.018733624116066494,0.19020609930157661
761,761,3.97019624710083,3.9793386459350586,0.0002,2.6505165475675314,0.14850184321403503,0.01810356463511198,0.018724945104622748,0.19048530235886574
762,762,3.972651720046997,3.9694266319274902,0.0002,2.6837404176768276,0.14881638064980507,0.018119371585271438,0.018730408713963698,0.19077666103839874
763,763,3.9875569343566895,3.999758243560791,0.0002,2.7132764299351573,0.14961013570427895,0.01811459975215257,0.018748384645732585,0.19106826931238174
764,764,3.9775550365448,3.979480743408203,0.0002,2.7403562675404913,0.14894113689661026,0.018124899698250374,0.018743926060778904,0.1913629174232483
765,765,3.9703807830810547,3.9780304431915283,0.0002,2.7609622632193975,0.14926119521260262,0.01812642802588016,0.01873924775281921,0.19164779782295227
766,766,3.980794906616211,3.9798102378845215,0.0002,2.7798812778768665,0.1495274193584919,0.01812649252860865,0.018758108370093396,0.19193681329488754
767,767,3.979123115539551,3.9745192527770996,0.0002,2.801108836758206,0.14993978291749954,0.018135597704258544,0.01875171279425558,0.192226380109787
768,768,3.9682507514953613,3.9610164165496826,0.0002,2.8200446009820315,0.15002168715000153,0.018131794761757192,0.018732779046331416,0.19251659139990807
769,769,3.962977170944214,3.963592767715454,0.0002,2.8370018585793626,0.15017835050821304,0.01812812492471494,0.01873985360180086,0.19280723109841347
770,770,3.9623117446899414,3.991978168487549,0.0002,2.853166630184397,0.15034619346261024,0.01811976570297702,0.018728880326307262,0.1931023672223091
771,771,3.9691524505615234,4.002757549285889,0.0002,2.866996566339885,0.15024251863360405,0.018116743162408966,0.018743531672953395,0.19339191913604736
772,772,3.968101978302002,3.974490165710449,0.0002,2.8793232857871014,0.15126583725214005,0.018122412611774052,0.018744800861895783,0.19368861988186836
773,773,3.970507860183716,3.982753276824951,0.0002,2.890374224592022,0.15026136115193367,0.01812457123742206,0.018745886483884533,0.1939851939678192
774,774,3.9604477882385254,3.9617538452148438,0.0002,2.9004966043755473,0.15129601955413818,0.018113599296611937,0.01876947091477632,0.19428132846951485
775,775,3.9934887886047363,3.988983154296875,0.0002,2.909472354763063,0.1513024903833866,0.01812268220783153,0.01876221568454639,0.19457081705331802
776,776,3.9738001823425293,3.9785573482513428,0.0002,2.9170678795206717,0.15116987749934196,0.01811947492797117,0.018740188583251438,0.1948615275323391
777,777,3.9640727043151855,3.9964094161987305,0.0002,2.924105235076206,0.15126804262399673,0.018121569044069474,0.018772927616737434,0.19515841454267502
778,778,3.9961647987365723,3.984361171722412,0.0002,2.9303215223126027,0.15146202221512794,0.018115075389232516,0.018776524142595008,0.19545936584472656
779,779,3.965390920639038,3.965339183807373,0.0002,2.936383329581238,0.15142565593123436,0.018130031467535446,0.01876053552769008,0.19575681164860725
780,780,3.978609561920166,3.976835250854492,0.0002,2.9412608193805765,0.15197604894638062,0.01813728319530128,0.018763041498459643,0.19605644792318344
781,781,3.9774837493896484,3.961581230163574,0.0002,2.946315473768308,0.1517660729587078,0.01814308447228541,0.018797842476487858,0.1963479407131672
782,782,3.9731223583221436,3.965895414352417,0.0002,2.9501059869307587,0.15226418524980545,0.01815222325740251,0.018778169873257866,0.19663887470960617
783,783,3.959291696548462,3.966625452041626,0.0002,2.953791207089885,0.15219081193208694,0.018156291673221858,0.018765242748486344,0.19691918417811394
784,784,3.9613170623779297,3.9650461673736572,0.0002,2.956962543929619,0.1526842713356018,0.018151806927107828,0.01879141748395341,0.19720904529094696
785,785,3.9643704891204834,3.9667983055114746,0.0002,2.9603707111050332,0.1530587039887905,0.018156965730668162,0.01878093295454164,0.19750024005770683
786,786,3.95801043510437,3.965252637863159,0.0002,2.9636102274116594,0.1528075523674488,0.018149681005525053,0.018778669924358837,0.19778171554207802
787,787,3.9830985069274902,3.9708163738250732,0.0002,2.966003946372199,0.15301989391446114,0.018143322319701838,0.01876122740759456,0.19806330651044846
788,788,3.9566617012023926,3.979447364807129,0.0002,2.968474819109602,0.15267674252390862,0.018135746148800536,0.01880460408574436,0.19834769517183304
789,789,3.952911853790283,3.967247486114502,0.0002,2.970406650333554,0.15375835821032524,0.018138670463031303,0.018799564120854484,0.19863661006093025
790,790,3.968137264251709,3.9552111625671387,0.0002,2.9718749141277474,0.15364054962992668,0.01814244451952618,0.018777797671646113,0.19891681894659996
791,791,3.954364538192749,3.9656920433044434,0.0002,2.766140511071953,0.153944443911314,0.01813226387002942,0.0188089894818404,0.199206855148077
792,792,3.973942756652832,3.9595067501068115,0.0002,2.7890439931580002,0.15408767014741898,0.018138895502488595,0.018792803553878912,0.19949502125382423
793,793,3.9605612754821777,3.9582595825195312,0.0002,2.809392494689478,0.1547626182436943,0.018148955200558703,0.018785114372803946,0.19979242235422134
794,794,3.96927547454834,3.9626355171203613,0.0002,2.827821875235482,0.15446855872869492,0.01814909109270957,0.018822501910108258,0.20008287951350212
795,795,3.9858484268188477,3.963949203491211,0.0002,2.8447513560194015,0.15441657602787018,0.018149296389765368,0.018798557168338448,0.2003726102411747
796,796,3.9562933444976807,3.9544124603271484,0.0002,2.859679360844176,0.1547265499830246,0.01816279167542234,0.018790895128404372,0.2006671391427517
797,797,3.960737943649292,3.960676431655884,0.0002,2.6647408304466156,0.15491650626063347,0.018157852312015166,0.018824228489393136,0.2009587176144123
798,798,3.943911552429199,3.948575973510742,0.0002,2.6971480832272667,0.15473223477602005,0.018171713091760466,0.01880439097112685,0.2012588568031788
799,799,3.9588305950164795,3.97267484664917,0.0002,2.5165361023646144,0.15500377118587494,0.018151550495986157,0.01879305473448767,0.20155568048357964
800,800,3.976396322250366,3.9723398685455322,0.0002,2.56451369789111,0.1559763066470623,0.018159912591272587,0.01878158387444273,0.20186080411076546
801,801,3.962466239929199,3.96335506439209,0.0002,2.6079305212023316,0.1553444154560566,0.01815348967011232,0.018812315563991433,0.20216144993901253
802,802,3.9721786975860596,3.9585137367248535,0.0002,2.647862645394471,0.15564878284931183,0.018152686049688782,0.01881901292290422,0.2024480327963829
803,803,3.98356032371521,3.953460454940796,0.0002,2.683513349439525,0.15604803711175919,0.01815588895487963,0.01878752033917408,0.20273160189390182
804,804,3.9639127254486084,3.9733693599700928,0.0002,2.7153147311134496,0.1560603529214859,0.018153615928895306,0.018833847791029257,0.20303652435541153
805,805,3.9770374298095703,3.996105670928955,0.0002,2.744268628964192,0.15598102658987045,0.018149088194149954,0.018835004590073368,0.203352153301239
806,806,3.9583609104156494,3.9588253498077393,0.0002,2.7699747089145625,0.15649228543043137,0.018139821630938968,0.018792542312439764,0.20364724099636078
807,807,3.952644109725952,3.96662974357605,0.0002,2.7934988397596823,0.1570803038775921,0.01811972544010132,0.018811940899468027,0.20394283160567284
808,808,3.9555907249450684,3.9578211307525635,0.0002,2.814243817150871,0.15703381970524788,0.018130589684460574,0.018788576066071982,0.20424667745828629
809,809,3.9760756492614746,3.966169834136963,0.0002,2.832902145173381,0.15687572583556175,0.018116435106549034,0.01882411011501972,0.20454420894384384
810,810,3.9489285945892334,3.9704079627990723,0.0002,2.8498726385662265,0.15698372572660446,0.018116849557372916,0.01880231657924014,0.20483550429344177
811,811,3.9876344203948975,3.975391149520874,0.0002,2.865278826954851,0.15755755081772804,0.01811695646301814,0.01878312524786452,0.2051263526082039
812,812,3.974339723587036,3.9570465087890625,0.0002,2.8791078719978285,0.157866932451725,0.018102348823504144,0.018799316796503263,0.2054213099181652
813,813,3.956854820251465,3.942394495010376,0.0002,2.892295165327168,0.15819886326789856,0.018108023700278864,0.018777904304442927,0.20572173967957497
814,814,3.9565818309783936,3.9661054611206055,0.0002,2.6838399836011853,0.15746822580695152,0.01810790147737862,0.018766376830171794,0.2060156650841236
815,815,3.953221321105957,3.9799420833587646,0.0002,2.7145385177793915,0.15814973413944244,0.01810669127280562,0.018802605012751883,0.20631112158298492
816,816,3.9591057300567627,3.9579222202301025,0.0002,2.7433093681810243,0.15831457823514938,0.018107773111751158,0.01876218835604959,0.20659583434462547
817,817,3.9521734714508057,3.9536101818084717,0.0002,2.7692970584947356,0.158221323043108,0.018120927902145922,0.018793441569869174,0.20690380036830902
818,818,3.959719657897949,3.968202590942383,0.0002,2.7927871080362467,0.1585099846124649,0.018105607370216603,0.01882251142342284,0.20720309019088745
819,819,3.960869550704956,3.955045461654663,0.0002,2.813919222026813,0.15827876701951027,0.018106971800534666,0.01879927154550387,0.20749957486987114
820,820,3.9619174003601074,3.9630987644195557,0.0002,2.832696388502683,0.15928757935762405,0.0181131982617444,0.018823322820026078,0.20780572295188904
821,821,3.95039701461792,3.978445053100586,0.0002,2.8496141577040612,0.1586882770061493,0.018117823939974187,0.01879815499887627,0.20810876786708832
822,822,3.9627459049224854,3.9832582473754883,0.0002,2.8650789926376388,0.1592303030192852,0.01811731292264085,0.018842962846974842,0.20842450112104416
823,823,3.9665310382843018,3.9591379165649414,0.0002,2.878568445405255,0.15943997353315353,0.018116623311016156,0.018828549078534706,0.20873389765620232
824,824,3.9367947578430176,3.9472458362579346,0.0002,2.890506038782371,0.15959561243653297,0.018112304363057774,0.018787503584462684,0.20903800800442696
825,825,3.952202796936035,3.959531545639038,0.0002,2.90169019186911,0.15967635810375214,0.018097669926191884,0.018787357770634117,0.20934193208813667
826,826,3.947275161743164,3.9746530055999756,0.0002,2.9118600849355003,0.15985152125358582,0.0180986207665228,0.01876511012596893,0.20964501798152924
827,827,3.9523444175720215,3.9597008228302,0.0002,2.921314992772536,0.1599263995885849,0.01811279056528292,0.018779584795993287,0.2099587619304657
828,828,3.956430673599243,3.9849236011505127,0.0002,2.9291915328260627,0.16115675121545792,0.018096093438089156,0.01881245536606002,0.21025679633021355
829,829,3.937737464904785,3.959728240966797,0.0002,2.936169372892838,0.16041941195726395,0.018106896798599337,0.018797708722559037,0.21057311445474625
830,830,3.958022117614746,3.951505422592163,0.0002,2.9424908592367327,0.16101981326937675,0.01808703084816443,0.01877996818984684,0.21088015660643578
831,831,3.950274705886841,3.9630866050720215,0.0002,2.948208201237488,0.1615469940006733,0.018076330612075253,0.01880652272302541,0.21119068562984467
832,832,3.957226037979126,3.946162700653076,0.0002,2.9532140015896067,0.16133374348282814,0.01806831104659068,0.01879102133534616,0.21150505170226097
833,833,3.9444327354431152,3.9420695304870605,0.0002,2.957929953778334,0.16093511506915092,0.018060772999888286,0.018833065274520777,0.21181313320994377
834,834,3.972456455230713,3.941575765609741,0.0002,2.7533891656312917,0.16188347339630127,0.018048594543415675,0.01879106551859877,0.21210864931344986
835,835,3.93125581741333,3.9558637142181396,0.0002,2.57027809160166,0.1622677482664585,0.018041837575765385,0.0187339413259906,0.21240999177098274
836,836,3.9540607929229736,3.946993112564087,0.0002,2.6136119172844285,0.16182448714971542,0.018048087390070577,0.018776812032228918,0.21272385492920876
837,837,3.969163656234741,3.9545938968658447,0.0002,2.587299967058299,0.16240369901061058,0.018040338702576264,0.018758751026325626,0.21302662417292595
838,838,3.933717966079712,3.9680302143096924,0.0002,2.628013436758974,0.1624491699039936,0.01804100036588352,0.018729121358774137,0.21333560347557068
839,839,3.953650951385498,3.9642019271850586,0.0002,2.665689016869456,0.16265732795000076,0.018036104370366957,0.01879325338086346,0.21363114193081856
840,840,3.951939821243286,3.94621205329895,0.0002,2.699793884035778,0.16342314705252647,0.01804603493974355,0.018784273825076525,0.21392562612891197
841,841,3.953080177307129,3.9339375495910645,0.0002,2.7300502256766674,0.16233713179826736,0.01805609722941881,0.018741423014944303,0.21422534063458443
842,842,3.9531564712524414,3.9615671634674072,0.0002,2.544777763110922,0.16319619119167328,0.01803267444984158,0.01876954559884325,0.2145306095480919
843,843,3.956293821334839,3.945739507675171,0.0002,2.589709739942644,0.16278363391757011,0.01801399938585746,0.018797104396071518,0.2148352414369583
844,844,3.9654107093811035,3.9594686031341553,0.0002,2.630411974878121,0.16316363587975502,0.018003741493430425,0.018738796146863024,0.2151448354125023
845,845,3.9609103202819824,3.9411070346832275,0.0002,2.6671948100683722,0.16237857937812805,0.018027887069365534,0.01875028728682082,0.21545467525720596
846,846,3.9534225463867188,3.952254295349121,0.0002,2.699931863415544,0.16380469873547554,0.018016079267908935,0.01879436004855961,0.2157479226589203
847,847,3.9340710639953613,3.962175130844116,0.0002,2.7295971835558737,0.16350606828927994,0.018017849388797913,0.018831983315976686,0.21604376286268234
848,848,3.946418285369873,3.9529318809509277,0.0002,2.7564576162654,0.16367676109075546,0.018033205752089998,0.018806414411301375,0.21635303273797035
849,849,3.944366931915283,3.946004867553711,0.0002,2.7805998245344754,0.1642821729183197,0.018036666519947175,0.018762009423880954,0.21664535254240036
850,850,3.946850538253784,3.935880184173584,0.0002,2.8026220657739116,0.164236381649971,0.018024220032657468,0.018810399562426028,0.21695056185126305
851,851,3.9548211097717285,3.9552154541015625,0.0002,2.822241966333226,0.1648007184267044,0.018003695710376633,0.018855082360460074,0.21723335981369019
852,852,3.9507765769958496,3.9591362476348877,0.0002,2.839263742531442,0.16428634524345398,0.018004113752340345,0.01882323754398385,0.21753355860710144
853,853,3.939410924911499,3.967012643814087,0.0002,2.8552440708235043,0.16501977667212486,0.018014593449152017,0.018753362683128216,0.2178095318377018
854,854,3.941307306289673,3.961388111114502,0.0002,2.8696208643315404,0.1651625707745552,0.01800778560254912,0.018762933288599015,0.2181183472275734
855,855,3.9407992362976074,3.951767921447754,0.0002,2.881914740064109,0.16495738178491592,0.01800597234023371,0.018843332618416753,0.21843034774065018
856,856,3.9502222537994385,3.9614639282226562,0.0002,2.8922650641551697,0.16525516659021378,0.017999946276631817,0.018809321394655854,0.21872209757566452
857,857,3.9457345008850098,3.9559459686279297,0.0002,2.903040119828383,0.16620473936200142,0.01800467105294956,0.01875178178306669,0.21901408582925797
858,858,3.956723213195801,3.9722516536712646,0.0002,2.912431777145602,0.1656976267695427,0.018006590838012926,0.018727657547060517,0.21930858120322227
859,859,3.948333740234375,3.9552557468414307,0.0002,2.9202864217633016,0.1661221645772457,0.017997286566696857,0.018785309825034346,0.21961556375026703
860,860,3.939897060394287,3.948368549346924,0.0002,2.92707098544731,0.16657402366399765,0.018002287647505,0.018835063645383343,0.219923984259367
861,861,3.942023754119873,3.950610637664795,0.0002,2.9327873894914127,0.1659492775797844,0.018006198131388373,0.018801772806909867,0.22022444009780884
862,862,3.9345993995666504,3.947261095046997,0.0002,2.939004556965299,0.16592947021126747,0.017997861612002453,0.018781838571158005,0.22052056714892387
863,863,3.937716007232666,3.932685136795044,0.0002,2.9442774298148597,0.16654950752854347,0.017977966384023603,0.018832891364581883,0.22083543613553047
864,864,3.932140588760376,3.9519643783569336,0.0002,2.740447324599262,0.16657866910099983,0.017960120625048148,0.01883215695124818,0.22112316265702248
865,865,3.941848039627075,3.9415605068206787,0.0002,2.7671523396158646,0.1664116457104683,0.017955876399355475,0.018793935641951975,0.22142663225531578
866,866,3.945401668548584,3.948848009109497,0.0002,2.791017377527036,0.16735364869236946,0.01794593791692023,0.018769048010653933,0.22171871736645699
867,867,3.936044931411743,3.9429163932800293,0.0002,2.812692566658468,0.16777167469263077,0.01792156755709584,0.01879437926072569,0.22200638055801392
868,868,3.95239520072937,3.9595789909362793,0.0002,2.8324646377498217,0.1675066165626049,0.0179198752866796,0.01874678151580156,0.22230102121829987
869,869,3.9542694091796875,3.9440040588378906,0.0002,2.8504019134128256,0.16844840720295906,0.017909924296873214,0.01868696161545813,0.22259176895022392
870,870,3.9728176593780518,3.9263229370117188,0.0002,2.8663955496264095,0.1677824929356575,0.01789663340377956,0.018731703949015355,0.2228950411081314
871,871,3.9388298988342285,3.956648111343384,0.0002,2.6696739268512224,0.1680769994854927,0.017871952353743836,0.018680255736398976,0.22318071126937866
872,872,3.9438982009887695,3.9598233699798584,0.0002,2.7034725561469375,0.1690562143921852,0.017874585059871606,0.018658510578461573,0.22348938882350922
873,873,3.9409430027008057,3.9387309551239014,0.0002,2.734107126094866,0.16892411932349205,0.017855485073141608,0.018716275437327567,0.22378945350646973
874,874,3.932476758956909,3.9422590732574463,0.0002,2.761666667381147,0.16834896057844162,0.01782453697114761,0.018736579668257036,0.22408244758844376
875,875,3.9378533363342285,3.9431567192077637,0.0002,2.7867175275633524,0.16850534826517105,0.017818458262354397,0.01867487592426187,0.22437411174178123
876,876,3.9392685890197754,3.94406795501709,0.0002,2.808564289276131,0.1696108728647232,0.017815238545608736,0.018654582288945676,0.22468367964029312
877,877,3.9194416999816895,3.9420509338378906,0.0002,2.8282153261696026,0.16872022300958633,0.017789288137009862,0.018707238969000173,0.22499043494462967
878,878,3.934225559234619,3.936636209487915,0.0002,2.844764519767512,0.1689164936542511,0.017774742326309934,0.018724775643931935,0.22529537603259087
879,879,3.929533004760742,3.9325673580169678,0.0002,2.8612179093241705,0.169575784355402,0.01775622854984249,0.018633626930750324,0.22558335959911346
880,880,3.944549083709717,3.9596710205078125,0.0002,2.875437140455008,0.1688268557190895,0.01775255394386477,0.01858348908899643,0.22589163482189178
881,881,3.950571298599243,3.9562342166900635,0.0002,2.887345281984568,0.16975059360265732,0.017729864222019387,0.018654236737347674,0.22621703147888184
882,882,3.9322311878204346,3.935854911804199,0.0002,2.898616364118346,0.1700403094291687,0.017733136739025213,0.01869602255646896,0.22651230171322823
883,883,3.912682056427002,3.9555301666259766,0.0002,2.9067988115274614,0.17000500485301018,0.017723689800277498,0.01861009625463339,0.22681865096092224
884,884,3.9521565437316895,3.9488866329193115,0.0002,2.912711429282748,0.16979006305336952,0.017720653485866933,0.018553111269284273,0.22712205722928047
885,885,3.9353086948394775,3.9745798110961914,0.0002,2.921725002883383,0.17069291323423386,0.017691183647002617,0.018582868106022943,0.22742246463894844
886,886,3.9296746253967285,3.9451675415039062,0.0002,2.93043852201975,0.17065708339214325,0.017684194682260568,0.018617389476276003,0.22774404659867287
887,887,3.9397239685058594,3.955782175064087,0.0002,2.9382603301521044,0.17106202989816666,0.0176809833437801,0.01855593423897517,0.22804230451583862
888,888,3.9513726234436035,3.9561264514923096,0.0002,2.945145806460067,0.17133518308401108,0.01766748419186115,0.018492612458430813,0.22831187397241592
889,889,3.921138286590576,3.93528413772583,0.0002,2.9514286625688015,0.17116756737232208,0.01764800766886765,0.018577326549348072,0.2286423221230507
890,890,3.933548927307129,3.9586334228515625,0.0002,2.957176376550599,0.1707148179411888,0.017621888179746747,0.018571601400253712,0.22893423587083817
891,891,3.9311506748199463,3.9291374683380127,0.0002,2.9621634151899423,0.17147354781627655,0.017591504599749896,0.018493157602279098,0.2292427271604538
892,892,3.926845073699951,3.935983419418335,0.0002,2.966738487395825,0.17173559963703156,0.017572674826169532,0.018506149021050078,0.22955361381173134
893,893,3.9534146785736084,3.9358577728271484,0.0002,2.9713549894956013,0.17204135656356812,0.017541440643981332,0.01851203287151293,0.2298567146062851
894,894,3.9645614624023438,3.933192253112793,0.0002,2.975413349111093,0.17241011932492256,0.01751482650388425,0.018453105416483595,0.23015514761209488
895,895,3.941451072692871,3.939614772796631,0.0002,2.978899483180392,0.17230354994535446,0.017506605993276025,0.018430774262014893,0.2304614745080471
896,896,3.928189516067505,3.927581787109375,0.0002,2.9813062571404663,0.17248380556702614,0.01748080524885154,0.018474996819350054,0.2307577133178711
897,897,3.9309723377227783,3.9404337406158447,0.0002,2.984302422655307,0.17221970856189728,0.017454500286930852,0.018433838202327024,0.23105749860405922
898,898,3.924757719039917,3.9437921047210693,0.0002,2.986254268503261,0.1732378862798214,0.01743596018786775,0.018348782434259192,0.23133978247642517
899,899,3.9468681812286377,3.9247257709503174,0.0002,2.9884817993108106,0.17235805094242096,0.017426910955236963,0.018370400233834516,0.23165887966752052
900,900,3.9203858375549316,3.938438892364502,0.0002,2.771086194845292,0.1727253533899784,0.01739477888577312,0.018390310575341573,0.23197687789797783
901,901,3.925713539123535,3.9378316402435303,0.0002,2.7942746221319084,0.17352023348212242,0.017381943373038666,0.018331607458094368,0.2322876900434494
902,902,3.9295759201049805,3.9434070587158203,0.0002,2.8148301014944197,0.17288801819086075,0.01737665185919468,0.018308300808712374,0.23259515687823296
903,903,3.9236791133880615,3.9556524753570557,0.0002,2.83386024386873,0.17257366329431534,0.017361514319418347,0.018370131931078504,0.23291290923953056
904,904,3.93953013420105,3.9735846519470215,0.0002,2.850819785851842,0.17410698533058167,0.017345965852655354,0.018368631786870537,0.23322652652859688
905,905,3.922680616378784,3.925150156021118,0.0002,2.8661716903223207,0.17427215352654457,0.01733005150617828,0.018296342739631655,0.23354995623230934
906,906,3.919847011566162,3.9290876388549805,0.0002,2.88018226610082,0.17469414696097374,0.017309125907559064,0.018265401684402605,0.23385431990027428
907,907,3.9192402362823486,3.916144371032715,0.0002,2.892842037408085,0.1745244637131691,0.017301207368745963,0.01833333728609432,0.2341769002377987
908,908,3.924786329269409,3.954197645187378,0.0002,2.684580109304025,0.17358023300766945,0.017269298244627862,0.018346743663641973,0.23448513075709343
909,909,3.9305129051208496,3.941056251525879,0.0002,2.7154131896230247,0.17456189915537834,0.01725061482466117,0.018259918009789544,0.23476945236325264
910,910,3.9143834114074707,3.92647385597229,0.0002,2.744051820998605,0.1748792789876461,0.017234480294519017,0.018232965134302503,0.23507197573781013
911,911,3.9388251304626465,3.9304473400115967,0.0002,2.770386134341832,0.1743266023695469,0.01721311167921158,0.01828024722817645,0.2354220598936081
912,912,3.924233913421631,3.938431978225708,0.0002,2.794312070788018,0.17532268166542053,0.017180701891447825,0.018309707162188715,0.23571154102683067
913,913,3.9171302318573,3.938889503479004,0.0002,2.815459022409371,0.17499898001551628,0.017160634452011436,0.018238053506138385,0.23603179305791855
914,914,3.922722578048706,3.935055732727051,0.0002,2.8340376356423747,0.1753908433020115,0.01714457400385072,0.018187017367381486,0.23634106293320656
915,915,3.9306108951568604,3.94155216217041,0.0002,2.850494299766108,0.17565473914146423,0.017131630445419432,0.01823064537893515,0.23665740713477135
916,916,3.923992156982422,3.932447671890259,0.0002,2.865858779638914,0.17581641674041748,0.017108506895056053,0.018282863649801584,0.23697862774133682
917,917,3.928776741027832,3.935316562652588,0.0002,2.8794659843223402,0.1759224534034729,0.017083794387417583,0.018190654529462336,0.23728251084685326
918,918,3.921461343765259,3.934380292892456,0.0002,2.891898389601904,0.17535459250211716,0.01707405189426936,0.018124388818250736,0.2375980280339718
919,919,3.9246201515197754,3.9273948669433594,0.0002,2.9028212361792014,0.17657329514622688,0.017054015738722228,0.018154736711949226,0.23791060596704483
920,920,3.920490026473999,3.9452929496765137,0.0002,2.9126355942200703,0.17575661092996597,0.0170316781859583,0.018175810351749533,0.23823722451925278
921,921,3.9330577850341797,3.9399030208587646,0.0002,2.921808353792279,0.17741726711392403,0.017027299613801006,0.018112674084477476,0.2385730817914009
922,922,3.931321382522583,3.951197385787964,0.0002,2.930153182440299,0.17678198218345642,0.01701241974160439,0.01804356308275601,0.23887883126735687
923,923,3.919987440109253,3.931631088256836,0.0002,2.9375831153031453,0.17729173973202705,0.016978322316390404,0.01807199312315788,0.23919033631682396
924,924,3.941225528717041,3.946187734603882,0.0002,2.944479705943355,0.17689837515354156,0.016963131780812546,0.018147264921935857,0.23948203399777412
925,925,3.926295042037964,3.9352176189422607,0.0002,2.9502047146808574,0.17759159579873085,0.016948066033819487,0.018063116374833044,0.2397875227034092
926,926,3.924912929534912,3.9305226802825928,0.0002,2.9548561595617833,0.17786648869514465,0.016930894828874443,0.018008080684012384,0.24009249731898308
927,927,3.915274143218994,3.921016216278076,0.0002,2.95963757773872,0.17856182903051376,0.01689469402344912,0.018047107932943618,0.24040784314274788
928,928,3.928441047668457,3.9078168869018555,0.0002,2.9637510212878904,0.17792097851634026,0.01686639782428756,0.01810179811764101,0.2407093457877636
929,929,3.9257266521453857,3.9235823154449463,0.0002,2.7490996645963968,0.1784738264977932,0.016846776872171176,0.018064329133267165,0.24100201204419136
930,930,3.924424648284912,3.9287235736846924,0.0002,2.774544191223901,0.17733418568968773,0.016831280299356877,0.017998543691646773,0.24129709973931313
931,931,3.915454864501953,3.924370288848877,0.0002,2.797654439707765,0.17779923975467682,0.016810449762033386,0.01798490477631276,0.24159111455082893
932,932,3.915600061416626,3.9295005798339844,0.0002,2.8187644280908453,0.17855403572320938,0.016781692816493887,0.018014049475823413,0.24193310737609863
933,933,3.921271800994873,3.927807331085205,0.0002,2.837643754119607,0.17887059971690178,0.016760429108671815,0.017964721688258578,0.24220789968967438
934,934,3.9219324588775635,3.9312589168548584,0.0002,2.8551930863757593,0.17856988310813904,0.016738601021188515,0.01791808597408817,0.24253609031438828
935,935,3.91789174079895,3.9179799556732178,0.0002,2.870725867308073,0.18006807565689087,0.01670617748686709,0.01794473202971858,0.2428528442978859
936,936,3.9139339923858643,3.914620876312256,0.0002,2.884160583924294,0.17888865619897842,0.016672954630848835,0.017908102399815107,0.24315770342946053
937,937,3.9248757362365723,3.915560722351074,0.0002,2.8962614151488446,0.17991585657000542,0.01663486636834932,0.01785232306428952,0.24347228556871414
938,938,3.924459934234619,3.9229276180267334,0.0002,2.9071810882463316,0.17927616089582443,0.01660497862349075,0.017883000440633623,0.24379244819283485
939,939,3.940037488937378,3.940556287765503,0.0002,2.9168494507412834,0.17966120317578316,0.016578556095282693,0.017843253719547647,0.2440943755209446
940,940,3.936305046081543,3.9454457759857178,0.0002,2.925382072601123,0.17954479157924652,0.01654462029455317,0.017796026624637307,0.2444264329969883
941,941,3.9140172004699707,3.9148342609405518,0.0002,2.9336167231388974,0.18036560714244843,0.016504539659763395,0.017788647648558253,0.24472463503479958
942,942,3.915830612182617,3.932858943939209,0.0002,2.9414761691311377,0.18112129718065262,0.01645076980275917,0.017728341945257853,0.24498028680682182
943,943,3.930236339569092,3.9281272888183594,0.0002,2.9484494703583506,0.1809620000422001,0.016422388798673637,0.017662754939010483,0.24529599770903587
944,944,3.9237804412841797,3.923943042755127,0.0002,2.954783203451942,0.1807958297431469,0.016378227780023735,0.01767121391640103,0.2455751895904541
945,945,3.92802357673645,3.9095187187194824,0.0002,2.9602836119389297,0.18109366297721863,0.016339279500698467,0.01767435032161302,0.24589737132191658
946,946,3.930485486984253,3.916473388671875,0.0002,2.9653332696599457,0.18076074123382568,0.016318311120357976,0.017618406780457008,0.2462276853621006
947,947,3.915879011154175,3.9236977100372314,0.0002,2.969522515674509,0.1811298280954361,0.01628530660400429,0.01760064624249935,0.2465360425412655
948,948,3.9006028175354004,3.9479517936706543,0.0002,2.9735714864308833,0.18120279535651207,0.016239088032762083,0.017573879149495042,0.24678878858685493
949,949,3.9127392768859863,3.9223830699920654,0.0002,2.9769383751369527,0.18183718249201775,0.016200518310142797,0.017507961396404426,0.24704833701252937
950,950,3.9065959453582764,3.940629720687866,0.0002,2.979743717491452,0.1810072660446167,0.016164560001470818,0.017465628512582043,0.2473786398768425
951,951,3.9315185546875,3.91888165473938,0.0002,2.982167181525316,0.18140660226345062,0.016119186987907597,0.017482474584539887,0.2476685829460621
952,952,3.9330945014953613,3.9302268028259277,0.0002,2.9844078954892472,0.1823265329003334,0.016073015568963456,0.01751393371159793,0.2480226419866085
953,953,3.9206595420837402,3.9094889163970947,0.0002,2.986560545173271,0.18184128403663635,0.016030823743221845,0.017392548375937622,0.24823901057243347
954,954,3.9267303943634033,3.906938314437866,0.0002,2.988578096855276,0.1823364496231079,0.01600051751074716,0.01740529165363114,0.24859875068068504
955,955,3.909567356109619,3.919577121734619,0.0002,2.778699271352354,0.18213161826133728,0.015946634841384366,0.01740175165650726,0.2488904520869255
956,956,3.913468360900879,3.9188709259033203,0.0002,2.800107865397331,0.18268297240138054,0.01590746061901882,0.01735154173547926,0.2492205984890461
957,957,3.9131417274475098,3.9006245136260986,0.0002,2.820786137966545,0.18263325840234756,0.015857900865739794,0.0172622480422433,0.24950508028268814
958,958,3.918994665145874,3.926239013671875,0.0002,2.621076772217275,0.18193242698907852,0.015802793026523432,0.017261075365240686,0.24980594217777252
959,959,3.9197585582733154,3.9123589992523193,0.0002,2.6661699437712816,0.18339656293392181,0.01575236819917336,0.01718011168850353,0.25008535385131836
960,960,3.9215710163116455,3.911346435546875,0.0002,2.707346326176363,0.18375961855053902,0.01570843333593075,0.017129654979726183,0.2504374012351036
961,961,3.9020004272460938,3.9433112144470215,0.0002,2.743841749424168,0.18340132758021355,0.015652925508675253,0.017101804156482103,0.2507690191268921
962,962,3.9264097213745117,3.946284770965576,0.0002,2.7768971671432516,0.18365592136979103,0.015597799667375511,0.017104339067373076,0.2510850578546524
963,963,3.919125556945801,3.9063382148742676,0.0002,2.806584475022616,0.18350794166326523,0.015556601659682201,0.01700926178818918,0.25134240835905075
964,964,3.914430618286133,3.9229564666748047,0.0002,2.833309341773644,0.18397121503949165,0.01549673748695568,0.016960803786787437,0.2516593635082245
965,965,3.9088852405548096,3.9321155548095703,0.0002,2.8570102360692844,0.18493472784757614,0.015434353581440519,0.016976892797174514,0.25199051201343536
966,966,3.90826153755188,3.9267725944519043,0.0002,2.878533664211437,0.18529896810650826,0.01536837713456407,0.016874092974831,0.2522518038749695
967,967,3.909472942352295,3.920949935913086,0.0002,2.8981685343153343,0.18438464403152466,0.015320225908453722,0.0168478949854034,0.25266633927822113
968,968,3.900264024734497,3.916293144226074,0.0002,2.9154909073389534,0.1846408024430275,0.015249507629505388,0.016784881652711192,0.25287601351737976
969,969,3.8962864875793457,3.9186267852783203,0.0002,2.9314256303246164,0.18561969324946404,0.015204944472770876,0.016811908057206892,0.2532498314976692
970,970,3.931368112564087,3.9163119792938232,0.0002,2.8775885229401323,0.18591242656111717,0.01514447879344516,0.01668740927016188,0.2535159960389137
971,971,3.9092915058135986,3.9272477626800537,0.0002,2.8968226643192208,0.18532170355319977,0.015094989370936673,0.01667773789995408,0.2538441941142082
972,972,3.915489435195923,3.928516149520874,0.0002,2.914807694712409,0.1860186643898487,0.015040404622141068,0.016684611204254907,0.2541942596435547
973,973,3.921018123626709,3.9248716831207275,0.0002,2.930942456984373,0.1864728182554245,0.01496407575223202,0.01656306835502619,0.2544731870293617
974,974,3.9120688438415527,3.902255058288574,0.0002,2.9452225161065435,0.1863594353199005,0.014910922546278016,0.01648331251089985,0.25481048971414566
975,975,3.913367986679077,3.946587562561035,0.0002,2.9577097066446796,0.18672621250152588,0.014846061117623321,0.016459292060972075,0.25509432703256607
976,976,3.911773204803467,3.9055120944976807,0.0002,2.968853072659008,0.1862526349723339,0.014786617417939851,0.016473491054057376,0.25539683550596237
977,977,3.9097537994384766,3.917224168777466,0.0002,2.979193575697077,0.1863694190979004,0.014717968729200948,0.01635034691571491,0.2557204142212868
978,978,3.925076723098755,3.9167745113372803,0.0002,2.988889239117747,0.1866561621427536,0.014666960471004131,0.016321517741744174,0.2560271546244621
979,979,3.906430721282959,3.9098293781280518,0.0002,2.9974999495469343,0.18732978031039238,0.014608692086767405,0.01632785159017658,0.2563580051064491
980,980,3.9248335361480713,3.9055840969085693,0.0002,3.005083638530869,0.18718579411506653,0.01453948323342047,0.016255453863777802,0.25663667917251587
981,981,3.904904365539551,3.945580244064331,0.0002,3.0120526245258827,0.18757500126957893,0.01447512410913987,0.016211101321459864,0.25702760368585587
982,982,3.896564245223999,3.9139339923858643,0.0002,3.017700530127439,0.187405314296484,0.014412313563298085,0.016168009453394916,0.25735828280448914
983,983,3.917080879211426,3.905505895614624,0.0002,3.0231605329801363,0.18727050721645355,0.01434457612958795,0.01609520496094774,0.25762806832790375
984,984,3.8930184841156006,3.953641891479492,0.0002,3.0283490476681196,0.18635482713580132,0.014289125688264903,0.01607483562474954,0.25794313102960587
985,985,3.881585121154785,3.932171106338501,0.0002,3.032748784104935,0.18763278052210808,0.0142216490694409,0.015948522743201465,0.2581401839852333
986,986,3.897439479827881,3.911745548248291,0.0002,3.0374093313038024,0.1882510893046856,0.014144902222142264,0.015883056419625063,0.25838088244199753
987,987,3.9204225540161133,3.923046112060547,0.0002,3.04122928898083,0.18805145844817162,0.014072826407300454,0.01585880583297694,0.258685827255249
988,988,3.8920445442199707,3.9319722652435303,0.0002,3.044453129911414,0.18824058026075363,0.014006469922605902,0.0158372464866261,0.2589922696352005
989,989,3.9003844261169434,3.8874824047088623,0.0002,3.047554412369333,0.1884082853794098,0.013946381436198863,0.015772151955388836,0.2593037411570549
990,990,3.901125907897949,3.9098873138427734,0.0002,2.831789580383187,0.18949466943740845,0.01387051321216859,0.015706596246673143,0.259598970413208
991,991,3.8994221687316895,3.9080629348754883,0.0002,2.8559482149391315,0.18882345780730247,0.013787910709197604,0.01569100035339943,0.2599007710814476
992,992,3.907197952270508,3.910111665725708,0.0002,2.8776007724175394,0.18890409916639328,0.013715772100567847,0.015636604961400735,0.2601678892970085
993,993,3.9046530723571777,3.908247709274292,0.0002,2.89666760717421,0.18943635001778603,0.01363827835984921,0.015521366707616835,0.26040835678577423
994,994,3.882270336151123,3.9434895515441895,0.0002,2.914082207793166,0.18956196308135986,0.013563706582317536,0.01551398069204879,0.2608025521039963
995,995,3.886850357055664,3.926801919937134,0.0002,2.9299293488595652,0.1897042989730835,0.01348092962462033,0.015435259505466092,0.2610655725002289
996,996,3.893021583557129,3.9063451290130615,0.0002,2.944223881349731,0.1898696906864643,0.013403622940586501,0.015347580001616734,0.2613900154829025
997,997,3.9095113277435303,3.894697666168213,0.0002,2.957378893410861,0.18894561007618904,0.013316106890670198,0.01526370952342404,0.26158612966537476
998,998,3.911787509918213,3.9161431789398193,0.0002,2.968837947667237,0.19054288044571877,0.013232927108219883,0.015219559338220279,0.2618476301431656
999,999,3.9072628021240234,3.9073474407196045,0.0002,2.9788923875489983,0.19097143411636353,0.013149023718597164,0.015124332641789806,0.26208264380693436
1000,1000,3.8982324600219727,3.9106223583221436,0.0002,2.988268532280879,0.1908126436173916,0.01305982717212828,0.015061529720696853,0.26229796558618546
1001,1001,3.905167579650879,3.910642385482788,0.0002,2.9957391791553865,0.19004104286432266,0.012991201762361015,0.015030096134069026,0.2628047540783882
1002,1002,3.8971920013427734,3.9094583988189697,0.0002,3.0034551070703173,0.1898956261575222,0.012905381108339498,0.014915936339093605,0.2629995793104172
1003,1003,3.9000282287597656,3.9185521602630615,0.0002,3.009891460052655,0.19088271260261536,0.01282075822018669,0.014879412654408952,0.263313427567482
1004,1004,3.881568193435669,3.899635076522827,0.0002,3.0157998735242537,0.19104642793536186,0.012737740020838828,0.014854751983875758,0.26374395936727524
1005,1005,3.898301362991333,3.8937125205993652,0.0002,3.0212937826294204,0.1915171667933464,0.012626879060007923,0.014712003330714651,0.26374755054712296
1006,1006,3.91383957862854,3.913982391357422,0.0002,3.024896136459471,0.19122742116451263,0.012545911457891634,0.014704040511787753,0.26417509466409683
1007,1007,3.9146196842193604,3.9130945205688477,0.0002,3.028094704455603,0.19156590476632118,0.01245653783189482,0.01461648920121661,0.26430483907461166
1008,1008,3.891559600830078,3.9222042560577393,0.0002,3.030646595149282,0.19194621965289116,0.012383361499814782,0.014557421625795541,0.2647661864757538
1009,1009,3.886416435241699,3.904878616333008,0.0002,3.031380882067742,0.19128869101405144,0.012305511081649456,0.014479637511612964,0.2649698331952095
1010,1010,3.9035258293151855,3.8954694271087646,0.0002,3.0337214679302416,0.19207289069890976,0.01221534363412502,0.014374867347214604,0.26510292291641235
1011,1011,3.921694278717041,3.9042739868164062,0.0002,3.0379801762539493,0.1909385733306408,0.012140085613282281,0.014275105717388215,0.26537303626537323
1012,1012,3.904754400253296,3.900406837463379,0.0002,3.041247742352805,0.19176095351576805,0.012068335526237206,0.0143236788608192,0.26581673324108124
1013,1013,3.9099326133728027,3.8905131816864014,0.0002,3.044344532977359,0.19228313490748405,0.011993561942290398,0.014180433317960706,0.2658812254667282
1014,1014,3.894541025161743,3.904268980026245,0.0002,3.04725396031983,0.19274741411209106,0.011928706100661657,0.014121038699158817,0.26627135276794434
1015,1015,3.8852548599243164,3.89593243598938,0.0002,3.049643352373116,0.1933734379708767,0.011860344653541688,0.014124849241852644,0.26670099794864655
1016,1016,3.911977529525757,3.902064323425293,0.0002,3.0520516221226783,0.19371476396918297,0.011770280187192839,0.01406291273451643,0.2669126018881798
1017,1017,3.891467332839966,3.9084715843200684,0.0002,3.054166039527142,0.19278165698051453,0.011711679726431612,0.014002068208355922,0.2671680152416229
1018,1018,3.907762050628662,3.9083218574523926,0.0002,3.055599384902671,0.19413306564092636,0.011641305984994688,0.01399791401308903,0.2675180211663246
1019,1019,3.8783156871795654,3.9061806201934814,0.0002,3.056743268976624,0.19300545752048492,0.011562172131561965,0.013919330975113553,0.2677830383181572
1020,1020,3.9281184673309326,3.907182455062866,0.0002,3.0582416078824703,0.19395805895328522,0.011493540745505015,0.013859891096217325,0.26797332614660263
1021,1021,3.87642765045166,3.9108262062072754,0.0002,3.0595575221737534,0.19421479478478432,0.011429735840465582,0.013816852564559667,0.2682090699672699
1022,1022,3.885098934173584,3.90510892868042,0.0002,3.060758479020473,0.1941838450729847,0.011362832277882262,0.013767138840194093,0.26838985085487366
1023,1023,3.8950908184051514,3.9305996894836426,0.0002,3.06190062989586,0.1949240118265152,0.0113060051589855,0.013664791003975552,0.26875171810388565
1024,1024,3.883507013320923,3.919344902038574,0.0002,3.0627883654143204,0.19570840522646904,0.01124322639498132,0.013659232086865813,0.26913122087717056
1025,1025,3.9205472469329834,3.902090549468994,0.0002,3.0640784188534873,0.1942702755331993,0.011176361978868954,0.013671228201928898,0.269591361284256
1026,1026,3.8896007537841797,3.8882741928100586,0.0002,3.0647940198646233,0.19483958184719086,0.011116566515738668,0.01359697417501593,0.2695959284901619
1027,1027,3.898181438446045,3.902465581893921,0.0002,3.065646602432305,0.19505314901471138,0.011038228240067838,0.013473365472236765,0.26967431604862213
1028,1028,3.883014678955078,3.896209478378296,0.0002,3.066331019610357,0.19534382969141006,0.01096061233238288,0.013466258815242327,0.27012573182582855
1029,1029,3.915419578552246,3.9280507564544678,0.0002,3.0668038817234082,0.19496925547719002,0.010888329247791262,0.013449411051624338,0.2705196961760521
1030,1030,3.907597064971924,3.9082729816436768,0.0002,3.067324172534377,0.1956687793135643,0.010820237926964182,0.01338340373331448,0.27071593701839447
1031,1031,3.8996851444244385,3.8977913856506348,0.0002,3.0676938165887413,0.19567016512155533,0.01074458141647483,0.013303768166224472,0.27053988724946976
1032,1032,3.9187049865722656,3.919264554977417,0.0002,3.067941847592574,0.19586287438869476,0.010684949089409201,0.013299521478984389,0.2711704298853874
1033,1033,3.9121360778808594,3.891047477722168,0.0002,3.06846367409188,0.19461193308234215,0.010621588328831422,0.01324342605221318,0.2714059352874756
1034,1034,3.8915038108825684,3.879364013671875,0.0002,3.068835814895401,0.19679342582821846,0.01057346724337549,0.013236814504125505,0.27167150378227234
1035,1035,3.8918380737304688,3.881357192993164,0.0002,2.8529665838874307,0.19639728963375092,0.010526785982619913,0.013200215033066343,0.2721884697675705
1036,1036,3.885352611541748,3.8966448307037354,0.0002,2.875064799797643,0.19619841128587723,0.010480591138730233,0.013131829346093582,0.27259939163923264
1037,1037,3.8929214477539062,3.908050060272217,0.0002,2.894911717990032,0.19663197547197342,0.010444159133840003,0.013158861760530272,0.2729775086045265
1038,1038,3.882722854614258,3.898736000061035,0.0002,2.9126550175648753,0.19644178077578545,0.010391124432317156,0.013070329216134269,0.2732662260532379
1039,1039,3.893076181411743,3.910555124282837,0.0002,2.9286205906260423,0.1980302557349205,0.010331661661439284,0.013013752259212197,0.2728818580508232
1040,1040,3.907055139541626,3.8763482570648193,0.0002,2.9430859278733466,0.19624189659953117,0.010296665320311149,0.013019431478824117,0.2738255485892296
1041,1041,3.896270275115967,3.9068195819854736,0.0002,2.729460035917643,0.19766755402088165,0.01025313739955891,0.01297172627710097,0.27359001338481903
1042,1042,3.879295587539673,3.890902042388916,0.0002,2.7567157083407805,0.19764996692538261,0.01021561365814705,0.012961800917764776,0.27389131486415863
1043,1043,3.8929061889648438,3.888735771179199,0.0002,2.7821652187852846,0.19708183407783508,0.010186757348492392,0.01295721779752057,0.27410540729761124
1044,1044,3.8840904235839844,3.89780855178833,0.0002,2.8052576675826018,0.19815703481435776,0.010143409566808259,0.012956488088093465,0.274033822119236
1045,1045,3.887774705886841,3.8887550830841064,0.0002,2.8256602759841534,0.19767623767256737,0.01013290933224198,0.012973354901987477,0.2747538536787033
1046,1046,3.8820855617523193,3.902665615081787,0.0002,2.8437953455985245,0.19849127158522606,0.010119064909304143,0.01295880850557296,0.27502693980932236
1047,1047,3.887054443359375,3.939775228500366,0.0002,2.8600835618135454,0.19822510331869125,0.010105503311024222,0.012971421701877262,0.27542274445295334
1048,1048,3.882936477661133,3.9055657386779785,0.0002,2.874257749915441,0.19861330464482307,0.010060871133646287,0.012955182197401882,0.2756705954670906
1049,1049,3.874370574951172,3.9132421016693115,0.0002,2.886882285126651,0.1985340528190136,0.010036985489932704,0.012897649985461612,0.2757478952407837
1050,1050,3.89213228225708,3.8963494300842285,0.0002,2.899095387889827,0.19843726232647896,0.010019909617767553,0.012866780445619952,0.27569376677274704
1051,1051,3.905191659927368,3.9361395835876465,0.0002,2.909430012765125,0.19882360473275185,0.010021823974966537,0.01294053042329324,0.2766946479678154
1052,1052,3.8888742923736572,3.8889877796173096,0.0002,2.918300369972899,0.19869066029787064,0.010012477644522733,0.012916055178720853,0.2767520472407341
1053,1053,3.886753559112549,3.8745555877685547,0.0002,2.9260157919172,0.19966257736086845,0.009994890750931518,0.012870218548414414,0.27704811841249466
1054,1054,3.8686938285827637,3.890136241912842,0.0002,2.7190217573399815,0.1996702365577221,0.00997260246094811,0.012869645504906657,0.27713844180107117
1055,1055,3.8662710189819336,3.890204668045044,0.0002,2.7547632073668704,0.1993168145418167,0.009970168216568709,0.012881825072327047,0.2772055044770241
1056,1056,3.8764305114746094,3.9182188510894775,0.0002,2.786630087469235,0.19954236969351768,0.009970473160137772,0.012953826946613844,0.2779269814491272
1057,1057,3.882141351699829,3.9161300659179688,0.0002,2.8163891566811072,0.19990869984030724,0.009951198383532756,0.012984255483388552,0.2781118080019951
1058,1058,3.870997667312622,3.909860849380493,0.0002,2.8419797874048656,0.19999213889241219,0.009939673760527512,0.012988968614081386,0.2785925939679146
1059,1059,3.8808634281158447,3.896653413772583,0.0002,2.8651328273982846,0.20033250376582146,0.009937481561792083,0.013005692553633708,0.27875080704689026
1060,1060,3.8933773040771484,3.8820273876190186,0.0002,2.8864698616512197,0.20088933780789375,0.009945937381417025,0.013011848692258354,0.279021218419075
1061,1061,3.881178617477417,3.9018585681915283,0.0002,2.9053463288865395,0.2007567435503006,0.009947747083060676,0.013021978114920785,0.27940887957811356
1062,1062,3.857158660888672,3.87555193901062,0.0002,2.921663169977349,0.20098791271448135,0.009945853549652384,0.013033234246904613,0.27962206304073334
1063,1063,3.897214889526367,3.8926684856414795,0.0002,2.937079019102111,0.20133736729621887,0.009940741758327931,0.013006774734094506,0.2801135703921318
1064,1064,3.8898112773895264,3.8970367908477783,0.0002,2.950819723113842,0.20146224275231361,0.009943043297425902,0.013013725854762015,0.2803397998213768
1065,1065,3.873807430267334,3.892263174057007,0.0002,2.9631542175152727,0.2014940232038498,0.009935140272318677,0.01302558558381861,0.2805575281381607
1066,1066,3.879683256149292,3.860491991043091,0.0002,2.9739829443055665,0.2016824297606945,0.0099224034765939,0.013073618487396743,0.28104326128959656
1067,1067,3.8957059383392334,3.9023191928863525,0.0002,2.767353544765614,0.202201709151268,0.009923065525981656,0.013092441946355393,0.2812708914279938
1068,1068,3.879175901412964,3.8869428634643555,0.0002,2.7895221894254676,0.20203110575675964,0.00992094794219156,0.01306198451493401,0.28120607882738113
1069,1069,3.8680684566497803,3.8810923099517822,0.0002,2.809920058469259,0.2019721232354641,0.009918101093717269,0.01308522191902739,0.28166060894727707
1070,1070,3.9007413387298584,3.892150640487671,0.0002,2.828780391766755,0.20163699612021446,0.009896028091134212,0.013145991273631807,0.2823905348777771
1071,1071,3.875936269760132,3.878173351287842,0.0002,2.845793035299283,0.20189200341701508,0.009893222937535029,0.013135058870830107,0.28182537108659744
1072,1072,3.8810243606567383,3.8634445667266846,0.0002,2.8606423569521406,0.20270314067602158,0.009890575990539219,0.013068104737612884,0.28217773139476776
1073,1073,3.8973441123962402,3.878146171569824,0.0002,2.873830860983916,0.20291316509246826,0.009909603073538165,0.013123423765136977,0.28283751010894775
1074,1074,3.905067205429077,3.909952402114868,0.0002,2.885483160324498,0.20268839970231056,0.009883387251647946,0.0131490489893622,0.28271809220314026
1075,1075,3.8982934951782227,3.8724522590637207,0.0002,2.8962454373538367,0.20273463428020477,0.009892799730550905,0.013236322349257534,0.2836189419031143
1076,1076,3.8753697872161865,3.89324688911438,0.0002,2.9058573610899443,0.20339235290884972,0.009909754694490402,0.013239798085123766,0.2836526557803154
1077,1077,3.890549421310425,3.8708038330078125,0.0002,2.914586731220934,0.20359014347195625,0.009914121051224356,0.013203900627559051,0.28409915417432785
1078,1078,3.8910679817199707,3.8714511394500732,0.0002,2.9224101245762757,0.20225709304213524,0.009917329785821494,0.013269261602545157,0.284771628677845
1079,1079,3.8484954833984375,3.892122745513916,0.0002,2.929316355317674,0.20289428159594536,0.009916302259625809,0.0133283936920634,0.28488750755786896
1080,1080,3.8938753604888916,3.8810274600982666,0.0002,2.93572078185054,0.20367557555437088,0.009930596484991838,0.013340572792003513,0.28485506027936935
1081,1081,3.8544092178344727,3.888200283050537,0.0002,2.9414323816694266,0.2052774652838707,0.009947815968189389,0.013279405984576442,0.28496184945106506
1082,1082,3.8682143688201904,3.8911988735198975,0.0002,2.947167852906503,0.20398231595754623,0.009981089484426775,0.013330863243027125,0.285758838057518
1083,1083,3.859236478805542,3.8850884437561035,0.0002,2.951413750156361,0.20562244206666946,0.009971993798899348,0.01341426101862453,0.28597042709589005
1084,1084,3.870521306991577,3.863943338394165,0.0002,2.9560964078187886,0.20466221496462822,0.009985648787733226,0.013473435248670285,0.28644271939992905
1085,1085,3.85353946685791,3.9236583709716797,0.0002,2.960086478151047,0.20430734008550644,0.009997659764849232,0.013461059332257719,0.28650733083486557
1086,1086,3.8625996112823486,3.8652756214141846,0.0002,2.9632047880763577,0.20432299003005028,0.010016159608312591,0.013441608316497877,0.28710100054740906
1087,1087,3.869224786758423,3.915306329727173,0.0002,2.9662634205768255,0.20658260956406593,0.01002723286183027,0.013499248434527544,0.2877048924565315
1088,1088,3.8741438388824463,3.90517520904541,0.0002,2.9687432706638277,0.2053767628967762,0.010015088160798769,0.013528445651900256,0.28759946674108505
1089,1089,3.8722662925720215,3.8811545372009277,0.0002,2.9711397298752615,0.2049826979637146,0.010008075509176706,0.013567682619395782,0.28805864602327347
1090,1090,3.85782527923584,3.882366895675659,0.0002,2.9732649631298522,0.2052231878042221,0.010014032375693205,0.013578185993537772,0.28835050761699677
1091,1091,3.884753704071045,3.8863961696624756,0.0002,2.9748599881734936,0.20641661062836647,0.010001891198953672,0.013542034286729177,0.2885823994874954
1092,1092,3.8595526218414307,3.8708407878875732,0.0002,2.976230576271518,0.20580119639635086,0.009996033780225844,0.013565845551056555,0.28893617540597916
1093,1093,3.8822286128997803,3.8953380584716797,0.0002,2.977858324941427,0.20746848732233047,0.009987003232708958,0.013601848533653538,0.28943435102701187
1094,1094,3.8997950553894043,3.8909037113189697,0.0002,2.979150357886256,0.20649374648928642,0.009978584107557253,0.013569474984251428,0.2892642319202423
1095,1095,3.880361318588257,3.902022361755371,0.0002,2.979718441596786,0.20719167962670326,0.009979063784157916,0.013555946048654732,0.289720743894577
1096,1096,3.8934316635131836,3.883387804031372,0.0002,2.980401970460146,0.20657929033041,0.009984117455132946,0.013563857570261462,0.2904987186193466
1097,1097,3.8547306060791016,3.875351905822754,0.0002,2.981652381179809,0.20680072903633118,0.009963139508727181,0.013559138897107914,0.2898702993988991
1098,1098,3.8682265281677246,3.880476951599121,0.0002,2.9826493606261644,0.20726872235536575,0.00995613077066082,0.013568741629569558,0.29036127775907516
1099,1099,3.8542654514312744,3.872708797454834,0.0002,2.9831357940310186,0.20786859467625618,0.00994880454527447,0.013573391897807596,0.2908485680818558
1100,1100,3.855809211730957,3.891650438308716,0.0002,2.9836461842418394,0.20746032521128654,0.009924314769705234,0.01354533822996018,0.2906034365296364
1101,1101,3.847870349884033,3.866034984588623,0.0002,2.98357934202326,0.20726871490478516,0.009926138342052582,0.0135786798036861,0.2916995957493782
1102,1102,3.8709969520568848,3.8803787231445312,0.0002,2.9842868820132322,0.20805149897933006,0.009929283478413709,0.013644382894199225,0.2919136732816696
1103,1103,3.886031150817871,3.892487049102783,0.0002,2.98536684996785,0.2080088071525097,0.009916486527799862,0.013625100573335658,0.29198238998651505
1104,1104,3.8636631965637207,3.8661186695098877,0.0002,2.9859038462378975,0.207709439098835,0.009934017866726208,0.013654012233018875,0.2922744154930115
1105,1105,3.847561836242676,3.922273635864258,0.0002,2.9865650735039355,0.20863009989261627,0.009910512836540875,0.013629710101668024,0.29175569862127304
1106,1106,3.8766231536865234,3.8872880935668945,0.0002,2.9865174079265366,0.20747565105557442,0.00990971411101782,0.013611122220027028,0.2921386882662773
1107,1107,3.900237798690796,3.883140802383423,0.0002,2.9870802262450247,0.2093508020043373,0.009908475925840321,0.01363220300845569,0.29224663972854614
1108,1108,3.8917338848114014,3.8683154582977295,0.0002,2.9867361131092003,0.20963451266288757,0.009944212049049383,0.013707882733797305,0.29344915598630905
1109,1109,3.8777339458465576,3.8895316123962402,0.0002,2.986951552407486,0.2092813402414322,0.009939167636730417,0.013686716407391941,0.29369932413101196
1110,1110,3.848072052001953,3.8732640743255615,0.0002,2.987489159322472,0.20947086066007614,0.009938593823790143,0.01373409409825399,0.2938458025455475
1111,1111,3.8651227951049805,3.873478651046753,0.0002,2.987935796376001,0.2095271535217762,0.009934569358847511,0.013734262063735514,0.29420068114995956
1112,1112,3.8726720809936523,3.8752615451812744,0.0002,2.98826756463962,0.20913495123386383,0.009951388679837692,0.013768412469289615,0.29416339099407196
1113,1113,3.8640196323394775,3.863455295562744,0.0002,2.988633945301523,0.20817454159259796,0.009963463318854338,0.013823142591718351,0.29564328491687775
1114,1114,3.868469715118408,3.8635425567626953,0.0002,2.9883431403112932,0.20943781733512878,0.009962440478375356,0.013864796992493211,0.29571953415870667
1115,1115,3.860538959503174,3.880446672439575,0.0002,2.9889829476971235,0.21068622916936874,0.009954014632057806,0.013858630814866046,0.2951630875468254
1116,1116,3.877155065536499,3.8881680965423584,0.0002,2.989093172778829,0.21071330457925797,0.009977382643228339,0.013874381327696028,0.2958929240703583
1117,1117,3.9020938873291016,3.877779245376587,0.0002,2.989272020939373,0.21079490333795547,0.009976792044653848,0.013867925426893635,0.29632293432950974
1118,1118,3.8615763187408447,3.8857240676879883,0.0002,2.9889664953770643,0.21043545380234718,0.009952657596841163,0.013842379757988965,0.29551882296800613
1119,1119,3.8510897159576416,3.850206136703491,0.0002,2.9895241214542407,0.21067441999912262,0.009971536412194837,0.013921866853706888,0.2971699982881546
1120,1120,3.861504077911377,3.8668015003204346,0.0002,2.778072509296564,0.2104983888566494,0.009984595414607611,0.013931120671259123,0.297396257519722
1121,1121,3.881659984588623,3.8582663536071777,0.0002,2.799869491382496,0.21178320422768593,0.009989191596105229,0.013972707536595408,0.2977055534720421
1122,1122,3.851461887359619,3.868067741394043,0.0002,2.8192500435483248,0.21129810065031052,0.009969640417693881,0.013929906008343096,0.297432005405426
1123,1123,3.859755516052246,3.8942923545837402,0.0002,2.8365847072495556,0.2122693434357643,0.009978854853216035,0.013938870706624584,0.29761239141225815
1124,1124,3.8416385650634766,3.8860301971435547,0.0002,2.8519004976905737,0.21037330105900764,0.009973800611078332,0.013936417772129062,0.2982617989182472
1125,1125,3.8557991981506348,3.834230899810791,0.0002,2.865216811647124,0.21168146282434464,0.00997286062920466,0.013974014305858873,0.2984889820218086
1126,1126,3.859696865081787,3.878218173980713,0.0002,2.6600349413328397,0.2108229659497738,0.009974480098208005,0.014007732015670626,0.29889392107725143
1127,1127,3.852681875228882,3.883899450302124,0.0002,2.6940790037644606,0.21290629357099533,0.009979728141843225,0.014028427640369046,0.29992976039648056
1128,1128,3.853283643722534,3.874682664871216,0.0002,2.7254241056245045,0.21131953224539757,0.009973993576750217,0.014017210816746228,0.29985566437244415
1129,1129,3.8452558517456055,3.860764980316162,0.0002,2.7529972974835464,0.21195875480771065,0.009963219354176545,0.01403256130652153,0.30000651627779007
1130,1130,3.8480844497680664,3.8754804134368896,0.0002,2.7781267414216595,0.2126450464129448,0.009972846414711967,0.014079288737775641,0.29999104142189026
1131,1131,3.861910581588745,3.872117042541504,0.0002,2.801021509286228,0.21257013082504272,0.009994166958676942,0.014053641720238375,0.3003031015396118
1132,1132,3.8847031593322754,3.865124464035034,0.0002,2.8204080027597884,0.21274662390351295,0.009996932471949549,0.014087394485613913,0.30118507891893387
1133,1133,3.8611104488372803,3.9028100967407227,0.0002,2.8382928397692067,0.21257132664322853,0.009993051878154802,0.01411106751220359,0.3016398772597313
1134,1134,3.8461098670959473,3.8797309398651123,0.0002,2.8519421479729723,0.21365994215011597,0.009988373448322818,0.014115968468104256,0.3012531101703644
1135,1135,3.864802837371826,3.8679604530334473,0.0002,2.8637901201465454,0.2149152010679245,0.009980299380003999,0.014067394557059743,0.3009086102247238
1136,1136,3.864712715148926,3.8596408367156982,0.0002,2.8776765201311485,0.21362841501832008,0.009984267845538852,0.014062930491490988,0.3014642745256424
1137,1137,3.8522565364837646,3.8728890419006348,0.0002,2.8906327427588647,0.21510346233844757,0.009976808790270297,0.014104426611083909,0.3024994358420372
1138,1138,3.8565673828125,3.8806395530700684,0.0002,2.9026889183869606,0.21364997699856758,0.009955653229553718,0.014119543078777497,0.3024974688887596
1139,1139,3.863330125808716,3.9072763919830322,0.0002,2.9131260043480154,0.21440426632761955,0.009975675083296665,0.014167296028972487,0.30327296257019043
1140,1140,3.840973377227783,3.870217800140381,0.0002,2.922183641776576,0.21386601030826569,0.009963907169549202,0.014175793008689652,0.30331306904554367
1141,1141,3.8615190982818604,3.855020523071289,0.0002,2.930205062209159,0.2142273522913456,0.009962301390260109,0.014171594488288974,0.3039150536060333
1142,1142,3.849839448928833,3.850663900375366,0.0002,2.9371585929182698,0.21513130515813828,0.009955091585652553,0.014157286563204252,0.3033452481031418
1143,1143,3.863950490951538,3.8992180824279785,0.0002,2.943994886481459,0.21489247307181358,0.009954487944014545,0.014190501091434271,0.30331024527549744
1144,1144,3.872894048690796,3.856461524963379,0.0002,2.949929928268347,0.2152312621474266,0.009978207264794037,0.014180235510139028,0.30442237108945847
1145,1145,3.852203845977783,3.877366065979004,0.0002,2.955619650532221,0.21525273844599724,0.009968754730834917,0.014178548244672129,0.3044626712799072
1146,1146,3.8550961017608643,3.8558592796325684,0.0002,2.9609785660635968,0.21444770321249962,0.009964425642465358,0.014200757957951282,0.30423854291439056
1147,1147,3.875336170196533,3.8691487312316895,0.0002,2.965562773894545,0.21463123708963394,0.009978436345591035,0.014264009811085998,0.3060120642185211
1148,1148,3.8327386379241943,3.8606033325195312,0.0002,2.969868085351958,0.21558432653546333,0.009984551435081812,0.014265617597629898,0.3053222894668579
1149,1149,3.855719566345215,3.8505442142486572,0.0002,2.9739935488824973,0.21578100696206093,0.009999600154515065,0.014258214643632527,0.30536501109600067
1150,1150,3.8435516357421875,3.888397216796875,0.0002,2.9772645471518357,0.21657510846853256,0.010003827290347544,0.01432171173291863,0.306233286857605
1151,1151,3.8749752044677734,3.8685827255249023,0.0002,2.9801175515472003,0.2155851386487484,0.010012147837187513,0.014303800751804374,0.3059910759329796
1152,1152,3.8363709449768066,3.8487634658813477,0.0002,2.982774360407113,0.21592694148421288,0.01001830711356888,0.014334157949633664,0.3061758875846863
1153,1153,3.863581895828247,3.8574140071868896,0.0002,2.984712869700941,0.21592947840690613,0.010013013103161938,0.014377937683093478,0.3070641756057739
1154,1154,3.880462884902954,3.8726718425750732,0.0002,2.986730040279455,0.21692482382059097,0.010029071331700834,0.014444584721786669,0.30794864147901535
1155,1155,3.8303918838500977,3.844985008239746,0.0002,2.9889290483263253,0.2171955108642578,0.010040097589808283,0.014443983314777142,0.30760377645492554
1156,1156,3.8589296340942383,3.840916156768799,0.0002,2.9903302698527967,0.21563781797885895,0.010031772092588653,0.01440822848235257,0.3074624761939049
1157,1157,3.8265347480773926,3.8496713638305664,0.0002,2.9917522387030457,0.21726354956626892,0.010057954345938924,0.014477710603387095,0.30890563130378723
1158,1158,3.8616349697113037,3.8365559577941895,0.0002,2.9924982823505024,0.2163686566054821,0.010047878248769848,0.014486966869299067,0.30819597840309143
1159,1159,3.8603031635284424,3.864739179611206,0.0002,2.99345434592452,0.21826480329036713,0.010081665043799148,0.014538191215251572,0.3094039857387543
1160,1160,3.8342225551605225,3.855051279067993,0.0002,2.9941261812160467,0.2177598476409912,0.010079574584779039,0.014536840062646661,0.3097459599375725
1161,1161,3.8512160778045654,3.849797010421753,0.0002,2.995244102015466,0.2175045758485794,0.010069298120470194,0.01454826264125586,0.31012608855962753
1162,1162,3.8432343006134033,3.859872817993164,0.0002,2.9953609126474925,0.21838881447911263,0.010085949104905012,0.01456812213655212,0.310651496052742
1163,1163,3.8659379482269287,3.8524527549743652,0.0002,2.996059416168418,0.2201041616499424,0.010086333523759095,0.014541742248184164,0.30941324681043625
1164,1164,3.8404159545898438,3.86629581451416,0.0002,2.99638299618177,0.21818962693214417,0.010076533639221452,0.014557982165570138,0.31014449894428253
1165,1165,3.85072922706604,3.88539981842041,0.0002,2.9964086960989387,0.21899054199457169,0.010077827992972743,0.01456430336656922,0.31018616259098053
1166,1166,3.861110210418701,3.868457317352295,0.0002,2.9967259982696084,0.21889743208885193,0.010090531461173669,0.01459262993739685,0.3107341006398201
1167,1167,3.838484048843384,3.862809181213379,0.0002,2.997340872964141,0.2195720225572586,0.010097799538016261,0.014639177245044266,0.311001755297184
1168,1168,3.8705224990844727,3.8427157402038574,0.0002,2.997929307330316,0.2194640301167965,0.010107737311955134,0.014699745841426193,0.3124835416674614
1169,1169,3.864997386932373,3.871319532394409,0.0002,2.998674390662608,0.2208280898630619,0.010110562778208987,0.014688885697978549,0.31144821643829346
1170,1170,3.8803303241729736,3.8675780296325684,0.0002,2.9987000614434196,0.2197466343641281,0.010106598662787292,0.014657610136055155,0.31213150918483734
1171,1171,3.85402250289917,3.8457765579223633,0.0002,2.9997680436127174,0.21901293471455574,0.01009561034697981,0.014656835643108934,0.31202416121959686
1172,1172,3.8634636402130127,3.8671772480010986,0.0002,2.999990645272378,0.2198902741074562,0.010100808809511364,0.014712891874296474,0.31154707074165344
1173,1173,3.8484973907470703,3.8619256019592285,0.0002,3.0006237159342515,0.21951789036393166,0.0101175105164657,0.014729392054505297,0.31304656714200974
1174,1174,3.858358144760132,3.8648898601531982,0.0002,3.000950088484307,0.22090161964297295,0.010127516118700441,0.01474401018822391,0.3127877339720726
1175,1175,3.844660997390747,3.850162982940674,0.0002,3.0010711871295697,0.220955990254879,0.010123541216671583,0.014770399240660481,0.31355584412813187
1176,1176,3.825827121734619,3.8510334491729736,0.0002,3.0015796184046435,0.22039327397942543,0.010140881943698332,0.014809981328653521,0.31522364169359207
1177,1177,3.8223636150360107,3.879045248031616,0.0002,3.002179378327747,0.22021711617708206,0.010136533674085513,0.014794533688473166,0.314662829041481
1178,1178,3.860053539276123,3.843895673751831,0.0002,3.0026210591142077,0.22017322480678558,0.010136951892491197,0.014804009228100767,0.31527142226696014
1179,1179,3.8227107524871826,3.8607194423675537,0.0002,3.0034226207333234,0.2208283506333828,0.010154441452868923,0.014832864730124129,0.3165053725242615
1180,1180,3.852531671524048,3.8612709045410156,0.0002,3.0035093699570505,0.22171321883797646,0.010128914176675607,0.01474305774900131,0.31396811455488205
1181,1181,3.835221290588379,3.846402168273926,0.0002,3.0032187862716246,0.22153519839048386,0.010145500240469119,0.014777870957914274,0.31549740582704544
1182,1182,3.834043502807617,3.8961384296417236,0.0002,3.0034173719593307,0.22162240371108055,0.01013931087891251,0.014776881782381679,0.31529681384563446
1183,1183,3.8871829509735107,3.8423941135406494,0.0002,3.0031737367313163,0.2219296507537365,0.010159874885175668,0.014842438300547656,0.3170453980565071
1184,1184,3.85318922996521,3.863795042037964,0.0002,3.0027876650467022,0.22149433940649033,0.010147751664590032,0.014851199955955963,0.31634269654750824
1185,1185,3.8299872875213623,3.8801791667938232,0.0002,3.0024410097913203,0.221560537815094,0.010129862074791163,0.014814695678069256,0.3159386217594147
1186,1186,3.8471693992614746,3.8527517318725586,0.0002,3.002831645767518,0.22132864966988564,0.010119618959834042,0.014791748910283786,0.3161372095346451
1187,1187,3.8563480377197266,3.857708215713501,0.0002,3.003153950872324,0.2207849733531475,0.010146309714400559,0.014838559216514113,0.31739694625139236
1188,1188,3.8231451511383057,3.860654592514038,0.0002,3.0038446684433,0.2222594916820526,0.010136684584722389,0.014860509703794378,0.3170502856373787
1189,1189,3.8369462490081787,3.846726417541504,0.0002,3.0035430733518207,0.2213035449385643,0.010135070147953229,0.014909504954630393,0.3182828351855278
1190,1190,3.815596342086792,3.862213611602783,0.0002,3.0030721675479537,0.22310777753591537,0.010141467842913698,0.01488964272357407,0.317678838968277
1191,1191,3.8458099365234375,3.914440155029297,0.0002,3.002598687943326,0.22313394770026207,0.010146809152502101,0.014877783263727906,0.31815218925476074
1192,1192,3.824031114578247,3.863518714904785,0.0002,3.0023264561143743,0.22346195951104164,0.010137476888303354,0.014880917135087657,0.3184095323085785
1193,1193,3.833221197128296,3.8798141479492188,0.0002,3.00281410560513,0.2233865074813366,0.010128644626092864,0.014902507955412148,0.3181288093328476
1194,1194,3.8370189666748047,3.8458755016326904,0.0002,3.0037515279135047,0.22290753945708275,0.010139817105482507,0.014888376126691583,0.3189636170864105
1195,1195,3.8339009284973145,3.8329553604125977,0.0002,3.0036559002730447,0.22418427094817162,0.01016533938854991,0.014902257646099315,0.31952331215143204
1196,1196,3.83630633354187,3.823101282119751,0.0002,2.7943253368254592,0.22370804101228714,0.01016944576986134,0.014918634111381834,0.32030314207077026
1197,1197,3.8285000324249268,3.871838331222534,0.0002,2.604282435298768,0.22304009273648262,0.010165260199755721,0.014941815734346164,0.31977109611034393
1198,1198,3.84238338470459,3.858854055404663,0.0002,2.643710251589148,0.22345083206892014,0.010168744947804953,0.01494384414399974,0.31974972039461136
1199,1199,3.885876417160034,3.8409740924835205,0.0002,2.6801817621803155,0.2249530330300331,0.010163097119402664,0.014945243690817733,0.32035188376903534
1200,1200,3.8356058597564697,3.8445537090301514,0.0002,2.712265252671877,0.22449487447738647,0.010178600112340064,0.015023647003545193,0.3212331756949425
1201,1201,3.844075918197632,3.850099563598633,0.0002,2.741938103889356,0.2248075008392334,0.010167434534196218,0.015051984853926115,0.3216981813311577
1202,1202,3.8565328121185303,3.8380279541015625,0.0002,2.7679062495765505,0.22538899257779121,0.010174183856179297,0.015081268711583107,0.32200244814157486
1203,1203,3.841290235519409,3.8556885719299316,0.0002,2.7916812674443405,0.22571470960974693,0.010205033494457894,0.015104074365808628,0.32285189628601074
1204,1204,3.8401360511779785,3.8926172256469727,0.0002,2.8132825805504282,0.22644338011741638,0.010195447071964736,0.015081883713719435,0.3224671334028244
1205,1205,3.847651243209839,3.888052225112915,0.0002,2.8331174993506485,0.2246340550482273,0.010173247506827465,0.01507391719133011,0.32159533351659775
1206,1206,3.824187994003296,3.831298351287842,0.0002,2.850874798554925,0.2257283255457878,0.010192483264290786,0.015075236162374495,0.3222502991557121
1207,1207,3.824113130569458,3.8360674381256104,0.0002,2.867056112602924,0.226686242967844,0.010214398381322098,0.015072131353008444,0.32316475361585617
1208,1208,3.856358051300049,3.8521440029144287,0.0002,2.880933211528392,0.22572656720876694,0.01022857103998831,0.015093325493580778,0.3229563236236572
1209,1209,3.8386049270629883,3.827014684677124,0.0002,2.8936015180666503,0.22541876137256622,0.010215330888058816,0.015135443929466419,0.32395830005407333
1210,1210,3.8475751876831055,3.8581438064575195,0.0002,2.9046694032242835,0.2256108559668064,0.010235914698569104,0.015193363497019163,0.32409629225730896
1211,1211,3.809520959854126,3.837679386138916,0.0002,2.914758353820162,0.2264624536037445,0.010247768195768003,0.015199123792626779,0.3242598921060562
1212,1212,3.8593287467956543,3.8492579460144043,0.0002,2.9237779616535575,0.2257612943649292,0.010259264298838389,0.015224611295707291,0.3248082622885704
1213,1213,3.859670639038086,3.8447930812835693,0.0002,2.9316488705286328,0.22544389218091965,0.010241629250231199,0.015264902500348398,0.32440486550331116
1214,1214,3.8533599376678467,3.877420425415039,0.0002,2.9385419069403182,0.22632715851068497,0.010250170962535776,0.015302346046155435,0.3252786248922348
1215,1215,3.8199071884155273,3.8481245040893555,0.0002,2.9458079818353595,0.22739271447062492,0.01025938101884094,0.015267907148881932,0.32372473925352097
1216,1216,3.8335986137390137,3.837704658508301,0.0002,2.9518453351190117,0.22729845345020294,0.01028895064155222,0.015293773973098723,0.32579413801431656
1217,1217,3.8763513565063477,3.8386952877044678,0.0002,2.9571547826793383,0.22906634211540222,0.01027813090422569,0.015327625946156331,0.3262130469083786
1218,1218,3.838371992111206,3.822841167449951,0.0002,2.9623896766758233,0.22694824263453484,0.01026722555525339,0.015327139479268226,0.32479651272296906
1219,1219,3.8340647220611572,3.823272466659546,0.0002,2.757763460997119,0.22839685156941414,0.01028417070301657,0.015365060038675438,0.32609234750270844
1220,1220,3.809703826904297,3.843479871749878,0.0002,2.7820769534716923,0.22765004262328148,0.010292684308296884,0.015350510588177713,0.3267447426915169
1221,1221,3.8432581424713135,3.856157064437866,0.0002,2.804186911639425,0.22838705405592918,0.010287100874847965,0.015374950467958115,0.32744744420051575
1222,1222,3.8510842323303223,3.8347320556640625,0.0002,2.8240454744549335,0.22724754735827446,0.010302184239662893,0.015390504759125179,0.3281630352139473
1223,1223,3.830458402633667,3.8408849239349365,0.0002,2.84204801734787,0.22688952088356018,0.010295474454323994,0.015399468207760947,0.32756929844617844
1224,1224,3.8800764083862305,3.840888023376465,0.0002,2.8586092375939205,0.22846132889389992,0.010298653175595973,0.01540753479093837,0.3288584053516388
1225,1225,3.8424015045166016,3.833237886428833,0.0002,2.872297647279694,0.22894345968961716,0.010300308299520111,0.01538881685155502,0.328813798725605
1226,1226,3.821255683898926,3.841186761856079,0.0002,2.885478869715664,0.2289615422487259,0.010298314618921722,0.015351660174928838,0.3282769173383713
1227,1227,3.8240597248077393,3.840770721435547,0.0002,2.897036214280055,0.2287018857896328,0.010317008755009738,0.015372396233942709,0.329822801053524
1228,1228,3.812530517578125,3.826554298400879,0.0002,2.9070688286170805,0.2293292172253132,0.010292768263752805,0.015398771452964866,0.328169085085392
1229,1229,3.8441150188446045,3.865351676940918,0.0002,2.9168296106832194,0.23035994544625282,0.010286189784892485,0.015398054423712892,0.32894783467054367
1230,1230,3.83307147026062,3.8502297401428223,0.0002,2.925838311475436,0.22983845323324203,0.01031563927881507,0.015411257671075873,0.3297950252890587
1231,1231,3.8001058101654053,3.8375773429870605,0.0002,2.9336919361069507,0.23003631830215454,0.010308396829714184,0.015464813510334352,0.3296835571527481
1232,1232,3.817483425140381,3.8480639457702637,0.0002,2.940395731638736,0.23001683503389359,0.010315107302631077,0.01552684432863316,0.33067187666893005
1233,1233,3.8377225399017334,3.85097074508667,0.0002,2.946889134902082,0.2298915795981884,0.010321040149392502,0.015538509305770276,0.330537311732769
1234,1234,3.874389410018921,3.8478140830993652,0.0002,2.9529044096446757,0.22990868613123894,0.010340946152609831,0.015508109239817713,0.33203646540641785
1235,1235,3.8354904651641846,3.8276045322418213,0.0002,2.9578205090835032,0.22965887188911438,0.010325570802706352,0.01551248565192509,0.331456758081913
1236,1236,3.817744731903076,3.8136231899261475,0.0002,2.9628393135136073,0.23162319883704185,0.01031565987796057,0.015548408196991659,0.3318978101015091
1237,1237,3.8376896381378174,3.8517065048217773,0.0002,2.7587167166880353,0.23094481974840164,0.010318186808945029,0.015516996654696413,0.331452839076519
1238,1238,3.8188605308532715,3.8612558841705322,0.0002,2.790151201242856,0.2306048795580864,0.010348175018407346,0.015497995553232613,0.33251968026161194
1239,1239,3.8168866634368896,3.838425397872925,0.0002,2.8186956104060217,0.23184095323085785,0.01033192481554579,0.015472756183953607,0.33135613799095154
1240,1240,3.8204379081726074,3.8465964794158936,0.0002,2.844203073959109,0.23049771413207054,0.010357360121815873,0.015535222186372266,0.33325179666280746
1241,1241,3.845536708831787,3.8498761653900146,0.0002,2.867467265511493,0.2312411405146122,0.010361325059420778,0.015586999026709236,0.3326813206076622
1242,1242,3.8719756603240967,3.830275535583496,0.0002,2.888090084293873,0.2312590293586254,0.010371843370194256,0.015621299276972422,0.3343057781457901
1243,1243,3.8225584030151367,3.83162260055542,0.0002,2.906832095925314,0.2309795618057251,0.010382927684077004,0.015663793677958893,0.33493633568286896
1244,1244,3.806861639022827,3.8062126636505127,0.0002,2.923403059213618,0.23162449523806572,0.01037026591711765,0.015649035334718064,0.33442191779613495
1245,1245,3.8486034870147705,3.814068555831909,0.0002,2.72164751561354,0.2317296452820301,0.010380979122601275,0.01567138218706532,0.33494149148464203
1246,1246,3.8288278579711914,3.8630733489990234,0.0002,2.7500443435060853,0.23273074999451637,0.010388999718088598,0.015689662424847484,0.33517390489578247
1247,1247,3.8224291801452637,3.839448928833008,0.0002,2.77381263739226,0.23280075564980507,0.010406771839370776,0.015723327604064252,0.3358219340443611
1248,1248,3.8419029712677,3.8357155323028564,0.0002,2.7964948048243996,0.23259477317333221,0.010413236786916968,0.01572416725139192,0.335662379860878
1249,1249,3.8207271099090576,3.847963333129883,0.0002,2.8181877838480496,0.23294592648744583,0.010425818670228182,0.015803629086803994,0.3361981436610222
1250,1250,3.819715738296509,3.811248302459717,0.0002,2.8369413124558718,0.23176907002925873,0.010406067631265614,0.015767928796776687,0.33542388677597046
1251,1251,3.825417995452881,3.849641799926758,0.0002,2.854372830431787,0.23246267065405846,0.010423084277135786,0.015768295223097084,0.33720435202121735
1252,1252,3.796717405319214,3.8137683868408203,0.0002,2.8704213578281252,0.23269761726260185,0.0104140746034318,0.015738575884824968,0.33651450276374817
1253,1253,3.814206123352051,3.813920259475708,0.0002,2.8846465462700532,0.23437342047691345,0.010404752357317193,0.015805034583536326,0.3363122195005417
1254,1254,3.858757972717285,3.8202333450317383,0.0002,2.8966891949900764,0.23356615006923676,0.010427814214381215,0.015818032072274946,0.3368673399090767
1255,1255,3.832857847213745,3.8013980388641357,0.0002,2.908296254697092,0.23461884260177612,0.01044411057500838,0.01586418298211356,0.3371204510331154
1256,1256,3.788682699203491,3.7874815464019775,0.0002,2.707778430788389,0.23391782119870186,0.010430881241518364,0.01584563515280024,0.33705825358629227
1257,1257,3.8058388233184814,3.8351430892944336,0.0002,2.529436632279989,0.2345123179256916,0.010452508599883004,0.01587919564008189,0.3375279903411865
1258,1258,3.791696786880493,3.8433189392089844,0.0002,2.5736380607740803,0.23377535492181778,0.010422042029858858,0.01592812426497403,0.33826974034309387
1259,1259,3.8444175720214844,3.815960168838501,0.0002,2.6142544236953684,0.23559961467981339,0.010446317663081572,0.015944932845741278,0.338860422372818
1260,1260,3.827143907546997,3.8314404487609863,0.0002,2.6532224335710786,0.23532580956816673,0.010455627363626263,0.015894463133008685,0.3391785994172096
1261,1261,3.814114570617676,3.8254234790802,0.0002,2.6885341141125196,0.23350189253687859,0.010463238024385646,0.015876204746746225,0.3388582617044449
1262,1262,3.8009958267211914,3.832247734069824,0.0002,2.719950656719492,0.23488887399435043,0.010450090163431014,0.015976648337527877,0.34042417258024216
1263,1263,3.858787775039673,3.8146278858184814,0.0002,2.7483701503903455,0.23485027253627777,0.010444884396747511,0.016012958963983692,0.34132831543684006
1264,1264,3.8459534645080566,3.8259501457214355,0.0002,2.774084963161739,0.235078327357769,0.010474781146513124,0.01598406873017666,0.3412570133805275
1265,1265,3.8062703609466553,3.8177223205566406,0.0002,2.7973313690160895,0.23567863926291466,0.010479400198164512,0.01595880198146915,0.34034624695777893
1266,1266,3.833529233932495,3.8931779861450195,0.0002,2.8179459083879066,0.2354525774717331,0.010486079328074993,0.016023908612623927,0.342274971306324
1267,1267,3.8104419708251953,3.859081983566284,0.0002,2.8366435115767747,0.23634932562708855,0.010465409687640204,0.016044344050897053,0.3415857031941414
1268,1268,3.90348219871521,3.8662710189819336,0.0002,2.8537388351337487,0.2359435297548771,0.010472585157913272,0.01598452614780399,0.34106331318616867
1269,1269,3.8131258487701416,3.8270742893218994,0.0002,2.8690610057263974,0.23705163225531578,0.010492845177395793,0.0159510356534156,0.3422122374176979
1270,1270,3.828032970428467,3.815861701965332,0.0002,2.8824607135018567,0.23591089248657227,0.010486258792298031,0.016029322985559702,0.34367626160383224
1271,1271,3.7953596115112305,3.85764217376709,0.0002,2.8949010985540853,0.23542099446058273,0.010479498311724456,0.016088527692772914,0.3426828533411026
1272,1272,3.8610405921936035,3.8385918140411377,0.0002,2.9057505501211143,0.23665989935398102,0.01049899881491001,0.016090977544081397,0.34269969165325165
1273,1273,3.822265863418579,3.809587001800537,0.0002,2.915745201415863,0.2361842319369316,0.010501328119062237,0.016068577253463445,0.34229598194360733
1274,1274,3.822770833969116,3.8389804363250732,0.0002,2.9241427754427725,0.23730818182229996,0.010512862992072769,0.016119611715112114,0.34283366054296494
1275,1275,3.8462181091308594,3.8185970783233643,0.0002,2.9322504246142835,0.23685559630393982,0.010520799827645533,0.01619515984930331,0.34527362138032913
1276,1276,3.8091108798980713,3.8355634212493896,0.0002,2.939558358580075,0.23728708550333977,0.010512789763197361,0.01619678641509381,0.34345051646232605
1277,1277,3.825516939163208,3.8156113624572754,0.0002,2.9462660447211086,0.23675288632512093,0.010530510959142703,0.01618005451746285,0.34471825510263443
1278,1278,3.773486375808716,3.8297975063323975,0.0002,2.9529569049479214,0.2381267175078392,0.010531269370403606,0.01622700884763617,0.3444337248802185
1279,1279,3.82511305809021,3.8176662921905518,0.0002,2.958443838242982,0.23790675029158592,0.010526605982704496,0.016236578918324085,0.3462968245148659
1280,1280,3.8091299533843994,3.8025569915771484,0.0002,2.963769321964914,0.23728995397686958,0.010521992952817527,0.016195142932701856,0.34556810557842255
1281,1281,3.8039591312408447,3.857085943222046,0.0002,2.967968597874085,0.23764027655124664,0.010529855281674827,0.01624171757066506,0.3446817398071289
1282,1282,3.7903106212615967,3.856731653213501,0.0002,2.906713248918371,0.23715222254395485,0.010533135658079118,0.01621947832609294,0.3470759764313698
1283,1283,3.8078019618988037,3.8068222999572754,0.0002,2.9171398414423226,0.23790979385375977,0.010546501488533977,0.016254242436843924,0.3473007157444954
1284,1284,3.810851573944092,3.793910264968872,0.0002,2.926062545607637,0.2390839084982872,0.010527869109864696,0.0162634759399225,0.34632638841867447
1285,1285,3.805046796798706,3.8125739097595215,0.0002,2.934009581563483,0.23747697100043297,0.010559155736700632,0.016306484711094527,0.34682027995586395
1286,1286,3.810523509979248,3.80350661277771,0.0002,2.9418041141531357,0.23765581846237183,0.01055733307293849,0.016353228140360443,0.3481007441878319
1287,1287,3.8288474082946777,3.824716806411743,0.0002,2.948477637486574,0.23965123295783997,0.010553650767178624,0.016362796570319915,0.3484964147210121
1288,1288,3.819607734680176,3.850961446762085,0.0002,2.9546912582198113,0.23969422653317451,0.010548740484409791,0.016330298618413508,0.34835099428892136
1289,1289,3.793693780899048,3.8324315547943115,0.0002,2.9597122144911294,0.2385200597345829,0.010536394188420672,0.016323089483194053,0.3473621606826782
1290,1290,3.808117389678955,3.8056466579437256,0.0002,2.9646969058249266,0.2388954758644104,0.010545560574428237,0.016352736794942757,0.34823593497276306
1291,1291,3.789679765701294,3.8235251903533936,0.0002,2.9693549853416883,0.2397134080529213,0.010574713322057505,0.0163482548086904,0.350615456700325
1292,1292,3.7776196002960205,3.8530592918395996,0.0002,2.9731056178747846,0.23997161909937859,0.010561831655650167,0.016378073356463574,0.34890537708997726
1293,1293,3.7839834690093994,3.8231658935546875,0.0002,2.9763808548596584,0.23972996324300766,0.010586672511635697,0.016434726770967245,0.35050345957279205
1294,1294,3.79296875,3.795114517211914,0.0002,2.979761597645004,0.2396310232579708,0.010575767446425743,0.016429467577836476,0.34907402843236923
1295,1295,3.8131606578826904,3.8012077808380127,0.0002,2.982593619017152,0.24127424880862236,0.010575433153462654,0.01646267391333822,0.3501058295369148
1296,1296,3.806403636932373,3.8339195251464844,0.0002,2.9853460753646,0.24098359793424606,0.010546756927396927,0.016410469626862323,0.35018639266490936
1297,1297,3.8020565509796143,3.838989496231079,0.0002,2.987240316735967,0.24080024287104607,0.010573168638075003,0.016453982207167428,0.35071735084056854
1298,1298,3.8078155517578125,3.8093504905700684,0.0002,2.9890221261507954,0.24099864065647125,0.010572384921943012,0.016458488535135984,0.35176561027765274
1299,1299,3.8105874061584473,3.8255536556243896,0.0002,2.99072164392065,0.24036116525530815,0.01055967484080611,0.016461937597341603,0.3521389812231064
1300,1300,3.84775972366333,3.8165526390075684,0.0002,2.992517745672722,0.241460632532835,0.010556083377196046,0.016384762297093403,0.35168763995170593
1301,1301,3.832632541656494,3.796630859375,0.0002,2.9940398054739954,0.24186984077095985,0.010565399580627854,0.016365983938158024,0.35139015316963196
1302,1302,3.836552381515503,3.7959585189819336,0.0002,2.9952312149776876,0.2414228543639183,0.010563676349192974,0.016432480955700157,0.35226697474718094
1303,1303,3.79720139503479,3.795159101486206,0.0002,2.9963901579172267,0.24157539382576942,0.010585797595922486,0.016436574205727084,0.35440918803215027
1304,1304,3.812580108642578,3.8256924152374268,0.0002,2.9980202626262207,0.24258844181895256,0.010572735629466479,0.016443216543848393,0.35291652381420135
1305,1305,3.841235637664795,3.845151424407959,0.0002,2.9992850023726767,0.24311188980937004,0.010550190156209283,0.016485986991028767,0.3523999974131584
1306,1306,3.8351845741271973,3.873427629470825,0.0002,3.000016120754644,0.24282943829894066,0.010574975827694288,0.016473998832225334,0.3549050912261009
1307,1307,3.8333888053894043,3.816758871078491,0.0002,3.0008432039492337,0.24220411479473114,0.010569638469860365,0.016474155923788203,0.3550083339214325
1308,1308,3.7828712463378906,3.8281755447387695,0.0002,3.002187304562906,0.242246326059103,0.01057095074611425,0.016493158480443526,0.35488126426935196
1309,1309,3.7946388721466064,3.8462412357330322,0.0002,3.00291112480986,0.24182884395122528,0.010562751627730904,0.016462428808154073,0.35556433349847794
1310,1310,3.7928884029388428,3.8207144737243652,0.0002,3.0031820793815576,0.24309933930635452,0.010551530517659558,0.016489428307977505,0.3553147315979004
1311,1311,3.806699514389038,3.8334853649139404,0.0002,3.003064736742231,0.24298898875713348,0.010553685456216044,0.016470059261337155,0.35671836137771606
1312,1312,3.7948665618896484,3.844263792037964,0.0002,3.003361944378704,0.24213630706071854,0.010561240766946867,0.016435951925814152,0.3557017967104912
1313,1313,3.7729761600494385,3.804439067840576,0.0002,3.004311527839042,0.24297944828867912,0.010548526964157645,0.01645056412598933,0.35581718385219574
1314,1314,3.784593105316162,3.793081045150757,0.0002,3.0047142807093774,0.24267472699284554,0.01056813975719706,0.01646326775517082,0.3573210686445236
1315,1315,3.784914016723633,3.882387638092041,0.0002,3.0050323130000245,0.2425287626683712,0.010540198472881457,0.016479981339216465,0.3558473512530327
1316,1316,3.8382890224456787,3.7901785373687744,0.0002,3.0052676007954258,0.24396051838994026,0.010571396495834051,0.0165431620189338,0.358450748026371
1317,1317,3.7988765239715576,3.8179478645324707,0.0002,3.0051956741340877,0.2446821667253971,0.010543382497417042,0.016483291368786013,0.3546063154935837
1318,1318,3.814727544784546,3.800077438354492,0.0002,3.0054675204455554,0.24329742789268494,0.010566896833552164,0.016516562394826906,0.35850343108177185
1319,1319,3.7823874950408936,3.7886533737182617,0.0002,3.0055525783725,0.24378404766321182,0.010566262746579014,0.01657618026001728,0.3596649020910263
1320,1320,3.7974045276641846,3.8168821334838867,0.0002,3.0058328544715622,0.24332192912697792,0.010551527158895624,0.016581545172812184,0.35957299917936325
1321,1321,3.80414080619812,3.8389978408813477,0.0002,3.006218356152707,0.2451687566936016,0.01056360423717706,0.01652009106328478,0.358882412314415
1322,1322,3.7901015281677246,3.8468215465545654,0.0002,3.0061005744402265,0.2450295053422451,0.010576796902569185,0.01645390245175804,0.35767002403736115
1323,1323,3.795288324356079,3.800544023513794,0.0002,3.0063154674141037,0.24453988671302795,0.010564542502834229,0.016509908171428833,0.360332652926445
1324,1324,3.8476927280426025,3.823852062225342,0.0002,3.0062037350361654,0.24503430351614952,0.010529200419114204,0.016550767668377375,0.3585697337985039
1325,1325,3.808068037033081,3.810936212539673,0.0002,3.0068856353355304,0.24611368775367737,0.01055817722226493,0.016482535509567242,0.357920378446579
1326,1326,3.7804617881774902,3.8377695083618164,0.0002,3.0072489983083583,0.245373222976923,0.01058754813948326,0.01657513349709916,0.360321544110775
1327,1327,3.846553087234497,3.78830623626709,0.0002,3.0071201388069553,0.24528731405735016,0.010600865331070963,0.01667241082759574,0.3602185696363449
1328,1328,3.7980847358703613,3.7999324798583984,0.0002,3.0071694271195217,0.2451212927699089,0.010598286986351013,0.016716495469154324,0.3623165264725685
1329,1329,3.7875945568084717,3.802807569503784,0.0002,3.0069654744511154,0.2467658407986164,0.010588557959636091,0.01666083214149694,0.36117835342884064
1330,1330,3.7624309062957764,3.8170454502105713,0.0002,3.005530528606508,0.24743656814098358,0.010603999451632262,0.016627864770271117,0.3609631210565567
1331,1331,3.8629181385040283,3.8572912216186523,0.0002,3.0056839416130186,0.2452176846563816,0.010592750491923653,0.01668764549685875,0.3608386814594269
1332,1332,3.792635202407837,3.8744125366210938,0.0002,3.0061942187347883,0.24707098305225372,0.010593697003059788,0.016759358666604385,0.3622501268982887
1333,1333,3.8031020164489746,3.825589656829834,0.0002,3.0066277017513925,0.24693182855844498,0.010607762757899764,0.016686009697878035,0.36269859224557877
1334,1334,3.8262481689453125,3.8465638160705566,0.0002,3.0069299703637564,0.24867387488484383,0.010598693472275045,0.016655887025990523,0.36034366488456726
1335,1335,3.8078839778900146,3.8192555904388428,0.0002,3.006949133431394,0.24607063084840775,0.01062429789271846,0.016680600063409656,0.36265139281749725
1336,1336,3.7992191314697266,3.798304796218872,0.0002,3.0068040976459223,0.24634605646133423,0.01059567822903773,0.016764003565185703,0.36391448974609375
1337,1337,3.8223485946655273,3.8772025108337402,0.0002,3.0062981262341535,0.2475583516061306,0.010608604212393402,0.016799946744868066,0.3641652464866638
1338,1338,3.8047783374786377,3.802797555923462,0.0002,3.006037090549101,0.24762437492609024,0.010626419236359652,0.01674798285966972,0.36487142741680145
1339,1339,3.7948944568634033,3.8140783309936523,0.0002,3.0067573803829064,0.24697233736515045,0.01060124340801849,0.016761402595875552,0.3638463318347931
1340,1340,3.822425365447998,3.8095524311065674,0.0002,3.0067988460956525,0.24897655472159386,0.010636987644829787,0.016860256604559254,0.3645525723695755
1341,1341,3.8001511096954346,3.86433744430542,0.0002,3.007064282279084,0.24880192428827286,0.010636019924277207,0.016798532768007135,0.36443985998630524
1342,1342,3.787936210632324,3.8027729988098145,0.0002,3.0069577961097402,0.24856005236506462,0.010642688509506115,0.01684797467169119,0.3665664792060852
1343,1343,3.793386220932007,3.8045153617858887,0.0002,3.006673166032629,0.24815763533115387,0.01062039080170507,0.01681638410082087,0.3657565712928772
1344,1344,3.7895896434783936,3.800999164581299,0.0002,3.006989141886544,0.24734577164053917,0.01062924070720328,0.01682172931396053,0.3663121163845062
1345,1345,3.8062093257904053,3.8010897636413574,0.0002,3.0074987765283403,0.2483198083937168,0.010632402962983178,0.01687396049601375,0.366153322160244
1346,1346,3.7878642082214355,3.812114715576172,0.0002,3.007604787825052,0.24962452054023743,0.010648610149473825,0.016867814512806945,0.3661714568734169
1347,1347,3.8167972564697266,3.8207075595855713,0.0002,3.007215196210469,0.24905192852020264,0.01061939645842358,0.01686603571215528,0.36453938484191895
1348,1348,3.7983765602111816,3.7920148372650146,0.0002,3.0065282755370903,0.24984554946422577,0.010661252513273212,0.01691523165209219,0.3684997484087944
1349,1349,3.786116361618042,3.7971580028533936,0.0002,3.006492461297898,0.25034690275788307,0.010649058726812655,0.017002308151859324,0.36790741235017776
1350,1350,3.767789363861084,3.8289215564727783,0.0002,3.0064561637220057,0.24951038137078285,0.010643782408806146,0.017022345280565787,0.36811693757772446
1351,1351,3.793623208999634,3.7847304344177246,0.0002,3.0065500427928926,0.25047667324543,0.010645647280398407,0.0169901519875566,0.36935242265462875
1352,1352,3.80784273147583,3.8103229999542236,0.0002,2.797068375505972,0.24995172768831253,0.010641053496328823,0.01699464305420406,0.36745479702949524
1353,1353,3.7775707244873047,3.826889753341675,0.0002,2.8181024979318754,0.2498217448592186,0.010660582227501436,0.016931905716774054,0.3697926104068756
1354,1354,3.7664401531219482,3.8280842304229736,0.0002,2.8369494271970113,0.2506417781114578,0.010658524245627632,0.016939785979047883,0.3714855909347534
1355,1355,3.8406808376312256,3.790187358856201,0.0002,2.8546760398380875,0.2515796422958374,0.01065010942693334,0.016943095750320936,0.37174393981695175
1356,1356,3.7635624408721924,3.7921266555786133,0.0002,2.869618286433668,0.24988192692399025,0.010650657854966994,0.016933976188738598,0.3724818155169487
1357,1357,3.7583208084106445,3.819300889968872,0.0002,2.8825138117803184,0.24957090616226196,0.010641647803822707,0.017028079160809284,0.3708699345588684
1358,1358,3.7852017879486084,3.832667589187622,0.0002,2.8950546582360226,0.2516457960009575,0.010676454523490975,0.01697322719337535,0.37132877111434937
1359,1359,3.7609128952026367,3.7864878177642822,0.0002,2.9068774386764717,0.2518330067396164,0.010672403888747795,0.01701269497789326,0.37203793227672577
1360,1360,3.7965941429138184,3.8502931594848633,0.0002,2.9169457891325306,0.25170811638236046,0.010667968423149432,0.017085937994124833,0.3731033578515053
1361,1361,3.8049585819244385,3.8052613735198975,0.0002,2.926501715808231,0.2516036331653595,0.010651272564246028,0.017119166583142942,0.37203241139650345
1362,1362,3.792997121810913,3.7879831790924072,0.0002,2.9344155616910506,0.250469371676445,0.01066943637215445,0.017089311382733285,0.3735938146710396
1363,1363,3.8409323692321777,3.784254312515259,0.0002,2.942241493043617,0.25161734223365784,0.010678556184757326,0.017142640808742726,0.3720991089940071
1364,1364,3.8321099281311035,3.8298392295837402,0.0002,2.738771165735639,0.2527858763933182,0.010708302152124816,0.017115498849307187,0.37325969338417053
1365,1365,3.7827048301696777,3.8105955123901367,0.0002,2.7655146395568666,0.2524454891681671,0.010689466380426893,0.017181930517836008,0.3743097856640816
1366,1366,3.794719934463501,3.8184456825256348,0.0002,2.789755728799693,0.25174860656261444,0.0106791305643128,0.01715578759467462,0.37603795528411865
1367,1367,3.7541933059692383,3.7800517082214355,0.0002,2.8115865462727507,0.25310344994068146,0.010680067356588552,0.017102924091886962,0.37549957633018494
1368,1368,3.788254976272583,3.809567928314209,0.0002,2.6198865115038363,0.25135086104273796,0.010674808087969723,0.017149151091871317,0.37648332118988037
1369,1369,3.776899814605713,3.7961678504943848,0.0002,2.658521214914036,0.2513088211417198,0.010660766829460044,0.01725658324721735,0.374275304377079
1370,1370,3.763768196105957,3.788456678390503,0.0002,2.6935337765899208,0.2518133223056793,0.010698363362280361,0.017154169730929425,0.3750208839774132
1371,1371,3.7768478393554688,3.8045010566711426,0.0002,2.72541963871709,0.25295402109622955,0.010715648044424597,0.017124783542385558,0.37719423323869705
1372,1372,3.777705669403076,3.8000552654266357,0.0002,2.7526024345204294,0.25398116558790207,0.010687597195101262,0.017265591650357237,0.377818800508976
1373,1373,3.8102054595947266,3.773042678833008,0.0002,2.778675174930807,0.25398895889520645,0.01067410314681183,0.017308099628280615,0.3765936940908432
1374,1374,3.764435052871704,3.772961378097534,0.0002,2.5924466159421033,0.2540077343583107,0.010723205115937162,0.017225333333044546,0.3768092021346092
1375,1375,3.7994370460510254,3.788381576538086,0.0002,2.4197599319089655,0.2536684274673462,0.01070331212667952,0.017253766494832234,0.3769918456673622
1376,1376,3.820079803466797,3.7753939628601074,0.0002,2.4854319918830954,0.25478988140821457,0.010684693081202568,0.017375525250827195,0.37806130200624466
1377,1377,3.779298782348633,3.7541074752807617,0.0002,2.544154515909669,0.25299298018217087,0.010702270075853448,0.017289039951720042,0.38033485412597656
1378,1378,3.813326597213745,3.797213554382324,0.0002,2.3776888028502983,0.2559187561273575,0.010714621581428219,0.017229734417924192,0.37881891429424286
1379,1379,3.8110318183898926,3.7723515033721924,0.0002,2.440316297154809,0.25494957715272903,0.010691405750549166,0.01726469158893451,0.3774474337697029
1380,1380,3.801272392272949,3.799095630645752,0.0002,2.497433974296865,0.254931315779686,0.010686636320315301,0.01730907371529611,0.3792565315961838
1381,1381,3.790626287460327,3.8257381916046143,0.0002,2.547951122570023,0.2551545053720474,0.010716599939769367,0.017266334303712938,0.3803202137351036
1382,1382,3.7583370208740234,3.7972803115844727,0.0002,2.5924746627170694,0.2536909803748131,0.010719169359617808,0.01731122372439131,0.3818230703473091
1383,1383,3.783832311630249,3.7748472690582275,0.0002,2.6319289546948066,0.25538554787635803,0.010691752411730704,0.01743895551771857,0.37938276678323746
1384,1384,3.774270534515381,3.7713069915771484,0.0002,2.6648672913321203,0.2560447230935097,0.010702970762395125,0.017339333942800295,0.3791302368044853
1385,1385,3.7839858531951904,3.8352558612823486,0.0002,2.698427308879947,0.2559754475951195,0.010723402920120861,0.01728160296261194,0.3795778825879097
1386,1386,3.776538848876953,3.806260108947754,0.0002,2.729815328164661,0.25723449885845184,0.010684921892789134,0.017432712724257726,0.3798436149954796
1387,1387,3.77303147315979,3.8519375324249268,0.0002,2.7575461181478587,0.2562674283981323,0.01069231765177392,0.0175239590498677,0.3800361752510071
1388,1388,3.7725143432617188,3.7828309535980225,0.0002,2.782966106498759,0.2545436844229698,0.010744516186605324,0.017398171567037934,0.3831377401947975
1389,1389,3.7574472427368164,3.768505096435547,0.0002,2.8059979054759157,0.25590308010578156,0.010743052500401973,0.01733710358166718,0.3815254718065262
1390,1390,3.7720351219177246,3.8023197650909424,0.0002,2.8265418741444814,0.2565961703658104,0.0107291841541155,0.017443356176954694,0.3836895003914833
1391,1391,3.796504259109497,3.757092237472534,0.0002,2.845091828330402,0.2578703463077545,0.010677317024601507,0.01750318586709909,0.3821357190608978
1392,1392,3.7725698947906494,3.7809183597564697,0.0002,2.86136429265948,0.2579343020915985,0.010716593487813952,0.017430223761039088,0.3823338523507118
1393,1393,3.7852296829223633,3.7825117111206055,0.0002,2.8764519201699335,0.2567717730998993,0.010739068942712038,0.017335459600872127,0.3844413533806801
1394,1394,3.778433322906494,3.782456636428833,0.0002,2.8895214914084844,0.255061574280262,0.010700524779167608,0.017492545270215487,0.3857947736978531
1395,1395,3.776609420776367,3.7868547439575195,0.0002,2.901775769082318,0.2574046701192856,0.010693042506318307,0.017600934952497482,0.3862546309828758
1396,1396,3.771301746368408,3.8335821628570557,0.0002,2.9121843160645087,0.257470041513443,0.010719093453189998,0.017490399430243997,0.3848787471652031
1397,1397,3.787562370300293,3.7708258628845215,0.0002,2.921860211183078,0.2584499716758728,0.01074491451436188,0.017336551212792983,0.3849140405654907
1398,1398,3.773634195327759,3.7649989128112793,0.0002,2.9301800311531947,0.2570486143231392,0.010711911127145868,0.01744937364856014,0.38516126573085785
1399,1399,3.790358781814575,3.772625207901001,0.0002,2.938304971441656,0.25786586105823517,0.010674469286641397,0.017602394571440527,0.38540180027484894
1400,1400,3.7511637210845947,3.7736873626708984,0.0002,2.9452958427701375,0.257909394800663,0.010709919887631258,0.01750565092152101,0.3877599462866783
1401,1401,3.8170270919799805,3.806502342224121,0.0002,2.951833187581787,0.2587765157222748,0.010715322987380205,0.017378955675667385,0.3861844912171364
1402,1402,3.7417702674865723,3.775458335876465,0.0002,2.9569623298215975,0.25846024602651596,0.010730994160439877,0.017509849782072706,0.3882596120238304
1403,1403,3.7906501293182373,3.8029417991638184,0.0002,2.962241729004902,0.2583642080426216,0.010683725998205773,0.017639181514823576,0.38711264729499817
1404,1404,3.761509895324707,3.812896966934204,0.0002,2.9670637754992693,0.2593516930937767,0.010714327688219782,0.017579592917172704,0.38834892213344574
1405,1405,3.7615058422088623,3.8050003051757812,0.0002,2.9711729052410227,0.25933097302913666,0.010740696111497527,0.017457114434364485,0.3881666958332062
1406,1406,3.7902095317840576,3.8064773082733154,0.0002,2.9748600515121333,0.25871171802282333,0.010732464638749661,0.017482405331975315,0.38904041051864624
1407,1407,3.7624964714050293,3.7920475006103516,0.0002,2.979083737141768,0.25954460352659225,0.010675609981262824,0.017645088857534574,0.3876526281237602
1408,1408,3.747779607772827,3.7835443019866943,0.0002,2.981875972590395,0.25916432589292526,0.010717084331190563,0.017674372407782357,0.3900521248579025
1409,1409,3.770880937576294,3.803494691848755,0.0002,2.9839872068267117,0.2600514069199562,0.010740574782175827,0.017560486601723824,0.3898337855935097
1410,1410,3.7796568870544434,3.802584171295166,0.0002,2.9864438865410077,0.26097021996974945,0.01073203249143262,0.017523727037769277,0.3892826959490776
1411,1411,3.744093179702759,3.748896837234497,0.0002,2.9878930630333556,0.2596866339445114,0.010710394831221492,0.0176743939955486,0.39134885370731354
1412,1412,3.775179862976074,3.7820024490356445,0.0002,2.779936199524604,0.2593111917376518,0.010710839670537098,0.01768896797875641,0.3898612931370735
1413,1413,3.7719943523406982,3.7920305728912354,0.0002,2.8009279377624754,0.2615859657526016,0.010704809042181296,0.01758367759975954,0.3905838802456856
1414,1414,3.7464029788970947,3.7800638675689697,0.0002,2.820072416973287,0.26065951585769653,0.010728657987783663,0.017510287689219695,0.39103370159864426
1415,1415,3.7733535766601562,3.7742326259613037,0.0002,2.8376388881054244,0.2603895515203476,0.01069918560278893,0.017685308601357974,0.3915909230709076
1416,1416,3.7355594635009766,3.7696259021759033,0.0002,2.853186559454826,0.26117735356092453,0.010699750640924321,0.017824948074121494,0.39242392033338547
1417,1417,3.7777743339538574,3.8176026344299316,0.0002,2.8676804533735565,0.2618102356791496,0.010713975774706341,0.017690579436020926,0.39260756969451904
1418,1418,3.7814860343933105,3.7637619972229004,0.0002,2.880890492466908,0.26257913559675217,0.010755981160400552,0.01757630197243998,0.39278093725442886
1419,1419,3.7941293716430664,3.7993223667144775,0.0002,2.892706365699126,0.260444276034832,0.010745303432486253,0.017732626733049983,0.3936198204755783
1420,1420,3.7844510078430176,3.7278952598571777,0.0002,2.903302789748527,0.26077116280794144,0.01072522496815509,0.017893405762151815,0.39450833946466446
1421,1421,3.7602977752685547,3.814175844192505,0.0002,2.693998010911533,0.2619250416755676,0.010753583705991332,0.01780132843850879,0.3947800025343895
1422,1422,3.7563209533691406,3.7854197025299072,0.0002,2.732102777806377,0.2611517310142517,0.01076451640255982,0.017681219109363155,0.39418434351682663
1423,1423,3.7826762199401855,3.7800068855285645,0.0002,2.766486751837995,0.2616201415657997,0.010726470234658336,0.01783817191972048,0.3947182148694992
1424,1424,3.79194974899292,3.8035366535186768,0.0002,2.79710668758828,0.2614358589053154,0.01074092083490541,0.017916732329467777,0.3959815204143524
1425,1425,3.7631640434265137,3.757542371749878,0.0002,2.825156161813094,0.2638396546244621,0.010764532823486661,0.017809957007557387,0.39536917954683304
1426,1426,3.7439568042755127,3.7801661491394043,0.0002,2.8500843897653816,0.26270801573991776,0.010794514509143482,0.017714678797347005,0.3964453339576721
1427,1427,3.7765817642211914,3.7522218227386475,0.0002,2.8724004582745164,0.26164162904024124,0.01075190563187789,0.017893645657750312,0.39727382361888885
1428,1428,3.7559316158294678,3.765448570251465,0.0002,2.8917267017130617,0.2639450430870056,0.010735419673437718,0.018059598092804663,0.397220216691494
1429,1429,3.794262647628784,3.7832577228546143,0.0002,2.91000093680807,0.2624731808900833,0.010780705348224728,0.017892204370582476,0.3978748992085457
1430,1430,3.760207176208496,3.7553865909576416,0.0002,2.9264307428720366,0.26237771660089493,0.010797099371302465,0.017737876074534142,0.3972625210881233
1431,1431,3.775432586669922,3.7915451526641846,0.0002,2.941006176797542,0.26360542327165604,0.010791316870381706,0.017903643660247326,0.3997255489230156
1432,1432,3.7667360305786133,3.7784321308135986,0.0002,2.953993876690612,0.26250331848859787,0.01074492326915788,0.018090078028762946,0.397509403526783
1433,1433,3.751465082168579,3.7948873043060303,0.0002,2.9661638896018,0.2638850212097168,0.01077576385341672,0.017982881210627966,0.3998119533061981
1434,1434,3.750270366668701,3.7937135696411133,0.0002,2.9770379486171152,0.26448529213666916,0.010799266496178461,0.017864924440800678,0.39853665232658386
1435,1435,3.7887487411499023,3.778099775314331,0.0002,2.986809292341447,0.2643796056509018,0.010788287372633931,0.01799103126177215,0.3981989026069641
1436,1436,3.7342848777770996,3.7482893466949463,0.0002,2.927306948642105,0.2645050287246704,0.010783825134240033,0.018079411896906095,0.4013291895389557
1437,1437,3.7778193950653076,3.7688958644866943,0.0002,2.941794931802737,0.2639809399843216,0.010793189935611736,0.01803002473025117,0.40052809566259384
1438,1438,3.7362303733825684,3.8222506046295166,0.0002,2.9548089864934366,0.26447657495737076,0.010762267808786419,0.017972145033127163,0.3995671272277832
1439,1439,3.7784264087677,3.785142421722412,0.0002,2.966852391993478,0.2640739977359772,0.010779026476484432,0.0180527256015921,0.401499480009079
1440,1440,3.7750680446624756,3.7624258995056152,0.0002,2.977815546533984,0.2641463875770569,0.010761470824945718,0.018106407565937843,0.40076544135808945
1441,1441,3.7602946758270264,3.799672842025757,0.0002,2.9876999262434962,0.2643163427710533,0.010783249003907258,0.018031501764198765,0.40078116208314896
1442,1442,3.7528610229492188,3.7792375087738037,0.0002,2.9960326736617855,0.265116885304451,0.01078822600084095,0.018010315216088202,0.4004814997315407
1443,1443,3.7330260276794434,3.7478532791137695,0.0002,3.0043143409563466,0.2659185975790024,0.010787236054056848,0.01815238421113463,0.4034585580229759
1444,1444,3.731966972351074,3.7716338634490967,0.0002,3.011478690729637,0.26640355587005615,0.01076349819322786,0.018173919459513854,0.40255388617515564
1445,1445,3.7549936771392822,3.779813289642334,0.0002,3.0178188880714583,0.2663036212325096,0.010780902687656635,0.01804118793734233,0.4015647768974304
1446,1446,3.73740291595459,3.766974449157715,0.0002,3.023632102217278,0.2653485909104347,0.010796113423566567,0.018145814770832658,0.4030013754963875
1447,1447,3.7981956005096436,3.7967042922973633,0.0002,3.028791494651755,0.26614120602607727,0.010782544484754908,0.018305457473616116,0.4040110558271408
1448,1448,3.749727487564087,3.734866142272949,0.0002,3.032627845999803,0.26629960536956787,0.01080173255650152,0.0182426416031376,0.40322504937648773
1449,1449,3.763394832611084,3.7742772102355957,0.0002,3.0368342467461007,0.26591501384973526,0.01082618131840718,0.01812204721136368,0.40367036312818527
1450,1450,3.775393486022949,3.7954866886138916,0.0002,3.0404734603468926,0.2655796557664871,0.010783208710563486,0.01829822366926237,0.40377137064933777
1451,1451,3.755052089691162,3.7505149841308594,0.0002,3.043955012587223,0.2658621147274971,0.01077913340577652,0.01835328140805359,0.40595441311597824
1452,1452,3.727037191390991,3.794182062149048,0.0002,3.047371468079514,0.265227347612381,0.010798544815770583,0.018247428066388238,0.4070661813020706
1453,1453,3.7415990829467773,3.7498738765716553,0.0002,3.0503380684397863,0.26646286249160767,0.010779863014249713,0.01817204102189862,0.4062693491578102
1454,1454,3.7545080184936523,3.808382034301758,0.0002,3.053161058150936,0.26703330874443054,0.010755552758382692,0.018143467012123438,0.40562302619218826
1455,1455,3.7480061054229736,3.786803960800171,0.0002,3.055564031667692,0.2669534608721733,0.01074237827288016,0.018307999369426398,0.40644051879644394
1456,1456,3.768019676208496,3.7897531986236572,0.0002,3.05775294641266,0.26633164286613464,0.010766629515273962,0.01815635113598546,0.4069856330752373
1457,1457,3.781224489212036,3.797689199447632,0.0002,3.0596423939897788,0.2666221410036087,0.010764748442852579,0.01820598759513814,0.40670402348041534
1458,1458,3.7550408840179443,3.7811498641967773,0.0002,3.0614415354238567,0.2672518119215965,0.010761091143649537,0.018318019752769032,0.4081321507692337
1459,1459,3.7194817066192627,3.7585551738739014,0.0002,3.063053435047443,0.26668960601091385,0.010784360109937552,0.018236752392112976,0.40872034430503845
1460,1460,3.7225325107574463,3.801088809967041,0.0002,3.0642963887504497,0.2682475224137306,0.010787931701997877,0.018308864571736194,0.4087565541267395
1461,1461,3.7610745429992676,3.7423884868621826,0.0002,3.065453511852519,0.26786960661411285,0.010796443485560303,0.018220150799606927,0.4102587029337883
1462,1462,3.734276294708252,3.7803778648376465,0.0002,3.0662488122787694,0.2685374617576599,0.010741912445155322,0.01836285618628608,0.4085984230041504
1463,1463,3.7669599056243896,3.799046516418457,0.0002,3.0671427904883775,0.2698222026228905,0.010745335439423798,0.01827938209680724,0.4085916727781296
1464,1464,3.7393908500671387,3.768824815750122,0.0002,3.067902969643656,0.2671270966529846,0.010776643938697816,0.018109257514879573,0.40916312485933304
1465,1465,3.7612106800079346,3.795699119567871,0.0002,3.0686580769084735,0.26798272132873535,0.010774615763693873,0.01832123311032774,0.4119303673505783
1466,1466,3.7596871852874756,3.7984213829040527,0.0002,3.069325591595212,0.2686433121562004,0.010754415040537424,0.018440884796291357,0.4111388176679611
1467,1467,3.755913019180298,3.7655909061431885,0.0002,3.0699289072380456,0.2689235880970955,0.010785820432829496,0.018301190950296586,0.41203247010707855
1468,1468,3.7514140605926514,3.7497289180755615,0.0002,3.070564147364105,0.2691190391778946,0.010773825455544284,0.01816119414070272,0.4121609777212143
1469,1469,3.7351884841918945,3.753547430038452,0.0002,3.0710667513482703,0.26938433200120926,0.010754659366284613,0.018315827644983074,0.41200416535139084
1470,1470,3.7424635887145996,3.737029790878296,0.0002,3.070380170831599,0.26819223910570145,0.010719058978793328,0.018454666020261357,0.412035807967186
1471,1471,3.7736430168151855,3.7544031143188477,0.0002,3.0705978553000968,0.26998937129974365,0.010766657836938975,0.018276592476468068,0.4126317873597145
1472,1472,3.7779500484466553,3.753251791000366,0.0002,3.0712074103111227,0.26924434304237366,0.010820145643265278,0.01813711024078657,0.4137069433927536
1473,1473,3.731344223022461,3.7408299446105957,0.0002,3.0718595936445103,0.2703419253230095,0.01078227194648207,0.018384645321930293,0.4143609330058098
1474,1474,3.7203989028930664,3.766752243041992,0.0002,3.07197367390335,0.2716531679034233,0.010724108887188777,0.018577766237285687,0.41404055058956146
1475,1475,3.782757520675659,3.7952115535736084,0.0002,3.07252554355775,0.27078821510076523,0.010762876769149443,0.018415789807477267,0.41348226368427277
1476,1476,3.7586169242858887,3.760638475418091,0.0002,3.0725879809448533,0.26992277801036835,0.010808792464558792,0.01821379829198122,0.4141092374920845
1477,1477,3.7312262058258057,3.774606704711914,0.0002,3.0725818270755916,0.2720930948853493,0.010805312451338978,0.018447849368385505,0.4144951030611992
1478,1478,3.709925651550293,3.805294990539551,0.0002,3.0718138612102304,0.27073366940021515,0.010792252109240508,0.018662872123968555,0.4154583066701889
1479,1479,3.738694906234741,3.7493536472320557,0.0002,3.072143678226767,0.27166903018951416,0.010814760313223815,0.018721510179602774,0.4145374223589897
1480,1480,3.7377090454101562,3.808753728866577,0.0002,3.072451913060296,0.27136722952127457,0.010864477969334985,0.018520079964218894,0.4157431647181511
1481,1481,3.767198085784912,3.7362141609191895,0.0002,3.0726357712723447,0.27230966836214066,0.010909883733802417,0.018414782807667507,0.4181189090013504
1482,1482,3.7101922035217285,3.795351028442383,0.0002,3.0728803348694456,0.2718514949083328,0.010834619120032585,0.0186732928341371,0.41485773026943207
1483,1483,3.74513840675354,3.7736387252807617,0.0002,3.0732163459225315,0.27132638543844223,0.010813531474923366,0.01886404996184865,0.4175525903701782
1484,1484,3.7456119060516357,3.771793842315674,0.0002,3.073134107844002,0.27315059304237366,0.01084445729975414,0.018742536893114448,0.41785141080617905
1485,1485,3.735565185546875,3.748108386993408,0.0002,3.073053300318249,0.2719529718160629,0.010893895672779763,0.0185278955832473,0.41763196885585785
1486,1486,3.8136329650878906,3.749263048171997,0.0002,3.071236046716537,0.2736506536602974,0.010905084098340012,0.0184536341803323,0.41880669444799423
1487,1487,3.708409309387207,3.7545487880706787,0.0002,3.071673843425382,0.2728043496608734,0.010848140165762743,0.018736414316663286,0.41821394860744476
1488,1488,3.7453219890594482,3.784313678741455,0.0002,3.072144465629677,0.2726394608616829,0.01079970848877565,0.018933454903162783,0.41833410412073135
1489,1489,3.760533571243286,3.757909059524536,0.0002,3.072520185469125,0.27491115778684616,0.010858009584808315,0.018777664030494634,0.418221190571785
1490,1490,3.743009090423584,3.784630537033081,0.0002,3.0726553910936394,0.27263201773166656,0.010921356581093278,0.01854653386908467,0.4199291095137596
1491,1491,3.7371883392333984,3.7411410808563232,0.0002,3.072964188448545,0.27270056307315826,0.01086610545462463,0.018655148272955557,0.4192233011126518
1492,1492,3.7256345748901367,3.766828775405884,0.0002,3.0730980094404585,0.27314843982458115,0.010816680243806331,0.018890141418523854,0.41921567916870117
1493,1493,3.7880165576934814,3.7428483963012695,0.0002,3.073402718735659,0.2740107700228691,0.010814048337124404,0.01889440767990891,0.4174310341477394
1494,1494,3.752228260040283,3.7478415966033936,0.0002,3.073432332154098,0.2740560546517372,0.010879602365093888,0.018691092536755605,0.4195878803730011
1495,1495,3.775322437286377,3.7728111743927,0.0002,3.073859126097149,0.2742226645350456,0.010906355617407826,0.018605307857797015,0.4202396646142006
1496,1496,3.721011161804199,3.758033275604248,0.0002,3.073980163289765,0.27138160169124603,0.01086308768208255,0.018854667137929937,0.4202892482280731
1497,1497,3.7339274883270264,3.7677693367004395,0.0002,3.0735344509487064,0.27511873096227646,0.010816231061653525,0.019086262691416778,0.4209374263882637
1498,1498,3.768456220626831,3.785533905029297,0.0002,3.073522167307465,0.27272941917181015,0.01085257040358556,0.018965041730552912,0.4228358194231987
1499,1499,3.771395683288574,3.786607027053833,0.0002,3.0738781268797184,0.2732764929533005,0.010875229897465033,0.018760024973744294,0.42187537997961044
1500,1500,3.7821602821350098,3.7435858249664307,0.0002,3.0739945419212793,0.2741152197122574,0.010881603420784813,0.018689425007323734,0.42310264706611633
1501,1501,3.78120493888855,3.7289795875549316,0.0002,3.0742867406018877,0.2751093804836273,0.01083398518494505,0.018936494961963035,0.4245994910597801
1502,1502,3.7489664554595947,3.7323954105377197,0.0002,3.074463043071143,0.27571921795606613,0.010813769394189876,0.019044801258132793,0.4228001534938812
1503,1503,3.751400947570801,3.773346185684204,0.0002,3.0743675875394687,0.2765785753726959,0.010844360655937635,0.01884710293961689,0.424912728369236
1504,1504,3.744593858718872,3.757641553878784,0.0002,3.0737277635568248,0.27519355714321136,0.010877633889322169,0.0186503017830546,0.4233141168951988
1505,1505,3.735988140106201,3.7538557052612305,0.0002,3.0736426244656396,0.2756730988621712,0.010872621500311652,0.01888652598790941,0.4253510758280754
1506,1506,3.7816147804260254,3.744426965713501,0.0002,3.073442709740927,0.2765665575861931,0.010858350881790102,0.019075603038800182,0.4255780801177025
1507,1507,3.769449234008789,3.7494940757751465,0.0002,3.073769312112632,0.2741127386689186,0.010891543920479307,0.018897085446951678,0.42643919587135315
1508,1508,3.7123217582702637,3.792818784713745,0.0002,3.073934211526285,0.27669840306043625,0.010873798561988224,0.01890424887824338,0.4252748191356659
1509,1509,3.728874683380127,3.7203071117401123,0.0002,3.0741985502167695,0.2769993767142296,0.010841050535418617,0.018986200375366025,0.42653124034404755
1510,1510,3.7552647590637207,3.7149786949157715,0.0002,2.8585548364099655,0.27572569996118546,0.010838676730600127,0.018881712214351865,0.4271724000573158
1511,1511,3.7182228565216064,3.7545855045318604,0.0002,2.6550931561279274,0.2753737196326256,0.010805653090756095,0.018988348601851612,0.42640772461891174
1512,1512,3.734610080718994,3.818089246749878,0.0002,2.689899871349213,0.2767801955342293,0.010840636043212726,0.018908945352450246,0.42746154963970184
1513,1513,3.7245781421661377,3.760101318359375,0.0002,2.720044408431039,0.27712925523519516,0.01082731448332197,0.018795236053847475,0.42639216035604477
1514,1514,3.709808111190796,3.7603602409362793,0.0002,2.74731945565906,0.2771992012858391,0.010869788280615467,0.018934659754449967,0.4293018504977226
1515,1515,3.732329845428467,3.761385917663574,0.0002,2.769748329653328,0.27698007225990295,0.01079788348852162,0.019095953390205977,0.4262916222214699
1516,1516,3.720613479614258,3.7214863300323486,0.0002,2.788661952274731,0.2759935110807419,0.010828755664078926,0.018989155636518262,0.42919404804706573
1517,1517,3.7474656105041504,3.7401375770568848,0.0002,2.8088076549407464,0.2770846411585808,0.010819392724442878,0.0188673761440441,0.42971544712781906
1518,1518,3.7130424976348877,3.7323861122131348,0.0002,2.827728119087828,0.27632036805152893,0.010770339460577816,0.01895980181507184,0.43002714216709137
1519,1519,3.750244140625,3.7260303497314453,0.0002,2.8447908235505763,0.27763108909130096,0.01076907277911232,0.01895225046609994,0.4285829961299896
1520,1520,3.761535406112671,3.7475595474243164,0.0002,2.859639742980345,0.2775028496980667,0.010763454839434416,0.018778899902827106,0.4290021285414696
1521,1521,3.778109073638916,3.7660558223724365,0.0002,2.8740586684909775,0.2773687317967415,0.010758823979813315,0.018885343059082516,0.4305650368332863
1522,1522,3.7248148918151855,3.752009153366089,0.0002,2.885983543873136,0.2767183408141136,0.01074368370063894,0.019029026760108536,0.4312448427081108
1523,1523,3.7554473876953125,3.723525047302246,0.0002,2.897935554604307,0.278578519821167,0.010701280579269223,0.018935548097942956,0.42879124730825424
1524,1524,3.7704644203186035,3.758054733276367,0.0002,2.9076842294090506,0.2797575816512108,0.010728316493441525,0.01870030744248652,0.429695762693882
1525,1525,3.7250068187713623,3.739327907562256,0.0002,2.9178696007934266,0.27910974621772766,0.010745081312961702,0.01867139036403387,0.4313785582780838
1526,1526,3.721654176712036,3.816239833831787,0.0002,2.925861879222663,0.28127089887857437,0.01068132535328914,0.018987683313753223,0.43322038650512695
1527,1527,3.70241117477417,3.741743326187134,0.0002,2.9346800839098677,0.2791330888867378,0.010661324281500129,0.018994438083609566,0.4323618710041046
1528,1528,3.7185897827148438,3.7300331592559814,0.0002,2.9417699167679907,0.27886705100536346,0.010682381802325835,0.01874178191064857,0.4340226277709007
1529,1529,3.746603012084961,3.730489492416382,0.0002,2.9486124054741856,0.27859776467084885,0.010680492856408819,0.01866390472423518,0.4338538721203804
1530,1530,3.736790418624878,3.7451114654541016,0.0002,2.9547924926839677,0.279062457382679,0.010625184724631254,0.018893756427132757,0.4340527132153511
1531,1531,3.7386422157287598,3.746589422225952,0.0002,2.9604971460598892,0.2797749415040016,0.010650335323589388,0.018719986477663042,0.4352956935763359
1532,1532,3.697394609451294,3.782393455505371,0.0002,2.964587019293749,0.2794782742857933,0.010633070658514043,0.018545792354416335,0.4332100823521614
1533,1533,3.708142042160034,3.7609684467315674,0.0002,2.969166873264132,0.27965088188648224,0.0106401564898988,0.018766551271255594,0.4359283372759819
1534,1534,3.730903148651123,3.7521047592163086,0.0002,2.972963810308923,0.2811693251132965,0.010611392033752054,0.01895325524674263,0.43488451838493347
1535,1535,3.7473361492156982,3.7257235050201416,0.0002,2.9768418662474665,0.27957533299922943,0.01065129413473187,0.018697901468840428,0.43516646325588226
1536,1536,3.7350211143493652,3.756448268890381,0.0002,2.9797872130906455,0.2809577211737633,0.01070837528368429,0.018618988837260986,0.4347495436668396
1537,1537,3.766805648803711,3.786031723022461,0.0002,2.981711472394083,0.28225062042474747,0.01069092092984647,0.018867054517613724,0.4359786957502365
1538,1538,3.7590060234069824,3.76058292388916,0.0002,2.9838497031807023,0.2807452902197838,0.010673784936443553,0.019126972820231458,0.4372849315404892
1539,1539,3.7061285972595215,3.7903449535369873,0.0002,2.986423741906495,0.27970442175865173,0.01071860573028971,0.019001828881300753,0.4380274787545204
1540,1540,3.7608158588409424,3.7597663402557373,0.0002,2.987219994431227,0.2808793932199478,0.010753163745903294,0.018885785073507577,0.439033180475235
1541,1541,3.7173752784729004,3.738064765930176,0.0002,2.9890540484330113,0.281903475522995,0.010707721243306878,0.018936432541522663,0.43766743689775467
1542,1542,3.7053074836730957,3.7466139793395996,0.0002,2.9905813898875664,0.28258633613586426,0.010742455485342361,0.01894829071170534,0.4371623769402504
1543,1543,3.7527894973754883,3.765195846557617,0.0002,2.9920849928854616,0.28011686354875565,0.010735960679994605,0.018915603977802675,0.4382915496826172
1544,1544,3.706845283508301,3.7629787921905518,0.0002,2.993261341491919,0.2819099798798561,0.010735080686572473,0.019061997500102734,0.43891721963882446
1545,1545,3.737586736679077,3.758610248565674,0.0002,2.9947767660759723,0.28196529299020767,0.010790005047965678,0.01900380248116562,0.437417633831501
1546,1546,3.7483742237091064,3.7115187644958496,0.0002,2.9945152593790962,0.28231531381607056,0.010818314893185743,0.018956200834509218,0.43942901492118835
1547,1547,3.7241902351379395,3.7776403427124023,0.0002,2.7857548721488676,0.2817974016070366,0.010790109160552674,0.019113956564979162,0.4374903067946434
1548,1548,3.741744041442871,3.7668702602386475,0.0002,2.8143187811136334,0.28302139788866043,0.01080805479796254,0.019204272732167738,0.44125228375196457
1549,1549,3.71232008934021,3.7357399463653564,0.0002,2.840268687314669,0.284183107316494,0.01078920041982201,0.019341625145898433,0.44077856093645096
1550,1550,3.723512649536133,3.7759790420532227,0.0002,2.8633163936511408,0.28262384980916977,0.010759753951788298,0.019198178604710847,0.43911633640527725
1551,1551,3.749467134475708,3.724618434906006,0.0002,2.8837097337522475,0.28383248299360275,0.010762941390566994,0.019170571707945783,0.4392925053834915
1552,1552,3.715458869934082,3.750548839569092,0.0002,2.9020728805277765,0.2844085693359375,0.010800895326610771,0.01917028031675727,0.44237102568149567
1553,1553,3.719304084777832,3.729912281036377,0.0002,2.918902678815721,0.2842348888516426,0.010772293669106148,0.019255319541116478,0.44292835146188736
1554,1554,3.6992101669311523,3.753600835800171,0.0002,2.934104630923944,0.28331903368234634,0.01075167844646785,0.019187739431799855,0.4410737007856369
1555,1555,3.7261064052581787,3.7332608699798584,0.0002,2.9478598735767774,0.28479085862636566,0.010807259349348897,0.019084212435700465,0.4409230872988701
1556,1556,3.7218732833862305,3.7749454975128174,0.0002,2.9602913755629494,0.28513025492429733,0.01083375206508208,0.01922887781256577,0.44290243834257126
1557,1557,3.7172844409942627,3.7360880374908447,0.0002,2.9713729534083697,0.28315623104572296,0.01082598028187931,0.01936194514564704,0.44326409697532654
1558,1558,3.714425802230835,3.767624855041504,0.0002,2.9805481816984067,0.2833533063530922,0.01084404922221438,0.019259597687778296,0.44318847358226776
1559,1559,3.764826774597168,3.8096885681152344,0.0002,2.9898909579646302,0.2843792289495468,0.01080262726645742,0.019363151030120207,0.4434913843870163
1560,1560,3.7419614791870117,3.7637715339660645,0.0002,2.998289766335511,0.28390151262283325,0.010807759510498727,0.019477940873912303,0.44596724212169647
1561,1561,3.6998326778411865,3.7363014221191406,0.0002,3.0058923899142322,0.2849236726760864,0.010790766920763417,0.019431181626714533,0.44505301117897034
1562,1562,3.6837027072906494,3.755781412124634,0.0002,3.0120760404016296,0.2853454723954201,0.010803313756696298,0.019256417406722903,0.4442056491971016
1563,1563,3.7146904468536377,3.774523973464966,0.0002,3.01809356738649,0.28639622032642365,0.010825680765265133,0.019187279518519063,0.4452745243906975
1564,1564,3.7087419033050537,3.7174811363220215,0.0002,3.023264318086851,0.2861335128545761,0.01081758081454609,0.019514606246957555,0.4448411390185356
1565,1565,3.6936733722686768,3.7561657428741455,0.0002,3.028173036972263,0.2855089232325554,0.01082255626533879,0.019391249312320724,0.4459768012166023
1566,1566,3.7063827514648438,3.7222959995269775,0.0002,3.0326105855632486,0.28599435836076736,0.010887599464695086,0.019227749471610878,0.44660284370183945
1567,1567,3.7033462524414062,3.710928201675415,0.0002,3.0364648241852317,0.2878382280468941,0.010857654107894632,0.019529263769072713,0.4468424320220947
1568,1568,3.7576444149017334,3.7702317237854004,0.0002,2.821185176536097,0.28563395142555237,0.010892839303778601,0.01963981032531592,0.4481152892112732
1569,1569,3.7505128383636475,3.758355140686035,0.0002,2.8386132478772677,0.28638291358947754,0.010915390490481514,0.019392887450521812,0.44698286801576614
1570,1570,3.7214231491088867,3.743821620941162,0.0002,2.854687756994622,0.2868354916572571,0.010927993000223069,0.019590032035921467,0.4472680538892746
1571,1571,3.7270126342773438,3.7761194705963135,0.0002,2.8693331252675622,0.285175621509552,0.01092213155789068,0.019536870295269182,0.44669557362794876
1572,1572,3.693909168243408,3.7065939903259277,0.0002,2.8829981290665896,0.2854585498571396,0.01094707671109063,0.019443952605797676,0.44832054525613785
1573,1573,3.732886552810669,3.7804524898529053,0.0002,2.6875044329837157,0.28667938709259033,0.010915201475654612,0.019732272237888537,0.44825204461812973
1574,1574,3.743255615234375,3.747628927230835,0.0002,2.7250730971244836,0.2864489182829857,0.010935447227893746,0.019628162692242768,0.4507640525698662
1575,1575,3.7622506618499756,3.7755603790283203,0.0002,2.7601309330470007,0.2867923602461815,0.010905300216109026,0.01962318748337566,0.44947655498981476
1576,1576,3.785877227783203,3.7315561771392822,0.0002,2.791288977701119,0.28688374161720276,0.010911813793427427,0.019546772575267823,0.4487019404768944
1577,1577,3.7111828327178955,3.7568187713623047,0.0002,2.8191269631493467,0.2871455028653145,0.010932652428891743,0.019443508092081174,0.4490928202867508
1578,1578,3.7066521644592285,3.717998743057251,0.0002,2.8441043703658324,0.28664445877075195,0.010897160407694173,0.019729131938220235,0.4492991715669632
1579,1579,3.691713571548462,3.7625999450683594,0.0002,2.8670512406585065,0.28789373487234116,0.010952237971650902,0.019769446043937933,0.450939878821373
1580,1580,3.6941404342651367,3.747115135192871,0.0002,2.887019309135173,0.2884266823530197,0.010982997373503167,0.019522867114574183,0.4511052817106247
1581,1581,3.7389111518859863,3.802534818649292,0.0002,2.905577665877049,0.28792804479599,0.010977947389619658,0.019740117215405917,0.45226675271987915
1582,1582,3.76859974861145,3.7188408374786377,0.0002,2.9222737324676182,0.2886531427502632,0.010895443292611162,0.019927568384446204,0.45051227509975433
1583,1583,3.774756669998169,3.713484287261963,0.0002,2.9373474182606265,0.2875160500407219,0.010936349928670097,0.019599481795012252,0.4508950561285019
1584,1584,3.7328009605407715,3.7258572578430176,0.0002,2.950973213142519,0.28884391486644745,0.010930251086392673,0.019324891713040415,0.45077133923768997
1585,1585,3.7367477416992188,3.7186920642852783,0.0002,2.9630879473190013,0.28905025124549866,0.010904023747571046,0.019747147758607753,0.4524158090353012
1586,1586,3.718834638595581,3.727107048034668,0.0002,2.974364723033164,0.2883005738258362,0.010869875830394449,0.01998753979933099,0.4525032490491867
1587,1587,3.730368137359619,3.6932358741760254,0.0002,2.983732467565675,0.28841106593608856,0.010956415155305876,0.019768194906646386,0.4547210559248924
1588,1588,3.7477238178253174,3.7241744995117188,0.0002,2.7661721474580943,0.28758519887924194,0.01097497873888642,0.019471673509542597,0.452426441013813
1589,1589,3.708810806274414,3.7256133556365967,0.0002,2.7886917108470404,0.28850259631872177,0.010923261323114275,0.019776100511080585,0.45369064062833786
1590,1590,3.7522051334381104,3.721951961517334,0.0002,2.810258209169075,0.29034966975450516,0.010882617581955856,0.01990036694041919,0.45233985781669617
1591,1591,3.711974620819092,3.7437775135040283,0.0002,2.829980671109696,0.2879878059029579,0.01089137317831046,0.01963191511822515,0.4543823376297951
1592,1592,3.7173099517822266,3.770324468612671,0.0002,2.8475540982722167,0.2916012182831764,0.010909635340794921,0.019287462360807694,0.4534575715661049
1593,1593,3.750403642654419,3.7330162525177,0.0002,2.8635889627048683,0.2894321084022522,0.010890468200159376,0.019708024949068204,0.45523370802402496
1594,1594,3.728146553039551,3.743863821029663,0.0002,2.8769473913653014,0.29102741926908493,0.010886845429922687,0.01988219071063213,0.45613793283700943
1595,1595,3.7049009799957275,3.7108981609344482,0.0002,2.8891313616327903,0.2907949760556221,0.010923866371740587,0.019845505317789502,0.45421844720840454
1596,1596,3.72408390045166,3.7118752002716064,0.0002,2.9009627654766263,0.288449190557003,0.010978458880344988,0.019508260458678706,0.45438677817583084
1597,1597,3.724381446838379,3.6881661415100098,0.0002,2.911398977851781,0.29031772911548615,0.010960140081806458,0.019859903241012944,0.45623891055583954
1598,1598,3.687021493911743,3.7610726356506348,0.0002,2.7097216884952164,0.291542187333107,0.010949632691335864,0.020081299564481014,0.455805167555809
1599,1599,3.6865217685699463,3.776233434677124,0.0002,2.7390921646598523,0.28872161358594894,0.01100780095475784,0.019820590248855297,0.4562033861875534
1600,1600,3.692155122756958,3.731994867324829,0.0002,2.7664164737644796,0.29075437784194946,0.01105738239857601,0.019646604428999126,0.45916876196861267
1601,1601,3.690063714981079,3.772130012512207,0.0002,2.790432330718856,0.2908274754881859,0.011015034388037748,0.019999068234028528,0.45991283655166626
1602,1602,3.7313101291656494,3.7169675827026367,0.0002,2.812525188401298,0.2919406145811081,0.010966812473270693,0.020222724273480708,0.45814718306064606
1603,1603,3.7584965229034424,3.7256019115448,0.0002,2.831817834112486,0.29182956367731094,0.01103500527824508,0.01998248414020054,0.458607979118824
1604,1604,3.7349212169647217,3.8167943954467773,0.0002,2.8493835198877084,0.2919965833425522,0.011090998161307652,0.01961844707329874,0.45817553251981735
1605,1605,3.7047617435455322,3.764129877090454,0.0002,2.8657484217135,0.2925689071416855,0.011112407806649571,0.01990356714668451,0.4602796733379364
1606,1606,3.742419481277466,3.733806610107422,0.0002,2.8800659515670035,0.29183444380760193,0.011100014264229685,0.0202085666860512,0.46165992319583893
1607,1607,3.7057738304138184,3.7625532150268555,0.0002,2.892737679645199,0.29194848239421844,0.011124426358946948,0.020262284928321606,0.46246784180402756
1608,1608,3.6760220527648926,3.7244787216186523,0.0002,2.9043412985146158,0.29231487214565277,0.011087231836427236,0.02010570448692306,0.4601784497499466
1609,1609,3.7197306156158447,3.69112229347229,0.0002,2.9146609846006424,0.2918504551053047,0.011135418542835396,0.019943273266108008,0.4601540341973305
1610,1610,3.698342800140381,3.7410662174224854,0.0002,2.9243623058385544,0.2927277460694313,0.011120633511382039,0.020135491507971892,0.4623127430677414
1611,1611,3.674740791320801,3.7368037700653076,0.0002,2.9328023219721695,0.2921217903494835,0.011117100244518952,0.02032050900379545,0.46294524520635605
1612,1612,3.692892074584961,3.752686023712158,0.0002,2.9404928325963864,0.29543058574199677,0.011084472856964567,0.020287843741243705,0.4613824337720871
1613,1613,3.7164883613586426,3.706639289855957,0.0002,2.946682523025073,0.29338930547237396,0.011133794358102023,0.019934257492423058,0.4621691182255745
1614,1614,3.7098374366760254,3.685077428817749,0.0002,2.953014514998583,0.29385265707969666,0.011142839399326476,0.019698500087542925,0.4614380896091461
1615,1615,3.725914478302002,3.7781732082366943,0.0002,2.732887422717857,0.29202989488840103,0.011084280813520309,0.020118804663070478,0.46232812106609344
1616,1616,3.709712505340576,3.77782940864563,0.0002,2.7599906715404936,0.2927963063120842,0.011030070352717303,0.02027150816138601,0.4641389846801758
1617,1617,3.735694408416748,3.745849132537842,0.0002,2.7839525281644653,0.29347869008779526,0.010985088272718713,0.020348794168967288,0.4645718112587929
1618,1618,3.6764824390411377,3.751190423965454,0.0002,2.8067026662021877,0.29381702095270157,0.0109944787400309,0.019996204748167656,0.46271586418151855
1619,1619,3.7166829109191895,3.693228244781494,0.0002,2.8266014557244192,0.2945033460855484,0.010971616184178856,0.01967079504902358,0.46183446794748306
1620,1620,3.700350761413574,3.6918301582336426,0.0002,2.844620609343744,0.2931482195854187,0.010946211677946849,0.01993215427501127,0.46516528725624084
1621,1621,3.7071378231048584,3.7137272357940674,0.0002,2.8606885998338987,0.29416871070861816,0.010880608915613266,0.020189911880152067,0.46482453495264053
1622,1622,3.7457692623138428,3.734999179840088,0.0002,2.8752487855007254,0.29419538378715515,0.010887926518989843,0.019977090927568497,0.4653521031141281
1623,1623,3.6705055236816406,3.7360079288482666,0.0002,2.888199693653495,0.2947920933365822,0.010910703220361029,0.019581258260586765,0.46413321793079376
1624,1624,3.7081053256988525,3.722360849380493,0.0002,2.8995215812174053,0.2952264994382858,0.010915852539255866,0.019766671379329637,0.46613823622465134
1625,1625,3.6809794902801514,3.796673536300659,0.0002,2.910234896822617,0.29477956146001816,0.010856591256015236,0.020136713352258084,0.4655499756336212
1626,1626,3.6704325675964355,3.746121406555176,0.0002,2.9196613681204866,0.29603367298841476,0.010903055293965735,0.01994074138929136,0.467168353497982
1627,1627,3.688333749771118,3.7300586700439453,0.0002,2.9285452577317637,0.29495082795619965,0.010941905389699969,0.019728499129996635,0.46580345928668976
1628,1628,3.7155747413635254,3.721822500228882,0.0002,2.9367154293367568,0.2936149910092354,0.010957632974168519,0.020128696247411426,0.46918074786663055
1629,1629,3.687323808670044,3.7556614875793457,0.0002,2.9435203228668905,0.29550719261169434,0.010981684588841745,0.020328620481450344,0.46869564801454544
1630,1630,3.685533046722412,3.6998212337493896,0.0002,2.949920967337525,0.2968369498848915,0.011026533398762695,0.019990908927866258,0.4668802469968796
1631,1631,3.810779094696045,3.7480831146240234,0.0002,2.955609145758746,0.2942604571580887,0.011108644628620823,0.019643565181468148,0.4669983237981796
1632,1632,3.686783790588379,3.681190013885498,0.0002,2.960457594657229,0.297046922147274,0.01108218620538537,0.019738997318199836,0.4670735374093056
1633,1633,3.699951648712158,3.798433780670166,0.0002,2.7556769134996166,0.2949482724070549,0.01103497734402481,0.02015234851205605,0.4692516177892685
1634,1634,3.6795830726623535,3.7156260013580322,0.0002,2.7805002391514244,0.295369490981102,0.010993995192620787,0.020605367742973613,0.4705038368701935
1635,1635,3.676863193511963,3.713534116744995,0.0002,2.8030052935242242,0.29682835936546326,0.0109914519071026,0.020741364780406002,0.47031551599502563
1636,1636,3.7173032760620117,3.727787733078003,0.0002,2.8218014598343153,0.29725559055805206,0.011050846989746788,0.020292157067160588,0.46809280663728714
1637,1637,3.6964364051818848,3.7054429054260254,0.0002,2.838830557446461,0.2974865734577179,0.01110960885489476,0.01976278310030466,0.46528513729572296
1638,1638,3.6811063289642334,3.7012393474578857,0.0002,2.852901313821731,0.29838965833187103,0.011186546880708192,0.019463660559267737,0.46460698544979095
1639,1639,3.7239348888397217,3.7228622436523438,0.0002,2.864056406687561,0.2984073832631111,0.011130492595839314,0.019910222363250796,0.4684836119413376
1640,1640,3.673571825027466,3.6914420127868652,0.0002,2.8776707889847564,0.2957107126712799,0.01107204976324283,0.020438318628293928,0.4710262417793274
1641,1641,3.7014074325561523,3.735908269882202,0.0002,2.890646134610458,0.298560231924057,0.011012045350071276,0.020817385069676675,0.47068288922309875
1642,1642,3.7148241996765137,3.7258830070495605,0.0002,2.9022632602610754,0.2993275970220566,0.011029915915059973,0.02085048628214281,0.47159188985824585
1643,1643,3.689626932144165,3.7380027770996094,0.0002,2.91270842594916,0.2975461259484291,0.011096260088379495,0.02048863247182453,0.4716374799609184
1644,1644,3.6884875297546387,3.6825201511383057,0.0002,2.92240115542511,0.29743608832359314,0.011173518614668865,0.02002333894415642,0.472272127866745
1645,1645,3.702920913696289,3.7215802669525146,0.0002,2.930898582636658,0.29901356250047684,0.011224044499613228,0.019552132245735265,0.4685365930199623
1646,1646,3.6611194610595703,3.687941789627075,0.0002,2.938476963091193,0.29921144247055054,0.011186765224920237,0.01963312398584094,0.4657358154654503
1647,1647,3.7245852947235107,3.726736307144165,0.0002,2.945141119469098,0.29759300500154495,0.011202257068362087,0.019930222657421837,0.4736541360616684
1648,1648,3.713172435760498,3.7286605834960938,0.0002,2.950974196892189,0.2994200065732002,0.011121661231300095,0.020388235334394267,0.4744817689061165
1649,1649,3.706149101257324,3.677049160003662,0.0002,2.9566219681339003,0.2979140877723694,0.011043860386052984,0.020830839130212553,0.4747573062777519
1650,1650,3.7173995971679688,3.7362818717956543,0.0002,2.7418730611378126,0.2977452427148819,0.010998368194123032,0.021064188673335593,0.4735575169324875
1651,1651,3.7028207778930664,3.702894926071167,0.0002,2.768154556973946,0.29926852881908417,0.011072032968513668,0.020774502834683517,0.47462737560272217
1652,1652,3.7066664695739746,3.7152020931243896,0.0002,2.7923162002762023,0.29967427253723145,0.01113626597361872,0.020317331174737774,0.4723280519247055
1653,1653,3.6939923763275146,3.73633074760437,0.0002,2.8135813231587687,0.29880574345588684,0.011194926984899212,0.019910806615371257,0.4712434709072113
1654,1654,3.671567916870117,3.7629854679107666,0.0002,2.832617779548608,0.29954196512699127,0.011195788634722703,0.02016668221403961,0.47469837963581085
1655,1655,3.6660234928131104,3.729447364807129,0.0002,2.850091917126318,0.2995492145419121,0.011164011935761664,0.020566311814036453,0.47743573784828186
1656,1656,3.728583574295044,3.7608871459960938,0.0002,2.8660772645374974,0.29959380626678467,0.011095681600636453,0.020811546892218757,0.4786665141582489
1657,1657,3.7425403594970703,3.6905558109283447,0.0002,2.880780958909412,0.30007604509592056,0.011091403477621498,0.0208794549034792,0.4776560142636299
1658,1658,3.654327869415283,3.7071433067321777,0.0002,2.8933994051596916,0.3009565398097038,0.011191761757800123,0.02059903055851464,0.4793243482708931
1659,1659,3.684262275695801,3.6910486221313477,0.0002,2.904757145539897,0.2993897497653961,0.01126637503693928,0.020192884036077885,0.47859591245651245
1660,1660,3.6733415126800537,3.7266101837158203,0.0002,2.915425516528252,0.3010447919368744,0.011317640068227774,0.01989578273423831,0.4749022424221039
1661,1661,3.66931414604187,3.703136920928955,0.0002,2.9245822725793547,0.3006977215409279,0.01133481659417157,0.020118737676966703,0.47879406064748764
1662,1662,3.6636743545532227,3.718716621398926,0.0002,2.9326134775947343,0.3011220321059227,0.011258954657023423,0.02055928053232492,0.4801428094506264
1663,1663,3.6547601222991943,3.7239365577697754,0.0002,2.9397455820805076,0.3012750893831253,0.011183680886460934,0.020935371161613148,0.4795765280723572
1664,1664,3.684103488922119,3.724761486053467,0.0002,2.9459281170049167,0.3007222041487694,0.01118514105291979,0.020971015095710754,0.48089174926280975
1665,1665,3.7600836753845215,3.680562973022461,0.0002,2.9520092368118034,0.30001212656497955,0.011211186214495683,0.02077462959641707,0.4804701581597328
1666,1666,3.6613314151763916,3.6991841793060303,0.0002,2.9578631748071893,0.3016491010785103,0.011265904489846434,0.020602016447810456,0.47889165580272675
1667,1667,3.7034711837768555,3.7266452312469482,0.0002,2.9626909440022615,0.3010288327932358,0.01125120163851534,0.02087806053532404,0.48096612095832825
1668,1668,3.7033865451812744,3.702077627182007,0.0002,2.9678899994277206,0.3014265298843384,0.011258445225394098,0.020966161730029853,0.48130760341882706
1669,1669,3.6874184608459473,3.704545497894287,0.0002,2.9717168746554115,0.3027801215648651,0.01127492884734238,0.02061815990236937,0.47841279953718185
1670,1670,3.725545883178711,3.7700300216674805,0.0002,2.975394073704075,0.3024513050913811,0.01133434932489763,0.020298604358686134,0.47902771830558777
1671,1671,3.6901164054870605,3.698697090148926,0.0002,2.978743129034377,0.3027447983622551,0.011265675488175475,0.020543582289974438,0.4776807650923729
1672,1672,3.7158102989196777,3.701648473739624,0.0002,2.9815484406430715,0.3025767430663109,0.011205933320525219,0.02088532106790808,0.481118381023407
1673,1673,3.714731454849243,3.7287960052490234,0.0002,2.9836084068041266,0.3032737001776695,0.011217084649615572,0.02089511011945433,0.48434143513441086
1674,1674,3.698167085647583,3.702375888824463,0.0002,2.985699800888613,0.3012114614248276,0.011221638278584578,0.020488558264332823,0.48104848712682724
1675,1675,3.6554534435272217,3.760165214538574,0.0002,2.988311928184147,0.3027649596333504,0.011274287793639814,0.020120392851822544,0.4831995815038681
1676,1676,3.684407949447632,3.7039928436279297,0.0002,2.990146046447724,0.30110737681388855,0.011236931079110946,0.019978191859991057,0.48035113513469696
1677,1677,3.695030450820923,3.70736026763916,0.0002,2.9909279818878454,0.3028483986854553,0.011153945173646207,0.02049044937666622,0.48411276191473007
1678,1678,3.7050094604492188,3.7023255825042725,0.0002,2.9922846574440767,0.30157971382141113,0.011078072107920889,0.02095774180997978,0.4845866411924362
1679,1679,3.6632587909698486,3.7051491737365723,0.0002,2.9937036129102266,0.30284321308135986,0.010997140801919159,0.021192433043324854,0.48223157227039337
1680,1680,3.7510218620300293,3.7224183082580566,0.0002,2.9942255524159544,0.30448319017887115,0.011036557083571097,0.02084826154896291,0.48373519629240036
1681,1681,3.6835620403289795,3.7510080337524414,0.0002,2.99498781119658,0.3030814602971077,0.011066545863286592,0.020260625151422573,0.47520145028829575
1682,1682,3.704139232635498,3.7210981845855713,0.0002,2.9953923343320796,0.30305716395378113,0.011139026331875357,0.019843661262711976,0.472856305539608
1683,1683,3.6906776428222656,3.686030387878418,0.0002,2.99665639813041,0.3032824397087097,0.011130781389510958,0.02035022534619202,0.48666515201330185
1684,1684,3.6749367713928223,3.737419605255127,0.0002,2.9974780786951447,0.3031754866242409,0.01105141754487704,0.020677211814472685,0.4863881394267082
1685,1685,3.670287847518921,3.665135383605957,0.0002,2.9989522053677518,0.30467210710048676,0.011001623117408599,0.021057801033748547,0.4882635921239853
1686,1686,3.649003028869629,3.707606554031372,0.0002,2.7798932065606072,0.30573806166648865,0.010938351750155562,0.02105406056944048,0.48537273705005646
1687,1687,3.642120361328125,3.680440664291382,0.0002,2.80245473858543,0.3032025843858719,0.011039810146030504,0.020752915461343946,0.4880828782916069
1688,1688,3.6516077518463135,3.6929848194122314,0.0002,2.823476099061898,0.3037959486246109,0.011113384556665551,0.020247414220648352,0.48779742419719696
1689,1689,3.7122206687927246,3.762115001678467,0.0002,2.8419606037200262,0.3050345778465271,0.011185327655766741,0.01968249447600101,0.48505810648202896
1690,1690,3.6639862060546875,3.6604228019714355,0.0002,2.8589845189311975,0.30512838065624237,0.011179915962202358,0.0195465392243932,0.48282916843891144
1691,1691,3.663062334060669,3.6960296630859375,0.0002,2.664226303927337,0.30438093841075897,0.01111122057409375,0.02010501184122404,0.48484934121370316
1692,1692,3.6895041465759277,3.717510223388672,0.0002,2.705016747858155,0.3061665967106819,0.01104898387529829,0.020673139741120394,0.48991265147924423
1693,1693,3.6772191524505615,3.6889965534210205,0.0002,2.741116706596778,0.3051217943429947,0.010959383444060222,0.02115125392083428,0.4879138395190239
1694,1694,3.7115249633789062,3.6853294372558594,0.0002,2.7742925033132226,0.30476706475019455,0.010940654934529448,0.021539089400903322,0.4902603253722191
1695,1695,3.6962907314300537,3.6939334869384766,0.0002,2.8043230837028688,0.30553873628377914,0.011043858979974175,0.02141213403592701,0.4931594431400299
1696,1696,3.6575443744659424,3.701899766921997,0.0002,2.831061234254194,0.30667921900749207,0.011119622649857774,0.020879288684227504,0.4897157773375511
1697,1697,3.687817335128784,3.6880013942718506,0.0002,2.8555454474544337,0.30546990036964417,0.011184610752025037,0.0202879579992441,0.4811633825302124
1698,1698,3.6937270164489746,3.7390966415405273,0.0002,2.877641850784086,0.3068315386772156,0.011242260781727964,0.020232843522535404,0.4851588234305382
1699,1699,3.6728291511535645,3.685605525970459,0.0002,2.897694736603232,0.3063909709453583,0.01126603917691682,0.02026631093394826,0.4877570644021034
1700,1700,3.70853853225708,3.684873580932617,0.0002,2.9149328397120344,0.3083416223526001,0.0111764744942775,0.020685731586127076,0.49077029526233673
1701,1701,3.7216482162475586,3.6777617931365967,0.0002,2.931077392011655,0.30462776869535446,0.011078215442466899,0.020778304435225436,0.48722703009843826
1702,1702,3.679527759552002,3.7281835079193115,0.0002,2.9454788143324557,0.3064608946442604,0.011089753073974862,0.020622778163669864,0.49060025066137314
1703,1703,3.673879384994507,3.7160985469818115,0.0002,2.9584487714746777,0.3067435175180435,0.011031107502276427,0.02080892975209281,0.4909745752811432
1704,1704,3.6674227714538574,3.715217351913452,0.0002,2.969973779619214,0.30673326551914215,0.01098546879075002,0.021223335585091263,0.49403029680252075
1705,1705,3.710390567779541,3.7000010013580322,0.0002,2.9805767817877964,0.3083208277821541,0.010948145632937667,0.021406526262580883,0.4935532286763191
1706,1706,3.719374179840088,3.659196615219116,0.0002,2.989464457521075,0.3062315136194229,0.011038705593819031,0.02113689115140005,0.4968048706650734
1707,1707,3.687256097793579,3.6872825622558594,0.0002,2.778542924064928,0.30552029609680176,0.011058239177145879,0.02027535071101738,0.48165208101272583
1708,1708,3.682992458343506,3.683683156967163,0.0002,2.799659515632671,0.3077658414840698,0.011138614472656627,0.01993221291922964,0.4822176769375801
1709,1709,3.6889023780822754,3.709707736968994,0.0002,2.819177205950982,0.30906206369400024,0.011082893874117872,0.02032632036571158,0.48857780545949936
1710,1710,3.6768198013305664,3.7257440090179443,0.0002,2.83652737114838,0.3086817264556885,0.011105502788268495,0.020256268842786085,0.491894893348217
1711,1711,3.6494104862213135,3.6728053092956543,0.0002,2.8529333674422954,0.3081422224640846,0.010978541913573281,0.020438328356249258,0.4874367192387581
1712,1712,3.650956869125366,3.693941593170166,0.0002,2.867148686854007,0.306925468146801,0.010903661517659202,0.02068506000796333,0.4863172769546509
1713,1713,3.6633803844451904,3.657762050628662,0.0002,2.8791363790574156,0.3083939552307129,0.010860385267733363,0.021300227650499437,0.49515433609485626
1714,1714,3.72556734085083,3.69773006439209,0.0002,2.681743402241409,0.30840449780225754,0.010884084389545023,0.020814788636926096,0.4914277717471123
1715,1715,3.6988601684570312,3.7471139430999756,0.0002,2.7212213724218364,0.3099561929702759,0.01095315181009937,0.02036068733286811,0.4787701442837715
1716,1716,3.6652519702911377,3.6902523040771484,0.0002,2.7562388010839936,0.30928658694028854,0.010930141132121207,0.02078970327420393,0.487181656062603
1717,1717,3.6697452068328857,3.6389777660369873,0.0002,2.7879815766924514,0.308544397354126,0.010929157231657882,0.0211761933969683,0.4947529062628746
1718,1718,3.6390302181243896,3.7319977283477783,0.0002,2.6016632664235537,0.30922050029039383,0.010996285463988897,0.021749412451754324,0.4988475888967514
1719,1719,3.6745448112487793,3.685964345932007,0.0002,2.648974459727698,0.3071025013923645,0.011047429925383767,0.02196624377029366,0.5001314654946327
1720,1720,3.6803905963897705,3.680716037750244,0.0002,2.6915720548445465,0.3092159405350685,0.011163625595145277,0.022101849641330773,0.5018764734268188
1721,1721,3.622910261154175,3.6632561683654785,0.0002,2.7298838646171926,0.31070612370967865,0.01126721339460346,0.022007056566508254,0.4991627037525177
1722,1722,3.7474262714385986,3.680161952972412,0.0002,2.7640408148108153,0.3101525083184242,0.011375335292541422,0.02185431416000938,0.5012493878602982
1723,1723,3.6943559646606445,3.7292380332946777,0.0002,2.795092312136459,0.3105113357305527,0.01149390632781433,0.021570623142906697,0.4997982978820801
1724,1724,3.6640946865081787,3.649453639984131,0.0002,2.8230958152898586,0.310959130525589,0.011599926421695272,0.02126338534799288,0.5017024353146553
1725,1725,3.6848976612091064,3.684065341949463,0.0002,2.848153229429813,0.3108922615647316,0.011725531456249882,0.020919438404234825,0.5027242004871368
1726,1726,3.659374952316284,3.654442071914673,0.0002,2.870525512017088,0.308658629655838,0.011797020360972965,0.02097188670450123,0.5016570836305618
1727,1727,3.6496975421905518,3.737823486328125,0.0002,2.891239920403368,0.3091941103339195,0.011862223784191883,0.02115073223831132,0.5023780167102814
1728,1728,3.6707990169525146,3.722635269165039,0.0002,2.909549739211174,0.30987538397312164,0.011876376474901917,0.021382040315074846,0.5021146088838577
1729,1729,3.644188165664673,3.6725239753723145,0.0002,2.9258307651386914,0.31103961914777756,0.011869757126987679,0.021621702471747994,0.5017310529947281
1730,1730,3.709888458251953,3.658884048461914,0.0002,2.940843983182695,0.31128184497356415,0.011921734401767026,0.021902492309891386,0.5016921982169151
1731,1731,3.662769317626953,3.647887945175171,0.0002,2.9545255219425117,0.31094565242528915,0.011972859294473892,0.022047132908483036,0.5046958476305008
1732,1732,3.650437355041504,3.6955406665802,0.0002,2.96623935450968,0.3107626214623451,0.012026535527184024,0.022029166950233048,0.5023110210895538
1733,1733,3.6933231353759766,3.6783976554870605,0.0002,2.9772357179100934,0.3121596649289131,0.012108534727303777,0.02204975888162153,0.504367008805275
1734,1734,3.688061475753784,3.661360740661621,0.0002,2.9868009726074676,0.3123522251844406,0.012134592050642823,0.021937054818408797,0.5017722770571709
1735,1735,3.6543848514556885,3.659189224243164,0.0002,2.9953920343134115,0.3112775906920433,0.012194581249787007,0.021907560745603405,0.5024097636342049
1736,1736,3.6525509357452393,3.7330403327941895,0.0002,3.0034164447655534,0.31257302314043045,0.012218896006743307,0.02188086378373555,0.5029928684234619
1737,1737,3.665688991546631,3.6375038623809814,0.0002,3.010513712725875,0.3110053241252899,0.01217499420272361,0.021808549514389597,0.5006395652890205
1738,1738,3.6875102519989014,3.6668872833251953,0.0002,2.790556254362802,0.31262151151895523,0.01217695233572158,0.021904238186834846,0.5056823045015335
1739,1739,3.7082316875457764,3.656913995742798,0.0002,2.8184473389262292,0.31306352466344833,0.012074480691808276,0.021910878935159417,0.5036674812436104
1740,1740,3.641819477081299,3.6883957386016846,0.0002,2.7756074775269783,0.3126337304711342,0.011959265550103737,0.022078597256040666,0.5029338300228119
1741,1741,3.6595566272735596,3.73740816116333,0.0002,2.805561675944172,0.3130359351634979,0.011852240060761687,0.022282576075667748,0.5034257024526596
1742,1742,3.6612348556518555,3.6882243156433105,0.0002,2.832205338373759,0.31315263360738754,0.011755129440643941,0.02220032160039409,0.5014831125736237
1743,1743,3.6591455936431885,3.6814868450164795,0.0002,2.856344151465344,0.3129700943827629,0.011783997742895735,0.02212206436888664,0.5043423548340797
1744,1744,3.682957172393799,3.665006160736084,0.0002,2.8780602451778834,0.3139425292611122,0.01174795878250734,0.0215769536443986,0.4892956539988518
1745,1745,3.6992249488830566,3.671513795852661,0.0002,2.8977691668299865,0.3148331344127655,0.01177418788211071,0.02141296635090839,0.4913076087832451
1746,1746,3.626300096511841,3.6661839485168457,0.0002,2.9154929052291063,0.3127581402659416,0.011695266935930704,0.021534302130021388,0.4945286512374878
1747,1747,3.662318468093872,3.705900192260742,0.0002,2.9316735978395765,0.31424590200185776,0.011611712961894227,0.02148056959049427,0.49443551898002625
1748,1748,3.6713130474090576,3.6730997562408447,0.0002,2.945990902304812,0.31287144124507904,0.011551338520803256,0.02180749574836227,0.5004275143146515
1749,1749,3.6960761547088623,3.6766984462738037,0.0002,2.9582219423153684,0.31392940878868103,0.011471308032923844,0.021929565406026086,0.5020544454455376
1750,1750,3.6667287349700928,3.7126364707946777,0.0002,2.9697511067352313,0.3133904039859772,0.011423572330386378,0.021748076091171242,0.5023816972970963
1751,1751,3.6502561569213867,3.67482852935791,0.0002,2.9799907684549725,0.3138294890522957,0.011421622135458165,0.0212565634137718,0.49107667803764343
1752,1752,3.631943941116333,3.7357711791992188,0.0002,2.9893111013025098,0.3140619173645973,0.011470287920019473,0.021077950925246114,0.49223826825618744
1753,1753,3.659414768218994,3.675339937210083,0.0002,2.997596291844314,0.3138643503189087,0.011380565585568547,0.020946181099134265,0.4872718080878258
1754,1754,3.644827365875244,3.6668460369110107,0.0002,3.004923453226978,0.31528398394584656,0.011376497186574852,0.021482841359102167,0.50678501278162
1755,1755,3.6445887088775635,3.6759371757507324,0.0002,3.0117771979190113,0.3144354969263077,0.011311638454571948,0.02171328324766364,0.5083654820919037
1756,1756,3.7199673652648926,3.6884305477142334,0.0002,3.0182887463214025,0.3151465207338333,0.011300014606604236,0.02212621799480985,0.5120911151170731
1757,1757,3.707901954650879,3.7125890254974365,0.0002,3.0236181084545146,0.31590481847524643,0.01129733161724289,0.022423534137487877,0.5133041143417358
1758,1758,3.6316089630126953,3.6870510578155518,0.0002,3.028731266099342,0.315420538187027,0.011340555141941877,0.022418204596760916,0.5134730935096741
1759,1759,3.631575107574463,3.6816751956939697,0.0002,3.033227174886636,0.3161788359284401,0.011428962028730894,0.02225144681870006,0.5128022283315659
1760,1760,3.6952736377716064,3.6504766941070557,0.0002,3.035872991349344,0.3144225627183914,0.011538940940226894,0.021953887706331443,0.5127281844615936
1761,1761,3.687743663787842,3.675879716873169,0.0002,3.038691935153172,0.31613627076148987,0.011617979944276158,0.02154660580708878,0.5117377638816833
1762,1762,3.668755292892456,3.71018385887146,0.0002,3.0393242178609037,0.3156483396887779,0.011713160260114819,0.021198582882789196,0.514522135257721
1763,1763,3.7150461673736572,3.637953758239746,0.0002,3.0396275905283674,0.3172972649335861,0.011780590095440857,0.020723276287753833,0.5126424133777618
1764,1764,3.675830125808716,3.688842296600342,0.0002,3.042880622719633,0.3167367950081825,0.011788902585976757,0.02013326068117749,0.5059790164232254
1765,1765,3.6380622386932373,3.714524030685425,0.0002,3.045973834783156,0.3168227970600128,0.011737998760509072,0.01981924734718632,0.49841833114624023
1766,1766,3.652571678161621,3.6194443702697754,0.0002,3.048580356376306,0.3161679431796074,0.011643205232758191,0.020322685992141487,0.5086757093667984
1767,1767,3.696871280670166,3.6589882373809814,0.0002,2.8339510824653114,0.3157114088535309,0.011533595908986172,0.020709494332550094,0.5100111067295074
1768,1768,3.628566026687622,3.709562301635742,0.0002,2.8507897581105737,0.3171158581972122,0.011432574463469791,0.0211507925632759,0.5131330192089081
1769,1769,3.6695542335510254,3.6980769634246826,0.0002,2.866265860587459,0.3164866045117378,0.011335437664456549,0.021360988455853658,0.51273213326931
1770,1770,3.649677038192749,3.6782710552215576,0.0002,2.880961803200017,0.31532447040081024,0.011244335386436433,0.02119609299916192,0.5097919553518295
1771,1771,3.6853878498077393,3.7080893516540527,0.0002,2.893590636482829,0.3174499496817589,0.011190935079866904,0.020965594125300413,0.49785445630550385
1772,1772,3.6316895484924316,3.6806678771972656,0.0002,2.905778720918888,0.3180389255285263,0.011149617910632514,0.021536854521400528,0.5110886245965958
1773,1773,3.65421986579895,3.683411121368408,0.0002,2.916132156748298,0.31612079590559006,0.011088809254943044,0.021330756069801282,0.5000323057174683
1774,1774,3.665004014968872,3.6838009357452393,0.0002,2.9259009433173473,0.31684836000204086,0.011095927453425247,0.022093161922384752,0.5177768617868423
1775,1775,3.645061731338501,3.6903815269470215,0.0002,2.9343860953673677,0.3180510327219963,0.011076557349952054,0.022219852118723793,0.5153687298297882
1776,1776,3.671238422393799,3.6517131328582764,0.0002,2.941136677303514,0.3180728182196617,0.011174532328368514,0.022083186766394647,0.5173448324203491
1777,1777,3.666170597076416,3.671328067779541,0.0002,2.946945733665988,0.3179999366402626,0.011238191307711531,0.021548604367126245,0.5106300488114357
1778,1778,3.6639585494995117,3.656533718109131,0.0002,2.9528602067865064,0.3175889179110527,0.011289608895822312,0.020846998515480664,0.48512377589941025
1779,1779,3.638476848602295,3.686769723892212,0.0002,2.9566734570279753,0.32021402567625046,0.01133300353649247,0.02116582317466964,0.5004327371716499
1780,1780,3.6770424842834473,3.6222128868103027,0.0002,2.9618621631259354,0.3195671886205673,0.011349183285346953,0.02163935923454119,0.5152378231287003
1781,1781,3.640352249145508,3.702406167984009,0.0002,2.9669354329935773,0.32009170949459076,0.011365309477696428,0.02106600787374191,0.5050840228796005
1782,1782,3.6986420154571533,3.662259578704834,0.0002,2.9706905513842212,0.32035981863737106,0.011370852460458991,0.020699512511782814,0.49672482907772064
1783,1783,3.640380382537842,3.669513702392578,0.0002,2.975008237778555,0.319549560546875,0.011358110987202963,0.021199431947025005,0.5122663676738739
1784,1784,3.642477512359619,3.704315662384033,0.0002,2.978731797277337,0.3184606805443764,0.011304451190881082,0.02147442663044785,0.5139352083206177
1785,1785,3.643544912338257,3.657437324523926,0.0002,2.9809878328461847,0.3187437281012535,0.01133156323703588,0.021112902781169396,0.5065756142139435
1786,1786,3.663578748703003,3.675621747970581,0.0002,2.9840099677018928,0.3197254464030266,0.011379051895346493,0.02087062601276557,0.5094871520996094
1787,1787,3.623430013656616,3.6379833221435547,0.0002,2.9857224667090607,0.3188236877322197,0.01131567032825842,0.021337306334316963,0.5140160024166107
1788,1788,3.619063377380371,3.632344961166382,0.0002,2.987299208614643,0.3183266445994377,0.011294819641989307,0.02193263681328972,0.5231698155403137
1789,1789,3.6874256134033203,3.657607316970825,0.0002,2.989318058815456,0.3194989785552025,0.011250093531998573,0.02167589847522322,0.5194881409406662
1790,1790,3.640223503112793,3.6499853134155273,0.0002,2.9909634363336544,0.3190070316195488,0.01121331837384787,0.02114832199004013,0.5061138942837715
1791,1791,3.6342451572418213,3.6681830883026123,0.0002,2.993015583715393,0.3216204196214676,0.011171699397891643,0.021681998452550033,0.5154000222682953
1792,1792,3.6514108180999756,3.7196204662323,0.0002,2.994364211213638,0.3215472251176834,0.011146455583002535,0.02135531307430938,0.5107967481017113
1793,1793,3.5957846641540527,3.7166249752044678,0.0002,2.995745088276129,0.3193746954202652,0.01110879462248704,0.02077540068057715,0.4873415529727936
1794,1794,3.688472270965576,3.662877082824707,0.0002,2.9975215348659434,0.32131674140691757,0.011102287453468307,0.021304914669599384,0.5083826780319214
1795,1795,3.701547145843506,3.6359267234802246,0.0002,2.9989020459259,0.3200349882245064,0.011067460383856087,0.02191301985658356,0.5211232453584671
1796,1796,3.6513943672180176,3.6356701850891113,0.0002,2.99986040216078,0.3218551427125931,0.011073956493419246,0.022315835318295285,0.5242084562778473
1797,1797,3.645475387573242,3.7054829597473145,0.0002,2.9991501436345893,0.32199373096227646,0.011139840211399132,0.02249269410094712,0.5253586918115616
1798,1798,3.648606777191162,3.678001642227173,0.0002,3.0003756252643043,0.3202255219221115,0.011204839905985864,0.02201220735514653,0.5193802267313004
1799,1799,3.674091339111328,3.72236704826355,0.0002,3.00091947248511,0.32100940495729446,0.011298199953671428,0.021652582843671553,0.5228325426578522
1800,1800,3.668577194213867,3.656114339828491,0.0002,3.0018556463661272,0.3206423446536064,0.011346601770128473,0.02114988778339466,0.5183214247226715
1801,1801,3.6596930027008057,3.686591386795044,0.0002,3.0026946160738475,0.3198983669281006,0.011407999743823893,0.020781001232535345,0.5161838233470917
1802,1802,3.7103183269500732,3.6313045024871826,0.0002,3.0035062721553243,0.3229862079024315,0.01145386950156535,0.0203347124515858,0.5024431422352791
1803,1803,3.6379902362823486,3.657357692718506,0.0002,3.0039592677600706,0.3213306814432144,0.01143586838770716,0.020934014853992267,0.5182927548885345
1804,1804,3.631305456161499,3.6505887508392334,0.0002,3.004653755377516,0.32249074429273605,0.011368234690962709,0.021145557289855788,0.5130236595869064
1805,1805,3.6389992237091064,3.632737874984741,0.0002,3.0055435833925093,0.321867473423481,0.011310591591609409,0.02117084628844168,0.5126435160636902
1806,1806,3.6475322246551514,3.6409149169921875,0.0002,3.005935523537167,0.3229738622903824,0.01126516770091257,0.021049388436949812,0.5030726194381714
1807,1807,3.720820903778076,3.7261483669281006,0.0002,3.0061988372429123,0.32344184070825577,0.011225475060200552,0.02183992034770199,0.5257083773612976
1808,1808,3.627192258834839,3.6693694591522217,0.0002,3.0064464053423445,0.3230868950486183,0.011155620570207248,0.02218708370492095,0.523933470249176
1809,1809,3.670994281768799,3.6446332931518555,0.0002,3.0067847312874845,0.32253681868314743,0.01115442490663554,0.02161747758873389,0.5132443457841873
1810,1810,3.6422390937805176,3.6612300872802734,0.0002,3.006128710356623,0.3240031525492668,0.011176578902450274,0.021246863190754084,0.4966868460178375
1811,1811,3.645954132080078,3.6739134788513184,0.0002,3.0067059439369612,0.32243093848228455,0.011203597618077765,0.021875172049476532,0.5201857537031174
1812,1812,3.7151007652282715,3.629706382751465,0.0002,3.006653826198514,0.3221644163131714,0.011236107415243168,0.02187896359100705,0.5152685567736626
1813,1813,3.651102304458618,3.621821165084839,0.0002,3.00759940929513,0.32397376000881195,0.011219641573916306,0.0222510152925679,0.5231248289346695
1814,1814,3.6163904666900635,3.6598122119903564,0.0002,3.008292575596604,0.3242122754454613,0.01124955975501507,0.02159473082429031,0.5028253570199013
1815,1815,3.642007827758789,3.722681760787964,0.0002,3.008342007871707,0.32241091132164,0.011252878570303437,0.022168161951412912,0.5229519009590149
1816,1816,3.6218793392181396,3.651872396469116,0.0002,3.0076004000728016,0.32453931868076324,0.011273218437054311,0.021638451489707222,0.5106642544269562
1817,1817,3.6284291744232178,3.6575417518615723,0.0002,3.007625099903892,0.3249918222427368,0.011273118445387809,0.0220352096548595,0.5226126611232758
1818,1818,3.616549015045166,3.6477785110473633,0.0002,3.0076069671901045,0.3222893923521042,0.011303129220323171,0.02157380646895035,0.5189692229032516
1819,1819,3.6759912967681885,3.6264662742614746,0.0002,3.006961224691241,0.3221901133656502,0.011242127055083984,0.021820157526235562,0.5187153369188309
1820,1820,3.6593518257141113,3.655630111694336,0.0002,3.007435785726607,0.3256049156188965,0.011265128408922465,0.021599856238026405,0.5215485841035843
1821,1821,3.6739892959594727,3.6681740283966064,0.0002,3.007893410672578,0.32487376034259796,0.01120562011783477,0.02124171084506088,0.5095691531896591
1822,1822,3.65730619430542,3.662149429321289,0.0002,3.007760435485471,0.32546520978212357,0.011199439180927584,0.021805215525091626,0.5271637439727783
1823,1823,3.6208276748657227,3.6703972816467285,0.0002,3.007952527173162,0.3243387043476105,0.011149056677822955,0.022080196729802992,0.5296764969825745
1824,1824,3.62319278717041,3.632591485977173,0.0002,3.0078133150659587,0.3244880810379982,0.011114319469925249,0.022212071755348006,0.5271362811326981
1825,1825,3.604966163635254,3.619335651397705,0.0002,3.008008756594626,0.3263794556260109,0.01119349254804547,0.022001139077474363,0.5301117449998856
1826,1826,3.6691763401031494,3.614335536956787,0.0002,2.798470591531641,0.32462217658758163,0.011232328795813373,0.021424814091005828,0.5224987417459488
1827,1827,3.637882947921753,3.629150629043579,0.0002,2.610434435359498,0.3249725475907326,0.01125374256662326,0.020891186402877793,0.5038211867213249
1828,1828,3.6184284687042236,3.6409618854522705,0.0002,2.6567042843886504,0.3250802755355835,0.011219317153518205,0.021288292737153824,0.5129764601588249
1829,1829,3.6453306674957275,3.647630453109741,0.0002,2.698416830214894,0.3254481926560402,0.011205753422473208,0.022046676778700203,0.5348924845457077
1830,1830,3.6671946048736572,3.6328377723693848,0.0002,2.735824224614687,0.32567688822746277,0.011173804252393893,0.022444037298555486,0.534423366189003
1831,1831,3.615877389907837,3.6397769451141357,0.0002,2.7694399342726874,0.32573144137859344,0.011189072592969751,0.022854714232380502,0.5386226624250412
1832,1832,3.6363677978515625,3.73099946975708,0.0002,2.799521324435911,0.3260224238038063,0.01127848318174074,0.02284432757005561,0.5396284908056259
1833,1833,3.6229379177093506,3.672731399536133,0.0002,2.8267111340619873,0.3247837498784065,0.01134386125340825,0.022443640667916043,0.5384849458932877
1834,1834,3.6479129791259766,3.671006202697754,0.0002,2.8515915512569365,0.3263998180627823,0.011412549914894043,0.021937422683549812,0.536296546459198
1835,1835,3.643336057662964,3.67732310295105,0.0002,2.8747232615912273,0.32637420296669006,0.011471978175904951,0.02146801344497362,0.5314474403858185
1836,1836,3.6479711532592773,3.6238858699798584,0.0002,2.8941645942085965,0.32774732261896133,0.011518850351421861,0.021030119169154204,0.5286706686019897
1837,1837,3.623441219329834,3.6867032051086426,0.0002,2.9123672418482225,0.3254673480987549,0.011522336440975778,0.020529620422166772,0.5125759989023209
1838,1838,3.6698710918426514,3.635382652282715,0.0002,2.928628961148245,0.32705873996019363,0.011437048136940575,0.02109974298218731,0.5186938568949699
1839,1839,3.6074554920196533,3.6197702884674072,0.0002,2.9430698425502033,0.32897065579891205,0.011363961533788824,0.021674638377589872,0.5292506963014603
1840,1840,3.639920949935913,3.7020442485809326,0.0002,2.9561206755218286,0.32702167332172394,0.011308403616567375,0.022265646737650968,0.5365526080131531
1841,1841,3.616584062576294,3.6725854873657227,0.0002,2.9680301897389807,0.3283957242965698,0.011233888852075324,0.022806262171798153,0.5411055386066437
1842,1842,3.631741762161255,3.6223740577697754,0.0002,2.9786482283820916,0.3269985318183899,0.011159782709000865,0.02280494603837724,0.5381750464439392
1843,1843,3.6700778007507324,3.6904919147491455,0.0002,2.988082595658606,0.3281834125518799,0.011192115811354597,0.02254648466987419,0.5375031381845474
1844,1844,3.6392738819122314,3.626049518585205,0.0002,2.996635212739248,0.3283877968788147,0.011219057738344418,0.022110774691100232,0.5319563448429108
1845,1845,3.6671390533447266,3.6228079795837402,0.0002,3.0047299599357062,0.3282107636332512,0.011287270641332725,0.021782618037832435,0.5212578177452087
1846,1846,3.6598427295684814,3.6425914764404297,0.0002,3.0104847674034563,0.328369602560997,0.011290716945950408,0.022195110039319843,0.5311548560857773
1847,1847,3.6380434036254883,3.6582093238830566,0.0002,3.017246713203299,0.3266441896557808,0.011285709846561076,0.02275391602597665,0.5394527316093445
1848,1848,3.659353733062744,3.6635665893554688,0.0002,3.022777064023494,0.32947127521038055,0.0112865680403047,0.023018942640192108,0.5390333384275436
1849,1849,3.5758578777313232,3.762178897857666,0.0002,3.0282243998737153,0.3278593346476555,0.011306991986202775,0.02319952598918462,0.5388040393590927
1850,1850,3.6498515605926514,3.640077829360962,0.0002,3.032757907497504,0.32736100256443024,0.01143900408897025,0.023398627919959836,0.545196071267128
1851,1851,3.637157678604126,3.6378684043884277,0.0002,3.0369994448947537,0.32833609730005264,0.011538178268892807,0.02308193525095703,0.5423177629709244
1852,1852,3.5923094749450684,3.662217140197754,0.0002,3.041107877354823,0.32907291501760483,0.011622985583016998,0.022481959946162533,0.5375612378120422
1853,1853,3.608389139175415,3.6671853065490723,0.0002,3.0450173295173766,0.32942362129688263,0.01169834620122856,0.022202069638296962,0.5378865897655487
1854,1854,3.640559434890747,3.628696918487549,0.0002,3.047703541652029,0.3298826590180397,0.011726255794201279,0.02165613062970806,0.5273838192224503
1855,1855,3.597719430923462,3.644512891769409,0.0002,3.050727075614306,0.33056800067424774,0.011767237636377104,0.02111917228467064,0.51479172706604
1856,1856,3.6269989013671875,3.654127359390259,0.0002,3.0533059972911993,0.3319452553987503,0.011776647826991393,0.020933796131430427,0.5198316872119904
1857,1857,3.6841964721679688,3.6280553340911865,0.0002,3.05573519972343,0.3325168937444687,0.011737051134332432,0.021484851557033835,0.5296565741300583
1858,1858,3.6218111515045166,3.6327006816864014,0.0002,3.0574911152637427,0.32986311614513397,0.011651401073322631,0.02205317356128944,0.5413854420185089
1859,1859,3.6703872680664062,3.613870859146118,0.0002,3.0595101562621627,0.3300834819674492,0.011563430469323066,0.02230277453054441,0.539161279797554
1860,1860,3.5883162021636963,3.680699586868286,0.0002,2.845055677322585,0.33018576353788376,0.011498556881633704,0.022805971711932216,0.5411133170127869
1861,1861,3.597162961959839,3.646970510482788,0.0002,2.8608698726165156,0.33081240206956863,0.011366683631422347,0.022721299766999437,0.5373855978250504
1862,1862,3.627790689468384,3.6496689319610596,0.0002,2.8755573707740383,0.32923920452594757,0.011310360994684743,0.022492412928841077,0.5336761921644211
1863,1863,3.6046643257141113,3.6360933780670166,0.0002,2.888730389663851,0.33063971251249313,0.01129698437944171,0.022286433668341488,0.5366014242172241
1864,1864,3.667806625366211,3.6288981437683105,0.0002,2.900185389784897,0.3327401876449585,0.011257714199018665,0.021728624546085484,0.5177717506885529
1865,1865,3.6541032791137695,3.6396071910858154,0.0002,2.910322322992659,0.32982324808835983,0.011218733534406056,0.022296047285635723,0.533599391579628
1866,1866,3.641813039779663,3.605316162109375,0.0002,2.9203725131482656,0.32994329184293747,0.011178394814123749,0.022625314672040986,0.5372373312711716
1867,1867,3.6098549365997314,3.6603376865386963,0.0002,2.7154404033064345,0.3328792676329613,0.011194183945917757,0.023024062342301477,0.5462901443243027
1868,1868,3.5946221351623535,3.6256704330444336,0.0002,2.744511425191493,0.332111619412899,0.011277555784545257,0.022648459031188395,0.542132779955864
1869,1869,3.630978584289551,3.6668179035186768,0.0002,2.770933271961807,0.33359526842832565,0.011347193729307037,0.022254286453971872,0.5399903059005737
1870,1870,3.63678240776062,3.688751697540283,0.0002,2.7944314332057534,0.33219707757234573,0.011401859977922868,0.021718889653129736,0.5308424979448318
1871,1871,3.5940442085266113,3.5976874828338623,0.0002,2.8157919127054565,0.3328358083963394,0.01142115347829531,0.022046096288249828,0.5341780036687851
1872,1872,3.6051297187805176,3.679227113723755,0.0002,2.6132265045407017,0.33254610002040863,0.011416523109801346,0.02242799077066593,0.5404346883296967
1873,1873,3.5917887687683105,3.631291389465332,0.0002,2.651398469457992,0.33389753103256226,0.011461737731224275,0.02285107134594,0.5484144389629364
1874,1874,3.6271402835845947,3.6373088359832764,0.0002,2.6859706140495345,0.33160533010959625,0.011520111997015192,0.02242959129944211,0.5468520671129227
1875,1875,3.6298999786376953,3.62532114982605,0.0002,2.7165322277505712,0.3343603014945984,0.01154744270752417,0.02184937717174762,0.535511702299118
1876,1876,3.6045563220977783,3.623169422149658,0.0002,2.7453226320224027,0.33282309025526047,0.011540085986780468,0.021472105025168275,0.5301948487758636
1877,1877,3.6336255073547363,3.6360385417938232,0.0002,2.7701817361095014,0.33344294875860214,0.011506713721246342,0.021992851801769575,0.5430518835783005
1878,1878,3.6555826663970947,3.6094918251037598,0.0002,2.7923120937560935,0.33336225152015686,0.011454474179117824,0.022357676596584497,0.5413087010383606
1879,1879,3.61130428314209,3.6887967586517334,0.0002,2.8135188273556806,0.33457309752702713,0.011404791037421091,0.022935917782888282,0.5531523674726486
1880,1880,3.6381514072418213,3.676811933517456,0.0002,2.8323253345221437,0.33418289572000504,0.01134111837927776,0.022509997063025367,0.5410428792238235
1881,1881,3.6306796073913574,3.667363405227661,0.0002,2.849571836605711,0.33496009558439255,0.011338455393342883,0.022077981135225855,0.5351203680038452
1882,1882,3.6201584339141846,3.642430543899536,0.0002,2.865268904582627,0.33173755556344986,0.01136048007174395,0.0216637337616703,0.524618424475193
1883,1883,3.6249916553497314,3.6507885456085205,0.0002,2.878637065710019,0.33455562591552734,0.01131268406061281,0.021962838949548313,0.5338478684425354
1884,1884,3.657808780670166,3.6172688007354736,0.0002,2.88983255763706,0.3339418098330498,0.011250264824411715,0.022186152145877713,0.533984512090683
1885,1885,3.6151630878448486,3.666454315185547,0.0002,2.900544486381669,0.3343837261199951,0.0112568151398591,0.0227107787541172,0.5448359251022339
1886,1886,3.659210443496704,3.608428955078125,0.0002,2.908906330223937,0.3343595117330551,0.011317135349599994,0.022179309828061378,0.5328478813171387
1887,1887,3.638150691986084,3.6685073375701904,0.0002,2.917765673103417,0.33689066767692566,0.011410217268348788,0.022046382684493437,0.5401666164398193
1888,1888,3.618006706237793,3.6359565258026123,0.0002,2.922895307467841,0.33380574733018875,0.011467723044916056,0.021533873506996315,0.5254488736391068
1889,1889,3.5984373092651367,3.6228790283203125,0.0002,2.927553062338961,0.3347655087709427,0.01142437990529288,0.021718317137128906,0.521427184343338
1890,1890,3.6426010131835938,3.6301498413085938,0.0002,2.9329827090664855,0.3354029878973961,0.0114390658782213,0.02243203560283291,0.5467844009399414
1891,1891,3.5859146118164062,3.7166454792022705,0.0002,2.940201002808499,0.33652888238430023,0.011441086538980016,0.022922317461052444,0.5526572316884995
1892,1892,3.658921480178833,3.6496596336364746,0.0002,2.8809401514745328,0.33613570034503937,0.01144874074816471,0.02330347756651463,0.5558941513299942
1893,1893,3.6120827198028564,3.6247918605804443,0.0002,2.8922652445427874,0.3355083242058754,0.011477629399450962,0.0236535900439776,0.5596580058336258
1894,1894,3.6246767044067383,3.675811290740967,0.0002,2.9034659451136675,0.3341100439429283,0.011526965758093866,0.023708350607194006,0.5569800287485123
1895,1895,3.6161720752716064,3.6341822147369385,0.0002,2.913158160652812,0.3365582674741745,0.011646700400888221,0.023535126725619193,0.5575744211673737
1896,1896,3.59648060798645,3.678636312484741,0.0002,2.9216474553517178,0.33419962227344513,0.011744822118998854,0.023203008051496,0.5606256276369095
1897,1897,3.6361196041107178,3.5864498615264893,0.0002,2.929670766382554,0.3361370265483856,0.011815904546892853,0.022774881537770852,0.5599963217973709
1898,1898,3.6302459239959717,3.6017022132873535,0.0002,2.728272173953081,0.336036317050457,0.01187158357242879,0.02229794392042095,0.5561722964048386
1899,1899,3.6077144145965576,3.629795789718628,0.0002,2.7562909119167567,0.33751192688941956,0.011910429668205325,0.02177264855708927,0.5480740815401077
1900,1900,3.6057040691375732,3.6903645992279053,0.0002,2.781442979575709,0.3365933746099472,0.011948458670303808,0.021398559259978356,0.549866572022438
1901,1901,3.583853006362915,3.5889313220977783,0.0002,2.8041817691640145,0.33668912947177887,0.011900820250957622,0.020959646251867525,0.5286660939455032
1902,1902,3.592059373855591,3.620117425918579,0.0002,2.8241770149788348,0.33924801647663116,0.01186713827883068,0.0216217122724629,0.544559121131897
1903,1903,3.599423885345459,3.613590955734253,0.0002,2.8427468437138304,0.33682548999786377,0.011811401420345646,0.022148461062897695,0.5512707531452179
1904,1904,3.5651702880859375,3.6538801193237305,0.0002,2.859309810071806,0.33654262125492096,0.01174247919152549,0.02267126918377471,0.5576611906290054
1905,1905,3.611393451690674,3.6340315341949463,0.0002,2.8743133956768436,0.3373599946498871,0.0116708183704759,0.023150355351390317,0.5622077733278275
1906,1906,3.709907293319702,3.719649314880371,0.0002,2.88741763258657,0.3387817144393921,0.011551306264664163,0.023397988137730863,0.5564337372779846
1907,1907,3.616757869720459,3.6249845027923584,0.0002,2.8995418553859995,0.3368748724460602,0.011541694482730236,0.02344242747858516,0.5606626272201538
1908,1908,3.6150615215301514,3.64841890335083,0.0002,2.9100982227089407,0.3378927558660507,0.011536390737092006,0.023102745642972877,0.5591731071472168
1909,1909,3.6610729694366455,3.590127468109131,0.0002,2.91967826323683,0.33743686974048615,0.011556436609680532,0.02286795246982365,0.5621569454669952
1910,1910,3.6564173698425293,3.6228890419006348,0.0002,2.9281813504983045,0.33932411670684814,0.011568401503609493,0.02231426090656896,0.5482048541307449
1911,1911,3.6144776344299316,3.630861520767212,0.0002,2.936013889204577,0.3378143310546875,0.011562392486666795,0.021928151436441112,0.534810021519661
1912,1912,3.614924430847168,3.654169797897339,0.0002,2.9427684541573185,0.33803632855415344,0.011553776421351358,0.022358472589985467,0.5470303595066071
1913,1913,3.6024231910705566,3.66121506690979,0.0002,2.9494033659993266,0.3377002999186516,0.011539089755387977,0.022795707340264926,0.5531967580318451
1914,1914,3.6259639263153076,3.64274001121521,0.0002,2.954833754240913,0.33785784989595413,0.011531949179698131,0.02332307301912806,0.5608496963977814
1915,1915,3.6204230785369873,3.605827808380127,0.0002,2.9599862540590323,0.34026843309402466,0.01150875941675622,0.02344310712214792,0.5582746714353561
1916,1916,3.5796315670013428,3.6693835258483887,0.0002,2.964484696488767,0.33722610026597977,0.01160069217075943,0.023643225213163532,0.5644906610250473
1917,1917,3.582538366317749,3.7017953395843506,0.0002,2.968471084266234,0.3377910554409027,0.011643125260889065,0.02314939192365273,0.5570463091135025
1918,1918,3.6013197898864746,3.611827850341797,0.0002,2.972200021396875,0.3413243964314461,0.01169149950328574,0.022682777973386692,0.5482144951820374
1919,1919,3.627502202987671,3.6156399250030518,0.0002,2.9745952346017464,0.34071173518896103,0.01175304355820117,0.022393745432054857,0.5496545284986496
1920,1920,3.6716296672821045,3.6000332832336426,0.0002,2.9779982771353803,0.3381522595882416,0.011761861949707964,0.02185103890587925,0.5382761806249619
1921,1921,3.615018844604492,3.5807249546051025,0.0002,2.9812864172584246,0.3405345156788826,0.011784123702454963,0.021597266426397255,0.5328570455312729
1922,1922,3.651076555252075,3.6387505531311035,0.0002,2.7735683121035737,0.3399994596838951,0.011779780872529955,0.022178689145221142,0.5553058385848999
1923,1923,3.5749871730804443,3.648691177368164,0.0002,2.8031281902536613,0.3403622731566429,0.011757097739973688,0.02257022978301393,0.5592023432254791
1924,1924,3.6536335945129395,3.6053900718688965,0.0002,2.8301806671443415,0.34117676317691803,0.011707408661095542,0.023034714860841632,0.566318154335022
1925,1925,3.6098086833953857,3.575948476791382,0.0002,2.8544713053088686,0.33693651109933853,0.011655828173388727,0.02332623165057157,0.5658655166625977
1926,1926,3.5941834449768066,3.6061441898345947,0.0002,2.659872711496314,0.3385729044675827,0.01161463939024543,0.023702795544522814,0.5693017989397049
1927,1927,3.6151645183563232,3.622575283050537,0.0002,2.694304708600514,0.3417448326945305,0.011626761226580129,0.024054792444076156,0.5713154971599579
1928,1928,3.573443651199341,3.6498124599456787,0.0002,2.7260191391013717,0.34182217717170715,0.011679335149892722,0.02359626707766438,0.5659527778625488
1929,1929,3.6049745082855225,3.638957977294922,0.0002,2.754043669173739,0.34017083048820496,0.0117740688201593,0.023421372090524528,0.5688072890043259
1930,1930,3.6610934734344482,3.61151123046875,0.0002,2.77941378767554,0.3400665894150734,0.0118354788137367,0.023012888032099,0.5633404105901718
1931,1931,3.640251398086548,3.611740827560425,0.0002,2.802708220138803,0.34253642708063126,0.011891129006471601,0.022609929961618036,0.5605811774730682
1932,1932,3.5994980335235596,3.6742374897003174,0.0002,2.823784759059858,0.34041205793619156,0.011929403965041274,0.0222117775992956,0.5558768510818481
1933,1933,3.6116325855255127,3.6488826274871826,0.0002,2.84258120971259,0.34096603840589523,0.011971860665653367,0.02176088487613015,0.5476183444261551
1934,1934,3.660573959350586,3.6187009811401367,0.0002,2.8596921812646423,0.3414480611681938,0.012002279359876411,0.021453744873724645,0.5399900376796722
1935,1935,3.6029837131500244,3.6037909984588623,0.0002,2.8751623371371737,0.34111103415489197,0.011946577464186703,0.021991975758282933,0.556015282869339
1936,1936,3.633877754211426,3.704972743988037,0.0002,2.889454747804485,0.3399922773241997,0.011886891725225723,0.022534181538503617,0.5633135885000229
1937,1937,3.6206507682800293,3.644016981124878,0.0002,2.900871719451619,0.34388866275548935,0.01181174596058554,0.022887880688358564,0.5613400489091873
1938,1938,3.6419854164123535,3.6093530654907227,0.0002,2.911641087861909,0.34232238680124283,0.01175855242399848,0.023387466455460526,0.5669758170843124
1939,1939,3.6155190467834473,3.6712889671325684,0.0002,2.9217258518874174,0.3432436138391495,0.01164048873943102,0.023479465216951212,0.5640072822570801
1940,1940,3.6640729904174805,3.6462340354919434,0.0002,2.930262498311088,0.34170833975076675,0.011567681131054997,0.023370539402094437,0.5632272064685822
1941,1941,3.6363110542297363,3.598459005355835,0.0002,2.937754925435273,0.34192388504743576,0.011538594044395722,0.022926720110262977,0.5560372322797775
1942,1942,3.642141342163086,3.635427474975586,0.0002,2.945266843967287,0.3425103798508644,0.011547200125278323,0.022493638360174373,0.5458241254091263
1943,1943,3.5788657665252686,3.615689754486084,0.0002,2.951870376873573,0.3446362167596817,0.011597756929404568,0.02248195190622937,0.5550154894590378
1944,1944,3.645862102508545,3.6972317695617676,0.0002,2.957574896760162,0.3417215272784233,0.011558718768355902,0.022611908563703764,0.5514179468154907
1945,1945,3.62226939201355,3.6142830848693848,0.0002,2.9629034177038585,0.3431875556707382,0.01156664734298829,0.023087932419002755,0.564427450299263
1946,1946,3.6561241149902344,3.607595920562744,0.0002,2.9673515950288762,0.3426177352666855,0.011583022240301943,0.023543864423118066,0.569082036614418
1947,1947,3.5693249702453613,3.5761287212371826,0.0002,2.9713546291735726,0.34401704370975494,0.011594277633776073,0.02377951435846626,0.5661613792181015
1948,1948,3.5843324661254883,3.654099941253662,0.0002,2.9749090387201944,0.34269219636917114,0.01165767644852167,0.024038606650719885,0.5713614970445633
1949,1949,3.635828971862793,3.706022024154663,0.0002,2.9784087619926107,0.343973733484745,0.011802060900663491,0.0241006377254962,0.5783217996358871
1950,1950,3.6095309257507324,3.600574254989624,0.0002,2.981210590937867,0.34534750133752823,0.011898391780050588,0.023721425895928405,0.577656626701355
1951,1951,3.6141915321350098,3.631030797958374,0.0002,2.9842367175204845,0.3451734036207199,0.011957214217545697,0.023095016800652957,0.5664461851119995
1952,1952,3.5999526977539062,3.589576005935669,0.0002,2.986647765561509,0.3454238325357437,0.012014083977192058,0.0227272852207534,0.5677651762962341
1953,1953,3.6124253273010254,3.630025863647461,0.0002,2.9889524280285458,0.34418416768312454,0.012063739020959474,0.022368338315573055,0.5701049268245697
1954,1954,3.5852744579315186,3.6733438968658447,0.0002,2.990869273600615,0.3424588590860367,0.0120552923563082,0.021581507615337614,0.547231063246727
1955,1955,3.613081693649292,3.6800923347473145,0.0002,2.9929675545418943,0.34552208334207535,0.012024346136968234,0.02208606491331011,0.5596110224723816
1956,1956,3.61303973197937,3.5823299884796143,0.0002,2.994676748732207,0.3455764278769493,0.012000765616903664,0.022693828632327495,0.5714262425899506
1957,1957,3.6066222190856934,3.5836329460144043,0.0002,2.9962324669714087,0.3447210490703583,0.011858653595481883,0.022766379475797294,0.5594426393508911
1958,1958,3.5953633785247803,3.6811702251434326,0.0002,2.9961453162459994,0.3461751118302345,0.01185358822112903,0.02319245594117092,0.5760597437620163
1959,1959,3.5771191120147705,3.604259490966797,0.0002,2.9960247544711,0.34647461771965027,0.011786651568399975,0.023162738343671663,0.5777581483125687
1960,1960,3.620250940322876,3.5982308387756348,0.0002,2.9971468044991836,0.3450169116258621,0.011667862694594078,0.022794907257775776,0.5677611976861954
1961,1961,3.598365545272827,3.6404459476470947,0.0002,2.997832395186313,0.3459651246666908,0.011627412652160274,0.02316620396959479,0.5687949657440186
1962,1962,3.5908761024475098,3.6413373947143555,0.0002,2.9994931072716406,0.34525467455387115,0.011607723958150018,0.023417234238877427,0.567305713891983
1963,1963,3.565927505493164,3.630922555923462,0.0002,3.0009153401954913,0.34699174761772156,0.011649115858745063,0.023334612618782558,0.5739477574825287
1964,1964,3.623405933380127,3.635128974914551,0.0002,3.0017373554720836,0.346908375620842,0.01168893838985241,0.02294274712767219,0.5699900537729263
1965,1965,3.602281332015991,3.663196086883545,0.0002,3.002533058948063,0.3470900431275368,0.01176903597661294,0.02279449749403284,0.5760192573070526
1966,1966,3.5719408988952637,3.704759120941162,0.0002,3.0035439746699457,0.3467100262641907,0.011750882116757566,0.0228370745680877,0.5672269314527512
1967,1967,3.5722360610961914,3.6105782985687256,0.0002,3.0039243536909583,0.34730377048254013,0.011759357941627968,0.023341239902947564,0.5779549181461334
1968,1968,3.5810253620147705,3.625131368637085,0.0002,3.004652510186209,0.34650862216949463,0.01176158083944756,0.02358168656064663,0.5767497718334198
1969,1969,3.617061138153076,3.6937673091888428,0.0002,3.0054377647565413,0.347014844417572,0.011809417610493256,0.023624670877325116,0.5772931128740311
1970,1970,3.617490291595459,3.5975372791290283,0.0002,3.0056396674065273,0.3472578078508377,0.011857298492031987,0.023308218318561558,0.5779870301485062
1971,1971,3.619124412536621,3.607167959213257,0.0002,3.0062423044232753,0.34988296031951904,0.011887165268490207,0.022781014045904158,0.5715646147727966
1972,1972,3.6055963039398193,3.6278281211853027,0.0002,3.0064610982418283,0.3491789251565933,0.011898986058440642,0.022320332969684387,0.5621619522571564
1973,1973,3.6269137859344482,3.6192407608032227,0.0002,3.006380143632704,0.34565065801143646,0.011899403651113971,0.021856478870176943,0.5556587427854538
1974,1974,3.6090705394744873,3.5880351066589355,0.0002,3.006779706878751,0.3468905985355377,0.011910914477994083,0.022560969686310273,0.5765799731016159
1975,1975,3.612039089202881,3.5946106910705566,0.0002,3.006740863728816,0.3464118540287018,0.011870536714923219,0.022971913513174513,0.578302413225174
1976,1976,3.5770790576934814,3.599517822265625,0.0002,3.0067120844496253,0.3459958881139755,0.011789274074544664,0.023248316210811026,0.5774105787277222
1977,1977,3.5836665630340576,3.5895915031433105,0.0002,3.007328123761674,0.34997958689928055,0.011796931285061873,0.023837493019527756,0.583727091550827
1978,1978,3.546262264251709,3.6246845722198486,0.0002,3.0072028946236973,0.3466629981994629,0.011778664304074482,0.0234385823860066,0.572477325797081
1979,1979,3.618236780166626,3.607957363128662,0.0002,3.0068905073300685,0.3485400974750519,0.011829475875856588,0.023269856508704834,0.5767593085765839
1980,1980,3.587968349456787,3.6753783226013184,0.0002,3.00729855844883,0.3500227853655815,0.011871285805682419,0.022962324852414895,0.5753788948059082
1981,1981,3.5584323406219482,3.581491470336914,0.0002,3.0073752557546034,0.3486069142818451,0.011861116228828905,0.022309806096018292,0.5501937866210938
1982,1982,3.5552573204040527,3.629009962081909,0.0002,3.0079901560913958,0.3497039005160332,0.011892375878232997,0.02307085890424787,0.5799262374639511
1983,1983,3.623789072036743,3.595820188522339,0.0002,3.0072182893067674,0.34863290935754776,0.01185324248217512,0.02326070940034697,0.57621830701828
1984,1984,3.590632438659668,3.6276895999908447,0.0002,3.007564041784859,0.348655067384243,0.011846107719975407,0.023682873448706232,0.5820538550615311
1985,1985,3.579345464706421,3.65553617477417,0.0002,3.007561453543861,0.349532350897789,0.011930006847251207,0.02378197422149242,0.584556445479393
1986,1986,3.5764694213867188,3.609421730041504,0.0002,3.0081255498844337,0.3495536148548126,0.011965099452936556,0.02349602610047441,0.5862729996442795
1987,1987,3.6000924110412598,3.5974717140197754,0.0002,3.007929195249589,0.34890133142471313,0.011954778494327911,0.02297272015857743,0.5747465342283249
1988,1988,3.5666680335998535,3.5864572525024414,0.0002,3.009117917037988,0.3494383245706558,0.012012671193588176,0.022808975485531846,0.5824617296457291
1989,1989,3.5531423091888428,3.587859869003296,0.0002,3.008899251262299,0.35047949850559235,0.01199280192668084,0.02292458371448447,0.5817591398954391
1990,1990,3.6201119422912598,3.5925426483154297,0.0002,3.0087480079556466,0.3516472429037094,0.011957780030570575,0.023295795301237376,0.5879639089107513
1991,1991,3.579904794692993,3.6033425331115723,0.0002,3.0089995089561725,0.34875818341970444,0.011896752444954473,0.023350755123829003,0.5824382156133652
1992,1992,3.562296152114868,3.6456727981567383,0.0002,3.0093476144902658,0.35214293748140335,0.011932078221434494,0.02339821244822815,0.5900309234857559
1993,1993,3.584923028945923,3.6102452278137207,0.0002,3.0098285238099547,0.3513408303260803,0.011929095890081953,0.022833365088445134,0.5794787853956223
1994,1994,3.6022846698760986,3.5810508728027344,0.0002,3.0096349690114153,0.34981653839349747,0.011950390899073682,0.022557980079000117,0.5807381421327591
1995,1995,3.5958573818206787,3.597895383834839,0.0002,3.009730247436119,0.3507293611764908,0.01187197682884289,0.022752037475584075,0.579158291220665
1996,1996,3.6328558921813965,3.610450267791748,0.0002,3.0093960249977076,0.35110384970903397,0.011835592036732123,0.02306406570642139,0.5878295004367828
1997,1997,3.586791753768921,3.5962162017822266,0.0002,3.009357916674189,0.35170070827007294,0.011762541846110253,0.023096225228073308,0.5805451571941376
1998,1998,3.573674440383911,3.5982673168182373,0.0002,3.009315637270301,0.34977926313877106,0.011769121070756228,0.02280817399150692,0.5831547677516937
1999,1999,3.5483381748199463,3.6392977237701416,0.0002,3.0087432736585757,0.35252875089645386,0.011774144386436092,0.02239053844459704,0.5774122774600983
2000,2000,3.5775084495544434,3.6131529808044434,0.0002,3.0085772017539383,0.35208334028720856,0.011754692226531915,0.021947058357909555,0.5619590729475021
2001,2001,3.5983643531799316,3.5928056240081787,0.0002,3.009076482455365,0.3503173515200615,0.01176635732736031,0.022465042638941668,0.584188312292099
2002,2002,3.584045886993408,3.5907812118530273,0.0002,3.0086001189745737,0.35020316392183304,0.01174649393215077,0.02300348665085039,0.591318741440773
2003,2003,3.5643129348754883,3.629162549972534,0.0002,3.0084898545536447,0.351731613278389,0.011721972859959351,0.0232521108155197,0.5883404016494751
2004,2004,3.6065354347229004,3.6118435859680176,0.0002,3.0090099616215915,0.3502337411046028,0.011682025864502066,0.023414840030454798,0.5839007049798965
2005,2005,3.583270311355591,3.598637342453003,0.0002,3.0086273174425426,0.3528512492775917,0.01178559624713671,0.023490412331739208,0.5913186967372894
2006,2006,3.572782516479492,3.5994904041290283,0.0002,3.0085099393606125,0.3523690178990364,0.011826940875835135,0.02305219351183041,0.5849197208881378
2007,2007,3.5664939880371094,3.635307788848877,0.0002,3.008173885242164,0.3538966104388237,0.011880410713274614,0.022777877122280188,0.5882397145032883
2008,2008,3.5683159828186035,3.6341781616210938,0.0002,3.00811438122647,0.35149550437927246,0.011900459496246185,0.022432920213759644,0.5859211385250092
2009,2009,3.6082468032836914,3.613804817199707,0.0002,3.0078173954755467,0.3524385541677475,0.011940764843529905,0.022158919080538908,0.5854474157094955
2010,2010,3.5762758255004883,3.587822914123535,0.0002,3.0077279684834686,0.35072121024131775,0.011906187975910143,0.022383270097634522,0.5792050361633301
2011,2011,3.6349778175354004,3.5852766036987305,0.0002,3.008007750396598,0.35545943677425385,0.011913042599189794,0.022815632313722745,0.5813469290733337
2012,2012,3.5986318588256836,3.636697769165039,0.0002,3.0077287395830323,0.35292044281959534,0.011857103132570046,0.023169731481175404,0.5798865258693695
2013,2013,3.6262848377227783,3.615354061126709,0.0002,3.007608978836175,0.3538394346833229,0.011911960473298677,0.02314606024810928,0.5909151285886765
2014,2014,3.5836904048919678,3.644901990890503,0.0002,3.0082769923765373,0.35595203936100006,0.011946598291615373,0.022789329806983005,0.5861244946718216
2015,2015,3.5564801692962646,3.6126725673675537,0.0002,3.0082304519895118,0.3550998270511627,0.011960921092395438,0.022521093120303703,0.5788426846265793
2016,2016,3.5800397396087646,3.634242534637451,0.0002,3.0083633195734705,0.35331153869628906,0.011905358715011971,0.022810957896581385,0.5849829763174057
2017,2017,3.6282665729522705,3.5650105476379395,0.0002,3.0088617685375856,0.35389746725559235,0.011868755291288835,0.02313667912312667,0.5852520912885666
2018,2018,3.5727014541625977,3.6105644702911377,0.0002,2.7985272962373773,0.3557035028934479,0.01191542681226565,0.023491824947996065,0.5923744738101959
2019,2019,3.5805160999298096,3.614090919494629,0.0002,2.815215004377093,0.3540802225470543,0.011981360452409717,0.023230172711919295,0.5895929485559464
2020,2020,3.56638503074646,3.6197710037231445,0.0002,2.8307145788427093,0.35349951684474945,0.012098980419978034,0.0229065269450075,0.5917337983846664
2021,2021,3.545605421066284,3.558150053024292,0.0002,2.848266638118592,0.35612753033638,0.012112712725866004,0.02236548023574869,0.5799199938774109
2022,2022,3.535679340362549,3.574082851409912,0.0002,2.6502405815044603,0.3542526289820671,0.012136751149228076,0.022266405478148954,0.5881534963846207
2023,2023,3.580535411834717,3.5721466541290283,0.0002,2.685707417726246,0.35607149451971054,0.012054353857820388,0.022613935951085296,0.5870930850505829
2024,2024,3.5955193042755127,3.6158506870269775,0.0002,2.717651940736038,0.3550291657447815,0.01199997655567131,0.023258408218680415,0.5969941169023514
2025,2025,3.5813488960266113,3.660620927810669,0.0002,2.74666058103098,0.3544396087527275,0.01190476890951686,0.02352935627277475,0.5929462611675262
2026,2026,3.6313271522521973,3.5836293697357178,0.0002,2.7726221051344697,0.3553280234336853,0.01188395904864592,0.023764559304254362,0.5991378426551819
2027,2027,3.580099582672119,3.5307998657226562,0.0002,2.7960261815754164,0.3588973134756088,0.011929489903195645,0.02329481118795229,0.5973254293203354
2028,2028,3.549656867980957,3.6037120819091797,0.0002,2.5984667438240696,0.3560220003128052,0.011965149327807012,0.02278668813960394,0.5879815220832825
2029,2029,3.5897350311279297,3.621178150177002,0.0002,2.6378103075871304,0.3578885570168495,0.012081458797183586,0.022455856953456532,0.5936492830514908
2030,2030,3.574040651321411,3.6385366916656494,0.0002,2.6733621147290374,0.3560061752796173,0.012042162621582975,0.022610434676607838,0.593266487121582
2031,2031,3.542945623397827,3.565934896469116,0.0002,2.7059169095814495,0.35646331310272217,0.011973894375842065,0.02277820044400869,0.5853191763162613
2032,2032,3.648092746734619,3.5676445960998535,0.0002,2.7345146515064105,0.3568589612841606,0.01196077311396948,0.022850654138892423,0.5953639894723892
2033,2033,3.5680923461914062,3.577352285385132,0.0002,2.760449231845786,0.3563811779022217,0.011950629517741618,0.022610108680964913,0.5925125628709793
2034,2034,3.5599498748779297,3.6076555252075195,0.0002,2.7842587507849728,0.356321319937706,0.011897313146619126,0.02251909087135573,0.5973066687583923
2035,2035,3.5934646129608154,3.6200344562530518,0.0002,2.805634105347632,0.3558438643813133,0.011856175018692738,0.022816798329586163,0.5962106883525848
2036,2036,3.534865617752075,3.6233255863189697,0.0002,2.824484157656023,0.3566403016448021,0.01181502951294533,0.02315227004874032,0.5994912087917328
2037,2037,3.579559087753296,3.677290439605713,0.0002,2.842110189082021,0.35820043087005615,0.011797851819210337,0.023438875563442707,0.5983758568763733
2038,2038,3.5660624504089355,3.5475528240203857,0.0002,2.8575277915110995,0.35801248252391815,0.011868377356222481,0.02336753506824607,0.6003681272268295
2039,2039,3.5166869163513184,3.604227304458618,0.0002,2.8714886200571588,0.35822486877441406,0.01192483395061572,0.023084316882886924,0.6067448407411575
2040,2040,3.560957670211792,3.571549892425537,0.0002,2.883896840804457,0.3582482486963272,0.011951016083912691,0.02248250959746656,0.5919976532459259
2041,2041,3.5828802585601807,3.5691540241241455,0.0002,2.894680002166777,0.3576594144105911,0.011984933604253456,0.02204481721491902,0.5901441425085068
2042,2042,3.54714035987854,3.6333394050598145,0.0002,2.9052137259664725,0.35786306113004684,0.012017501489026472,0.021777708796435036,0.578665167093277
2043,2043,3.579756021499634,3.546604633331299,0.0002,2.9137700578769343,0.35743363946676254,0.011969237189987325,0.022207968646398513,0.5860940515995026
2044,2044,3.5850372314453125,3.584444999694824,0.0002,2.9212097922309206,0.3569922596216202,0.011947846785915317,0.022808019955846248,0.5999195873737335
2045,2045,3.5679259300231934,3.5454907417297363,0.0002,2.9288279583437644,0.3587564453482628,0.011912207981367828,0.02319106605136767,0.5994201153516769
2046,2046,3.6042537689208984,3.6286959648132324,0.0002,2.935317662454809,0.3588125631213188,0.011916671692233649,0.023612334898643894,0.6026541441679001
2047,2047,3.5764851570129395,3.544682502746582,0.0002,2.9416468092237884,0.3599146008491516,0.011995076063612942,0.024129546767653665,0.6110913157463074
2048,2048,3.611422538757324,3.584986448287964,0.0002,2.94688736541136,0.3590358942747116,0.01206400597220636,0.023762458404235076,0.6037455648183823
2049,2049,3.5413315296173096,3.5655977725982666,0.0002,2.9520724845039648,0.3579395189881325,0.012124896527893725,0.0234933291831112,0.6062953621149063
2050,2050,3.5450620651245117,3.5512313842773438,0.0002,2.9567483139851833,0.35917046666145325,0.01215124128793832,0.02290174956578994,0.5911335647106171
2051,2051,3.606379508972168,3.6248891353607178,0.0002,2.9611642933012874,0.35770905762910843,0.01227084669881151,0.022764029708923772,0.6016747057437897
2052,2052,3.5439069271087646,3.546135663986206,0.0002,2.964737715873826,0.3576049283146858,0.012322784767093253,0.022449141939432593,0.592240959405899
2053,2053,3.6100268363952637,3.564573287963867,0.0002,2.967935214349272,0.36048177629709244,0.012312345259488211,0.022853026679513277,0.5974555909633636
2054,2054,3.556077003479004,3.604383707046509,0.0002,2.970531770053141,0.35841868072748184,0.012277874538995093,0.02333450130026904,0.6017945259809494
2055,2055,3.5582034587860107,3.59224009513855,0.0002,2.97284206331112,0.35795552283525467,0.01224711769282294,0.02342864570528036,0.5997440665960312
2056,2056,3.57273268699646,3.601986885070801,0.0002,2.974707032270968,0.35873041301965714,0.012217665283969836,0.02302006829631864,0.5840480178594589
2057,2057,3.5762362480163574,3.5884311199188232,0.0002,2.9770642434353927,0.3583708256483078,0.012229081881741877,0.022931174196855864,0.5964176207780838
2058,2058,3.5590405464172363,3.5706751346588135,0.0002,2.9787243529362426,0.3600722551345825,0.01221786694986804,0.023314371617743745,0.6100807189941406
2059,2059,3.564746379852295,3.5910277366638184,0.0002,2.980780791875026,0.3597034439444542,0.012168254233984044,0.023415380008373177,0.6067285090684891
2060,2060,3.521690607070923,3.599034070968628,0.0002,2.982005891537736,0.36058495193719864,0.012134366135796881,0.023559632383694407,0.6049335896968842
2061,2061,3.567444324493408,3.5642096996307373,0.0002,2.983073510449829,0.35977642983198166,0.01217650629223499,0.02330277140936232,0.6140100955963135
2062,2062,3.5706632137298584,3.589617967605591,0.0002,2.9845280983339797,0.36002422869205475,0.01220314935380884,0.02276141288530198,0.6053663194179535
2063,2063,3.59497332572937,3.5790212154388428,0.0002,2.985427311199964,0.36215872317552567,0.012205355413243524,0.02227472987942747,0.595373272895813
2064,2064,3.5198676586151123,3.577277421951294,0.0002,2.9868306112980676,0.3609045594930649,0.012145998756750487,0.022580735392693896,0.6046021282672882
2065,2065,3.592405319213867,3.631854772567749,0.0002,2.9880230237079695,0.35917337983846664,0.01206069128238596,0.02276304927727324,0.6030588746070862
2066,2066,3.6040854454040527,3.590686798095703,0.0002,2.988445912046051,0.3609890714287758,0.011961758049437776,0.022606860293308273,0.5966567248106003
2067,2067,3.5675182342529297,3.581620454788208,0.0002,2.989671717931587,0.36123450100421906,0.011938080400796025,0.023264926217962056,0.6140280812978745
2068,2068,3.5704596042633057,3.58077073097229,0.0002,2.9897206264754694,0.36381180584430695,0.011908348960787407,0.02330705077838502,0.6070195585489273
2069,2069,3.6133391857147217,3.5640666484832764,0.0002,2.9254788627832555,0.36142171174287796,0.01200306172722776,0.02300234858194017,0.6134938150644302
2070,2070,3.529932975769043,3.5901098251342773,0.0002,2.9318918901677438,0.3603180944919586,0.012060623070283327,0.022526850902067963,0.6119773834943771
2071,2071,3.5602238178253174,3.552680730819702,0.0002,2.9380855214001396,0.3626827374100685,0.012115393117710482,0.02248389479063917,0.609145775437355
2072,2072,3.5750515460968018,3.5886261463165283,0.0002,2.9433496849653986,0.3621625602245331,0.012132185780501459,0.022806571651017293,0.6111986190080643
2073,2073,3.5715413093566895,3.5863561630249023,0.0002,2.948128956951873,0.36197657138109207,0.012217265806611977,0.022868127478432143,0.6171359121799469
2074,2074,3.577995777130127,3.567326545715332,0.0002,2.9527072672765984,0.36232564598321915,0.012197998694318812,0.022619437353569083,0.5994308590888977
2075,2075,3.5823044776916504,3.5697474479675293,0.0002,2.9566090639236875,0.3625705912709236,0.01221126944255957,0.02237288895776146,0.5932391881942749
2076,2076,3.5466995239257812,3.5787343978881836,0.0002,2.9613162851742434,0.36381131410598755,0.012197879905215814,0.02303950761415763,0.6107345074415207
2077,2077,3.5977163314819336,3.5814244747161865,0.0002,2.964613604459261,0.36245010048151016,0.012149979616879136,0.023148174790549092,0.6029672771692276
2078,2078,3.5383574962615967,3.571378469467163,0.0002,2.9674671890660393,0.3633596897125244,0.012259030541827087,0.023582815290865256,0.6162493824958801
2079,2079,3.56880521774292,3.5760080814361572,0.0002,2.9695095808751026,0.36253201961517334,0.012343494285232737,0.02320832414989127,0.6150143593549728
2080,2080,3.567387342453003,3.6167304515838623,0.0002,2.971528863495861,0.36582086980342865,0.012396050879033282,0.022581324814382242,0.6021876782178879
2081,2081,3.588052988052368,3.561368703842163,0.0002,2.973744607161227,0.36347708851099014,0.012445378681150032,0.022297895742667606,0.6009943038225174
2082,2082,3.567423105239868,3.5829200744628906,0.0002,2.97624011917575,0.3634261339902878,0.012481456657042145,0.022053147116821492,0.5964384973049164
2083,2083,3.5683462619781494,3.5711236000061035,0.0002,2.978042635430149,0.3639933913946152,0.012460557529266225,0.022522822429891676,0.6097018420696259
2084,2084,3.550694227218628,3.615055561065674,0.0002,2.9794503537550217,0.3635382577776909,0.012413726313752704,0.02267161291456432,0.6054491698741913
2085,2085,3.6180036067962646,3.6417315006256104,0.0002,2.9812509296308196,0.36459600180387497,0.012391989790558,0.023149016818933887,0.612460270524025
2086,2086,3.5724565982818604,3.561776638031006,0.0002,2.9826083489710173,0.3676157146692276,0.012361131852230756,0.023622579497896368,0.6198777556419373
2087,2087,3.5576186180114746,3.5671796798706055,0.0002,2.983292830357685,0.3638845607638359,0.01236373186657147,0.02398929228365887,0.6243010759353638
2088,2088,3.54158878326416,3.559072971343994,0.0002,2.9843558822314593,0.36398203670978546,0.01240205319118104,0.023648156551644206,0.6230048388242722
2089,2089,3.5669891834259033,3.5655572414398193,0.0002,2.9858278056815495,0.36390727013349533,0.012432764471668634,0.02331883854640182,0.618708148598671
2090,2090,3.550234794616699,3.5810294151306152,0.0002,2.9864816536876524,0.36506255716085434,0.01246851426003559,0.02296783001656877,0.6147887110710144
2091,2091,3.564441442489624,3.541001558303833,0.0002,2.988019112970488,0.3659358248114586,0.012478524915422895,0.0224891398283944,0.5972784608602524
2092,2092,3.563786029815674,3.617542028427124,0.0002,2.988785424758953,0.3655732125043869,0.012507925181125756,0.02229796514438931,0.5950650870800018
2093,2093,3.54996919631958,3.6761982440948486,0.0002,2.9894497582779476,0.3675866425037384,0.012486886851547752,0.02262711707589915,0.6038957387208939
2094,2094,3.527280569076538,3.5654170513153076,0.0002,2.9901763756557247,0.36676517128944397,0.012492416843087994,0.023055956768075703,0.6185884177684784
2095,2095,3.5325493812561035,3.5674021244049072,0.0002,2.9903406017189247,0.36444683372974396,0.01249020721661509,0.023490022071200656,0.6241716891527176
2096,2096,3.528747081756592,3.5836169719696045,0.0002,2.9898966144720722,0.36540280282497406,0.012434309748641681,0.023639905844902387,0.6206462234258652
2097,2097,3.5594067573547363,3.62553334236145,0.0002,2.9902288292873442,0.3635927438735962,0.012426721164956689,0.023872382294939598,0.6251526027917862
2098,2098,3.554396152496338,3.588088035583496,0.0002,2.9905690941433294,0.36609867215156555,0.012432588839146774,0.02340736765836482,0.6186885386705399
2099,2099,3.5488698482513428,3.6145622730255127,0.0002,2.9908110119304405,0.3640981614589691,0.012460002661100589,0.02297070374697796,0.6081606596708298
2100,2100,3.57440185546875,3.5670881271362305,0.0002,2.9914131375458806,0.3644450306892395,0.012572856132464949,0.02304012038075598,0.626268208026886
2101,2101,3.5460169315338135,3.612508773803711,0.0002,2.9916057901414166,0.36631205677986145,0.01258401469385717,0.022606829053984256,0.618815153837204
2102,2102,3.5572662353515625,3.6074161529541016,0.0002,2.992268435127686,0.36705441772937775,0.012510954340541502,0.02214095101953717,0.5952275842428207
2103,2103,3.5626888275146484,3.56115460395813,0.0002,2.9926895972315566,0.3662897199392319,0.0125287931314233,0.022692165930493502,0.6208123862743378
2104,2104,3.561811685562134,3.57680082321167,0.0002,2.9929360724453384,0.3673405796289444,0.012433648533260566,0.02275385810935404,0.6079552620649338
2105,2105,3.5797929763793945,3.5517783164978027,0.0002,2.99293323412755,0.3651295080780983,0.012437920175216277,0.023514458065619692,0.6287218928337097
2106,2106,3.562898874282837,3.5976061820983887,0.0002,2.992690902933135,0.3671141639351845,0.01234879143521539,0.02354740754890372,0.6160813271999359
2107,2107,3.5963664054870605,3.5638790130615234,0.0002,2.992623002783783,0.36873482912778854,0.01230674926773645,0.023534033265605103,0.6212497055530548
2108,2108,3.5418310165405273,3.590956926345825,0.0002,2.9928979284596817,0.36782409250736237,0.012335508086835034,0.023241314967890503,0.6182885020971298
2109,2109,3.567439317703247,3.5782735347747803,0.0002,2.9929859568769004,0.3664681315422058,0.012361365601464058,0.022867101015435765,0.6134573370218277
2110,2110,3.552055597305298,3.563239812850952,0.0002,2.9927169548358696,0.36777617782354355,0.01241142790968297,0.022494690518215066,0.6078658103942871
2111,2111,3.5394093990325928,3.57251238822937,0.0002,2.992608765104091,0.3674570694565773,0.012357364310446428,0.022665908036287874,0.6141886860132217
2112,2112,3.5774106979370117,3.5750465393066406,0.0002,2.992594505878269,0.36897002160549164,0.012295304561121156,0.022946137494727736,0.6216098070144653
2113,2113,3.513314962387085,3.5695011615753174,0.0002,2.992668376811236,0.36714673787355423,0.012275207616767148,0.023241276441694936,0.6285578012466431
2114,2114,3.642662286758423,3.526242256164551,0.0002,2.992852265366642,0.3667629137635231,0.012235222009621793,0.023309557385800872,0.627056211233139
2115,2115,3.5363707542419434,3.586831569671631,0.0002,2.781488006605598,0.3684491589665413,0.01232183214960969,0.022992470243480057,0.6311442106962204
2116,2116,3.5616631507873535,3.6332006454467773,0.0002,2.804051528744702,0.36885568499565125,0.012337030271737603,0.02251605218043551,0.6263043731451035
2117,2117,3.5310404300689697,3.5456762313842773,0.0002,2.8243653693431385,0.36884805560112,0.012381502194330096,0.02226630292716436,0.6283220201730728
2118,2118,3.5489885807037354,3.60439395904541,0.0002,2.8429686927057265,0.36868734657764435,0.012288456890019006,0.022406424457585672,0.6120046377182007
2119,2119,3.5308480262756348,3.5326080322265625,0.0002,2.859934738709676,0.36878984421491623,0.012274161559616914,0.0225734741143242,0.6273949444293976
2120,2120,3.5321249961853027,3.5674309730529785,0.0002,2.874648706845443,0.36841709166765213,0.012221766954098712,0.02309195464840741,0.6340003460645676
2121,2121,3.5797078609466553,3.550837993621826,0.0002,2.8877493164493724,0.3701523467898369,0.012181704569229623,0.023220959737955127,0.6197233200073242
2122,2122,3.5774428844451904,3.5467355251312256,0.0002,2.8991867626818935,0.3702903687953949,0.01220929968621931,0.023015953596768668,0.6258191764354706
2123,2123,3.536320447921753,3.564846992492676,0.0002,2.910261484533027,0.36730166524648666,0.012305024612942361,0.022662912531814072,0.6235662251710892
2124,2124,3.5401010513305664,3.607231616973877,0.0002,2.919808455795883,0.3684648796916008,0.01235261584224645,0.022743593839550158,0.622581735253334
2125,2125,3.5008888244628906,3.5700531005859375,0.0002,2.9290221216516037,0.37043533474206924,0.012405978251990746,0.02257953503431054,0.6195993274450302
2126,2126,3.555223226547241,3.562305450439453,0.0002,2.937468414111052,0.3694651499390602,0.012475141094910214,0.02223044741549529,0.6188136637210846
2127,2127,3.536180019378662,3.5557963848114014,0.0002,2.945685987422688,0.3701620399951935,0.012430850423697848,0.02221210812786012,0.6198095977306366
2128,2128,3.5439133644104004,3.5630218982696533,0.0002,2.9518355686407443,0.37071580439805984,0.0123766574106412,0.022407620108424453,0.618377074599266
2129,2129,3.6043922901153564,3.5828020572662354,0.0002,2.957993491016124,0.37072259187698364,0.012375055668599089,0.022924231583601795,0.63450887799263
2130,2130,3.520214557647705,3.5453789234161377,0.0002,2.9634650587126243,0.3689470589160919,0.012315039823079132,0.023165523667557864,0.6334035396575928
2131,2131,3.6037330627441406,3.6167733669281006,0.0002,2.968431443776044,0.3724280297756195,0.012320384883423685,0.023455199301679386,0.6323793679475784
2132,2132,3.5718846321105957,3.521787643432617,0.0002,2.9728438667093617,0.3709487244486809,0.012398923056025524,0.02326519918278791,0.6338880062103271
2133,2133,3.5380454063415527,3.536581039428711,0.0002,2.756824034302848,0.37145644426345825,0.012456210881282459,0.02299577204757952,0.6332421004772186
2134,2134,3.534999132156372,3.5788016319274902,0.0002,2.7885298750389933,0.3730972558259964,0.012469745914131636,0.022560560872079805,0.6266814470291138
2135,2135,3.5342044830322266,3.5383265018463135,0.0002,2.8171669952853717,0.37127266824245453,0.012467721109715058,0.02214212855687947,0.612333282828331
2136,2136,3.5348737239837646,3.5500850677490234,0.0002,2.8424185352530635,0.3718867748975754,0.012551917368909926,0.022113129394710995,0.6220957636833191
2137,2137,3.559032917022705,3.6322035789489746,0.0002,2.8651044075907177,0.37361377477645874,0.012529187701147748,0.02253656164612039,0.6266617476940155
2138,2138,3.5463767051696777,3.5517566204071045,0.0002,2.8862820427005778,0.370590478181839,0.012472752223402495,0.022957164830586407,0.6280361711978912
2139,2139,3.5080957412719727,3.555823564529419,0.0002,2.9052429834974327,0.37362033128738403,0.012412690910423407,0.023264728795766132,0.6262083351612091
2140,2140,3.5430214405059814,3.575547695159912,0.0002,2.922199266897548,0.3722652792930603,0.012440399354090914,0.023331266918830806,0.6341164261102676
2141,2141,3.550563097000122,3.576063632965088,0.0002,2.9377445956163863,0.3716832995414734,0.01249940627712931,0.023349587700067786,0.6316453814506531
2142,2142,3.5678844451904297,3.524944305419922,0.0002,2.951385072496635,0.36992812901735306,0.012646209199374425,0.02331378704184317,0.6402357518672943
2143,2143,3.5726332664489746,3.5660407543182373,0.0002,2.963730208861168,0.3731691986322403,0.012681696542131249,0.022970597550738603,0.624254435300827
2144,2144,3.530179977416992,3.6037392616271973,0.0002,2.9747942298097336,0.374648280441761,0.012701555864623515,0.02260043415299151,0.6139332503080368
2145,2145,3.586510419845581,3.5857503414154053,0.0002,2.9848209059781654,0.3742566555738449,0.012792077808626345,0.02257181475579273,0.6297671794891357
2146,2146,3.562736749649048,3.556269407272339,0.0002,2.9926629874799766,0.3720087483525276,0.012797796372979064,0.02229044300474925,0.6229266226291656
2147,2147,3.5775580406188965,3.5569629669189453,0.0002,3.0000810495239643,0.37416813522577286,0.012711203198705334,0.02205374388722703,0.6048369705677032
2148,2148,3.545785665512085,3.5667874813079834,0.0002,3.004875832012668,0.3750627189874649,0.012658080500841606,0.022450993321399437,0.6210165917873383
2149,2149,3.512112855911255,3.571526527404785,0.0002,3.0085779212502546,0.37304212898015976,0.012588844256242737,0.02268165652640164,0.6223513185977936
2150,2150,3.546029567718506,3.5310091972351074,0.0002,3.013761274939935,0.375612311065197,0.012605173518750235,0.023160434036981314,0.63701331615448
2151,2151,3.587873935699463,3.557633638381958,0.0002,3.0197565625603877,0.374454602599144,0.012547828320748522,0.023554281342512695,0.6425037235021591
2152,2152,3.5576095581054688,3.565365791320801,0.0002,3.0255136155088533,0.3762105330824852,0.012526374670414953,0.02366250926934299,0.6401558816432953
2153,2153,3.5725491046905518,3.50079083442688,0.0002,3.030566549530753,0.37401290982961655,0.012553186092191027,0.023312447679927573,0.6369206607341766
2154,2154,3.558380365371704,3.5471701622009277,0.0002,2.809132504088315,0.3748498857021332,0.012600345666214707,0.023067147532856325,0.6412716507911682
2155,2155,3.5764386653900146,3.621288299560547,0.0002,2.8355107984284573,0.37369733303785324,0.012606411808519624,0.02264341826958116,0.6333441883325577
2156,2156,3.5451414585113525,3.5451531410217285,0.0002,2.85961696753566,0.37532202154397964,0.01266604501506663,0.022330246269120835,0.6235053837299347
2157,2157,3.562368869781494,3.5388808250427246,0.0002,2.881402803843695,0.37506651878356934,0.012713402709778165,0.022165549235069193,0.6278569549322128
2158,2158,3.5359883308410645,3.5461485385894775,0.0002,2.9004944474089878,0.3746488392353058,0.012634934259040165,0.022339324357744772,0.6244890540838242
2159,2159,3.513749837875366,3.5344932079315186,0.0002,2.917754387195613,0.3743283525109291,0.012612007545612869,0.022756352514988976,0.6412717550992966
2160,2160,3.579432249069214,3.6065094470977783,0.0002,2.9338308000773567,0.37468161433935165,0.012537414695543703,0.022913541386515135,0.6322022080421448
2161,2161,3.5367813110351562,3.611302137374878,0.0002,2.948035673587018,0.3759754151105881,0.012490084684031899,0.023168410971265985,0.6307200342416763
2162,2162,3.5811142921447754,3.598114013671875,0.0002,2.9607882317686163,0.37745965272188187,0.012543795728561236,0.02330637634440791,0.6497847884893417
2163,2163,3.526698350906372,3.5586812496185303,0.0002,2.9732941602160814,0.3757523372769356,0.012561543928313768,0.022828388569905655,0.6408528387546539
2164,2164,3.586308479309082,3.626373529434204,0.0002,2.9835848727894465,0.3763113170862198,0.012564316419229726,0.022408326156437397,0.6269512921571732
2165,2165,3.5833137035369873,3.5879619121551514,0.0002,2.992809572922156,0.3755631074309349,0.012563083140776143,0.022556898667971836,0.631032332777977
2166,2166,3.5026116371154785,3.587158679962158,0.0002,3.0011753065031974,0.3753536120057106,0.01254027785580547,0.022901422700670082,0.640323743224144
2167,2167,3.5216736793518066,3.53601336479187,0.0002,3.00874568139037,0.376960813999176,0.012621340260011493,0.023085537624865538,0.6491750031709671
2168,2168,3.5367207527160645,3.569495916366577,0.0002,3.0154160069605362,0.3747132420539856,0.0127149618419935,0.023104394036636222,0.6564872711896896
2169,2169,3.50691556930542,3.6259286403656006,0.0002,3.021460827803212,0.3758409693837166,0.012701058865786763,0.022656449960777536,0.6449242234230042
2170,2170,3.575930118560791,3.5292398929595947,0.0002,3.0267823995733476,0.3767711669206619,0.012734546395222424,0.02241916657658294,0.6382007002830505
2171,2171,3.5227372646331787,3.5754687786102295,0.0002,3.031562799789139,0.3787723407149315,0.012703110893198755,0.02228014136926504,0.6326960176229477
2172,2172,3.536069631576538,3.5597474575042725,0.0002,3.0355294535866646,0.37814339995384216,0.012648666552195209,0.02270788022724446,0.6367946714162827
2173,2173,3.5710830688476562,3.6037912368774414,0.0002,3.0396969504927815,0.37697650492191315,0.012624217093616608,0.023220512568514096,0.647132009267807
2174,2174,3.530362844467163,3.5565567016601562,0.0002,3.043198141691905,0.37819904088974,0.0125931881411816,0.02312859278754331,0.640809029340744
2175,2175,3.5048763751983643,3.5622072219848633,0.0002,3.0467274509416344,0.3772929236292839,0.012630710954908864,0.022826403568615206,0.6399572342634201
2176,2176,3.498173475265503,3.5725629329681396,0.0002,3.0498017277178118,0.37719401717185974,0.01268773736046569,0.02248466870878474,0.6410445421934128
2177,2177,3.5771822929382324,3.5546436309814453,0.0002,3.052146232361038,0.37887467443943024,0.012632381953153526,0.02251198171506985,0.6362163126468658
2178,2178,3.5353376865386963,3.5642478466033936,0.0002,3.0547067490367397,0.37760109454393387,0.012696077170403441,0.022667717988952063,0.6491157710552216
2179,2179,3.5511012077331543,3.5566000938415527,0.0002,3.0565354341491267,0.3793623745441437,0.012716260387605871,0.02224473657042836,0.6477760076522827
2180,2180,3.5308167934417725,3.5416042804718018,0.0002,3.058512916119228,0.37899237126111984,0.012624885235709371,0.021843991180503508,0.6248781681060791
2181,2181,3.5696094036102295,3.579615831375122,0.0002,3.0600104337958256,0.38005854189395905,0.012643831210880307,0.022410447672882583,0.6484670341014862
2182,2182,3.47766375541687,3.5956242084503174,0.0002,3.061437589712329,0.38015857338905334,0.012550828811072279,0.02276655489913537,0.645405650138855
2183,2183,3.6012728214263916,3.6098029613494873,0.0002,3.0627880212436724,0.3780723586678505,0.012575774588185595,0.022807234516221797,0.6544519513845444
2184,2184,3.54753041267395,3.5300071239471436,0.0002,3.064246187906634,0.37863943725824356,0.012599822743140976,0.02248873891949188,0.6408063024282455
2185,2185,3.5204381942749023,3.5519516468048096,0.0002,3.0653986288944117,0.38022323697805405,0.012673329503741115,0.02228363771791919,0.6454643160104752
2186,2186,3.526268243789673,3.560995578765869,0.0002,3.0665129496322634,0.37890180200338364,0.01269709036569111,0.022574006419745274,0.6534799486398697
2187,2187,3.530734062194824,3.517228841781616,0.0002,3.0673252271718225,0.3783733397722244,0.012716072993498528,0.022751114644051995,0.653424471616745
2188,2188,3.511580228805542,3.555569648742676,0.0002,3.067991658977312,0.379409596323967,0.012780681096046465,0.022605492787988624,0.6539532542228699
2189,2189,3.5194308757781982,3.564816951751709,0.0002,3.0688044495886126,0.37982097268104553,0.012836875697757932,0.022288043881417252,0.6475156545639038
2190,2190,3.5549728870391846,3.59855318069458,0.0002,3.069425510334677,0.3808581307530403,0.01283190495269082,0.022070450588216772,0.6447897404432297
2191,2191,3.5302963256835938,3.5373857021331787,0.0002,3.0699417695520337,0.37754683196544647,0.012784443360942532,0.02254139867000049,0.6516944169998169
2192,2192,3.5948872566223145,3.5802247524261475,0.0002,3.070573680278208,0.38223831355571747,0.012775968687492423,0.02317945973481983,0.6649069935083389
2193,2193,3.520784854888916,3.5794475078582764,0.0002,3.0712272142381645,0.3807574436068535,0.012730305097647943,0.02337917929980904,0.6606121063232422
2194,2194,3.4984917640686035,3.5264697074890137,0.0002,3.0716943187708425,0.3802005425095558,0.012763594462740002,0.023278974604181712,0.6561204046010971
2195,2195,3.5630381107330322,3.5348594188690186,0.0002,3.072064164995044,0.3812864199280739,0.012813167872081976,0.022910339423106052,0.6569239795207977
2196,2196,3.496314764022827,3.5113372802734375,0.0002,3.0717127800534385,0.379712775349617,0.012874184640168096,0.02255486519788974,0.6530666351318359
2197,2197,3.567838430404663,3.5503225326538086,0.0002,3.0717980528678934,0.3842926472425461,0.012924126764119137,0.022125985400634818,0.6509437263011932
2198,2198,3.571343421936035,3.558678150177002,0.0002,3.0720772279098156,0.3804738074541092,0.012928293666846002,0.021949248199234717,0.6415241360664368
2199,2199,3.534064292907715,3.53471302986145,0.0002,3.072338520375935,0.38110441714525223,0.012884452065918595,0.022382631952496013,0.6472508907318115
2200,2200,3.525634765625,3.591461658477783,0.0002,3.0724725138907782,0.3840911164879799,0.01286410741158761,0.022932478441362036,0.6642218083143234
2201,2201,3.5083792209625244,3.55476450920105,0.0002,3.0728346653229175,0.3819251209497452,0.012800166799934232,0.02323049757978879,0.6588143408298492
2202,2202,3.6016910076141357,3.5621447563171387,0.0002,3.0729231238492702,0.38239751011133194,0.01278874499257654,0.023542350165371317,0.6571485847234726
2203,2203,3.525599479675293,3.560558557510376,0.0002,3.0731627725660435,0.38361767679452896,0.012841058458434418,0.023354523593297927,0.6616912484169006
2204,2204,3.5054495334625244,3.548722505569458,0.0002,3.0732660226098147,0.38036465644836426,0.012819705068977783,0.02294975045879255,0.6497093141078949
2205,2205,3.553497552871704,3.53407621383667,0.0002,3.07343224992193,0.3836825042963028,0.012925372886456898,0.0227622284219251,0.6593564450740814
2206,2206,3.565119743347168,3.5989222526550293,0.0002,3.073680723348125,0.3828054890036583,0.012996793131605955,0.022360382547049085,0.6544461101293564
2207,2207,3.5321638584136963,3.531294584274292,0.0002,3.073814156718238,0.3846335858106613,0.012979743178220815,0.022580716551601654,0.6602882891893387
2208,2208,3.53210186958313,3.52378511428833,0.0002,3.0742651554032734,0.38421644270420074,0.012890622105260263,0.02273761220203596,0.6553365737199783
2209,2209,3.525021553039551,3.5360817909240723,0.0002,3.073932047564549,0.3834833726286888,0.012860739292591461,0.02292580952780554,0.6545501202344894
2210,2210,3.517416000366211,3.547825574874878,0.0002,3.0740645081655793,0.3802773430943489,0.012857583365985192,0.022862987869302742,0.6592415869235992
2211,2211,3.501852512359619,3.501108169555664,0.0002,3.074162795463533,0.38113024085760117,0.012887571168903378,0.02265579875529511,0.6614938974380493
2212,2212,3.494218587875366,3.534487724304199,0.0002,3.0742277780760654,0.38214147090911865,0.012827561598896864,0.02238103228228283,0.6510626077651978
2213,2213,3.5577847957611084,3.552537202835083,0.0002,3.074489839872279,0.38647473603487015,0.012764399867592147,0.022504235232190695,0.6446710377931595
2214,2214,3.488057851791382,3.5284056663513184,0.0002,3.0744034322355698,0.38634446263313293,0.012772675794622046,0.022896075970493257,0.6592540442943573
2215,2215,3.530622720718384,3.5527820587158203,0.0002,3.0746613851124684,0.38569530844688416,0.012743614339342457,0.02307355768789421,0.6633873283863068
2216,2216,3.4844017028808594,3.5512583255767822,0.0002,3.074679740744111,0.3826618492603302,0.012793158166459762,0.022640183691692073,0.6567267626523972
2217,2217,3.5314085483551025,3.5440142154693604,0.0002,3.0739809311587214,0.3821247071027756,0.012813637667932198,0.02230600709299324,0.6534245312213898
2218,2218,3.562960147857666,3.5440430641174316,0.0002,3.072611177406803,0.384144589304924,0.012863527790614171,0.02215088325101533,0.6534516960382462
2219,2219,3.563082456588745,3.5386276245117188,0.0002,3.0721488572582363,0.38420169055461884,0.012778995383996516,0.022414076796849258,0.6385693699121475
2220,2220,3.5012125968933105,3.507436990737915,0.0002,3.0722367296146795,0.3845704644918442,0.012753831410009298,0.022630604664300336,0.6610626429319382
2221,2221,3.5254368782043457,3.5164103507995605,0.0002,3.072523068845047,0.3833242356777191,0.012639752249015146,0.022807600107626058,0.6438536792993546
2222,2222,3.5508437156677246,3.549595594406128,0.0002,3.072827227872167,0.3838943913578987,0.012643035903238342,0.02306579830838018,0.6558223515748978
2223,2223,3.5691776275634766,3.5719053745269775,0.0002,3.07333225718132,0.3831402659416199,0.012693925102212233,0.02269438512303168,0.6505309790372849
2224,2224,3.5830094814300537,3.5782816410064697,0.0002,3.073434372770174,0.3839070051908493,0.012779128637703252,0.02233634395088302,0.6545859128236771
2225,2225,3.553306818008423,3.528095006942749,0.0002,3.0736841659427783,0.3855018764734268,0.01281452673538297,0.02251623970005312,0.664766862988472
2226,2226,3.5461854934692383,3.595263719558716,0.0002,3.0737327261550105,0.38711903989315033,0.012815501999284606,0.022637831723841373,0.6621252447366714
2227,2227,3.5262794494628906,3.5604658126831055,0.0002,3.07400103592608,0.38600652664899826,0.01292815177475859,0.02259640389092965,0.6733726114034653
2228,2228,3.5225555896759033,3.5437469482421875,0.0002,3.0733873679923556,0.3846062049269676,0.012970673938980326,0.022809292953752447,0.6701710522174835
2229,2229,3.533390760421753,3.533395767211914,0.0002,3.0733926817840858,0.3874737173318863,0.013013794381549815,0.022659661168290768,0.662164494395256
2230,2230,3.5597290992736816,3.547107219696045,0.0002,3.073683587651169,0.3869562968611717,0.013037981574598234,0.022414077076973626,0.6444031000137329
2231,2231,3.5771193504333496,3.5283446311950684,0.0002,3.0739862725444325,0.38553114980459213,0.013097369566821726,0.022482454231067095,0.6590994298458099
2232,2232,3.5830206871032715,3.4988718032836914,0.0002,3.074151429367328,0.38530776649713516,0.013083404066492221,0.02293998440291034,0.669160395860672
2233,2233,3.4959418773651123,3.5525383949279785,0.0002,2.85822030829587,0.3881896957755089,0.013041408530625631,0.023162093388236826,0.666424959897995
2234,2234,3.4895849227905273,3.5740833282470703,0.0002,2.879575017596607,0.38644903153181076,0.013061529911283287,0.0235112829686841,0.6729055047035217
2235,2235,3.520613193511963,3.512744903564453,0.0002,2.898924181788255,0.38755667954683304,0.013082560390103026,0.023506151450419566,0.6711409240961075
2236,2236,3.513192653656006,3.536835193634033,0.0002,2.916785771907328,0.3860776647925377,0.013131868498021504,0.023301238994463347,0.6772141456604004
2237,2237,3.576555013656616,3.5768563747406006,0.0002,2.9326435800089876,0.3874751627445221,0.013169665495297522,0.022981933805567678,0.6731964498758316
2238,2238,3.503155469894409,3.5454061031341553,0.0002,2.9466568361798524,0.3891409561038017,0.013184612322220346,0.02264717052821652,0.6636867821216583
2239,2239,3.4925270080566406,3.514805316925049,0.0002,2.958417497738092,0.3851206973195076,0.013197978732932825,0.022351623458234826,0.658131405711174
2240,2240,3.525994062423706,3.5937843322753906,0.0002,2.9690718801965197,0.38869234919548035,0.01312242053609225,0.02262216776580317,0.6527696549892426
2241,2241,3.5244970321655273,3.52493953704834,0.0002,2.979394238568737,0.389155738055706,0.013126780531820259,0.023140291315939976,0.6669932901859283
2242,2242,3.4807636737823486,3.528233051300049,0.0002,2.988773714634935,0.3889806643128395,0.013069314602034865,0.023311833188927267,0.6644005924463272
2243,2243,3.4790220260620117,3.5744564533233643,0.0002,2.9979329710928577,0.3853456676006317,0.01308426093419257,0.023129655277443817,0.6680726110935211
2244,2244,3.488060474395752,3.588418960571289,0.0002,3.005892319051184,0.3878350481390953,0.013076467901555588,0.022805152057117084,0.6569035798311234
2245,2245,3.4861137866973877,3.5459184646606445,0.0002,3.0127588360271025,0.388011671602726,0.013077447598334402,0.022486597583338153,0.6559732556343079
2246,2246,3.5216033458709717,3.5184030532836914,0.0002,3.0188242838257726,0.3871229737997055,0.013092430053802673,0.022672213930491125,0.6659145355224609
2247,2247,3.4724650382995605,3.61437726020813,0.0002,3.0245025760599495,0.3888379856944084,0.013073299183815834,0.02294293167142314,0.6706077456474304
2248,2248,3.511617660522461,3.5338993072509766,0.0002,3.029465894667807,0.3900797665119171,0.013094739924781607,0.023106951401132392,0.6724583804607391
2249,2249,3.512845754623413,3.5741987228393555,0.0002,3.0339214899776272,0.38840195536613464,0.013099514942950918,0.023199572147859726,0.6797436773777008
2250,2250,3.4929568767547607,3.5094656944274902,0.0002,3.038184546374622,0.38600556552410126,0.013110713145579211,0.02259965170378564,0.6712316125631332
2251,2251,3.5261566638946533,3.4990828037261963,0.0002,3.041367394213768,0.3904039114713669,0.01314818849459698,0.022404170336812967,0.6742008477449417
2252,2252,3.516334295272827,3.501755952835083,0.0002,3.044743729434727,0.38825882226228714,0.013178627492379746,0.02229227609859663,0.6745107024908066
2253,2253,3.5368244647979736,3.537961959838867,0.0002,3.0476963654844513,0.3918409049510956,0.01316419759496057,0.022854883292893646,0.6867028772830963
2254,2254,3.501047134399414,3.5318708419799805,0.0002,3.0503557784540845,0.3922685980796814,0.013096237686113454,0.023076572815625696,0.675895482301712
2255,2255,3.5217740535736084,3.5798096656799316,0.0002,3.052848077955025,0.3888862207531929,0.013108410834320239,0.023574361701321322,0.6842822432518005
2256,2256,3.5006635189056396,3.4828591346740723,0.0002,3.054984497812654,0.38843193650245667,0.013144011889380636,0.023507389003498247,0.6784880608320236
2257,2257,3.480581521987915,3.5087671279907227,0.0002,2.831058153460676,0.3911149874329567,0.013259342516903416,0.023417166696162894,0.6870806962251663
2258,2258,3.490107774734497,3.5533177852630615,0.0002,2.8551441881504886,0.38876447081565857,0.013266869846120244,0.022994641283730743,0.6787623167037964
2259,2259,3.5348050594329834,3.5479092597961426,0.0002,2.87687714830776,0.3871111795306206,0.013329956280358601,0.022708437751134625,0.6817478686571121
2260,2260,3.5122158527374268,3.5667316913604736,0.0002,2.8966327674277212,0.38979704678058624,0.013268169332150137,0.02283270564294071,0.6805312931537628
2261,2261,3.5264012813568115,3.554063081741333,0.0002,2.914438676031227,0.38943660259246826,0.013198463328080834,0.023031828699458856,0.67520971596241
2262,2262,3.5679194927215576,3.50868821144104,0.0002,2.9307263249705495,0.39352045953273773,0.01312131130725902,0.023129533547034953,0.6754110902547836
2263,2263,3.499464273452759,3.546306848526001,0.0002,2.945038026695839,0.39168763160705566,0.013135973622411257,0.022958584821026307,0.6870846450328827
2264,2264,3.5749309062957764,3.4915831089019775,0.0002,2.9580418543543168,0.38927004486322403,0.013040622347034514,0.02228869234022568,0.6547076106071472
2265,2265,3.5178346633911133,3.5770654678344727,0.0002,2.9696519252452505,0.39202088862657547,0.013038980037890724,0.022707090000039898,0.6758299171924591
2266,2266,3.459618330001831,3.530578851699829,0.0002,2.9801584694272463,0.39093682169914246,0.013029038838794804,0.0228442872830783,0.6747078895568848
2267,2267,3.478597640991211,3.4752941131591797,0.0002,2.9895357967222296,0.38922880589962006,0.013084406646157731,0.022754353907657787,0.6869778037071228
2268,2268,3.4510903358459473,3.524069309234619,0.0002,2.7739496078210455,0.3929474651813507,0.01309820321512234,0.022537939661560813,0.6835152357816696
2269,2269,3.490339994430542,3.5648081302642822,0.0002,2.803869638781819,0.39275435358285904,0.013081512926873984,0.0226442031962506,0.6772984564304352
2270,2270,3.4794416427612305,3.5010910034179688,0.0002,2.8310171884075093,0.3917113021016121,0.013129561481036944,0.022938026711926796,0.6865760236978531
2271,2271,3.556302309036255,3.5357344150543213,0.0002,2.8558950883427467,0.3923104852437973,0.013224772481407854,0.022780710241931956,0.6925497949123383
2272,2272,3.5062384605407715,3.526216745376587,0.0002,2.8777587772945883,0.3936554566025734,0.013253225955850212,0.022592686487769242,0.6810470670461655
2273,2273,3.550161123275757,3.5231313705444336,0.0002,2.8976231197172364,0.3920651823282242,0.013242982338852016,0.022309706491796533,0.6723463535308838
2274,2274,3.5434677600860596,3.5572926998138428,0.0002,2.9151384219172765,0.392195001244545,0.013235921258456074,0.022244200506975176,0.6711067855358124
2275,2275,3.504106283187866,3.502744674682617,0.0002,2.9308794320137608,0.39362649619579315,0.013230200551333837,0.02268843127967557,0.6811996698379517
2276,2276,3.5033466815948486,3.5050764083862305,0.0002,2.9456597105235045,0.39452437311410904,0.013176588036003523,0.023000369623332517,0.6771412342786789
2277,2277,3.4915363788604736,3.4966440200805664,0.0002,2.958626721528639,0.3927658200263977,0.013215290855441708,0.02297381047537783,0.6832970529794693
2278,2278,3.4990341663360596,3.5256292819976807,0.0002,2.970159773712405,0.39357011020183563,0.013269224493342335,0.022633755339484196,0.6859553754329681
2279,2279,3.5149614810943604,3.5203769207000732,0.0002,2.9795738581863227,0.39310384541749954,0.013313900815774105,0.022235121305129724,0.680333137512207
2280,2280,3.611394166946411,3.542067050933838,0.0002,2.988041466050293,0.39459844678640366,0.013300296843226533,0.022161107630381593,0.6848330050706863
2281,2281,3.488271951675415,3.520915985107422,0.0002,2.9935582349028103,0.3956606611609459,0.013226153233517834,0.02234764780223486,0.6849474161863327
2282,2282,3.574334144592285,3.5199856758117676,0.0002,2.998891009675961,0.3958878740668297,0.013170185206035967,0.022503134729049634,0.6800388097763062
2283,2283,3.532623291015625,3.5421640872955322,0.0002,3.006590713331616,0.3940938264131546,0.013204101444898697,0.0225094429551973,0.6929792910814285
2284,2284,3.570183277130127,3.526540994644165,0.0002,3.012854452708738,0.39526673406362534,0.013205572432525514,0.022217305031517753,0.6793069690465927
2285,2285,3.54054594039917,3.5391905307769775,0.0002,3.0191283665361692,0.3953271880745888,0.013177652253943961,0.021989362307067495,0.6729712188243866
2286,2286,3.4604034423828125,3.5766024589538574,0.0002,3.0246544423194295,0.3934786468744278,0.0131832252300228,0.02232311489933636,0.6808242350816727
2287,2287,3.48830246925354,3.4752488136291504,0.0002,3.0295684025221052,0.39581986516714096,0.01313897592081048,0.022425984057917958,0.6746406108140945
2288,2288,3.4888150691986084,3.526470184326172,0.0002,2.8172396756711,0.39332354813814163,0.013185064672143199,0.02225325146719115,0.6751655489206314
2289,2289,3.5130960941314697,3.4961423873901367,0.0002,2.8430240189607927,0.3948044180870056,0.0132157879161241,0.022108803001174238,0.6801921427249908
2290,2290,3.502256393432617,3.4752418994903564,0.0002,2.8664301340756704,0.39499063789844513,0.013171908743970562,0.02229969327163417,0.6792073994874954
2291,2291,3.459104299545288,3.5306332111358643,0.0002,2.6621415156468817,0.39459680020809174,0.013165546956770413,0.022584750782698393,0.6867412328720093
2292,2292,3.475736141204834,3.5060882568359375,0.0002,2.7025540310060343,0.3967651277780533,0.013202100736634748,0.02287271416207659,0.694536566734314
2293,2293,3.54085373878479,3.5310513973236084,0.0002,2.7394763866343466,0.39504508674144745,0.013315922105903155,0.022998976270173443,0.7036335617303848
2294,2294,3.5060219764709473,3.5298233032226562,0.0002,2.7726936049501223,0.3963523432612419,0.013346809602808207,0.022536645003128797,0.6963581442832947
2295,2295,3.536323308944702,3.5046942234039307,0.0002,2.8028663879857585,0.3976447582244873,0.013366997852244822,0.02225890530826291,0.688494935631752
2296,2296,3.5137314796447754,3.494783639907837,0.0002,2.8297736366274266,0.39310914278030396,0.013358531765334192,0.02207605387593503,0.6823413074016571
2297,2297,3.5214176177978516,3.5171608924865723,0.0002,2.854720609615709,0.3948061466217041,0.013392421009484679,0.02207805568468757,0.6821552813053131
2298,2298,3.5189952850341797,3.5915751457214355,0.0002,2.875828704074034,0.3974855914711952,0.013314526242538705,0.022407090382330352,0.6721176356077194
2299,2299,3.511046886444092,3.500436782836914,0.0002,2.895670802162034,0.39556166529655457,0.0133387612640945,0.022903073961060727,0.6968437433242798
2300,2300,3.549607753753662,3.4873461723327637,0.0002,2.91363262022085,0.3956517353653908,0.01328012262001721,0.02315972229189356,0.6877670139074326
2301,2301,3.5118112564086914,3.5453433990478516,0.0002,2.929689225568187,0.39639556407928467,0.013267658307086094,0.02343743888195604,0.6912049502134323
2302,2302,3.5226099491119385,3.4996073246002197,0.0002,2.94408253941958,0.40046193450689316,0.013318477935172268,0.023156715178629383,0.6901898086071014
2303,2303,3.4980545043945312,3.502608060836792,0.0002,2.957200801596289,0.3975094258785248,0.013441804763715481,0.02297981159063056,0.7019785046577454
2304,2304,3.527653455734253,3.594210624694824,0.0002,2.9689653856858533,0.39626751840114594,0.013448711428281968,0.0226251964813855,0.6944449245929718
2305,2305,3.544157028198242,3.557015895843506,0.0002,2.979688975712241,0.3988981172442436,0.01348222145679756,0.022205464058060898,0.6874969154596329
2306,2306,3.541522264480591,3.510380268096924,0.0002,2.9889737414682918,0.39574040472507477,0.0134326612114819,0.02226878908550134,0.6769666969776154
2307,2307,3.4991397857666016,3.5968010425567627,0.0002,2.9977060305655026,0.39864129573106766,0.013394078137025645,0.022761549378628843,0.6890325248241425
2308,2308,3.47985577583313,3.5487425327301025,0.0002,3.0051972438960144,0.39711495488882065,0.013332030295714503,0.023021678392979084,0.6859899312257767
2309,2309,3.516688585281372,3.5567970275878906,0.0002,3.012183108266321,0.399594284594059,0.013324583181201888,0.02301045585772954,0.6982078552246094
2310,2310,3.483198642730713,3.477487802505493,0.0002,3.018528070936026,0.3974117934703827,0.013314874614479777,0.022645600081887096,0.6916007548570633
2311,2311,3.5434718132019043,3.466423273086548,0.0002,3.0242829642286524,0.3995785638689995,0.013276074761961354,0.022208104292076314,0.6731117218732834
2312,2312,3.537971019744873,3.494157552719116,0.0002,2.8029233277224197,0.39848216623067856,0.013290882764522394,0.022551051446498604,0.6938342154026031
2313,2313,3.499070644378662,3.530879497528076,0.0002,2.829762583996954,0.3972315937280655,0.013268727753711573,0.02277290682104649,0.699413925409317
2314,2314,3.495079755783081,3.62217116355896,0.0002,2.8540756617558394,0.3957313299179077,0.013244157645203813,0.022955429787543835,0.6991944015026093
2315,2315,3.570405960083008,3.599783420562744,0.0002,2.8762157120822707,0.3988572359085083,0.013266663052490912,0.02320816458450281,0.7075585573911667
2316,2316,3.504103660583496,3.62172794342041,0.0002,2.895804328522164,0.3961596190929413,0.013330890616089164,0.02295206091730506,0.7024584263563156
2317,2317,3.502678394317627,3.565181255340576,0.0002,2.9136621278852113,0.39833465218544006,0.013406206281615596,0.022780443861847743,0.7088794112205505
2318,2318,3.4905667304992676,3.5793282985687256,0.0002,2.9300284539203343,0.3993668854236603,0.013412727791546786,0.022467851060355315,0.6955502033233643
2319,2319,3.5033226013183594,3.5227906703948975,0.0002,2.944631946980108,0.4000735729932785,0.01340538668227964,0.02228633869890473,0.6906531602144241
2320,2320,3.4898788928985596,3.565786123275757,0.0002,2.956929620528039,0.398756705224514,0.013418995207757689,0.022306155446131015,0.6791504770517349
2321,2321,3.5856690406799316,3.5691192150115967,0.0002,2.968853722487098,0.39954768866300583,0.013429525253741303,0.022821338974608807,0.6988414078950882
2322,2322,3.4736671447753906,3.5079667568206787,0.0002,2.979277055117349,0.40035298466682434,0.013351029116165591,0.023016536426439416,0.6877729445695877
2323,2323,3.4946224689483643,3.509472608566284,0.0002,2.988861913835297,0.39858055114746094,0.013314855505996093,0.02340330116203404,0.6948821991682053
2324,2324,3.5004465579986572,3.4807088375091553,0.0002,2.997618667084866,0.40005772560834885,0.01337337691893481,0.023243674058903707,0.6886920481920242
2325,2325,3.5447757244110107,3.5245370864868164,0.0002,3.005075648213543,0.4021100476384163,0.013437564811283664,0.023160151791671524,0.6927912533283234
2326,2326,3.5319056510925293,3.514841318130493,0.0002,3.0120546188231407,0.39973288029432297,0.013475311898218933,0.02285841196862748,0.6927312314510345
2327,2327,3.4692671298980713,3.5456113815307617,0.0002,3.0182061243394323,0.40050283819437027,0.01350216253194958,0.022846701936941827,0.6897809356451035
2328,2328,3.491408348083496,3.519908905029297,0.0002,3.0239047116318196,0.4012415036559105,0.01353120841577038,0.023203597971587442,0.7093105316162109
2329,2329,3.508514642715454,3.6281991004943848,0.0002,3.0292972202655033,0.4016697183251381,0.01351646740022261,0.023290079065191094,0.7051863819360733
2330,2330,3.5157907009124756,3.4713993072509766,0.0002,3.0336994827930974,0.40021051466464996,0.013570185139542446,0.023475316273106728,0.7133005112409592
2331,2331,3.507309913635254,3.5027682781219482,0.0002,3.0378504356956415,0.4003923609852791,0.013606578248072765,0.023439016091288067,0.7124191969633102
2332,2332,3.4684159755706787,3.519896984100342,0.0002,3.04190258031558,0.4020117074251175,0.013661472333296842,0.023181458102044417,0.7191018164157867
2333,2333,3.465038537979126,3.5210416316986084,0.0002,3.044650726434945,0.4020417779684067,0.013657566054462222,0.022690565569064347,0.7046619802713394
2334,2334,3.499574899673462,3.5453038215637207,0.0002,3.047482125510323,0.40293795615434647,0.01367404322445509,0.02251302192598814,0.7028510421514511
2335,2335,3.4627649784088135,3.4962563514709473,0.0002,3.050056211380723,0.40300941467285156,0.013630704243951186,0.022345498317008605,0.6949415057897568
2336,2336,3.5018370151519775,3.4667248725891113,0.0002,3.0520608802987814,0.40362149477005005,0.013564254592893121,0.022332764838211006,0.6877517849206924
2337,2337,3.5263240337371826,3.522894859313965,0.0002,3.054629932180709,0.4022499844431877,0.01351953526318539,0.022782466432545334,0.7034903764724731
2338,2338,3.4365382194519043,3.4975521564483643,0.0002,3.0566961775487207,0.40240760147571564,0.01346769599149411,0.023075776793120895,0.6978251039981842
2339,2339,3.4971799850463867,3.493263006210327,0.0002,3.0584503380113808,0.4017072543501854,0.013447504908072005,0.023435617880750215,0.7032627016305923
2340,2340,3.5336103439331055,3.5004379749298096,0.0002,3.0602703870404064,0.40305133163928986,0.013447097437165212,0.02389098721323535,0.7071501016616821
2341,2341,3.474135160446167,3.4946787357330322,0.0002,3.0605771437523366,0.40185555815696716,0.01343271073892538,0.023653544863918796,0.703447163105011
2342,2342,3.539637565612793,3.5477120876312256,0.0002,3.0612384846165472,0.4029928669333458,0.013518285831196408,0.02354505698531284,0.7125956565141678
2343,2343,3.451624870300293,3.497786045074463,0.0002,3.062238248758434,0.40383949130773544,0.013528491811484855,0.023022747485811124,0.6881560683250427
2344,2344,3.495206594467163,3.4871137142181396,0.0002,3.0630657582538676,0.40359198302030563,0.01358801335481985,0.02279292639286723,0.695997953414917
2345,2345,3.508251905441284,3.52113938331604,0.0002,3.0635332571503,0.40310806035995483,0.013583873313109507,0.022908746988832718,0.6997143924236298
2346,2346,3.5559332370758057,3.4734833240509033,0.0002,3.064058512854467,0.4033593311905861,0.013593591173957975,0.023053708209772594,0.7059167176485062
2347,2347,3.417865514755249,3.5195112228393555,0.0002,3.06516386470658,0.40333646535873413,0.013570286309914081,0.023350865154498024,0.7136386632919312
2348,2348,3.4875566959381104,3.539318323135376,0.0002,3.065918637202613,0.40289589017629623,0.013623394188471138,0.0235994890499569,0.7239162772893906
2349,2349,3.4943556785583496,3.5441370010375977,0.0002,3.066655189390251,0.40533727407455444,0.013599770539258316,0.023565967447211733,0.716436967253685
2350,2350,3.5217623710632324,3.520127296447754,0.0002,3.067382334674227,0.4062795341014862,0.013651477191160666,0.02342065535049187,0.7204458117485046
2351,2351,3.4945125579833984,3.4961795806884766,0.0002,3.0679691184810434,0.4044116213917732,0.013646493515807379,0.023062268115609186,0.711868941783905
2352,2352,3.457738161087036,3.513123035430908,0.0002,3.0682135333207357,0.40204182267189026,0.013610807971417671,0.022701972320646746,0.6938048601150513
2353,2353,3.4739999771118164,3.522881031036377,0.0002,3.0689331597676603,0.4036358669400215,0.013678059270205267,0.02270858488191152,0.7101118564605713
2354,2354,3.546797513961792,3.552321195602417,0.0002,3.069529100981423,0.4054616019129753,0.013628311162392492,0.022619845913141035,0.6940374076366425
2355,2355,3.5535128116607666,3.5610713958740234,0.0002,3.070049628520153,0.4041373282670975,0.013571277177106822,0.022911561598448316,0.6982065737247467
2356,2356,3.5167734622955322,3.494457483291626,0.0002,3.070483748160889,0.405111588537693,0.013591446417194675,0.023277526925085112,0.709748238325119
2357,2357,3.450507640838623,3.552752733230591,0.0002,3.07084690923917,0.40367990732192993,0.013588752006398863,0.023587801326357294,0.7167742550373077
2358,2358,3.4779462814331055,3.550004243850708,0.0002,3.0711727340600383,0.4048856869339943,0.013530733222069102,0.023801706582162296,0.7128040343523026
2359,2359,3.58911395072937,3.5289692878723145,0.0002,3.0710645636411993,0.40600283443927765,0.01357436683792912,0.023983191040315432,0.7179342210292816
2360,2360,3.5059473514556885,3.5680718421936035,0.0002,3.0708826128498137,0.4049777537584305,0.01361662575527589,0.02373187396369758,0.7140367329120636
2361,2361,3.483074903488159,3.5389559268951416,0.0002,3.070780054209441,0.40564636141061783,0.013680821025445766,0.023624872559594223,0.7225065380334854
2362,2362,3.496310234069824,3.5020999908447266,0.0002,3.07095758048709,0.4059523865580559,0.013683529504305625,0.0230397364248347,0.6989904642105103
2363,2363,3.415130853652954,3.501847505569458,0.0002,3.0715400193955156,0.4055132120847702,0.013748122649303696,0.02298352877915022,0.7083625644445419
2364,2364,3.515352249145508,3.5235373973846436,0.0002,3.071753523054438,0.4081142991781235,0.01374941958783893,0.022688748915243195,0.7003114074468613
2365,2365,3.468846321105957,3.5076797008514404,0.0002,3.0715967705449283,0.40740247070789337,0.013723560094149434,0.022807290359196486,0.699475958943367
2366,2366,3.4591639041900635,3.504066228866577,0.0002,3.0718664830986273,0.4063691422343254,0.013749064370131237,0.023241177885211073,0.7183496654033661
2367,2367,3.49489426612854,3.559372901916504,0.0002,3.071856914451202,0.4066678285598755,0.013709869905142114,0.023435160888766404,0.7145414501428604
2368,2368,3.4664552211761475,3.5363571643829346,0.0002,3.0722443680355656,0.4081655442714691,0.013684048104551039,0.023821212584152818,0.7227407395839691
2369,2369,3.4663925170898438,3.561399459838867,0.0002,3.072515822913375,0.40765732526779175,0.013721047876060766,0.024046062677371083,0.7282121628522873
2370,2370,3.461455821990967,3.5099380016326904,0.0002,3.0729633884391006,0.40748193860054016,0.013682075352335232,0.023546210904896725,0.7090208977460861
2371,2371,3.4395155906677246,3.4547393321990967,0.0002,3.073303012842352,0.4098525494337082,0.013760104976427101,0.023423535749316216,0.7128326892852783
2372,2372,3.463066816329956,3.5457637310028076,0.0002,2.857391909982631,0.4081508368253708,0.013796942200315243,0.02302246881299652,0.7026651799678802
2373,2373,3.509838581085205,3.517967939376831,0.0002,2.8789705993725887,0.41012826561927795,0.013825019242176495,0.022854627553897444,0.7010456621646881
2374,2374,3.5040500164031982,3.4956119060516357,0.0002,2.8988425440635055,0.4071499705314636,0.013845534056599718,0.0231936164018407,0.7185278385877609
2375,2375,3.4823949337005615,3.476630687713623,0.0002,2.916783543542657,0.4099171310663223,0.013730795885749103,0.023419769033353077,0.715095579624176
2376,2376,3.478099822998047,3.4950485229492188,0.0002,2.932545121963333,0.4097853973507881,0.01373020052051288,0.02382897646384663,0.7295714467763901
2377,2377,3.4806981086730957,3.4554455280303955,0.0002,2.946703335844443,0.4066978320479393,0.013690673395103659,0.02379308969102567,0.7248247861862183
2378,2378,3.52451491355896,3.5221245288848877,0.0002,2.9593789223217155,0.4072619155049324,0.013803137203467486,0.023926956881041406,0.7376143336296082
2379,2379,3.5155344009399414,3.5060882568359375,0.0002,2.9708216244584458,0.4095126762986183,0.013844683401657676,0.02357765739361639,0.733044445514679
2380,2380,3.499812602996826,3.597397565841675,0.0002,2.981136206400648,0.40935489535331726,0.01387689255807345,0.023341945252468577,0.7326242923736572
2381,2381,3.5162172317504883,3.531960964202881,0.0002,2.9907362134814277,0.41028154641389847,0.0138841179505107,0.02312544040614739,0.7268468737602234
2382,2382,3.4696524143218994,3.5069570541381836,0.0002,2.9990278880493313,0.40898972749710083,0.013863941248928313,0.02291017532843398,0.7103743702173233
2383,2383,3.47048020362854,3.573519468307495,0.0002,3.006555339081167,0.41000816226005554,0.013839596555953904,0.023207203688798472,0.7151311337947845
2384,2384,3.511018753051758,3.5042614936828613,0.0002,3.0139007572360157,0.41174743324518204,0.013798057318126666,0.02369060154160252,0.7306901514530182
2385,2385,3.499708890914917,3.483492136001587,0.0002,3.0199045357723646,0.4080598056316376,0.013752856989412976,0.023875120550655993,0.7251889109611511
2386,2386,3.4536125659942627,3.5209708213806152,0.0002,3.0250363371474664,0.40976496040821075,0.013748413584835362,0.023569968649098882,0.7186079323291779
2387,2387,3.4890213012695312,3.498044729232788,0.0002,3.0294516160304013,0.4131241887807846,0.013845556552951166,0.023459301592083648,0.730820432305336
2388,2388,3.4016833305358887,3.502103328704834,0.0002,3.0339640741382468,0.4099496379494667,0.013898187265112938,0.023193736051325686,0.7159143090248108
2389,2389,3.5232760906219482,3.484844207763672,0.0002,3.0378359379240183,0.4126877039670944,0.013948932159109972,0.023000037665042328,0.7204848080873489
2390,2390,3.5264856815338135,3.542780637741089,0.0002,3.041488705752963,0.4103909283876419,0.013915118900513335,0.02304141151398653,0.7206216752529144
2391,2391,3.4861910343170166,3.569697380065918,0.0002,3.0446823562185705,0.4125327318906784,0.01386155278487422,0.02333321723563131,0.728908896446228
2392,2392,3.4899544715881348,3.4404666423797607,0.0002,3.047843954107716,0.40846702456474304,0.013784673939881031,0.02308820614416618,0.7203219830989838
2393,2393,3.475938558578491,3.4970932006835938,0.0002,2.8346671768714153,0.4109802320599556,0.013730059725276078,0.02300485778323491,0.7197964787483215
2394,2394,3.4472639560699463,3.4974474906921387,0.0002,2.8581970137180925,0.40967610478401184,0.013728115224694193,0.023258186010934878,0.7332177311182022
2395,2395,3.5027027130126953,3.4900639057159424,0.0002,2.8794071055640007,0.4109034761786461,0.013733723324548919,0.023373362004349474,0.7314187586307526
2396,2396,3.4980521202087402,3.5039055347442627,0.0002,2.8986492468308076,0.41231073439121246,0.013672064592356037,0.023322321558225667,0.7145361006259918
2397,2397,3.500418186187744,3.54079270362854,0.0002,2.9158768814828155,0.40971142798662186,0.013806068920530379,0.02337232787613175,0.7294549196958542
2398,2398,3.4769468307495117,3.4924747943878174,0.0002,2.931429438139502,0.40998702496290207,0.013866733686882071,0.02310919678711798,0.7320068925619125
2399,2399,3.4927098751068115,3.502178192138672,0.0002,2.945103074527662,0.4120423197746277,0.013902920829423238,0.022879445350554306,0.7286941111087799
2400,2400,3.49125337600708,3.5089519023895264,0.0002,2.957767300264778,0.41344650089740753,0.013879934185752063,0.02260516167007154,0.7153261452913284
2401,2401,3.4198598861694336,3.5431225299835205,0.0002,2.9693076010193127,0.4110785350203514,0.013841316418620409,0.022669094665616285,0.7075411975383759
2402,2402,3.505228042602539,3.4508004188537598,0.0002,2.9793299924970573,0.4146052673459053,0.01383268710833363,0.02316950057502254,0.7229514867067337
2403,2403,3.5193536281585693,3.4825685024261475,0.0002,2.988643013474023,0.41333483159542084,0.013812799285005894,0.023608142728335224,0.7358560562133789
2404,2404,3.4594531059265137,3.5109763145446777,0.0002,2.996597494128619,0.41305994242429733,0.01378058630052692,0.023733633188385284,0.7268842458724976
2405,2405,3.4444639682769775,3.520359754562378,0.0002,3.0041372351573523,0.4121103957295418,0.013836040334354038,0.023576346724439645,0.7336966395378113
2406,2406,3.5201849937438965,3.511482000350952,0.0002,3.011015905856888,0.41219519823789597,0.013843164415447973,0.023189212453871733,0.7220906764268875
2407,2407,3.4593958854675293,3.474027156829834,0.0002,3.018181413622166,0.413014255464077,0.013904894531151513,0.022832585738797206,0.7132254093885422
2408,2408,3.4561541080474854,3.4857988357543945,0.0002,3.0236617827712013,0.41438864171504974,0.01393086225107254,0.022990534111158922,0.7197641581296921
2409,2409,3.530573606491089,3.489020586013794,0.0002,3.0275153096767324,0.4127861261367798,0.01390937950964144,0.023230363556649536,0.7274882793426514
2410,2410,3.453852891921997,3.5344274044036865,0.0002,3.0315522463981353,0.4133138358592987,0.013945169439466554,0.02341408684515045,0.7383528649806976
2411,2411,3.4862632751464844,3.4774622917175293,0.0002,3.0331601321872905,0.4130137488245964,0.013897068502956245,0.023542652234027628,0.7342216372489929
2412,2412,3.506114959716797,3.526966094970703,0.0002,3.033386067176298,0.4136825278401375,0.013906431521718332,0.02340323687531054,0.7366255223751068
2413,2413,3.495680093765259,3.4735145568847656,0.0002,3.0358355406939688,0.41422396153211594,0.013909366371080978,0.023246634085808182,0.7295410484075546
2414,2414,3.498783588409424,3.5484139919281006,0.0002,3.039434329130749,0.41388292610645294,0.01397408171396819,0.02299967279759585,0.7320499271154404
2415,2415,3.5232014656066895,3.5591206550598145,0.0002,3.042482194271849,0.41453324258327484,0.01393800382174959,0.022939977894566255,0.7278111129999161
2416,2416,3.4810619354248047,3.4687435626983643,0.0002,3.0453535145306043,0.4125194624066353,0.013920637225055543,0.023056203324813396,0.7287149578332901
2417,2417,3.473344087600708,3.492097854614258,0.0002,3.048064522989501,0.4136665016412735,0.01392773542465875,0.02354732554522343,0.7469286322593689
2418,2418,3.5007500648498535,3.489453077316284,0.0002,3.050244790667182,0.4159568175673485,0.013908073332459026,0.02364818792557344,0.7429628819227219
2419,2419,3.4427990913391113,3.472871780395508,0.0002,3.0524984354052327,0.4144265130162239,0.013977651758978027,0.023629689978406532,0.7456119358539581
2420,2420,3.424842357635498,3.4720587730407715,0.0002,3.0543935890581073,0.41320133209228516,0.013986576223942393,0.023343164422840346,0.7420947700738907
2421,2421,3.5102148056030273,3.5250256061553955,0.0002,3.0562636146798208,0.41413215547800064,0.014042427133972524,0.02298011839593528,0.7342614084482193
2422,2422,3.5088725090026855,3.480480194091797,0.0002,3.0580239673883023,0.41403787583112717,0.013979280277453654,0.02266068624521722,0.7149832099676132
2423,2423,3.503753185272217,3.4790456295013428,0.0002,3.0594611369984217,0.41501761972904205,0.014028082930963137,0.02278442860915675,0.7277491539716721
2424,2424,3.4709410667419434,3.5644450187683105,0.0002,3.060852445949226,0.41562244296073914,0.013935190955635335,0.022996060593868606,0.7212140709161758
2425,2425,3.5103542804718018,3.43422269821167,0.0002,3.062484577036964,0.4170002415776253,0.013953028310424997,0.023407842079905095,0.7398459613323212
2426,2426,3.4993062019348145,3.495513916015625,0.0002,2.8378065607254306,0.4147499352693558,0.013945647872787958,0.023677792312810197,0.7433785200119019
2427,2427,3.4856278896331787,3.49869441986084,0.0002,2.7921177316115178,0.4159737676382065,0.013929386873314797,0.023858559034124482,0.7420219331979752
2428,2428,3.474360466003418,3.481994390487671,0.0002,2.819406316101004,0.4159669503569603,0.014001812786773371,0.023610903623193735,0.7459408789873123
2429,2429,3.4631881713867188,3.504230499267578,0.0002,2.8446777399816376,0.41756078600883484,0.013963609087113582,0.02307720936005353,0.7238075286149979
2430,2430,3.464461088180542,3.489988327026367,0.0002,2.8674841826450743,0.4177727624773979,0.014097117973506101,0.023123206989112077,0.7435323596000671
2431,2431,3.470045804977417,3.48976993560791,0.0002,2.887713837249927,0.4166576489806175,0.014073979453314678,0.02281703331755125,0.7333972454071045
2432,2432,3.4707725048065186,3.4766409397125244,0.0002,2.9059167964199797,0.41576986014842987,0.01404159834874008,0.023182223205367336,0.7388844341039658
2433,2433,3.4738974571228027,3.592076063156128,0.0002,2.9220478957903993,0.41625312715768814,0.013948975556559162,0.023314515401580138,0.7259654402732849
2434,2434,3.4589884281158447,3.518725633621216,0.0002,2.937266374312626,0.41780661791563034,0.013993998000842112,0.023700651614490198,0.7427821904420853
2435,2435,3.4888079166412354,3.514137029647827,0.0002,2.9507424533861517,0.4189969450235367,0.013914462593675125,0.023774184523063013,0.7348364293575287
2436,2436,3.5027709007263184,3.472959280014038,0.0002,2.962997643560192,0.41794169694185257,0.013927555750342435,0.02362156980962027,0.7400276362895966
2437,2437,3.454765558242798,3.489928722381592,0.0002,2.9746406410249198,0.4171690344810486,0.013938896482613927,0.023280645633349195,0.7365976572036743
2438,2438,3.45389723777771,3.495438575744629,0.0002,2.984621781551929,0.41761037707328796,0.013973674480439513,0.022967435401369585,0.7251621037721634
2439,2439,3.459353446960449,3.490372896194458,0.0002,2.9937593025909317,0.4176189452409744,0.013967499135105754,0.022803115174610866,0.7330601215362549
2440,2440,3.5125274658203125,3.4417660236358643,0.0002,3.0018098711980477,0.417405441403389,0.013949120239885815,0.022898754876223393,0.7322285771369934
2441,2441,3.435307264328003,3.483731746673584,0.0002,3.0093317795043966,0.41695569455623627,0.013876121747671277,0.022978652545134537,0.724455401301384
2442,2442,3.465150833129883,3.510620355606079,0.0002,3.0156772349934204,0.4175039008259773,0.013847722275386332,0.02325985018251231,0.7288929671049118
2443,2443,3.4850103855133057,3.5399348735809326,0.0002,3.021598258351016,0.4185315668582916,0.013871279399609193,0.023427782693033805,0.7508341670036316
2444,2444,3.488966226577759,3.505028486251831,0.0002,3.0264541492899375,0.41629013419151306,0.013908654717852187,0.023569341807160527,0.748404785990715
2445,2445,3.42608904838562,3.503897190093994,0.0002,3.0313519263491213,0.41733425110578537,0.013966281811917725,0.023239685397129506,0.7448352873325348
2446,2446,3.4681026935577393,3.4876656532287598,0.0002,3.0356207886688513,0.42079298943281174,0.013959046080344706,0.022884154925122857,0.7271516174077988
2447,2447,3.424875259399414,3.4937589168548584,0.0002,3.039328679681515,0.4163827449083328,0.014045773539692163,0.023101295100786956,0.741747111082077
2448,2448,3.441554307937622,3.4918878078460693,0.0002,3.0428576833949417,0.4198779761791229,0.014048717947844125,0.02337356488351361,0.7425005882978439
2449,2449,3.4788658618927,3.5131099224090576,0.0002,3.0461751891988973,0.418765053153038,0.014085307941968495,0.023340348328929394,0.7428636401891708
2450,2450,3.4779767990112305,3.440091609954834,0.0002,3.0488954328170754,0.41903824359178543,0.014080322463087214,0.02356832262739772,0.7460729777812958
2451,2451,3.4368643760681152,3.455623149871826,0.0002,3.050827889609433,0.41873862594366074,0.014127383951745287,0.02365149623437901,0.75301693379879
2452,2452,3.4436216354370117,3.436931610107422,0.0002,3.052195436820493,0.41934333741664886,0.014195964848113363,0.023566883632156532,0.7402382493019104
2453,2453,3.494246482849121,3.480210065841675,0.0002,3.05446344922359,0.419570729136467,0.014233654342206137,0.02342642343865009,0.7468105852603912
2454,2454,3.4868011474609375,3.469949960708618,0.0002,3.0565260956897875,0.4206118658185005,0.014242566953726055,0.023294942955544684,0.7448843419551849
2455,2455,3.514960765838623,3.5096435546875,0.0002,3.0583756723273683,0.4188028797507286,0.014259240491810488,0.0230829238644219,0.7451058775186539
2456,2456,3.480161190032959,3.4876363277435303,0.0002,3.0597078849820396,0.42056163400411606,0.014191956607646716,0.023300776610994944,0.7367555946111679
2457,2457,3.4648962020874023,3.4463419914245605,0.0002,3.061372548910321,0.42356038838624954,0.014185931012434594,0.023369111317151692,0.7356153130531311
2458,2458,3.433192729949951,3.447582960128784,0.0002,3.0630748691806384,0.4217630848288536,0.01416272393453255,0.023467213610274484,0.7449149936437607
2459,2459,3.4212374687194824,3.46374249458313,0.0002,3.0643963644406518,0.42133933305740356,0.014165054667500954,0.023696356558502885,0.7556065618991852
2460,2460,3.4709503650665283,3.4492154121398926,0.0002,3.0656071652012407,0.42101532220840454,0.014192370600540016,0.02359911175153684,0.7532721310853958
2461,2461,3.44109845161438,3.4963653087615967,0.0002,3.0663208352164415,0.42279551178216934,0.014223683804630127,0.02331141555259819,0.7464023977518082
2462,2462,3.4671027660369873,3.4319307804107666,0.0002,3.0672137364467256,0.42235323786735535,0.01429504386123881,0.023188975879747886,0.7584706693887711
2463,2463,3.468832492828369,3.4945123195648193,0.0002,2.847015414459376,0.4228048250079155,0.014227356467927166,0.022715923136274796,0.7295192182064056
2464,2464,3.455265760421753,3.487271547317505,0.0002,2.8693601186505755,0.4214637950062752,0.014221277456272219,0.022706383671902586,0.7274651229381561
2465,2465,3.4385247230529785,3.480562686920166,0.0002,2.889804021190844,0.4239610508084297,0.01419896971219714,0.02294199615062098,0.7361058294773102
2466,2466,3.5012621879577637,3.507176160812378,0.0002,2.9086650697369576,0.41971761733293533,0.014159271539938345,0.023071268678904744,0.7350521981716156
2467,2467,3.4172284603118896,3.568021059036255,0.0002,2.9249893941070955,0.42214178293943405,0.014136670019070152,0.023264689414645545,0.7369182705879211
2468,2468,3.4637250900268555,3.49356746673584,0.0002,2.9396544629142696,0.4206569045782089,0.014170063132041832,0.023875812370533822,0.7659168839454651
2469,2469,3.482999801635742,3.5597150325775146,0.0002,2.9532415683097146,0.420395128428936,0.01414753280369041,0.02404812215900165,0.7629038691520691
2470,2470,3.458745241165161,3.4451467990875244,0.0002,2.965208446550193,0.4218059703707695,0.0141038822266637,0.0236360522430914,0.7437354177236557
2471,2471,3.5044000148773193,3.4989748001098633,0.0002,2.9755765192868577,0.4222875311970711,0.014199217534951458,0.023658276546484558,0.7594809085130692
2472,2472,3.4417381286621094,3.474147319793701,0.0002,2.9854579498509226,0.42091280221939087,0.014229451338906074,0.023431834692019038,0.7547490149736404
2473,2473,3.521989107131958,3.490520715713501,0.0002,2.9947043385156835,0.4233958348631859,0.01416018377221917,0.022984685158007778,0.7265645861625671
2474,2474,3.446396827697754,3.4602229595184326,0.0002,3.0030312018034846,0.42093195021152496,0.01425122103682952,0.023225633911351906,0.7545156031847
2475,2475,3.466841220855713,3.50838565826416,0.0002,3.0102501738350593,0.4224713668227196,0.014225357723262277,0.023254798048583325,0.7463241517543793
2476,2476,3.4755139350891113,3.523665428161621,0.0002,3.016788089561497,0.4229476600885391,0.014158208206936251,0.02342196243989747,0.7453293800354004
2477,2477,3.4637601375579834,3.4779882431030273,0.0002,3.022556866131655,0.4214005842804909,0.01420632988174475,0.02337100220756838,0.7450831085443497
2478,2478,3.4214868545532227,3.4614222049713135,0.0002,3.0279267564119863,0.4260667711496353,0.014204004251951119,0.02324965924344724,0.7458549290895462
2479,2479,3.4637436866760254,3.484814405441284,0.0002,3.0328119370871054,0.4241027310490608,0.014133668255453813,0.023258438221091637,0.7413153052330017
2480,2480,3.5010595321655273,3.4900877475738525,0.0002,3.037107292531755,0.4223678559064865,0.014181175964949944,0.023450355351087637,0.7574568390846252
2481,2481,3.460330009460449,3.448103904724121,0.0002,3.039791658214259,0.4232492744922638,0.01412415676531964,0.02325952343380777,0.7526995837688446
2482,2482,3.455784320831299,3.438230514526367,0.0002,3.0434728067267196,0.4243486449122429,0.014170288516652363,0.02338006930949632,0.7591459006071091
2483,2483,3.4438745975494385,3.468964099884033,0.0002,3.047026663775681,0.4237668737769127,0.014158488753309939,0.0235964391977177,0.7666484117507935
2484,2484,3.5099592208862305,3.4632177352905273,0.0002,3.0498549375508075,0.424956738948822,0.014196047362929676,0.02343186240250361,0.7602121233940125
2485,2485,3.4798407554626465,3.534194231033325,0.0002,3.052371289751093,0.42461396753787994,0.014295306021267606,0.023304557409574045,0.7649409472942352
2486,2486,3.482286214828491,3.4633398056030273,0.0002,3.0544003935844284,0.4235696643590927,0.014323836086987285,0.02314448151810211,0.7646216303110123
2487,2487,3.473496437072754,3.4804530143737793,0.0002,3.0567014123237666,0.42503711581230164,0.014285977054896648,0.02327038868315867,0.751762181520462
2488,2488,3.552062511444092,3.549292802810669,0.0002,3.0583430344125593,0.42301828414201736,0.014347877662657993,0.02357533680697088,0.7622556388378143
2489,2489,3.4904773235321045,3.499009609222412,0.0002,3.059654576820968,0.42578834295272827,0.014338991619297303,0.02345826106829918,0.754533052444458
2490,2490,3.476386308670044,3.519183874130249,0.0002,3.061080083325071,0.4236247017979622,0.014224161794118118,0.02324818579290877,0.7326208800077438
2491,2491,3.4416215419769287,3.485593795776367,0.0002,3.0622398365918366,0.4267923831939697,0.014324595544167096,0.023560991441627266,0.7649886012077332
2492,2492,3.453925132751465,3.4767980575561523,0.0002,3.063587295928455,0.4244694113731384,0.014353338854562026,0.023690024030656787,0.7729612290859222
2493,2493,3.4597222805023193,3.488471508026123,0.0002,3.0650161479901628,0.42491159588098526,0.014352115396832232,0.02371039207355352,0.7681140601634979
2494,2494,3.447467803955078,3.562607526779175,0.0002,3.065072029936262,0.4266280084848404,0.01432434469461441,0.023403555340337334,0.7583102732896805
2495,2495,3.459799289703369,3.4227652549743652,0.0002,3.066139844230927,0.4270041882991791,0.014357599639879481,0.023209381390188355,0.7606017589569092
2496,2496,3.4609713554382324,3.4828741550445557,0.0002,2.840497816892903,0.42596232891082764,0.014406235099158948,0.022955667413043557,0.7584144920110703
2497,2497,3.429774284362793,3.474600076675415,0.0002,2.8635555264741193,0.4256272614002228,0.014294082856395107,0.022739559626643313,0.7328218966722488
2498,2498,3.4146780967712402,3.4554967880249023,0.0002,2.8841351574633274,0.42684081196784973,0.01429031912721257,0.023063731900037965,0.7544353008270264
2499,2499,3.4264445304870605,3.4941868782043457,0.0002,2.9029717382166664,0.42875001579523087,0.014292269318502804,0.023399594690999947,0.7651616036891937
2500,2500,3.4525833129882812,3.4537928104400635,0.0002,2.9194826764305013,0.4292505979537964,0.014206864593688806,0.02361685388314072,0.7590536177158356
2501,2501,3.4570353031158447,3.4767138957977295,0.0002,2.934404010336773,0.4266136586666107,0.014258420105761616,0.023476821843360085,0.7624033987522125
2502,2502,3.467710018157959,3.508979558944702,0.0002,2.947814066846729,0.4255150184035301,0.014235995849048777,0.023140883873566054,0.747927114367485
2503,2503,3.4294068813323975,3.4566290378570557,0.0002,2.9600612661599834,0.4299098625779152,0.014230320908609428,0.02284499426241382,0.7296064645051956
2504,2504,3.5275208950042725,3.459932804107666,0.0002,2.971272628887835,0.42561548203229904,0.01428496185781114,0.023158487878390588,0.7662529051303864
2505,2505,3.452575445175171,3.5424857139587402,0.0002,2.981738426222227,0.42640843242406845,0.014313784410660446,0.023339125080383383,0.7726271897554398
2506,2506,3.5043153762817383,3.4841432571411133,0.0002,2.9905257027710195,0.42743799835443497,0.014286934851952537,0.023452252105926163,0.7683950960636139
2507,2507,3.4137678146362305,3.4983925819396973,0.0002,2.999029428219785,0.42614272981882095,0.014320274095553032,0.023699508634308586,0.7823055982589722
2508,2508,3.4348437786102295,3.4648773670196533,0.0002,3.0061729006566975,0.4262957349419594,0.014310175112768775,0.023363789452560013,0.7653222978115082
2509,2509,3.470249891281128,3.455228805541992,0.0002,3.012543178349495,0.4237033352255821,0.014332762941194233,0.023284240869543282,0.7686804234981537
2510,2510,3.481731653213501,3.4383509159088135,0.0002,3.018431311767281,0.4253595992922783,0.01433505197019258,0.022997458196186926,0.7547186017036438
2511,2511,3.4047770500183105,3.4439520835876465,0.0002,3.0234964162564153,0.42869793623685837,0.014300190477115393,0.02304218131394009,0.7488165646791458
2512,2512,3.470949649810791,3.437091112136841,0.0002,3.02808890788269,0.42910150438547134,0.014331622591271298,0.023350749608653132,0.7657209634780884
2513,2513,3.480191230773926,3.4848244190216064,0.0002,3.0326230479836536,0.4272230267524719,0.014303070060122991,0.023580484696140047,0.7655619084835052
2514,2514,3.3973917961120605,3.4253551959991455,0.0002,3.0363542455477206,0.4294150397181511,0.014341103777951503,0.023851170259149512,0.7734904885292053
2515,2515,3.4677329063415527,3.5507075786590576,0.0002,3.0393272198979213,0.425959512591362,0.014402120751583425,0.023872773213952314,0.7718969434499741
2516,2516,3.449450969696045,3.4893782138824463,0.0002,3.042526256670965,0.4280048832297325,0.014490015651063004,0.023834072202589596,0.7836030125617981
2517,2517,3.476595640182495,3.4350781440734863,0.0002,3.0453387057998818,0.42723723500967026,0.01449143536410702,0.023505526762164664,0.7694160789251328
2518,2518,3.4803571701049805,3.503185749053955,0.0002,3.0477434088734414,0.43066785484552383,0.01456141374001163,0.02338370964571368,0.782386913895607
2519,2519,3.438776731491089,3.4666972160339355,0.0002,3.0498988277513868,0.43157268315553665,0.014590454360586591,0.02349551896986668,0.7838413566350937
2520,2520,3.440502166748047,3.349454879760742,0.0002,3.05194942358526,0.4298115074634552,0.014508687817397004,0.023569513545226073,0.7740395367145538
2521,2521,3.4161949157714844,3.4559848308563232,0.0002,2.8376557045388635,0.4305846840143204,0.014515013736854598,0.02387845543489675,0.7797652035951614
2522,2522,3.4512341022491455,3.5149624347686768,0.0002,2.860813961710485,0.42870260030031204,0.014535569731378928,0.02372617855144199,0.7793207764625549
2523,2523,3.499560594558716,3.4454944133758545,0.0002,2.8821874640507956,0.43008774518966675,0.014543382198098698,0.023537351335107815,0.7652129232883453
2524,2524,3.5266129970550537,3.4367144107818604,0.0002,2.9012118505777846,0.4307131916284561,0.014508571065562137,0.02344703562266659,0.7723925709724426
2525,2525,3.406747579574585,3.553574323654175,0.0002,2.9182175025932637,0.4306688755750656,0.014489144668914378,0.02360864514412242,0.778801828622818
2526,2526,3.4168224334716797,3.517772674560547,0.0002,2.933365009046448,0.42811670154333115,0.01449696426243463,0.023705992065515602,0.7820918560028076
2527,2527,3.4824867248535156,3.4983651638031006,0.0002,2.9471168257146276,0.4317835494875908,0.014482473815405683,0.023890184933407,0.7885343432426453
2528,2528,3.4314472675323486,3.4774813652038574,0.0002,2.959871436999021,0.43152066320180893,0.014475694289103558,0.023652476320421556,0.7759823799133301
2529,2529,3.3977606296539307,3.477461338043213,0.0002,2.9713665760771923,0.431394524872303,0.014449525957388687,0.02352696202797233,0.7744569033384323
2530,2530,3.4426932334899902,3.431035041809082,0.0002,2.981421089376572,0.4328181594610214,0.014436470671171264,0.02323184083434171,0.7583377808332443
2531,2531,3.456042766571045,3.4131109714508057,0.0002,2.9906857556931485,0.42985472083091736,0.014510315340885427,0.02323521670041373,0.7664522528648376
2532,2532,3.440110445022583,3.4416491985321045,0.0002,2.998809199942379,0.4295908659696579,0.014520143876325164,0.023034717105474556,0.756952092051506
2533,2533,3.4052696228027344,3.436187982559204,0.0002,3.006012016549335,0.43137073516845703,0.01449290940490755,0.02332797902272432,0.7686490416526794
2534,2534,3.4408085346221924,3.4811604022979736,0.0002,3.012539688509732,0.4312223419547081,0.014448483687374392,0.0235481324561988,0.7639932632446289
2535,2535,3.434645175933838,3.469209671020508,0.0002,3.0180868881464407,0.4286809638142586,0.014453997542659636,0.02366581319074612,0.7693683952093124
2536,2536,3.4603283405303955,3.475616455078125,0.0002,3.02345901389702,0.4317421391606331,0.014462219650340558,0.023743464407743886,0.7817285060882568
2537,2537,3.4618968963623047,3.452526092529297,0.0002,3.0285231181798498,0.4305333271622658,0.014426122373151884,0.023700907029706286,0.7747874557971954
2538,2538,3.3991920948028564,3.4407434463500977,0.0002,3.033013157453701,0.43171190470457077,0.014485951240203576,0.023510040697146906,0.7785380482673645
2539,2539,3.44058895111084,3.4787378311157227,0.0002,3.0369855487498874,0.43085619807243347,0.014501288098472287,0.02313175542440149,0.7639106512069702
2540,2540,3.4821319580078125,3.4860599040985107,0.0002,3.040497521129078,0.4314028322696686,0.014544280019435973,0.02323685937153641,0.7722119688987732
2541,2541,3.4468276500701904,3.4713971614837646,0.0002,3.0431409296079424,0.43178652226924896,0.014556550107045041,0.023380885624646908,0.7781624644994736
2542,2542,3.4150924682617188,3.4582347869873047,0.0002,3.0451368281194324,0.4310326799750328,0.014621955377151608,0.02363151460667723,0.7876799553632736
2543,2543,3.4386277198791504,3.426926612854004,0.0002,3.046325618200759,0.4353523924946785,0.014607261723540432,0.023449193209671648,0.7678860723972321
2544,2544,3.4632158279418945,3.4855217933654785,0.0002,3.045143526025077,0.43194033950567245,0.014601955411308154,0.023507593341491884,0.7672155052423477
2545,2545,3.391749143600464,3.4492101669311523,0.0002,3.0461138918002257,0.4323432594537735,0.0146607014366964,0.023699702313024318,0.7796342968940735
2546,2546,3.44997239112854,3.437063694000244,0.0002,3.049032421830671,0.4339093491435051,0.014654183222774009,0.023680561309447512,0.7802480310201645
2547,2547,3.5169100761413574,3.434079170227051,0.0002,3.0514885265765646,0.4324845150113106,0.01471201256117638,0.023507153826358262,0.7860352098941803
2548,2548,3.3807289600372314,3.504152297973633,0.0002,3.053847134115254,0.4321570619940758,0.014694402138047735,0.023545434181869496,0.7796207368373871
2549,2549,3.472886562347412,3.461879253387451,0.0002,3.055386078842898,0.43323592841625214,0.014674920247671253,0.0234062622730562,0.7735171914100647
2550,2550,3.3925442695617676,3.4724678993225098,0.0002,3.056891511529999,0.43613414466381073,0.014727089001098648,0.023752073488140013,0.7951633483171463
2551,2551,3.420616626739502,3.42207407951355,0.0002,3.0586064153316417,0.43133219331502914,0.01465310343519377,0.023728319898509653,0.7826893776655197
2552,2552,3.38637638092041,3.4345221519470215,0.0002,3.059838842152912,0.434325709939003,0.014629003334448498,0.023440959797881078,0.7740647941827774
2553,2553,3.473200559616089,3.4221701622009277,0.0002,3.0607903110733083,0.4341603219509125,0.014649154093604011,0.023554635281470837,0.7891563326120377
2554,2554,3.472053050994873,3.467233180999756,0.0002,3.0622440918636946,0.43205684423446655,0.014633884301474609,0.023531895065389108,0.7853726297616959
2555,2555,3.407557964324951,3.478257894515991,0.0002,3.0635365003975528,0.43346022814512253,0.014626804356339562,0.02342336949368473,0.7833188772201538
2556,2556,3.4059393405914307,3.429523229598999,0.0002,3.0648237516256285,0.4343101903796196,0.014625512239035743,0.023243455805641133,0.776125118136406
2557,2557,3.4440724849700928,3.4163501262664795,0.0002,3.0655969081616585,0.4352806359529495,0.014642936775089765,0.023178463601652766,0.77690389752388
2558,2558,3.4782965183258057,3.446751832962036,0.0002,3.0662051299043194,0.4331718608736992,0.014642101492427173,0.02317055133244139,0.7871766090393066
2559,2559,3.403174638748169,3.46972918510437,0.0002,3.067014176567419,0.4346143379807472,0.01455106567027542,0.023341143587458646,0.7717093378305435
2560,2560,3.448343515396118,3.4293408393859863,0.0002,3.0668232580408326,0.43543659895658493,0.014559868283868127,0.023671736373216845,0.7836214900016785
2561,2561,3.381741523742676,3.4612083435058594,0.0002,3.067417527147575,0.4364667311310768,0.014531807521052542,0.023521990005974658,0.7754064053297043
2562,2562,3.4629693031311035,3.5282957553863525,0.0002,3.067947952624383,0.4348989650607109,0.01448166718819266,0.023360478946415242,0.7672050297260284
2563,2563,3.4284729957580566,3.4574103355407715,0.0002,3.0691312402553192,0.4346773624420166,0.01458890249432443,0.023321419983403757,0.7857086360454559
2564,2564,3.408221960067749,3.4538891315460205,0.0002,3.069397233100667,0.43490731716156006,0.014595274053135654,0.023363883778074523,0.7922215163707733
2565,2565,3.4264578819274902,3.442415714263916,0.0002,3.0697718218601135,0.4358297064900398,0.014578313701349543,0.023373521031317068,0.7894623726606369
2566,2566,3.4610846042633057,3.46351957321167,0.0002,3.069975284469047,0.4346614107489586,0.01457686008507153,0.023052910117257852,0.7827577441930771
2567,2567,3.4912405014038086,3.4631481170654297,0.0002,3.0699936423841905,0.43691935390233994,0.0145421628094482,0.023029767024127068,0.7725842744112015
2568,2568,3.4154014587402344,3.497008800506592,0.0002,3.070289220788112,0.4347066655755043,0.0145095019679502,0.023145817413023906,0.7834629714488983
2569,2569,3.4246435165405273,3.513512134552002,0.0002,3.0706988710349954,0.436863474547863,0.014508033910715312,0.023404017581924563,0.7850510030984879
2570,2570,3.4509410858154297,3.5612869262695312,0.0002,3.07066844485215,0.4352634772658348,0.014527065390211646,0.023724633239908144,0.792669266462326
2571,2571,3.47757887840271,3.4566240310668945,0.0002,3.0705525482177753,0.43380430340766907,0.014536080994730582,0.023783111453667516,0.7882045656442642
2572,2572,3.4162161350250244,3.423821449279785,0.0002,3.0708401543356,0.43602754920721054,0.014551301487699675,0.023467808565328596,0.7793550789356232
2573,2573,3.474743366241455,3.419992446899414,0.0002,3.0709960449220053,0.43659206479787827,0.014558985069925257,0.023367301808320917,0.7775488942861557
2574,2574,3.4421610832214355,3.4521095752716064,0.0002,3.0711205525420406,0.4367224872112274,0.01462099971013231,0.02323040602277615,0.7763128727674484
2575,2575,3.405968189239502,3.4081168174743652,0.0002,3.0713710736383555,0.43682384490966797,0.014673652186502295,0.023049766969052143,0.7713867127895355
2576,2576,3.451085090637207,3.495181083679199,0.0002,3.071891044927257,0.4384865537285805,0.014652859192210599,0.02329854814161081,0.7757736146450043
2577,2577,3.409801721572876,3.5128133296966553,0.0002,3.072066726428375,0.43757933378219604,0.014651104623226274,0.023482772216084413,0.7757652401924133
2578,2578,3.4083120822906494,3.4167206287384033,0.0002,3.072189319363597,0.4372556731104851,0.014630570472036197,0.023685173935518833,0.7861061841249466
2579,2579,3.442178964614868,3.4927802085876465,0.0002,3.072299483070889,0.4379219561815262,0.014698375768603,0.024124704741552705,0.8058494478464127
2580,2580,3.408205270767212,3.40909481048584,0.0002,3.0725280048594157,0.4344179406762123,0.014711454738062457,0.024332594060979318,0.806733176112175
2581,2581,3.4685323238372803,3.419485330581665,0.0002,3.072433441138726,0.4359837919473648,0.014735254616425664,0.02399107991004712,0.7931532114744186
2582,2582,3.416287899017334,3.419384479522705,0.0002,3.0725358471337443,0.4392002671957016,0.01474678536214924,0.023855832405388355,0.7954414486885071
2583,2583,3.4616549015045166,3.4625473022460938,0.0002,3.0727796851787406,0.43892472237348557,0.014709022868373722,0.023592716268467484,0.781426340341568
2584,2584,3.4195268154144287,3.4727392196655273,0.0002,3.0722383759873435,0.4411844238638878,0.014767057592507626,0.023627488284546416,0.7927041351795197
2585,2585,3.4032225608825684,3.429367780685425,0.0002,3.0729165289501625,0.4365830346941948,0.014775775272028113,0.023341370648267912,0.768539160490036
2586,2586,3.4112892150878906,3.484645366668701,0.0002,3.072990511920267,0.4377482682466507,0.014781055440835189,0.023697311251453357,0.7904033064842224
2587,2587,3.430168390274048,3.466831922531128,0.0002,3.072909799129003,0.4382917657494545,0.014787208967391052,0.023976582029717974,0.7969697415828705
2588,2588,3.4104244709014893,3.463683843612671,0.0002,3.0729905742931605,0.43916502594947815,0.014749225340892735,0.024129924899170874,0.7952974587678909
2589,2589,3.417126178741455,3.426557779312134,0.0002,3.07354012875395,0.4410993307828903,0.014777179165321286,0.024325063484866405,0.7973452061414719
2590,2590,3.471673011779785,3.413137435913086,0.0002,3.0732323615156925,0.4393451139330864,0.014776805144720129,0.024095885553833796,0.7990915775299072
2591,2591,3.4455108642578125,3.472405195236206,0.0002,3.073357561219656,0.43572191894054413,0.01479823187673901,0.02384040736069437,0.7969096302986145
2592,2592,3.403094530105591,3.510969877243042,0.0002,3.073311311146713,0.43981972336769104,0.014882153335747716,0.023730765795335174,0.8067997992038727
2593,2593,3.3842201232910156,3.463435411453247,0.0002,3.072772373179719,0.4413144811987877,0.014787533621529292,0.02370982752472628,0.7877044826745987
2594,2594,3.464683771133423,3.5349481105804443,0.0002,3.0728849100333746,0.4376731216907501,0.01475967092483188,0.02361740020569414,0.7755508571863174
2595,2595,3.4380099773406982,3.472963571548462,0.0002,3.073334069361561,0.4403325542807579,0.014749747330824903,0.02381946569221327,0.7903824150562286
2596,2596,3.4205923080444336,3.454056978225708,0.0002,3.0733268692128743,0.4401855394244194,0.0146835842042492,0.023761597185512073,0.7867995202541351
2597,2597,3.424582004547119,3.565788745880127,0.0002,3.073723143160748,0.438675619661808,0.014759453614715312,0.02402133908617543,0.8098265528678894
2598,2598,3.4700441360473633,3.444347620010376,0.0002,3.0735966792289835,0.4376388415694237,0.014665072739262541,0.02396279768072418,0.7969217002391815
2599,2599,3.5334689617156982,3.4948532581329346,0.0002,3.073574773844153,0.44150714576244354,0.01476390104744496,0.024173040554160252,0.8100986033678055
2600,2600,3.470271587371826,3.47746205329895,0.0002,3.073314267351889,0.44187458604574203,0.014780608060391387,0.024060793348326115,0.8007848411798477
2601,2601,3.4600393772125244,3.3978188037872314,0.0002,3.0734243039114375,0.44100018590688705,0.014796094294979412,0.02357251708599506,0.7855297923088074
2602,2602,3.3867902755737305,3.4869401454925537,0.0002,3.0728796550255244,0.44108815491199493,0.014876332016683591,0.023636058383999625,0.8059198558330536
2603,2603,3.459506034851074,3.477877140045166,0.0002,3.072850108749206,0.440077468752861,0.01488108975263458,0.023444527643732727,0.7887778431177139
2604,2604,3.4035654067993164,3.4081289768218994,0.0002,3.0730271396371376,0.4373791813850403,0.014903246515132196,0.023677513217990054,0.7956714183092117
2605,2605,3.4105117321014404,3.481333017349243,0.0002,3.072131513190931,0.4409532994031906,0.014850830317300279,0.023835072377551114,0.7905276417732239
2606,2606,3.38769268989563,3.5569276809692383,0.0002,3.072036713643826,0.4400939792394638,0.014866993371470016,0.024153481557732448,0.804469034075737
2607,2607,3.4187870025634766,3.428396224975586,0.0002,3.07217539337128,0.4378272742033005,0.014773158190109825,0.023945561824803008,0.7813804298639297
2608,2608,3.495253801345825,3.4475433826446533,0.0002,3.072296806184115,0.439231775701046,0.01479481978367403,0.02388209933633334,0.7851219922304153
2609,2609,3.4317381381988525,3.4628262519836426,0.0002,3.00477436451186,0.4405423402786255,0.014818050727626542,0.023753774283250095,0.7857042253017426
2610,2610,3.4517722129821777,3.489429235458374,0.0002,3.011362002856688,0.44121041148900986,0.014793455176913994,0.023868318705353886,0.7936678975820541
2611,2611,3.4318647384643555,3.4485697746276855,0.0002,3.017409842807195,0.44082245230674744,0.014835564006716595,0.02391536628783797,0.8021364212036133
2612,2612,3.389739751815796,3.499965190887451,0.0002,3.023060162718531,0.4429148957133293,0.014812531631832826,0.023649025584745687,0.7845696657896042
2613,2613,3.3755762577056885,3.4187023639678955,0.0002,3.02808324209033,0.4432360380887985,0.014819018669186335,0.023363726955722086,0.7778000086545944
2614,2614,3.4298019409179688,3.435033082962036,0.0002,3.032877851549809,0.4396549239754677,0.014876736293444992,0.023386956821923377,0.7982984930276871
2615,2615,3.436976909637451,3.458268165588379,0.0002,3.0361714055688984,0.4434540495276451,0.01482739369293995,0.023209979863167973,0.7835932374000549
2616,2616,3.4535372257232666,3.4322638511657715,0.0002,3.0397617358386904,0.44296102225780487,0.014837720696959877,0.023445428287232062,0.7966431081295013
2617,2617,3.4483084678649902,3.426187038421631,0.0002,3.0432668244137075,0.44217876344919205,0.01480920195535873,0.02367424245676375,0.8046331852674484
2618,2618,3.440948963165283,3.431441068649292,0.0002,3.0461459148100207,0.44498687982559204,0.014729081623954698,0.02369639106473187,0.7892804592847824
2619,2619,3.4083540439605713,3.4320530891418457,0.0002,3.0486693617179212,0.44060906022787094,0.014735588967596414,0.02396023223627708,0.799827829003334
2620,2620,3.4531753063201904,3.445056200027466,0.0002,3.051217191958854,0.442006453871727,0.014854799546810682,0.024038976043812,0.8204344213008881
2621,2621,3.398365020751953,3.4643285274505615,0.0002,3.0534951073334575,0.44312340021133423,0.014853869038233825,0.023646150046261027,0.7975857108831406
2622,2622,3.444296360015869,3.4405457973480225,0.0002,3.056246256951605,0.4411226883530617,0.014898672753588471,0.023505875276896404,0.8032520711421967
2623,2623,3.4557433128356934,3.4269959926605225,0.0002,3.057668725004225,0.4412362799048424,0.014930481057490397,0.02362355800505611,0.8060497641563416
2624,2624,3.4729390144348145,3.4322268962860107,0.0002,3.059405739977624,0.44275205582380295,0.014951061113606556,0.023615541893377667,0.7979095131158829
2625,2625,3.4136714935302734,3.493987560272217,0.0002,3.06091989441785,0.44304199516773224,0.014931361541130173,0.023948421869135927,0.8066049814224243
2626,2626,3.442413568496704,3.4067347049713135,0.0002,3.0616941180318196,0.4425516873598099,0.01494597426335531,0.02408669974465738,0.806230366230011
2627,2627,3.4237446784973145,3.420414447784424,0.0002,3.062526347849636,0.4440857917070389,0.014865466935589211,0.024013524995098123,0.8044481575489044
2628,2628,3.3744430541992188,3.4566822052001953,0.0002,3.0631931341062084,0.4457959830760956,0.015025750120003067,0.024036878548940876,0.8167998343706131
2629,2629,3.4643774032592773,3.437005043029785,0.0002,3.064374816026264,0.44402679800987244,0.01506495163175714,0.0240606055376702,0.8202624917030334
2630,2630,3.42722487449646,3.442296266555786,0.0002,3.0657561100744704,0.44203273206949234,0.015139234386879252,0.024044374527875334,0.827183410525322
2631,2631,3.4799513816833496,3.434372901916504,0.0002,3.0663973091687216,0.44229456782341003,0.015104307922229054,0.02404849931554054,0.8204438239336014
2632,2632,3.431140899658203,3.400754690170288,0.0002,3.066905291161809,0.44228842854499817,0.015047228655021172,0.023944417134771356,0.8135062754154205
2633,2633,3.4685781002044678,3.4467718601226807,0.0002,3.067735663227482,0.44402453303337097,0.014980659100729099,0.02382227163252537,0.802089735865593
2634,2634,3.415722370147705,3.423229694366455,0.0002,3.068483508526916,0.4433411508798599,0.014897353464220942,0.023663056024815887,0.7887566238641739
2635,2635,3.475046157836914,3.423858165740967,0.0002,3.0689698612525644,0.4468110427260399,0.014901044726684631,0.02411665767431259,0.809994101524353
2636,2636,3.4158084392547607,3.439652681350708,0.0002,3.0692823835655636,0.4432748034596443,0.014872066638417891,0.02419187212944962,0.8121610581874847
2637,2637,3.4143550395965576,3.4500458240509033,0.0002,3.0699769979291185,0.4443845674395561,0.014833592985269206,0.024055789534031646,0.8164901882410049
2638,2638,3.4298348426818848,3.403595447540283,0.0002,3.070320629537587,0.4467865154147148,0.014817973582466948,0.023878972166130552,0.8006215840578079
2639,2639,3.383075714111328,3.412649154663086,0.0002,3.0706863310300605,0.44119223207235336,0.014896542791575484,0.023694241121120285,0.8147296458482742
2640,2640,3.430095911026001,3.4501399993896484,0.0002,3.0710759979453477,0.4464161545038223,0.014970925470151997,0.023871904260886367,0.831435814499855
2641,2641,3.4274094104766846,3.4506890773773193,0.0002,3.07153762853099,0.44281212985515594,0.01495062871981645,0.02379789463520865,0.8198982775211334
2642,2642,3.4380195140838623,3.4816198348999023,0.0002,3.0716579124659553,0.4450833648443222,0.01503142107048916,0.023926071284222417,0.8271435499191284
2643,2643,3.4029958248138428,3.4989724159240723,0.0002,3.071765828260916,0.44523176550865173,0.01500269828193268,0.023760411440889584,0.8228495568037033
2644,2644,3.354947566986084,3.40272855758667,0.0002,3.071890474377999,0.4460526704788208,0.014950037057133159,0.023607148810697254,0.7979752272367477
2645,2645,3.4090702533721924,3.446793556213379,0.0002,3.0720487066312923,0.44569478183984756,0.014966147610721237,0.0235956892829563,0.8019675463438034
2646,2646,3.3967349529266357,3.4678101539611816,0.0002,3.071913321531607,0.4438258036971092,0.014942760211852146,0.02385186558603891,0.8091661632061005
2647,2647,3.4156723022460938,3.4191277027130127,0.0002,3.0722391473830006,0.4477085545659065,0.014919634390935244,0.02401447665761225,0.8042447865009308
2648,2648,3.4401116371154785,3.449047327041626,0.0002,3.0725157176028226,0.44521452486515045,0.01490822997129726,0.024273828352306737,0.8117167204618454
2649,2649,3.46999192237854,3.430042266845703,0.0002,3.072785217170982,0.4486611559987068,0.015021043113847554,0.024313959751452785,0.8233120292425156
2650,2650,3.380455493927002,3.4383742809295654,0.0002,3.0725319094458587,0.4454920142889023,0.015004025053713121,0.024098927868180908,0.8090780973434448
2651,2651,3.370896339416504,3.483501672744751,0.0002,3.0724678520400417,0.44709527492523193,0.015071428257215302,0.02398828970399336,0.8186001926660538
2652,2652,3.378283977508545,3.4422359466552734,0.0002,3.072953776040542,0.44722186028957367,0.015095429479515587,0.023669403715757653,0.8025368899106979
2653,2653,3.4561164379119873,3.4368975162506104,0.0002,3.0731110860087005,0.44727588444948196,0.015198806209809845,0.023654694865399506,0.8205014020204544
2654,2654,3.4156243801116943,3.397084951400757,0.0002,3.0733001221185234,0.4471096694469452,0.01514058547491004,0.023773717617586954,0.8101407885551453
2655,2655,3.43385910987854,3.3917477130889893,0.0002,3.0732504421406612,0.4496133401989937,0.015057303743560624,0.023968622073880397,0.8062123656272888
2656,2656,3.405353546142578,3.473799228668213,0.0002,3.0732126954145302,0.4458909034729004,0.015031300922601076,0.02400454967209953,0.8171561658382416
2657,2657,3.428605794906616,3.4838297367095947,0.0002,3.073168190660257,0.4491605907678604,0.014981163335505698,0.024139953016856452,0.8075092136859894
2658,2658,3.396573066711426,3.5436108112335205,0.0002,3.0733040591664436,0.44499050080776215,0.015115172675905342,0.024140940371580655,0.8362079113721848
2659,2659,3.434570789337158,3.429596424102783,0.0002,3.073111182470265,0.4486444666981697,0.015122544047699193,0.0239862703892868,0.8167702704668045
2660,2660,3.4481987953186035,3.4227938652038574,0.0002,3.073837204298484,0.44539468735456467,0.015070448976985062,0.02374494235846214,0.8056975901126862
2661,2661,3.4078450202941895,3.3879644870758057,0.0002,3.0734293526513086,0.4477728381752968,0.01514041252721654,0.023667009438213427,0.8210000842809677
2662,2662,3.4463257789611816,3.41310453414917,0.0002,3.0732122361985263,0.44992469996213913,0.015067862717842218,0.02378169791700202,0.8168039172887802
2663,2663,3.3774683475494385,3.418670892715454,0.0002,3.0733471016088987,0.4464164301753044,0.015053854159305047,0.02377773489570245,0.8090243637561798
2664,2664,3.39507794380188,3.409909248352051,0.0002,3.073177248427219,0.448175810277462,0.015063395083416253,0.023972941198735498,0.834407851099968
2665,2665,3.4378461837768555,3.390251874923706,0.0002,3.0731174332430866,0.450114369392395,0.014954119644244201,0.023883214646048145,0.8157038986682892
2666,2666,3.354146957397461,3.4001076221466064,0.0002,3.0730907788773716,0.4488190934062004,0.014961023931391537,0.02361118460612488,0.798735186457634
2667,2667,3.413149118423462,3.5007145404815674,0.0002,3.0732728294178226,0.44857772439718246,0.014995812166489486,0.023582966401590966,0.8054839670658112
2668,2668,3.364576816558838,3.42283296585083,0.0002,3.0728544600202508,0.4501340016722679,0.015072092141053872,0.02381195081761689,0.8227531015872955
2669,2669,3.4107344150543213,3.474792957305908,0.0002,3.0725776082643583,0.44774407893419266,0.015042827615616261,0.023899220061139204,0.8240478336811066
2670,2670,3.3951587677001953,3.4379453659057617,0.0002,3.0730392675018736,0.4490835443139076,0.015151297441661882,0.02413043530032155,0.8399213701486588
